排名,marketHashName,youpin_sell,youpin_buy,youpin_sell_count,youpin_buy_count,挂买/挂卖,买一/卖一,数据来源,buff_sell,buff_sell_count,c5_sell,c5_sell_count,备注,盘口深度分,盘口紧密度分,流动性分,品质分,回撤位置分,跌速减弱分,低点企稳分,下行跌幅收敛分,前12h涨跌,近12h涨跌,前24h涨跌,近24h涨跌,48h回撤,距48h低点,5日回撤,5日涨跌,30日涨跌,K线时效(小时),24h变价次数,信号状态,报价风险,V2.6总分,建议资金,实际获批
1,★ Hand Wraps | Duct Tape (Minimal Wear),415.0,476.0,104,28,0.2692,1.147,steamdt-live,435.0,70,418.0,58,"溢价求购:买一高于卖一,多为定向收特定图案,买一价不可作退出价",17,0,7,5,6,17,6,5,-0.011904761904761862,0.0,-0.03448275862068961,-0.011904761904761862,0.04597701149425293,0.024691358024691468,0.04597701149425293,-0.009073543457497668,-0.0657782180000901,0.36,5,减速明显,买一异常溢价(不作为可成交退出价),63,0,0
2,Galil AR | Dusk Ruins (Factory New),254.0,241.0,287,24,0.0836,0.9488,steamdt-live,254.67,48,249.94,99,,7,9,9,2,8,15,6,3,-0.023708182505270625,0.016338670904127328,-0.014156862745098087,-0.007756871792831799,0.03126335003301106,0.016338670904127328,0.05939137976545117,-0.0022400000000000198,-0.2993258426966292,0.24,21,减速明显,,59,0,0
3,Desert Eagle | Heat Treated (Factory New),224.43,3510.0,1541,59,0.0383,15.6396,steamdt-live,228.0,289,226.8,359,"溢价求购:买一高于卖一,多为定向收特定图案,买一价不可作退出价",3,0,15,2,8,18,6,3,-0.013274336283185861,0.0064125560538117465,-0.027873365450791443,-0.006946902654867193,0.034626634549208446,0.00876483279395912,0.0565014503720519,-0.005538816022687021,-0.2593069306930693,0.29,8,减速明显,买一异常溢价(不作为可成交退出价),55,0,0
4,★ Specialist Gloves | Foundation (Field-Tested),5459.99,5280.0,326,83,0.2546,0.967,steamdt-live,5500.0,39,5487.29,68,,17,12,9,5,8,10,4,3,-0.018181818181818188,0.011109259259259208,-0.0036231884057971175,-0.0072745454545455335,0.041938936655553594,0.011109259259259208,0.07064000000000004,0.022471952194667022,-0.20749110965962703,0.36,9,左侧观察,,68,10000,10000
5,★ Hand Wraps | Spruce DDPAT (Field-Tested),2468.0,2420.0,299,140,0.4682,0.9806,steamdt-live,2515.19,24,2469.0,75,,20,12,9,5,6,9,6,0,-0.007035175879396949,-0.0008097165991902688,0.02366255144032925,-0.00783919597989946,0.011372421777046005,0.01563786008230461,0.03157960823706685,0.02406639004149369,-0.004638031861262326,0.36,3,左侧观察,,67,10000,10000
6,USP-S | Spiral Glitch (Factory New),513.76,505.0,40,21,0.525,0.9829,steamdt-live,510.0,47,514.18,89,,20,12,4,2,4,20,4,0,-0.007843137254901933,0.007905138339920903,-0.018249018249018256,0.0,0.018249018249018256,0.01717226111410275,0.018286814244465877,0.011904761904761862,-0.0038867946639582485,0.36,7,左侧观察,,66,10000,10000
7,★ Bloodhound Gloves | Snakebite (Minimal Wear),1287.99,1250.0,144,39,0.2708,0.9705,steamdt-live,1450.0,14,1342.71,55,,17,12,7,5,4,10,6,5,-0.012482949930267107,-0.0005431872676904259,0.02957001972386597,-0.013019356618492295,0.013858156788582598,0.040119194708917894,0.020167364016736355,0.002717010509926121,-0.09981129438076597,0.13,3,左侧观察,,66,10000,10000
8,AWP | Sun in Leo (Factory New),498.89,487.0,1165,79,0.0678,0.9762,steamdt-live,509.5,444,511.09,294,,7,12,15,2,8,10,6,5,-0.006993565919354183,0.003883612363168032,0.0019419808204368394,-0.0031371138552531708,0.014051383399209527,0.011967788393273615,0.05869811320754714,0.03311244564091953,-0.18681336593317033,0.36,8,左侧观察,,65,10000,10000
9,★ Moto Gloves | Eclipse (Field-Tested),3500.0,3410.0,254,118,0.4646,0.9743,steamdt-live,3649.0,20,3502.84,64,,20,12,9,5,4,10,4,0,-0.017134831460674183,0.00028579594169753086,0.05169867060561306,-0.016853932584269704,0.023053154282237198,0.03412616339193386,0.026425591098748313,0.06060606060606055,-0.12038200552902745,0.36,9,左侧观察,,64,10000,10000
10,★ Driver Gloves | Lunar Weave (Minimal Wear),4685.0,4460.0,153,33,0.2157,0.952,steamdt-live,4974.5,21,4680.0,56,,17,9,7,5,8,5,6,5,-0.00042553191489358433,-0.003831417624521105,-0.008438818565400852,-0.004255319148936176,0.013178703215603549,0.0,0.059485530546623755,0.01022965455758218,-0.21986997832972166,0.23,3,左侧观察,,62,10000,10000
11,★ Driver Gloves | Crimson Weave (Field-Tested),7349.5,7180.0,239,94,0.3933,0.9769,steamdt-live,7500.0,22,7436.49,58,,20,12,7,5,8,5,4,0,-0.01320044432650258,-0.006824324324324338,0.014749681663980496,-0.019934684537517677,0.03289690111191523,0.0,0.05751353874524079,-0.005009138292831561,-0.17305203938115332,0.36,2,左侧观察,,61,10000,10000
12,M4A4 | Dark Operative (Factory New),39.9,37.7,95,26,0.2737,0.9449,steamdt-live,40.8,86,40.68,101,,17,9,4,2,8,10,6,5,0.02987341772151897,-0.019174041297935096,-0.050480769230769273,0.010126582278481067,0.04086538461538469,0.01526717557251911,0.06117647058823528,-0.05896226415094341,-0.04247660187185032,0.26,6,左侧观察,,61,10000,10000
13,AK-47 | Orbit Mk01 (Factory New),633.0,622.0,689,70,0.1016,0.9826,steamdt-live,630.0,153,629.03,155,,11,12,12,2,8,9,4,3,-0.015171875000000057,-0.001999079788668645,0.02154828411811649,-0.01714062500000002,0.030770416024653358,0.004006256783502415,0.05029139112842351,0.024478827361563482,-0.14301089918256138,0.35,12,左侧观察,,61,10000,10000
14,AK-47 | Phantom Disruptor (Factory New),139.91,137.0,1607,45,0.028,0.9792,steamdt-live,139.5,322,142.27,547,,3,12,15,2,8,10,6,5,-0.010006387055567334,0.0,-0.0076061694485528575,-0.010006387055567334,0.013576580398811933,0.0,0.06294082085040642,-0.017605633802816878,-0.17791266427013963,0.35,7,左侧观察,,61,10000,10000
15,★ Hydra Gloves | Rattler (Minimal Wear),220.99,225.0,122,15,0.123,1.0181,steamdt-live,215.0,65,229.9,64,,11,15,7,5,6,10,6,0,-0.0046511627906976605,0.004672897196261738,-0.016018306636155555,0.0,0.0337078651685393,0.04878048780487809,0.0337078651685393,-0.011494252873563204,-0.04401956425077813,0.28,4,左侧观察,,60,10000,10000
16,M4A1-S | Glitched Paint (Factory New),33.32,32.4,1413,23,0.0163,0.9724,steamdt-live,34.0,838,33.0,675,,3,12,15,2,8,10,4,5,0.0030012004801920344,-0.0029922202274087484,-0.014784151389710232,0.0,0.014784151389710232,0.00969696969696976,0.07418727424284532,-0.07160769016439117,-0.12269615587151128,0.13,11,左侧观察,,59,0,0
17,M4A4 | X-Ray (Factory New),910.88,887.0,1066,71,0.0666,0.9738,steamdt-live,936.67,246,929.0,239,,7,12,15,2,6,10,6,0,-0.03160762942779294,0.024625773776026927,0.030898876404494402,-0.00776021798365123,0.010456521739130475,0.024625773776026927,0.03407957559681696,0.02520270270270264,-0.12379210779595762,0.1,13,左侧观察,,58,0,0
18,Glock-18 | Ghost Protocol (Factory New),3388.88,3100.0,10,21,2.1,0.9148,steamdt-live,3430.0,10,3524.4,21,,20,6,2,2,6,10,6,5,0.012052388748325482,-0.0032676566695782894,-0.02055393586005827,0.008745349010269354,0.011988338192419845,0.011605970149253686,0.04119960390437116,-0.02758106169296981,0.004112592592592668,1.36,5,左侧观察,,57,0,0
19,Glock-18 | Snack Attack (Factory New),705.0,702.0,365,35,0.0959,0.9957,steamdt-live,732.99,74,722.79,99,,7,15,9,2,8,7,4,5,0.0,-0.007042253521126751,-0.020689655172413834,-0.007042253521126751,0.02758620689655178,0.0,0.06929464415371822,-0.012605042016806678,-0.1506024096385542,0.36,2,左侧观察,,57,0,0
20,Glock-18 | Nuclear Garden (Factory New),270.0,264.0,2662,108,0.0406,0.9778,steamdt-live,269.99,269,270.0,309,,3,12,15,2,10,9,6,0,-0.015890909090909067,-0.002327901563019652,0.0012378941236437235,-0.018181818181818188,0.034403833774408143,0.0018552875695732052,0.08375186643138322,0.03846153846153855,-0.23836389280677006,0.36,10,左侧观察,,57,0,0
21,AK-47 | AUTOEXEC (Factory New),4518.0,4250.0,23,31,1.3478,0.9407,steamdt-live,4587.5,22,4547.5,32,,20,9,2,2,6,8,4,5,-0.0009873578611497846,-0.005502971604666507,-0.029972269624573444,-0.006484896063542744,0.0346153846153846,0.0040000000000000036,0.03759718819895619,0.0386206896551724,0.06305882352941183,0.35,5,左侧观察,,56,0,0
22,AK-47 | Consequence of the Jinn (Factory New),3598.99,3460.0,23,26,1.1304,0.9614,steamdt-live,3648.88,23,3780.0,36,,20,12,2,2,4,10,6,0,-0.013160635964912348,-0.0002777785493848217,0.015731588472782887,-0.0134347587719299,0.0134347587719299,0.002817034840953081,0.024663956639566442,-0.024663956639566442,-0.0651974025974027,0.36,5,左侧观察,,56,0,0
23,AWP | The End (Factory New),310.0,280.0,62,17,0.2742,0.9032,steamdt-live,289.0,64,310.0,132,,17,6,4,2,6,10,6,5,-0.005172413793103403,0.0017331022530329143,0.0,-0.0034482758620689724,0.036666666666666625,0.01403508771929829,0.04522779080907857,-0.035058430717863076,-0.14847225905300687,0.36,5,左侧观察,,56,0,0
24,USP-S | Ancient Visions (Factory New),297.08,266.0,62,15,0.2419,0.8954,steamdt-live,311.0,29,301.35,70,,17,6,4,2,6,10,6,5,0.0350694444444446,-0.003421670580342262,-0.04944220740642957,0.03152777777777782,0.01947323255660449,0.03152777777777782,0.0352352807456241,-0.03679927374120551,-0.11997156229634454,0.23,3,左侧观察,,56,0,0
25,M4A4 | Griffin (Factory New),558.0,533.0,525,41,0.0781,0.9552,steamdt-live,552.22,49,539.49,141,,7,9,12,2,10,10,6,0,-0.0219914144353901,0.0033849759145945235,-0.006128536563319131,-0.018680878928987177,0.033172043010752716,0.0054044987793286925,0.08007502770909714,0.0065111940298507864,-0.260972602739726,0.36,16,左侧观察,,56,0,0
26,USP-S | Black Lotus (Factory New),169.72,167.0,613,38,0.062,0.984,steamdt-live,165.25,132,170.0,181,,7,12,12,2,10,7,6,0,-0.01138192002860372,-0.003918022905364693,-0.012766207789151607,-0.01525534831058939,0.027826803153312096,0.0,0.09203296703296704,-0.03924418604651159,-0.2740730978738358,0.36,5,左侧观察,,56,0,0
27,M4A1-S | Knight (Factory New),16200.0,15190.0,17,9,0.5294,0.9377,steamdt-live,17800.0,14,16856.84,30,,20,9,2,2,6,10,6,0,-0.012239639252737855,0.006211180124223503,0.006141975308642023,-0.006104481732568501,0.012195121951219523,0.006211180124223503,0.0357142857142857,-0.0357142857142857,-0.012194519630804757,0.36,2,左侧观察,,55,0,0
28,M4A4 | Full Throttle (Factory New),1200.0,1160.0,240,30,0.125,0.9667,steamdt-live,1215.78,135,1254.0,97,,11,12,7,2,4,10,6,3,0.008983333333333343,-0.008903351558499417,-0.015586546349466768,0.0,0.015586546349466768,0.00041684035014588616,0.021207177814029365,-0.011312235834987971,-0.09570459683496613,0.36,6,左侧观察,,55,0,0
29,★ Specialist Gloves | Lime Polycam (Minimal Wear),3440.0,4620.0,40,41,1.025,1.343,steamdt-live,3458.0,43,3469.33,29,"溢价求购:买一高于卖一,多为定向收特定图案,买一价不可作退出价",20,0,4,5,6,8,6,5,-0.0021739130434782483,-0.000726216412490932,-0.014144877839691428,-0.0028985507246376274,0.017002428918416967,0.0117647058823529,0.04124860646599782,-0.04124860646599782,-0.06724511930585686,0.36,2,左侧观察,买一异常溢价(不作为可成交退出价),54,0,0
30,★ Driver Gloves | Dragon Fists (Minimal Wear),1290.0,1820.0,41,28,0.6829,1.4109,steamdt-live,1286.0,41,1323.9,35,"溢价求购:买一高于卖一,多为定向收特定图案,买一价不可作退出价",20,0,4,5,6,8,6,5,-0.0011632415664986073,-0.0015527950310558758,-0.012255840674071261,-0.0027142303218301578,0.015313935681470103,0.0,0.03814510097232615,-0.03814510097232615,-0.02781977623223464,0.28,2,左侧观察,买一异常溢价(不作为可成交退出价),54,0,0
31,★ Sport Gloves | Frosty (Minimal Wear),2368.5,3170.0,38,19,0.5,1.3384,steamdt-live,2509.5,49,2436.66,31,"溢价求购:买一高于卖一,多为定向收特定图案,买一价不可作退出价",20,0,4,5,6,8,6,5,-0.004411764705882337,-0.000422029964127435,-0.024790002048760473,-0.0048319327731092265,0.02890528905289058,0.0036016949152541944,0.030098280098280084,-0.012919358199624975,-0.03227783452502553,0.11,3,左侧观察,买一异常溢价(不作为可成交退出价),54,0,0
32,M4A1-S | Fatal Glitch (Factory New),611.2,598.0,36,18,0.5,0.9784,steamdt-live,617.2,40,605.99,80,,20,12,4,2,2,10,4,0,-0.011419249592169667,-1.650165016497951e-05,0.012871565241816763,-0.011435562805872768,0.013045602605863182,0.009983333333333455,0.013045602605863182,-0.006573770491803299,-0.05314062499999994,0.26,4,左侧观察,,54,0,0
33,★ Bloodhound Gloves | Guerrilla (Field-Tested),1180.0,1160.0,218,55,0.2523,0.9831,steamdt-live,1320.0,25,1228.88,59,,17,12,7,5,6,5,2,0,-0.006265664160400974,-0.002942412778478398,-0.0012515644555695093,-0.009189640768588192,0.01042970379641217,0.013675213675213627,0.03577235772357723,0.03580786026200866,-0.09672505712109669,0.36,8,左侧观察,,54,0,0
34,★ Specialist Gloves | Chocolate Chesterfield (Field-Tested),524.5,790.0,116,27,0.2328,1.5062,steamdt-live,516.0,111,539.0,61,"溢价求购:买一高于卖一,多为定向收特定图案,买一价不可作退出价",17,0,7,5,6,8,6,5,-0.005780346820809301,-0.0009689922480620172,-0.0038387715930902067,-0.00674373795761074,0.018095238095238053,0.000970873786407811,0.036448598130841114,-0.036448598130841114,-0.05910053296342266,0.36,6,左侧观察,买一异常溢价(不作为可成交退出价),54,0,0
35,M4A1-S | Nightmare (Factory New),1760.0,1730.0,387,63,0.1628,0.983,steamdt-live,1780.0,55,1783.62,66,,14,12,9,2,8,5,4,0,-0.02182318163068886,-0.010440972241744784,0.004558011049723865,-0.032036298638801086,0.04295812941816202,0.0,0.06829010058231866,0.006876508884541055,0.036818851251841034,0.36,14,左侧观察,,54,0,0
36,M4A4 | The Coalition (Factory New),7279.5,7120.0,302,45,0.149,0.9781,steamdt-live,7459.2,39,7385.2,65,,11,12,9,2,8,6,6,0,-0.03714327791382499,-0.014684643590475832,0.051094520547945166,-0.0512824857063543,0.054610389610389665,0.004068965517241452,0.06397068278256401,0.008900555487798112,-0.18207865168539328,0.36,8,左侧观察,,54,0,0
37,★ Driver Gloves | Crimson Weave (Minimal Wear),7849.5,7510.0,156,20,0.1282,0.9567,steamdt-live,7999.0,22,7999.0,31,,11,9,7,5,8,8,6,0,-0.013662572073201318,-0.0025416190113102255,0.009873417721518951,-0.016169466031586865,0.03224215523087359,0.006282051282051393,0.07647958583362746,0.012842151989552963,-0.17545851922897127,0.36,6,左侧观察,,54,0,0
38,Tec-9 | Fuel Injector (Factory New),279.99,274.0,411,50,0.1217,0.9786,steamdt-live,285.0,140,282.75,164,,11,12,9,2,8,10,2,0,-0.0017857142857142794,0.0017531305903399907,-0.020979020979020935,-3.571428571425006e-05,0.021013986013985964,0.018145454545454687,0.05408783783783777,0.020037159823673045,-0.09971061093247591,0.29,7,左侧观察,,54,0,0
39,AWP | Elite Build (Factory New),445.9,428.0,384,34,0.0885,0.9599,steamdt-live,453.0,81,453.3,130,,7,9,9,2,10,8,4,5,0.0,-0.005797101449275366,-0.03298835705045278,-0.005797101449275366,0.038594221647261784,0.0,0.08211367051606666,0.04426229508196711,-0.1391891891891892,0.35,6,左侧观察,,54,0,0
40,Five-SeveN | Boost Protocol (Factory New),69.19,67.0,1397,68,0.0487,0.9683,steamdt-live,69.6,250,70.39,243,,3,12,15,2,6,10,6,0,-0.008633093525179825,0.0040638606676342,0.011350407450523958,-0.004604316546762521,0.01030042918454932,0.0040638606676342,0.03783031988873431,0.048181818181818326,-0.23133333333333328,0.17,11,左侧观察,,54,0,0
41,Desert Eagle | Conspiracy (Factory New),144.5,141.0,1415,67,0.0473,0.9758,steamdt-live,143.0,803,146.84,272,,3,12,15,2,8,10,4,0,-0.01384083044982698,0.0035087719298245723,0.00844441342731539,-0.01038062283737029,0.01038062283737029,0.021428571428571352,0.07979407979407982,0.02508960573476693,-0.08515130190007036,0.36,6,左侧观察,,54,0,0
42,M4A1-S | Stratosphere (Factory New),206.0,204.0,410,17,0.0415,0.9903,steamdt-live,223.46,239,219.79,297,,3,15,9,2,10,6,4,5,0.0023980815347721673,-0.014354066985645897,-0.03023255813953485,-0.011990407673860948,0.04845489399048464,0.0,0.08240534521158127,-0.04629629629629628,-0.22617482438676229,0.36,12,左侧观察,,54,0,0
43,USP-S | Serum (Factory New),623.98,613.0,175,20,0.1143,0.9824,steamdt-live,728.28,42,634.9,81,,11,12,7,2,6,9,6,0,-0.01879238884702339,-0.0016160258564137386,-0.014725900259868752,-0.020378045717156512,0.03480386090830345,0.0,0.04496755234480221,-0.02043956043956041,-0.12115492957746476,0.36,3,左侧观察,,53,0,0
44,FAMAS | Commemoration (Factory New),385.5,381.0,343,39,0.1137,0.9883,steamdt-live,375.0,168,394.99,114,,11,12,9,2,8,5,6,0,0.0026420079260238705,-0.011857707509881465,-0.01764858551777837,-0.009247027741083214,0.02668189368770757,0.0,0.05303030303030298,-0.038461538461538436,-0.20584498094027948,0.35,6,左侧观察,,53,0,0
45,AK-47 | Panthera onca (Factory New),2335.98,2240.0,116,12,0.1034,0.9589,steamdt-live,2349.0,32,2345.0,61,,11,9,7,2,4,9,6,5,-0.0052723404255318185,-0.0006972933894020539,0.021739130434782705,-0.005965957446808501,0.01392172092394972,0.015643478260869648,0.026675000000000004,-0.018289556629544013,-0.06728688360950286,0.34,2,左侧观察,,53,0,0
46,P250 | Mint Kimono (Factory New),89.95,87.0,182,14,0.0769,0.9672,steamdt-live,89.09,96,91.9,86,,7,12,7,2,8,8,4,5,-0.0027889335118250758,-0.0033560800984450134,-0.03498761976531384,-0.0061356537260151,0.04090860157175147,0.0,0.0666317443687795,-0.01011111111111107,-0.2756321652166842,0.36,3,左侧观察,,53,0,0
47,P250 | Contaminant (Factory New),62.18,59.0,272,17,0.0625,0.9489,steamdt-live,66.0,22,64.86,24,,7,9,9,2,8,10,3,5,0.07396551724137934,-0.0017659335366831952,-0.10769230769230764,0.07206896551724129,0.043384615384615355,0.07206896551724129,0.07881481481481478,0.08516579406631775,-0.011289553188106205,0.32,4,左侧观察,,53,0,0
48,AK-47 | The Outsiders (Factory New),377.98,362.0,976,45,0.0461,0.9577,steamdt-live,383.99,179,378.8,295,,3,9,15,2,6,7,6,5,-2.635046113308448e-05,-0.00397902448022347,-0.013003901170351106,-0.0040052700922266204,0.01695708712613775,0.005265957446808578,0.04670870113493064,-0.005315789473684163,-0.20758909853249474,0.36,6,左侧观察,,53,0,0
49,★ Sport Gloves | Superconductor (Field-Tested),11327.0,14100.0,469,114,0.2431,1.2448,steamdt-live,11560.0,267,11554.98,96,"溢价求购:买一高于卖一,多为定向收特定图案,买一价不可作退出价",17,0,9,5,6,9,6,0,-0.01731516650663767,-0.0020264317180617164,0.01321923275990633,-0.019306510222086737,0.019306510222086737,0.0,0.031880341880341834,0.020450450450450353,-0.10013902681231379,0.36,5,左侧观察,买一异常溢价(不作为可成交退出价),52,0,0
50,USP-S | Sleeping Potion (Factory New),47.29,45.0,242,21,0.0868,0.9516,steamdt-live,47.73,178,52.25,78,,7,9,7,2,6,10,6,5,-0.014675052410901501,0.006170212765957528,-0.005835764902042406,-0.008595387840670932,0.022529971062422605,0.0302832244008715,0.04849094567404433,-0.04849094567404433,-0.048873692679002434,0.36,9,左侧观察,,52,0,0
51,Glock-18 | Bunsen Burner (Factory New),29.48,27.5,545,34,0.0624,0.9328,steamdt-live,29.6,207,31.94,142,,7,9,12,2,6,10,6,0,-0.02684563758389269,0.016551724137931156,0.06428571428571428,-0.010738255033557076,0.03026315789473677,0.052857142857142936,0.03026315789473677,0.03620386643233742,-0.29049338146811066,0.36,4,左侧观察,,52,0,0
52,AK-47 | Jet Set (Factory New),5748.91,4370.0,10,5,0.5,0.7601,steamdt-live,5835.91,7,5733.7,15,,20,1,2,2,10,10,6,0,-0.0936381079713241,-0.0026092855776088664,-0.0025115670479887164,-0.09600306498428879,0.09922690332442574,0.0,0.10055798441659491,-0.0750470647258954,-0.2737555414819506,0.2,4,左侧观察,,51,0,0
53,AK-47 | Black Laminate (Factory New),1497.3,1000.0,13,2,0.1538,0.6679,steamdt-live,1498.0,17,1587.14,20,,8,1,2,2,10,20,3,5,-0.07299806318039137,0.0787463976945244,-0.1578740157480315,0.0,0.1578740157480315,0.0787463976945244,0.15811076750070285,-0.15811076750070285,-0.21173993156093707,0.36,4,左侧观察,,51,0,0
54,★ Hand Wraps | Giraffe (Minimal Wear),462.0,539.0,140,21,0.15,1.1667,steamdt-live,483.5,71,466.06,70,"溢价求购:买一高于卖一,多为定向收特定图案,买一价不可作退出价",14,0,7,5,4,10,6,5,0.008695652173912993,-0.004310344827586188,-0.020234291799786974,0.004347826086956497,0.015974440894568676,0.004347826086956497,0.02941176470588236,-0.02941176470588236,-0.07507507507507505,0.32,6,左侧观察,买一异常溢价(不作为可成交退出价),51,0,0
55,P250 | Cartel (Factory New),206.99,197.0,80,7,0.0875,0.9517,steamdt-live,221.78,47,218.78,68,,7,9,4,2,8,10,6,5,0.0,-4.830917874387719e-05,-0.03487504662439389,-4.830917874387719e-05,0.0349216710182767,0.004952177501577948,0.050068838916934366,-0.050068838916934366,-0.18964099753357078,0.36,6,左侧观察,,51,0,0
56,AK-47 | Asiimov (Factory New),2214.5,3000.0,238,63,0.2647,1.3547,steamdt-live,2281.2,85,2258.22,58,"溢价求购:买一高于卖一,多为定向收特定图案,买一价不可作退出价",17,0,7,2,8,10,6,0,0.0,0.0024898143956542107,-0.013398838767306853,0.0024898143956542107,0.010920297460863315,0.002739477914374344,0.06561181434599161,-0.023373759647188574,0.002036199095022617,0.35,8,左侧观察,买一异常溢价(不作为可成交退出价),50,0,0
57,M4A4 | Poseidon (Factory New),9349.0,9410.0,203,25,0.1232,1.0065,steamdt-live,9500.0,115,9588.5,73,,11,15,7,2,6,5,4,0,-0.010474235486078176,-0.005425531914893589,0.021506532609280038,-0.01584293910205803,0.015894736842105295,0.010702702702702682,0.04406952965235178,0.0053228668207967456,-0.1855917069558779,0.33,6,左侧观察,,50,0,0
58,FAMAS | Rapid Eye Movement (Factory New),104.8,102.0,344,23,0.0669,0.9733,steamdt-live,104.0,148,106.53,143,,7,12,9,2,6,5,4,5,0.0,-0.00952380952380949,-0.018232819074333828,-0.00952380952380949,0.03210795718939041,0.0,0.03703703703703709,0.040000000000000036,-0.06726457399103136,0.36,2,左侧观察,,50,0,0
59,M4A4 | Magnesium (Factory New),38.68,38.1,1270,54,0.0425,0.985,steamdt-live,39.68,509,39.48,231,,3,12,15,2,6,5,4,3,-0.003076923076922977,-0.0051440329218107594,-0.017632241813602123,-0.008205128205128198,0.024464060529634235,0.0,0.04138785625774477,-0.008205128205128198,-0.18739495798319328,0.29,11,左侧观察,,50,0,0
60,Five-SeveN | Berries And Cherries (Factory New),594.99,582.0,277,24,0.0866,0.9782,steamdt-live,598.98,117,590.18,123,,7,12,9,2,6,9,4,0,-0.01085627167484804,-0.0007113700648700982,0.016848381601362927,-0.01155991891303254,0.016683333333333272,0.005093696763202704,0.03261297304387745,-0.015025292575835958,-0.16668079096045196,0.36,11,左侧观察,,49,0,0
61,AK-47 | Nouveau Rouge (Factory New),370.0,350.0,413,28,0.0678,0.9459,steamdt-live,380.34,284,367.5,163,,7,9,9,2,6,10,6,0,0.025069637883008422,-0.0013586956521739468,-0.010474090407938341,0.023676880222841312,0.03034300791556732,0.02396210643633334,0.03034300791556732,0.006849315068493178,-0.047186932849364815,0.35,4,左侧观察,,49,0,0
62,Tec-9 | Blue Titanium (Factory New),205.0,192.0,653,29,0.0444,0.9366,steamdt-live,216.02,39,203.24,132,,3,9,12,2,10,9,4,0,-0.015577378936674546,-0.0012285616000786703,-0.005101795254367825,-0.016786802767161713,0.02180295519083597,0.006836421282076621,0.08380291213992697,0.07228025746544264,-0.27936744317980344,0.13,13,左侧观察,,49,0,0
63,M4A1-S | Welcome to the Jungle (Factory New),9599.0,12280.0,38,24,0.6316,1.2793,steamdt-live,9699.0,47,10260.72,39,"溢价求购:买一高于卖一,多为定向收特定图案,买一价不可作退出价",20,0,4,2,6,10,6,0,-0.010627835051546408,0.0002177784307657582,0.00021551035223055237,-0.010412371134020604,0.010412371134020604,0.0002177784307657582,0.030404040404040433,-0.01930935839803838,-0.09438270090759848,0.3,3,左侧观察,买一异常溢价(不作为可成交退出价),48,0,0
64,★ Sport Gloves | Creme Pinstripe (Field-Tested),528.88,766.0,110,34,0.3091,1.4483,steamdt-live,522.0,107,543.0,65,"溢价求购:买一高于卖一,多为定向收特定图案,买一价不可作退出价",20,0,7,5,6,4,6,0,-0.009433962264150941,-0.005714285714285672,-0.013035381750465591,-0.015094339622641506,0.033333333333333326,0.0235294117647058,0.04483074107959739,-0.029739776951672847,-0.07446808510638303,0.36,9,左侧观察,买一异常溢价(不作为可成交退出价),48,0,0
65,MP9 | Airlock (Factory New),161.8,153.0,262,21,0.0802,0.9456,steamdt-live,158.38,106,161.51,116,,7,9,9,2,6,9,6,0,-0.029126213592233108,-0.003899371069182367,0.0034926470588236835,-0.032912010746779075,0.03415050615928772,0.0,0.03415050615928772,-0.016273291925465894,-0.112169964684119,0.36,4,左侧观察,,48,0,0
66,★ Sport Gloves | Blaze (Minimal Wear),1550.0,2050.0,26,23,0.8846,1.3226,steamdt-live,1590.0,36,1588.5,30,"溢价求购:买一高于卖一,多为定向收特定图案,买一价不可作退出价",20,0,2,5,4,10,6,0,-0.01273885350318471,0.0,0.036988110964332854,-0.01273885350318471,0.02442094662638461,0.023778071334213946,0.02442094662638461,0.04026845637583887,-0.049079754601227044,0.36,8,左侧观察,买一异常溢价(不作为可成交退出价),47,0,0
67,Desert Eagle | Light Rail (Factory New),74.6,71.0,463,39,0.0842,0.9517,steamdt-live,72.87,184,76.39,190,,7,9,9,2,10,6,4,0,-0.012803234501347793,-0.0051877133105801,0.016438356164383494,-0.017924528301886733,0.026842948717948567,0.0009615384615384581,0.08305020762551896,0.04129751357530731,-0.20879478827361553,0.36,5,左侧观察,,47,0,0
68,★ Specialist Gloves | Buckshot (Minimal Wear),398.0,535.0,154,29,0.1883,1.3442,steamdt-live,414.0,106,415.5,67,"溢价求购:买一高于卖一,多为定向收特定图案,买一价不可作退出价",14,0,7,5,6,8,6,0,0.012499999999999956,-0.01728395061728394,-0.0217657128882367,-0.0050000000000000044,0.026656884323795538,0.0,0.03398058252427183,-0.03398058252427183,-0.12044198895027625,0.36,15,左侧观察,买一异常溢价(不作为可成交退出价),46,0,0
69,★ Moto Gloves | Transport (Minimal Wear),343.5,507.0,125,22,0.176,1.476,steamdt-live,349.47,110,349.49,70,"溢价求购:买一高于卖一,多为定向收特定图案,买一价不可作退出价",14,0,7,5,4,10,6,0,-0.010086455331412059,0.0,0.020588235294117574,-0.010086455331412059,0.018571428571428572,0.010294117647058787,0.018571428571428572,0.019893111638954908,0.0029197080291971655,0.36,11,左侧观察,买一异常溢价(不作为可成交退出价),46,0,0
70,P250 | Black & Tan (Factory New),58.0,54.0,80,7,0.0875,0.931,steamdt-live,58.57,55,56.0,52,,7,9,4,2,8,10,6,0,-0.03448275862068961,0.0,0.03571428571428581,-0.03448275862068961,0.03448275862068961,0.007375427235114085,0.05660377358490565,-0.05660377358490565,-0.18128654970760238,0.3,5,左侧观察,,46,0,0
71,Galil AR | Vandal (Factory New),76.4,74.0,273,27,0.0989,0.9686,steamdt-live,75.5,91,75.46,80,,7,12,9,2,2,7,6,0,-0.007092198581560405,-0.0018518518518518823,-0.002750491159135504,-0.008930916732335259,0.011656843483955459,0.0,0.011786275536930457,0.03369863013698615,-0.28133333333333344,1.36,5,左侧观察,,45,0,0
72,FAMAS | Cyanospatter (Factory New),42.4,37.3,324,29,0.0895,0.8797,steamdt-live,45.0,58,42.24,82,,7,3,9,2,8,5,6,5,0.0,-0.013317757009345788,-0.02505694760820054,-0.013317757009345788,0.03804100227790441,0.005476190476190412,0.07975593811287873,0.14042668106940304,-0.23565610859728514,0.36,10,左侧观察,,45,0,0
73,★ Hydra Gloves | Emerald (Field-Tested),199.3,196.0,114,10,0.0877,0.9834,steamdt-live,197.49,101,195.15,540,,7,12,7,5,6,4,4,0,0.014040561622464809,-0.02564102564102566,-0.021374045801526687,-0.011960478419136833,0.03425841211751557,0.0,0.04282115869017633,-0.00990099009900991,-0.14062146637116113,0.36,11,左侧观察,,45,0,0
74,MP9 | Rose Iron (Factory New),56.8,53.0,483,24,0.0497,0.9331,steamdt-live,57.63,175,58.67,178,,3,9,9,2,6,10,6,0,-0.04347826086956519,0.032727272727272716,-0.009645194626248799,-0.012173913043478257,0.021701687909059686,0.03460837887067392,0.032203101039359305,0.03460837887067392,-0.2846347607052898,0.27,4,左侧观察,,45,0,0
75,P250 | Vino Primo (Factory New),114.5,106.0,399,16,0.0401,0.9258,steamdt-live,114.4,120,149.0,65,,3,6,9,2,8,10,2,5,9.091735612343221e-05,0.040000000000000036,-0.06367583212735173,0.040094554050368325,0.026134332169915675,0.059259259259259345,0.06991869918699178,-0.06991869918699178,-0.2269747955942969,0.36,7,左侧观察,,45,0,0
76,USP-S | Guardian (Factory New),34.29,32.6,1194,18,0.0151,0.9507,steamdt-live,34.0,645,33.95,494,,3,9,15,2,4,9,0,3,-0.02298850574712641,-0.0014705882352940014,0.048508586923772246,-0.024425287356321657,0.024425287356321657,0.06093750000000009,0.024425287356321657,0.030974795019738988,-0.26610462602680496,0.36,6,左侧观察,,45,0,0
77,MP9 | Mount Fuji (Factory New),94.4,91.0,1194,47,0.0394,0.964,steamdt-live,96.0,521,97.05,325,,3,12,15,2,2,10,0,0,-0.00423728813559332,0.004255319148936287,-0.012552301255229992,0.0,0.011518324607329822,0.04888888888888898,0.014613778705636626,0.006718566705769646,-0.11353178702225553,0.36,12,左侧观察,,44,0,0
78,USP-S | Bleeding Edge (Factory New),33.6,31.1,845,38,0.045,0.9256,steamdt-live,30.5,495,33.0,375,,3,6,12,2,6,5,6,3,-0.019108280254776955,-0.009740259740259716,0.026814911706998013,-0.0286624203821656,0.0298982188295166,0.02006688963210701,0.030206677265500748,-0.034810126582278555,-0.17723226328567576,0.3,9,左侧观察,,43,0,0
79,M4A4 | Howl (Factory New),44000.0,51760.0,94,18,0.1915,1.1764,steamdt-live,45000.0,105,46251.0,41,"溢价求购:买一高于卖一,多为定向收特定图案,买一价不可作退出价",14,0,4,5,4,7,6,0,-0.013392857142857095,-0.004524886877828038,0.0,-0.017857142857142905,0.017857142857142905,0.0,0.017857142857142905,-0.011235955056179803,0.006876508884541055,0.36,2,左侧观察,买一异常溢价(不作为可成交退出价),40,0,0
80,Desert Eagle | Night (Factory New),588.5,530.0,27,3,0.1111,0.9006,steamdt-live,750.0,24,556.9,64,,8,6,2,2,10,8,4,0,-0.012378426171529622,-0.0028648164726947645,-0.003014756439414068,-0.015207780725022157,0.018176689409566182,0.002393937757618092,0.0838501653314031,-0.0838501653314031,-0.18128225106952267,0.36,9,左侧观察,,40,0,0
81,★ Driver Gloves | Racing Green (Minimal Wear),246.5,410.0,158,15,0.0949,1.6633,steamdt-live,267.81,68,263.0,102,"溢价求购:买一高于卖一,多为定向收特定图案,买一价不可作退出价",7,0,7,5,8,4,4,5,0.0019758064516128826,-0.008008370558171385,-0.00990099009900991,-0.006048387096774244,0.015928779591999676,0.0,0.05341576744364662,-0.042718446601941795,-0.11292644306895061,0.36,4,左侧观察,买一异常溢价(不作为可成交退出价),40,0,0
82,★ Hydra Gloves | Case Hardened (Field-Tested),350.0,370.0,401,15,0.0374,1.0571,steamdt-live,350.0,399,345.45,173,"溢价求购:买一高于卖一,多为定向收特定图案,买一价不可作退出价",3,0,9,5,4,10,6,3,-0.01089449541284404,0.0013043478260870156,-0.0005730659025787732,-0.009604357798165153,0.02111079625956358,0.0013043478260870156,0.02552891396332868,-0.005326806795277972,-0.056147540983606636,0.36,5,左侧观察,买一异常溢价(不作为可成交退出价),40,0,0
83,Tec-9 | Re-Entry (Factory New),44.65,39.0,930,26,0.028,0.8735,steamdt-live,41.8,211,42.93,243,,3,3,15,2,8,8,0,0,-0.020522388059701524,-0.004761904761904856,-0.0025587345894393376,-0.02518656716417922,0.0274546300604932,0.04499999999999993,0.0625700829782464,-0.004761904761904856,-0.25728500355366035,0.24,3,左侧观察,,39,0,0
84,FAMAS | Afterimage (Factory New),287.44,252.0,79,10,0.1266,0.8767,steamdt-live,288.0,38,281.82,52,,11,3,4,2,2,10,6,0,-0.01088865472427103,0.0007812499999999556,-0.0007020007020006602,-0.01011591148577451,0.01011591148577451,0.004347826086956497,0.0108108108108107,0.055505617977527955,-0.23582526641177914,0.19,9,左侧观察,,38,0,0
85,★ Moto Gloves | Turtle (Field-Tested),355.0,493.0,337,29,0.0861,1.3887,steamdt-live,348.88,326,356.0,134,"溢价求购:买一高于卖一,多为定向收特定图案,买一价不可作退出价",7,0,9,5,4,6,2,3,-0.00025714285714273366,-0.002943614072190126,-0.008498583569405138,-0.0031999999999999806,0.017239436619718274,0.027628865979381523,0.017239436619718274,0.0010903873744618764,-0.0938181818181818,0.35,8,左侧观察,买一异常溢价(不作为可成交退出价),36,0,0
86,★ Specialist Gloves | Crimson Kimono (Field-Tested),10600.0,12120.0,853,38,0.0445,1.1434,steamdt-live,10940.0,743,11052.88,180,"溢价求购:买一高于卖一,多为定向收特定图案,买一价不可作退出价",3,0,12,5,6,4,4,0,-0.016544117647058876,-0.009345794392523366,-0.0007347538574578039,-0.02573529411764708,0.02645113886847905,0.0,0.035486806187443154,-0.003712580478405947,-0.01742677048572483,0.35,5,左侧观察,买一异常溢价(不作为可成交退出价),34,0,0
87,★ Driver Gloves | King Snake (Minimal Wear),2929.4,8130.0,849,37,0.0436,2.7753,steamdt-live,2998.0,851,2951.64,150,"溢价求购:买一高于卖一,多为定向收特定图案,买一价不可作退出价",3,0,12,5,4,4,4,0,-0.006421088205474823,-0.0036054421768707545,-0.00033783783783780663,-0.010003379520108102,0.010337837837837816,0.0,0.02157648630594522,-0.01367003367003361,-0.04267973856209151,0.36,4,左侧观察,买一异常溢价(不作为可成交退出价),32,0,0
88,★ Driver Gloves | Lunar Weave (Field-Tested),4419.49,4340.0,282,115,0.4078,0.982,steamdt-live,4486.29,23,4429.99,75,,20,12,9,5,8,3,4,5,-0.01207464324917673,-0.007970819304152665,0.014499437570303586,-0.019949217753828075,0.028576766677656962,0.0,0.06525169204737735,-0.01161818116758806,-0.25093389830508483,0.36,6,可能加速下跌,,66,0,0
89,USP-S | Pathfinder (Factory New),203.42,196.0,137,18,0.1314,0.9635,steamdt-live,212.26,75,214.27,96,,11,12,7,2,10,14,4,5,-0.01874396135265699,0.0014769594328474245,-0.030263281176801327,-0.017294685990338232,0.04658792650918642,0.00653142008906471,0.09426065274500206,-0.05386046511627918,-0.397006076774863,0.1,6,长期阴跌,,65,0,0
90,P250 | Muertos (Factory New),124.57,123.0,266,23,0.0865,0.9874,steamdt-live,124.71,136,125.6,178,,7,12,9,2,4,20,6,5,-0.008103727714748765,0.017728758169934578,-0.008835341365461824,0.009481361426255885,8.026970621288765e-05,0.017728758169934578,0.0190566186313883,0.01457892164847685,-0.22381456788584964,0.23,5,回撤不明显,,65,0,0
91,M4A4 | Falak (Factory New),887.66,871.0,73,48,0.6575,0.9812,steamdt-live,888.88,53,882.88,102,,20,12,4,2,2,10,6,5,0.0046764063353359475,-0.00012457672227317307,-0.010270270270270276,0.004551247041689521,0.005765765765765818,0.004551247041689521,0.005765765765765818,0.032608187134502975,-0.01574136008918614,0.36,4,回撤不明显,,61,0,0
92,MP9 | Sand Scale (Factory New),34.9,32.3,926,34,0.0367,0.9255,steamdt-live,32.26,241,35.21,205,,3,6,15,2,8,18,4,5,-0.00924784217016017,0.000622277535780924,-0.03852993479549505,-0.008631319358816336,0.04682868998221712,0.005943071629652685,0.06239067055393588,-0.01591187270501848,-0.3815384615384616,0.19,7,长期阴跌,,61,0,0
93,★ Driver Gloves | Diamondback (Field-Tested),2828.0,2760.0,318,122,0.3836,0.976,steamdt-live,2880.0,21,2865.2,58,,20,12,9,5,8,0,6,0,-0.0003124023742580029,-0.0070224719101124045,0.017460714285714163,-0.007332680447472484,0.007332680447472484,0.010000000000000009,0.05686176421544109,0.010000000000000009,-0.1604571767849191,0.36,6,回撤不明显,,60,0,0
94,AK-47 | Neon Revolution (Factory New),1639.0,1620.0,570,151,0.2649,0.9884,steamdt-live,1700.0,104,1640.0,133,,17,12,12,2,6,0,6,5,0.005772417435007116,-0.0102595051297526,0.01161134239644368,-0.004546309841030882,0.028942257590829468,0.010113452986609817,0.04872389791183296,0.025320412628946576,-0.07616563674156862,0.25,13,可能加速下跌,,60,0,0
95,★ Specialist Gloves | Emerald Web (Field-Tested),8296.5,8200.0,362,91,0.2514,0.9884,steamdt-live,8388.0,85,8288.0,95,,17,12,9,5,6,0,6,5,-0.00012195121951219523,0.01085498231491644,-0.004371053909664857,0.01073170731707318,0.011568276684555734,0.01221423084297868,0.03940658321743162,-0.012157330154946355,-0.2021563342318059,0.35,4,暂未减速,,60,0,0
96,AWP | Mortis (Factory New),74.4,71.0,1007,38,0.0377,0.9543,steamdt-live,74.5,319,78.41,381,,3,9,15,2,10,10,6,5,0.006756756756756799,-0.0013422818791946067,-0.010695187165775333,0.005405405405405572,0.005347593582887611,0.005541289363427682,0.10253317249698435,0.04788732394366213,-0.2704451853304569,0.36,5,回撤不明显,,60,0,0
97,★ Hydra Gloves | Case Hardened (Minimal Wear),544.0,549.0,118,24,0.2034,1.0092,steamdt-live,569.5,110,551.12,70,,17,15,7,5,4,0,6,5,-0.0009149130832570851,-0.00366300366300365,0.019589552238805874,-0.0045745654162854255,0.005484460694698323,0.014925373134328401,0.018050541516245522,-0.018050541516245522,-0.07404255319148934,0.35,6,回撤不明显,,59,0,0
98,★ Specialist Gloves | Forest DDPAT (Minimal Wear),1989.3,1900.0,163,28,0.1718,0.9551,steamdt-live,2079.9,25,1980.0,50,,14,9,7,5,8,10,6,0,-0.021869983948635596,0.01538461538461533,0.017142857142857126,-0.006821829855537698,0.008016032064128265,0.01564503718902288,0.05171505474190363,0.016432322547857092,-0.1895210806385591,0.12,13,回撤不明显,,59,0,0
99,MP9 | Music Box (Factory New),44.0,43.3,307,19,0.0619,0.9841,steamdt-live,43.4,92,44.0,103,,7,12,9,2,10,8,6,5,0.005957836846929299,-0.011389521640091105,-0.02567537396740338,-0.005499541704858002,0.031033712882339803,0.009302325581395321,0.0801186943620178,-0.0722530996152202,-0.5018365472910928,0.36,5,长期阴跌,,59,0,0
100,USP-S | Purple DDPAT (Factory New),173.0,169.0,1104,63,0.0571,0.9769,steamdt-live,177.29,212,175.0,290,,3,12,15,2,8,8,6,5,0.0051694428489375,-0.011428571428571455,-0.027319962009050847,-0.006318207926478969,0.03346555673501317,0.0,0.07069187795444776,-0.00517538815411156,-0.36513761467889905,0.36,10,长期阴跌,,59,0,0
101,AWP | Black Box (Factory New),161.9,155.0,35,24,0.6857,0.9574,steamdt-live,164.0,67,163.21,72,,20,9,4,2,2,10,6,5,0.031210191082802652,0.0,-0.039637876192806454,0.031210191082802652,0.006748466257668673,0.04451612903225821,0.012684473716306766,0.002476780185758587,0.00621504039776255,0.31,4,回撤不明显,,58,0,0
102,★ Hand Wraps | Badlands (Field-Tested),2799.99,2760.0,305,203,0.6656,0.9857,steamdt-live,2900.0,22,2825.0,62,,20,12,9,5,8,0,4,0,0.00601131541725608,-0.015820738137082624,0.02463768115942022,-0.009904526166902516,0.01651211801896746,0.014489130434782505,0.05052899287894208,0.014672947997825592,0.09911285574092243,0.36,5,可能加速下跌,,58,0,0
103,AWP | Silk Tiger (Factory New),3259.0,3160.0,315,33,0.1048,0.9696,steamdt-live,3410.0,68,3289.0,81,,11,12,9,2,8,10,6,0,-0.018705918429929524,0.018437500000000107,0.00030981690127895867,-0.0006133088009813159,0.001681732828098692,0.018437500000000107,0.06739161539562166,0.05811688311688301,-0.11895106785617737,0.36,3,回撤不明显,,58,0,0
104,AWP | Black Nile (Factory New),100.19,98.0,1051,49,0.0466,0.9781,steamdt-live,99.5,246,100.66,393,,3,12,15,2,10,7,4,5,-0.01671583087512296,-0.0050000000000000044,-0.004405286343612369,-0.021632251720747342,0.03603952722340631,0.0,0.14224137931034486,0.02789256198347112,-0.3914000856321488,0.32,7,长期阴跌,,58,0,0
105,Glock-18 | Ironwork (Factory New),213.5,211.0,817,38,0.0465,0.9883,steamdt-live,214.0,87,213.43,149,,3,12,12,2,8,10,6,5,0.0,0.006745283018867898,-0.009345794392523366,0.006745283018867898,0.007302325581395319,0.010989531523850182,0.06184615384615377,0.02610576923076935,-0.3158637048434144,0.36,5,长期阴跌,,58,0,0
106,★ Specialist Gloves | Sunburst (Minimal Wear),2187.49,2800.0,58,25,0.431,1.28,steamdt-live,2184.5,50,2216.0,27,"溢价求购:买一高于卖一,多为定向收特定图案,买一价不可作退出价",20,0,4,5,2,20,6,0,-0.011494252873563204,0.016046511627906934,-0.011363636363636354,0.004367816091954024,0.007045454545454577,0.040238095238095184,0.007045454545454577,0.02655075187969924,-0.016876687668766932,0.36,5,回撤不明显,买一异常溢价(不作为可成交退出价),57,0,0
107,★ Sport Gloves | Blaze (Field-Tested),738.0,1070.0,102,42,0.4118,1.4499,steamdt-live,718.0,115,735.0,54,"溢价求购:买一高于卖一,多为定向收特定图案,买一价不可作退出价",20,0,7,5,4,10,6,5,-0.00629811056682994,0.011267605633802802,-0.006258692628650864,0.004898530440867743,0.0013908205841446364,0.04057971014492745,0.0224642614023145,-0.0224642614023145,-0.10136547391081241,0.36,9,回撤不明显,买一异常溢价(不作为可成交退出价),57,0,0
108,AWP | Hyper Beast (Factory New),1054.5,1030.0,373,81,0.2172,0.9768,steamdt-live,1089.5,83,1052.5,80,,17,12,9,2,6,2,6,3,-0.007958801498127333,-0.006606890042472835,0.047572339382049966,-0.014513108614232162,0.025011579434923603,0.03236880823933297,0.04231119199272071,0.1341350401930994,0.02184466019417486,0.36,8,可能加速下跌,,57,0,0
109,M4A1-S | Golden Coil (Factory New),1610.5,1580.0,330,71,0.2152,0.9811,steamdt-live,1630.0,97,1620.99,118,,17,12,9,2,6,0,6,5,0.00746268656716409,-0.005864197530864201,0.005326731187635936,0.0015547263681592316,0.011350591470788651,0.012746583827496716,0.03562874251497006,0.01962646407090851,-0.062026790914385566,0.34,7,可能加速下跌,,57,0,0
110,Desert Eagle | Midnight Storm (Factory New),595.0,581.0,776,50,0.0644,0.9765,steamdt-live,610.0,146,604.39,138,,7,12,12,2,8,10,6,0,-0.020988274706867593,0.01801632248019569,0.012722646310432628,-0.00335008375209378,0.008333333333333304,0.01801632248019569,0.052547770700636987,0.016242805171736485,-0.24010217113665389,0.35,20,回撤不明显,,57,0,0
111,Tec-9 | Remote Control (Factory New),184.5,180.0,555,34,0.0613,0.9756,steamdt-live,182.84,71,188.0,130,,7,12,12,2,8,10,6,0,-0.020080100949141366,0.023458932870499938,0.012611111111111128,0.002907774181159839,0.005548906539005416,0.03952232015922674,0.0686773996331771,0.047564469914040286,-0.16719817767653755,0.36,9,回撤不明显,,57,0,0
112,★ Moto Gloves | Cool Mint (Field-Tested),6430.0,6330.0,321,121,0.3769,0.9844,steamdt-live,6744.0,46,6435.0,91,,20,12,9,5,8,0,2,0,-0.0058174675128437325,-0.022722091344327122,0.03406250000000011,-0.02840737382895131,0.02862753984439914,0.004687499999999956,0.06942414287161525,-0.018095747117660488,-0.21451258245785487,0.36,5,可能加速下跌,,56,0,0
113,★ Specialist Gloves | Forest DDPAT (Field-Tested),1929.0,1880.0,281,84,0.2989,0.9746,steamdt-live,1974.4,32,1920.0,67,,17,12,9,5,4,0,6,3,0.0,-0.0029288963669221735,0.004245110821382125,-0.0029288963669221735,0.003187722595449971,0.01741798392267624,0.02853673345476626,0.04142936179906931,-0.13707865168539324,0.36,7,回撤不明显,,56,0,0
114,★ Driver Gloves | Convoy (Minimal Wear),3299.5,3170.0,134,39,0.291,0.9608,steamdt-live,3497.95,32,3441.91,41,,17,12,7,5,6,0,4,5,-0.002983606557377061,-0.013599442748707724,0.016666666666666607,-0.016542473919523126,0.025831195250059724,0.0,0.04362318840579715,0.03109374999999992,-0.142987012987013,0.36,4,可能加速下跌,,56,0,0
115,★ Sport Gloves | Arid (Field-Tested),6300.0,6230.0,348,101,0.2902,0.9889,steamdt-live,6548.0,54,6379.49,85,,17,12,9,5,6,0,4,3,-0.005793470602051154,-0.007795889440113446,-0.00023481527864743779,-0.013544194785876429,0.013775829680651275,0.0,0.04175222450376459,0.0,-0.17915309446254069,0.36,5,可能加速下跌,,56,0,0
116,★ Hand Wraps | Leather (Field-Tested),3914.48,3810.0,301,84,0.2791,0.9733,steamdt-live,4200.0,24,4000.0,64,,17,12,9,5,8,3,2,0,-0.01275318829707428,-0.008490374873353579,0.02670089858793334,-0.021135283820955197,0.031069306930693097,0.024732984293193816,0.06071265746850629,0.003970248781739016,-0.11014321436690155,0.36,13,可能加速下跌,,56,0,0
117,★ Specialist Gloves | Foundation (Minimal Wear),6132.99,6080.0,175,35,0.2,0.9914,steamdt-live,6230.0,33,6163.65,47,,17,15,7,5,6,0,6,0,-0.0002516438022567291,-0.004053296957591379,-8.116883116882079e-05,-0.004303920772790071,0.004384740259740338,0.005573044761436163,0.04914883720930241,0.053271621900116806,-0.17892787861018622,0.36,6,回撤不明显,,56,0,0
118,Tec-9 | Toxic (Factory New),173.49,161.0,252,31,0.123,0.928,steamdt-live,171.0,81,167.71,112,,11,6,9,2,6,17,2,3,-0.023695278715715862,0.01759601965900126,-0.024106833159902807,-0.006516201646821873,0.03609402839243636,0.03409791589591804,0.04165714285714284,0.12180602006688979,-0.31266393442622953,0.36,21,长期阴跌,,56,0,0
119,USP-S | Printstream (Factory New),634.5,629.0,491,42,0.0855,0.9913,steamdt-live,639.0,385,657.0,143,,7,15,9,2,2,10,6,5,0.008737092930897639,-0.0007874015748031704,-0.013013483850736862,0.00794281175536149,0.0068868367506651484,0.00794281175536149,0.011374259894047944,0.010350318471337605,-0.02831590070292045,0.36,9,回撤不明显,,56,0,0
120,Tec-9 | Flash Out (Factory New),23.64,22.6,909,20,0.022,0.956,steamdt-live,23.18,208,23.82,107,,3,9,15,2,8,8,6,5,-0.001716001716001725,-0.0038676407391491363,-0.024277940560904265,-0.005577005577005578,0.029719547928003354,0.0,0.06795335745878572,-0.020701309674693746,-0.3735135135135135,0.33,4,长期阴跌,,56,0,0
121,AK-47 | The Empress (Factory New),1728.0,1680.0,361,106,0.2936,0.9722,steamdt-live,1762.0,157,1767.22,101,,17,12,9,2,8,0,4,3,0.002865329512893977,-0.012571428571428567,0.026470588235294024,-0.009742120343839589,0.02757456387169388,0.016470588235294015,0.06056322713928464,-0.0005783689994216523,0.17711171662125347,0.36,13,可能加速下跌,,55,0,0
122,AK-47 | Aphrodite (Factory New),1889.99,1860.0,354,92,0.2599,0.9841,steamdt-live,1888.48,216,1888.0,188,,17,12,9,2,4,0,6,5,0.014099783080260275,0.009625668449197766,-0.0029737766964044177,0.02386117136659438,0.0,0.03237659873468246,0.020746887966805017,0.06696807007629269,0.01888828926065833,0.36,8,回撤不明显,,55,0,0
123,AK-47 | Frontside Misty (Factory New),793.0,783.0,389,80,0.2057,0.9874,steamdt-live,817.0,98,795.0,169,,17,12,9,2,4,0,6,5,0.0019053868187610679,-0.0012594458438287548,0.03054616384915465,0.0006435412434226961,0.006265664160400974,0.03513993316624897,0.028067165093761504,0.017318794098781343,-0.07790697674418601,0.36,6,回撤不明显,,55,0,0
124,M4A1-S | Mecha Industries (Factory New),1488.9,1470.0,534,103,0.1929,0.9873,steamdt-live,1499.3,166,1504.9,125,,14,12,12,2,4,0,6,5,0.004355108877721836,-0.0067378252168111,0.010843283733719788,-0.002412060301507424,0.013908205841446475,0.026827586206896514,0.024676234958108556,0.0343174713442167,-0.0687798257519372,0.29,8,可能加速下跌,,55,0,0
125,★ Hand Wraps | Leather (Minimal Wear),4037.49,3930.0,193,37,0.1917,0.9734,steamdt-live,4098.56,29,4057.68,39,,14,12,7,5,6,0,6,5,-0.0018459779123443099,-0.0030839658467449738,-0.007218061302138312,-0.0049242508262538065,0.012106768584061012,0.0,0.034093301435406786,0.03102400408580186,-0.1027800000000001,0.36,2,暂未减速,,55,0,0
126,★ Hand Wraps | Spruce DDPAT (Minimal Wear),2609.99,2560.0,190,34,0.1789,0.9808,steamdt-live,2649.14,34,2623.04,53,,14,12,7,5,6,0,6,5,0.008599399737240443,-0.0030024638539259962,0.015866989694676148,0.005571116496438044,0.004439985810354763,0.021526503039150935,0.04395970695970708,0.029784967449201005,-0.11477750644417317,0.36,3,回撤不明显,,55,0,0
127,★ Hydra Gloves | Mangrove (Field-Tested),177.0,175.0,117,18,0.1538,0.9887,steamdt-live,178.78,114,175.86,328,,14,12,7,5,2,9,6,0,-0.005665722379603388,-0.0007977207977206691,0.0011344299489506326,-0.006458923512747794,0.00926553672316377,0.003777904979965774,0.00926553672316377,-0.003126598828946503,-0.07113724243868835,0.36,10,回撤不明显,,55,0,0
128,Tec-9 | Brother (Factory New),19.95,18.2,217,24,0.1106,0.9123,steamdt-live,18.71,152,17.7,1373,,11,6,7,2,8,10,6,5,0.02609727164887321,0.023121387283236983,-0.009982384028185631,0.04982206405693956,0.0,0.04982206405693956,0.053475935828877,-0.053475935828877,-0.4739970282317979,0.36,8,长期阴跌,,55,0,0
129,FAMAS | Mecha Industries (Factory New),709.5,692.0,1267,124,0.0979,0.9753,steamdt-live,708.5,173,716.49,193,,7,12,15,2,8,0,6,5,0.0,-0.0021126760563380254,0.0009868884816015555,-0.0021126760563380254,0.022758620689655173,0.010281053487145142,0.055333333333333345,0.09270655007017381,-0.19213226909920178,0.36,13,暂未减速,,55,0,0
130,M4A1-S | Basilisk (Factory New),191.7,182.0,582,47,0.0808,0.9494,steamdt-live,189.98,174,190.76,175,,7,9,12,2,6,10,6,3,0.034505137912385075,-0.006796319531576778,-0.015232211333617296,0.02747431043807458,0.00736715606876015,0.035877862595419696,0.04214984370273278,0.046721763085399326,-0.1518750000000001,0.36,9,回撤不明显,,55,0,0
131,Galil AR | Amber Fade (Factory New),116.9,111.0,528,33,0.0625,0.9495,steamdt-live,124.49,121,116.92,191,,7,9,12,2,4,10,6,5,0.009178283834098133,-0.0012870012870012104,-0.012821608684502994,0.007879470083990148,0.004532626357649838,0.030088495575221197,0.029999999999999916,0.0,-0.40163470929933687,0.13,6,长期阴跌,,55,0,0
132,AK-47 | Steel Delta (Factory New),62.88,60.0,1790,43,0.024,0.9542,steamdt-live,62.57,325,63.77,406,,3,9,15,2,8,9,6,3,-0.006342159505311584,-0.0015956598053294968,-0.009579145728643157,-0.007927699381639397,0.01743090452261309,0.0,0.05254391278013337,-0.003186235462800724,-0.3542827657378741,0.34,4,长期阴跌,,55,0,0
133,M4A1-S | Black Lotus (Factory New),74.39,72.0,1494,29,0.0194,0.9679,steamdt-live,74.98,1026,77.37,543,,3,12,15,2,2,10,6,5,-0.005242640139803689,0.005270270270270272,-0.00013440860215063744,0.0,0.007868765004001133,0.033194444444444526,0.008133333333333326,-0.003883235136582841,-0.14494252873563218,0.36,10,回撤不明显,,55,0,0
134,★ Driver Gloves | Convoy (Field-Tested),3230.0,3180.0,178,135,0.7584,0.9845,steamdt-live,3450.0,17,3300.0,42,,20,12,7,5,8,0,2,0,-0.0010151515151515245,-0.020217493516145213,0.01710587147480358,-0.021212121212121238,0.03567408769693292,0.0,0.06376811594202902,0.013492312519610916,-0.14482393433942287,0.36,11,可能加速下跌,,54,0,0
135,★ Hand Wraps | Slaughter (Field-Tested),3249.99,3160.0,280,125,0.4464,0.9723,steamdt-live,3400.0,42,3375.66,88,,20,12,9,5,6,0,2,0,-0.012019587475886606,-0.02373385401021333,0.043515154893635444,-0.03546817035168426,0.03561127596439173,0.007124264022311699,0.04901536210680324,0.019764668967681143,-0.10221270718232045,0.36,12,可能加速下跌,,54,0,0
136,★ Moto Gloves | Boom! (Field-Tested),3250.0,3180.0,248,101,0.4073,0.9785,steamdt-live,3468.0,28,3293.7,66,,20,12,7,5,6,0,4,0,-0.004190325813014373,-0.008995273669766712,0.03335425164731731,-0.013147906355327588,0.013147906355327588,0.022012578616352307,0.04041477702191987,0.048387096774193505,-0.11323328785811737,0.32,6,可能加速下跌,,54,0,0
137,★ Broken Fang Gloves | Unhinged (Minimal Wear),482.0,653.0,59,23,0.3898,1.3548,steamdt-live,495.0,58,493.8,53,"溢价求购:买一高于卖一,多为定向收特定图案,买一价不可作退出价",20,0,4,5,4,10,6,5,-0.0010570824524313016,0.020105820105820182,-0.010460251046025104,0.019027484143763207,0.0,0.05038354253835431,0.016627562990921052,0.015806111696522684,-0.05675146771037187,0.15,5,回撤不明显,买一异常溢价(不作为可成交退出价),54,0,0
138,★ Sport Gloves | Pandora's Box (Field-Tested),21749.5,28180.0,432,93,0.2153,1.2957,steamdt-live,21849.0,361,22199.0,82,"溢价求购:买一高于卖一,多为定向收特定图案,买一价不可作退出价",17,0,9,5,2,10,6,5,0.009389671361502261,0.011627906976744207,-0.013340744858254538,0.021126760563380254,0.0,0.021126760563380254,0.0068266398776227755,-0.0017898939832025063,-0.05021834061135366,0.09,5,回撤不明显,买一异常溢价(不作为可成交退出价),54,0,0
139,AK-47 | Leet Museo (Factory New),3630.0,3590.0,594,106,0.1785,0.989,steamdt-live,3725.0,66,3693.29,74,,14,12,12,2,8,0,6,0,-0.008086253369272267,-0.013586956521739135,0.005420054200542035,-0.021563342318059342,0.04418347464321459,0.0,0.050980392156862786,0.025423728813559254,-0.009679496273339416,0.36,11,可能加速下跌,,54,0,0
140,AWP | Wildfire (Factory New),1015.0,990.0,509,76,0.1493,0.9754,steamdt-live,1009.0,156,1020.0,146,,11,12,12,2,6,0,6,5,0.004975124378109541,-0.000990099009900991,0.015664477008590305,0.003980099502487455,0.01560975609756099,0.020222446916076775,0.039047619047619,0.10395080908981491,-0.034449760765550286,0.36,3,可能加速下跌,,54,0,0
141,P250 | Crimson Kimono (Factory New),140.0,137.0,155,18,0.1161,0.9786,steamdt-live,144.9,60,141.4,85,,11,12,7,2,8,10,4,0,-0.036608863198458574,0.0,-0.0037704805648866024,-0.036608863198458574,0.03958290457570146,0.007339185494315892,0.05869696765951715,-0.05876025279010355,-0.3014320642682501,0.17,5,长期阴跌,,54,0,0
142,P250 | Cyber Shell (Factory New),23.36,23.9,349,21,0.0602,1.0231,steamdt-live,22.12,136,22.62,120,,7,15,9,2,10,4,2,5,-0.006634232640424509,-0.015138023152270752,-0.04880100967606227,-0.021671826625386914,0.0690235690235691,0.0,0.09861450692746532,-0.09418509418509424,-0.3490288404944084,0.34,3,长期阴跌,,54,0,0
143,Five-SeveN | Fairy Tale (Factory New),1995.0,1940.0,183,53,0.2896,0.9724,steamdt-live,1999.0,41,2029.99,59,,17,12,7,2,6,0,4,5,-0.0017264493022473015,-0.011397423191278455,0.012273533034882655,-0.013104195420209797,0.013353115727002929,0.023076923076922995,0.036231884057971064,0.0390625,0.3489755899655149,0.28,6,可能加速下跌,,53,0,0
144,USP-S | Target Acquired (Factory New),2310.0,2270.0,144,39,0.2708,0.9827,steamdt-live,2361.85,51,2338.58,51,,17,12,7,2,4,0,6,5,0.0027490213136147634,0.0020300869293632395,-0.0032516800346845676,0.004784688995215225,0.004310344827586188,0.004784688995215225,0.02920781676822859,0.008733624454148492,-0.0066225165562914245,0.24,4,回撤不明显,,53,0,0
145,★ Bloodhound Gloves | Snakebite (Field-Tested),1248.5,1220.0,227,61,0.2687,0.9772,steamdt-live,1260.0,19,1244.99,82,,17,12,7,5,6,0,6,0,-0.009842519685039353,-0.009948310139164973,0.05865975342397234,-0.019692913385826794,0.03459212158808922,0.03781165859473323,0.03459212158808922,0.05679580334102963,-0.09091639284410369,0.36,13,可能加速下跌,,53,0,0
146,M4A1-S | Hyper Beast (Factory New),1894.5,1820.0,223,57,0.2556,0.9607,steamdt-live,1920.0,54,1893.5,82,,17,12,7,2,6,0,6,3,0.0018410796804599894,-0.010471204188481686,0.01571124134256796,-0.00864940282928317,0.015368585569158655,0.006925945657964894,0.044489383215369105,0.027732463295269127,0.005319148936170137,0.36,10,可能加速下跌,,53,0,0
147,M4A1-S | Control Panel (Factory New),1119.0,1110.0,752,120,0.1596,0.992,steamdt-live,1160.0,71,1130.0,126,,14,15,12,2,8,0,2,0,-0.00517911091929224,-0.029067245119305807,0.016228070175438702,-0.03409581355200686,0.051694915254237306,0.0,0.05877800955521173,-0.03947673370586868,0.18538135593220328,0.36,12,可能加速下跌,,53,0,0
148,FAMAS | Eye of Athena (Factory New),208.29,203.0,315,33,0.1048,0.9746,steamdt-live,215.0,93,209.53,102,,11,12,9,2,8,0,6,5,0.004796163069544335,-0.005775656324582323,0.004577210310768409,-0.0010071942446043813,0.028905776493076685,0.0035654059262826276,0.07013392857142864,0.03626865671641788,-0.2423062931975264,0.36,4,可能加速下跌,,53,0,0
149,M4A4 | Hellish (Factory New),756.0,754.0,648,44,0.0679,0.9974,steamdt-live,779.49,179,768.7,233,,7,15,12,2,8,0,6,3,-0.004584151931892655,-0.0052631578947368585,-0.007797270955165692,-0.00982318271119842,0.018181818181818188,0.0,0.07692307692307687,-0.008524590163934476,-0.14864864864864868,0.25,9,暂未减速,,53,0,0
150,AK-47 | Legion of Anubis (Factory New),350.0,350.0,763,37,0.0485,1.0,steamdt-live,355.5,335,346.67,228,,3,15,12,2,0,10,6,5,0.0,0.0226253687315634,-0.00877192982456143,0.0226253687315634,0.0,0.0226253687315634,0.0,0.050515151515151624,-0.0015264976958524468,0.36,3,回撤不明显,,53,0,0
151,USP-S | Desert Tactical (Factory New),18.93,18.3,779,24,0.0308,0.9667,steamdt-live,18.75,144,18.9,283,,3,12,12,2,8,7,4,5,-0.012572027239392325,-0.0053050397877985045,-0.021025641025641084,-0.01781037192247248,0.038461538461538436,0.012419006479481576,0.062031015507753806,0.009693053311793154,-0.4777158774373259,0.36,5,长期阴跌,,53,0,0
152,M4A4 | Sheet Lightning (Factory New),28.46,27.2,1098,25,0.0228,0.9557,steamdt-live,27.6,538,28.7,618,,3,9,15,2,8,10,6,0,0.014130434782608559,-0.013933547695605508,-0.011815252416756072,0.0,0.013933547695605508,0.022600963319748146,0.06377204884667564,-0.0482758620689655,-0.3021491782553729,0.28,11,长期阴跌,,53,0,0
153,AK-47 | Neon Rider (Factory New),1550.0,1520.0,461,96,0.2082,0.9806,steamdt-live,1584.5,182,1595.0,115,,17,12,9,2,6,0,6,0,0.011862776530939367,-0.017743979721166037,-0.0056111713320154966,-0.006091696056428342,0.024537599355565543,0.0,0.04896306295250952,0.001615508885298933,0.06310013717421126,0.36,10,可能加速下跌,,52,0,0
154,Desert Eagle | Naga (Factory New),182.9,178.0,281,44,0.1566,0.9732,steamdt-live,184.87,50,182.0,104,,14,12,9,2,4,0,6,5,0.019442896935933263,-0.005410131701185872,0.00011143302874971894,0.013927576601671321,0.005410131701185872,0.01875174923033862,0.02323834057854346,0.05543957318487602,-0.20866124614113657,0.23,11,回撤不明显,,52,0,0
155,★ Moto Gloves | Cool Mint (Minimal Wear),7249.9,7060.0,167,23,0.1377,0.9738,steamdt-live,7349.0,37,7291.16,55,,11,12,7,5,6,0,6,5,-0.0011284249137549773,-0.0036241096056084388,0.01349567095049875,-0.004748444983794342,0.004748444983794342,0.0139720279720279,0.04594025529674961,-0.0010430632162448106,-0.17684927618506963,0.36,2,回撤不明显,,52,0,0
156,M4A1-S | Flashback (Factory New),855.0,852.0,674,87,0.1291,0.9965,steamdt-live,849.99,70,875.01,82,,11,15,12,2,10,0,2,0,-0.005264957264957237,-0.026223535881220728,-0.0014792899408283544,-0.03135042735042737,0.042901057325271164,0.0,0.0922595527456802,-1.1764705882377768e-05,-0.09286019210245466,0.32,11,可能加速下跌,,52,0,0
157,AK-47 | B the Monster (Factory New),2319.0,2280.0,513,61,0.1189,0.9832,steamdt-live,2345.0,277,2350.0,161,,11,12,12,2,4,0,6,5,-0.00043478260869567187,0.008699434536755035,0.006564551422319376,0.008260869565217321,0.0004310344827586077,0.024252569464994655,0.023373341756159238,0.014879649890590763,-0.100814269096549,0.35,3,回撤不明显,,52,0,0
158,M4A1-S | Moss Quartz (Factory New),516.49,514.0,479,40,0.0835,0.9952,steamdt-live,527.95,129,522.74,178,,7,15,9,2,8,0,6,5,-0.002671227611653393,-0.004778696263753268,0.0046917537118917885,-0.007437158889999185,0.008656429942418442,0.007274358374288248,0.053874335958966735,0.022914521112255448,-0.19044185645543033,0.32,6,回撤不明显,,52,0,0
159,AWP | POP AWP (Factory New),227.5,223.0,1306,87,0.0666,0.9802,steamdt-live,227.0,314,231.56,298,,7,12,15,2,10,0,6,0,-0.002178649237472796,-0.008733624454148492,0.020000000000000018,-0.01089324618736387,0.02319376909505566,0.02714932126696823,0.10326301651260172,0.05092592592592582,-0.2747603833865815,0.32,8,可能加速下跌,,52,0,0
160,Galil AR | Rocket Pop (Factory New),55.38,54.0,586,32,0.0546,0.9751,steamdt-live,56.8,265,56.71,260,,3,12,12,2,4,10,6,3,-0.026851684988286162,0.025555555555555554,-0.007156915369475714,-0.001982339160209068,0.009125067096081518,0.025555555555555554,0.02379693283976725,0.007275372862859397,-0.23083333333333333,0.23,5,回撤不明显,,52,0,0
161,Glock-18 | Grinder (Factory New),59.8,57.0,882,38,0.0431,0.9532,steamdt-live,58.8,321,61.44,244,,3,9,12,2,6,9,6,5,-0.013907506702412809,-0.000849617672047609,-0.0036727879799666185,-0.014745308310991967,0.018363939899833093,0.01379310344827589,0.04854368932038833,-0.003389830508474634,-0.3233601841196778,0.27,7,长期阴跌,,52,0,0
162,Desert Eagle | Sputnik (Factory New),59.0,57.0,2022,86,0.0425,0.9661,steamdt-live,56.98,492,59.65,510,,3,12,15,2,10,10,0,0,-0.056761268781302165,0.008495575221238783,0.015426343448041946,-0.048747913188647796,0.048747913188647796,0.010462848022698923,0.09555555555555562,0.01749999999999985,-0.34233610341643583,0.36,7,长期阴跌,,52,0,0
163,P250 | Kintsugi (Factory New),122.9,175.0,107,35,0.3271,1.4239,steamdt-live,125.89,112,124.0,62,"溢价求购:买一高于卖一,多为定向收特定图案,买一价不可作退出价",20,0,7,2,2,9,6,5,-0.004065040650406471,0.0032653061224490187,-0.008064516129032251,-0.0008130081300812275,0.00887096774193541,0.02416666666666667,0.009270455461507399,0.015702479338842945,0.05493562231759652,0.16,5,回撤不明显,买一异常溢价(不作为可成交退出价),51,0,0
164,★ Sport Gloves | Ultra Violent (Minimal Wear),11300.0,12410.0,268,63,0.2351,1.0982,steamdt-live,11577.5,290,11649.0,81,"溢价求购:买一高于卖一,多为定向收特定图案,买一价不可作退出价",17,0,9,5,4,10,6,0,0.012222222222222134,-0.007683863885839748,-0.012118018967333999,0.004444444444444473,0.007727432384966648,0.018018018018018056,0.016107966913365246,0.004444444444444473,-0.0494616419919246,0.36,4,回撤不明显,买一异常溢价(不作为可成交退出价),51,0,0
165,Tec-9 | Cracked Opal (Factory New),49.88,48.0,389,28,0.072,0.9623,steamdt-live,49.69,149,49.7,67,,7,12,9,2,10,0,6,5,-0.0030000000000000027,-0.0030090270812437314,0.04166666666666674,-0.005999999999999894,0.01603642843001374,0.03541666666666665,0.0961993089652664,0.03541666666666665,0.12596284549161774,0.18,4,可能加速下跌,,51,0,0
166,AK-47 | Head Shot (Factory New),543.48,536.0,387,17,0.0439,0.9862,steamdt-live,550.0,193,549.7,131,,3,12,9,2,4,10,6,5,0.0009383969971294981,-0.0009375172337726667,-0.010036612688755664,0.0,0.009134168353114869,0.0018803229731223503,0.0207567567567567,-0.011836578846888157,-0.0698613725825773,0.35,6,回撤不明显,,51,0,0
167,M4A1-S | Nitro (Factory New),76.7,74.0,1321,47,0.0356,0.9648,steamdt-live,76.9,405,76.3,341,,3,12,15,2,8,0,6,5,-0.0026109660574411553,-0.0013089005235603635,0.0,-0.003916449086161844,0.003916449086161844,0.0173333333333332,0.05099502487562202,-0.003656307129798919,-0.30185744349894783,0.26,5,长期阴跌,,51,0,0
168,★ Driver Gloves | Plum Quill (Field-Tested),634.3,659.0,51,27,0.5294,1.0389,steamdt-live,628.0,48,628.12,31,,20,15,4,5,0,0,6,0,0.034811117151847704,-0.00019104629688593278,-0.004118129614438026,0.0346134203199393,0.0015898251192368873,0.036320731365204084,0.0031746031746031633,0.03291172552180144,-0.030864197530864224,0.11,8,回撤不明显,,50,0,0
169,★ Bloodhound Gloves | Charred (Field-Tested),1574.5,1550.0,240,75,0.3125,0.9844,steamdt-live,1690.0,19,1617.47,63,,20,12,7,5,4,0,2,0,-0.00012500000000004174,-0.01581447680960113,0.045751633986928164,-0.01593750000000005,0.01593750000000005,0.022747940863148575,0.01593750000000005,0.065298141394732,-0.05718562874251498,0.18,3,可能加速下跌,,50,0,0
170,AK-47 | Aquamarine Revenge (Factory New),1308.48,1280.0,380,101,0.2658,0.9782,steamdt-live,1326.88,120,1304.5,99,,17,12,9,2,6,0,4,0,0.007578628268283483,-0.018804061677322292,0.03979511426319937,-0.011367942402425113,0.018804061677322292,0.023137254901960835,0.035632438826051605,0.06489795918367336,0.14480035103115396,0.36,11,可能加速下跌,,50,0,0
171,Desert Eagle | Hypnotic (Factory New),1109.5,1060.0,231,51,0.2208,0.9554,steamdt-live,1130.0,72,1111.73,104,,17,9,7,2,6,0,6,3,0.013187812642110108,-0.004039497307001816,0.013831258644536604,0.009095043201455155,0.008923706330561276,0.027790643816581806,0.04353448275862071,0.012520761466717767,0.08243902439024398,0.27,10,回撤不明显,,50,0,0
172,M4A1-S | Player Two (Factory New),1039.5,1020.0,456,95,0.2083,0.9812,steamdt-live,1039.5,131,1029.5,145,,17,12,9,2,6,0,4,0,-0.00812022900763354,-0.009610482063319492,0.02896416298478144,-0.017652671755725158,0.01812112541726274,0.010800196367206638,0.037850467289719636,0.05051020408163276,0.0315631262525049,0.36,8,可能加速下跌,,50,0,0
173,Glock-18 | Weasel (Factory New),217.38,214.0,494,81,0.164,0.9845,steamdt-live,218.77,104,217.38,82,,14,12,9,2,8,0,0,5,-0.010921799912625652,-0.03984098939929337,0.05483870967741944,-0.05032765399737882,0.05032765399737882,0.03514285714285714,0.05486956521739128,0.045196653524377295,-0.04657894736842105,0.36,11,可能加速下跌,,50,0,0
174,M4A4 | Desolate Space (Factory New),522.8,516.0,619,89,0.1438,0.987,steamdt-live,522.0,162,520.0,194,,11,12,12,2,6,0,4,3,-0.0009514747859181716,-0.00952380952380949,0.020388349514563142,-0.010466222645099887,0.011406844106463865,0.011673151750972721,0.03525046382189234,-0.011218862901692273,-0.10189982728842828,0.36,6,可能加速下跌,,50,0,0
175,★ Broken Fang Gloves | Yellow-banded (Field-Tested),280.45,274.0,154,19,0.1234,0.977,steamdt-live,286.0,126,279.0,104,,11,12,7,5,4,0,6,5,0.018411800949585055,-0.007082102565927673,-0.002782998409715076,0.01119930412090886,0.007117437722419906,0.05283018867924527,0.029159997216229416,-0.029565217391304355,-0.04901492944304309,0.36,14,回撤不明显,,50,0,0
176,Glock-18 | Gold Toof (Factory New),910.0,888.0,539,59,0.1095,0.9758,steamdt-live,930.35,124,924.89,139,,11,12,12,2,6,0,4,3,-0.0011014176663031172,-0.006539372700575363,0.013819789939192972,-0.007633587786259555,0.01621621621621616,0.00608070757324497,0.03601694915254239,-0.010331702011962984,-0.09900990099009899,0.13,6,可能加速下跌,,50,0,0
177,M4A4 | 龍王 (Dragon King) (Factory New),376.1,369.0,794,71,0.0894,0.9811,steamdt-live,379.5,198,384.83,180,,7,12,12,2,6,0,6,5,-0.0026315789473684292,-0.007651715039577733,0.016042780748663166,-0.010263157894736752,0.016474895397489475,0.009664429530201302,0.04543147208121823,0.02340136054421782,-0.04784810126582273,0.36,12,可能加速下跌,,50,0,0
178,M4A1-S | Leaded Glass (Factory New),304.0,299.0,1110,94,0.0847,0.9836,steamdt-live,300.0,194,306.07,204,,7,12,15,2,8,0,6,0,-0.001672131147540945,-0.01474596866892186,0.008264462809917328,-0.016393442622950838,0.02556273751908278,0.0,0.07663896583564167,-0.006984211048955746,-0.06364118730297441,0.36,13,可能加速下跌,,50,0,0
179,M4A4 | Hellfire (Factory New),2149.0,2080.0,622,50,0.0804,0.9679,steamdt-live,2249.47,75,2210.0,105,,7,12,12,2,8,0,6,3,0.011574074074074181,-0.016475972540045736,0.018872730531747983,-0.0050925925925925375,0.03589053387169139,0.013206097152744789,0.06320836965998256,0.03841507610533945,-0.1702702702702703,0.35,7,可能加速下跌,,50,0,0
180,AWP | Printstream (Factory New),1080.0,1060.0,435,154,0.354,0.9815,steamdt-live,1098.0,332,1099.0,151,,20,12,9,2,2,0,4,0,-0.0036730945821854544,-0.004608294930875556,0.018232819074333717,-0.008264462809917328,0.013698630136986356,0.01076275152082351,0.014103792961796535,0.014560826679192118,-0.015002964111450634,0.35,7,可能加速下跌,,49,0,0
181,Tec-9 | Decimator (Factory New),808.0,785.0,200,64,0.32,0.9715,steamdt-live,829.5,49,827.5,43,,20,12,7,2,6,0,2,0,0.0032335329341317554,-0.035454219887788074,0.018292682926829285,-0.03233532934131733,0.048056645342193005,0.0,0.04879627994584734,-0.03809523809523807,0.4175438596491228,0.31,18,可能加速下跌,,49,0,0
182,M4A1-S | Chantico's Fire (Factory New),1764.5,1730.0,248,71,0.2863,0.9804,steamdt-live,1796.0,68,1766.9,84,,17,12,7,2,2,0,6,3,0.007067540609860368,-0.0013583111664497993,0.008333333333333304,0.005699629524080985,0.004232505643340878,0.014080459770114961,0.012038073908174685,0.03187134502923983,0.037941176470588145,0.36,13,回撤不明显,,49,0,0
183,★ Hand Wraps | Badlands (Minimal Wear),2993.5,2880.0,147,39,0.2653,0.9621,steamdt-live,3000.0,18,2998.0,51,,17,12,7,5,4,0,4,0,0.003010033444815985,-0.01633877959319774,0.032815198618307395,-0.013377926421404673,0.016502750458409765,0.02076124567474058,0.028646690813302622,0.02537365311087947,0.007513661202185773,0.09,7,可能加速下跌,,49,0,0
184,P250 | Lotus Imprint (Factory New),84.19,77.0,74,17,0.2297,0.9146,steamdt-live,83.49,70,85.9,72,,17,6,4,2,4,10,6,0,-0.023693296821050036,0.01817073170731698,-0.002494061757719823,-0.005953089653530141,0.009608540925266973,0.01817073170731698,0.015331996697723893,-0.015448113207547243,0.005903614457831274,0.16,6,回撤不明显,,49,0,0
185,★ Broken Fang Gloves | Needle Point (Field-Tested),272.99,281.0,92,19,0.2065,1.0293,steamdt-live,265.0,96,267.95,111,,17,15,4,5,4,0,4,0,0.0024132170038981826,-0.01851851851851849,0.005037313432835866,-0.01614999071839618,0.01851851851851849,0.0,0.01851851851851849,0.019230769230769162,-0.05981693039097424,0.36,7,可能加速下跌,,49,0,0
186,Glock-18 | Neo-Noir (Factory New),1275.0,1250.0,381,67,0.1759,0.9804,steamdt-live,1287.99,90,1309.0,125,,14,12,9,2,6,0,6,0,-0.0039163583274755,-0.011244668476153574,0.04112816965973143,-0.015116988652602692,0.018853405155829117,0.02822580645161299,0.03409090909090906,0.011904761904761862,-0.102112676056338,0.3,5,可能加速下跌,,49,0,0
187,M4A4 | Red DDPAT (Factory New),743.88,725.0,177,30,0.1695,0.9746,steamdt-live,760.0,29,751.07,71,,14,12,7,2,8,0,6,0,-0.002138739073832996,-0.009704860417748318,0.029794801641586766,-0.01182284332739969,0.021210526315789457,0.017619699042407566,0.0689862327909887,-0.008160000000000056,-0.32374545454545456,0.25,14,长期阴跌,,49,0,0
188,Glock-18 | Bullet Queen (Factory New),784.5,760.0,449,71,0.1581,0.9688,steamdt-live,775.0,87,787.5,112,,14,12,9,2,6,0,6,0,0.0,0.0013049264202380506,0.03336448598130848,0.0013049264202380506,0.005134788189987138,0.027851458885941538,0.043528700309773294,0.06164383561643838,-0.07183405590553071,0.28,7,回撤不明显,,49,0,0
189,M4A1-S | Briefing (Factory New),390.0,381.0,271,33,0.1218,0.9769,steamdt-live,389.9,59,392.7,104,,11,12,9,2,4,0,6,5,0.012727272727272698,0.0,-0.002590673575129543,0.012727272727272698,0.0,0.015364583333333348,0.025250000000000106,0.022018348623853212,-0.2629489603024575,0.36,3,回撤不明显,,49,0,0
190,M4A4 | Global Offensive (Factory New),328.0,321.0,332,36,0.1084,0.9787,steamdt-live,335.0,88,326.62,133,,11,12,9,2,4,0,6,5,-0.0021359697302576475,-0.0012231667787901968,0.033817034700315496,-0.0033565238618333826,0.0033565238618333826,0.012022061101815584,0.021157995684488173,0.032268259536677,-0.15927927927927932,0.25,6,回撤不明显,,49,0,0
191,AWP | Electric Hive (Factory New),538.69,533.0,475,43,0.0905,0.9894,steamdt-live,531.88,210,544.03,183,,7,12,9,2,8,0,6,5,0.012407467316219112,-0.00024435630909191985,-0.005318947567669818,0.012160079164208693,0.0014268549113848339,0.013124059505895236,0.05861946902654869,0.0439254170755643,-0.16828772478498832,0.36,2,回撤不明显,,49,0,0
192,Desert Eagle | The Bronze (Factory New),146.88,141.0,631,57,0.0903,0.96,steamdt-live,145.97,160,144.86,189,,7,9,12,2,10,0,6,3,-0.0032090673221357724,-0.007740256181930194,-0.010405405405405355,-0.010924484500887566,0.025627228089056153,0.005972222222222268,0.13840480580503167,0.017418176710212174,-0.2570520053338803,0.36,10,暂未减速,,49,0,0
193,M4A4 | Buzz Kill (Factory New),3076.0,3040.0,986,76,0.0771,0.9883,steamdt-live,3150.0,148,3132.08,141,,7,12,15,2,8,1,4,0,-0.01577287066246058,-0.014102564102564052,0.022580645161290214,-0.029652996845425883,0.031028508426523826,0.0,0.0639046375673693,-0.0011365481409320033,-0.12861189801699713,0.36,9,可能加速下跌,,49,0,0
194,Five-SeveN | Retrobution (Factory New),68.89,65.0,467,35,0.0749,0.9435,steamdt-live,69.9,121,68.8,96,,7,9,9,2,4,7,6,5,0.0014492753623187582,-0.004341534008682979,-0.011461318051575908,-0.0028985507246377384,0.00721500721500723,0.0,0.027699265121537753,0.06009244992295826,-0.24312431243124322,0.29,7,回撤不明显,,49,0,0
195,AWP | Fever Dream (Factory New),117.0,113.0,1173,50,0.0426,0.9658,steamdt-live,117.04,473,119.39,439,,3,12,15,2,6,0,6,5,0.004310344827586299,-0.0042918454935622075,0.009046624913013224,0.0,0.008547008547008517,0.026548672566371723,0.03325277106425528,0.09227871939736354,-0.17701312522170976,0.17,10,回撤不明显,,49,0,0
196,Desert Eagle | Hand Cannon (Factory New),2648.5,2190.0,20,7,0.35,0.8269,steamdt-live,2977.5,29,2577.08,33,,20,3,2,2,0,10,6,5,0.0029897650507044737,0.006801658026229784,-0.009850897987530138,0.009811758436388152,0.00013579418257714249,0.015782171349288943,0.0025699379189695337,0.007210890202960174,-0.08288967971530248,0.19,4,回撤不明显,,48,0,0
197,Desert Eagle | Code Red (Factory New),1134.0,1110.0,256,73,0.2852,0.9788,steamdt-live,1130.0,63,1159.06,92,,17,12,9,2,6,0,2,0,-0.0012245855082030355,-0.017391304347826098,0.05151598173515981,-0.01859459271675601,0.0258536711523375,0.04629629629629628,0.03418803418803418,0.06654082114204818,0.027272727272727337,0.35,6,可能加速下跌,,48,0,0
198,★ Moto Gloves | Eclipse (Minimal Wear),3497.97,3330.0,140,35,0.25,0.952,steamdt-live,3743.82,18,3560.69,39,,17,9,7,5,6,0,4,0,-0.0041629447356446025,-0.013454963950851218,0.04890703861826351,-0.01756189641514838,0.017567415730337044,0.03049231431037991,0.03889530090684257,0.06402798904776397,-0.1200251603975343,0.36,5,可能加速下跌,,48,0,0
199,FAMAS | Roll Cage (Factory New),896.0,882.0,99,22,0.2222,0.9844,steamdt-live,917.0,43,902.57,57,,17,12,4,2,2,0,6,5,-0.0005624296962879471,0.008441193021947013,-0.0061486864169927324,0.007874015748031482,0.0,0.008441193021947013,0.014301430143014326,-0.014301430143014326,-0.05280405941117394,0.34,3,回撤不明显,,48,0,0
200,★ Bloodhound Gloves | Bronzed (Field-Tested),1449.5,1430.0,255,44,0.1725,0.9865,steamdt-live,1500.0,12,1454.22,62,,14,12,9,5,6,0,2,0,-0.009810554803788896,-0.009566108643662474,-0.000338180588434267,-0.01928281461434367,0.019614474129184933,0.006597222222222143,0.03334444814938309,0.010104529616724811,-0.12151515151515146,0.36,5,可能加速下跌,,48,0,0
201,★ Broken Fang Gloves | Yellow-banded (Minimal Wear),439.5,511.0,109,18,0.1651,1.1627,steamdt-live,470.0,58,458.0,61,"溢价求购:买一高于卖一,多为定向收特定图案,买一价不可作退出价",14,0,7,5,6,10,6,0,-0.006787330316742057,0.001138952164009055,-0.001129943502824804,-0.005656108597285048,0.009019165727170209,0.001138952164009055,0.0319383259911894,-0.0189732142857143,-0.07082452431289643,0.36,12,回撤不明显,买一异常溢价(不作为可成交退出价),48,0,0
202,AWP | LongDog (Factory New),2978.87,2870.0,325,33,0.1015,0.9635,steamdt-live,2951.7,130,2936.34,172,,11,12,9,2,8,0,6,0,0.01145822698655774,-0.01205516508140514,-0.0003401939105289742,-0.0007350689127104681,0.01205516508140514,0.0025059747354045925,0.06768058421971734,0.012705638903259153,-0.19331318681318677,0.32,5,可能加速下跌,,48,0,0
203,AWP | CMYK (Factory New),3910.0,3860.0,288,29,0.1007,0.9872,steamdt-live,3969.0,86,3952.63,75,,11,12,9,2,8,0,6,0,0.005087161216439595,-0.009998759333483487,0.0024234693877551727,-0.00496246341773765,0.012626262626262652,0.012877270878612679,0.06904761904761902,0.002949852507374562,-0.17336152219873147,0.36,14,可能加速下跌,,48,0,0
204,Galil AR | Phoenix Blacklight (Factory New),991.49,965.0,444,37,0.0833,0.9733,steamdt-live,1005.86,141,993.73,129,,7,12,9,2,2,10,6,0,-0.012589982533544708,0.013793456032719753,0.0014964762029949785,0.0010298141286460005,0.000514112903225783,0.015350742447516552,0.008510000000000018,0.007151201178322797,-0.16404735004974447,0.36,7,回撤不明显,,48,0,0
205,Desert Eagle | Mecha Industries (Factory New),159.9,158.0,1265,103,0.0814,0.9881,steamdt-live,159.98,358,161.34,194,,7,12,15,2,6,0,1,5,0.020625000000000115,-0.02082057562767914,0.02564102564102555,-0.0006249999999999867,0.02499999999999991,0.06600000000000006,0.048214285714285654,0.11818181818181817,-0.06491228070175437,0.35,15,可能加速下跌,,48,0,0
206,Desert Eagle | Night Heist (Factory New),561.0,557.0,798,60,0.0752,0.9929,steamdt-live,590.0,136,579.5,164,,7,15,12,2,10,0,2,0,0.0078125,-0.03359173126614989,-0.0008673026886383273,-0.02604166666666663,0.03856041131105403,0.0,0.08978810396858883,0.002680965147453085,-0.3158453151867706,0.26,9,长期阴跌,,48,0,0
207,Desert Eagle | Cobalt Disruption (Factory New),634.34,613.0,616,45,0.0731,0.9664,steamdt-live,640.0,274,639.05,219,,7,12,12,2,4,0,6,5,0.0,-0.0010393700787401094,0.012759170653907415,-0.0010393700787401094,0.008843749999999928,0.01170653907496022,0.021080246913580236,0.000536277602523727,-0.15758300132802117,0.36,9,回撤不明显,,48,0,0
208,Desert Eagle | Starcade (Factory New),1209.5,1200.0,602,37,0.0615,0.9921,steamdt-live,1218.0,139,1220.0,178,,7,15,12,2,8,0,4,0,-0.0024590163934425924,-0.006162695152013176,-0.006919006919006931,-0.008606557377049184,0.015065146579804511,0.0,0.06240310077519384,-0.015065146579804511,-0.20349028646690814,0.33,4,暂未减速,,48,0,0
209,Glock-18 | Warhawk (Factory New),41.86,39.5,391,24,0.0614,0.9436,steamdt-live,42.45,71,42.25,252,,7,9,9,2,8,7,6,0,-0.007330338141404602,-0.00285850404954735,-0.011453950444132777,-0.010167888389690183,0.021505376344086113,0.046499999999999986,0.07777043401630312,-0.07878521126760563,-0.3387045813586098,0.35,4,长期阴跌,,48,0,0
210,FAMAS | Faulty Wiring (Factory New),19.5,19.2,450,24,0.0533,0.9846,steamdt-live,21.18,80,19.86,136,,3,12,9,2,10,5,2,5,0.0,-0.024024024024024038,-0.09592760180995474,-0.024024024024024038,0.11764705882352944,0.0,0.141725352112676,0.03889184869472562,-0.5102963335007533,0.36,6,长期阴跌,,48,0,0
211,M4A1-S | Boreal Forest (Factory New),70.0,63.0,562,22,0.0391,0.9,steamdt-live,68.29,115,69.61,109,,3,6,12,2,8,8,4,5,-0.020449020449020527,-0.0032116788321168155,-0.021958041958041852,-0.023595023595023634,0.04503496503496507,0.0,0.07667342799188648,-0.036545788062649964,-0.32502965599051004,0.36,12,长期阴跌,,48,0,0
212,★ Hand Wraps | Constrictor (Minimal Wear),688.99,686.0,106,20,0.1887,0.9957,steamdt-live,713.0,45,690.89,67,,14,15,7,5,0,0,6,0,0.0,-0.0027500759889417248,0.027345724907063218,-0.0027500759889417248,0.0027500759889417248,0.028343283582089596,0.0027500759889417248,0.02299925760950261,0.03451951951951959,0.36,5,回撤不明显,,47,0,0
213,USP-S | The Traitor (Factory New),667.99,650.0,287,49,0.1707,0.9731,steamdt-live,684.0,74,679.0,113,,14,12,9,2,4,0,6,0,-0.0015187969924811417,0.006024187111251633,0.007606291099730322,0.004496240601503665,0.0030000000000000027,0.016047091749817444,0.029084302325581346,0.04759739037701527,-0.033998553868402004,0.35,10,回撤不明显,,47,0,0
214,M4A4 | The Emperor (Factory New),1584.0,1570.0,405,59,0.1457,0.9912,steamdt-live,1618.1,126,1668.99,117,,11,15,9,2,8,0,2,0,-0.006630648330058886,-0.021013597033374576,0.006674907292954169,-0.027504911591355596,0.027504911591355596,0.0,0.06216696269982236,-0.03883495145631066,-0.12913441238564394,0.25,7,可能加速下跌,,47,0,0
215,FAMAS | Waters of Nephthys (Factory New),990.0,1120.0,165,22,0.1333,1.1313,steamdt-live,1058.0,57,1025.5,64,"溢价求购:买一高于卖一,多为定向收特定图案,买一价不可作退出价",11,0,7,2,6,10,6,5,0.004770120775398512,0.0,-0.011735205616850597,0.004770120775398512,0.007518796992481258,0.004770120775398512,0.04262726288101493,0.03664921465968596,-0.18965376115249244,0.36,4,回撤不明显,买一异常溢价(不作为可成交退出价),47,0,0
216,USP-S | Road Rash (Factory New),970.0,957.0,164,21,0.128,0.9866,steamdt-live,983.42,52,982.4,59,,11,12,7,2,4,0,6,5,0.0,0.0,-0.00512820512820511,0.0,0.01312442771390776,0.02212855637513167,0.02509623405730832,0.02051551814834296,-0.07619047619047614,0.34,4,暂未减速,,47,0,0
217,Desert Eagle | Golden Koi (Factory New),1418.98,1370.0,492,56,0.1138,0.9655,steamdt-live,1440.28,171,1429.26,132,,11,12,9,2,6,0,4,3,-0.006601806810284883,-0.007359216509268962,0.013737231419513884,-0.01391243919388463,0.019025233321811275,0.0,0.031412969283276415,-0.0007183098591548864,-0.05401333333333336,0.36,5,可能加速下跌,,47,0,0
218,M4A1-S | Hot Rod (Factory New),8499.0,8690.0,337,36,0.1068,1.0225,steamdt-live,8749.0,179,8550.25,125,,11,15,9,2,4,0,6,0,-0.0010598210080075,0.0018861251915596178,-0.0008236263089774765,0.0008243052284502284,0.005993976784304578,0.0019451812555260073,0.01614863691613122,0.006990521327014276,-0.09777070063694271,0.36,3,回撤不明显,,47,0,0
219,AWP | Chrome Cannon (Factory New),439.5,430.0,362,38,0.105,0.9784,steamdt-live,439.9,296,453.0,124,,11,12,9,2,2,0,6,5,-0.0021967963386727574,0.007935051830107342,-0.006818181818181834,0.005720823798627039,0.001136363636363602,0.010251930856932656,0.014573991031390121,0.011507479861910141,0.020929638319124644,0.36,6,回撤不明显,,47,0,0
220,Glock-18 | Ramese's Reach (Factory New),416.5,410.0,517,53,0.1025,0.9844,steamdt-live,410.0,111,409.19,197,,11,12,12,2,8,0,2,0,-0.013726415094339584,-0.021497919556171974,0.004739336492890933,-0.034929245283018884,0.03720000000000001,0.0,0.07002272727272729,-0.02341288782816231,-0.22910700828937447,0.36,18,可能加速下跌,,47,0,0
221,Tec-9 | Whiteout (Factory New),1209.2,1120.0,167,15,0.0898,0.9262,steamdt-live,1233.0,69,1211.0,100,,7,6,7,2,4,10,6,5,0.017436974789915904,-0.0012801982242410803,-0.024022176840620357,0.01613445378151268,0.008275307761073991,0.016561580496006867,0.02404377759303944,-0.02404377759303944,-0.11081697183616446,0.36,3,回撤不明显,,47,0,0
222,P250 | Epicenter (Factory New),128.5,122.0,182,15,0.0824,0.9494,steamdt-live,125.59,75,124.31,96,,7,9,7,2,6,10,6,0,-0.007008964955175223,0.02027248850952068,-0.0021956574774334436,0.01312143439282809,0.0,0.023211786978352134,0.03538449600372473,-0.027916796997184856,-0.14114964764405147,0.36,8,回撤不明显,,47,0,0
223,MP9 | Latte Rush (Factory New),338.0,325.0,522,36,0.069,0.9615,steamdt-live,349.0,180,347.74,250,,7,12,12,2,8,0,6,0,0.029673590504450953,-0.025936599423631135,-0.0038427431274017376,0.0029673590504450953,0.02705814622913061,0.01501501501501501,0.058495821727019504,-0.008768585589020272,-0.23702031602708806,0.36,12,可能加速下跌,,47,0,0
224,Desert Eagle | Trigger Discipline (Factory New),40.24,39.0,731,46,0.0629,0.9692,steamdt-live,39.5,438,41.73,339,,7,12,12,2,8,0,6,0,0.012499999999999956,-0.024691358024691357,0.0,-0.012499999999999956,0.045432576123731305,0.03947368421052633,0.059523809523809534,0.06785617734522842,-0.18202526402981978,0.26,12,可能加速下跌,,47,0,0
225,★ Moto Gloves | POW! (Field-Tested),444.0,706.0,619,35,0.0565,1.5901,steamdt-live,450.0,657,453.9,306,"溢价求购:买一高于卖一,多为定向收特定图案,买一价不可作退出价",3,0,12,5,6,10,6,5,0.006598407281001029,0.003616636528029016,-0.016778523489932917,0.010238907849829282,0.006711409395973145,0.010238907849829282,0.038961038961038974,-0.02631578947368418,-0.2210526315789474,0.36,15,回撤不明显,买一异常溢价(不作为可成交退出价),47,0,0
226,AK-47 | Inheritance (Factory New),709.5,707.0,851,41,0.0482,0.9965,steamdt-live,711.0,700,709.9,228,,3,15,12,2,4,0,6,5,0.0007047216349542751,-0.0007042253521126751,-0.0035112359550562022,0.0,0.004210526315789442,0.0008746191174811013,0.026748971193415683,-0.026748971193415683,-0.0874480700716408,0.36,11,回撤不明显,,47,0,0
227,AK-47 | Blue Laminate (Factory New),181.49,180.0,1227,55,0.0448,0.9918,steamdt-live,194.52,654,184.48,389,,3,15,15,2,8,0,4,0,0.003983194194357997,-0.013641304347826066,0.0031198686371101125,-0.009712446117749796,0.01631436314363144,0.0027625835681528432,0.07075930571911315,0.016864634692962843,-0.20712101354303192,0.36,8,可能加速下跌,,47,0,0
228,AWP | Capillary (Factory New),40.14,37.2,776,32,0.0412,0.9268,steamdt-live,41.88,164,41.07,224,,3,6,12,2,8,7,4,5,-0.0024691358024692134,-0.006435643564356441,-0.03202676864244747,-0.008888888888888835,0.040630975143403525,0.0,0.06651162790697673,0.08839479392624727,-0.34837662337662334,0.36,5,长期阴跌,,47,0,0
229,AK-47 | Ice Coaled (Factory New),89.08,87.0,1667,37,0.0222,0.9767,steamdt-live,90.7,1220,90.54,710,,3,12,15,2,4,0,6,5,0.0011198208286675726,-0.002460850111856816,-0.0022346368715083775,-0.0013437849944007985,0.006904231625835089,0.002022471910112511,0.023861646234675904,-0.017300275482093563,-0.07947976878612706,0.24,7,回撤不明显,,47,0,0
230,Desert Eagle | Eastern Enigma (Factory New),412.9,406.0,75,34,0.4533,0.9833,steamdt-live,418.0,68,428.16,113,,20,12,4,2,2,0,6,0,-0.0036155032780562646,-0.0011611592239586521,0.001230784081859282,-0.004772464327034376,0.008643457382953246,0.0014552510308027955,0.008643457382953246,0.007097734091075392,-0.03752913752913756,1.27,5,回撤不明显,,46,0,0
231,Desert Eagle | Directive (Factory New),709.5,692.0,104,36,0.3462,0.9753,steamdt-live,800.0,11,730.0,35,,20,12,7,2,0,0,0,5,0.035608308605341144,0.024355300859598916,0.09593495934959351,0.060830860534124565,0.0,0.13853503184713367,0.0,0.2654867256637168,0.6027437179171056,0.15,11,回撤不明显,,46,0,0
232,★ Sport Gloves | Hedge Maze (Field-Tested),24950.0,35620.0,576,155,0.2691,1.4277,steamdt-live,25450.0,371,25625.64,114,"溢价求购:买一高于卖一,多为定向收特定图案,买一价不可作退出价",17,0,12,5,6,2,4,0,-0.007865923554290721,-0.005976095617529875,-0.0031522124591197853,-0.01379501166053998,0.02149188171621308,0.0052377115229653715,0.032495734450131875,0.01836734693877551,-0.08775137111517373,0.36,9,可能加速下跌,买一异常溢价(不作为可成交退出价),46,0,0
233,M4A4 | Royal Paladin (Factory New),1359.9,1340.0,316,71,0.2247,0.9854,steamdt-live,1389.9,82,1379.7,69,,17,12,9,2,4,0,2,0,-0.010470453241537725,-0.014422380055080342,0.03288888888888897,-0.024741824440619675,0.02516129032258063,0.007333333333333414,0.02864285714285708,0.03453784709014851,-0.08045277507302828,0.36,5,可能加速下跌,,46,0,0
234,★ Driver Gloves | Garden (Field-Tested),1097.0,1890.0,166,37,0.2229,1.7229,steamdt-live,1133.0,163,1111.0,140,"溢价求购:买一高于卖一,多为定向收特定图案,买一价不可作退出价",17,0,7,5,6,0,6,5,-0.004526935264825727,-0.0027285129604365244,0.004090909090909145,-0.007243096423721118,0.013938848920863278,0.0,0.03604395604395605,-0.03604395604395605,-0.12280000000000002,0.36,3,可能加速下跌,买一异常溢价(不作为可成交退出价),46,0,0
235,★ Bloodhound Gloves | Bronzed (Minimal Wear),1467.5,1430.0,139,27,0.1942,0.9744,steamdt-live,1528.45,18,1485.96,51,,14,12,7,5,4,0,4,0,-0.00136345534683735,-0.008117552432900021,0.02350949913644218,-0.009469939859469534,0.009469939859469534,0.013816925734024155,0.02003338898163609,0.012068965517241459,-0.16619318181818177,0.36,4,回撤不明显,,46,0,0
236,★ Bloodhound Gloves | Charred (Minimal Wear),1610.0,1560.0,116,22,0.1897,0.9689,steamdt-live,1696.52,16,1629.63,38,,14,12,7,5,4,0,4,0,0.0,-0.005866008027168856,0.028253968253968198,-0.005866008027168856,0.005866008027168856,0.022222222222222143,0.024242424242424288,0.03870967741935494,-0.11147902869757176,0.36,2,回撤不明显,,46,0,0
237,AWP | Containment Breach (Factory New),2628.2,2650.0,152,27,0.1776,1.0083,steamdt-live,2674.4,60,2649.2,74,,14,15,7,2,8,0,0,0,-0.00026622043051660604,-0.00019020808764791397,-0.018111206542439917,-0.0004563778808854835,0.01855931886926332,0.0,0.05392368610511167,0.030868797803490722,-0.0899584487534627,0.32,0,价格更新稀疏,,46,0,0
238,★ Hydra Gloves | Rattler (Field-Tested),178.0,174.0,112,16,0.1429,0.9775,steamdt-live,182.89,111,184.43,189,,11,12,7,5,0,0,6,5,-0.0005113636363636154,0.011881075549997178,0.023255813953488413,0.011363636363636465,0.0001685109251249317,0.02298850574712641,0.0001685109251249317,0.017142857142857126,-0.05820105820105825,0.28,10,回撤不明显,,46,0,0
239,AK-47 | Rat Rod (Factory New),521.0,504.0,489,54,0.1104,0.9674,steamdt-live,515.0,41,503.64,133,,11,12,9,2,8,2,2,0,-0.02211832061068708,-0.01711520071817485,0.011407284448647914,-0.03885496183206105,0.04403614000455558,0.0018101167624768877,0.06805817697346506,-0.024936110895996233,-0.06212290502793294,0.35,21,可能加速下跌,,46,0,0
240,USP-S | Cortex (Factory New),177.5,172.0,438,45,0.1027,0.969,steamdt-live,180.89,149,179.99,244,,11,12,9,2,6,0,6,0,0.008235294117647118,-0.013724509640495652,0.000616626492516481,-0.0056022408963585235,0.013724509640495652,0.008522727272727293,0.04415724286483569,-0.017273834569815127,-0.22230984928145814,0.28,7,可能加速下跌,,46,0,0
241,★ Sport Gloves | Omega (Minimal Wear),2885.0,4500.0,431,44,0.1021,1.5598,steamdt-live,2899.5,369,2885.0,86,"溢价求购:买一高于卖一,多为定向收特定图案,买一价不可作退出价",11,0,9,5,2,10,6,3,-0.0073891966759003225,0.006048851276398315,0.007444203358612622,-0.0013850415512465242,0.008904055451886772,0.013708260105448122,0.008904055451886772,0.036291771469637135,-0.054426229508196755,0.05,7,回撤不明显,买一异常溢价(不作为可成交退出价),46,0,0
242,M4A4 | Spider Lily (Factory New),422.5,417.0,794,72,0.0907,0.987,steamdt-live,434.2,171,436.8,156,,7,12,12,2,6,0,4,3,-0.0035087719298245723,-0.008215962441314506,0.017857142857142794,-0.011695906432748537,0.011695906432748537,0.02058070438185422,0.033910319438410275,0.00835322195704058,-0.10940134907251264,0.27,6,可能加速下跌,,46,0,0
243,USP-S | Neo-Noir (Factory New),701.5,690.0,486,41,0.0844,0.9836,steamdt-live,712.0,208,701.0,188,,7,12,9,2,0,10,6,0,-0.005743000717875035,0.012274368231046884,0.0021582733812950394,0.006460875807609456,0.002844950213371278,0.014280960166683565,0.002844950213371278,0.03468634686346861,-0.028413028413028396,0.36,12,回撤不明显,,46,0,0
244,FAMAS | ZX Spectron (Factory New),158.0,155.0,641,52,0.0811,0.981,steamdt-live,156.85,135,161.53,169,,7,12,12,2,6,0,4,3,-0.00817217716781038,-0.013774451223347417,0.013530601922104202,-0.02183406113537123,0.02602646127088637,0.014886731391585917,0.042501221299462544,0.018843404808317032,-0.2214498510427011,0.36,5,可能加速下跌,,46,0,0
245,★ Specialist Gloves | Crimson Web (Field-Tested),791.95,1220.0,566,45,0.0795,1.5405,steamdt-live,795.0,486,796.06,202,"溢价求购:买一高于卖一,多为定向收特定图案,买一价不可作退出价",7,0,12,5,2,9,6,5,0.0025236593059936308,-0.0032095657646318276,-0.00925115639454932,-0.0006940063091481763,0.00931948961721285,0.0,0.009938742342792795,-0.006959247648902767,-0.051897521848437544,0.25,9,回撤不明显,买一异常溢价(不作为可成交退出价),46,0,0
246,P250 | Undertow (Factory New),277.59,255.0,147,11,0.0748,0.9186,steamdt-live,275.76,94,275.84,106,,7,6,7,2,6,10,3,5,0.04040099494987581,-0.001122944287473726,-0.03456556541988065,0.039232682595914836,0.001122944287473726,0.06029145999154073,0.03198062205995933,-0.03198062205995933,-0.21546033913736207,0.36,3,回撤不明显,,46,0,0
247,Tec-9 | Bamboo Forest (Factory New),199.0,197.0,1469,101,0.0688,0.9899,steamdt-live,200.0,289,197.6,245,,7,12,15,2,8,0,2,0,0.004851485148514856,-0.026505074391565686,0.02020202020202011,-0.0217821782178218,0.026505074391565686,0.0,0.059047619047619126,0.013333333333333197,-0.16093418259023362,0.27,5,可能加速下跌,,46,0,0
248,★ Hand Wraps | Overprint (Field-Tested),660.0,669.0,792,31,0.0391,1.0136,steamdt-live,671.5,733,666.0,258,,3,15,12,5,2,0,6,3,0.0,0.003096351162649391,-0.004668167328871542,0.003096351162649391,0.007687687687687683,0.025415050426687458,0.013464696223316919,-0.013464696223316919,-0.0449572970707669,0.1,12,回撤不明显,,46,0,0
249,AWP | Green Energy (Factory New),200.0,192.0,758,29,0.0383,0.96,steamdt-live,202.0,357,202.0,503,,3,12,12,2,6,0,6,5,-0.002376708259061333,-0.007345642247369444,0.03569230769230769,-0.009704892057833314,0.009753923850076784,0.03626943005181338,0.038461538461538436,0.04128703077003171,-0.2278588525982549,0.36,9,回撤不明显,,46,0,0
250,★ Driver Gloves | King Snake (Field-Tested),856.0,1840.0,1603,42,0.0262,2.1495,steamdt-live,862.0,1434,873.9,290,"溢价求购:买一高于卖一,多为定向收特定图案,买一价不可作退出价",3,0,15,5,2,10,6,5,-0.006976744186046546,0.0023419203747072626,0.014150943396226356,-0.0046511627906976605,0.008685581933989606,0.01904761904761898,0.008685581933989606,-0.00696055684454755,-0.04195905941868405,0.36,10,回撤不明显,买一异常溢价(不作为可成交退出价),46,0,0
251,AK-47 | Searing Rage (Factory New),115.3,111.0,1388,30,0.0216,0.9627,steamdt-live,117.96,397,120.78,251,,3,12,15,2,6,1,4,3,0.012703862660944143,-0.02271571452788612,-0.01187446988973706,-0.010300429184549431,0.026839972991222205,0.00698689956331866,0.030929567994620988,-0.018723404255319154,-0.11150497033212614,0.36,12,可能加速下跌,,46,0,0
252,★ Driver Gloves | Brocade Crane (Minimal Wear),2468.5,3020.0,21,29,1.381,1.2234,steamdt-live,2478.5,28,2494.5,19,"溢价求购:买一高于卖一,多为定向收特定图案,买一价不可作退出价",20,0,2,5,2,10,6,0,-0.00020251113811264876,0.0,-0.008433734939759074,-0.00020251113811264876,0.008634538152610394,0.028755990831423217,0.010621242484969984,-0.009628886659979963,0.03718487394957992,0.36,4,回撤不明显,买一异常溢价(不作为可成交退出价),45,0,0
253,Desert Eagle | Heirloom (Factory New),700.0,681.0,107,53,0.4953,0.9729,steamdt-live,718.0,30,720.0,50,,20,12,7,2,2,0,2,0,0.011693609306541841,0.045337793441251995,0.02461300309597525,0.05756156519111655,0.007092198581560294,0.08164905123926092,0.007092198581560294,0.07692307692307687,0.21739130434782616,0.35,12,回撤不明显,,45,0,0
254,★ Specialist Gloves | Big Swell (Field-Tested),1145.0,1720.0,106,35,0.3302,1.5022,steamdt-live,1150.0,120,1150.0,101,"溢价求购:买一高于卖一,多为定向收特定图案,买一价不可作退出价",20,0,7,5,2,0,6,5,0.005267778753292429,0.0,-0.007831078667932645,0.005267778753292429,0.0026045523044625485,0.00659340659340657,0.012931034482758674,-0.013356311934511034,-0.012931034482758674,0.11,5,回撤不明显,买一异常溢价(不作为可成交退出价),45,0,0
255,★ Specialist Gloves | Cloud Chaser (Field-Tested),2772.0,3800.0,159,42,0.2642,1.3709,steamdt-live,2798.0,152,2830.0,67,"溢价求购:买一高于卖一,多为定向收特定图案,买一价不可作退出价",17,0,7,5,0,10,6,0,-0.020674646354733373,0.026666666666666616,0.0,0.005440696409140466,0.0,0.026666666666666616,0.0,0.004529806124297986,-0.02010689742937133,0.36,9,回撤不明显,买一异常溢价(不作为可成交退出价),45,0,0
256,★ Moto Gloves | Finish Line (Minimal Wear),996.99,1360.0,184,44,0.2391,1.3641,steamdt-live,999.9,140,998.88,75,"溢价求购:买一高于卖一,多为定向收特定图案,买一价不可作退出价",17,0,7,5,0,10,6,0,-0.006147540983606592,0.027824742268041325,0.004125556847292655,0.021506147540983678,0.0005012581579765252,0.0283548220732337,0.0005012581579765252,0.04069937369519838,0.006775861372541048,0.36,7,回撤不明显,买一异常溢价(不作为可成交退出价),45,0,0
257,AK-47 | The Oligarch (Factory New),1717.9,1650.0,190,35,0.1842,0.9605,steamdt-live,1697.5,166,1753.64,88,,14,12,7,2,4,0,6,0,0.000589101620029453,-0.0005887547836326279,-0.0008828722778104758,0.0,0.0008828722778104758,0.01041666666666674,0.021895707288965727,-0.0014705882352941124,-0.032581625034906914,0.36,4,回撤不明显,,45,0,0
258,Desert Eagle | Ocean Drive (Factory New),1659.49,1610.0,232,36,0.1552,0.9702,steamdt-live,1706.86,50,1663.94,65,,14,12,7,2,4,0,6,0,-0.0010263119988476177,-0.0029799633512571644,0.022190320186013412,-0.004003216977961355,0.004003216977961355,0.012884678768051216,0.023829411764705877,0.018798308029492894,-0.05024380751797075,0.24,2,回撤不明显,,45,0,0
259,USP-S | Caiman (Factory New),474.9,465.0,231,30,0.1299,0.9792,steamdt-live,517.99,45,473.9,87,,11,12,7,2,2,0,6,5,0.0,-0.0021057064645187973,0.0014339336173083694,-0.0021057064645187973,0.0027776608728590224,0.00829787234042545,0.012708333333333433,0.02354211663066952,-0.18293103448275871,0.27,5,回撤不明显,,45,0,0
260,Glock-18 | Water Elemental (Factory New),302.51,297.0,636,79,0.1242,0.9818,steamdt-live,311.5,243,318.15,313,,11,12,12,2,6,0,2,0,0.018092105263157965,-0.022584814216478177,0.006955945677376674,-0.004901315789473726,0.02416129032258063,0.025457627118643966,0.048082066773655674,0.041342512908777884,-0.2948484848484849,0.36,8,可能加速下跌,,45,0,0
261,USP-S | Blood Tiger (Factory New),105.3,102.0,333,39,0.1171,0.9687,steamdt-live,103.4,70,101.09,123,,11,12,9,2,0,0,6,5,0.005511022044088154,0.007374190333831576,-0.0020000000000000018,0.012925851703406988,0.0,0.026294416243654917,0.0,0.036820512820512796,-0.26746376811594197,0.27,6,回撤不明显,,45,0,0
262,★ Driver Gloves | Racing Green (Field-Tested),179.08,178.0,183,17,0.0929,0.994,steamdt-live,178.66,118,181.4,228,,7,15,7,5,0,0,6,5,0.013678160919540217,0.012926635672978692,0.02052785923753664,0.02678160919540229,0.0,0.05466351829988181,0.0018994413407821265,-0.0018994413407821265,-0.08562362454578021,0.27,8,回撤不明显,,45,0,0
263,USP-S | Monster Mashup (Factory New),515.0,506.0,581,53,0.0912,0.9825,steamdt-live,518.38,142,516.5,177,,7,12,12,2,6,0,6,0,-0.0019267822736031004,-0.00579150579150578,0.018645731108930308,-0.0077071290944122905,0.009424889401807968,0.016781836130306038,0.037329196029683986,0.04061426550818359,-0.1256366723259762,0.36,9,回撤不明显,,45,0,0
264,Glock-18 | Red Tire (Factory New),84.0,71.0,284,25,0.088,0.8452,steamdt-live,73.0,71,72.11,104,,7,3,9,2,8,10,6,0,0.0023630803447316495,0.0,-0.013304073515292836,0.0023630803447316495,0.010972431765189916,0.012212240314430245,0.07158491051886184,-0.05984354628422428,-0.48114836667146343,1.36,11,长期阴跌,,45,0,0
265,USP-S | Blueprint (Factory New),669.0,653.0,191,16,0.0838,0.9761,steamdt-live,664.0,93,679.79,83,,7,12,7,2,4,7,6,0,-0.005964214711729587,-0.0015037593984962294,-0.0007617625093353508,-0.00745900536629851,0.00821508588498876,0.0,0.015567086730911783,-0.00861489765143253,-0.09890348496363044,0.36,2,回撤不明显,,45,0,0
266,M4A4 | The Battlestar (Factory New),582.0,567.0,665,52,0.0782,0.9742,steamdt-live,589.5,89,587.48,193,,7,12,12,2,8,0,4,0,0.0,-0.012722646310432517,0.0181347150259068,-0.012722646310432517,0.013559322033898313,0.006293657929317353,0.06805444355484391,0.0222183191358567,-0.11550151975683887,0.32,5,可能加速下跌,,45,0,0
267,AWP | Atheris (Factory New),198.7,191.0,561,41,0.0731,0.9612,steamdt-live,192.73,298,199.92,241,,7,12,12,2,10,0,2,0,-0.005233739837398388,-0.015528426214435398,0.011825192802056517,-0.020680894308943154,0.033353395526131036,0.009110424629561686,0.13133817100103673,-0.006392741145538006,-0.3307986111111112,0.32,11,长期阴跌,,45,0,0
268,FAMAS | Pulse (Factory New),176.0,174.0,609,40,0.0657,0.9886,steamdt-live,184.49,201,180.84,204,,7,12,12,2,10,0,2,0,-0.009241032370953639,-0.028643964898725116,-0.030585740789822458,-0.03762029746281714,0.06705539358600587,0.0,0.09245604083947823,-0.03296703296703296,-0.23478260869565215,0.24,11,可能加速下跌,,45,0,0
269,Glock-18 | Shinobu (Factory New),121.3,119.0,976,54,0.0553,0.981,steamdt-live,120.0,374,124.79,166,,3,12,15,2,6,0,4,3,-0.008163265306122436,-0.012345679012345734,0.02941176470588225,-0.020408163265306145,0.03194578896418199,0.008403361344537785,0.03194578896418199,0.017035341978133722,-0.1156963890935887,0.28,8,可能加速下跌,,45,0,0
270,AWP | Acheron (Factory New),58.7,55.0,2580,61,0.0236,0.937,steamdt-live,57.9,604,59.02,437,,3,9,15,2,10,0,6,0,-0.003866845998654944,-0.02278481012658229,0.010018678892850907,-0.026563550773369138,0.029012242159986656,0.0,0.10510046367851633,0.024597416386480386,-0.3388146625556697,0.36,8,长期阴跌,,45,0,0
271,★ Driver Gloves | Wave Chaser (Field-Tested),1029.0,2090.0,81,38,0.4691,2.0311,steamdt-live,1022.0,89,1027.0,54,"溢价求购:买一高于卖一,多为定向收特定图案,买一价不可作退出价",20,0,4,5,4,0,6,5,-0.00048804294777937685,-0.001953125,0.01586514625681712,-0.0024402147388969953,0.006802721088435382,0.0019607843137254832,0.015888300433317237,-0.007766990291262155,-0.017307692307692357,0.11,2,回撤不明显,买一异常溢价(不作为可成交退出价),44,0,0
272,★ Moto Gloves | 3rd Commando Company (Minimal Wear),465.0,458.0,131,25,0.1908,0.9849,steamdt-live,465.0,43,454.04,96,,14,12,7,5,0,0,6,0,0.0,0.031135739104762417,0.014585253456221192,0.031135739104762417,0.00044029587883054333,0.046175115207373274,0.00044029587883054333,0.05728390461997024,0.17020618556701028,0.36,7,回撤不明显,,44,0,0
273,Glock-18 | Royal Legion (Factory New),250.0,247.0,403,54,0.134,0.988,steamdt-live,269.47,61,261.74,109,,11,12,9,2,10,0,0,0,-0.0019305019305019266,-0.03288201160541582,0.022826001105757943,-0.03474903474903479,0.03474903474903479,0.04166666666666674,0.10336417760562366,0.020408163265306145,0.04655056932350976,0.36,5,可能加速下跌,,44,0,0
274,USP-S | Royal Blue (Factory New),592.5,579.0,45,6,0.1333,0.9772,steamdt-live,621.4,37,610.0,44,,11,12,4,2,6,0,6,3,-0.0025150905432596016,-0.004034291477559182,-0.005834305717619559,-0.006539235412474809,0.01233538923153854,0.0,0.03281096963761021,-0.03281096963761021,-0.03970826580226905,0.36,4,暂未减速,,44,0,0
275,★ Moto Gloves | Blood Pressure (Field-Tested),713.9,1010.0,229,30,0.131,1.4148,steamdt-live,718.41,216,732.46,114,"溢价求购:买一高于卖一,多为定向收特定图案,买一价不可作退出价",11,0,7,5,0,10,6,5,0.0007158196134573469,0.02131616595135899,-0.008516678495386842,0.022047244094488105,0.0006998880179170941,0.024982053122756698,0.0006998880179170941,0.01769091505224596,-0.07232704402515722,0.35,11,回撤不明显,买一异常溢价(不作为可成交退出价),44,0,0
276,M4A4 | Cyber Security (Factory New),965.0,948.0,412,53,0.1286,0.9824,steamdt-live,1015.0,66,970.0,121,,11,12,9,2,4,2,4,0,-0.005843157355202466,-0.004949474118374875,0.023072889355007842,-0.010763710917478186,0.010763710917478186,0.01589641014843668,0.019308943089430874,0.005208333333333259,-0.08530805687203791,0.36,7,可能加速下跌,,44,0,0
277,FAMAS | Styx (Factory New),639.5,625.0,370,45,0.1216,0.9773,steamdt-live,629.0,70,638.4,67,,11,12,9,2,8,0,2,0,-0.01669195751138086,-0.029320987654321007,0.007645259938837912,-0.04552352048558417,0.06814814814814818,0.0,0.06814814814814818,0.08635578583765113,-0.14686414930555547,0.35,10,可能加速下跌,,44,0,0
278,Galil AR | Cerberus (Factory New),1077.5,1040.0,271,31,0.1144,0.9652,steamdt-live,1088.0,65,1072.0,95,,11,12,9,2,6,0,4,0,-0.0013844023996307797,-0.011090573012939031,0.009315323707498768,-0.012459621596677461,0.012459621596677461,0.0,0.04719501335707921,0.003516998827667095,-0.1507936507936508,0.18,3,可能加速下跌,,44,0,0
279,MP9 | Pandora's Box (Factory New),817.0,764.0,45,4,0.0889,0.9351,steamdt-live,886.7,42,849.5,46,,7,9,4,2,6,10,6,0,-0.006731946144430845,0.0067775723967959944,0.004302397049784856,0.0,0.0012224938875305957,0.009264978381717137,0.0337078651685393,-0.0337078651685393,-0.15246325093104562,0.18,16,回撤不明显,,44,0,0
280,P250 | Steel Disruption (Factory New),36.99,36.2,242,19,0.0785,0.9786,steamdt-live,37.85,128,36.2,105,,7,12,7,2,2,10,4,0,-0.00966850828729282,0.009762900976290068,0.056009334889148166,0.0,0.006858710562414272,0.056009334889148166,0.006858710562414272,0.0722748815165879,-0.31581931581931577,0.17,8,长期阴跌,,44,0,0
281,Tec-9 | Phoenix Chalk (Factory New),73.8,69.0,412,28,0.068,0.935,steamdt-live,81.0,106,75.16,117,,7,9,9,2,8,5,4,0,-0.0026954177897574594,-0.002702702702702786,-0.010666666666666602,-0.005390835579514919,0.016000000000000014,0.012345679012345512,0.05384615384615388,-0.05384615384615388,-0.42478565861262674,0.36,7,长期阴跌,,44,0,0
282,Glock-18 | Gamma Doppler (Factory New),649.4,2560.0,1670,109,0.0653,3.9421,steamdt-live,663.0,562,659.22,502,"溢价求购:买一高于卖一,多为定向收特定图案,买一价不可作退出价",7,0,15,2,4,10,6,0,-0.006897825953070202,0.006821705426356628,0.0069457364341085626,-0.00012317546344775554,0.0009230769230769154,0.006977826019537892,0.02051282051282055,0.006088586611306512,-0.16583172768143872,0.35,9,回撤不明显,买一异常溢价(不作为可成交退出价),44,0,0
283,AK-47 | Safety Net (Factory New),83.76,80.0,1863,59,0.0317,0.9551,steamdt-live,84.28,389,83.8,549,,3,9,15,2,6,7,2,0,-0.0060426540284360675,-0.0015496483490284874,0.004881533515894931,-0.00758293838862556,0.00758293838862556,0.022835511051410462,0.0432895488292403,0.06294416243654832,-0.2947120242505894,0.36,13,回撤不明显,,44,0,0
284,M4A4 | Turbine (Factory New),83.7,80.0,1154,35,0.0303,0.9558,steamdt-live,82.97,233,84.2,303,,3,9,15,2,6,0,4,5,-0.004410011918951184,-0.006704178139590566,-0.0023781212841853527,-0.01108462455303938,0.014608076009501203,0.013064713064713018,0.0335468841001747,-0.015776986951364202,-0.30569037656903764,0.36,4,长期阴跌,,44,0,0
285,Galil AR | Blue Titanium (Factory New),120.0,116.0,1000,30,0.03,0.9667,steamdt-live,119.86,123,123.6,302,,3,12,15,2,10,0,2,0,-0.012096774193548376,-0.021551020408163257,0.01722723543888427,-0.0333870967741936,0.0472935378745728,0.0,0.08810103469263542,-0.049409152192878114,-0.20758958085415835,0.36,19,可能加速下跌,,44,0,0
286,Five-SeveN | Kami (Factory New),30.0,28.6,818,24,0.0293,0.9533,steamdt-live,29.3,389,29.61,162,,3,9,12,2,2,10,6,0,-0.04534606205250591,0.046428571428571486,0.005140507196710109,-0.001022843504943638,0.00576857821513399,0.05017921146953408,0.00576857821513399,0.05093256814921099,-0.26492724535875567,0.36,3,回撤不明显,,44,0,0
287,AK-47 | Wild Lotus (Factory New),95777.0,99050.0,111,23,0.2072,1.0342,steamdt-live,95997.5,109,98200.0,37,,17,15,7,2,2,0,0,0,0.00116028683126701,0.0,0.0,0.00116028683126701,0.0011576005339563045,0.009368940224264488,0.006359580869384818,-0.006359580869384818,-0.012608247422680408,0.36,1,价格更新稀疏,,43,0,0
288,★ Moto Gloves | Boom! (Minimal Wear),3352.0,3200.0,155,29,0.1871,0.9547,steamdt-live,3473.9,24,3352.3,55,,14,9,7,5,6,0,2,0,-0.0016376358493375154,-0.00029824038174763867,-0.004593953764078229,-0.0019353878219443565,0.006373202904994768,0.01606547438617767,0.03871522798967597,0.0483189992181392,-0.12708333333333333,0.34,4,回撤不明显,,43,0,0
289,Tec-9 | Sultan (Factory New),37.09,35.6,156,26,0.1667,0.9598,steamdt-live,37.89,118,37.57,118,,14,9,7,2,0,0,6,5,0.02148760330578514,0.00026968716289110795,0.008613503751041751,0.021763085399449267,0.002956989247311803,0.03056404556821346,0.002956989247311803,-0.002956989247311803,0.2164644145621517,0.36,8,回撤不明显,,43,0,0
290,MP9 | Hydra (Factory New),272.5,262.0,140,17,0.1214,0.9615,steamdt-live,280.0,67,276.46,87,,11,12,7,2,2,0,4,5,0.0014705882352941124,0.00036710719530108626,0.00036778227289446797,0.0018382352941177516,0.007972623684881164,0.0092592592592593,0.009090909090909038,-0.005474452554744547,-0.048865619546247796,0.36,3,回撤不明显,,43,0,0
291,★ Driver Gloves | Snow Leopard (Field-Tested),1644.99,2510.0,538,55,0.1022,1.5258,steamdt-live,1678.9,488,1683.0,163,"溢价求购:买一高于卖一,多为定向收特定图案,买一价不可作退出价",11,0,12,5,4,0,6,5,-0.0030242607530954757,-6.079027355609945e-06,-0.0057306417595661685,-0.0030303213958872144,0.008743597469117237,0.0,0.017505823329152403,-0.017505823329152403,-0.06129308377082865,0.35,2,回撤不明显,买一异常溢价(不作为可成交退出价),43,0,0
292,FAMAS | Djinn (Factory New),238.37,233.0,133,12,0.0902,0.9775,steamdt-live,237.62,42,235.62,110,,7,12,7,2,4,0,6,5,0.0,-0.0027932960893854997,-0.0035845316914772107,-0.0027932960893854997,0.007957559681697535,0.0,0.02861147757255933,-0.028371134020618527,-0.27342810447439025,0.19,2,回撤不明显,,43,0,0
293,AWP | Chromatic Aberration (Factory New),443.0,431.0,307,25,0.0814,0.9729,steamdt-live,458.0,176,450.0,182,,7,12,9,2,2,0,6,5,-0.0011248593925758943,-0.0022522522522522292,-0.006703910614525133,-0.003374578177727794,0.008948545861297563,0.01839080459770126,0.013363028953229383,0.010262257696693311,-0.056443024494142735,0.36,3,回撤不明显,,43,0,0
294,M4A4 | In Living Color (Factory New),587.9,579.0,855,58,0.0678,0.9849,steamdt-live,592.0,151,593.76,234,,7,12,12,2,6,0,4,0,0.0008460236886633776,-0.01098901098901095,0.01025641025641022,-0.010152284263959421,0.01098901098901095,0.0034305317324185847,0.039408866995073843,0.028752308098127122,-0.09861325115562403,0.36,8,可能加速下跌,,43,0,0
295,M4A4 | Desert-Strike (Factory New),496.98,490.0,878,58,0.0661,0.986,steamdt-live,493.49,140,501.69,195,,7,12,12,2,6,0,4,0,-0.0029910269192422456,-0.013020000000000032,0.0019980019980019303,-0.015972083748753696,0.0189065606361829,0.0,0.049500182977330165,0.0009939148073021542,-0.13422807017543859,0.27,8,可能加速下跌,,43,0,0
296,M4A4 | Urban DDPAT (Factory New),147.0,140.0,555,35,0.0631,0.9524,steamdt-live,156.3,97,147.61,138,,7,9,12,2,6,0,4,3,0.0033670033670034627,-0.01342281879194629,0.017123287671232834,-0.010101010101010055,0.02970297029702973,0.0,0.036444677503932876,0.053763440860215006,-0.2512606326083635,0.33,9,可能加速下跌,,43,0,0
297,AK-47 | Point Disarray (Factory New),419.5,416.0,1071,57,0.0532,0.9917,steamdt-live,430.0,334,425.0,252,,3,15,15,2,6,0,2,0,-0.0023419203747072626,-0.015258215962441368,0.004705882352941115,-0.01756440281030447,0.024418604651162745,0.0,0.04613565565383482,-0.04656924021000475,-0.05515889997522472,0.35,6,可能加速下跌,,43,0,0
298,Desert Eagle | Printstream (Factory New),471.49,464.0,1218,50,0.0411,0.9841,steamdt-live,470.0,977,475.15,417,,3,12,15,2,0,0,6,5,-2.1482277121398496e-05,0.009688715117403213,0.0021528525296017342,0.009667024704618665,0.0,0.025081788440566966,0.0,0.012931034482758674,-0.03589743589743588,0.36,7,回撤不明显,,43,0,0
299,AK-47 | Elite Build (Factory New),53.9,51.0,1143,30,0.0262,0.9462,steamdt-live,50.0,725,52.91,432,,3,9,15,2,2,10,2,0,0.014378570021666315,0.003883495145631022,-0.01760835913312686,0.018317904274177677,0.0038535645472060898,0.03400000000000003,0.013735215566577641,0.02885572139303494,-0.16612903225806452,0.2,6,回撤不明显,,43,0,0
300,M4A4 | Polysoup (Factory New),137.5,133.0,1268,30,0.0237,0.9673,steamdt-live,145.0,294,142.32,392,,3,12,15,2,6,3,2,0,-0.02717164697706742,-0.01778698478462759,0.03898916967509036,-0.04447533009034055,0.04844290657439443,0.0036496350364962904,0.04844290657439443,-0.03508771929824561,-0.19590643274853803,0.3,11,可能加速下跌,,43,0,0
301,AK-47 | Slate (Factory New),92.1,90.0,1974,26,0.0132,0.9772,steamdt-live,93.0,1373,93.85,653,,3,12,15,2,0,0,6,5,0.003260869565217428,-0.0021668472372697867,0.005464480874316946,0.0010869565217390686,0.0021668472372697867,0.010976948408342402,0.0021668472372697867,0.02469959946595468,-0.07437185929648249,0.35,5,回撤不明显,,43,0,0
302,★ Specialist Gloves | Lime Polycam (Field-Tested),1615.0,2160.0,121,44,0.3636,1.3375,steamdt-live,1580.0,136,1658.0,64,"溢价求购:买一高于卖一,多为定向收特定图案,买一价不可作退出价",20,0,7,5,8,0,2,0,0.003095975232198178,-0.024691358024691357,0.007485963817841501,-0.021671826625387025,0.030674846625766916,0.0,0.05105105105105101,-0.05105105105105101,-0.031566043518234776,0.36,4,可能加速下跌,买一异常溢价(不作为可成交退出价),42,0,0
303,★ Moto Gloves | Spearmint (Field-Tested),11700.0,14180.0,401,121,0.3017,1.212,steamdt-live,11888.0,192,11808.23,93,"溢价求购:买一高于卖一,多为定向收特定图案,买一价不可作退出价",20,0,9,5,4,0,4,0,-0.0026644147628189785,-0.008345997404748173,0.0206265081861563,-0.0109881749688715,0.012616566099835413,0.009411685536338421,0.024024024024024038,0.01934134866701509,-0.15511265164644716,0.35,6,可能加速下跌,买一异常溢价(不作为可成交退出价),42,0,0
304,★ Driver Gloves | Dragon Fists (Field-Tested),614.88,735.0,85,25,0.2941,1.1954,steamdt-live,614.5,104,613.9,36,"溢价求购:买一高于卖一,多为定向收特定图案,买一价不可作退出价",17,0,4,5,0,10,6,0,-0.020408163265306145,0.023166666666666558,0.013250839550695614,0.0022857142857142243,0.0,0.023166666666666558,0.00016286644951146734,0.026605796083546407,-0.008239095315024314,0.36,10,回撤不明显,买一异常溢价(不作为可成交退出价),42,0,0
305,Five-SeveN | Fowl Play (Factory New),480.0,471.0,132,37,0.2803,0.9812,steamdt-live,519.99,40,496.02,41,,17,12,7,2,4,0,0,0,0.0011198960736442665,0.07389757701859168,0.06302380952380959,0.07510023069859106,0.018404907975460127,0.14421930870083433,0.018404907975460127,0.23238080566895158,0.20852006646860355,0.29,12,暂未减速,,42,0,0
306,★ Specialist Gloves | Sunburst (Field-Tested),1014.5,1540.0,164,39,0.2378,1.518,steamdt-live,1022.0,198,1027.8,62,"溢价求购:买一高于卖一,多为定向收特定图案,买一价不可作退出价",17,0,7,5,4,0,6,3,0.00435643564356436,9.85804416404612e-05,0.005575467941059342,0.004455445544554459,0.0004926108374384564,0.011667331471878706,0.02358036573628486,-0.02358036573628486,-0.01178647964153512,0.36,3,回撤不明显,买一异常溢价(不作为可成交退出价),42,0,0
307,★ Moto Gloves | Smoke Out (Minimal Wear),1179.5,2010.0,157,37,0.2357,1.7041,steamdt-live,1177.5,137,1179.95,59,"溢价求购:买一高于卖一,多为定向收特定图案,买一价不可作退出价",17,0,7,5,2,0,6,5,0.0016943380161771326,0.0008584858349838242,-0.0016914720907105218,0.0025542784163474774,0.0,0.02646581934201575,0.005489864864864913,0.037444933920704804,-0.05193236714975846,0.3,2,回撤不明显,买一异常溢价(不作为可成交退出价),42,0,0
308,★ Bloodhound Gloves | Guerrilla (Minimal Wear),1234.46,1180.0,129,30,0.2326,0.9559,steamdt-live,1250.16,21,1236.0,62,,17,9,7,5,4,0,0,0,0.0,-0.0012459546925566167,-0.0024132559584822966,-0.0012459546925566167,0.0036562038434531097,0.0,0.023370253164556987,0.003626016260162679,-0.11189928057553955,0.18,0,价格更新稀疏,,42,0,0
309,★ Sport Gloves | Pandora's Box (Minimal Wear),33800.0,55760.0,185,39,0.2108,1.6497,steamdt-live,34485.0,202,34100.0,49,"溢价求购:买一高于卖一,多为定向收特定图案,买一价不可作退出价",17,0,7,5,2,0,6,5,0.0,0.00440177252584939,-0.004382481837701069,0.00440177252584939,0.0,0.014895522388059801,0.008428604759682656,0.006259711431742421,-0.025802661929253956,0.36,4,回撤不明显,买一异常溢价(不作为可成交退出价),42,0,0
310,Desert Eagle | Kumicho Dragon (Factory New),452.5,445.0,467,56,0.1199,0.9834,steamdt-live,473.0,104,465.0,148,,11,12,9,2,6,0,2,0,0.017391304347825987,-0.03311965811965811,0.01547495529702636,-0.016304347826086918,0.03311965811965811,0.005555555555555536,0.04734836522874164,0.0550244812310563,-0.1500751314800901,0.32,9,可能加速下跌,,42,0,0
311,USP-S | Whiteout (Factory New),2799.5,2620.0,150,17,0.1133,0.9359,steamdt-live,2900.0,56,2867.11,47,,11,9,7,2,4,0,6,3,0.008834507904939004,-0.00017857142857147235,0.028336420896628356,0.008654358885670232,0.023581236855230614,0.03723601333827342,0.023581236855230614,0.0407063197026023,-0.06589923256589925,0.36,3,可能加速下跌,,42,0,0
312,AWP | Ice Coaled (Factory New),175.0,173.0,347,39,0.1124,0.9886,steamdt-live,183.0,237,185.0,131,,11,12,9,2,6,0,2,0,0.0016574585635360517,-0.03474903474903479,0.025495750708215192,-0.03314917127071826,0.037403740374037486,0.0,0.037403740374037486,-0.022346368715083775,-0.09793814432989689,0.36,12,可能加速下跌,,42,0,0
313,AK-47 | Breakthrough (Factory New),60.29,57.0,377,37,0.0981,0.9454,steamdt-live,59.0,362,60.06,282,,7,9,9,2,4,0,6,5,0.014770797962648574,-0.012882717082148276,0.005634283763018555,0.0016977928692700761,0.012882717082148276,0.03508771929824572,0.015846538782318675,0.03909827404015487,-0.10456821976020636,0.36,8,可能加速下跌,,42,0,0
314,M4A1-S | Vaporwave (Factory New),974.89,962.0,539,44,0.0816,0.9868,steamdt-live,986.0,227,986.69,141,,7,12,12,2,2,0,4,3,-0.0015408320493066618,-0.003556536669119481,0.015533678756476599,-0.005091888692741797,0.009146341463414642,0.015625,0.009146341463414642,0.015625,-0.04878048780487809,0.36,9,回撤不明显,,42,0,0
315,★ Hand Wraps | Arboreal (Field-Tested),238.0,262.0,349,26,0.0745,1.1008,steamdt-live,240.0,334,242.99,222,"溢价求购:买一高于卖一,多为定向收特定图案,买一价不可作退出价",7,0,9,5,2,10,6,3,-0.005046257359125339,0.008030431107354241,-0.005020920502092019,0.002943650126156383,0.0035512847294756344,0.014893617021276562,0.008316008316008316,0.023824855119124244,-0.09932024169184295,0.36,13,回撤不明显,买一异常溢价(不作为可成交退出价),42,0,0
316,Glock-18 | Steel Disruption (Factory New),238.43,233.0,359,26,0.0724,0.9772,steamdt-live,238.09,75,236.82,100,,7,12,9,2,10,0,2,0,-0.0036099585062240314,-0.015699829259151254,0.008368200836819994,-0.01925311203319502,0.0212836438923395,0.0015254237288135908,0.12329376854599405,-0.05603258916090892,-0.13963308095515437,0.22,11,可能加速下跌,,42,0,0
317,M4A4 | Neo-Noir (Factory New),671.48,658.0,884,60,0.0679,0.9799,steamdt-live,680.0,252,678.3,204,,7,12,12,2,4,1,4,0,-0.005778301886792403,-0.005204009014351807,0.018618618618618576,-0.010952240566037608,0.01168065989100009,0.012021116138763333,0.020481751824817485,0.02282012195121963,-0.07362971144553354,0.12,10,可能加速下跌,,42,0,0
318,M4A1-S | Decimator (Factory New),293.0,289.0,1119,66,0.059,0.9863,steamdt-live,289.5,319,299.5,331,,3,12,15,2,6,0,4,0,0.0,-0.0068728522336769515,0.0058762530245419775,-0.0068728522336769515,0.0068728522336769515,0.00521739130434784,0.030201342281879207,0.017964071856287456,-0.09404388714733547,0.36,7,回撤不明显,,42,0,0
319,AK-47 | Safari Mesh (Factory New),38.01,37.0,611,35,0.0573,0.9734,steamdt-live,37.73,182,38.85,186,,3,12,12,2,8,0,2,3,0.0,-0.024314536989135993,-0.005658436213991869,-0.024314536989135993,0.03726391015824404,0.0,0.056056056056056125,-0.055110220440881874,-0.13486238532110095,0.2,6,可能加速下跌,,42,0,0
320,USP-S | Cyrex (Factory New),230.0,226.0,3087,158,0.0512,0.9826,steamdt-live,225.0,464,228.85,464,,3,12,15,2,10,0,0,0,-0.008865777247346718,-0.03242592353674789,0.02093124456048745,-0.04100421976897828,0.044628450106157125,0.0,0.12113281249999996,0.008923766816143486,-0.34428188388901837,0.18,14,长期阴跌,,42,0,0
321,★ Specialist Gloves | Crimson Kimono (Minimal Wear),17256.0,18400.0,359,18,0.0501,1.0663,steamdt-live,17198.5,352,18138.7,77,"溢价求购:买一高于卖一,多为定向收特定图案,买一价不可作退出价",3,0,9,5,4,10,6,5,0.00588235294117645,0.005760233918128632,-0.011627906976744207,0.011676470588235288,8.720930232553048e-05,0.029850299401197544,0.016019681322767987,0.005760233918128632,0.01481044401829168,0.36,7,回撤不明显,买一异常溢价(不作为可成交退出价),42,0,0
322,MP9 | Hypnotic (Factory New),94.8,90.0,539,18,0.0334,0.9494,steamdt-live,95.08,206,100.54,236,,3,9,12,2,8,2,6,0,-0.0031249999999999334,-0.009404388714733591,-0.01538461538461533,-0.012500000000000067,0.028389873936660814,0.05333333333333323,0.05010020040080165,-0.04704463208685172,-0.15084199211752058,0.36,9,可能加速下跌,,42,0,0
323,Glock-18 | Green Line (Factory New),42.7,40.0,1472,47,0.0319,0.9368,steamdt-live,42.0,224,40.14,456,,3,9,15,2,8,0,2,3,-0.0026894865525671774,-0.017651385143417464,-0.01918465227817756,-0.020293398533007267,0.039088729016786616,0.0,0.05271867612293135,-0.05227057710501426,-0.38163580246913575,0.16,12,长期阴跌,,42,0,0
324,AWP | Phobos (Factory New),38.3,35.7,1332,40,0.03,0.9321,steamdt-live,37.85,361,39.05,530,,3,9,15,2,10,0,3,0,0.030584380120153076,0.0029146793852676822,-0.003537414965986474,0.033588203167667974,0.003947368421052588,0.0814285714285714,0.08574879227053134,0.10737273259215918,-0.2384305835010061,0.32,8,回撤不明显,,42,0,0
325,M4A1-S | Fizzy POP (Factory New),78.0,75.0,2608,59,0.0226,0.9615,steamdt-live,77.99,449,77.86,422,,3,12,15,2,8,0,2,0,0.0,-0.02050572399043904,0.015327628049559117,-0.02050572399043904,0.02050572399043904,0.011168831168831161,0.05509708737864083,0.015653535090007775,-0.34016949152542375,0.36,7,长期阴跌,,42,0,0
326,AWP | Sovereign Flame (Factory New),3018.8,2850.0,22,31,1.4091,0.9441,steamdt-live,3055.0,14,2976.28,44,,20,9,2,2,2,0,6,0,-0.0020781824256598247,-0.0035154915996491454,-0.0016677785190126748,-0.005586368192448954,0.007244829886591031,0.0,0.007906666666666617,0.019273972602739775,-0.06991249999999993,0.32,2,回撤不明显,,41,0,0
327,Glock-18 | Ifrit Lattice (Factory New),72.0,70.0,58,15,0.2586,0.9722,steamdt-live,72.0,64,74.0,87,,17,12,4,2,0,0,6,0,0.008403361344537785,0.0,0.018544935805991702,0.008403361344537785,0.0,0.02710413694721825,0.0,0.05882352941176472,-0.09999999999999998,1.29,5,回撤不明显,,41,0,0
328,AWP | Corticera (Factory New),930.0,1000.0,176,37,0.2102,1.0753,steamdt-live,993.68,44,960.0,52,"溢价求购:买一高于卖一,多为定向收特定图案,买一价不可作退出价",17,0,7,2,6,0,4,5,-0.0021276595744680327,-0.008528784648187626,0.03296703296703307,-0.010638297872340385,0.012120117695796684,0.0219780219780219,0.0461538461538461,0.04143337066069419,0.041130242034793874,0.36,8,可能加速下跌,买一异常溢价(不作为可成交退出价),41,0,0
329,★ Specialist Gloves | Emerald Web (Minimal Wear),9596.5,13340.0,194,39,0.201,1.3901,steamdt-live,9688.8,103,9698.25,74,"溢价求购:买一高于卖一,多为定向收特定图案,买一价不可作退出价",17,0,7,5,6,0,6,0,-0.00010418294525182947,-0.00010419380046888804,0.005131158699408278,-0.00020836589050376997,0.0003645833333333348,0.010211063740196868,0.032415809639040116,-0.030656565656565604,-0.19992496560923756,0.3,3,回撤不明显,买一异常溢价(不作为可成交退出价),41,0,0
330,Five-SeveN | Angry Mob (Factory New),473.99,466.0,242,42,0.1736,0.9831,steamdt-live,476.94,84,475.0,115,,14,12,7,2,2,0,4,0,0.01279317697228155,-0.002126315789473643,0.0034231921266580922,0.010639658848614175,0.005267576075550839,0.019333333333333425,0.005267576075550839,0.0507193367471348,0.010639658848614175,0.29,11,回撤不明显,,41,0,0
331,Desert Eagle | Emerald Jörmungandr (Factory New),2886.5,2920.0,333,46,0.1381,1.0116,steamdt-live,3278.99,112,2984.5,123,,11,15,9,2,4,0,0,0,-0.0003443526170798794,-0.0056837754047537326,-0.0017188037126160127,-0.006026170798898112,0.007734616706772113,0.002256944444444464,0.016223032616475175,0.002256944444444464,-0.14359887257083515,0.36,1,价格更新稀疏,,41,0,0
332,AK-47 | Hydroponic (Factory New),24986.5,25010.0,224,30,0.1339,1.0009,steamdt-live,25997.0,121,25987.5,72,,11,15,7,2,6,0,0,0,-6.0399999999960485e-05,-0.00047962896958986256,-0.015661611235947115,-0.0005399999999999849,0.016193153965879725,0.0,0.037129094412331365,0.04598543201607508,-0.07113382899628251,0.35,0,价格更新稀疏,,41,0,0
333,★ Hand Wraps | Slaughter (Minimal Wear),3528.0,3430.0,175,23,0.1314,0.9722,steamdt-live,3679.5,36,3699.0,64,,11,12,7,5,6,0,0,0,-0.00028248587570622874,-0.0031082226617689113,0.0028328611898016387,-0.003389830508474523,0.003389830508474523,0.0,0.032098765432098775,-0.008543165467625902,-0.12063808574277168,0.18,1,价格更新稀疏,,41,0,0
334,M4A1-S | Atomic Alloy (Factory New),1029.0,1000.0,477,52,0.109,0.9718,steamdt-live,1029.0,101,1020.0,94,,11,12,9,2,4,1,2,0,-0.005568814638027053,-0.004878048780487809,0.01112419070041204,-0.0104196984690611,0.0104196984690611,0.020000000000000018,0.017946545482554255,0.04307276966498952,-0.033175355450236976,0.35,4,可能加速下跌,,41,0,0
335,MP9 | Deadly Poison (Factory New),58.5,57.0,194,20,0.1031,0.9744,steamdt-live,54.25,68,59.69,39,,11,12,7,2,2,0,4,3,0.0,-0.013636363636363669,0.009359515507432414,-0.013636363636363669,0.013636363636363669,0.0,0.013636363636363669,0.2672272833450129,0.10759493670886089,0.36,3,可能加速下跌,,41,0,0
336,Five-SeveN | Hot Shot (Factory New),271.98,247.0,137,14,0.1022,0.9082,steamdt-live,261.48,69,270.4,71,,11,6,7,2,8,0,4,3,-0.0030337504740235444,-0.006085964244959885,-0.007564638139324842,-0.009101251422070411,0.016597041887772224,0.0,0.06044370932364895,0.026114274494404066,-0.24040697674418599,0.36,11,暂未减速,,41,0,0
337,Glock-18 | Wasteland Rebel (Factory New),788.0,775.0,463,43,0.0929,0.9835,steamdt-live,798.5,95,782.85,160,,7,12,9,2,0,0,6,5,-0.002570727130168815,0.008840320107217803,0.014328552803129169,0.006246866926310046,0.00019157088122601085,0.022664924885695603,0.00019157088122601085,0.036201191264063626,-0.03208456973293761,0.36,3,回撤不明显,,41,0,0
338,FAMAS | Meltdown (Factory New),463.24,453.0,151,13,0.0861,0.9779,steamdt-live,516.67,44,471.25,89,,7,12,7,2,10,1,2,0,-0.023587628865979426,-0.021792381113269643,-0.03712527297994839,-0.04486597938144332,0.08032559062934286,0.0,0.10614568258562473,-0.10614568258562473,-0.29846135207172286,0.27,22,可能加速下跌,,41,0,0
339,Tec-9 | Snek-9 (Factory New),28.99,28.6,410,35,0.0854,0.9865,steamdt-live,29.9,98,29.02,115,,7,12,9,2,2,0,4,5,0.0,-0.011255115961800843,0.0,-0.011255115961800843,0.011255115961800843,0.035357142857142865,0.011255115961800843,0.05341569767441867,-0.26644736842105277,0.35,6,可能加速下跌,,41,0,0
340,Galil AR | Firefight (Factory New),72.53,67.0,601,46,0.0765,0.9238,steamdt-live,66.0,112,69.87,198,,7,6,12,2,10,0,4,0,0.0,-0.026261434051342625,-0.0001475143826523695,-0.026261434051342625,0.029126213592233108,0.0,0.08789386401326704,0.01538461538461533,-0.32604921882977644,0.29,3,长期阴跌,,41,0,0
341,AK-47 | Cartel (Factory New),333.0,328.0,890,66,0.0742,0.985,steamdt-live,330.0,271,338.49,229,,7,12,12,2,6,0,2,0,-0.006893273116234777,-0.012685495452369633,0.007694841162908972,-0.01949132398383646,0.01949132398383646,0.003222472183376901,0.0485800778434482,-0.016393442622950838,-0.1032608695652174,0.36,14,可能加速下跌,,41,0,0
342,FAMAS | Neural Net (Factory New),44.82,44.3,530,30,0.0566,0.9884,steamdt-live,43.99,133,44.84,281,,3,12,12,2,8,0,4,0,-0.00935620405435511,-0.010568922869350073,-0.016001753616834646,-0.019826241924704835,0.03551074090311257,0.0031919744642043835,0.06283280085197018,-0.06382978723404253,-0.35719503287070853,0.18,8,长期阴跌,,41,0,0
343,Glock-18 | Off World (Factory New),39.0,38.3,694,38,0.0548,0.9821,steamdt-live,39.0,241,38.38,112,,3,12,12,2,4,1,4,3,-0.008205128205128198,-0.007755946225439403,0.054054054054053946,-0.015897435897435863,0.015897435897435863,0.05150684931506855,0.015897435897435863,0.12882352941176478,-0.25475728155339805,0.36,11,可能加速下跌,,41,0,0
344,M4A4 | Etch Lord (Factory New),19.77,19.4,798,23,0.0288,0.9813,steamdt-live,20.0,368,21.44,439,,3,12,12,2,8,0,4,0,-0.0025188916876575096,-0.006565656565656552,0.0,-0.00906801007556679,0.015022533800700955,0.0,0.0520481927710843,-0.03955078124999989,-0.42147058823529404,0.25,6,长期阴跌,,41,0,0
345,M4A1-S | Solitude (Factory New),78.5,75.0,4793,49,0.0102,0.9554,steamdt-live,77.0,2623,79.42,2218,,3,9,15,2,6,0,6,0,0.03144404809089707,-0.013705648776738744,-0.004078947368421071,0.01730743823490566,0.021601016518424387,0.028037383177569986,0.03144654088050314,-0.02777777777777779,-0.19791666666666663,0.36,11,可能加速下跌,,41,0,0
346,M4A1-S | Master Piece (Factory New),1965.5,1840.0,81,12,0.1481,0.9361,steamdt-live,2176.02,24,2023.18,68,,11,9,4,2,8,0,6,0,0.00924024640657084,-0.00025432349949139343,-0.0010256410256410664,0.008983572895277181,0.017004251062765707,0.009501797637390785,0.054138594802694895,-0.05436612942025498,-0.17883821587927606,0.26,3,可能加速下跌,,40,0,0
347,USP-S | Orange Anolis (Factory New),426.0,417.0,251,37,0.1474,0.9789,steamdt-live,434.0,69,429.5,95,,11,12,9,2,4,0,2,0,0.00319893215502165,-0.02273405060677669,0.03088967971530243,-0.019607843137254832,0.02273405060677669,0.014285714285714235,0.02273405060677669,0.03398058252427183,-0.33385457388584827,0.32,8,长期阴跌,,40,0,0
348,★ Driver Gloves | Diamondback (Minimal Wear),3017.0,2880.0,187,24,0.1283,0.9546,steamdt-live,3100.0,22,3010.0,46,,11,9,7,5,4,0,4,0,-0.00033003300330036733,-0.0062726972598217134,0.027118644067796627,-0.0066006600660065695,0.009216589861751112,0.023809523809523725,0.019540780263127777,-0.0062726972598217134,-0.13753581661891112,0.36,4,回撤不明显,,40,0,0
349,MP9 | Hot Rod (Factory New),1295.0,1260.0,249,29,0.1165,0.973,steamdt-live,1326.0,127,1301.6,123,,11,12,7,2,6,0,2,0,0.013811455609322065,-0.0204236006051437,-0.00306574923547398,-0.006894224648962055,0.024114544084400946,0.005434782608695565,0.03228940151396276,0.037269618012447214,0.003875968992248069,0.25,12,可能加速下跌,,40,0,0
350,AWP | Dragon Lore (Factory New),73700.0,77300.0,131,15,0.1145,1.0488,steamdt-live,75777.0,159,75600.0,42,,11,15,7,5,2,0,0,0,-0.0013531891284785935,-0.0013482476168538149,-0.0013513604821654424,-0.0026996123113146586,0.004040595143177561,0.0,0.009401944905543691,-0.004054054054054013,-0.01730057668588958,0.35,1,价格更新稀疏,,40,0,0
351,Glock-18 | Twilight Galaxy (Factory New),3217.09,3130.0,305,29,0.0951,0.9729,steamdt-live,3395.0,71,3249.0,103,,7,12,9,2,4,0,6,0,0.003579469472591912,-0.011952608093552919,0.011846875000000034,-0.008415922616749727,0.011952608093552919,0.011078640079609903,0.02707272727272736,0.029057692307692173,-0.09277762079683527,0.13,9,可能加速下跌,,40,0,0
352,USP-S | Jawbreaker (Factory New),107.83,106.0,399,28,0.0702,0.983,steamdt-live,107.45,231,110.79,188,,7,12,9,2,4,0,6,0,0.00589501263216996,-0.00046511627906975495,-0.001214953271027941,0.005427154486759678,0.0037088548910523267,0.005427154486759678,0.015845392929107915,-0.015845392929107915,-0.15718879912149963,0.36,7,回撤不明显,,40,0,0
353,Glock-18 | Sacrifice (Factory New),49.0,48.0,459,28,0.061,0.9796,steamdt-live,52.61,116,49.25,164,,7,12,9,2,4,0,6,0,0.025104602510460206,0.0,0.02136752136752129,0.025104602510460206,0.0,0.04925053533190571,0.029510794216676572,-0.016064257028112428,-0.29869758122226997,0.36,3,回撤不明显,,40,0,0
354,AWP | Crakow! (Factory New),513.0,509.0,753,35,0.0465,0.9922,steamdt-live,517.5,377,514.03,223,,3,15,12,2,2,0,6,0,0.002150958154086835,0.0009756097560975618,-0.002146341463414636,0.003128666405944447,0.0019455252918287869,0.00588235294117645,0.013461538461538414,0.012833168805528095,-0.07147640681279299,0.36,9,回撤不明显,,40,0,0
355,M4A1-S | Icarus Fell (Factory New),2925.31,2900.0,602,27,0.0449,0.9913,steamdt-live,2980.0,406,2974.9,175,,3,15,12,2,2,0,6,0,0.0003442411187495331,-0.005294718909710339,-0.0015347966649651434,-0.004952300450921654,0.009681139755766566,0.0,0.009681139755766566,0.017233449477351837,-0.08193081761006293,0.16,8,回撤不明显,,40,0,0
356,AWP | Lightning Strike (Factory New),3018.0,2970.0,584,24,0.0411,0.9841,steamdt-live,3000.0,479,3012.9,147,,3,12,12,2,2,0,4,5,3.314583837399354e-06,-0.005959601986092022,0.003956633434051726,-0.005956307155854934,0.0064272462231645955,0.0065447222688370665,0.0064272462231645955,0.01695489996609023,-0.016721311475409784,0.2,4,回撤不明显,,40,0,0
357,FAMAS | Decommissioned (Factory New),28.99,26.8,608,19,0.0312,0.9245,steamdt-live,25.3,101,25.44,111,,3,6,12,2,10,0,2,5,-0.015957446808510745,-0.02316602316602312,0.012307692307692353,-0.03875379939209722,0.05065666041275785,0.01200000000000001,0.14929388029589774,-0.14929388029589774,-0.4377777777777777,0.36,10,长期阴跌,,40,0,0
358,Galil AR | Rainbow Spoon (Factory New),172.0,167.0,933,28,0.03,0.9709,steamdt-live,177.48,388,175.8,588,,3,12,15,2,2,0,6,0,0.0,0.0,0.0127774833657186,0.0,0.005780346820809301,0.0127774833657186,0.005780346820809301,0.01986362288763699,-0.12244897959183676,0.36,13,回撤不明显,,40,0,0
359,M4A4 | Tooth Fairy (Factory New),89.48,88.0,1592,39,0.0245,0.9835,steamdt-live,89.46,423,88.0,565,,3,12,15,2,2,0,6,0,0.0014794582906565434,0.0,-0.00011379153390977947,0.0014794582906565434,0.0,0.0014794582906565434,0.014447306529286719,0.0,-0.17633845001871962,0.25,2,回撤不明显,,40,0,0
360,AWP | Duality (Factory New),63.9,62.0,1026,25,0.0244,0.9703,steamdt-live,64.97,621,64.99,510,,3,12,15,2,6,0,2,0,-0.002006172839506104,-0.011906602752435491,-0.0009250693802035359,-0.01388888888888884,0.01616628175519641,0.022236442169252912,0.044700254148602236,-0.04054054054054046,-0.20125000000000004,0.36,12,可能加速下跌,,40,0,0
361,AK-47 | Midnight Laminate (Factory New),82.0,79.0,1536,32,0.0208,0.9634,steamdt-live,84.76,1027,84.9,679,,3,12,15,2,6,0,2,0,0.0,-0.027283511269276306,0.0293040293040292,-0.027283511269276306,0.0341578327444052,0.013597033374536327,0.0341578327444052,0.0,-0.11255411255411263,0.36,16,可能加速下跌,,40,0,0
362,Desert Eagle | Calligraffiti (Factory New),31.99,31.1,1128,17,0.0151,0.9722,steamdt-live,31.58,113,32.66,300,,3,12,15,2,6,0,2,0,-0.00030826140567197235,-0.026210299105766333,0.08133333333333326,-0.026510480887792842,0.03425076452599407,0.05266666666666664,0.037781840341255424,0.0025396825396823974,-0.3223175965665237,1.36,4,长期阴跌,,40,0,0
363,★ Specialist Gloves | Blackbook (Minimal Wear),3188.0,4240.0,41,23,0.561,1.33,steamdt-live,3240.0,59,3299.5,27,"溢价求购:买一高于卖一,多为定向收特定图案,买一价不可作退出价",20,0,4,5,4,0,6,0,0.0012441679626749025,-0.009630319975147517,-0.004335707649427034,-0.00839813374805598,0.012544525321356637,0.0,0.0250764525993884,-0.0250764525993884,0.007585335018963413,0.11,8,可能加速下跌,买一异常溢价(不作为可成交退出价),39,0,0
364,★ Sport Gloves | Red Racer (Minimal Wear),1825.0,2380.0,47,26,0.5532,1.3041,steamdt-live,1800.0,57,1888.0,32,"溢价求购:买一高于卖一,多为定向收特定图案,买一价不可作退出价",20,0,4,5,8,0,2,0,-0.0002720348204570122,-0.020408163265306145,-0.004063939311839571,-0.020674646354733373,0.024654565158493624,0.0,0.06735751295336789,-0.06225579578015106,-0.021207177814029365,0.36,7,可能加速下跌,买一异常溢价(不作为可成交退出价),39,0,0
365,★ Driver Gloves | Brocade Crane (Field-Tested),1050.0,1770.0,71,37,0.5211,1.6857,steamdt-live,1059.5,85,1065.88,42,"溢价求购:买一高于卖一,多为定向收特定图案,买一价不可作退出价",20,0,4,5,4,0,6,0,0.019138755980861344,-0.014084507042253502,-0.002748406306065654,0.004784688995215225,0.015009380863039379,0.004784688995215225,0.015009380863039379,0.0015261350629529602,-0.0318118948824343,0.36,6,可能加速下跌,买一异常溢价(不作为可成交退出价),39,0,0
366,★ Driver Gloves | Brocade Flowers (Field-Tested),798.5,1460.0,80,37,0.4625,1.8284,steamdt-live,800.0,89,861.11,86,"溢价求购:买一高于卖一,多为定向收特定图案,买一价不可作退出价",20,0,4,5,6,0,4,0,-0.0055248618784530246,-0.012345679012345734,0.01495327102803734,-0.017802332719459746,0.017802332719459746,0.0018785222291797243,0.04134212103055723,-0.04076738609112707,-0.11111111111111116,0.36,7,可能加速下跌,买一异常溢价(不作为可成交退出价),39,0,0
367,★ Sport Gloves | Superconductor (Minimal Wear),17349.5,30240.0,181,46,0.2541,1.743,steamdt-live,17760.0,148,18200.0,47,"溢价求购:买一高于卖一,多为定向收特定图案,买一价不可作退出价",17,0,7,5,4,0,6,0,-0.00014371532867696324,-0.002501006151900187,-0.00011495904583991301,-0.002644362047656057,0.0027590171001580233,0.0,0.02519946061355205,0.021526268995931463,-0.0868684210526316,0.34,2,回撤不明显,买一异常溢价(不作为可成交退出价),39,0,0
368,★ Sport Gloves | Frosty (Field-Tested),1139.9,1670.0,176,43,0.2443,1.465,steamdt-live,1109.0,186,1128.98,99,"溢价求购:买一高于卖一,多为定向收特定图案,买一价不可作退出价",17,0,7,5,6,0,4,0,-0.0017857142857142794,-0.00805008944543828,0.009918845807033394,-0.009821428571428537,0.009821428571428537,0.0036199095022624306,0.043140638481449556,-0.043140638481449556,-0.0795763893499768,0.36,4,回撤不明显,买一异常溢价(不作为可成交退出价),39,0,0
369,★ Hand Wraps | Desert Shamagh (Minimal Wear),393.0,462.0,157,29,0.1847,1.1756,steamdt-live,398.5,54,395.0,111,"溢价求购:买一高于卖一,多为定向收特定图案,买一价不可作退出价",14,0,7,5,2,0,6,5,0.0,-0.0038022813688213253,-0.0012658227848101333,-0.0038022813688213253,0.005063291139240533,0.007692307692307665,0.005063291139240533,0.010282776349614497,-0.03676470588235292,0.27,5,回撤不明显,买一异常溢价(不作为可成交退出价),39,0,0
370,★ Sport Gloves | Red Racer (Field-Tested),839.0,1340.0,221,40,0.181,1.5971,steamdt-live,839.0,197,849.4,68,"溢价求购:买一高于卖一,多为定向收特定图案,买一价不可作退出价",14,0,7,5,2,0,6,5,0.00464839094159708,-0.004626883378811231,0.010843373493975905,0.0,0.004626883378811231,0.010843373493975905,0.010029498525073732,-0.010029498525073732,-0.07599118942731276,0.36,3,回撤不明显,买一异常溢价(不作为可成交退出价),39,0,0
371,AK-47 | Fire Serpent (Factory New),14900.0,13580.0,60,10,0.1667,0.9114,steamdt-live,15130.0,54,15300.0,35,,14,6,4,2,4,0,6,3,0.0,0.0,0.0033670033670034627,0.0,0.01715039577836408,0.0033670033670034627,0.01715039577836408,0.0356931845827686,-0.006633554451815016,0.36,2,暂未减速,,39,0,0
372,★ Sport Gloves | Arid (Minimal Wear),7699.49,7550.0,172,21,0.1221,0.9806,steamdt-live,7830.0,43,7737.99,39,,11,12,7,5,2,0,2,0,-0.0009013660846846072,-0.007668523867152777,0.028607947019867463,-0.00856297780450399,0.012885897435897409,0.02659866666666666,0.012885897435897409,0.014893560930600458,-0.10885532407407406,0.34,4,可能加速下跌,,39,0,0
373,Desert Eagle | Mudder (Factory New),44.0,41.0,366,35,0.0956,0.9318,steamdt-live,44.9,65,45.66,124,,7,9,9,2,8,0,4,0,-0.006696428571428492,-0.011235955056179803,-0.0022271714922049712,-0.017857142857142794,0.020044543429844075,0.0,0.055591328611290014,-0.017637865594998914,-0.11823647294589179,0.33,4,可能加速下跌,,39,0,0
374,Tec-9 | Avalanche (Factory New),70.98,68.0,449,39,0.0869,0.958,steamdt-live,73.79,162,72.32,151,,7,9,9,2,8,0,4,0,-0.004452483651036676,-0.007966457023060647,-0.0001391207568167685,-0.01238347015444552,0.012520868113522376,0.0001409046075806497,0.05359999999999998,0.04413062665489842,-0.29722772277227716,0.27,3,可能加速下跌,,39,0,0
375,M4A1-S | Guardian (Factory New),448.0,436.0,671,36,0.0537,0.9732,steamdt-live,440.0,324,463.33,213,,3,12,12,2,8,0,2,0,-0.0033444075304540632,-0.022200493344296524,-0.008411481782443442,-0.025470653377630104,0.03364666608099798,0.0,0.05569267088743424,0.0,-0.13640824337585866,0.35,6,可能加速下跌,,39,0,0
376,USP-S | Orion (Factory New),624.0,614.0,519,27,0.052,0.984,steamdt-live,629.99,177,634.87,239,,3,12,12,2,6,0,4,0,-0.0015519097992019448,-0.010309278350515427,-0.009256644387963142,-0.011845189079622509,0.02175957860412614,0.0,0.03629343629343629,-0.014996053670086829,-0.1561637907718938,0.36,9,可能加速下跌,,39,0,0
377,FAMAS | Valence (Factory New),185.0,180.0,268,12,0.0448,0.973,steamdt-live,193.97,87,187.1,123,,3,12,9,2,8,0,2,3,-0.01308900523560208,-0.018567639257294433,-0.0012027401558332151,-0.03141361256544506,0.03595622720166758,0.0,0.05123339658444026,-0.02631578947368418,-0.14922970797884572,0.36,5,可能加速下跌,,39,0,0
378,AK-47 | Emerald Pinstripe (Factory New),83.8,81.0,815,32,0.0393,0.9666,steamdt-live,89.45,224,87.02,271,,3,12,12,2,10,0,0,0,-0.004519774011299549,-0.0488081725312145,-0.013377926421404673,-0.05310734463276834,0.06577480490523979,0.0,0.11294590875410182,-0.06368715083798882,-0.27370428150459347,0.34,12,可能加速下跌,,39,0,0
379,Tec-9 | Titanium Bit (Factory New),556.0,542.0,673,25,0.0371,0.9748,steamdt-live,592.74,6,560.0,38,,3,12,12,2,4,0,6,0,0.05970149253731338,-0.022887323943661997,-0.003661914233135777,0.035447761194029814,0.022887323943661997,0.04590682948891911,0.022887323943661997,0.051136363636363535,0.019283746556473913,0.07,12,可能加速下跌,,39,0,0
380,P250 | Inferno (Factory New),51.07,49.0,1049,23,0.0219,0.9595,steamdt-live,48.39,103,48.32,114,,3,9,15,2,4,0,6,0,0.0,-0.00453234445817885,-0.006549324600900519,-0.00453234445817885,0.011051985264019626,0.0,0.028548451950140774,0.04160379392110358,-0.3213483146067416,0.36,10,长期阴跌,,39,0,0
381,★ Driver Gloves | Queen Jaguar (Minimal Wear),679.0,880.0,105,32,0.3048,1.296,steamdt-live,679.41,58,679.48,82,"溢价求购:买一高于卖一,多为定向收特定图案,买一价不可作退出价",20,0,7,5,0,0,6,0,0.002954209748892156,0.0,0.004585181997596166,0.002954209748892156,0.0006034647709041163,0.007552937335846055,0.0006034647709041163,0.00014729709824723436,-0.006583760058522348,0.36,3,回撤不明显,买一异常溢价(不作为可成交退出价),38,0,0
382,M4A4 | Eye of Horus (Factory New),4169.91,5170.0,299,39,0.1304,1.2398,steamdt-live,4232.47,130,4190.75,96,"溢价求购:买一高于卖一,多为定向收特定图案,买一价不可作退出价",11,0,9,2,10,0,6,0,0.0028533722436832054,-0.0004722114356664475,-0.003084215621899533,0.0023798134130130766,0.030258139534883655,0.00732443224779411,0.08454665203073541,0.012109223300970973,-0.1709136097027537,0.16,4,暂未减速,买一异常溢价(不作为可成交退出价),38,0,0
383,★ Moto Gloves | 3rd Commando Company (Field-Tested),235.5,264.0,195,24,0.1231,1.121,steamdt-live,249.5,185,236.5,141,"溢价求购:买一高于卖一,多为定向收特定图案,买一价不可作退出价",11,0,7,5,4,0,6,5,-0.002109704641350185,-0.0042283298097252064,-0.0062893081761006275,-0.006329113924050667,0.012578616352201255,0.023913043478260843,0.02685950413223137,-0.02685950413223137,-0.09818488167266592,0.36,5,暂未减速,买一异常溢价(不作为可成交退出价),38,0,0
384,M4A4 | Dark Blossom (Factory New),346.0,334.0,237,28,0.1181,0.9653,steamdt-live,349.5,85,346.49,120,,11,12,7,2,6,0,0,0,-2.881927433062703e-05,-0.002824370280707922,-0.004589919389540675,-0.002853108158736628,0.007429932011818963,0.0,0.036158003231377855,0.07320099255583123,-0.21101837916723676,0.25,1,价格更新稀疏,,38,0,0
385,USP-S | Stainless (Factory New),290.0,286.0,297,32,0.1077,0.9862,steamdt-live,295.22,214,304.5,92,,11,12,9,2,4,0,0,0,-0.004155077092132808,0.0,0.00764705882352934,-0.004155077092132808,0.016949152542372836,0.0034602076124568004,0.029775844764135084,0.07407407407407418,-0.17029068436713202,0.35,1,价格更新稀疏,,38,0,0
386,★ Moto Gloves | Polygon (Field-Tested),669.5,869.0,318,34,0.1069,1.298,steamdt-live,672.91,278,674.99,198,"溢价求购:买一高于卖一,多为定向收特定图案,买一价不可作退出价",11,0,9,5,6,0,4,3,0.0026890506611201292,-0.008015883599294726,-0.0028148148148148255,-0.005348388055266717,0.01544117647058818,0.0,0.042874093982758876,-0.039454806312768986,-0.06320399625001749,0.36,9,可能加速下跌,买一异常溢价(不作为可成交退出价),38,0,0
387,★ Sport Gloves | Amphibious (Field-Tested),1863.5,2800.0,1071,81,0.0756,1.5025,steamdt-live,1890.0,984,1850.0,273,"溢价求购:买一高于卖一,多为定向收特定图案,买一价不可作退出价",7,0,15,5,0,0,6,5,0.0,0.011758271807492449,0.002741979709350195,0.011758271807492449,0.0,0.016483516483516425,0.0,0.03064066852367686,-0.033690258553147,0.36,5,回撤不明显,买一异常溢价(不作为可成交退出价),38,0,0
388,AK-47 | Baroque Purple (Factory New),399.0,388.0,292,22,0.0753,0.9724,steamdt-live,394.99,99,400.78,152,,7,12,9,2,6,0,2,0,-0.0012437810945273853,-0.016214196762141975,0.004999999999999893,-0.017437810945273635,0.02950859950859952,0.0,0.04821686746987952,0.04246503035101612,-0.23747104247104245,0.35,3,可能加速下跌,,38,0,0
389,P250 | See Ya Later (Factory New),708.5,689.0,283,18,0.0636,0.9725,steamdt-live,719.49,112,717.88,94,,7,12,9,2,2,0,6,0,0.013171428571428612,-0.0010151997969600757,0.0014306151645206988,0.012142857142857233,0.0021126760563380254,0.013590844062947083,0.007772564946432303,-0.00770308123249297,-0.04192021636240706,0.36,7,回撤不明显,,38,0,0
390,MP9 | Goo (Factory New),25.74,24.1,500,26,0.052,0.9363,steamdt-live,24.8,280,24.59,594,,3,9,9,2,4,0,6,5,-0.002424242424242329,-0.004050222762251976,0.007736156351791479,-0.006464646464646506,0.01639999999999997,0.0,0.01639999999999997,0.015276630883567233,-0.7191640018273184,0.3,2,长期阴跌,,38,0,0
391,Tec-9 | Ossified (Factory New),71.35,68.0,554,28,0.0505,0.953,steamdt-live,75.0,61,74.13,184,,3,9,12,2,10,0,2,0,-0.024089935760171266,-0.02331321996708724,0.023982458544607343,-0.046841541755888616,0.07229386479093391,0.0,0.21727662380481372,0.040315512708150925,-0.45383435582822085,0.1,23,长期阴跌,,38,0,0
392,USP-S | Forest Leaves (Factory New),27.0,25.2,577,29,0.0503,0.9333,steamdt-live,25.91,86,26.24,117,,3,9,12,2,6,0,6,0,-0.004237288135593209,-0.001547388781431458,-0.0015384615384614886,-0.005778120184899982,0.007307692307692348,0.032399999999999984,0.043719896257873314,-0.032245969253843376,-0.3427552839317546,0.13,5,长期阴跌,,38,0,0
393,Tec-9 | Bamboozle (Factory New),43.99,41.2,692,34,0.0491,0.9366,steamdt-live,43.0,196,44.49,174,,3,9,12,2,8,0,4,0,0.0011512779184894573,-0.011269549218031139,0.0,-0.010131245682707735,0.013538320330426679,0.0,0.06441784548422202,0.002097902097902171,-0.3657421068161699,0.1,3,长期阴跌,,38,0,0
394,★ Specialist Gloves | Fade (Field-Tested),1085.5,2090.0,1103,51,0.0462,1.9254,steamdt-live,1093.0,992,1100.34,395,"溢价求购:买一高于卖一,多为定向收特定图案,买一价不可作退出价",3,0,15,5,4,0,6,5,0.0008302583025832089,9.217439395325933e-05,0.0010157909317571878,0.0009225092250921829,0.0013805798435342354,0.00509495136637339,0.02603231597845601,-0.02603231597845601,-0.0805084745762712,0.36,6,回撤不明显,买一异常溢价(不作为可成交退出价),38,0,0
395,AWP | Neo-Noir (Factory New),320.5,315.0,1023,47,0.0459,0.9828,steamdt-live,324.0,617,325.5,256,,3,12,15,2,2,0,4,0,0.006564551422319598,-0.004658385093167738,0.006702961261289664,0.0018755861206627422,0.010802469135802517,0.0174603174603174,0.010802469135802517,0.03387096774193554,-0.057352941176470607,0.35,10,可能加速下跌,,38,0,0
396,USP-S | 27 (Factory New),31.51,29.5,482,19,0.0394,0.9362,steamdt-live,29.04,99,31.0,206,,3,9,9,2,8,3,4,0,-0.005119453924914752,-0.0037735849056603765,-0.007116231785835314,-0.00887372013651877,0.015593220338983027,0.0017247326664366902,0.052528548123980445,-0.05314639713074676,-0.32559219693451,0.4,4,长期阴跌,,38,0,0
397,AWP | Exothermic (Factory New),56.0,52.0,445,16,0.036,0.9286,steamdt-live,53.95,285,58.29,292,,3,6,9,2,10,0,3,5,-0.0016562384983438427,-0.0055299539170506895,0.06842312229650038,-0.0071770334928229484,0.007359705611775458,0.06494275562574026,0.08559322033898298,-0.06822107081174433,-0.1519962276013831,0.31,8,回撤不明显,,38,0,0
398,Desert Eagle | Mulberry (Factory New),82.79,79.0,1024,31,0.0303,0.9542,steamdt-live,80.8,519,83.37,260,,3,9,15,2,0,0,6,3,0.0,0.0,0.037227214377406836,0.0,0.0024691358024692134,0.037227214377406836,0.0024691358024692134,0.01126408010012514,-0.0818181818181819,0.36,9,回撤不明显,,38,0,0
399,AWP | PAW (Factory New),43.9,42.6,1264,30,0.0237,0.9704,steamdt-live,43.42,1002,43.59,287,,3,12,15,2,4,0,2,0,-0.0002272727272726316,-0.015230734257785872,0.03529411764705892,-0.015454545454545499,0.022121896162528132,0.03389021479713605,0.022121896162528132,0.04209766658648073,-0.07574141241732446,0.36,16,可能加速下跌,,38,0,0
400,★ Driver Gloves | Brocade Flowers (Minimal Wear),2424.99,3510.0,43,30,0.6977,1.4474,steamdt-live,2439.5,46,2436.67,40,"溢价求购:买一高于卖一,多为定向收特定图案,买一价不可作退出价",20,0,4,5,2,0,6,0,0.0,0.0020619834710742246,-0.007668019846639562,0.0020619834710742246,0.00562184770574492,0.0020619834710742246,0.010208163265306158,-0.010208163265306158,-0.029223495690535173,0.36,7,回撤不明显,买一异常溢价(不作为可成交退出价),37,0,0
401,Glock-18 | Fully Tuned (Factory New),1085.0,2400.0,66,43,0.6515,2.212,steamdt-live,1060.0,56,1116.71,24,"溢价求购:买一高于卖一,多为定向收特定图案,买一价不可作退出价",20,0,4,2,4,0,4,3,0.001890359168241984,0.0,0.0,0.001890359168241984,0.0,0.010004764173416003,0.02969499469078396,-0.02311350315184124,0.06000000000000005,1.36,4,回撤不明显,买一异常溢价(不作为可成交退出价),37,0,0
402,★ Driver Gloves | Hand Sweaters (Field-Tested),677.0,890.0,97,37,0.3814,1.3146,steamdt-live,669.0,81,679.99,45,"溢价求购:买一高于卖一,多为定向收特定图案,买一价不可作退出价",20,0,4,5,2,0,6,0,0.006772009029345272,0.0,0.024672320740169562,0.006772009029345272,0.0,0.0316114109483423,0.005943536404160454,-0.005943536404160454,-0.01149561157244594,0.36,3,回撤不明显,买一异常溢价(不作为可成交退出价),37,0,0
403,★ Driver Gloves | Seigaiha (Field-Tested),488.5,671.0,64,23,0.3594,1.3736,steamdt-live,489.5,87,496.61,53,"溢价求购:买一高于卖一,多为定向收特定图案,买一价不可作退出价",20,0,4,5,4,0,4,0,0.0,-0.005071386382614729,-0.006495346013759562,-0.005071386382614729,0.01213346814964611,0.007216494845360799,0.02006018054162484,-0.02006018054162484,-0.038366896986161136,0.36,8,可能加速下跌,买一异常溢价(不作为可成交退出价),37,0,0
404,★ Sport Gloves | Violet Beadwork (Field-Tested),1405.0,2730.0,151,43,0.2848,1.9431,steamdt-live,1420.0,152,1450.72,72,"溢价求购:买一高于卖一,多为定向收特定图案,买一价不可作退出价",17,0,7,5,0,0,3,5,-0.00036284470246739087,0.019963702359346636,0.061224489795918435,0.019593613933236664,0.0021306818181817677,0.08201771274547554,0.0021306818181817677,0.047725577926920115,-0.011259676284306797,0.11,6,回撤不明显,买一异常溢价(不作为可成交退出价),37,0,0
405,★ Broken Fang Gloves | Jade (Field-Tested),424.46,507.0,126,30,0.2381,1.1945,steamdt-live,426.98,112,434.99,94,"溢价求购:买一高于卖一,多为定向收特定图案,买一价不可作退出价",17,0,7,5,2,0,6,0,-0.0023447758394297136,-0.0023972924696813447,0.005849056603773661,-0.004736447195648141,0.0059484777517564424,0.03526829268292686,0.007111111111111179,0.0034515366430258876,-0.011274167249010092,0.36,4,回撤不明显,买一异常溢价(不作为可成交退出价),37,0,0
406,★ Hydra Gloves | Emerald (Minimal Wear),290.97,309.0,86,18,0.2093,1.062,steamdt-live,289.5,60,302.0,70,"溢价求购:买一高于卖一,多为定向收特定图案,买一价不可作退出价",17,0,4,5,0,0,6,5,0.0034602076124568004,-0.0017241379310344307,0.05125313739041859,0.0017301038062282892,0.0017241379310344307,0.05691650542148863,0.0017241379310344307,0.0017301038062282892,-0.028523489932885893,0.36,3,回撤不明显,买一异常溢价(不作为可成交退出价),37,0,0
407,FAMAS | Bad Trip (Factory New),484.0,471.0,137,27,0.1971,0.9731,steamdt-live,502.34,50,510.01,69,,14,12,7,2,2,0,0,0,0.0,0.0,0.0,0.0,0.0,0.0010341261633919352,0.013251783893985736,-0.00919159041126738,0.004149377593360981,1.26,0,价格更新稀疏,,37,0,0
408,★ Specialist Gloves | Mogul (Minimal Wear),920.0,1360.0,172,31,0.1802,1.4783,steamdt-live,895.0,171,908.5,70,"溢价求购:买一高于卖一,多为定向收特定图案,买一价不可作退出价",14,0,7,5,0,0,6,5,0.0,0.00561797752808979,0.011363636363636465,0.00561797752808979,0.0,0.017045454545454586,0.0,0.006183249016301184,-0.04584221748400852,0.28,9,回撤不明显,买一异常溢价(不作为可成交退出价),37,0,0
409,★ Sport Gloves | Scarlet Shamagh (Minimal Wear),1957.38,3070.0,168,30,0.1786,1.5684,steamdt-live,1998.0,167,2015.0,60,"溢价求购:买一高于卖一,多为定向收特定图案,买一价不可作退出价",14,0,7,5,0,0,6,5,0.007154639175257715,0.0017913075521527322,0.0,0.008958762886597915,0.0,0.00921887084300077,0.0,0.0010228190939869375,-0.056456977584960155,0.29,2,回撤不明显,买一异常溢价(不作为可成交退出价),37,0,0
410,USP-S | Para Green (Factory New),243.57,231.0,186,23,0.1237,0.9484,steamdt-live,249.26,89,245.42,94,,11,9,7,2,2,0,6,0,0.0,-0.007538097954526868,0.0,-0.007538097954526868,0.007538097954526868,0.0,0.007538097954526868,0.12295988934993085,-0.3000258642986465,0.36,5,长期阴跌,,37,0,0
411,P250 | Hive (Factory New),53.0,46.0,156,17,0.109,0.8679,steamdt-live,46.0,92,45.88,131,,11,3,7,2,4,6,4,0,-0.01809280544912717,-0.006503360069369246,0.0,-0.024478501489995752,0.02489361702127668,0.0,0.028613819415006403,0.09119047619047604,-0.509262233643859,0.36,9,长期阴跌,,37,0,0
412,★ Driver Gloves | Imperial Plaid (Field-Tested),899.0,1370.0,419,37,0.0883,1.5239,steamdt-live,885.0,352,939.8,185,"溢价求购:买一高于卖一,多为定向收特定图案,买一价不可作退出价",7,0,9,5,4,3,4,5,-0.007254464285714302,-0.005059021922428353,0.018181818181818077,-0.012276785714285698,0.015572858731924377,0.005681818181818121,0.02573812721548252,-0.02573812721548252,-0.08147379346133887,0.36,5,可能加速下跌,买一异常溢价(不作为可成交退出价),37,0,0
413,Glock-18 | Reactor (Factory New),459.59,441.0,218,19,0.0872,0.9596,steamdt-live,488.0,53,467.63,108,,7,9,7,2,10,0,2,0,-0.02373036322832689,-0.02373249329530458,-0.03752,-0.04689967583741994,0.08265999999999996,0.0,0.08449101796407188,0.019266666666666765,-0.002847949910865677,0.36,24,可能加速下跌,,37,0,0
414,AK-47 | Green Laminate (Factory New),270.22,255.0,337,29,0.0861,0.9437,steamdt-live,267.5,125,271.68,134,,7,9,9,2,4,0,6,0,-0.00011114404267942302,-0.008855459631701756,0.0019302152932443306,-0.008965619442797945,0.00914916472200622,0.011342155009451904,0.025571907329156263,0.01749714720426021,-0.19645539200961248,0.34,4,回撤不明显,,37,0,0
415,★ Sport Gloves | Amphibious (Minimal Wear),4023.0,7920.0,521,42,0.0806,1.9687,steamdt-live,4125.0,447,4036.12,119,"溢价求购:买一高于卖一,多为定向收特定图案,买一价不可作退出价",7,0,12,5,2,0,6,5,-0.0009977550511349742,0.004494382022471877,-0.0013700336280981773,0.003492142678972243,0.005684626791893188,0.012202792804126394,0.005684626791893188,0.008902821316614462,-0.029081694219862397,0.36,5,回撤不明显,买一异常溢价(不作为可成交退出价),37,0,0
416,Tec-9 | Mummy's Rot (Factory New),72.0,68.0,453,34,0.0751,0.9444,steamdt-live,69.9,78,71.13,88,,7,9,9,2,4,0,6,0,-0.0004286326618088143,-0.0008576329331044796,-0.00014285714285722229,-0.001285897985426332,0.0014285714285713347,0.013043478260869712,0.029166666666666563,-0.0014285714285713347,-0.3342857142857142,0.36,2,长期阴跌,,37,0,0
417,Galil AR | Crimson Tsunami (Factory New),44.5,39.6,693,47,0.0678,0.8899,steamdt-live,40.9,266,40.52,246,,7,6,12,2,0,10,0,0,-0.007520746887966778,0.05879278808466171,0.015003948407475765,0.05082987551867224,0.0,0.1577142857142857,0.0,0.05028512182477973,-0.2309736192825962,0.34,6,反弹较远,,37,0,0
418,Glock-18 | Trace Lock (Factory New),36.88,34.0,271,17,0.0627,0.9219,steamdt-live,35.98,245,37.0,99,,7,6,9,2,8,0,2,3,0.02430167597765376,-0.018816471229888276,0.0042075736325384305,0.005027932960893766,0.042321000798509534,0.030945558739254864,0.05315789473684218,-0.03796791443850267,-0.07885304659498227,1.11,13,可能加速下跌,,37,0,0
419,AWP | Safari Mesh (Factory New),40.0,37.1,482,30,0.0622,0.9275,steamdt-live,43.98,122,41.3,166,,7,6,9,2,8,0,2,3,-0.002206423142927072,-0.017199017199017286,0.033181357649442855,-0.019367492032360878,0.04489016236867249,0.01317122593718345,0.060591827148896105,0.044386422976501416,-0.30289299407459047,0.35,3,长期阴跌,,37,0,0
420,USP-S | Lead Conduit (Factory New),85.7,83.0,535,29,0.0542,0.9685,steamdt-live,86.1,104,87.94,96,,3,12,12,2,2,0,6,0,-0.00497570006942849,-0.003372485172694395,-0.0004626416840156633,-0.008331404767414896,0.012331450962314139,0.0,0.014942528735632177,-0.0009326183259500409,-0.273728813559322,0.36,5,可能加速下跌,,37,0,0
421,M4A4 | Temukau (Factory New),624.0,613.0,778,31,0.0398,0.9824,steamdt-live,638.5,645,649.7,319,,3,12,12,2,6,0,2,0,0.0,-0.01577287066246058,-0.004553305071439806,-0.01577287066246058,0.021943573667711602,0.006451612903225712,0.03105590062111796,-0.029548989113530322,-0.10073497622135752,0.35,14,可能加速下跌,,37,0,0
422,M4A1-S | Liquidation (Factory New),62.1,61.0,1201,31,0.0258,0.9823,steamdt-live,61.9,553,62.32,269,,3,12,15,2,0,0,2,3,0.003236245954692629,-0.001612903225806428,0.013114754098360715,0.0016181229773462036,0.001612903225806428,0.03511705685618738,0.001612903225806428,0.021452145214521323,-0.03582554517133962,0.36,8,回撤不明显,,37,0,0
423,★ Hand Wraps | Arboreal (Minimal Wear),447.0,483.0,122,22,0.1803,1.0805,steamdt-live,450.4,94,455.0,102,"溢价求购:买一高于卖一,多为定向收特定图案,买一价不可作退出价",14,0,7,5,6,0,4,0,0.0,-0.011061946902654829,-0.004405286343612369,-0.011061946902654829,0.01433296582138921,0.0,0.03767491926803013,-0.02614379084967322,-0.10313001605136429,0.27,7,可能加速下跌,买一异常溢价(不作为可成交退出价),36,0,0
424,USP-S | Kill Confirmed (Factory New),1573.9,1540.0,256,33,0.1289,0.9785,steamdt-live,1599.0,109,1571.83,70,,11,12,9,2,2,0,0,0,-0.006635783938874984,0.0,0.0033798351299936247,-0.006635783938874984,0.006635783938874984,0.014083870967741996,0.0083091482649843,0.05534443400026845,-0.06882109004739345,0.35,1,价格更新稀疏,,36,0,0
425,★ Sport Gloves | Slingshot (Minimal Wear),5449.5,8540.0,356,41,0.1152,1.5671,steamdt-live,5450.0,322,5716.0,80,"溢价求购:买一高于卖一,多为定向收特定图案,买一价不可作退出价",11,0,9,5,2,0,6,3,0.0025004630487126533,0.006836027713625903,-0.002494226327944604,0.009353583997036452,9.174311926607448e-05,0.009447068630175082,0.006834335702569749,-0.0010082493125572745,-0.07572930800542743,0.36,6,回撤不明显,买一异常溢价(不作为可成交退出价),36,0,0
426,★ Broken Fang Gloves | Unhinged (Field-Tested),307.41,387.0,122,14,0.1148,1.2589,steamdt-live,309.5,147,309.39,101,"溢价求购:买一高于卖一,多为定向收特定图案,买一价不可作退出价",11,0,7,5,2,0,6,5,0.0,0.011217105263158,0.009966777408637828,0.011217105263158,0.006463915193432701,0.024700000000000166,0.006463915193432701,0.024700000000000166,-0.08726247030878853,0.36,4,回撤不明显,买一异常溢价(不作为可成交退出价),36,0,0
427,★ Sport Gloves | Scarlet Shamagh (Field-Tested),1090.0,1490.0,410,45,0.1098,1.367,steamdt-live,1100.0,320,1099.9,162,"溢价求购:买一高于卖一,多为定向收特定图案,买一价不可作退出价",11,0,9,5,0,0,6,5,0.0,0.010194624652456019,0.0,0.010194624652456019,0.0,0.017265515632291173,0.0,0.0092592592592593,-0.0987937064382508,0.35,2,回撤不明显,买一异常溢价(不作为可成交退出价),36,0,0
428,★ Specialist Gloves | Field Agent (Minimal Wear),1825.0,3450.0,325,34,0.1046,1.8904,steamdt-live,1819.5,256,1841.28,65,"溢价求购:买一高于卖一,多为定向收特定图案,买一价不可作退出价",11,0,9,5,2,0,4,5,-0.0013642564802183177,-0.0057377049180328266,0.012430939226519389,-0.007094133697135074,0.009526401741970614,0.01083333333333325,0.009526401741970614,0.05889541989175351,-0.016220600162206056,0.36,6,回撤不明显,买一异常溢价(不作为可成交退出价),36,0,0
429,Galil AR | Sugar Rush (Factory New),940.0,924.0,313,27,0.0863,0.983,steamdt-live,964.21,70,949.28,93,,7,12,9,2,2,0,4,0,-0.0013158310262428863,-0.00919133147820228,0.02755002704164422,-0.010495068265313656,0.01051590016737014,0.016765819361817202,0.014809302715562911,-0.009984412520537611,-0.16629711751662968,0.36,4,可能加速下跌,,36,0,0
430,Glock-18 | Dragon Tattoo (Factory New),545.99,533.0,360,27,0.075,0.9762,steamdt-live,554.5,238,557.76,236,,7,12,9,2,2,0,4,0,0.0009124087591241281,-0.004576116681859643,0.016697588126159513,-0.0036678832116787685,0.005482695810564597,0.015021100184045677,0.013568202348690162,-0.013568202348690162,-0.12802044238600974,0.35,8,回撤不明显,,36,0,0
431,M4A1-S | Blue Phosphor (Factory New),3546.48,3550.0,522,39,0.0747,1.001,steamdt-live,3572.0,318,3602.21,141,,7,15,12,2,0,0,0,0,0.0006768189509307465,-0.0005410889414947384,0.0016949152542373724,0.0001353637901861937,0.0023685617035641426,0.0018305084745762201,0.0049158249158248735,0.0049532445451969664,-0.02030939226519335,0.36,1,价格更新稀疏,,36,0,0
432,Glock-18 | Wraiths (Factory New),37.39,35.1,410,27,0.0659,0.9388,steamdt-live,35.9,158,36.88,151,,7,9,9,2,6,0,0,3,0.0,-0.026572668112798348,-0.009401020682245353,-0.026572668112798348,0.0357238785925329,0.031609195402298784,0.038306991695687076,-0.009928295642581353,-0.36291038154392197,0.36,5,长期阴跌,,36,0,0
433,M4A1-S | Cyrex (Factory New),1279.0,1270.0,527,34,0.0645,0.993,steamdt-live,1288.5,238,1286.11,143,,7,15,12,2,0,0,0,0,0.0,0.010268562401263726,0.01686746987951815,0.010268562401263726,0.0,0.027309236947791193,0.0,0.03395311236863385,-0.008550188755300225,0.36,1,价格更新稀疏,,36,0,0
434,★ Sport Gloves | Vice (Minimal Wear),8199.5,19580.0,986,55,0.0558,2.388,steamdt-live,8250.0,949,8276.5,206,"溢价求购:买一高于卖一,多为定向收特定图案,买一价不可作退出价",3,0,15,5,2,0,6,5,0.009754601226993787,-0.0036454219575915436,-0.005126953125,0.006073619631901783,0.009303449525765672,0.006073619631901783,0.011632111861137884,-0.008860361667150096,-0.05208092485549132,0.36,4,回撤不明显,买一异常溢价(不作为可成交退出价),36,0,0
435,Five-SeveN | Heat Treated (Factory New),110.88,106.0,724,33,0.0456,0.956,steamdt-live,110.04,364,110.53,216,,3,9,12,2,6,0,4,0,-0.0024596884394643137,0.004931506849315204,-0.005976636783482814,0.0024596884394645357,0.012119579854565021,0.018888888888888955,0.03210484651244605,0.08094302554027522,-0.17511244377811097,0.36,10,暂未减速,,36,0,0
436,AK-47 | Bloodsport (Factory New),1036.5,1020.0,1558,68,0.0436,0.9841,steamdt-live,1028.0,1092,1046.0,330,,3,12,15,2,0,0,4,0,0.000486144871171712,-0.0009718172983479434,0.01580246913580252,-0.000486144871171601,0.0009718172983479434,0.014306857424765562,0.0009718172983479434,0.020448679769704103,-0.013908872901678637,0.36,4,回撤不明显,,36,0,0
437,Five-SeveN | Orange Peel (Factory New),22.79,20.8,543,22,0.0405,0.9127,steamdt-live,21.94,88,21.56,159,,3,6,12,2,6,3,4,0,-0.010483135824977174,-0.00690925840626444,0.007808911345889014,-0.017319963536919003,0.030575539568345356,0.0,0.030575539568345356,0.13593256059009473,-0.2774798927613942,0.36,9,可能加速下跌,,36,0,0
438,FAMAS | Survivor Z (Factory New),31.75,28.2,1120,39,0.0348,0.8882,steamdt-live,29.99,212,31.92,293,,3,6,15,2,10,0,0,0,-0.012812500000000004,-0.05064893953782845,0.08843537414965996,-0.06281250000000005,0.06281250000000005,0.027406646111681976,0.09450483091787443,0.1579150579150579,-0.35946176847501077,0.26,3,长期阴跌,,36,0,0
439,★ Specialist Gloves | Cloud Chaser (Minimal Wear),5220.0,6170.0,39,30,0.7692,1.182,steamdt-live,5186.5,59,5209.5,31,"溢价求购:买一高于卖一,多为定向收特定图案,买一价不可作退出价",20,0,4,5,0,0,6,0,0.0039579109952698754,-0.002596153846153859,0.0024424797943827237,0.0013514818032629439,0.002596153846153859,0.003797262564642523,0.002596153846153859,0.027029702970297054,0.05566863423570112,0.11,3,回撤不明显,买一异常溢价(不作为可成交退出价),35,0,0
440,★ Driver Gloves | Hand Sweaters (Minimal Wear),1491.0,1940.0,39,28,0.7179,1.3011,steamdt-live,1486.49,42,1486.83,43,"溢价求购:买一高于卖一,多为定向收特定图案,买一价不可作退出价",20,0,4,5,6,0,0,0,0.0,-0.005028639040524974,-0.00768512341561034,-0.005028639040524974,0.01332675551170337,0.0,0.03141361256544506,-0.02631578947368418,-0.034257748776509,0.36,1,价格更新稀疏,买一异常溢价(不作为可成交退出价),35,0,0
441,★ Sport Gloves | Creme Pinstripe (Minimal Wear),1056.5,1400.0,39,24,0.6154,1.3251,steamdt-live,1100.0,39,1084.99,39,"溢价求购:买一高于卖一,多为定向收特定图案,买一价不可作退出价",20,0,4,5,6,0,0,0,0.006669842782277335,0.0,-0.02643784786641934,0.006669842782277335,0.01994434137291279,0.011004784688995128,0.04389140271493208,-0.012616822429906582,-0.03954545454545455,0.36,1,价格更新稀疏,买一异常溢价(不作为可成交退出价),35,0,0
442,★ Sport Gloves | Occult (Minimal Wear),6000.0,7050.0,85,42,0.4941,1.175,steamdt-live,6000.0,92,6188.0,26,"溢价求购:买一高于卖一,多为定向收特定图案,买一价不可作退出价",20,0,4,5,0,0,6,0,0.008474576271186418,0.008403361344537785,0.005281990117566915,0.016949152542372836,0.0,0.0225820195994888,0.0,0.017898040546271865,-0.016393442622950838,0.11,2,回撤不明显,买一异常溢价(不作为可成交退出价),35,0,0
443,★ Driver Gloves | Garden (Minimal Wear),2699.0,3980.0,49,24,0.4898,1.4746,steamdt-live,2738.0,65,2708.5,43,"溢价求购:买一高于卖一,多为定向收特定图案,买一价不可作退出价",20,0,4,5,6,0,0,0,0.0,-0.00037037037037035425,0.00018521948508976038,-0.00037037037037035425,0.00037037037037035425,0.0003706449221645425,0.03607142857142853,-0.03607142857142853,-0.0654432132963989,0.26,0,价格更新稀疏,买一异常溢价(不作为可成交退出价),35,0,0
444,MP9 | Wild Lily (Factory New),16549.0,15930.0,31,9,0.2903,0.9626,steamdt-live,16400.0,24,17555.15,14,,17,12,4,2,0,0,0,0,0.0,0.0,0.03147897732633109,0.0,0.0,0.03147897732633109,0.0,0.03144654088050314,-0.006000363658403507,0.16,0,价格更新稀疏,,35,0,0
445,★ Moto Gloves | Blood Pressure (Minimal Wear),1259.0,1690.0,113,30,0.2655,1.3423,steamdt-live,1296.0,85,1261.44,69,"溢价求购:买一高于卖一,多为定向收特定图案,买一价不可作退出价",17,0,7,5,0,0,6,0,0.0,0.007200000000000095,0.024590163934426146,0.007200000000000095,0.0019342973110096917,0.031967213114754145,0.0019342973110096917,0.02399349328995526,-0.06393356084431856,0.36,2,回撤不明显,买一异常溢价(不作为可成交退出价),35,0,0
446,★ Specialist Gloves | Blackbook (Field-Tested),1634.5,2350.0,154,39,0.2532,1.4377,steamdt-live,1639.0,159,1636.99,67,"溢价求购:买一高于卖一,多为定向收特定图案,买一价不可作退出价",17,0,7,5,0,0,6,0,-0.0006105006105006083,-0.0015271838729382647,0.014241486068111486,-0.002136752136752129,0.002136752136752129,0.02156249999999993,0.002136752136752129,0.01144801980198018,-0.011191772534785205,0.11,4,回撤不明显,买一异常溢价(不作为可成交退出价),35,0,0
447,Desert Eagle | Crimson Web (Factory New),949.0,903.0,87,20,0.2299,0.9515,steamdt-live,1050.0,50,967.68,55,,17,9,4,2,0,0,3,0,0.016429365962180142,0.038554559681320155,-0.0005558643690939391,0.05561735261401557,0.0,0.06629213483146068,0.0,0.05444444444444452,0.00010538518284342047,0.23,10,回撤不明显,,35,0,0
448,★ Moto Gloves | Spearmint (Minimal Wear),18100.0,26480.0,180,36,0.2,1.463,steamdt-live,18399.5,155,18999.0,58,"溢价求购:买一高于卖一,多为定向收特定图案,买一价不可作退出价",17,0,7,5,4,0,2,0,0.004918032786885185,-0.015769439912996175,0.0005467468562054822,-0.010928961748633892,0.015769439912996175,0.012021246854906353,0.015769439912996175,-0.005467183164372669,-0.08585858585858586,0.34,5,可能加速下跌,买一异常溢价(不作为可成交退出价),35,0,0
449,Desert Eagle | Sunset Storm 壱 (Factory New),3186.5,2980.0,47,9,0.1915,0.9352,steamdt-live,3181.52,35,3275.74,44,,14,9,4,2,0,0,6,0,0.03329988080506929,0.0,0.00036063784163120616,0.03329988080506929,0.000998524193801531,0.03396815079623017,0.000998524193801531,0.033709471467978425,0.04349765489192814,0.36,2,回撤不明显,,35,0,0
450,Tec-9 | Orange Murano (Factory New),91.99,87.0,64,11,0.1719,0.9458,steamdt-live,96.62,23,97.0,21,,14,9,4,2,6,0,0,0,0.0,0.0,0.0,0.0,0.0,0.0,0.04077163712200216,-0.026560846560846563,-0.08010000000000006,0.1,0,价格更新稀疏,,35,0,0
451,Glock-18 | Fade (Factory New),9000.0,10340.0,136,21,0.1544,1.1489,steamdt-live,9435.91,137,9540.04,78,"溢价求购:买一高于卖一,多为定向收特定图案,买一价不可作退出价",14,0,7,2,8,0,4,0,-0.005330548991592021,-0.0055248618784530246,-0.005628415300546474,-0.010825960323130213,0.016393442622950838,0.0,0.06230464680141701,-0.06230464680141701,-0.13768324231100892,0.36,5,可能加速下跌,买一异常溢价(不作为可成交退出价),35,0,0
452,AWP | Desert Hydra (Factory New),9050.0,12180.0,282,35,0.1241,1.3459,steamdt-live,9077.0,227,9176.0,64,"溢价求购:买一高于卖一,多为定向收特定图案,买一价不可作退出价",11,0,9,2,4,0,4,5,0.00010990218705342336,-0.005494505494505475,0.011168528088014718,-0.00538520716562263,0.005494505494505475,0.016853932584269593,0.026818934554917462,0.016853932584269593,-0.07416879795396425,0.35,2,回撤不明显,买一异常溢价(不作为可成交退出价),35,0,0
453,Galil AR | CAUTION! (Factory New),400.0,367.0,51,6,0.1176,0.9175,steamdt-live,445.0,32,418.12,44,,11,6,4,2,10,0,2,0,-0.0012195121951219523,-0.023199023199023228,-0.023809523809523836,-0.024390243902439046,0.04761904761904767,0.0,0.1208791208791209,-0.1208791208791209,-0.180327868852459,1.08,3,可能加速下跌,,35,0,0
454,M4A4 | Daybreak (Factory New),4405.5,4170.0,173,20,0.1156,0.9465,steamdt-live,4467.97,49,4410.68,58,,11,9,7,2,4,0,2,0,-0.00045135053606371045,-0.0003403675970047315,-0.0002290249433106739,-0.000791564507971132,0.0010204081632653184,0.024534883720930267,0.0159441396686979,-0.01940053331433933,-0.19870862131684253,0.35,3,回撤不明显,,35,0,0
455,MP9 | Dart (Factory New),19.2,18.1,120,13,0.1083,0.9427,steamdt-live,19.9,96,19.09,142,,11,9,7,2,0,0,6,0,0.0037878787878788955,0.029110512129379984,0.02212389380530988,0.03300865800865793,0.0,0.05879090404880749,0.0,0.08836944127708102,-0.6384469696969697,0.26,4,长期阴跌,,35,0,0
456,Galil AR | Stone Cold (Factory New),142.0,136.0,351,26,0.0741,0.9577,steamdt-live,139.38,139,138.94,115,,7,9,9,2,4,0,4,0,0.0014974329720478519,-0.010751156995371991,0.019927272727272793,-0.009269823160296675,0.017953067571388148,0.013346947706221135,0.017953067571388148,0.07322725166074462,-0.21693062052640477,0.35,7,可能加速下跌,,35,0,0
457,★ Sport Gloves | Omega (Field-Tested),1138.0,2030.0,910,65,0.0714,1.7838,steamdt-live,1114.9,757,1151.66,253,"溢价求购:买一高于卖一,多为定向收特定图案,买一价不可作退出价",7,0,15,5,4,0,4,0,0.02511210762331828,-0.024584426946631543,-0.0026833631484793896,-8.968609865467325e-05,0.025010931351114873,0.00542890123367723,0.025010931351114873,-0.01640935156594614,-0.08464696223316903,0.35,10,可能加速下跌,买一异常溢价(不作为可成交退出价),35,0,0
458,★ Sport Gloves | Nocts (Field-Tested),3765.5,4250.0,1003,62,0.0618,1.1287,steamdt-live,3740.0,823,3818.0,160,"溢价求购:买一高于卖一,多为定向收特定图案,买一价不可作退出价",7,0,15,5,2,0,6,0,0.0013386880856760541,0.0,0.009459459459459474,0.0013386880856760541,0.0049221764001596835,0.005376344086021501,0.010582010582010581,-0.002666666666666706,-0.03471415666537614,0.35,8,回撤不明显,买一异常溢价(不作为可成交退出价),35,0,0
459,P250 | Visions (Factory New),53.8,50.0,407,25,0.0614,0.9294,steamdt-live,54.0,302,50.3,255,,7,6,9,2,0,0,6,5,0.03718159408381272,-0.0017825311942959443,0.024842105263158,0.03533278553820862,0.001980198019801982,0.050000000000000044,0.001980198019801982,0.022312373225152227,-0.18578352180936997,0.11,6,回撤不明显,,35,0,0
460,Galil AR | Black Sand (Factory New),95.69,86.0,556,34,0.0612,0.8987,steamdt-live,96.89,200,91.59,108,,7,6,12,2,0,0,3,5,0.012701568367572191,-0.0010906314756242708,0.04429065743944638,0.011597084161696358,0.002178886588953044,0.06252900232018566,0.002178886588953044,0.12009294362235545,-0.26433734939759035,0.2,2,回撤不明显,,35,0,0
461,Galil AR | Chromatic Aberration (Factory New),124.0,120.0,607,32,0.0527,0.9677,steamdt-live,127.85,179,128.79,185,,3,12,12,2,6,0,0,0,0.005547741834661668,-0.03644416815603391,0.019111323459149565,-0.031098609157680923,0.03651903651903643,8.065166545700997e-05,0.03651903651903643,-0.007046764894298452,-0.23456790123456794,0.36,6,可能加速下跌,,35,0,0
462,M4A1-S | Blood Tiger (Factory New),114.5,113.0,788,38,0.0482,0.9869,steamdt-live,113.46,228,115.96,209,,3,12,12,2,6,0,0,0,-0.004367956669869888,-0.004474861805738417,-0.029421739867729335,-0.008823272473137078,0.03025641025641035,0.0,0.04631419685635041,-0.0002643404705260366,-0.1833297343986181,0.26,1,价格更新稀疏,,35,0,0
463,Glock-18 | Vogue (Factory New),73.72,70.0,906,32,0.0353,0.9495,steamdt-live,74.23,293,74.3,551,,3,9,15,2,6,0,0,0,-0.004966442953020178,-0.005530824227708009,0.00026852846401714814,-0.010469798657718132,0.010469798657718132,0.05314285714285716,0.03835116097051916,0.06840579710144934,-0.14069238839025533,0.36,11,可能加速下跌,,35,0,0
464,★ Broken Fang Gloves | Jade (Minimal Wear),749.1,860.0,70,19,0.2714,1.148,steamdt-live,855.0,30,771.84,68,"溢价求购:买一高于卖一,多为定向收特定图案,买一价不可作退出价",17,0,4,5,2,0,6,0,0.020530251529571775,-0.001998401278976769,0.02011095700416088,0.018490822569680487,0.001998401278976769,0.038973647711511905,0.014731027226094873,-0.014731027226094873,-0.029034348671419297,0.36,5,回撤不明显,买一异常溢价(不作为可成交退出价),34,0,0
465,★ Driver Gloves | Overtake (Minimal Wear),513.5,680.0,98,25,0.2551,1.3242,steamdt-live,504.49,71,530.0,66,"溢价求购:买一高于卖一,多为定向收特定图案,买一价不可作退出价",17,0,4,5,8,0,0,0,0.0029622266401589936,0.0,-0.003960396039603964,0.0029622266401589936,0.0010099009900990108,0.04018556701030929,0.06054003724394785,-0.04797041006963443,-0.0657592592592593,0.36,1,价格更新稀疏,买一异常溢价(不作为可成交退出价),34,0,0
466,★ Sport Gloves | Ultra Violent (Field-Tested),5930.0,7920.0,529,70,0.1323,1.3356,steamdt-live,5787.0,568,5996.98,158,"溢价求购:买一高于卖一,多为定向收特定图案,买一价不可作退出价",11,0,12,5,2,0,4,0,8.646031471548632e-05,0.0006051698798306138,0.020739564027888013,0.0006916825177243346,0.0,0.0214455917394758,0.010769230769230753,-0.010684673903752495,-0.03380916604057105,0.26,3,回撤不明显,买一异常溢价(不作为可成交退出价),34,0,0
467,AK-47 | Case Hardened (Factory New),2969.99,13550.0,479,58,0.1211,4.5623,steamdt-live,3045.0,326,3125.0,173,"溢价求购:买一高于卖一,多为定向收特定图案,买一价不可作退出价",11,0,9,2,6,0,6,0,-0.002337228714524242,-0.006027443105756425,-0.000667334000667319,-0.008350584307178721,0.009012345679012435,0.0,0.03805991902834016,0.05412244897959173,0.1651588858375832,0.35,6,回撤不明显,买一异常溢价(不作为可成交退出价),34,0,0
468,★ Driver Gloves | Rezan the Red (Field-Tested),358.45,467.0,211,24,0.1137,1.3028,steamdt-live,364.96,177,368.88,127,"溢价求购:买一高于卖一,多为定向收特定图案,买一价不可作退出价",11,0,7,5,0,0,6,5,0.008298171589310899,0.0,-0.006789036962534634,0.008298171589310899,0.0,0.011170978024767964,0.002782028098483824,-0.002782028098483824,-0.05422163588390505,0.36,7,回撤不明显,买一异常溢价(不作为可成交退出价),34,0,0
469,★ Moto Gloves | Turtle (Minimal Wear),755.0,980.0,142,16,0.1127,1.298,steamdt-live,760.0,122,757.1,75,"溢价求购:买一高于卖一,多为定向收特定图案,买一价不可作退出价",11,0,7,5,0,0,6,5,0.0046604527296938425,0.000662690523525411,0.0006662225183211579,0.005326231691078487,0.0029054410987851,0.01342281879194629,0.0030371055064042363,-0.0030371055064042363,-0.01681186597387707,0.36,4,回撤不明显,买一异常溢价(不作为可成交退出价),34,0,0
470,★ Moto Gloves | POW! (Minimal Wear),1009.0,1690.0,285,32,0.1123,1.6749,steamdt-live,1035.0,278,1039.5,67,"溢价求购:买一高于卖一,多为定向收特定图案,买一价不可作退出价",11,0,9,5,0,0,6,3,0.0009930486593843213,0.0,0.009018036072144353,0.0009930486593843213,0.001980198019801982,0.014084507042253502,0.001980198019801982,0.015105740181268867,-0.049056603773584895,0.36,8,回撤不明显,买一异常溢价(不作为可成交退出价),34,0,0
471,★ Hand Wraps | Desert Shamagh (Field-Tested),232.0,257.0,251,25,0.0996,1.1078,steamdt-live,239.0,188,230.78,236,"溢价求购:买一高于卖一,多为定向收特定图案,买一价不可作退出价",7,0,9,5,2,0,6,5,-0.0042427915836869,0.003391304347826196,-0.004825506247307265,-0.0008658758334054717,0.009527896995708107,0.005577342047930367,0.009527896995708107,0.003391304347826196,-0.0967514677103718,0.36,9,回撤不明显,买一异常溢价(不作为可成交退出价),34,0,0
472,Glock-18 | Franklin (Factory New),768.5,740.0,442,43,0.0973,0.9629,steamdt-live,796.81,92,759.9,144,,7,12,9,2,4,0,0,0,0.0,0.0,0.015909090909090873,0.0,0.0060170045781556825,0.022745625841184447,0.025769230769230766,0.037717812858469424,-0.2078103498603061,0.36,0,价格更新稀疏,,34,0,0
473,M4A1-S | Printstream (Factory New),2746.5,3780.0,621,58,0.0934,1.3763,steamdt-live,2742.5,472,2779.5,166,"溢价求购:买一高于卖一,多为定向收特定图案,买一价不可作退出价",7,0,12,2,2,0,6,5,0.004296966502693955,-0.0005102226757535133,-0.001950684931506852,0.0037845514171936934,0.0005466472303207182,0.0084574370288657,0.006160536329045119,-0.007958039428468067,-0.03771929824561404,0.36,4,回撤不明显,买一异常溢价(不作为可成交退出价),34,0,0
474,★ Specialist Gloves | Buckshot (Field-Tested),253.0,301.0,314,28,0.0892,1.1897,steamdt-live,258.0,318,262.69,186,"溢价求购:买一高于卖一,多为定向收特定图案,买一价不可作退出价",7,0,9,5,4,0,4,5,0.0,-0.007843137254901933,0.0019646365422396617,-0.007843137254901933,0.015104328869511074,0.01200000000000001,0.015104328869511074,3.952725404166024e-05,-0.09335244579824409,0.36,12,可能加速下跌,买一异常溢价(不作为可成交退出价),34,0,0
475,★ Hand Wraps | Overprint (Minimal Wear),878.5,1070.0,346,23,0.0665,1.218,steamdt-live,885.0,296,900.0,95,"溢价求购:买一高于卖一,多为定向收特定图案,买一价不可作退出价",7,0,9,5,2,0,6,5,-0.0005675368898978572,-0.0022714366837024436,0.0017055144968731728,-0.002837684449489175,0.003403289846852009,0.0040000000000000036,0.010140845070422566,-0.002837684449489175,-0.04500489183606915,0.36,7,回撤不明显,买一异常溢价(不作为可成交退出价),34,0,0
476,Glock-18 | AXIA (Factory New),302.0,289.0,708,39,0.0551,0.957,steamdt-live,298.0,257,318.0,574,,3,9,12,2,6,0,2,0,-0.0016420361247947435,-0.019736842105263164,0.018394648829431537,-0.021346469622331665,0.021346469622331665,0.001680672268907557,0.04792332268370603,0.01016949152542379,-0.12990160296651,0.36,13,可能加速下跌,,34,0,0
477,Galil AR | Urban Rubble (Factory New),92.99,74.0,74,4,0.0541,0.7958,steamdt-live,110.0,18,92.79,22,,3,1,4,2,4,9,6,5,0.0,-0.0010765421466250036,-0.008538798164158368,-0.0010765421466250036,0.009606147934678066,0.0,0.02316033266659634,-0.02316033266659634,-0.26040172166427533,0.18,3,回撤不明显,,34,0,0
478,★ Hand Wraps | Cobalt Skulls (Field-Tested),1233.5,1690.0,906,47,0.0519,1.3701,steamdt-live,1205.0,682,1245.58,211,"溢价求购:买一高于卖一,多为定向收特定图案,买一价不可作退出价",3,0,15,5,6,0,2,3,0.004358999381932849,-0.02429149797570851,-0.012337349397590236,-0.020038385218438037,0.03600000000000003,0.0,0.03600000000000003,0.004166666666666652,-0.07980145093547153,0.36,7,可能加速下跌,买一异常溢价(不作为可成交退出价),34,0,0
479,FAMAS | Hexane (Factory New),60.0,57.0,287,12,0.0418,0.95,steamdt-live,63.59,121,59.12,61,,3,9,9,2,0,0,6,5,-0.0018571669761945353,0.0,0.0,-0.0018571669761945353,0.0018571669761945353,0.017555938037865593,0.0018571669761945353,0.08080438756855557,-0.3091843888759056,0.19,3,长期阴跌,,34,0,0
480,Desert Eagle | Blaze (Factory New),3984.99,3980.0,507,16,0.0316,0.9987,steamdt-live,4088.0,424,3998.39,115,,3,15,12,2,2,0,0,0,-0.0030000000000000027,-0.0007547642928786846,-0.008084114467093118,-0.0037525000000000475,0.011806278827555472,0.0,0.013616336633663462,-0.0035033758439610985,-0.01593036177305851,0.36,1,价格更新稀疏,,34,0,0
481,Five-SeveN | Nightshade (Factory New),99.88,95.0,643,16,0.0249,0.9511,steamdt-live,99.7,57,96.45,42,,3,9,12,2,4,0,4,0,0.0,-0.013097308912309424,-0.0020422750944552037,-0.013097308912309424,0.015112835698968707,0.0,0.015112835698968707,0.009947643979057563,-0.13598495028218216,0.36,7,可能加速下跌,,34,0,0
482,★ Driver Gloves | Plum Quill (Minimal Wear),1038.0,1260.0,15,17,1.1333,1.2139,steamdt-live,1041.0,17,1122.9,20,"溢价求购:买一高于卖一,多为定向收特定图案,买一价不可作退出价",20,0,2,5,6,0,0,0,-0.00048076923076922906,-0.0014430014430014682,0.009708737864077666,-0.0019230769230769162,0.0019230769230769162,0.049014653865588675,0.03396928804094923,-0.03396928804094923,-0.06392035206695057,0.11,0,价格更新稀疏,买一异常溢价(不作为可成交退出价),33,0,0
483,★ Driver Gloves | Wave Chaser (Minimal Wear),3060.0,4830.0,40,29,0.725,1.5784,steamdt-live,2999.0,54,3082.92,20,"溢价求购:买一高于卖一,多为定向收特定图案,买一价不可作退出价",20,0,4,5,4,0,0,0,0.0006671114076051143,-0.0003333333333332966,-0.011539729640619889,0.00033355570380244615,0.011210023079459286,0.00033355570380244615,0.016398819285011523,-0.016398819285011523,-0.047936507936507944,0.31,0,价格更新稀疏,买一异常溢价(不作为可成交退出价),33,0,0
484,AWP | Queen's Gambit (Factory New),1324.0,2370.0,103,41,0.3981,1.79,steamdt-live,1349.49,108,1349.99,39,"溢价求购:买一高于卖一,多为定向收特定图案,买一价不可作退出价",20,0,7,2,4,0,0,0,-0.0007544322897019562,-0.0003775009437523291,-0.0015065913370998496,-0.0011316484345530453,0.0026365348399246535,0.0,0.029674090685897325,-0.029674090685897325,-0.03003663003663004,0.36,0,价格更新稀疏,买一异常溢价(不作为可成交退出价),33,0,0
485,★ Specialist Gloves | Pillow Punchers (Field-Tested),2420.0,5750.0,214,53,0.2477,2.376,steamdt-live,2414.5,222,2564.94,136,"溢价求购:买一高于卖一,多为定向收特定图案,买一价不可作退出价",17,0,7,5,4,0,0,0,-0.0018598884066955979,-0.00020703933747412417,-0.008198401311744208,-0.00206654267410622,0.002272727272727315,0.0,0.025035332121946308,-0.025035332121946308,-0.00206654267410622,0.17,1,价格更新稀疏,买一异常溢价(不作为可成交退出价),33,0,0
486,Tec-9 | Cut Out (Factory New),94.88,85.0,25,6,0.24,0.8959,steamdt-live,97.8,25,100.4,29,,17,6,2,2,6,0,0,0,-0.0033532432149220304,-0.0024182525496793117,0.0373953690618547,-0.005763386775647139,0.008153878319046681,0.03141645831068596,0.04929859719438878,-0.04929859719438878,-0.3173609612202317,0.13,1,价格更新稀疏,,33,0,0
487,M4A4 | Bullet Rain (Factory New),1549.5,2000.0,293,57,0.1945,1.2907,steamdt-live,1614.89,67,1562.91,97,"溢价求购:买一高于卖一,多为定向收特定图案,买一价不可作退出价",14,0,9,2,2,0,6,0,0.001612903225806539,-0.004830917874396157,0.0019392372333548735,-0.003225806451612856,0.004830917874396157,0.0,0.014668367346938771,0.023178807947019875,-0.053755274778443995,0.17,3,回撤不明显,买一异常溢价(不作为可成交退出价),33,0,0
488,Tec-9 | Blast From the Past (Factory New),44.9,40.1,70,10,0.1429,0.8931,steamdt-live,45.9,36,47.59,45,,11,6,4,2,4,0,6,0,0.002680366316729854,0.00022276676319887834,0.0,0.0029037301764573975,0.0022222222222222365,0.0029037301764573975,0.016213847502191125,-0.015782551512494525,-0.38450993831391367,0.09,3,长期阴跌,,33,0,0
489,P250 | Digital Architect (Factory New),249.99,216.0,25,3,0.12,0.864,steamdt-live,309.7,22,258.39,39,,8,3,2,2,8,3,4,3,-0.012520051645213082,-0.009509093070248387,-0.022974006116208034,-0.021910090379122837,0.04438073394495423,0.0,0.06018796992481201,-0.06018796992481201,-0.19697407728630623,0.36,21,暂未减速,,33,0,0
490,AK-47 | Fuel Injector (Factory New),2379.5,3040.0,444,47,0.1059,1.2776,steamdt-live,2409.5,199,2393.6,128,"溢价求购:买一高于卖一,多为定向收特定图案,买一价不可作退出价",11,0,9,2,2,0,6,3,0.0041802935010482045,-0.006459371098594069,-0.003967425349759912,-0.002306079664570193,0.006471816283924792,0.0018947368421051713,0.008335069806209572,-0.004393305439330586,-0.0405241935483871,0.36,3,回撤不明显,买一异常溢价(不作为可成交退出价),33,0,0
491,Glock-18 | Mirror Mosaic (Factory New),151.0,143.0,354,31,0.0876,0.947,steamdt-live,159.0,223,157.0,146,,7,9,9,2,4,0,2,0,-0.00322601458158589,-0.022590458929380608,0.04103976356797423,-0.02574359636105561,0.02574359636105561,0.01342281879194629,0.02574359636105561,0.017520215633423097,-0.07361963190184051,0.35,7,可能加速下跌,,33,0,0
492,★ Sport Gloves | Slingshot (Field-Tested),2155.0,3850.0,1048,64,0.0611,1.7865,steamdt-live,2144.0,865,2198.0,256,"溢价求购:买一高于卖一,多为定向收特定图案,买一价不可作退出价",7,0,15,5,0,0,6,0,0.018313253012048225,0.014671083767155757,0.008995866763919391,0.033253012048192865,0.0004662004662004948,0.04539470476376217,0.0004662004662004948,0.01443103856162753,-0.05882352941176472,0.35,11,回撤不明显,买一异常溢价(不作为可成交退出价),33,0,0
493,MP9 | Food Chain (Factory New),98.75,94.0,210,12,0.0571,0.9519,steamdt-live,99.95,117,103.0,91,,3,9,7,2,6,0,6,0,-0.0031262605889471606,-0.0010116337885685,0.03399374348279438,-0.004134731746672005,0.0042351517596047605,0.029718456725756015,0.031672877034712776,-0.013683579704354853,-0.1014558689717926,0.23,4,回撤不明显,,33,0,0
494,M4A1-S | Party Animal (Factory New),158.98,152.0,383,20,0.0522,0.9561,steamdt-live,163.0,246,160.46,472,,3,9,9,2,6,0,4,0,-0.006335403726708155,-0.006250781347668433,-0.0024783147459728205,-0.01254658385093177,0.018035824583076066,0.00315497223624428,0.036484848484848564,-0.024662576687116577,-0.12398060392329735,0.26,6,可能加速下跌,,33,0,0
495,★ Specialist Gloves | Field Agent (Field-Tested),761.0,1190.0,725,37,0.051,1.5637,steamdt-live,756.88,585,786.65,165,"溢价求购:买一高于卖一,多为定向收特定图案,买一价不可作退出价",3,0,12,5,6,1,6,0,-0.0013071895424836555,-0.00931937172774866,-0.011627906976744207,-0.010614379084967318,0.016272420067585114,0.0,0.04070975918884667,-0.040101458465440665,-0.05224142248935637,0.36,8,可能加速下跌,买一异常溢价(不作为可成交退出价),33,0,0
496,M4A4 | Evil Daimyo (Factory New),56.75,54.0,1778,46,0.0259,0.9515,steamdt-live,55.8,930,56.7,680,,3,9,15,2,2,0,2,0,-0.004925241864555896,-0.003005126392080615,0.018999820756407937,-0.0079155672823219,0.00913562895291642,0.025454545454545396,0.013296011196640922,0.007322736202893365,-0.1282843894899537,0.36,11,回撤不明显,,33,0,0
497,MP9 | Ruby Poison Dart (Factory New),28.9,25.0,590,13,0.022,0.8651,steamdt-live,29.6,249,29.88,258,,3,3,12,2,6,0,2,5,0.0,-0.023648648648648796,0.020689655172413834,-0.023648648648648796,0.036345448482827614,0.0,0.04177718832891253,-0.04177718832891253,-0.3071205945816351,0.36,6,长期阴跌,,33,0,0
498,Galil AR | Orange DDPAT (Factory New),559.9,408.0,9,3,0.3333,0.7287,steamdt-live,798.0,8,619.0,8,,8,1,2,2,10,0,6,3,0.0,0.0,0.0,0.0,0.17284680159550891,0.0,0.22236111111111112,-0.06667777962993837,-0.19148014440433214,0.36,2,暂未减速,,32,0,0
499,Desert Eagle | Sunset Storm 弐 (Factory New),3099.0,2900.0,47,11,0.234,0.9358,steamdt-live,3070.0,34,3130.0,49,,17,9,4,2,0,0,0,0,0.0,0.0,-0.002754606169278362,0.0,0.0,0.0,0.003084916382529612,-0.003084916382529612,-0.009357857373346268,0.23,0,价格更新稀疏,,32,0,0
500,★ Hand Wraps | CAUTION! (Minimal Wear),1170.0,1500.0,245,43,0.1755,1.2821,steamdt-live,1170.0,165,1177.99,78,"溢价求购:买一高于卖一,多为定向收特定图案,买一价不可作退出价",14,0,7,5,0,0,6,0,0.0012787723785165905,-0.003831417624521105,0.011206896551724244,-0.002557544757033292,0.004255319148936176,0.008620689655172376,0.004255319148936176,0.0843373493975903,-0.08235294117647063,0.36,8,回撤不明显,买一异常溢价(不作为可成交退出价),32,0,0
501,★ Sport Gloves | Hedge Maze (Minimal Wear),46000.0,67380.0,219,34,0.1553,1.4648,steamdt-live,47000.0,181,47622.0,51,"溢价求购:买一高于卖一,多为定向收特定图案,买一价不可作退出价",14,0,7,5,2,0,4,0,0.0,-0.0043290043290042934,0.00218006702892648,-0.0043290043290042934,0.0043290043290042934,0.008782991041568433,0.006479481641468721,0.00976841180990018,-0.03495153778374527,0.36,4,回撤不明显,买一异常溢价(不作为可成交退出价),32,0,0
502,★ Moto Gloves | Polygon (Minimal Wear),1058.0,1470.0,129,20,0.155,1.3894,steamdt-live,1060.0,125,1064.28,54,"溢价求购:买一高于卖一,多为定向收特定图案,买一价不可作退出价",14,0,7,5,0,0,6,0,0.0004906252104397435,0.017307692307692246,0.001918072289156525,0.017806809108312782,0.0009442870632672129,0.027184466019417375,0.0009442870632672129,0.0029291598335401403,-0.07959982601130922,0.36,7,回撤不明显,买一异常溢价(不作为可成交退出价),32,0,0
503,Five-SeveN | Triumvirate (Factory New),85.7,79.0,244,25,0.1025,0.9218,steamdt-live,85.17,173,86.07,202,,11,6,7,2,6,0,0,0,-0.0009361104610343673,-0.002576715858514822,-0.005816658911121486,-0.0035104142288789886,0.009306654257794311,0.0,0.034904805077062506,-0.034904805077062506,-0.1965279743372016,0.36,1,价格更新稀疏,,32,0,0
504,★ Sport Gloves | Nocts (Minimal Wear),5484.0,7830.0,371,33,0.0889,1.4278,steamdt-live,5497.5,316,5647.49,73,"溢价求购:买一高于卖一,多为定向收特定图案,买一价不可作退出价",7,0,9,5,0,0,6,5,0.007924806487283442,0.0027427317608337276,-0.002023174544785733,0.010689273866568483,0.0,0.015557436217474407,0.0,0.015555555555555545,-0.03092419155327797,0.35,3,回撤不明显,买一异常溢价(不作为可成交退出价),32,0,0
505,Tec-9 | Isaac (Factory New),112.49,104.0,232,18,0.0776,0.9245,steamdt-live,108.93,93,110.1,151,,7,6,7,2,10,0,0,0,-0.007828144911705803,-0.0006422018348622993,-0.0010911074740862503,-0.008465319497542256,0.009547190398254246,0.0,0.08462184873949574,-0.08462184873949574,-0.3357521800109763,0.24,1,价格更新稀疏,,32,0,0
506,Galil AR | Kami (Factory New),32.5,30.0,483,36,0.0745,0.9231,steamdt-live,33.8,188,36.1,99,,7,6,9,2,2,0,6,0,0.0030769230769231992,-0.0030674846625767804,-0.0030674846625767804,0.0,0.009146341463414531,0.015625,0.009146341463414531,0.14035087719298245,-0.33442555805857055,0.25,5,长期阴跌,,32,0,0
507,★ Hand Wraps | Constrictor (Field-Tested),263.0,286.0,480,28,0.0583,1.0875,steamdt-live,260.0,308,258.41,208,"溢价求购:买一高于卖一,多为定向收特定图案,买一价不可作退出价",3,0,9,5,4,0,6,5,-0.001953125,0.009432485322896422,-0.007367196587824698,0.007460937500000098,0.006127167630057717,0.03164000000000011,0.026754716981131965,-0.01935361216730025,-0.09821678321678318,0.13,12,回撤不明显,买一异常溢价(不作为可成交退出价),32,0,0
508,MP9 | Arctic Tri-Tone (Factory New),34.47,32.0,2160,37,0.0171,0.9283,steamdt-live,37.49,824,33.89,1350,,3,6,15,2,0,0,6,0,0.0059683676514474815,0.005339661821417874,0.009337349397590122,0.01133989853774997,0.0029420417769933094,0.03197320341047494,0.003235294117647003,0.062382445141065945,-0.15274999999999994,0.31,16,回撤不明显,,32,0,0
509,★ Specialist Gloves | Chocolate Chesterfield (Minimal Wear),1112.0,1670.0,37,23,0.6216,1.5018,steamdt-live,1099.0,38,1119.07,33,"溢价求购:买一高于卖一,多为定向收特定图案,买一价不可作退出价",20,0,4,5,2,0,0,0,0.0004555808656037108,0.0009107468123861207,-0.0013648771610554888,0.0013667425968109104,0.0,0.0036529680365295913,0.00990990990990992,-0.0009090909090908594,-0.01831174631531929,0.11,1,价格更新稀疏,买一异常溢价(不作为可成交退出价),31,0,0
510,★ Sport Gloves | Violet Beadwork (Minimal Wear),3722.5,5050.0,49,29,0.5918,1.3566,steamdt-live,3740.0,65,3743.58,29,"溢价求购:买一高于卖一,多为定向收特定图案,买一价不可作退出价",20,0,4,5,2,0,0,0,0.0,-0.0006711409395973034,0.0021684503919889853,-0.0006711409395973034,0.001609226230387506,0.0014958541165581707,0.007200960128017075,-0.007200960128017075,-0.032800345047989676,0.11,0,价格更新稀疏,买一异常溢价(不作为可成交退出价),31,0,0
511,★ Specialist Gloves | Pillow Punchers (Minimal Wear),8459.5,11650.0,72,37,0.5139,1.3771,steamdt-live,8450.0,85,8496.0,37,"溢价求购:买一高于卖一,多为定向收特定图案,买一价不可作退出价",20,0,4,5,2,0,0,0,0.0,0.011976047904191711,-0.002389486260453988,0.011976047904191711,0.0,0.030550643331910488,0.014577259475218707,-0.015151515151515138,0.011976047904191711,0.11,1,价格更新稀疏,买一异常溢价(不作为可成交退出价),31,0,0
512,Glock-18 | Pink DDPAT (Factory New),520.0,402.0,16,6,0.375,0.7731,steamdt-live,510.0,15,507.13,28,,20,1,2,2,0,0,6,0,-0.0010416666666667185,0.05762252346193941,0.0,0.05652083333333335,0.0,0.05762252346193941,0.0,0.04240493319630012,-0.040435193945127734,0.36,2,回撤不明显,,31,0,0
513,M4A1-S | Imminent Danger (Factory New),8500.0,10350.0,31,9,0.2903,1.2176,steamdt-live,8500.0,29,9009.89,26,"溢价求购:买一高于卖一,多为定向收特定图案,买一价不可作退出价",17,0,4,2,8,0,0,0,0.0,0.0,5.882698982295764e-05,0.0,0.0,5.882698982295764e-05,0.05506208797927803,-0.05506208797927803,-0.10422594583201605,1.36,0,价格更新稀疏,买一异常溢价(不作为可成交退出价),31,0,0
514,AK-47 | Crane Flight (Factory New),312.99,391.0,223,44,0.1973,1.2492,steamdt-live,318.49,178,314.9,153,"溢价求购:买一高于卖一,多为定向收特定图案,买一价不可作退出价",14,0,7,2,4,0,4,0,-0.0032165605095541006,0.0,-0.007585335018963302,-0.0032165605095541006,0.01668237511781334,0.016201298701298716,0.02495327102803735,0.009645161290322557,-0.06273582080613282,0.36,15,暂未减速,买一异常溢价(不作为可成交退出价),31,0,0
515,AK-47 | Gold Arabesque (Factory New),12699.5,14010.0,216,34,0.1574,1.1032,steamdt-live,12849.99,170,12783.0,68,"溢价求购:买一高于卖一,多为定向收特定图案,买一价不可作退出价",14,0,7,2,4,0,4,0,-0.0036979957190115265,-0.007850787383427593,0.0037893585436361565,-0.01151975092430435,0.013783500647278624,0.001537854889589907,0.02311538461538465,-0.01457860325372573,-0.08547870233680188,0.24,5,可能加速下跌,买一异常溢价(不作为可成交退出价),31,0,0
516,★ Hydra Gloves | Mangrove (Minimal Wear),212.91,231.0,124,18,0.1452,1.085,steamdt-live,211.0,56,222.87,83,"溢价求购:买一高于卖一,多为定向收特定图案,买一价不可作退出价",11,0,7,5,8,0,0,0,-0.018847926267281156,-0.039500258325113835,0.010995154677599706,-0.05760368663594473,0.06612476025207781,0.0,0.07674943566591419,-0.07674943566591419,-0.13347457627118642,0.11,16,可能加速下跌,买一异常溢价(不作为可成交退出价),31,0,0
517,★ Specialist Gloves | Tiger Strike (Minimal Wear),2149.0,3620.0,307,43,0.1401,1.6845,steamdt-live,2177.0,238,2171.6,88,"溢价求购:买一高于卖一,多为定向收特定图案,买一价不可作退出价",11,0,9,5,0,0,6,0,0.01670644391408116,0.008920187793427292,0.0067855907116218805,0.02577565632458234,0.00046511627906975495,0.03342646514289571,0.00046511627906975495,0.049060288015621234,-0.059312759903698886,0.35,6,回撤不明显,买一异常溢价(不作为可成交退出价),31,0,0
518,★ Specialist Gloves | Crimson Web (Minimal Wear),1873.0,3430.0,283,38,0.1343,1.8313,steamdt-live,1850.0,212,1835.88,63,"溢价求购:买一高于卖一,多为定向收特定图案,买一价不可作退出价",11,0,9,5,0,0,6,0,0.015341701534170138,0.008725274725274845,0.009006473402758175,0.02420083682008367,0.0,0.03400732188116029,0.0033224755700325126,-0.003051859896823217,-0.030686378035902795,0.35,5,回撤不明显,买一异常溢价(不作为可成交退出价),31,0,0
519,★ Hand Wraps | Duct Tape (Field-Tested),270.0,297.0,227,30,0.1322,1.1,steamdt-live,276.59,162,277.61,191,"溢价求购:买一高于卖一,多为定向收特定图案,买一价不可作退出价",11,0,7,5,2,0,6,0,0.011111111111111072,-0.01098901098901095,0.00746268656716409,0.0,0.01098901098901095,0.011235955056179803,0.01098901098901095,0.011235955056179803,-0.07146296168924948,0.36,5,可能加速下跌,买一异常溢价(不作为可成交退出价),31,0,0
520,★ Driver Gloves | Snow Leopard (Minimal Wear),3360.0,6370.0,219,27,0.1233,1.8958,steamdt-live,3445.0,225,3464.0,68,"溢价求购:买一高于卖一,多为定向收特定图案,买一价不可作退出价",11,0,7,5,2,0,6,0,-0.0019287833827893452,-0.0010405827263267886,0.005970149253731405,-0.0029673590504450953,0.011153948026722427,0.0029850746268655914,0.011153948026722427,-0.00591715976331364,-0.07182320441988954,0.36,7,可能加速下跌,买一异常溢价(不作为可成交退出价),31,0,0
521,★ Moto Gloves | Smoke Out (Field-Tested),677.5,900.0,314,38,0.121,1.3284,steamdt-live,689.0,305,684.16,127,"溢价求购:买一高于卖一,多为定向收特定图案,买一价不可作退出价",11,0,9,5,4,0,2,0,-0.003665689149560114,-0.0029433406916851146,-0.003215434083601365,-0.006598240469208205,0.009937162063422433,0.011949215832711024,0.018115942028985477,0.005192878338278861,-0.05292440169984347,0.36,15,回撤不明显,买一异常溢价(不作为可成交退出价),31,0,0
522,★ Sport Gloves | Bronze Morph (Minimal Wear),800.0,1050.0,182,21,0.1154,1.3125,steamdt-live,797.9,118,793.94,89,"溢价求购:买一高于卖一,多为定向收特定图案,买一价不可作退出价",11,0,7,5,2,0,6,0,-0.0012562814070351536,-0.0013333333333332975,0.0,-0.0025879396984923586,0.003839397741530637,0.0049873417721519875,0.0050877192982455854,-0.003839397741530637,-0.055957193816884576,0.27,10,回撤不明显,买一异常溢价(不作为可成交退出价),31,0,0
523,★ Driver Gloves | Overtake (Field-Tested),264.0,334.0,227,23,0.1013,1.2652,steamdt-live,261.91,208,267.0,194,"溢价求购:买一高于卖一,多为定向收特定图案,买一价不可作退出价",11,0,7,5,2,0,6,0,-0.0022012220577630748,-0.0038035829751625894,0.015453984892862538,-0.005996432502182181,0.007916666666666572,0.011235521235521295,0.009792060491493282,-0.009792060491493282,-0.07778169014084502,0.36,4,回撤不明显,买一异常溢价(不作为可成交退出价),31,0,0
524,★ Moto Gloves | Finish Line (Field-Tested),480.3,680.0,433,32,0.0739,1.4158,steamdt-live,490.0,445,485.0,234,"溢价求购:买一高于卖一,多为定向收特定图案,买一价不可作退出价",7,0,9,5,4,0,6,0,-0.001210256410256405,-0.01357540407878255,0.014568158168574374,-0.014769230769230757,0.016584766584766486,0.0016684045881125709,0.016584766584766486,-0.011728395061728403,-0.12032967032967035,0.35,12,可能加速下跌,买一异常溢价(不作为可成交退出价),31,0,0
525,M4A1-S | Fade (Factory New),1186.5,1610.0,1767,94,0.0532,1.3569,steamdt-live,1178.0,1409,1179.0,951,"溢价求购:买一高于卖一,多为定向收特定图案,买一价不可作退出价",3,0,15,2,0,0,6,5,0.01594827586206904,-0.00042426813746287984,8.621432882138791e-05,0.01551724137931032,0.0012717253073336598,0.017710583153347725,0.0012717253073336598,0.027923211169284423,-0.09186922300084033,0.35,5,回撤不明显,买一异常溢价(不作为可成交退出价),31,0,0
526,Tec-9 | Rust Leaf (Factory New),87.48,80.0,120,6,0.05,0.9145,steamdt-live,111.76,25,86.47,41,,3,6,7,2,0,10,3,0,-0.07589234145777979,0.08087500000000003,0.018590422402635642,-0.0011551345731777296,0.0011551345731777296,0.08087500000000003,0.0011551345731777296,0.017294117647058904,-0.25776824034334767,0.36,2,回撤不明显,,31,0,0
527,Tec-9 | Safety Net (Factory New),91.68,82.0,478,22,0.046,0.8944,steamdt-live,89.78,96,91.5,88,,3,6,9,2,8,0,3,0,-0.00011132138483804788,-0.0004453351146737061,-0.00033385265969287925,-0.0005566069241901284,0.0012237178774057167,0.0962148962148961,0.07002278848145849,-0.06410924632544568,-0.2874603174603174,0.28,4,回撤不明显,,31,0,0
528,★ Sport Gloves | Vice (Field-Tested),2638.99,5260.0,1527,65,0.0426,1.9932,steamdt-live,2649.5,1377,2644.5,314,"溢价求购:买一高于卖一,多为定向收特定图案,买一价不可作退出价",3,0,15,5,2,0,6,0,-0.003759398496240629,-0.004154716981132123,-0.0015015015015015232,-0.007898496240601571,0.01068791002811631,0.007248091603053286,0.01068791002811631,-0.004154716981132123,-0.05361663977048603,0.36,11,可能加速下跌,买一异常溢价(不作为可成交退出价),31,0,0
529,MP9 | Storm (Factory New),192.39,90.0,24,5,0.2083,0.4678,steamdt-live,212.3,14,203.5,9,,17,1,2,2,4,0,4,0,-0.012158670652008596,-0.013334017129083664,-0.00303045608364072,-0.02533056385835153,0.02828425678064561,0.0,0.02828425678064561,-0.02828425678064561,-0.020916030534351204,0.19,21,可能加速下跌,,30,0,0
530,AWP | Oni Taiji (Factory New),3718.0,6150.0,366,54,0.1475,1.6541,steamdt-live,3779.99,101,3770.99,90,"溢价求购:买一高于卖一,多为定向收特定图案,买一价不可作退出价",11,0,9,2,4,0,4,0,-0.0038344677519934756,-0.009589770911028195,0.023757131214343863,-0.013387466995714359,0.015099337748344377,0.010051616408584652,0.021450190814580883,0.05325779036827205,-0.07741935483870965,0.36,8,可能加速下跌,买一异常溢价(不作为可成交退出价),30,0,0
531,MP9 | Setting Sun (Factory New),265.88,251.0,83,11,0.1325,0.944,steamdt-live,270.0,23,265.42,69,,11,9,4,2,2,0,2,0,3.7176103200753374e-05,-0.013308550185873513,0.024723809523809592,-0.013271868842707923,0.013308550185873513,0.011123809523809536,0.013308550185873513,-0.009626865671641727,-0.052037572770456064,0.36,4,可能加速下跌,,30,0,0
532,★ Specialist Gloves | Marble Fade (Field-Tested),850.9,1350.0,378,49,0.1296,1.5866,steamdt-live,847.0,340,853.0,162,"溢价求购:买一高于卖一,多为定向收特定图案,买一价不可作退出价",11,0,9,5,0,0,2,3,-0.0006157489638839442,0.00357828384558867,0.005955926146515855,0.002960331557134488,0.001179245283018826,0.02048192771084345,0.003529411764705892,-0.001179245283018826,-0.03529652957322982,0.36,8,回撤不明显,买一异常溢价(不作为可成交退出价),30,0,0
533,Desert Eagle | Fennec Fox (Factory New),2400.0,2920.0,436,50,0.1147,1.2167,steamdt-live,2460.0,115,2500.0,88,"溢价求购:买一高于卖一,多为定向收特定图案,买一价不可作退出价",11,0,9,2,8,0,0,0,-0.00815180865783749,-0.04339785083383829,0.045247933884297487,-0.05119588851551693,0.0513833992094862,0.0,0.05845429580227535,-0.022403258655804503,-0.19484702093397754,0.35,7,可能加速下跌,买一异常溢价(不作为可成交退出价),30,0,0
534,★ Hand Wraps | CAUTION! (Field-Tested),777.5,863.0,604,50,0.0828,1.11,steamdt-live,790.0,515,780.0,214,"溢价求购:买一高于卖一,多为定向收特定图案,买一价不可作退出价",7,0,12,5,0,0,6,0,0.013003901170351106,-0.0019255455712451353,0.004572175048987548,0.01105331599479853,0.0019255455712451353,0.015689297051561635,0.0019255455712451353,0.0012878300064391723,-0.0399812317874253,0.36,3,回撤不明显,买一异常溢价(不作为可成交退出价),30,0,0
535,Tec-9 | Jambiya (Factory New),40.0,35.8,304,22,0.0724,0.895,steamdt-live,40.97,95,39.77,89,,7,6,9,2,2,0,4,0,-0.00298656047784962,-0.007239141288067907,0.0,-0.010204081632652962,0.010204081632652962,0.0,0.010204081632652962,0.12950866231184333,-0.3784966401000156,0.13,8,长期阴跌,,30,0,0
536,P250 | Wingshot (Factory New),42.08,38.5,222,16,0.0721,0.9149,steamdt-live,47.34,113,43.08,122,,7,6,7,2,0,0,3,5,0.0005083884087442314,0.06910569105691056,0.00434005616543276,0.06964921199796636,0.0,0.07429154965534845,0.0,0.006698564593301537,-0.35261538461538466,0.36,8,长期阴跌,,30,0,0
537,FAMAS | Night Borre (Factory New),69.2,63.0,227,16,0.0705,0.9104,steamdt-live,64.64,81,68.14,103,,7,6,7,2,8,0,0,0,-0.0004628201172475199,-0.0023151720944590837,-0.0026157870441606557,-0.002776920703486452,0.005385443914448285,0.0,0.07126436781609191,-0.07126436781609191,-0.4379130434782609,0.32,1,价格更新稀疏,,30,0,0
538,P250 | Dark Filigree (Factory New),55.29,51.0,101,7,0.0693,0.9224,steamdt-live,51.97,62,54.14,101,,7,6,7,2,8,0,0,0,0.0,0.0,-0.050429380595651385,0.0,0.05181536216018978,0.006000774293457356,0.05509090909090908,-0.05509090909090908,-0.2488798959387195,0.36,0,价格更新稀疏,,30,0,0
539,Five-SeveN | Copper Galaxy (Factory New),124.49,116.0,592,39,0.0659,0.9318,steamdt-live,139.99,102,123.43,153,,7,9,12,2,0,0,0,0,0.04471400743757736,0.04610560216967552,0.016561656165616556,0.09288117584558186,8.101101749835582e-05,0.1129846708746618,8.101101749835582e-05,0.10205357142857152,-0.28234199662771087,0.29,10,回撤不明显,,30,0,0
540,Five-SeveN | Buddy (Factory New),23.63,23.0,444,29,0.0653,0.9733,steamdt-live,23.09,146,23.36,177,,7,12,9,2,0,0,0,0,0.0,0.0,-0.00431220353600692,0.0,0.00431220353600692,0.0500227376080038,0.00431220353600692,0.032647584973166444,-0.4154430379746835,0.36,0,价格更新稀疏,,30,0,0
541,AWP | Snake Camo (Factory New),3500.0,650.0,2,2,1.0,0.1857,steamdt-live,2600.0,5,1964.65,23,,8,1,2,2,10,0,6,0,0.003449387656924152,0.002009476159146484,0.015123177789553521,0.005465795278330798,0.0,0.007595495014975695,0.17590184563758382,-0.17590184563758382,-0.23381561500662962,0.31,2,回撤不明显,,29,0,0
542,★ Specialist Gloves | Big Swell (Minimal Wear),2540.0,3200.0,41,33,0.8049,1.2598,steamdt-live,2566.0,51,2533.5,34,"溢价求购:买一高于卖一,多为定向收特定图案,买一价不可作退出价",20,0,4,5,0,0,0,0,-0.0005914826498423231,-0.00039455513908071005,0.016432865731462964,-0.0009858044164038349,0.002951593860684776,0.015430861723446876,0.002951593860684776,0.00936254980079676,0.02177858439201441,0.3,0,价格更新稀疏,买一异常溢价(不作为可成交退出价),29,0,0
543,★ Driver Gloves | Seigaiha (Minimal Wear),1002.6,1240.0,29,23,0.7931,1.2368,steamdt-live,967.95,33,955.0,34,"溢价求购:买一高于卖一,多为定向收特定图案,买一价不可作退出价",20,0,2,5,2,0,0,0,0.0,0.0,0.0020986358866736943,0.0,0.0,0.008447729672650395,0.01228694357107396,-0.011387163561076608,-0.015463917525773141,0.36,0,价格更新稀疏,买一异常溢价(不作为可成交退出价),29,0,0
544,Galil AR | Aqua Terrace (Factory New),877.7,781.0,30,6,0.2,0.8898,steamdt-live,928.9,23,899.81,34,,17,6,4,2,0,0,0,0,0.0,0.0,-0.0011380448389666231,0.0,0.0011380448389666231,0.0,0.002613636363636318,-0.002500284123195695,-0.06268688594617677,0.36,0,价格更新稀疏,,29,0,0
545,AK-47 | X-Ray (Factory New),12798.4,14200.0,165,26,0.1576,1.1095,steamdt-live,13443.5,62,12898.95,56,"溢价求购:买一高于卖一,多为定向收特定图案,买一价不可作退出价",14,0,7,2,6,0,0,0,-0.007752358655120806,-7.031634542509213e-05,-0.007478936636786893,-0.007822129883016893,0.015242565306043954,0.0,0.0377142857142857,-0.00012500000000004174,-0.1633211672867363,0.36,1,价格更新稀疏,买一异常溢价(不作为可成交退出价),29,0,0
546,★ Specialist Gloves | Lt. Commander (Minimal Wear),1086.0,1750.0,216,30,0.1389,1.6114,steamdt-live,1095.0,196,1125.98,75,"溢价求购:买一高于卖一,多为定向收特定图案,买一价不可作退出价",11,0,7,5,2,0,4,0,0.004066390041493895,-0.002672397167810092,0.0,0.0013831258644536604,0.002672397167810092,0.01495327102803734,0.011828935395814422,0.035271687321258405,-0.09007121910347715,0.32,4,回撤不明显,买一异常溢价(不作为可成交退出价),29,0,0
547,★ Sport Gloves | Bronze Morph (Field-Tested),437.8,520.0,275,26,0.0945,1.1878,steamdt-live,459.9,224,465.0,199,"溢价求购:买一高于卖一,多为定向收特定图案,买一价不可作退出价",7,0,9,5,6,0,2,0,0.005649717514124353,-0.01730337078651678,-0.0033559314398973195,-0.011751412429378494,0.019506726457399037,0.016976744186046444,0.03572216097023151,-0.008390022675736963,-0.15660559305689492,0.36,17,可能加速下跌,买一异常溢价(不作为可成交退出价),29,0,0
548,★ Specialist Gloves | Mogul (Field-Tested),657.0,691.0,329,30,0.0912,1.0518,steamdt-live,648.0,267,655.79,189,"溢价求购:买一高于卖一,多为定向收特定图案,买一价不可作退出价",7,0,9,5,4,0,4,0,-0.0022931600048596845,-0.013653591488195893,0.01243869063177483,-0.015915441623132076,0.01666211417645458,0.0021651716671822197,0.018181818181818188,-0.01495804450930327,-0.041420118343195256,0.36,10,可能加速下跌,买一异常溢价(不作为可成交退出价),29,0,0
549,AWP | Pink DDPAT (Factory New),790.0,700.0,40,3,0.075,0.8861,steamdt-live,996.4,14,844.56,44,,7,6,4,2,10,0,0,0,-0.00631652824891793,-0.07004120070629782,-0.011676300578034704,-0.07591531173236632,0.08670520231213874,0.0,0.1113510838142161,-0.1113510838142161,-0.2233811429077004,0.31,3,可能加速下跌,,29,0,0
550,★ Specialist Gloves | Tiger Strike (Field-Tested),1004.45,1510.0,969,58,0.0599,1.5033,steamdt-live,1003.94,809,1011.0,284,"溢价求购:买一高于卖一,多为定向收特定图案,买一价不可作退出价",3,0,15,5,0,0,6,0,-0.0010010010010009784,0.0045090180360720655,0.004020100502512669,0.003503503503503591,0.002884424109807049,0.007537688442211143,0.002884424109807049,0.0030015007503751967,-0.053798961774421894,0.15,12,回撤不明显,买一异常溢价(不作为可成交退出价),29,0,0
551,AK-47 | Nightwish (Factory New),763.0,1120.0,669,40,0.0598,1.4679,steamdt-live,774.5,205,786.39,150,"溢价求购:买一高于卖一,多为定向收特定图案,买一价不可作退出价",3,0,12,2,6,0,6,0,-0.0012882573391630459,-0.005850239091063081,-0.0006762028608582327,-0.007130959816781246,0.009090909090909038,0.01059602649006619,0.03172588832487311,-0.019280205655527016,0.08397618946142149,0.36,16,回撤不明显,买一异常溢价(不作为可成交退出价),29,0,0
552,★ Sport Gloves | Occult (Field-Tested),3083.0,4150.0,272,50,0.1838,1.3461,steamdt-live,3100.0,311,3120.49,107,"溢价求购:买一高于卖一,多为定向收特定图案,买一价不可作退出价",14,0,9,5,0,0,0,0,-0.0004863024801426974,0.0,-0.00016207455429495532,-0.0004863024801426974,0.0022653721682848182,0.009495743287491809,0.0022653721682848182,-0.0006482982171799323,-0.0655593610765921,0.36,0,价格更新稀疏,买一异常溢价(不作为可成交退出价),28,0,0
553,P250 | Whiteout (Factory New),1873.0,1700.0,38,4,0.1053,0.9076,steamdt-live,1930.5,32,1881.47,36,,8,6,4,2,8,0,0,0,-0.0018607123870282294,-0.002396804260985319,-0.006339144215530945,-0.004253056884635842,0.010565240359218131,0.0,0.05356240525517941,-0.05356240525517941,-0.02903058579574913,0.36,0,价格更新稀疏,,28,0,0
554,AWP | Gungnir (Factory New),77549.5,76260.0,131,11,0.084,0.9834,steamdt-live,78000.0,167,77999.0,39,,7,12,7,2,0,0,0,0,-6.447453255953306e-06,0.0,-0.0016735324407827212,-6.447453255953306e-06,0.0016799691040164655,0.0,0.002925029250292477,0.0019379970154846937,0.034014013613605565,0.36,0,价格更新稀疏,,28,0,0
555,AWP | Fade (Factory New),4198.0,4550.0,480,39,0.0813,1.0838,steamdt-live,4280.0,335,4290.0,183,"溢价求购:买一高于卖一,多为定向收特定图案,买一价不可作退出价",7,0,9,2,4,2,4,0,0.002951593860684776,-0.011653914067098259,-0.010398411029325816,-0.008736717827626972,0.01904428087393384,0.0,0.02801574438527432,-0.011071849234393416,-0.11471952762547444,0.35,6,可能加速下跌,买一异常溢价(不作为可成交退出价),28,0,0
556,★ Specialist Gloves | Fade (Minimal Wear),2999.5,5450.0,585,35,0.0598,1.817,steamdt-live,2999.0,595,3010.43,163,"溢价求购:买一高于卖一,多为定向收特定图案,买一价不可作退出价",3,0,12,5,2,0,6,0,-0.003333888981496891,0.0031777889279143157,0.0003335000833750712,-0.00016669444907480013,0.0003333333333332966,0.004690117252931225,0.014783180026281206,-0.014783180026281206,-0.08817269686834905,0.36,4,回撤不明显,买一异常溢价(不作为可成交退出价),28,0,0
557,★ Sport Gloves | Big Game (Field-Tested),839.0,970.0,764,44,0.0576,1.1561,steamdt-live,839.0,580,843.72,168,"溢价求购:买一高于卖一,多为定向收特定图案,买一价不可作退出价",3,0,12,5,2,0,6,0,-0.0005970149253731183,0.002389486260454099,0.010863005431502648,0.0017910447761193549,0.005924170616113722,0.01696969696969708,0.008860011813349056,-0.00815699255231117,-0.0689984242881555,0.36,12,回撤不明显,买一异常溢价(不作为可成交退出价),28,0,0
558,AWP | Graphite (Factory New),852.0,942.0,596,33,0.0554,1.1056,steamdt-live,864.91,423,870.0,255,"溢价求购:买一高于卖一,多为定向收特定图案,买一价不可作退出价",3,0,12,2,6,1,4,0,-0.007518796992481258,-0.006993006993006978,-0.006892590465249815,-0.014459224985540753,0.0212521539345204,0.0,0.047512576858580235,-0.0042075736325385416,-0.07891891891891889,0.36,14,可能加速下跌,买一异常溢价(不作为可成交退出价),28,0,0
559,AK-47 | Vulcan (Factory New),3672.0,7260.0,851,44,0.0517,1.9771,steamdt-live,3650.0,686,3688.0,182,"溢价求购:买一高于卖一,多为定向收特定图案,买一价不可作退出价",3,0,12,2,0,0,6,5,0.0027555800496004146,0.003022808463863713,-0.001238475299298214,0.005786718104160871,0.0,0.01388888888888884,0.0,0.007035453165953998,-0.03436598851821482,0.35,2,回撤不明显,买一异常溢价(不作为可成交退出价),28,0,0
560,P250 | Forest Night (Factory New),84.7,77.0,142,5,0.0352,0.9091,steamdt-live,100.0,10,73.9,34,,3,6,7,2,10,0,0,0,0.0,0.0,-0.0185922974767595,0.0,0.0185922974767595,0.0,0.15850603507173755,-0.15850603507173755,-0.23204821781149332,0.36,0,价格更新稀疏,,28,0,0
561,AWP | Medusa (Factory New),29500.0,24880.0,10,9,0.9,0.8434,steamdt-live,30999.0,22,31292.22,13,,20,3,2,2,0,0,0,0,0.0,0.0,0.0535714285714286,0.0,0.0,0.0535714285714286,0.0,0.0535714285714286,0.017258918257211375,0.36,0,价格更新稀疏,,27,0,0
562,FAMAS | Sundown (Factory New),698.0,588.0,13,5,0.3846,0.8424,steamdt-live,785.0,11,739.83,21,,20,3,2,2,0,0,0,0,0.0,0.0,0.0,0.0,0.0,0.0,0.0,0.0,-0.08157894736842108,1.36,0,价格更新稀疏,,27,0,0
563,Five-SeveN | Candy Apple (Factory New),520.0,431.0,31,5,0.1613,0.8288,steamdt-live,508.0,34,504.0,58,,14,3,4,2,4,0,0,0,0.0,0.0,0.0,0.0,0.0,0.0,0.015625,-0.015625,0.010425020048115519,0.19,0,价格更新稀疏,,27,0,0
564,★ Sport Gloves | Big Game (Minimal Wear),1305.0,1490.0,225,23,0.1022,1.1418,steamdt-live,1330.0,181,1313.0,64,"溢价求购:买一高于卖一,多为定向收特定图案,买一价不可作退出价",11,0,7,5,0,0,4,0,0.014506383278865886,0.008111239860950192,0.021609287429944057,0.022735287894105838,0.0,0.04483586869495593,0.0,0.015572105619499066,-0.009412479125550433,0.36,3,回撤不明显,买一异常溢价(不作为可成交退出价),27,0,0
565,★ Driver Gloves | Black Tie (Minimal Wear),1884.0,3340.0,311,31,0.0997,1.7728,steamdt-live,1888.0,304,1926.92,67,"溢价求购:买一高于卖一,多为定向收特定图案,买一价不可作退出价",7,0,9,5,0,0,6,0,-0.0005329070077271236,0.004532124766728929,5.329354082284077e-05,0.003996802557953538,0.0005305039787798504,0.0047999999999999154,0.0018014199427784927,0.018929150892374347,0.0021276595744681437,0.36,3,回撤不明显,买一异常溢价(不作为可成交退出价),27,0,0
566,★ Moto Gloves | Transport (Field-Tested),217.4,237.0,262,26,0.0992,1.0902,steamdt-live,215.0,208,213.02,215,"溢价求购:买一高于卖一,多为定向收特定图案,买一价不可作退出价",7,0,9,5,2,0,4,0,0.005639097744360777,-0.0045794392523363925,-0.007925407925407857,0.0010338345864662202,0.008471420592068513,0.01442925853612076,0.008471420592068513,-0.004160628301622116,-0.03610859728506788,0.36,7,回撤不明显,买一异常溢价(不作为可成交退出价),27,0,0
567,★ Hand Wraps | Cobalt Skulls (Minimal Wear),2408.0,3200.0,364,32,0.0879,1.3289,steamdt-live,2472.5,304,2419.5,96,"溢价求购:买一高于卖一,多为定向收特定图案,买一价不可作退出价",7,0,9,5,0,0,6,0,-0.0016607847207805726,0.0014556040756914523,0.008162411050648855,-0.00020759809009751606,0.0004151100041510647,0.007531380753138084,0.0004151100041510647,0.005847953216374213,-0.0444444444444444,0.26,9,回撤不明显,买一异常溢价(不作为可成交退出价),27,0,0
568,USP-S | Royal Guard (Factory New),32.0,28.6,1063,34,0.032,0.8938,steamdt-live,31.77,713,31.31,706,,3,6,15,2,0,0,1,0,0.002004677581022296,0.044014671557185636,0.01698946653075084,0.04610758436351481,0.0,0.08489258489258478,0.0,0.03504132231404955,-0.10440503432494286,0.29,13,回撤不明显,,27,0,0
569,★ Specialist Gloves | Marble Fade (Minimal Wear),2323.0,4560.0,204,33,0.1618,1.963,steamdt-live,2300.0,162,2450.0,53,"溢价求购:买一高于卖一,多为定向收特定图案,买一价不可作退出价",14,0,7,5,0,0,0,0,0.002178649237472685,0.0,0.0030594405594406293,0.002178649237472685,0.0,0.013215859030837107,0.0,0.02678571428571419,0.00021743857360290164,0.36,1,价格更新稀疏,买一异常溢价(不作为可成交退出价),26,0,0
570,MP9 | Starlight Protector (Factory New),611.9,1031.0,216,32,0.1481,1.6849,steamdt-live,617.88,169,605.87,86,"溢价求购:买一高于卖一,多为定向收特定图案,买一价不可作退出价",11,0,7,2,2,0,4,0,-0.005835846442252879,-0.006558774820863422,0.014469985116586814,-0.012356345260412516,0.013176754185940553,0.002117137233496935,0.013176754185940553,0.014178105122196305,0.026898305084745777,0.36,5,可能加速下跌,买一异常溢价(不作为可成交退出价),26,0,0
571,Five-SeveN | Anodized Gunmetal (Factory New),89.39,82.0,127,13,0.1024,0.9173,steamdt-live,94.9,65,91.09,86,,11,6,7,2,0,0,0,0,-0.002232392008036599,0.0,0.025409179352180455,-0.002232392008036599,0.003344854498829264,0.02429242580497304,0.003344854498829264,0.05189456342668852,-0.24755892255892253,0.29,1,价格更新稀疏,,26,0,0
572,MP9 | Stained Glass (Factory New),829.0,782.0,59,6,0.1017,0.9433,steamdt-live,877.96,27,848.0,61,,11,9,4,2,0,0,0,0,0.0,0.00012064181445281541,-0.00012062726176120808,0.00012064181445281541,0.0,0.00012064181445281541,0.0006027727546714656,-0.0006027727546714656,-0.044919872348759826,0.31,0,价格更新稀疏,,26,0,0
573,★ Driver Gloves | Black Tie (Field-Tested),764.5,1170.0,705,36,0.0511,1.5304,steamdt-live,758.0,613,769.89,146,"溢价求购:买一高于卖一,多为定向收特定图案,买一价不可作退出价",3,0,12,5,0,0,6,0,0.004635761589403931,-0.0006591957811470373,0.0009678231932861436,0.003973509933774766,0.0006591957811470373,0.013368983957219305,0.0018435607058203685,0.007483020322447631,-0.05249999999999999,0.36,5,回撤不明显,买一异常溢价(不作为可成交退出价),26,0,0
574,P250 | Facets (Factory New),500.0,0.0,2,0,0.0,,steamdt-live,2499.48,3,204.41,13,缺买一价,3,0,2,2,8,0,6,5,-0.004189603936279096,0.0,-0.0006815637018644516,-0.004189603936279096,0.019239996161596773,0.0046198456774955154,0.05247299865572708,-0.012321221492075818,-0.12281680470325707,0.17,6,悠悠盘口不足,,26,0,0
575,AK-47 | Red Laminate (Factory New),3036.99,1630.0,7,6,0.8571,0.5367,steamdt-live,3999.99,8,3291.78,6,,20,1,2,2,0,0,0,0,0.0,-0.0003291650071264307,0.0,-0.0003291650071264307,0.0003291650071264307,0.0,0.0009868453514649822,-0.0009868453514649822,-0.0740884146341464,0.34,0,价格更新稀疏,,25,0,0
576,Galil AR | Hunting Blind (Factory New),39.38,18.7,17,6,0.3529,0.4749,steamdt-live,68.93,19,38.19,13,,20,1,2,2,0,0,0,0,0.0,0.0,0.0,0.0,0.0,0.0,0.0,0.0,-0.010365379632029215,0.36,0,价格更新稀疏,,25,0,0
577,Desert Eagle | Urban DDPAT (Factory New),147.49,95.0,26,6,0.2308,0.6441,steamdt-live,168.5,16,153.52,38,,17,1,2,2,0,0,3,0,-0.003390060343074097,0.0034015919450303134,0.09251851851851867,0.0,0.0,0.09251851851851867,0.0,0.09251851851851867,0.07226463104325687,0.19,3,回撤不明显,,25,0,0
578,MP9 | Dark Age (Factory New),498.5,430.0,30,4,0.1333,0.8626,steamdt-live,525.4,32,515.9,26,,8,3,4,2,8,0,0,0,0.0020084354288010253,-0.0008017638805370986,-0.06038875259482923,0.001205061257280704,0.059433962264150986,0.001205061257280704,0.059433962264150986,-0.0037969624300558946,-0.009930486593843102,0.36,1,价格更新稀疏,,25,0,0
579,Tec-9 | Hades (Factory New),180.0,146.0,37,4,0.1081,0.8111,steamdt-live,178.69,22,178.35,40,,8,3,4,2,0,0,3,5,0.05279761904761915,0.008367727709617245,0.03607770582793712,0.06160714285714275,0.0,0.09990749306197966,0.0,0.16644865925441454,0.0369186046511627,0.13,3,回撤不明显,,25,0,0
580,★ Hand Wraps | Giraffe (Field-Tested),235.0,269.0,344,28,0.0814,1.1447,steamdt-live,250.0,262,240.47,170,"溢价求购:买一高于卖一,多为定向收特定图案,买一价不可作退出价",7,0,9,5,0,0,4,0,0.0,-0.001587434205029603,0.005798319327731116,-0.001587434205029603,0.004166666666666652,0.017021276595744705,0.004166666666666652,0.04366812227074246,-0.07647127014181387,0.13,15,回撤不明显,买一异常溢价(不作为可成交退出价),25,0,0
581,M4A1-S | Electrum (Factory New),36.6,46.1,485,39,0.0804,1.2596,steamdt-live,37.7,471,36.84,201,"溢价求购:买一高于卖一,多为定向收特定图案,买一价不可作退出价",7,0,9,2,4,1,2,0,-0.010242587601078212,-0.008714596949891074,0.0048754062838569645,-0.018867924528301994,0.021505376344086113,0.011111111111111072,0.021505376344086113,-0.016216216216216273,-0.020979020979021046,0.24,13,可能加速下跌,买一异常溢价(不作为可成交退出价),25,0,0
582,Tec-9 | Terrace (Factory New),793.3,641.0,17,5,0.2941,0.808,steamdt-live,794.8,13,732.6,31,,17,3,2,2,0,0,0,0,0.02475870751154008,0.0,0.0,0.02475870751154008,0.0,0.02475870751154008,0.0,0.01764133907487153,-0.0813793103448276,0.13,1,价格更新稀疏,,24,0,0
583,★ Specialist Gloves | Lt. Commander (Field-Tested),685.0,860.0,507,47,0.0927,1.2555,steamdt-live,689.5,442,679.3,175,"溢价求购:买一高于卖一,多为定向收特定图案,买一价不可作退出价",7,0,12,5,0,0,0,0,-0.00014705882352950006,-0.0008824827180468064,0.0036900369003689537,-0.0010294117647059453,0.0010294117647059453,0.008626705667493129,0.0024963289280470757,-0.0024963289280470757,-0.04946477296578744,0.36,1,价格更新稀疏,买一异常溢价(不作为可成交退出价),24,0,0
584,P250 | Bengal Tiger (Factory New),341.7,203.0,25,2,0.08,0.5941,steamdt-live,313.2,23,303.5,26,,7,1,2,2,6,0,6,0,0.0,-0.0013162224415925738,-0.0019704433497537144,-0.0013162224415925738,0.0036112934996718193,0.001980851766259617,0.041074249605055346,0.02051109616677893,-0.08030303030303032,0.34,3,回撤不明显,,24,0,0
585,Five-SeveN | Scumbria (Factory New),33.57,30.4,346,25,0.0723,0.9056,steamdt-live,33.0,62,32.16,114,,7,6,9,2,0,0,0,0,0.0,0.0,0.0,0.0,0.0,0.0,0.0,0.011320754716980908,-0.3496461071789687,0.29,0,价格更新稀疏,,24,0,0
586,Five-SeveN | Case Hardened (Factory New),242.5,360.0,228,15,0.0658,1.4845,steamdt-live,236.54,145,231.67,122,"溢价求购:买一高于卖一,多为定向收特定图案,买一价不可作退出价",7,0,7,2,6,0,2,0,-0.005584481021162158,-0.021787780264324708,-0.011784232365145253,-0.027250587840107476,0.038913088570835974,0.0,0.04701768819415886,-0.04701768819415886,-0.22776666666666667,0.36,14,可能加速下跌,买一异常溢价(不作为可成交退出价),24,0,0
587,P250 | Gunsmoke (Factory New),118.0,35.0,6,2,0.3333,0.2966,steamdt-live,85.0,10,149.69,5,,8,1,2,2,10,0,0,0,-0.05555555555555558,0.0,0.0,-0.05555555555555558,0.05555555555555558,0.0,0.10526315789473684,-0.10526315789473684,-0.34615384615384615,0.17,1,价格更新稀疏,,23,0,0
588,Five-SeveN | Jungle (Factory New),345.0,218.0,11,3,0.2727,0.6319,steamdt-live,370.0,5,367.0,9,,8,1,2,2,10,0,0,0,-0.0027137042062415073,-0.061224489795918324,-0.0027063599458727605,-0.06377204884667576,0.06630581867388363,0.0,0.10505836575875482,-0.10505836575875482,-0.09674041104856657,0.19,3,可能加速下跌,,23,0,0
589,AWP | The Prince (Factory New),16798.0,18000.0,72,15,0.2083,1.0716,steamdt-live,16880.0,68,16822.38,37,"溢价求购:买一高于卖一,多为定向收特定图案,买一价不可作退出价",17,0,4,2,0,0,0,0,0.0,-0.00011904761904757422,0.0014921040097239935,-0.00011904761904757422,0.00011904761904757422,0.039094395645181246,0.004975713777988444,-0.004975713777988444,-0.006035502958579908,0.36,2,回撤不明显,买一异常溢价(不作为可成交退出价),23,0,0
590,★ Broken Fang Gloves | Needle Point (Minimal Wear),378.5,408.0,97,19,0.1959,1.0779,steamdt-live,368.91,56,404.73,42,"溢价求购:买一高于卖一,多为定向收特定图案,买一价不可作退出价",14,0,4,5,0,0,0,0,0.0,0.0,0.007950819672131182,0.0,0.0,0.05402857142857154,0.0029459459459458825,0.02617524339360222,-0.040795631825273015,0.28,2,回撤不明显,买一异常溢价(不作为可成交退出价),23,0,0
591,Galil AR | Tornado (Factory New),168.92,136.0,31,6,0.1935,0.8051,steamdt-live,170.0,18,158.78,38,,14,3,4,2,0,0,0,0,0.0,0.008959776323314461,0.0,0.008959776323314461,0.0,0.2213846153846153,0.0,0.008959776323314461,-0.09216695254431106,1.36,2,反弹较远,,23,0,0
592,P250 | Mehndi (Factory New),199.5,153.0,34,6,0.1765,0.7669,steamdt-live,195.5,41,194.77,71,,14,1,4,2,2,0,0,0,0.0,0.0,-0.0011794871794871264,0.0,0.0011794871794871264,0.0,0.013822784810126554,-0.010918139345927114,-0.033926888547195055,0.17,0,价格更新稀疏,,23,0,0
593,MP9 | Green Plaid (Factory New),60.99,41.0,13,2,0.1538,0.6722,steamdt-live,70.0,5,74.55,3,,8,1,2,2,10,0,0,0,0.0,0.0,0.0,0.0,0.0,0.0,0.12871428571428567,0.0,-0.0034313725490195957,0.18,0,价格更新稀疏,,23,0,0
594,★ Driver Gloves | Rezan the Red (Minimal Wear),819.5,890.0,146,21,0.1438,1.086,steamdt-live,809.99,80,813.25,76,"溢价求购:买一高于卖一,多为定向收特定图案,买一价不可作退出价",11,0,7,5,0,0,0,0,0.00622367979726457,0.0,0.011929604022627327,0.00622367979726457,0.0,0.006849059652699108,0.0,0.012499999999999956,-0.025692840646651338,0.15,1,价格更新稀疏,买一异常溢价(不作为可成交退出价),23,0,0
595,★ Driver Gloves | Imperial Plaid (Minimal Wear),1809.98,2700.0,207,29,0.1401,1.4917,steamdt-live,1809.5,161,1838.0,69,"溢价求购:买一高于卖一,多为定向收特定图案,买一价不可作退出价",11,0,7,5,0,0,0,0,-0.00027624309392260127,0.0,0.014005602240896309,-0.00027624309392260127,0.00467546754675463,0.01400952647800513,0.00467546754675463,0.06472491909385103,-0.06145778764412679,0.36,0,价格更新稀疏,买一异常溢价(不作为可成交退出价),23,0,0
596,Five-SeveN | Hyper Beast (Factory New),2643.58,2440.0,39,5,0.1282,0.923,steamdt-live,2843.22,34,2646.79,33,,11,6,4,2,0,0,0,0,-0.0010165251467160186,0.0,0.0,-0.0010165251467160186,0.0010165251467160186,0.0,0.002234383846008714,0.016761538461538494,-0.05471644139312026,0.36,1,价格更新稀疏,,23,0,0
597,Glock-18 | Blue Fissure (Factory New),220.99,201.0,49,6,0.1224,0.9095,steamdt-live,239.0,24,218.83,52,,11,6,4,2,0,0,0,0,0.0,-0.0022796699037979096,0.0007756889943422163,-0.0022796699037979096,0.0022796699037979096,0.0,0.0022796699037979096,0.021615312791783525,-0.07157403478998714,0.18,1,价格更新稀疏,,23,0,0
598,★ Driver Gloves | Queen Jaguar (Field-Tested),296.0,402.0,240,23,0.0958,1.3581,steamdt-live,291.9,203,308.38,84,"溢价求购:买一高于卖一,多为定向收特定图案,买一价不可作退出价",7,0,7,5,4,0,0,0,-0.008417508417508435,-0.008828522920203863,0.03484320557491283,-0.017171717171717282,0.023680513746739074,0.02421052631578946,0.023680513746739074,0.004819277108433662,-0.0663084156990692,0.35,8,可能加速下跌,买一异常溢价(不作为可成交退出价),23,0,0
599,AK-47 | Crossfade (Factory New),27.85,24.1,2783,43,0.0155,0.8654,steamdt-live,28.17,1223,27.24,950,,3,3,15,2,0,0,0,0,0.02505694760820054,0.008888888888888724,0.013076923076922986,0.0341685649202732,0.0011001100110011874,0.0895999999999999,0.0011001100110011874,0.03574144486691999,-0.1540372670807455,0.36,10,回撤不明显,,23,0,0
600,Glock-18 | Synth Leaf (Factory New),2189.5,1960.0,25,3,0.12,0.8952,steamdt-live,2197.5,26,2238.18,27,,8,6,2,2,4,0,0,0,-0.00022799817601459882,-0.00136830102622576,-0.0022747952684258888,-0.0015959872321021917,0.0036405005688282532,0.0,0.018821420569123948,-0.019041218637992796,-0.18133924598708528,0.75,0,价格更新稀疏,,22,0,0
601,Glock-18 | Brass (Factory New),773.82,580.0,63,5,0.0794,0.7495,steamdt-live,719.5,24,738.25,46,,7,1,4,2,8,0,0,0,0.0,0.0,-0.07255829541499625,0.0,0.07255829541499625,0.0,0.07696057678738666,-0.05087920640574095,-0.20468237036709513,0.18,0,价格更新稀疏,,22,0,0
602,FAMAS | Macabre (Factory New),63.99,54.0,70,4,0.0571,0.8439,steamdt-live,72.06,38,66.06,59,,3,3,4,2,6,0,4,0,0.0,-0.006983240223463638,-0.005402068220404566,-0.006983240223463638,0.012347584503781484,0.0,0.03890057074196451,-0.03890057074196451,-0.21087680355160932,0.36,4,可能加速下跌,,22,0,0
603,Five-SeveN | Neon Kimono (Factory New),3648.9,2670.0,33,5,0.1515,0.7317,steamdt-live,3199.9,25,3199.3,36,,14,1,4,2,0,0,0,0,0.0,0.0,-0.0001875058595580681,0.0,0.00021874999999993427,0.0,0.00021874999999993427,-0.0001875058595580681,0.015812033656136038,0.36,0,价格更新稀疏,,21,0,0
604,AK-47 | Jaguar (Factory New),2898.0,2340.0,140,5,0.0357,0.8075,steamdt-live,3174.89,40,3022.45,43,,3,3,7,2,6,0,0,0,0.0,-0.0006896551724138167,-0.012618060237107875,-0.0006896551724138167,0.03689573349462616,0.0,0.03689573349462616,0.07333333333333325,-0.06420134202181593,0.36,0,价格更新稀疏,,21,0,0
605,AWP | BOOM (Factory New),2349.0,2600.0,40,6,0.15,1.1069,steamdt-live,2649.0,22,2413.69,30,"溢价求购:买一高于卖一,多为定向收特定图案,买一价不可作退出价",14,0,4,2,0,0,0,0,0.0002129471890970347,0.0002129018522460946,-0.00042571306939120923,0.00042589437819429143,0.0,0.00042589437819429143,0.0,0.0002129018522460946,-0.05282258064516132,0.32,0,价格更新稀疏,买一异常溢价(不作为可成交退出价),20,0,0
606,P250 | Apep's Curse (Factory New),707.0,502.0,58,7,0.1207,0.71,steamdt-live,700.0,36,702.75,48,,11,1,4,2,2,0,0,0,0.0,0.0,-0.014084507042253502,0.0,0.014084507042253502,0.0,0.014084507042253502,0.006470165348670065,-0.17512166955374087,0.36,0,价格更新稀疏,,20,0,0
607,AK-47 | Wasteland Rebel (Factory New),2351.2,2000.0,21,2,0.0952,0.8506,steamdt-live,2086.8,28,2209.2,32,,7,3,2,2,6,0,0,0,0.0,0.0,0.0,0.0,0.0,0.0,0.04489908004943011,-0.04489908004943011,-0.12609405754009795,0.36,0,价格更新稀疏,,20,0,0
608,P250 | Contamination (Factory New),52.45,35.0,64,5,0.0781,0.6673,steamdt-live,39.93,34,40.91,47,,7,1,4,2,6,0,0,0,-0.00249438762783738,-0.0015003750937735427,-0.002984332255657751,-0.003991020204539897,0.006963441929868197,0.0,0.04037490987743331,-0.04037490987743331,-0.3842713955281418,0.36,0,价格更新稀疏,,20,0,0
609,MP9 | Dry Season (Factory New),2300.0,55.0,2,4,2.0,0.0239,steamdt-live,769.5,2,767.5,2,,8,1,2,2,0,0,6,0,0.04022955523672889,0.0,0.0,0.04022955523672889,0.0,0.043223021582733834,0.0,0.043223021582733834,0.03725321888412014,0.18,3,回撤不明显,,19,0,0
610,Tec-9 | Brass (Factory New),450.0,323.0,10,4,0.4,0.7178,steamdt-live,480.0,9,448.63,35,,8,1,2,2,0,0,6,0,-0.003349784497197361,0.0052432274978153615,-0.0026948775055678498,0.0018758793184303624,0.0008240534521157805,0.0052432274978153615,0.003044444444444405,-0.003044444444444405,-0.17983546617915902,0.36,5,回撤不明显,,19,0,0
611,P250 | Splash (Factory New),403.9,283.0,8,3,0.375,0.7007,steamdt-live,314.9,15,334.1,17,,8,1,2,2,2,0,4,0,-0.005015673981191293,-0.007876496534341526,-0.0015649452269170805,-0.012852664576802564,0.014397496087636963,0.0,0.014397496087636963,-0.014397496087636963,0.00012704058946821917,0.17,10,可能加速下跌,,19,0,0
612,USP-S | Business Class (Factory New),656.56,475.0,12,2,0.1667,0.7235,steamdt-live,685.0,12,565.73,21,,8,1,2,2,0,0,6,0,0.019333333333333425,0.0,0.0,0.019333333333333425,0.0,0.019333333333333425,0.0,0.07324707846410683,-0.17351351351351352,0.13,2,回撤不明显,,19,0,0
613,Glock-18 | Night (Factory New),220.0,191.0,32,4,0.125,0.8682,steamdt-live,329.0,23,226.18,39,,8,3,4,2,2,0,0,0,0.0,-0.0009082652134422275,0.10099999999999998,-0.0009082652134422275,0.005424954792043302,0.10000000000000009,0.005424954792043302,0.08910891089108919,-0.20857615655802586,0.36,2,回撤不明显,,19,0,0
614,Desert Eagle | Pilot (Factory New),1129.3,870.0,39,4,0.1026,0.7704,steamdt-live,1328.1,47,1046.8,37,,8,1,4,2,4,0,0,0,-0.004848369616883841,0.0,-9.505703422041378e-05,-0.004848369616883841,0.004942965779467734,0.0,0.015165769766304238,-0.012722934291561794,0.10189473684210526,0.36,1,价格更新稀疏,,19,0,0
615,M4A4 | Radiation Hazard (Factory New),2433.0,1930.0,9,4,0.4444,0.7933,steamdt-live,2399.0,7,2347.0,7,,8,1,2,2,4,0,0,0,0.0,0.0,0.0,0.0,0.0,0.0,0.021675698207586525,-0.021675698207586525,-0.11722114607037404,0.25,0,价格更新稀疏,,17,0,0
616,AK-47 | First Class (Factory New),1983.45,1070.0,9,2,0.2222,0.5395,steamdt-live,1399.9,18,1365.86,16,,8,1,2,2,4,0,0,0,0.0,0.004153770373692245,0.00022795793808372267,0.004153770373692245,0.0,0.008089157871429498,0.024316022573041107,-0.024316022573041107,-0.0820833333333334,0.36,1,价格更新稀疏,,17,0,0
617,Glock-18 | Sand Dune (Factory New),3499.0,0.0,4,0,0.0,,steamdt-live,0.0,0,2209.17,3,缺买一价,3,0,2,2,10,0,0,0,0.0,0.0,0.5235655172413793,0.0,0.0022581825243770393,0.5235655172413793,0.3686281794798514,0.19444294256950378,-0.005698005698005604,0.18,0,悠悠盘口不足,,17,0,0
618,P250 | Bone Mask (Factory New),440.0,10.0,1,2,2.0,0.0227,steamdt-live,0.0,0,216.66,1,,8,1,2,2,2,0,0,0,0.0006209251785160852,0.0,-0.002374561222382887,0.0006209251785160852,0.001755110468717791,0.0017612929962702584,0.012157744176542695,-0.0013426977897128545,-0.2809548598200342,0.16,1,价格更新稀疏,,15,0,0
619,Five-SeveN | Fall Hazard (Factory New),1819.99,1000.0,6,2,0.3333,0.5495,steamdt-live,2356.5,7,1712.79,15,,8,1,2,2,2,0,0,0,-4.0862550056641744e-05,-7.589069404967397e-05,0.007362367248050505,-0.00011675014301892883,0.0006242962081299819,0.007244757547602454,0.012891662776692514,-0.012891662776692514,-0.06262792097630387,0.36,1,价格更新稀疏,,15,0,0
620,Five-SeveN | Crimson Blossom (Factory New),574.99,492.0,14,3,0.2143,0.8557,steamdt-live,544.5,26,641.17,19,,8,3,2,2,0,0,0,0,0.0,0.0,-0.0009174311926605228,0.0,0.0009174311926605228,0.0,0.0009174311926605228,-0.0009174311926605228,-0.046910554874846744,1.36,0,价格更新稀疏,,15,0,0
621,M4A4 | Tornado (Factory New),754.0,651.0,13,2,0.1538,0.8634,steamdt-live,745.0,14,741.9,15,,8,3,2,2,0,0,0,0,0.01630136986301367,0.0,0.0,0.01630136986301367,0.0,0.01630136986301367,0.0,0.005284552845528534,-0.17520844913841027,0.36,1,价格更新稀疏,,15,0,0
622,P250 | Iron Clad (Factory New),44.78,35.1,277,7,0.0253,0.7838,steamdt-live,44.28,26,45.74,77,,3,1,9,2,0,0,0,0,0.0,-0.0022532672374944163,0.0,-0.0022532672374944163,0.0022532672374944163,0.0,0.004496402877697703,0.006592407365310304,-0.14846153846153842,0.28,1,价格更新稀疏,,15,0,0
623,Five-SeveN | Contractor (Factory New),240.0,36.0,3,3,1.0,0.15,steamdt-live,229.0,8,265.35,1,,8,1,2,2,0,0,0,0,0.0,0.0,0.0,0.0,0.0,0.0,0.0,0.0,0.0,0.19,0,价格更新稀疏,,13,0,0
624,AK-47 | Jungle Spray (Factory New),1150.0,650.0,5,4,0.8,0.5652,steamdt-live,999.0,5,1029.02,12,,8,1,2,2,0,0,0,0,0.0,0.0,0.0,0.0,0.0,0.0,0.0,0.0,-0.0876712328767123,0.36,0,价格更新稀疏,,13,0,0
625,MP9 | Bulldozer (Factory New),7499.5,4060.0,6,3,0.5,0.5414,steamdt-live,6799.0,5,7094.37,6,,8,1,2,2,0,0,0,0,0.0,0.0,0.0,0.0,0.0,0.0,0.0,0.0,0.0,0.36,0,价格更新稀疏,,13,0,0
626,AK-47 | Predator (Factory New),666.0,358.0,6,3,0.5,0.5375,steamdt-live,1001.0,4,721.92,5,,8,1,2,2,0,0,0,0,0.0,0.0,0.0,0.0,0.0,0.0,0.0,0.0,0.0,0.35,0,价格更新稀疏,,13,0,0
627,Galil AR | Winter Forest (Factory New),4900.0,120.0,2,1,0.5,0.0245,steamdt-live,5100.0,2,4500.0,1,,8,1,2,2,0,0,0,0,0.0,0.0,0.27819121740612407,0.0,0.0,0.27819121740612407,0.0,0.27819121740612407,0.65553777385354,0.18,0,价格更新稀疏,,13,0,0
628,M4A4 | Zirka (Factory New),574.88,444.0,10,4,0.4,0.7723,steamdt-live,575.0,8,590.97,24,,8,1,2,2,0,0,0,0,0.0,0.0,0.0,0.0,0.0,0.0,0.0,0.0,-0.04369957581302497,0.36,0,价格更新稀疏,,13,0,0
629,Glock-18 | Groundwater (Factory New),579.0,260.0,5,2,0.4,0.4491,steamdt-live,666.0,7,640.17,7,,8,1,2,2,0,0,0,0,0.0,0.0,0.0,0.0,0.0,0.0,0.0,0.0017301038062282892,-0.24805194805194808,0.26,0,价格更新稀疏,,13,0,0
630,M4A4 | Jungle Tiger (Factory New),665.5,400.0,8,3,0.375,0.6011,steamdt-live,519.5,10,550.65,5,,8,1,2,2,0,0,0,0,0.0,0.0,0.0,0.0,0.0,0.0,0.0009615384615384581,-0.0009615384615384581,-0.21996996996996998,0.36,0,价格更新稀疏,,13,0,0
631,FAMAS | Spitfire (Factory New),3098.5,660.0,6,2,0.3333,0.213,steamdt-live,2800.0,3,2501.41,8,,8,1,2,2,0,0,0,0,0.11769196428571438,-0.0008867124934596182,-0.00222717149220486,0.11670089285714269,0.0008867124934596182,0.11670089285714269,0.0008867124934596182,0.10194273127753295,-0.07833427290245809,0.34,3,回撤不明显,,13,0,0
632,P250 | Nuclear Threat (Factory New),12888.88,680.0,3,1,0.3333,0.0528,steamdt-live,21888.0,1,13168.0,1,,8,1,2,2,0,0,0,0,0.0,0.0,0.0,0.0,0.0,0.0,0.0,0.0,-0.6525516275813791,0.17,0,价格更新稀疏,,13,0,0
633,Galil AR | Shattered (Factory New),500.0,73.0,10,3,0.3,0.146,steamdt-live,399.0,4,5455.16,1,,8,1,2,2,0,0,0,0,0.0,0.0,0.0,0.0,0.0,0.0,0.0,0.002512562814070307,0.0,0.19,0,价格更新稀疏,,13,0,0
634,P250 | Red Rock (Factory New),248.0,130.0,8,2,0.25,0.5242,steamdt-live,312.7,9,262.7,13,,8,1,2,2,0,0,0,0,0.0,0.0,0.0,0.0,0.0,0.0,0.0,0.0,-0.07202993451824136,0.36,0,价格更新稀疏,,13,0,0
635,M4A4 | Faded Zebra (Factory New),408.0,177.0,13,3,0.2308,0.4338,steamdt-live,520.0,10,420.31,13,,8,1,2,2,0,0,0,0,0.0,0.0,0.0,0.0,0.0,0.0,0.0,0.0,0.11934156378600824,0.36,0,价格更新稀疏,,13,0,0
636,Five-SeveN | Nitro (Factory New),438.9,162.0,7,1,0.1429,0.3691,steamdt-live,409.5,6,421.84,14,,8,1,2,2,0,0,0,0,0.0,0.0,0.0,0.0,0.0,0.0,0.0,0.0,0.00244798041615657,0.36,0,价格更新稀疏,,13,0,0
637,M4A4 | Desert Storm (Factory New),488.0,330.0,16,2,0.125,0.6762,steamdt-live,448.8,10,432.07,8,,8,1,2,2,0,0,0,0,0.0,0.0,0.0,0.0,0.0,0.0,0.0,0.08017499999999989,0.02146622851604052,0.25,0,价格更新稀疏,,13,0,0
638,USP-S | Overgrowth (Factory New),572.5,371.0,27,3,0.1111,0.648,steamdt-live,568.9,16,580.28,30,,8,1,2,2,0,0,0,0,0.0,0.0,0.0,0.0,0.0,0.0,0.00017574692442889894,-0.00017574692442889894,0.14929292929292926,0.36,0,价格更新稀疏,,13,0,0
639,FAMAS | Prime Conspiracy (Factory New),565.5,381.0,24,2,0.0833,0.6737,steamdt-live,508.0,22,519.2,35,,7,1,2,2,0,0,0,0,0.0009852216748769127,0.0,0.0009861932938854956,0.0009852216748769127,0.0,0.0039525691699604515,0.0,0.0009852216748769127,-0.10877192982456141,1.26,1,价格更新稀疏,,12,0,0
640,Tec-9 | Nuclear Threat (Factory New),4588.88,0.0,1,0,0.0,,steamdt-live,0.0,0,4688.0,1,缺买一价,3,0,2,2,0,0,0,0,0.0,0.0,0.0,0.0,0.0,0.0,0.0,0.0,-0.46243444258183475,0.13,0,悠悠盘口不足,,7,0,0
641,FAMAS | Contrast Spray (Factory New),0.0,308.0,0,2,,,steamdt-live,810.0,2,762.31,5,缺卖一价,0,0,0,2,0,0,0,0,0.0,-9.181772869182314e-05,0.0002624052061193094,-9.181772869182314e-05,0.0006161671779543187,0.0006169274388321266,0.0006161671779543187,0.001945244009831315,-0.032233083661292516,0.19,1,悠悠盘口不足,,2,0,0
642,P250 | Modern Hunter (Factory New),,,0,0,,,,8000.0,2,2970.0,1,无悠悠数据,0,0,0,2,0,0,0,0,0.0,0.0,0.0,0.0,0.0,0.0,0.0,0.0,0.4766128390740594,0.36,0,悠悠盘口不足,,2,0,0
643,M4A4 | Modern Hunter (Factory New),0.0,1300.0,0,4,,,steamdt-live,4299.5,3,4025.88,9,缺卖一价,0,0,0,2,0,0,0,0,0.0,0.0,0.0,0.0,0.0,0.0,0.0,0.0,-6.706158488878344e-05,0.18,0,悠悠盘口不足,,2,0,0
