排名,marketHashName,youpin_sell,youpin_buy,youpin_sell_count,youpin_buy_count,挂买/挂卖,买一/卖一,数据来源,buff_sell,buff_sell_count,c5_sell,c5_sell_count,备注,盘口深度分,盘口紧密度分,流动性分,品质分,历史回撤分,回撤深度,V2.5总分,建议资金,实际获批
1,★ Sport Gloves | Blaze (Field-Tested),739.0,1020.0,101,33,0.3267,1.3802,steamdt-live,719.0,119,730.0,68,"溢价求购:买一高于卖一,多为定向收特定图案,买一价不可作退出价",30,20,7,20,15,0.38256762559038215,92,50000,50000
2,★ Hand Wraps | Badlands (Field-Tested),2759.5,2740.0,316,168,0.5316,0.9929,steamdt-live,2900.0,25,2852.55,66,,30,20,9,20,11,0.21856416297588444,90,50000,50000
3,★ Specialist Gloves | Blackbook (Field-Tested),1645.0,2370.0,158,49,0.3101,1.4407,steamdt-live,1615.0,155,1630.0,65,"溢价求购:买一高于卖一,多为定向收特定图案,买一价不可作退出价",30,20,7,20,13,0.31712473572938693,90,50000,50000
4,★ Sport Gloves | Creme Pinstripe (Field-Tested),542.0,755.0,110,34,0.3091,1.393,steamdt-live,537.0,110,539.42,58,"溢价求购:买一高于卖一,多为定向收特定图案,买一价不可作退出价",30,20,7,20,13,0.3498789346246973,90,50000,50000
5,★ Specialist Gloves | Lime Polycam (Minimal Wear),3500.0,4580.0,36,45,1.25,1.3086,steamdt-live,3500.0,41,3596.7,33,"溢价求购:买一高于卖一,多为定向收特定图案,买一价不可作退出价",30,20,4,20,15,0.27588554026179835,89,50000,50000
6,★ Driver Gloves | Hand Sweaters (Minimal Wear),1499.0,2230.0,36,31,0.8611,1.4877,steamdt-live,1500.0,38,1519.2,41,"溢价求购:买一高于卖一,多为定向收特定图案,买一价不可作退出价",30,20,4,20,15,0.2684236212786725,89,50000,50000
7,★ Sport Gloves | Violet Beadwork (Minimal Wear),3729.0,5040.0,47,29,0.617,1.3516,steamdt-live,3789.5,65,3716.94,24,"溢价求购:买一高于卖一,多为定向收特定图案,买一价不可作退出价",30,20,4,20,15,0.292163781890755,89,50000,50000
8,★ Sport Gloves | Red Racer (Minimal Wear),1845.5,2350.0,53,28,0.5283,1.2734,steamdt-live,1886.0,60,1887.5,40,"溢价求购:买一高于卖一,多为定向收特定图案,买一价不可作退出价",30,20,4,20,15,0.3441370364447287,89,50000,50000
9,★ Specialist Gloves | Pillow Punchers (Minimal Wear),8400.0,11570.0,80,42,0.525,1.3774,steamdt-live,8450.0,90,8537.25,32,"溢价求购:买一高于卖一,多为定向收特定图案,买一价不可作退出价",30,20,4,20,15,0.25,89,50000,50000
10,★ Sport Gloves | Occult (Minimal Wear),5869.0,7000.0,84,43,0.5119,1.1927,steamdt-live,5950.0,94,6000.0,28,"溢价求购:买一高于卖一,多为定向收特定图案,买一价不可作退出价",30,20,4,20,15,0.3054026865495,89,50000,50000
11,★ Driver Gloves | Garden (Minimal Wear),2699.5,3990.0,49,23,0.4694,1.4781,steamdt-live,2744.0,63,2710.0,44,"溢价求购:买一高于卖一,多为定向收特定图案,买一价不可作退出价",30,20,4,20,15,0.4434020618556701,89,50000,0
12,★ Sport Gloves | Frosty (Minimal Wear),2441.0,3120.0,45,21,0.4667,1.2782,steamdt-live,2520.0,48,2493.94,25,"溢价求购:买一高于卖一,多为定向收特定图案,买一价不可作退出价",30,20,4,20,15,0.23359497645211935,89,50000,0
13,★ Specialist Gloves | Big Swell (Field-Tested),1144.99,1650.0,113,30,0.2655,1.4411,steamdt-live,1150.0,128,1152.0,102,"溢价求购:买一高于卖一,多为定向收特定图案,买一价不可作退出价",26,20,7,20,15,0.2888260869565218,88,50000,0
14,★ Moto Gloves | Spearmint (Field-Tested),11614.14,14130.0,395,102,0.2582,1.2166,steamdt-live,11800.0,189,11812.25,100,"溢价求购:买一高于卖一,多为定向收特定图案,买一价不可作退出价",26,20,9,20,13,0.37220864864864867,88,50000,0
15,★ Specialist Gloves | Lime Polycam (Field-Tested),1603.0,1910.0,125,30,0.24,1.1915,steamdt-live,1648.5,134,1640.0,68,"溢价求购:买一高于卖一,多为定向收特定图案,买一价不可作退出价",26,20,7,20,15,0.3428981348637016,88,50000,0
16,★ Sport Gloves | Ultra Violent (Minimal Wear),11388.0,12410.0,280,63,0.225,1.0897,steamdt-live,11499.0,293,11654.0,76,"溢价求购:买一高于卖一,多为定向收特定图案,买一价不可作退出价",26,20,9,20,13,0.31808383233532933,88,50000,0
17,★ Moto Gloves | Finish Line (Minimal Wear),971.99,1420.0,185,41,0.2216,1.4609,steamdt-live,996.97,159,999.48,75,"溢价求购:买一高于卖一,多为定向收特定图案,买一价不可作退出价",26,20,7,20,15,0.2271624963226232,88,50000,0
18,★ Sport Gloves | Superconductor (Field-Tested),11399.32,14300.0,458,92,0.2009,1.2545,steamdt-live,11400.0,274,11456.33,108,"溢价求购:买一高于卖一,多为定向收特定图案,买一价不可作退出价",26,20,9,20,13,0.3466315125809595,88,50000,0
19,★ Specialist Gloves | Cloud Chaser (Minimal Wear),5166.88,6120.0,35,33,0.9429,1.1845,steamdt-live,5200.0,53,5222.37,29,"溢价求购:买一高于卖一,多为定向收特定图案,买一价不可作退出价",30,20,4,20,13,0.23758595248635084,87,50000,0
20,★ Driver Gloves | Wave Chaser (Minimal Wear),3097.5,4830.0,37,33,0.8919,1.5593,steamdt-live,3033.0,50,3274.5,20,"溢价求购:买一高于卖一,多为定向收特定图案,买一价不可作退出价",30,20,4,20,13,0.2321518987341772,87,50000,0
21,★ Specialist Gloves | Big Swell (Minimal Wear),2560.0,3160.0,40,34,0.85,1.2344,steamdt-live,2495.0,49,2542.27,30,"溢价求购:买一高于卖一,多为定向收特定图案,买一价不可作退出价",30,20,4,20,13,0.2437102152167323,87,50000,0
22,★ Driver Gloves | Brocade Flowers (Minimal Wear),2439.29,3520.0,37,31,0.8378,1.443,steamdt-live,2445.55,47,2457.87,44,"溢价求购:买一高于卖一,多为定向收特定图案,买一价不可作退出价",30,20,4,20,13,0.33894579945799463,87,50000,0
23,★ Driver Gloves | Dragon Fists (Minimal Wear),1305.5,1820.0,38,26,0.6842,1.3941,steamdt-live,1333.0,42,1333.0,34,"溢价求购:买一高于卖一,多为定向收特定图案,买一价不可作退出价",30,20,4,20,13,0.28661202185792345,87,50000,0
24,★ Driver Gloves | Wave Chaser (Field-Tested),1009.0,2180.0,78,48,0.6154,2.1606,steamdt-live,1029.5,87,1024.0,55,"溢价求购:买一高于卖一,多为定向收特定图案,买一价不可作退出价",30,20,4,20,13,0.17934119560797068,87,50000,0
25,★ Specialist Gloves | Chocolate Chesterfield (Minimal Wear),1099.0,1670.0,44,24,0.5455,1.5196,steamdt-live,1100.0,39,1101.5,43,"溢价求购:买一高于卖一,多为定向收特定图案,买一价不可作退出价",30,20,4,20,13,0.34854771784232363,87,50000,0
26,★ Sport Gloves | Creme Pinstripe (Minimal Wear),1078.0,1390.0,43,23,0.5349,1.2894,steamdt-live,1098.5,40,1080.0,41,"溢价求购:买一高于卖一,多为定向收特定图案,买一价不可作退出价",30,20,4,20,13,0.3808156232050546,87,50000,0
27,★ Specialist Gloves | Blackbook (Minimal Wear),3229.5,4380.0,46,24,0.5217,1.3562,steamdt-live,3247.0,63,3249.46,31,"溢价求购:买一高于卖一,多为定向收特定图案,买一价不可作退出价",30,20,4,20,13,0.2417234092509979,87,50000,0
28,★ Specialist Gloves | Sunburst (Minimal Wear),2206.0,2730.0,55,26,0.4727,1.2375,steamdt-live,2200.0,47,2299.0,19,"溢价求购:买一高于卖一,多为定向收特定图案,买一价不可作退出价",30,20,4,20,13,0.292604501607717,87,50000,0
29,★ Driver Gloves | Brocade Crane (Field-Tested),1054.0,1710.0,73,32,0.4384,1.6224,steamdt-live,1047.88,90,1068.0,53,"溢价求购:买一高于卖一,多为定向收特定图案,买一价不可作退出价",30,20,4,20,13,0.24910068075958425,87,50000,0
30,★ Driver Gloves | Seigaiha (Field-Tested),499.5,620.0,59,22,0.3729,1.2412,steamdt-live,495.5,88,494.2,53,"溢价求购:买一高于卖一,多为定向收特定图案,买一价不可作退出价",30,20,4,20,13,0.29745889387144997,87,50000,0
31,★ Broken Fang Gloves | Jade (Minimal Wear),734.91,860.0,70,23,0.3286,1.1702,steamdt-live,734.5,37,779.12,71,"溢价求购:买一高于卖一,多为定向收特定图案,买一价不可作退出价",30,20,4,20,13,0.191257432283638,87,50000,0
32,★ Driver Gloves | Brocade Flowers (Field-Tested),802.5,1870.0,95,31,0.3263,2.3302,steamdt-live,809.0,95,822.13,110,"溢价求购:买一高于卖一,多为定向收特定图案,买一价不可作退出价",30,20,4,20,13,0.372556684910086,87,50000,0
33,★ Driver Gloves | Hand Sweaters (Field-Tested),644.0,870.0,97,31,0.3196,1.3509,steamdt-live,664.5,83,671.24,53,"溢价求购:买一高于卖一,多为定向收特定图案,买一价不可作退出价",30,20,4,20,13,0.338265306122449,87,50000,0
34,★ Sport Gloves | Hedge Maze (Field-Tested),25379.0,35380.0,600,112,0.1867,1.3941,steamdt-live,25800.0,377,25899.5,116,"溢价求购:买一高于卖一,多为定向收特定图案,买一价不可作退出价",22,20,12,20,13,0.2870867159189865,87,50000,0
35,★ Moto Gloves | Eclipse (Field-Tested),3376.0,3340.0,269,110,0.4089,0.9893,steamdt-live,3650.0,21,3517.5,63,,30,16,9,20,11,0.3861818181818182,86,50000,0
36,★ Hand Wraps | Spruce DDPAT (Field-Tested),2450.0,2410.0,303,122,0.4026,0.9837,steamdt-live,2516.0,26,2490.38,74,,30,16,9,20,11,0.2939481268011528,86,50000,0
37,★ Hand Wraps | Slaughter (Field-Tested),3229.0,3150.0,272,107,0.3934,0.9755,steamdt-live,3278.44,45,3246.14,91,,30,16,9,20,11,0.3227661595961333,86,50000,0
38,★ Driver Gloves | Lunar Weave (Field-Tested),4445.0,4360.0,292,105,0.3596,0.9809,steamdt-live,4700.0,21,4596.96,86,,30,16,9,20,11,0.3315789473684211,86,50000,0
39,★ Driver Gloves | Diamondback (Field-Tested),2800.0,2740.0,323,108,0.3344,0.9786,steamdt-live,2889.9,23,2950.0,55,,30,16,9,20,11,0.42716857610474634,86,50000,0
40,★ Moto Gloves | Cool Mint (Field-Tested),6400.0,6330.0,315,102,0.3238,0.9891,steamdt-live,6870.0,45,6500.0,96,,30,16,9,20,11,0.47635411552937323,86,50000,0
41,★ Moto Gloves | Boom! (Field-Tested),3187.0,3130.0,255,81,0.3176,0.9821,steamdt-live,3468.0,35,3293.3,64,,30,16,9,20,11,0.38711538461538464,86,50000,0
42,★ Specialist Gloves | Cloud Chaser (Field-Tested),2766.5,3800.0,157,45,0.2866,1.3736,steamdt-live,2757.0,153,2767.0,75,"溢价求购:买一高于卖一,多为定向收特定图案,买一价不可作退出价",26,20,7,20,13,0.2705384310093928,86,50000,0
43,★ Driver Gloves | Queen Jaguar (Minimal Wear),679.0,910.0,117,33,0.2821,1.3402,steamdt-live,673.91,64,679.98,77,"溢价求购:买一高于卖一,多为定向收特定图案,买一价不可作退出价",26,20,7,20,13,0.14369758576874214,86,50000,0
44,★ Moto Gloves | Blood Pressure (Minimal Wear),1220.0,1570.0,109,30,0.2752,1.2869,steamdt-live,1262.5,84,1288.0,80,"溢价求购:买一高于卖一,多为定向收特定图案,买一价不可作退出价",26,20,7,20,13,0.2776791000592066,86,50000,0
45,★ Broken Fang Gloves | Jade (Field-Tested),424.5,500.0,135,37,0.2741,1.1779,steamdt-live,428.98,119,432.67,99,"溢价求购:买一高于卖一,多为定向收特定图案,买一价不可作退出价",26,20,7,20,13,0.22110091743119265,86,50000,0
46,★ Sport Gloves | Violet Beadwork (Field-Tested),1349.99,2620.0,166,44,0.2651,1.9408,steamdt-live,1298.0,158,1455.7,88,"溢价求购:买一高于卖一,多为定向收特定图案,买一价不可作退出价",26,20,7,20,13,0.3727953611983571,86,50000,0
47,★ Sport Gloves | Superconductor (Minimal Wear),17397.5,30340.0,178,45,0.2528,1.7439,steamdt-live,17488.0,147,17600.16,44,"溢价求购:买一高于卖一,多为定向收特定图案,买一价不可作退出价",26,20,7,20,13,0.26093882752761255,86,50000,0
48,★ Sport Gloves | Frosty (Field-Tested),1112.0,1670.0,178,45,0.2528,1.5018,steamdt-live,1110.0,191,1136.0,107,"溢价求购:买一高于卖一,多为定向收特定图案,买一价不可作退出价",26,20,7,20,13,0.3147976521470497,86,50000,0
49,★ Specialist Gloves | Sunburst (Field-Tested),1004.4,1520.0,172,43,0.25,1.5133,steamdt-live,1024.5,192,1024.22,72,"溢价求购:买一高于卖一,多为定向收特定图案,买一价不可作退出价",26,20,7,20,13,0.3657088727502368,86,50000,0
50,★ Moto Gloves | Smoke Out (Minimal Wear),1176.48,2010.0,160,38,0.2375,1.7085,steamdt-live,1178.99,136,1182.96,62,"溢价求购:买一高于卖一,多为定向收特定图案,买一价不可作退出价",26,20,7,20,13,0.23745325149238727,86,50000,0
51,★ Broken Fang Gloves | Yellow-banded (Minimal Wear),442.5,504.0,110,26,0.2364,1.139,steamdt-live,460.0,60,465.0,64,"溢价求购:买一高于卖一,多为定向收特定图案,买一价不可作退出价",26,20,7,20,13,0.28629032258064513,86,50000,0
52,★ Hand Wraps | Arboreal (Minimal Wear),454.0,480.0,110,25,0.2273,1.0573,steamdt-live,458.5,97,468.0,93,"溢价求购:买一高于卖一,多为定向收特定图案,买一价不可作退出价",26,20,7,20,13,0.31201697226852554,86,50000,0
53,★ Specialist Gloves | Chocolate Chesterfield (Field-Tested),521.0,791.0,122,27,0.2213,1.5182,steamdt-live,528.5,115,527.61,71,"溢价求购:买一高于卖一,多为定向收特定图案,买一价不可作退出价",26,20,7,20,13,0.33528961469762686,86,50000,0
54,★ Moto Gloves | 3rd Commando Company (Minimal Wear),441.0,457.0,137,29,0.2117,1.0363,steamdt-live,434.0,54,440.36,108,,26,20,7,20,13,0.29886914378029084,86,50000,0
55,★ Moto Gloves | Transport (Minimal Wear),336.0,503.0,124,26,0.2097,1.497,steamdt-live,350.0,112,350.0,72,"溢价求购:买一高于卖一,多为定向收特定图案,买一价不可作退出价",26,20,7,20,13,0.29166666666666663,86,50000,0
56,★ Driver Gloves | Overtake (Minimal Wear),514.5,671.0,107,22,0.2056,1.3042,steamdt-live,506.5,81,551.07,54,"溢价求购:买一高于卖一,多为定向收特定图案,买一价不可作退出价",26,20,7,20,13,0.2759856630824373,86,50000,0
57,★ Hand Wraps | Constrictor (Minimal Wear),670.0,669.0,107,22,0.2056,0.9985,steamdt-live,672.5,47,673.48,74,,26,20,7,20,13,0.10273515677118084,86,50000,0
58,★ Specialist Gloves | Pillow Punchers (Field-Tested),2450.0,5520.0,219,45,0.2055,2.2531,steamdt-live,2440.0,227,2498.38,132,"溢价求购:买一高于卖一,多为定向收特定图案,买一价不可作退出价",26,20,7,20,13,0.2606060606060606,86,50000,0
59,★ Specialist Gloves | Buckshot (Minimal Wear),409.0,526.0,143,29,0.2028,1.2861,steamdt-live,422.0,101,425.0,59,"溢价求购:买一高于卖一,多为定向收特定图案,买一价不可作退出价",26,20,7,20,13,0.303236797274276,86,50000,0
60,★ Driver Gloves | Garden (Field-Tested),1100.0,1870.0,173,35,0.2023,1.7,steamdt-live,1128.67,166,1125.0,155,"溢价求购:买一高于卖一,多为定向收特定图案,买一价不可作退出价",26,20,7,20,13,0.47569113441372735,86,50000,0
61,★ Driver Gloves | Brocade Crane (Minimal Wear),2489.5,2930.0,21,29,1.381,1.1769,steamdt-live,2490.0,26,2627.99,22,"溢价求购:买一高于卖一,多为定向收特定图案,买一价不可作退出价",30,20,2,20,13,0.21466876971608828,85,50000,0
62,★ Driver Gloves | Seigaiha (Minimal Wear),966.38,1240.0,20,23,1.15,1.2831,steamdt-live,968.0,34,955.0,33,"溢价求购:买一高于卖一,多为定向收特定图案,买一价不可作退出价",30,20,2,20,13,0.31294964028776984,85,50000,0
63,★ Driver Gloves | Plum Quill (Minimal Wear),1039.0,1240.0,15,17,1.1333,1.1935,steamdt-live,1039.0,20,1078.94,30,"溢价求购:买一高于卖一,多为定向收特定图案,买一价不可作退出价",30,20,2,20,13,0.297972972972973,85,50000,0
64,★ Sport Gloves | Blaze (Minimal Wear),1514.0,1820.0,29,24,0.8276,1.2021,steamdt-live,1540.0,31,1594.0,18,"溢价求购:买一高于卖一,多为定向收特定图案,买一价不可作退出价",30,20,2,20,13,0.2923580275765366,85,50000,0
65,★ Broken Fang Gloves | Unhinged (Minimal Wear),481.04,651.0,59,27,0.4576,1.3533,steamdt-live,488.0,62,490.04,52,"溢价求购:买一高于卖一,多为定向收特定图案,买一价不可作退出价",30,20,4,20,11,0.1949121338912133,85,50000,0
66,★ Hydra Gloves | Emerald (Minimal Wear),282.0,303.0,88,18,0.2045,1.0745,steamdt-live,274.91,61,294.2,62,"溢价求购:买一高于卖一,多为定向收特定图案,买一价不可作退出价",26,20,4,20,15,0.23529902642559108,85,50000,0
67,★ Sport Gloves | Ultra Violent (Field-Tested),5665.5,7990.0,525,58,0.1105,1.4103,steamdt-live,5770.0,569,5939.4,172,"溢价求购:买一高于卖一,多为定向收特定图案,买一价不可作退出价",18,20,12,20,15,0.27253466872110943,85,50000,0
68,★ Driver Gloves | Snow Leopard (Field-Tested),1643.0,2500.0,540,56,0.1037,1.5216,steamdt-live,1694.0,479,1702.4,171,"溢价求购:买一高于卖一,多为定向收特定图案,买一价不可作退出价",18,20,12,20,15,0.20266990291262132,85,50000,0
69,★ Driver Gloves | Convoy (Field-Tested),3245.0,3190.0,187,110,0.5882,0.9831,steamdt-live,3425.49,20,3347.4,46,,30,16,7,20,11,0.4056776556776557,84,25000,0
70,★ Driver Gloves | Convoy (Minimal Wear),3317.98,3210.0,135,41,0.3037,0.9675,steamdt-live,3497.95,33,3399.0,40,,30,16,7,20,11,0.4061780760626398,84,25000,0
71,★ Hand Wraps | Duct Tape (Minimal Wear),435.0,585.0,101,28,0.2772,1.3448,steamdt-live,443.0,66,439.51,61,"溢价求购:买一高于卖一,多为定向收特定图案,买一价不可作退出价",26,20,7,20,11,0.17613636363636365,84,25000,0
72,★ Hand Wraps | CAUTION! (Minimal Wear),1160.0,1490.0,248,45,0.1815,1.2845,steamdt-live,1167.5,168,1164.0,87,"溢价求购:买一高于卖一,多为定向收特定图案,买一价不可作退出价",22,20,7,20,15,0.25088795608653536,84,25000,0
73,★ Sport Gloves | Scarlet Shamagh (Minimal Wear),1940.0,2970.0,178,32,0.1798,1.5309,steamdt-live,1980.0,164,2039.0,66,"溢价求购:买一高于卖一,多为定向收特定图案,买一价不可作退出价",22,20,7,20,15,0.23772102161100195,84,25000,0
74,★ Sport Gloves | Red Racer (Field-Tested),834.5,1330.0,216,36,0.1667,1.5938,steamdt-live,844.0,197,845.5,81,"溢价求购:买一高于卖一,多为定向收特定图案,买一价不可作退出价",22,20,7,20,15,0.39811457577955045,84,25000,0
75,★ Sport Gloves | Pandora's Box (Field-Tested),21666.0,28030.0,440,70,0.1591,1.2937,steamdt-live,21849.0,355,22140.0,83,"溢价求购:买一高于卖一,多为定向收特定图案,买一价不可作退出价",22,20,9,20,13,0.1818853623874941,84,25000,0
76,★ Driver Gloves | Rezan the Red (Minimal Wear),795.5,810.0,154,24,0.1558,1.0182,steamdt-live,805.0,87,813.25,90,,22,20,7,20,15,0.21237623762376234,84,25000,0
77,★ Moto Gloves | Polygon (Minimal Wear),1037.5,1380.0,136,21,0.1544,1.3301,steamdt-live,1075.0,125,1049.0,62,"溢价求购:买一高于卖一,多为定向收特定图案,买一价不可作退出价",22,20,7,20,15,0.25225225225225223,84,25000,0
78,★ Specialist Gloves | Mogul (Minimal Wear),880.0,1320.0,177,27,0.1525,1.5,steamdt-live,880.0,180,887.0,88,"溢价求购:买一高于卖一,多为定向收特定图案,买一价不可作退出价",22,20,7,20,15,0.2142857142857143,84,25000,0
79,★ Driver Gloves | Plum Quill (Field-Tested),618.0,640.0,56,16,0.2857,1.0356,steamdt-live,609.5,49,687.13,22,,26,20,4,20,13,0.20844155844155843,83,25000,0
80,★ Broken Fang Gloves | Needle Point (Minimal Wear),366.91,406.0,94,23,0.2447,1.1065,steamdt-live,366.0,59,388.57,49,"溢价求购:买一高于卖一,多为定向收特定图案,买一价不可作退出价",26,20,4,20,13,0.27596439169139464,83,25000,0
81,★ Driver Gloves | Dragon Fists (Field-Tested),604.5,711.0,95,21,0.2211,1.1762,steamdt-live,625.0,101,628.0,35,"溢价求购:买一高于卖一,多为定向收特定图案,买一价不可作退出价",26,20,4,20,13,0.276059880239521,83,25000,0
82,AWP | Queen's Gambit (Factory New),1327.5,2370.0,105,40,0.381,1.7853,steamdt-live,1371.25,114,1370.0,54,"溢价求购:买一高于卖一,多为定向收特定图案,买一价不可作退出价",30,20,7,10,15,0.30653502585801595,82,25000,0
83,★ Driver Gloves | Crimson Weave (Field-Tested),7390.0,7200.0,251,72,0.2869,0.9743,steamdt-live,7560.22,20,7482.21,58,,26,16,9,20,11,0.4040330645161291,82,25000,0
84,★ Sport Gloves | Arid (Field-Tested),6388.0,6250.0,357,91,0.2549,0.9784,steamdt-live,6649.0,52,6468.88,79,,26,16,9,20,11,0.3424526680178571,82,25000,0
85,★ Hand Wraps | Leather (Field-Tested),3894.9,3820.0,314,78,0.2484,0.9808,steamdt-live,4044.93,25,3962.1,67,,26,16,9,20,11,0.31130757669525244,82,25000,0
86,★ Specialist Gloves | Emerald Web (Field-Tested),8236.0,8110.0,373,87,0.2332,0.9847,steamdt-live,8450.0,86,8450.0,91,,26,16,9,20,11,0.40318840579710147,82,25000,0
87,★ Specialist Gloves | Forest DDPAT (Field-Tested),1909.5,1840.0,282,63,0.2234,0.9636,steamdt-live,2008.26,37,1960.3,71,,26,16,9,20,11,0.34143817899637874,82,25000,0
88,★ Hydra Gloves | Case Hardened (Minimal Wear),535.5,544.0,120,23,0.1917,1.0159,steamdt-live,580.0,118,560.0,95,,22,20,7,20,13,0.22036363636363632,82,25000,0
89,★ Hand Wraps | Giraffe (Minimal Wear),469.5,531.0,132,25,0.1894,1.131,steamdt-live,483.48,75,471.02,73,"溢价求购:买一高于卖一,多为定向收特定图案,买一价不可作退出价",22,20,7,20,13,0.36122448979591837,82,25000,0
90,★ Moto Gloves | Spearmint (Minimal Wear),18297.48,26340.0,189,34,0.1799,1.4395,steamdt-live,18500.0,159,18389.48,59,"溢价求购:买一高于卖一,多为定向收特定图案,买一价不可作退出价",22,20,7,20,13,0.2869120598608702,82,25000,0
91,★ Hand Wraps | Desert Shamagh (Minimal Wear),395.0,462.0,150,25,0.1667,1.1696,steamdt-live,398.0,60,396.5,116,"溢价求购:买一高于卖一,多为定向收特定图案,买一价不可作退出价",22,20,7,20,13,0.32708688245315165,82,25000,0
92,★ Broken Fang Gloves | Unhinged (Field-Tested),303.0,373.0,108,17,0.1574,1.231,steamdt-live,315.91,138,312.28,125,"溢价求购:买一高于卖一,多为定向收特定图案,买一价不可作退出价",22,20,7,20,13,0.2484548825710754,82,25000,0
93,★ Sport Gloves | Pandora's Box (Minimal Wear),33999.0,55460.0,176,27,0.1534,1.6312,steamdt-live,34680.0,199,34975.0,47,"溢价求购:买一高于卖一,多为定向收特定图案,买一价不可作退出价",22,20,7,20,13,0.1497699309792938,82,25000,0
94,★ Sport Gloves | Occult (Field-Tested),3085.0,4170.0,278,40,0.1439,1.3517,steamdt-live,3090.0,317,3122.5,111,"溢价求购:买一高于卖一,多为定向收特定图案,买一价不可作退出价",18,20,9,20,15,0.34361702127659577,82,25000,0
95,★ Specialist Gloves | Tiger Strike (Minimal Wear),2080.99,3530.0,315,45,0.1429,1.6963,steamdt-live,2139.5,249,2092.37,107,"溢价求购:买一高于卖一,多为定向收特定图案,买一价不可作退出价",18,20,9,20,15,0.27148958515666033,82,25000,0
96,★ Specialist Gloves | Crimson Web (Minimal Wear),1776.5,3480.0,290,36,0.1241,1.9589,steamdt-live,1834.5,219,1837.5,66,"溢价求购:买一高于卖一,多为定向收特定图案,买一价不可作退出价",18,20,9,20,15,0.2359139784946237,82,25000,0
97,★ Moto Gloves | POW! (Minimal Wear),999.0,1670.0,290,34,0.1172,1.6717,steamdt-live,999.5,294,1005.0,76,"溢价求购:买一高于卖一,多为定向收特定图案,买一价不可作退出价",18,20,9,20,15,0.24388211228123347,82,25000,0
98,★ Specialist Gloves | Marble Fade (Field-Tested),839.5,1310.0,382,44,0.1152,1.5605,steamdt-live,847.0,343,852.0,178,"溢价求购:买一高于卖一,多为定向收特定图案,买一价不可作退出价",18,20,9,20,15,0.20046857589119893,82,25000,0
99,★ Sport Gloves | Bronze Morph (Field-Tested),444.49,504.0,269,28,0.1041,1.1339,steamdt-live,459.0,227,471.5,172,"溢价求购:买一高于卖一,多为定向收特定图案,买一价不可作退出价",18,20,9,20,15,0.3677643573381951,82,25000,0
100,★ Sport Gloves | Amphibious (Field-Tested),1823.5,2780.0,1105,78,0.0706,1.5245,steamdt-live,1842.87,994,1836.5,270,"溢价求购:买一高于卖一,多为定向收特定图案,买一价不可作退出价",12,20,15,20,15,0.23973316656243482,82,25000,0
101,★ Sport Gloves | Omega (Field-Tested),1118.0,1960.0,907,56,0.0617,1.7531,steamdt-live,1124.5,757,1133.63,286,"溢价求购:买一高于卖一,多为定向收特定图案,买一价不可作退出价",12,20,15,20,15,0.25217391304347825,82,25000,0
102,P250 | Kintsugi (Factory New),124.05,247.0,108,41,0.3796,1.9911,steamdt-live,124.5,124,125.0,58,"溢价求购:买一高于卖一,多为定向收特定图案,买一价不可作退出价",30,20,7,10,13,0.2787790697674418,80,25000,0
103,★ Moto Gloves | Eclipse (Minimal Wear),3393.99,3320.0,141,41,0.2908,0.9782,steamdt-live,3700.0,22,3410.0,39,,26,16,7,20,11,0.45249395063719955,80,25000,0
104,★ Hand Wraps | Badlands (Minimal Wear),2896.0,2840.0,148,40,0.2703,0.9807,steamdt-live,3078.5,17,2958.0,54,,26,16,7,20,11,0.3248600746268657,80,25000,0
105,★ Bloodhound Gloves | Snakebite (Field-Tested),1208.5,1190.0,231,58,0.2511,0.9847,steamdt-live,1387.0,23,1196.33,95,,26,16,7,20,11,0.5148702351987025,80,25000,0
106,★ Bloodhound Gloves | Charred (Field-Tested),1539.0,1500.0,246,59,0.2398,0.9747,steamdt-live,1567.0,20,1540.3,66,,26,16,7,20,11,0.37158023683135977,80,25000,0
107,★ Bloodhound Gloves | Guerrilla (Field-Tested),1179.0,1160.0,222,47,0.2117,0.9839,steamdt-live,1347.0,25,1220.5,75,,26,16,7,20,11,0.3590909090909091,80,25000,0
108,★ Bloodhound Gloves | Snakebite (Minimal Wear),1268.0,1220.0,149,31,0.2081,0.9621,steamdt-live,1457.48,16,1297.15,58,,26,16,7,20,11,0.5231289958631065,80,25000,0
109,★ Specialist Gloves | Emerald Web (Minimal Wear),9499.0,13140.0,207,39,0.1884,1.3833,steamdt-live,9997.0,103,9799.49,75,"溢价求购:买一高于卖一,多为定向收特定图案,买一价不可作退出价",22,20,7,20,11,0.40642093485827946,80,25000,0
110,★ Driver Gloves | Imperial Plaid (Minimal Wear),1785.0,2930.0,207,30,0.1449,1.6415,steamdt-live,1815.0,164,1850.0,78,"溢价求购:买一高于卖一,多为定向收特定图案,买一价不可作退出价",18,20,7,20,15,0.25282544997907075,80,25000,0
111,★ Moto Gloves | Smoke Out (Field-Tested),695.99,894.0,297,42,0.1414,1.2845,steamdt-live,698.48,293,684.2,154,"溢价求购:买一高于卖一,多为定向收特定图案,买一价不可作退出价",18,20,9,20,13,0.14473930924136547,80,25000,0
112,★ Specialist Gloves | Lt. Commander (Minimal Wear),1084.0,1750.0,230,32,0.1391,1.6144,steamdt-live,1107.5,189,1113.55,91,"溢价求购:买一高于卖一,多为定向收特定图案,买一价不可作退出价",18,20,7,20,15,0.2463516330785267,80,25000,0
113,★ Driver Gloves | Snow Leopard (Minimal Wear),3349.5,6370.0,233,32,0.1373,1.9018,steamdt-live,3430.0,229,3533.8,74,"溢价求购:买一高于卖一,多为定向收特定图案,买一价不可作退出价",18,20,7,20,15,0.2025,80,25000,0
114,★ Moto Gloves | Blood Pressure (Field-Tested),704.0,1010.0,230,31,0.1348,1.4347,steamdt-live,728.0,223,714.75,139,"溢价求购:买一高于卖一,多为定向收特定图案,买一价不可作退出价",18,20,7,20,15,0.21734296831573097,80,25000,0
115,★ Sport Gloves | Big Game (Minimal Wear),1259.0,1690.0,232,30,0.1293,1.3423,steamdt-live,1240.0,188,1276.5,77,"溢价求购:买一高于卖一,多为定向收特定图案,买一价不可作退出价",18,20,7,20,15,0.2441697448463348,80,25000,0
116,★ Sport Gloves | Bronze Morph (Minimal Wear),797.5,970.0,182,21,0.1154,1.2163,steamdt-live,796.0,116,799.53,95,"溢价求购:买一高于卖一,多为定向收特定图案,买一价不可作退出价",18,20,7,20,15,0.20160481444333,80,25000,0
117,★ Specialist Gloves | Field Agent (Minimal Wear),1810.0,3270.0,334,38,0.1138,1.8066,steamdt-live,1840.0,257,1887.5,63,"溢价求购:买一高于卖一,多为定向收特定图案,买一价不可作退出价",18,20,9,20,13,0.16435826408125576,80,25000,0
118,★ Moto Gloves | Polygon (Field-Tested),693.99,869.0,307,34,0.1107,1.2522,steamdt-live,690.0,262,686.01,213,"溢价求购:买一高于卖一,多为定向收特定图案,买一价不可作退出价",18,20,9,20,13,0.13597822937270865,80,25000,0
119,★ Sport Gloves | Slingshot (Minimal Wear),5413.0,8540.0,367,39,0.1063,1.5777,steamdt-live,5480.0,333,5588.88,89,"溢价求购:买一高于卖一,多为定向收特定图案,买一价不可作退出价",18,20,9,20,13,0.19413428613964567,80,25000,0
120,M4A1-S | Welcome to the Jungle (Factory New),9697.91,12190.0,39,23,0.5897,1.257,steamdt-live,9777.0,44,10386.0,42,"溢价求购:买一高于卖一,多为定向收特定图案,买一价不可作退出价",30,20,4,10,15,0.2343352281699037,79,25000,0
121,★ Broken Fang Gloves | Needle Point (Field-Tested),274.48,280.0,93,15,0.1613,1.0201,steamdt-live,268.0,95,269.2,119,,22,20,4,20,13,0.22318840579710142,79,25000,0
122,★ Specialist Gloves | Fade (Minimal Wear),3004.4,5570.0,583,37,0.0635,1.8539,steamdt-live,2998.5,598,3048.1,164,"溢价求购:买一高于卖一,多为定向收特定图案,买一价不可作退出价",12,20,12,20,15,0.22116883116883113,79,25000,0
123,★ Moto Gloves | POW! (Field-Tested),447.0,683.0,630,40,0.0635,1.528,steamdt-live,460.0,661,454.6,305,"溢价求购:买一高于卖一,多为定向收特定图案,买一价不可作退出价",12,20,12,20,15,0.36142857142857143,79,25000,0
124,AWP | Printstream (Factory New),1073.5,1050.0,442,152,0.3439,0.9781,steamdt-live,1097.5,336,1075.0,164,,30,16,9,10,13,0.3373456790123457,78,25000,0
125,★ Specialist Gloves | Foundation (Field-Tested),5545.0,5300.0,326,79,0.2423,0.9558,steamdt-live,5670.97,38,5540.0,69,,26,12,9,20,11,0.3473138548539114,78,25000,0
126,★ Bloodhound Gloves | Bronzed (Field-Tested),1478.5,1430.0,255,46,0.1804,0.9672,steamdt-live,1599.5,14,1483.21,68,,22,16,9,20,11,0.2562877263581489,78,25000,0
127,★ Sport Gloves | Hedge Maze (Minimal Wear),45999.5,58600.0,223,33,0.148,1.2739,steamdt-live,46299.5,177,47626.65,52,"溢价求购:买一高于卖一,多为定向收特定图案,买一价不可作退出价",18,20,7,20,13,0.12831132075471696,78,25000,0
128,★ Hydra Gloves | Mangrove (Field-Tested),176.39,176.0,122,18,0.1475,0.9978,steamdt-live,176.99,125,179.7,363,,18,20,7,20,13,0.23805615550755943,78,25000,0
129,★ Specialist Gloves | Marble Fade (Minimal Wear),2288.0,3630.0,208,30,0.1442,1.5865,steamdt-live,2294.0,164,2350.0,57,"溢价求购:买一高于卖一,多为定向收特定图案,买一价不可作退出价",18,20,7,20,13,0.18256520185780634,78,25000,0
130,★ Moto Gloves | Turtle (Minimal Wear),750.5,940.0,150,21,0.14,1.2525,steamdt-live,758.0,128,757.2,83,"溢价求购:买一高于卖一,多为定向收特定图案,买一价不可作退出价",18,20,7,20,13,0.18423913043478257,78,25000,0
131,★ Hydra Gloves | Mangrove (Minimal Wear),214.64,231.0,126,17,0.1349,1.0762,steamdt-live,218.98,52,222.87,86,"溢价求购:买一高于卖一,多为定向收特定图案,买一价不可作退出价",18,20,7,20,13,0.20907951949296188,78,25000,0
132,★ Broken Fang Gloves | Yellow-banded (Field-Tested),278.0,310.0,158,19,0.1203,1.1151,steamdt-live,281.5,127,276.5,120,"溢价求购:买一高于卖一,多为定向收特定图案,买一价不可作退出价",18,20,7,20,13,0.2382710267500482,78,25000,0
133,★ Driver Gloves | Rezan the Red (Field-Tested),357.93,460.0,227,27,0.1189,1.2852,steamdt-live,359.5,180,359.72,120,"溢价求购:买一高于卖一,多为定向收特定图案,买一价不可作退出价",18,20,7,20,13,0.23915908511181017,78,25000,0
134,★ Driver Gloves | Overtake (Field-Tested),263.88,343.0,225,25,0.1111,1.2998,steamdt-live,254.99,202,270.7,212,"溢价求购:买一高于卖一,多为定向收特定图案,买一价不可作退出价",18,20,7,20,13,0.29264236839953106,78,25000,0
135,★ Moto Gloves | 3rd Commando Company (Field-Tested),238.5,257.0,194,20,0.1031,1.0776,steamdt-live,243.5,190,238.31,157,"溢价求购:买一高于卖一,多为定向收特定图案,买一价不可作退出价",18,20,7,20,13,0.22650321074138935,78,25000,0
136,Glock-18 | Fully Tuned (Factory New),1058.0,2200.0,73,41,0.5616,2.0794,steamdt-live,1095.5,54,1115.0,24,"溢价求购:买一高于卖一,多为定向收特定图案,买一价不可作退出价",30,20,4,10,13,0.3021108179419525,77,25000,0
137,AK-47 | Neon Revolution (Factory New),1631.5,1610.0,560,146,0.2607,0.9868,steamdt-live,1661.38,103,1628.58,140,,26,16,12,10,13,0.2539715987173614,77,25000,0
138,★ Sport Gloves | Amphibious (Minimal Wear),4049.0,7880.0,516,42,0.0814,1.9462,steamdt-live,4014.5,443,4168.0,124,"溢价求购:买一高于卖一,多为定向收特定图案,买一价不可作退出价",12,20,12,20,13,0.18071428571428572,77,25000,0
139,★ Specialist Gloves | Crimson Web (Field-Tested),800.4,1090.0,559,40,0.0716,1.3618,steamdt-live,792.5,480,804.41,215,"溢价求购:买一高于卖一,多为定向收特定图案,买一价不可作退出价",12,20,12,20,13,0.1821465428276574,77,25000,0
140,★ Specialist Gloves | Lt. Commander (Field-Tested),678.0,860.0,517,35,0.0677,1.2684,steamdt-live,675.0,452,679.9,188,"溢价求购:买一高于卖一,多为定向收特定图案,买一价不可作退出价",12,20,12,20,13,0.1434026197339806,77,25000,0
141,AK-47 | Asiimov (Factory New),2239.0,3000.0,252,68,0.2698,1.3399,steamdt-live,2313.0,81,2292.34,77,"溢价求购:买一高于卖一,多为定向收特定图案,买一价不可作退出价",26,20,9,10,11,0.13368156316502222,76,25000,0
142,★ Driver Gloves | Lunar Weave (Minimal Wear),4748.0,4450.0,156,37,0.2372,0.9372,steamdt-live,4985.0,22,4769.5,58,,26,12,7,20,11,0.3662677986496423,76,25000,0
143,AK-47 | Crane Flight (Factory New),317.0,381.0,218,50,0.2294,1.2019,steamdt-live,318.5,177,323.0,150,"溢价求购:买一高于卖一,多为定向收特定图案,买一价不可作退出价",26,20,7,10,13,0.4571917808219178,76,25000,0
144,★ Bloodhound Gloves | Guerrilla (Minimal Wear),1238.99,1160.0,127,26,0.2047,0.9362,steamdt-live,1240.0,22,1262.8,64,,26,12,7,20,11,0.4000048426150121,76,25000,0
145,M4A1-S | Player Two (Factory New),1018.0,1010.0,458,92,0.2009,0.9921,steamdt-live,1038.0,125,1050.0,153,,26,20,9,10,11,0.1753746456055083,76,25000,0
146,★ Specialist Gloves | Foundation (Minimal Wear),6160.0,5880.0,190,38,0.2,0.9545,steamdt-live,6465.55,33,6294.04,50,,26,12,7,20,11,0.3542638503066199,76,25000,0
147,★ Specialist Gloves | Forest DDPAT (Minimal Wear),1980.0,1930.0,161,32,0.1988,0.9747,steamdt-live,2068.0,28,2029.7,52,,22,16,7,20,11,0.38430921359495007,76,25000,0
148,★ Bloodhound Gloves | Bronzed (Minimal Wear),1448.0,1400.0,140,26,0.1857,0.9669,steamdt-live,1530.0,20,1486.0,56,,22,16,7,20,11,0.35644444444444445,76,25000,0
149,★ Bloodhound Gloves | Charred (Minimal Wear),1575.0,1550.0,114,19,0.1667,0.9841,steamdt-live,1698.24,17,1652.26,41,,22,16,7,20,11,0.4270643870498363,76,25000,0
150,★ Hand Wraps | Spruce DDPAT (Minimal Wear),2554.99,2500.0,190,31,0.1632,0.9785,steamdt-live,2628.84,33,2580.0,56,,22,16,7,20,11,0.3869985604606526,76,25000,0
151,★ Hydra Gloves | Rattler (Minimal Wear),218.5,223.0,124,16,0.129,1.0206,steamdt-live,223.0,69,221.12,68,,18,20,7,20,11,0.19372693726937273,76,25000,0
152,★ Driver Gloves | Racing Green (Minimal Wear),250.48,410.0,169,20,0.1183,1.6369,steamdt-live,256.89,69,256.1,98,"溢价求购:买一高于卖一,多为定向收特定图案,买一价不可作退出价",18,20,7,20,11,0.38907317073170733,76,25000,0
153,★ Sport Gloves | Scarlet Shamagh (Field-Tested),1079.0,1580.0,424,40,0.0943,1.4643,steamdt-live,1084.5,328,1099.99,169,"溢价求购:买一高于卖一,多为定向收特定图案,买一价不可作退出价",12,20,9,20,15,0.24492652204338694,76,25000,0
154,★ Moto Gloves | Finish Line (Field-Tested),479.5,672.0,427,36,0.0843,1.4015,steamdt-live,483.91,434,498.5,240,"溢价求购:买一高于卖一,多为定向收特定图案,买一价不可作退出价",12,20,9,20,15,0.32276250880902047,76,25000,0
155,★ Driver Gloves | Imperial Plaid (Field-Tested),883.0,1310.0,432,34,0.0787,1.4836,steamdt-live,880.0,359,913.03,198,"溢价求购:买一高于卖一,多为定向收特定图案,买一价不可作退出价",12,20,9,20,15,0.25707049387927394,76,25000,0
156,M4A4 | Falak (Factory New),872.58,865.0,70,47,0.6714,0.9913,steamdt-live,895.0,47,871.0,106,,30,20,4,10,11,0.6375510204081632,75,25000,0
157,Desert Eagle | Sunset Storm 弐 (Factory New),3098.39,3550.0,52,14,0.2692,1.1458,steamdt-live,3078.48,35,3130.99,52,"溢价求购:买一高于卖一,多为定向收特定图案,买一价不可作退出价",26,20,4,10,15,0.24455405455147794,75,25000,0
158,Desert Eagle | Sunset Storm 壱 (Factory New),3077.99,3500.0,51,11,0.2157,1.1371,steamdt-live,3184.74,38,3265.11,50,"溢价求购:买一高于卖一,多为定向收特定图案,买一价不可作退出价",26,20,4,10,15,0.22838054650288298,75,25000,0
159,★ Hand Wraps | Cobalt Skulls (Field-Tested),1245.0,1690.0,911,50,0.0549,1.3574,steamdt-live,1252.41,676,1257.75,219,"溢价求购:买一高于卖一,多为定向收特定图案,买一价不可作退出价",5,20,15,20,15,0.20927278501111468,75,25000,0
160,★ Sport Gloves | Slingshot (Field-Tested),2059.3,3810.0,1077,59,0.0548,1.8501,steamdt-live,2055.0,870,2093.0,262,"溢价求购:买一高于卖一,多为定向收特定图案,买一价不可作退出价",5,20,15,20,15,0.2516375545851528,75,25000,0
161,★ Specialist Gloves | Fade (Field-Tested),1082.9,2060.0,1110,45,0.0405,1.9023,steamdt-live,1100.0,990,1092.53,406,"溢价求购:买一高于卖一,多为定向收特定图案,买一价不可作退出价",5,20,15,20,15,0.2365045806906272,75,25000,0
162,★ Driver Gloves | King Snake (Field-Tested),868.5,1790.0,1591,38,0.0239,2.061,steamdt-live,847.0,1438,865.5,299,"溢价求购:买一高于卖一,多为定向收特定图案,买一价不可作退出价",5,20,15,20,15,0.2009433962264151,75,25000,0
163,AK-47 | The Empress (Factory New),1699.0,1680.0,356,119,0.3343,0.9888,steamdt-live,1700.0,156,1750.0,103,,30,16,9,10,9,0.07632923779493317,74,10000,0
164,AK-47 | Aquamarine Revenge (Factory New),1276.8,1250.0,357,109,0.3053,0.979,steamdt-live,1318.88,116,1289.0,102,,30,16,9,10,9,0.08800000000000008,74,10000,0
165,M4A1-S | Chantico's Fire (Factory New),1740.0,1710.0,245,74,0.302,0.9828,steamdt-live,1770.0,70,1787.0,83,,30,16,7,10,11,0.1364764267990074,74,10000,0
166,AK-47 | Aphrodite (Factory New),1849.5,1810.0,361,87,0.241,0.9786,steamdt-live,1888.99,215,1874.5,210,,26,16,9,10,13,0.4866920152091254,74,10000,0
167,AK-47 | Wild Lotus (Factory New),95666.0,106510.0,114,27,0.2368,1.1134,steamdt-live,95999.5,111,97800.0,39,"溢价求购:买一高于卖一,多为定向收特定图案,买一价不可作退出价",26,20,7,10,11,0.05176036793275707,74,10000,0
168,M4A4 | Royal Paladin (Factory New),1350.0,1330.0,314,69,0.2197,0.9852,steamdt-live,1396.62,83,1354.96,77,,26,16,9,10,13,0.2387633004967774,74,10000,0
169,M4A1-S | Golden Coil (Factory New),1599.49,1570.0,328,67,0.2043,0.9816,steamdt-live,1600.0,98,1612.5,118,,26,16,9,10,13,0.21110234278668305,74,10000,0
170,M4A4 | Bullet Rain (Factory New),1547.0,2000.0,298,54,0.1812,1.2928,steamdt-live,1641.99,64,1580.0,147,"溢价求购:买一高于卖一,多为定向收特定图案,买一价不可作退出价",22,20,9,10,13,0.20666666666666667,74,10000,0
171,AWP | Oni Taiji (Factory New),3681.99,5940.0,354,57,0.161,1.6133,steamdt-live,3865.5,102,3799.49,98,"溢价求购:买一高于卖一,多为定向收特定图案,买一价不可作退出价",22,20,9,10,13,0.33048822620238205,74,10000,0
172,Glock-18 | Fade (Factory New),9150.0,10200.0,132,21,0.1591,1.1148,steamdt-live,9393.91,134,9302.52,68,"溢价求购:买一高于卖一,多为定向收特定图案,买一价不可作退出价",22,20,7,10,15,0.3171386992051942,74,10000,0
173,★ Hydra Gloves | Rattler (Field-Tested),175.9,174.0,119,17,0.1429,0.9892,steamdt-live,174.0,118,182.0,212,,18,16,7,20,13,0.24475888710447502,74,10000,0
174,★ Sport Gloves | Arid (Minimal Wear),7550.0,7380.0,172,23,0.1337,0.9775,steamdt-live,8074.0,42,7900.0,44,,18,16,7,20,13,0.4091638298704856,74,10000,0
175,★ Hand Wraps | Slaughter (Minimal Wear),3530.0,3430.0,176,23,0.1307,0.9717,steamdt-live,3850.0,30,3715.3,70,,18,16,7,20,13,0.40043990386656814,74,10000,0
176,AWP | Dragon Lore (Factory New),73999.5,74000.0,136,16,0.1176,1.0,steamdt-live,75998.0,155,74900.0,47,,18,20,7,18,11,0.0795910371462154,74,10000,0
177,★ Sport Gloves | Omega (Minimal Wear),2845.0,4810.0,445,44,0.0989,1.6907,steamdt-live,2890.0,385,2883.84,93,"溢价求购:买一高于卖一,多为定向收特定图案,买一价不可作退出价",12,20,9,20,13,0.1843463302752294,74,10000,0
178,★ Hand Wraps | Cobalt Skulls (Minimal Wear),2387.5,3600.0,368,36,0.0978,1.5079,steamdt-live,2486.0,295,2429.4,102,"溢价求购:买一高于卖一,多为定向收特定图案,买一价不可作退出价",12,20,9,20,13,0.1872767477462154,74,10000,0
179,★ Moto Gloves | Transport (Field-Tested),215.0,231.0,267,23,0.0861,1.0744,steamdt-live,216.5,195,213.7,258,"溢价求购:买一高于卖一,多为定向收特定图案,买一价不可作退出价",12,20,9,20,13,0.25321377281165725,74,10000,0
180,★ Driver Gloves | Queen Jaguar (Field-Tested),287.0,368.0,251,21,0.0837,1.2822,steamdt-live,300.0,206,299.5,98,"溢价求购:买一高于卖一,多为定向收特定图案,买一价不可作退出价",12,20,9,20,13,0.2417437252311757,74,10000,0
181,★ Specialist Gloves | Buckshot (Field-Tested),254.5,300.0,316,26,0.0823,1.1788,steamdt-live,254.8,336,260.0,209,"溢价求购:买一高于卖一,多为定向收特定图案,买一价不可作退出价",12,20,9,20,13,0.27596017069701284,74,10000,0
182,★ Hand Wraps | Arboreal (Field-Tested),239.0,260.0,356,29,0.0815,1.0879,steamdt-live,253.0,337,241.6,246,"溢价求购:买一高于卖一,多为定向收特定图案,买一价不可作退出价",12,20,9,20,13,0.28451430971380565,74,10000,0
183,★ Hand Wraps | Giraffe (Field-Tested),238.0,252.0,347,27,0.0778,1.0588,steamdt-live,254.42,270,238.82,234,"溢价求购:买一高于卖一,多为定向收特定图案,买一价不可作退出价",12,20,9,20,13,0.24683544303797467,74,10000,0
184,★ Hand Wraps | Overprint (Minimal Wear),880.0,1070.0,350,27,0.0771,1.2159,steamdt-live,888.0,290,912.06,101,"溢价求购:买一高于卖一,多为定向收特定图案,买一价不可作退出价",12,20,9,20,13,0.18744228993536471,74,10000,0
185,★ Moto Gloves | Turtle (Field-Tested),352.0,488.0,359,27,0.0752,1.3864,steamdt-live,359.0,320,358.8,144,"溢价求购:买一高于卖一,多为定向收特定图案,买一价不可作退出价",12,20,9,20,13,0.2881698685540951,74,10000,0
186,★ Hand Wraps | Desert Shamagh (Field-Tested),234.55,249.0,252,18,0.0714,1.0616,steamdt-live,235.41,201,232.1,266,"溢价求购:买一高于卖一,多为定向收特定图案,买一价不可作退出价",12,20,9,20,13,0.2414784796888788,74,10000,0
187,★ Sport Gloves | Nocts (Minimal Wear),5288.0,7820.0,398,27,0.0678,1.4788,steamdt-live,5438.0,326,5405.0,82,"溢价求购:买一高于卖一,多为定向收特定图案,买一价不可作退出价",12,20,9,20,13,0.16012558869701732,74,10000,0
188,M4A1-S | Control Panel (Factory New),1148.0,1140.0,693,137,0.1977,0.993,steamdt-live,1188.88,68,1140.0,122,,22,20,12,10,9,0.18976545842217485,73,10000,0
189,M4A1-S | Mecha Industries (Factory New),1475.99,1450.0,537,100,0.1862,0.9824,steamdt-live,1480.0,172,1497.9,125,,22,16,12,10,13,0.29738571428571425,73,10000,0
190,AWP | Wildfire (Factory New),989.5,966.0,519,78,0.1503,0.9763,steamdt-live,990.0,150,1020.0,145,,22,16,12,10,13,0.27931536780772037,73,10000,0
191,M4A4 | Desolate Space (Factory New),515.0,511.0,653,81,0.124,0.9922,steamdt-live,528.5,156,541.5,187,,18,20,12,10,13,0.25361237119378544,73,10000,0
192,AK-47 | Orbit Mk01 (Factory New),625.0,620.0,701,74,0.1056,0.992,steamdt-live,666.36,151,653.38,162,,18,20,12,10,13,0.3963568931213661,73,10000,0
193,★ Specialist Gloves | Tiger Strike (Field-Tested),997.0,1510.0,991,55,0.0555,1.5145,steamdt-live,999.0,833,1019.6,279,"溢价求购:买一高于卖一,多为定向收特定图案,买一价不可作退出价",5,20,15,20,13,0.25047080979284364,73,10000,0
194,★ Sport Gloves | Vice (Minimal Wear),8192.0,20520.0,1009,53,0.0525,2.5049,steamdt-live,8220.0,948,8276.5,208,"溢价求购:买一高于卖一,多为定向收特定图案,买一价不可作退出价",5,20,15,20,13,0.18079999999999996,73,10000,0
195,★ Sport Gloves | Nocts (Field-Tested),3745.0,4300.0,1000,51,0.051,1.1482,steamdt-live,3700.0,816,3776.39,184,"溢价求购:买一高于卖一,多为定向收特定图案,买一价不可作退出价",5,20,15,20,13,0.10194174757281549,73,10000,0
196,★ Sport Gloves | Vice (Field-Tested),2664.0,5320.0,1526,64,0.0419,1.997,steamdt-live,2675.0,1366,2718.0,296,"溢价求购:买一高于卖一,多为定向收特定图案,买一价不可作退出价",5,20,15,20,13,0.18904109589041096,73,10000,0
197,Five-SeveN | Fairy Tale (Factory New),1996.98,1940.0,188,59,0.3138,0.9715,steamdt-live,1988.0,48,2007.48,61,,30,16,7,10,9,0.13187772925764196,72,10000,0
198,Desert Eagle | Code Red (Factory New),1095.0,1060.0,265,60,0.2264,0.968,steamdt-live,1185.79,66,1099.82,117,,26,16,9,10,11,0.19227534927636725,72,10000,0
199,Desert Eagle | Hypnotic (Factory New),1085.0,1050.0,226,49,0.2168,0.9677,steamdt-live,1135.27,72,1084.5,111,,26,16,7,10,13,0.3679627946010211,72,10000,0
200,AK-47 | The Oligarch (Factory New),1719.5,1660.0,189,39,0.2063,0.9654,steamdt-live,1699.0,170,1727.56,93,,26,16,7,10,13,0.12804721580703105,72,10000,0
201,★ Moto Gloves | Boom! (Minimal Wear),3374.0,3140.0,161,31,0.1925,0.9306,steamdt-live,3497.4,24,3376.9,55,,22,12,7,20,11,0.4181253772527378,72,10000,0
202,AWP | Corticera (Factory New),910.0,1000.0,177,32,0.1808,1.0989,steamdt-live,988.4,44,942.95,52,"溢价求购:买一高于卖一,多为定向收特定图案,买一价不可作退出价",22,20,7,10,13,0.3443804034582133,72,10000,0
203,★ Hand Wraps | Leather (Minimal Wear),4086.97,3910.0,192,34,0.1771,0.9567,steamdt-live,4398.5,27,4192.0,38,,22,12,7,20,11,0.3510685932041918,72,10000,0
204,AK-47 | X-Ray (Factory New),12996.5,14200.0,164,25,0.1524,1.0926,steamdt-live,13452.5,59,13240.0,61,"溢价求购:买一高于卖一,多为定向收特定图案,买一价不可作退出价",22,20,7,10,13,0.25107413366279585,72,10000,0
205,AWP | Desert Hydra (Factory New),8998.5,12710.0,282,42,0.1489,1.4125,steamdt-live,9154.5,232,9184.5,63,"溢价求购:买一高于卖一,多为定向收特定图案,买一价不可作退出价",18,20,9,10,15,0.2616615384615385,72,10000,0
206,★ Moto Gloves | Cool Mint (Minimal Wear),7150.0,6980.0,167,22,0.1317,0.9762,steamdt-live,7295.31,37,7223.43,56,,18,16,7,20,11,0.48660785714285715,72,10000,0
207,★ Driver Gloves | Diamondback (Minimal Wear),2950.0,2850.0,184,23,0.125,0.9661,steamdt-live,3058.0,24,3033.0,45,,18,16,7,20,11,0.4636363636363636,72,10000,0
208,AK-47 | Fuel Injector (Factory New),2394.5,3020.0,433,47,0.1085,1.2612,steamdt-live,2418.0,196,2416.0,130,"溢价求购:买一高于卖一,多为定向收特定图案,买一价不可作退出价",18,20,9,10,15,0.2146605444408003,72,10000,0
209,★ Driver Gloves | Black Tie (Minimal Wear),1876.4,3480.0,311,30,0.0965,1.8546,steamdt-live,1888.0,303,1921.0,69,"溢价求购:买一高于卖一,多为定向收特定图案,买一价不可作退出价",12,20,9,20,11,0.16585907979551007,72,10000,0
210,★ Hand Wraps | Duct Tape (Field-Tested),268.2,284.0,224,21,0.0938,1.0589,steamdt-live,276.3,162,273.0,236,"溢价求购:买一高于卖一,多为定向收特定图案,买一价不可作退出价",12,20,7,20,13,0.21911421911421913,72,10000,0
211,★ Driver Gloves | Racing Green (Field-Tested),176.89,178.0,185,17,0.0919,1.0063,steamdt-live,170.0,137,178.5,336,,12,20,7,20,13,0.27322474455987344,72,10000,0
212,★ Specialist Gloves | Mogul (Field-Tested),655.38,690.0,328,30,0.0915,1.0528,steamdt-live,658.98,256,650.66,205,"溢价求购:买一高于卖一,多为定向收特定图案,买一价不可作退出价",12,20,9,20,11,0.11179033356024504,72,10000,0
213,AWP | Medusa (Factory New),29500.0,28870.0,10,7,0.7,0.9786,steamdt-live,28000.0,22,32822.65,11,,30,16,2,10,13,0.10828025477707004,71,10000,0
214,USP-S | Spiral Glitch (Factory New),519.48,505.0,41,21,0.5122,0.9721,steamdt-live,519.49,44,522.39,91,,30,16,4,10,11,0.675325,71,10000,0
215,M4A1-S | Imminent Danger (Factory New),8993.3,10240.0,32,9,0.2812,1.1386,steamdt-live,8499.5,30,9022.92,22,"溢价求购:买一高于卖一,多为定向收特定图案,买一价不可作退出价",26,20,4,10,11,0.19052380952380954,71,10000,0
216,AK-47 | Leet Museo (Factory New),3695.0,3640.0,591,114,0.1929,0.9851,steamdt-live,3805.0,61,3816.13,69,,22,16,12,10,11,0.21716101694915257,71,10000,0
217,M4A4 | Howl (Factory New),44800.0,50630.0,94,17,0.1809,1.1301,steamdt-live,45000.0,102,45998.5,33,"溢价求购:买一高于卖一,多为定向收特定图案,买一价不可作退出价",22,20,4,18,7,0.026076370395330395,71,10000,0
218,Glock-18 | Weasel (Factory New),217.0,213.0,511,92,0.18,0.9816,steamdt-live,221.0,92,222.66,83,,22,16,12,10,11,0.3682678311499272,71,10000,0
219,M4A1-S | Flashback (Factory New),884.0,869.0,686,111,0.1618,0.983,steamdt-live,855.0,77,899.5,78,,22,16,12,10,11,0.3589139247666636,71,10000,0
220,Tec-9 | Decimator (Factory New),820.0,788.0,192,67,0.349,0.961,steamdt-live,835.0,50,820.79,43,,30,16,7,10,7,0.03529411764705881,70,10000,0
221,Desert Eagle | Heirloom (Factory New),648.0,621.0,122,39,0.3197,0.9583,steamdt-live,679.9,34,665.61,57,,30,12,7,10,11,0.24651162790697678,70,10000,0
222,M4A1-S | Hyper Beast (Factory New),1877.5,1820.0,240,64,0.2667,0.9694,steamdt-live,1950.0,53,1975.59,82,,26,16,7,10,11,0.19094827586206897,70,10000,0
223,USP-S | Target Acquired (Factory New),2306.5,2230.0,152,33,0.2171,0.9668,steamdt-live,2419.5,50,2332.14,53,,26,16,7,10,11,0.3409039602913567,70,10000,0
224,AK-47 | Frontside Misty (Factory New),769.0,757.0,393,71,0.1807,0.9844,steamdt-live,797.0,97,783.44,168,,22,16,9,10,13,0.29384756657483935,70,10000,0
225,USP-S | The Traitor (Factory New),659.98,639.0,296,51,0.1723,0.9682,steamdt-live,685.0,73,689.5,128,,22,16,9,10,13,0.26300390843104404,70,10000,0
226,Glock-18 | Neo-Noir (Factory New),1243.93,1210.0,393,65,0.1654,0.9727,steamdt-live,1262.64,90,1261.15,131,,22,16,9,10,13,0.316270757725723,70,10000,0
227,M4A4 | Cyber Security (Factory New),953.5,940.0,385,60,0.1558,0.9858,steamdt-live,965.0,68,972.48,134,,22,16,9,10,13,0.2740768937952036,70,10000,0
228,M4A4 | The Emperor (Factory New),1618.0,1590.0,395,60,0.1519,0.9827,steamdt-live,1700.95,129,1661.58,126,,22,16,9,10,13,0.22453870117421515,70,10000,0
229,AK-47 | Gold Arabesque (Factory New),12799.0,14500.0,215,31,0.1442,1.1329,steamdt-live,13149.9,163,13084.0,69,"溢价求购:买一高于卖一,多为定向收特定图案,买一价不可作退出价",18,20,7,10,15,0.23815476190476192,70,10000,0
230,M4A4 | Eye of Horus (Factory New),4181.21,5050.0,294,36,0.1224,1.2078,steamdt-live,4252.42,134,4210.01,97,"溢价求购:买一高于卖一,多为定向收特定图案,买一价不可作退出价",18,20,9,10,13,0.37077501881113617,70,10000,0
231,Desert Eagle | Fennec Fox (Factory New),2400.0,2800.0,432,52,0.1204,1.1667,steamdt-live,2430.0,120,2430.0,84,"溢价求购:买一高于卖一,多为定向收特定图案,买一价不可作退出价",18,20,9,10,13,0.3492407809110629,70,10000,0
232,AK-47 | Case Hardened (Factory New),2980.0,14000.0,478,56,0.1172,4.698,steamdt-live,3050.0,323,3150.0,179,"溢价求购:买一高于卖一,多为定向收特定图案,买一价不可作退出价",18,20,9,10,13,0.2158514696570888,70,10000,0
233,Desert Eagle | Mecha Industries (Factory New),159.0,156.0,917,107,0.1167,0.9811,steamdt-live,155.0,355,160.99,194,,18,16,15,10,11,0.20123679464055666,70,10000,0
234,FAMAS | Mecha Industries (Factory New),718.0,705.0,1337,136,0.1017,0.9819,steamdt-live,709.3,176,718.12,175,,18,16,15,10,11,0.5605328376703842,70,10000,0
235,M4A4 | Buzz Kill (Factory New),3109.49,3080.0,999,78,0.0781,0.9905,steamdt-live,3130.0,149,3125.04,143,,12,20,15,10,13,0.3353660361226889,70,10000,0
236,★ Driver Gloves | Black Tie (Field-Tested),755.39,1120.0,706,38,0.0538,1.4827,steamdt-live,749.48,619,759.0,162,"溢价求购:买一高于卖一,多为定向收特定图案,买一价不可作退出价",5,20,12,20,13,0.18534782608695655,70,10000,0
237,★ Hand Wraps | CAUTION! (Field-Tested),765.5,844.0,609,30,0.0493,1.1025,steamdt-live,777.5,531,777.5,248,"溢价求购:买一高于卖一,多为定向收特定图案,买一价不可作退出价",5,20,12,20,13,0.15934065934065933,70,10000,0
238,★ Specialist Gloves | Field Agent (Field-Tested),781.5,1180.0,718,33,0.046,1.5099,steamdt-live,774.0,581,784.0,174,"溢价求购:买一高于卖一,多为定向收特定图案,买一价不可作退出价",5,20,12,20,13,0.14945054945054947,70,10000,0
239,★ Driver Gloves | King Snake (Minimal Wear),2960.0,8130.0,849,36,0.0424,2.7466,steamdt-live,3020.0,847,3073.71,155,"溢价求购:买一高于卖一,多为定向收特定图案,买一价不可作退出价",5,20,12,20,13,0.1754874651810585,70,10000,0
240,★ Specialist Gloves | Crimson Kimono (Field-Tested),10900.0,12090.0,851,33,0.0388,1.1092,steamdt-live,10989.5,740,11164.0,181,"溢价求购:买一高于卖一,多为定向收特定图案,买一价不可作退出价",5,20,12,20,13,0.1528058448624281,70,10000,0
241,★ Hand Wraps | Overprint (Field-Tested),664.99,668.0,806,31,0.0385,1.0045,steamdt-live,663.5,748,661.94,268,,5,20,12,20,13,0.1428571428571429,70,10000,0
242,★ Sport Gloves | Big Game (Field-Tested),829.5,950.0,781,30,0.0384,1.1453,steamdt-live,834.0,595,846.6,174,"溢价求购:买一高于卖一,多为定向收特定图案,买一价不可作退出价",5,20,12,20,13,0.1983551040154814,70,10000,0
243,AK-47 | Consequence of the Jinn (Factory New),3591.5,3480.0,24,27,1.125,0.969,steamdt-live,3760.0,24,3643.2,38,,30,16,2,10,11,0.6408140814081409,69,10000,0
244,AWP | The Prince (Factory New),16787.9,17760.0,73,13,0.1781,1.0579,steamdt-live,16886.0,69,16774.97,40,"溢价求购:买一高于卖一,多为定向收特定图案,买一价不可作退出价",22,20,4,10,13,0.12393095884687688,69,10000,0
245,AK-47 | B the Monster (Factory New),2288.0,2240.0,513,56,0.1092,0.979,steamdt-live,2304.1,277,2335.0,161,,18,16,12,10,13,0.42800000000000005,69,10000,0
246,AK-47 | Neon Rider (Factory New),1568.8,1530.0,448,105,0.2344,0.9753,steamdt-live,1585.0,179,1586.0,127,,26,16,9,10,7,0.03742790526444961,68,10000,0
247,FAMAS | Bad Trip (Factory New),484.0,466.0,141,26,0.1844,0.9628,steamdt-live,484.99,54,510.01,62,,22,16,7,10,13,0.1119266055045871,68,10000,0
248,AWP | Containment Breach (Factory New),2678.0,2650.0,159,28,0.1761,0.9895,steamdt-live,2695.9,58,2698.96,92,,22,16,7,10,13,0.310973883957288,68,10000,0
249,AWP | Hyper Beast (Factory New),1020.0,1000.0,373,65,0.1743,0.9804,steamdt-live,1069.12,83,1080.0,80,,22,16,9,10,11,0.31445593555415097,68,10000,0
250,M4A1-S | Nightmare (Factory New),1810.0,1760.0,392,68,0.1735,0.9724,steamdt-live,1865.49,73,1837.63,73,,22,16,9,10,11,0.39363484087102174,68,10000,0
251,★ Driver Gloves | Crimson Weave (Minimal Wear),7999.9,7580.0,160,23,0.1437,0.9475,steamdt-live,8499.0,21,8449.29,33,,18,12,7,20,11,0.4285785714285715,68,10000,0
252,M4A4 | Poseidon (Factory New),9299.5,9410.0,201,28,0.1393,1.0119,steamdt-live,9599.5,113,9686.5,80,,18,20,7,10,13,0.28448872816803883,68,10000,0
253,★ Hydra Gloves | Emerald (Field-Tested),198.0,193.0,125,11,0.088,0.9747,steamdt-live,197.0,101,197.18,637,,12,16,7,20,13,0.2649253731343284,68,10000,0
254,AWP | Black Box (Factory New),163.98,153.0,39,26,0.6667,0.933,steamdt-live,163.48,66,165.9,73,,30,12,4,10,11,0.5913,67,10000,0
255,M4A1-S | Fatal Glitch (Factory New),614.5,580.0,30,16,0.5333,0.9439,steamdt-live,605.21,37,622.0,71,,30,12,4,10,11,0.939479,67,10000,0
256,Desert Eagle | Eastern Enigma (Factory New),418.0,401.0,75,32,0.4267,0.9593,steamdt-live,424.99,63,414.37,131,,30,12,4,10,11,0.6679727564102564,67,10000,0
257,MP9 | Wild Lily (Factory New),16666.0,15560.0,29,9,0.3103,0.9336,steamdt-live,15899.5,24,17137.05,15,,30,12,2,10,13,0.11664536918717705,67,10000,0
258,AWP | BOOM (Factory New),2349.0,2600.0,41,8,0.1951,1.1069,steamdt-live,2649.0,23,2413.69,31,"溢价求购:买一高于卖一,多为定向收特定图案,买一价不可作退出价",22,20,4,10,11,0.18888121546961323,67,10000,0
259,Glock-18 | Water Elemental (Factory New),301.9,295.0,615,74,0.1203,0.9771,steamdt-live,322.0,236,310.25,324,,18,16,12,10,11,0.4382210643840715,67,10000,0
260,Desert Eagle | The Bronze (Factory New),149.0,146.0,575,64,0.1113,0.9799,steamdt-live,150.99,147,148.6,219,,18,16,12,10,11,0.6401937046004842,67,10000,0
261,M4A1-S | Printstream (Factory New),2739.0,3750.0,630,55,0.0873,1.3691,steamdt-live,2746.5,465,2785.66,180,"溢价求购:买一高于卖一,多为定向收特定图案,买一价不可作退出价",12,20,12,10,13,0.14272300469483568,67,10000,0
262,AWP | Electric Hive (Factory New),535.59,531.0,505,39,0.0772,0.9914,steamdt-live,528.3,218,545.03,190,,12,20,12,10,13,0.5094661974577295,67,10000,0
263,★ Hand Wraps | Constrictor (Field-Tested),253.5,276.0,483,24,0.0497,1.0888,steamdt-live,260.0,311,259.8,219,"溢价求购:买一高于卖一,多为定向收特定图案,买一价不可作退出价",5,20,9,20,13,0.29189944134078216,67,10000,0
264,★ Hydra Gloves | Case Hardened (Field-Tested),349.99,370.0,388,14,0.0361,1.0572,steamdt-live,350.0,409,349.5,168,"溢价求购:买一高于卖一,多为定向收特定图案,买一价不可作退出价",5,20,9,20,13,0.20658342792281503,67,10000,0
265,M4A4 | Red DDPAT (Factory New),731.99,720.0,178,33,0.1854,0.9836,steamdt-live,776.08,30,760.95,72,,22,16,7,10,11,0.4569807121661721,66,10000,0
266,Desert Eagle | Ocean Drive (Factory New),1638.88,1620.0,234,37,0.1581,0.9885,steamdt-live,1700.0,45,1666.15,76,,22,16,7,10,11,0.3547716535433071,66,10000,0
267,M4A4 | Global Offensive (Factory New),316.5,312.0,337,45,0.1335,0.9858,steamdt-live,330.0,83,324.98,142,,18,16,9,10,13,0.49361022364217255,66,10000,0
268,Glock-18 | Bullet Queen (Factory New),755.0,742.0,454,58,0.1278,0.9828,steamdt-live,798.0,85,790.0,134,,18,16,9,10,13,0.3602378929481733,66,10000,0
269,FAMAS | Styx (Factory New),654.0,647.0,371,47,0.1267,0.9893,steamdt-live,677.55,75,676.66,70,,18,16,9,10,13,0.24697754749568224,66,10000,0
270,FAMAS | Waters of Nephthys (Factory New),997.0,1120.0,168,21,0.125,1.1234,steamdt-live,1059.0,57,1030.0,58,"溢价求购:买一高于卖一,多为定向收特定图案,买一价不可作退出价",18,20,7,10,11,0.39188777066178715,66,10000,0
271,Desert Eagle | Golden Koi (Factory New),1420.0,1380.0,497,59,0.1187,0.9718,steamdt-live,1461.07,161,1435.11,138,,18,16,9,10,13,0.32041158171811435,66,10000,0
272,Tec-9 | Fuel Injector (Factory New),286.0,276.0,407,48,0.1179,0.965,steamdt-live,289.99,137,288.3,176,,18,16,9,10,13,0.3301950865359845,66,10000,0
273,MP9 | Starlight Protector (Factory New),599.0,830.0,221,26,0.1176,1.3856,steamdt-live,610.0,175,620.13,83,"溢价求购:买一高于卖一,多为定向收特定图案,买一价不可作退出价",18,20,7,10,11,0.17082767792264775,66,10000,0
274,AWP | Silk Tiger (Factory New),3260.0,3160.0,325,37,0.1138,0.9693,steamdt-live,3313.96,68,3270.0,78,,18,16,9,10,13,0.3406868990846469,66,10000,0
275,Desert Eagle | Emerald Jörmungandr (Factory New),2908.5,2800.0,323,36,0.1115,0.9627,steamdt-live,3044.0,102,2989.87,117,,18,16,9,10,13,0.4166081636746565,66,10000,0
276,USP-S | Printstream (Factory New),636.29,633.0,492,48,0.0976,0.9948,steamdt-live,639.0,386,663.33,155,,12,20,9,10,15,0.2185857444613647,66,10000,0
277,AWP | Fade (Factory New),4250.0,4550.0,487,36,0.0739,1.0706,steamdt-live,4316.0,334,4329.5,178,"溢价求购:买一高于卖一,多为定向收特定图案,买一价不可作退出价",12,20,9,10,15,0.3055555555555556,66,10000,0
278,AWP | Sun in Leo (Factory New),494.49,487.0,1135,76,0.067,0.9849,steamdt-live,517.55,437,502.27,303,,12,16,15,10,13,0.23689814814814814,66,10000,0
279,AK-47 | Cartel (Factory New),334.0,326.0,904,60,0.0664,0.976,steamdt-live,334.0,277,339.99,247,,12,16,15,10,13,0.31558023729994467,66,10000,0
280,Glock-18 | Ghost Protocol (Factory New),3435.0,3280.0,8,23,2.875,0.9549,steamdt-live,3430.0,8,3526.4,19,,30,12,2,10,11,0.6178353884430302,65,10000,0
281,AWP | Sovereign Flame (Factory New),2998.0,2830.0,24,30,1.25,0.944,steamdt-live,3050.0,15,3017.91,46,,30,12,2,10,11,0.6668888888888889,65,10000,0
282,M4A1-S | Knight (Factory New),16500.0,15130.0,18,6,0.3333,0.917,steamdt-live,16200.0,15,16400.0,31,,30,8,2,10,15,0.20588235294117652,65,10000,0
283,FAMAS | Roll Cage (Factory New),894.5,847.0,95,23,0.2421,0.9469,steamdt-live,917.0,44,913.2,65,,26,12,4,10,13,0.29578019209573303,65,10000,0
284,Desert Eagle | Crimson Web (Factory New),900.0,870.0,91,18,0.1978,0.9667,steamdt-live,923.13,54,914.04,56,,22,16,4,10,13,0.32228915662650603,65,10000,0
285,M4A1-S | Blue Phosphor (Factory New),3540.0,3530.0,520,33,0.0635,0.9972,steamdt-live,3575.0,316,3603.72,149,,12,20,12,10,11,0.170668853227129,65,10000,0
286,Desert Eagle | Directive (Factory New),594.0,562.0,122,35,0.2869,0.9461,steamdt-live,639.5,21,615.0,37,,26,12,7,10,9,0.09558823529411764,64,10000,0
287,AK-47 | Hydroponic (Factory New),25397.77,24900.0,227,33,0.1454,0.9804,steamdt-live,25555.0,123,25996.0,72,,18,16,7,10,13,0.2945063888888889,64,10000,0
288,M4A4 | The Coalition (Factory New),7300.0,7080.0,319,46,0.1442,0.9699,steamdt-live,7700.0,39,7682.07,63,,18,16,9,10,11,0.42679910486435557,64,10000,0
289,USP-S | Orange Anolis (Factory New),421.5,415.0,254,36,0.1417,0.9846,steamdt-live,507.98,69,434.52,115,,18,16,9,10,11,0.4431968295904888,64,10000,0
290,USP-S | Caiman (Factory New),475.0,458.0,237,33,0.1392,0.9642,steamdt-live,479.95,45,474.72,94,,18,16,7,10,13,0.3722627737226277,64,10000,0
291,USP-S | Kill Confirmed (Factory New),1578.49,1540.0,267,35,0.1311,0.9756,steamdt-live,1602.67,109,1586.88,80,,18,16,9,10,11,0.18023606175841078,64,10000,0
292,Five-SeveN | Fowl Play (Factory New),423.44,411.0,152,19,0.125,0.9706,steamdt-live,453.98,55,420.0,54,,18,16,7,10,13,0.4226804123711341,64,10000,0
293,Desert Eagle | Naga (Factory New),179.48,173.0,298,37,0.1242,0.9639,steamdt-live,179.0,61,184.21,111,,18,16,9,10,11,0.4993584379358438,64,10000,0
294,M4A1-S | Briefing (Factory New),385.5,377.0,283,34,0.1201,0.978,steamdt-live,399.89,56,393.0,107,,18,16,9,10,11,0.46309192200557103,64,10000,0
295,USP-S | Whiteout (Factory New),2678.5,2610.0,152,17,0.1118,0.9744,steamdt-live,2743.03,57,2870.32,48,,18,16,7,10,13,0.3500889529585899,64,10000,0
296,AWP | CMYK (Factory New),3920.0,3830.0,287,32,0.1115,0.977,steamdt-live,4077.44,87,4001.94,79,,18,16,9,10,11,0.4555177442877978,64,10000,0
297,M4A1-S | Atomic Alloy (Factory New),1019.4,990.0,477,53,0.1111,0.9712,steamdt-live,1031.57,96,1038.0,101,,18,16,9,10,11,0.14095023005747231,64,10000,0
298,Desert Eagle | Kumicho Dragon (Factory New),452.99,436.0,472,52,0.1102,0.9625,steamdt-live,471.38,106,464.44,143,,18,16,9,10,11,0.35123096973776546,64,10000,0
299,MP9 | Hot Rod (Factory New),1308.0,1280.0,251,26,0.1036,0.9786,steamdt-live,1331.5,126,1336.1,132,,18,16,9,10,11,0.12214765100671143,64,10000,0
300,M4A1-S | Hot Rod (Factory New),8499.0,8630.0,343,34,0.0991,1.0154,steamdt-live,8588.0,181,8695.0,126,,12,20,9,10,13,0.30958570268074737,64,10000,0
301,AWP | Ice Coaled (Factory New),177.0,176.0,353,34,0.0963,0.9944,steamdt-live,187.4,238,186.88,129,,12,20,9,10,13,0.2202643171806168,64,10000,0
302,M4A1-S | Leaded Glass (Factory New),302.5,296.0,1120,101,0.0902,0.9785,steamdt-live,315.3,196,309.66,202,,12,16,15,10,11,0.3563829787234043,64,10000,0
303,M4A1-S | Electrum (Factory New),37.59,46.3,429,38,0.0886,1.2317,steamdt-live,39.8,456,36.92,203,"溢价求购:买一高于卖一,多为定向收特定图案,买一价不可作退出价",12,20,9,10,13,0.47257142857142853,64,10000,0
304,USP-S | Purple DDPAT (Factory New),179.0,173.0,1075,68,0.0633,0.9665,steamdt-live,179.85,215,182.0,278,,12,16,15,10,11,0.5524888122203055,64,10000,0
305,M4A4 | X-Ray (Factory New),891.0,881.0,1083,67,0.0619,0.9888,steamdt-live,930.0,238,920.99,242,,12,16,15,10,11,0.4375205399802816,64,10000,0
306,AWP | POP AWP (Factory New),225.0,218.0,1305,80,0.0613,0.9689,steamdt-live,236.67,304,231.13,303,,12,16,15,10,11,0.5766618374757757,64,10000,0
307,Tec-9 | Bamboo Forest (Factory New),198.0,193.0,1440,88,0.0611,0.9747,steamdt-live,202.8,297,206.09,250,,12,16,15,10,11,0.5395348837209302,64,10000,0
308,Glock-18 | Ifrit Lattice (Factory New),71.7,67.0,63,17,0.2698,0.9344,steamdt-live,70.9,63,70.1,93,,26,12,4,10,11,0.5864306784660767,63,10000,0
309,M4A1-S | Vaporwave (Factory New),982.5,972.0,524,51,0.0973,0.9893,steamdt-live,980.0,227,989.5,152,,12,16,12,10,13,0.304253785147801,63,10000,0
310,M4A1-S | Basilisk (Factory New),187.76,183.0,546,53,0.0971,0.9746,steamdt-live,197.69,182,191.38,182,,12,16,12,10,13,0.5258585858585858,63,10000,0
311,M4A4 | Spider Lily (Factory New),421.0,416.0,789,73,0.0925,0.9881,steamdt-live,443.01,171,420.0,158,,12,16,12,10,13,0.37725190160580035,63,10000,0
312,USP-S | Monster Mashup (Factory New),509.5,503.0,579,51,0.0881,0.9872,steamdt-live,523.0,138,516.0,178,,12,16,12,10,13,0.41301843317972353,63,10000,0
313,M4A4 | 龍王 (Dragon King) (Factory New),374.0,368.0,780,63,0.0808,0.984,steamdt-live,395.0,188,387.13,177,,12,16,12,10,13,0.2869399428026692,63,10000,0
314,M4A4 | The Battlestar (Factory New),579.0,566.0,670,52,0.0776,0.9775,steamdt-live,604.0,94,586.2,207,,12,16,12,10,13,0.341206990715456,63,10000,0
315,Desert Eagle | Cobalt Disruption (Factory New),627.5,611.0,601,45,0.0749,0.9737,steamdt-live,640.0,272,640.0,217,,12,16,12,10,13,0.4292860391086858,63,10000,0
316,M4A4 | Neo-Noir (Factory New),665.99,656.0,863,57,0.066,0.985,steamdt-live,684.99,250,685.0,197,,12,16,12,10,13,0.24619128466327111,63,10000,0
317,USP-S | Orion (Factory New),637.88,619.0,509,32,0.0629,0.9704,steamdt-live,640.0,184,638.88,238,,12,16,12,10,13,0.38624939817043813,63,10000,0
318,M4A4 | Hellish (Factory New),782.0,757.0,644,40,0.0621,0.968,steamdt-live,805.0,173,799.9,222,,12,16,12,10,13,0.529482551143201,63,10000,0
319,M4A4 | In Living Color (Factory New),585.0,570.0,845,52,0.0615,0.9744,steamdt-live,591.5,158,601.28,214,,12,16,12,10,13,0.27643784786641934,63,10000,0
320,M4A4 | Desert-Strike (Factory New),500.5,486.0,877,53,0.0604,0.971,steamdt-live,511.44,122,514.35,212,,12,16,12,10,13,0.34480953004319936,63,10000,0
321,★ Specialist Gloves | Crimson Kimono (Minimal Wear),17392.0,18230.0,351,21,0.0598,1.0482,steamdt-live,17200.0,344,17452.5,61,,5,20,9,20,9,0.0444444444444444,63,10000,0
322,Glock-18 | Gamma Doppler (Factory New),645.0,2590.0,1675,98,0.0585,4.0155,steamdt-live,670.0,548,671.86,513,"溢价求购:买一高于卖一,多为定向收特定图案,买一价不可作退出价",5,20,15,10,13,0.39635002339728587,63,10000,0
323,M4A1-S | Decimator (Factory New),289.4,287.0,1120,65,0.058,0.9917,steamdt-live,292.85,320,293.59,340,,5,20,15,10,13,0.3776344086021506,63,10000,0
324,M4A1-S | Fade (Factory New),1159.9,1640.0,1791,89,0.0497,1.4139,steamdt-live,1163.5,1413,1162.99,1067,"溢价求购:买一高于卖一,多为定向收特定图案,买一价不可作退出价",5,20,15,10,13,0.445023923444976,63,10000,0
325,Desert Eagle | Heat Treated (Factory New),232.48,3410.0,1484,67,0.0451,14.6679,steamdt-live,237.49,300,235.0,389,"溢价求购:买一高于卖一,多为定向收特定图案,买一价不可作退出价",5,20,15,10,13,0.5503288201160541,63,10000,0
326,AK-47 | Bloodsport (Factory New),1012.0,1010.0,1585,65,0.041,0.998,steamdt-live,1020.99,1092,1015.0,349,,5,20,15,10,13,0.15946843853820603,63,10000,0
327,Tec-9 | Sultan (Factory New),37.0,35.4,152,26,0.1711,0.9568,steamdt-live,37.39,137,35.99,118,,22,12,7,10,11,0.3991652754590984,62,10000,0
328,M4A4 | Daybreak (Factory New),4410.0,4320.0,171,24,0.1404,0.9796,steamdt-live,4757.8,49,4418.49,54,,18,16,7,10,11,0.5206521739130434,62,10000,0
329,MP9 | Deadly Poison (Factory New),58.6,57.0,194,26,0.134,0.9727,steamdt-live,54.49,73,57.45,37,,18,16,7,10,11,0.3208276205908015,62,10000,0
330,USP-S | Pathfinder (Factory New),212.47,205.0,143,19,0.1329,0.9648,steamdt-live,213.46,79,217.29,96,,18,16,7,10,11,0.6065370370370371,62,10000,0
331,USP-S | Road Rash (Factory New),975.0,945.0,162,21,0.1296,0.9692,steamdt-live,999.75,56,982.9,60,,18,16,7,10,11,0.2750390363595807,62,10000,0
332,FAMAS | Commemoration (Factory New),391.49,374.0,340,40,0.1176,0.9553,steamdt-live,385.3,180,396.4,119,,18,12,9,10,13,0.3470487552746191,62,10000,0
333,MP9 | Airlock (Factory New),168.2,160.0,261,28,0.1073,0.9512,steamdt-live,163.2,99,165.83,112,,18,12,9,10,13,0.4065022910757147,62,10000,0
334,Five-SeveN | Case Hardened (Factory New),241.0,400.0,232,21,0.0905,1.6598,steamdt-live,241.6,148,247.0,110,"溢价求购:买一高于卖一,多为定向收特定图案,买一价不可作退出价",12,20,7,10,13,0.44082229286062324,62,10000,0
335,Glock-18 | Wasteland Rebel (Factory New),768.5,761.0,457,39,0.0853,0.9902,steamdt-live,810.0,89,783.0,161,,12,20,9,10,11,0.17087433108924566,62,10000,0
336,AWP | Chrome Cannon (Factory New),440.0,426.0,377,32,0.0849,0.9682,steamdt-live,445.0,304,451.55,158,,12,16,9,10,15,0.2465753424657534,62,10000,0
337,P250 | See Ya Later (Factory New),699.0,688.0,282,20,0.0709,0.9843,steamdt-live,720.0,107,709.22,87,,12,16,9,10,15,0.20971407251636542,62,10000,0
338,P250 | Steel Disruption (Factory New),34.28,34.1,273,19,0.0696,0.9947,steamdt-live,40.72,121,34.49,109,,12,20,9,10,11,0.7082553191489361,62,10000,0
339,AK-47 | Inheritance (Factory New),712.0,709.0,845,50,0.0592,0.9958,steamdt-live,715.0,699,716.29,237,,5,20,12,10,15,0.22185792349726774,62,10000,0
340,M4A4 | Temukau (Factory New),636.9,633.0,777,36,0.0463,0.9939,steamdt-live,638.0,644,659.4,300,,5,20,12,10,15,0.21756756756756757,62,10000,0
341,AK-47 | AUTOEXEC (Factory New),4694.5,4240.0,20,33,1.65,0.9032,steamdt-live,4688.0,16,4729.5,32,,30,8,2,10,11,0.5987527784743876,61,10000,0
342,AWP | The End (Factory New),310.48,280.0,62,17,0.2742,0.9018,steamdt-live,290.0,75,313.5,144,,26,8,4,10,13,0.5025302341538727,61,10000,0
343,USP-S | Ancient Visions (Factory New),302.98,277.0,63,13,0.2063,0.9143,steamdt-live,312.0,28,304.97,70,,26,8,4,10,13,0.41508523330566227,61,10000,0
344,Glock-18 | Gold Toof (Factory New),898.0,883.0,563,53,0.0941,0.9833,steamdt-live,955.0,70,939.99,158,,12,16,12,10,11,0.49085280045032365,61,10000,0
345,Glock-18 | Ramese's Reach (Factory New),422.5,408.0,533,47,0.0882,0.9657,steamdt-live,439.79,106,432.0,202,,12,16,12,10,11,0.41804407713498626,61,10000,0
346,M4A4 | Hellfire (Factory New),2121.0,2090.0,641,55,0.0858,0.9854,steamdt-live,2177.35,69,2151.55,108,,12,16,12,10,11,0.37973387922210855,61,10000,0
347,Desert Eagle | Night Heist (Factory New),576.5,562.0,781,63,0.0807,0.9748,steamdt-live,629.0,88,578.97,156,,12,16,12,10,11,0.5114406779661017,61,10000,0
348,USP-S | Lead Conduit (Factory New),87.3,84.0,541,34,0.0628,0.9622,steamdt-live,86.77,100,90.73,104,,12,16,12,10,11,0.5860781309842973,61,10000,0
349,M4A4 | Magnesium (Factory New),39.7,39.4,1357,56,0.0413,0.9924,steamdt-live,40.08,529,39.84,284,,5,20,15,10,11,0.7353333333333334,61,10000,0
350,Desert Eagle | Printstream (Factory New),463.9,460.0,1260,47,0.0373,0.9916,steamdt-live,467.0,941,473.06,460,,5,20,15,10,11,0.1738201246660731,61,10000,0
351,Tec-9 | Toxic (Factory New),173.49,163.0,256,38,0.1484,0.9395,steamdt-live,175.0,83,172.99,114,,18,12,9,10,11,0.5043124444826499,60,10000,0
352,Glock-18 | Royal Legion (Factory New),253.5,243.0,395,53,0.1342,0.9586,steamdt-live,270.0,55,257.32,116,,18,12,9,10,11,0.4341517857142857,60,10000,0
353,USP-S | Serum (Factory New),647.49,617.0,172,23,0.1337,0.9529,steamdt-live,728.79,39,654.65,78,,18,12,7,10,13,0.24827906976744185,60,10000,0
354,MP9 | Hydra (Factory New),272.4,260.0,120,16,0.1333,0.9545,steamdt-live,274.69,69,276.36,83,,18,12,7,10,13,0.2597222599668453,60,10000,0
355,M4A4 | Full Throttle (Factory New),1219.0,1170.0,238,30,0.1261,0.9598,steamdt-live,1240.0,140,1253.8,103,,18,12,7,10,13,0.1436599929750615,60,10000,0
356,M4A4 | Dark Blossom (Factory New),348.99,330.0,243,29,0.1193,0.9456,steamdt-live,350.0,85,348.59,121,,18,12,7,10,13,0.48010439970171515,60,10000,0
357,Five-SeveN | Angry Mob (Factory New),467.9,448.0,244,29,0.1189,0.9575,steamdt-live,469.5,85,470.5,121,,18,12,7,10,13,0.2531524341580208,60,10000,0
358,Galil AR | Cerberus (Factory New),1074.5,1020.0,276,30,0.1087,0.9493,steamdt-live,1119.41,65,1089.5,95,,18,12,9,10,11,0.352710843373494,60,10000,0
359,FAMAS | Eye of Athena (Factory New),214.99,204.0,310,32,0.1032,0.9489,steamdt-live,248.88,88,205.0,100,,18,12,9,10,11,0.5019557027331846,60,10000,0
360,Glock-18 | Twilight Galaxy (Factory New),3200.0,3070.0,297,30,0.101,0.9594,steamdt-live,3362.33,70,3250.0,112,,18,12,9,10,11,0.44386513729579424,60,10000,0
361,AWP | Gungnir (Factory New),77680.0,91220.0,132,13,0.0985,1.1743,steamdt-live,78222.0,169,78499.0,37,"溢价求购:买一高于卖一,多为定向收特定图案,买一价不可作退出价",12,20,7,10,11,0.08071005917159768,60,10000,0
362,AWP | Elite Build (Factory New),463.8,450.0,388,35,0.0902,0.9702,steamdt-live,485.78,78,473.33,128,,12,16,9,10,13,0.381187458305537,60,10000,0
363,Galil AR | Phoenix Blacklight (Factory New),988.99,961.0,446,37,0.083,0.9717,steamdt-live,1005.85,136,993.93,123,,12,16,9,10,13,0.35296696107294734,60,10000,0
364,Glock-18 | Snack Attack (Factory New),725.0,704.0,362,29,0.0801,0.971,steamdt-live,759.49,72,741.99,94,,12,16,9,10,13,0.4120032441200324,60,10000,0
365,USP-S | Neo-Noir (Factory New),695.0,680.0,482,38,0.0788,0.9784,steamdt-live,713.0,208,697.5,171,,12,16,9,10,13,0.14197530864197527,60,10000,0
366,M4A1-S | Moss Quartz (Factory New),518.44,506.0,481,37,0.0769,0.976,steamdt-live,547.9,131,533.52,186,,12,16,9,10,13,0.4458756820370172,60,10000,0
367,AK-47 | Nouveau Rouge (Factory New),363.3,353.0,429,31,0.0723,0.9716,steamdt-live,367.5,309,372.8,181,,12,16,9,10,13,0.4568694872178203,60,10000,0
368,Galil AR | Sugar Rush (Factory New),924.5,904.0,320,21,0.0656,0.9778,steamdt-live,969.9,69,952.17,88,,12,16,9,10,13,0.45640669833952685,60,10000,0
369,Glock-18 | Dragon Tattoo (Factory New),539.5,519.0,356,22,0.0618,0.962,steamdt-live,549.5,240,553.59,240,,12,16,9,10,13,0.35,60,10000,0
370,Five-SeveN | Berries And Cherries (Factory New),587.0,575.0,283,17,0.0601,0.9796,steamdt-live,600.0,135,596.18,132,,12,16,9,10,13,0.37084673097534837,60,10000,0
371,AK-47 | Nightwish (Factory New),769.0,1120.0,658,38,0.0578,1.4564,steamdt-live,779.99,206,796.5,146,"溢价求购:买一高于卖一,多为定向收特定图案,买一价不可作退出价",5,20,12,10,13,0.14555555555555555,60,10000,0
372,AWP | Graphite (Factory New),870.5,932.0,585,32,0.0547,1.0706,steamdt-live,880.0,429,887.0,280,"溢价求购:买一高于卖一,多为定向收特定图案,买一价不可作退出价",5,20,12,10,13,0.3301269719122739,60,10000,0
373,AK-47 | Vulcan (Factory New),3637.0,5650.0,846,42,0.0496,1.5535,steamdt-live,3633.5,691,3735.0,167,"溢价求购:买一高于卖一,多为定向收特定图案,买一价不可作退出价",5,20,12,10,13,0.13488095238095243,60,10000,0
374,AK-47 | Legion of Anubis (Factory New),345.45,343.0,757,35,0.0462,0.9929,steamdt-live,342.5,330,353.99,260,,5,20,12,10,13,0.16422645192776963,60,10000,0
375,P250 | Lotus Imprint (Factory New),84.2,77.0,72,16,0.2222,0.9145,steamdt-live,84.45,77,84.8,77,,26,8,4,10,11,0.579,59,0,0
376,P250 | Mehndi (Factory New),199.5,178.0,34,6,0.1765,0.8922,steamdt-live,195.5,44,195.0,72,,22,8,4,10,15,0.33385713797697536,59,0,0
377,Five-SeveN | Hyper Beast (Factory New),2646.27,2450.0,39,6,0.1538,0.9258,steamdt-live,2846.09,33,2654.78,49,,22,8,4,10,15,0.21650964903450443,59,0,0
378,USP-S | Royal Blue (Factory New),599.9,560.0,48,6,0.125,0.9335,steamdt-live,630.0,40,630.0,41,,18,12,4,10,15,0.3583957219251337,59,0,0
379,Galil AR | Chromatic Aberration (Factory New),128.9,120.0,622,41,0.0659,0.931,steamdt-live,128.94,187,125.58,202,,12,12,12,10,13,0.5314179104477612,59,0,0
380,Glock-18 | Shinobu (Factory New),124.11,122.0,939,54,0.0575,0.983,steamdt-live,119.0,370,125.61,209,,5,16,15,10,13,0.40011090386651205,59,0,0
381,AK-47 | Point Disarray (Factory New),424.5,411.0,1066,52,0.0488,0.9682,steamdt-live,438.8,332,438.0,271,,5,16,15,10,13,0.3346394984326019,59,0,0
382,AWP | Neo-Noir (Factory New),318.18,311.0,1020,49,0.048,0.9774,steamdt-live,316.77,632,324.97,285,,5,16,15,10,13,0.20261881424514316,59,0,0
383,M4A1-S | Liquidation (Factory New),63.0,61.0,1196,37,0.0309,0.9683,steamdt-live,61.39,566,62.6,288,,5,16,15,10,13,0.2685284640171859,59,0,0
384,AK-47 | Phantom Disruptor (Factory New),141.99,138.0,1568,48,0.0306,0.9719,steamdt-live,142.49,318,144.0,553,,5,16,15,10,13,0.43610007942811757,59,0,0
385,AK-47 | Searing Rage (Factory New),118.9,115.0,1437,35,0.0244,0.9672,steamdt-live,117.98,407,121.37,267,,5,16,15,10,13,0.40390056588520606,59,0,0
386,AWP | Duality (Factory New),64.86,63.0,1014,24,0.0237,0.9713,steamdt-live,64.5,631,66.43,523,,5,16,15,10,13,0.4921259842519685,59,0,0
387,M4A4 | Tooth Fairy (Factory New),89.0,88.0,1598,36,0.0225,0.9888,steamdt-live,87.78,418,92.0,561,,5,16,15,10,13,0.3897222222222223,59,0,0
388,AK-47 | Ice Coaled (Factory New),89.6,87.0,1708,38,0.0222,0.971,steamdt-live,89.6,1231,90.97,726,,5,16,15,10,13,0.2528975235554074,59,0,0
389,M4A4 | Polysoup (Factory New),138.5,134.0,1271,28,0.022,0.9675,steamdt-live,144.99,312,146.93,425,,5,16,15,10,13,0.45256916996047436,59,0,0
390,M4A1-S | Black Lotus (Factory New),73.9,72.0,1507,29,0.0192,0.9743,steamdt-live,75.0,1054,75.96,604,,5,16,15,10,13,0.33110065170166547,59,0,0
391,AK-47 | Slate (Factory New),91.5,90.0,1985,26,0.0131,0.9836,steamdt-live,91.5,1371,94.2,709,,5,16,15,10,13,0.3171641791044776,59,0,0
392,AK-47 | Jet Set (Factory New),6445.91,4280.0,10,5,0.5,0.664,steamdt-live,7990.0,6,6358.11,13,,30,1,2,10,15,0.20374326862867886,58,0,0
393,AK-47 | Panthera onca (Factory New),2300.0,2250.0,113,11,0.0973,0.9783,steamdt-live,2406.38,32,2364.0,59,,12,16,7,10,13,0.3419170243204578,58,0,0
394,M4A4 | Griffin (Factory New),554.26,541.0,483,46,0.0952,0.9761,steamdt-live,570.89,44,554.0,136,,12,16,9,10,11,0.5857727133382682,58,0,0
395,Glock-18 | Mirror Mosaic (Factory New),148.88,145.0,362,33,0.0912,0.9739,steamdt-live,159.9,212,156.0,158,,12,16,9,10,11,0.1995698924731183,58,0,0
396,USP-S | Blood Tiger (Factory New),101.3,99.0,345,31,0.0899,0.9773,steamdt-live,100.8,71,100.26,147,,12,16,9,10,11,0.588477366255144,58,0,0
397,USP-S | Cortex (Factory New),178.39,172.0,439,38,0.0866,0.9642,steamdt-live,181.99,155,181.4,222,,12,16,9,10,11,0.4434009360374416,58,0,0
398,Glock-18 | Franklin (Factory New),748.0,730.0,440,38,0.0864,0.9759,steamdt-live,800.0,84,780.0,155,,12,16,9,10,11,0.420873335397956,58,0,0
399,USP-S | Blueprint (Factory New),674.0,652.0,196,16,0.0816,0.9674,steamdt-live,669.5,92,680.83,81,,12,16,7,10,13,0.37312734082397003,58,0,0
400,USP-S | Sleeping Potion (Factory New),47.98,47.0,253,20,0.0791,0.9796,steamdt-live,48.5,172,48.92,93,,12,16,9,10,11,0.4127294981640147,58,0,0
401,Glock-18 | Steel Disruption (Factory New),240.0,237.0,381,28,0.0735,0.9875,steamdt-live,253.2,70,247.5,105,,12,16,9,10,11,0.497907949790795,58,0,0
402,Glock-18 | Warhawk (Factory New),42.78,42.0,403,28,0.0695,0.9818,steamdt-live,42.81,68,43.51,238,,12,16,9,10,11,0.670923076923077,58,0,0
403,P250 | Wingshot (Factory New),39.27,38.8,250,16,0.064,0.988,steamdt-live,48.57,130,41.31,132,,12,16,9,10,11,0.711985294117647,58,0,0
404,FAMAS | Valence (Factory New),191.61,184.0,265,16,0.0604,0.9603,steamdt-live,195.0,84,194.28,127,,12,16,9,10,11,0.40121874999999996,58,0,0
405,Glock-18 | Pink DDPAT (Factory New),480.0,401.0,22,5,0.2273,0.8354,steamdt-live,510.0,15,509.16,35,,26,4,2,10,15,0.2992700729927007,57,0,0
406,AK-47 | Fire Serpent (Factory New),14850.0,13550.0,59,11,0.1864,0.9125,steamdt-live,15188.0,52,15300.0,38,,22,8,4,10,13,0.12026066350710896,57,0,0
407,Five-SeveN | Retrobution (Factory New),70.78,66.0,502,38,0.0757,0.9325,steamdt-live,69.8,129,70.46,97,,12,12,12,10,11,0.689086859688196,57,0,0
408,Galil AR | Amber Fade (Factory New),116.0,111.0,520,36,0.0692,0.9569,steamdt-live,115.0,129,118.5,186,,12,12,12,10,11,0.5891096184078891,57,0,0
409,USP-S | Black Lotus (Factory New),175.47,168.0,619,42,0.0679,0.9574,steamdt-live,169.99,129,173.81,180,,12,12,12,10,11,0.534046052631579,57,0,0
410,Galil AR | Black Sand (Factory New),86.9,83.0,580,36,0.0621,0.9551,steamdt-live,86.8,207,88.0,102,,12,12,12,10,11,0.6146666666666667,57,0,0
411,USP-S | Cyrex (Factory New),233.0,229.0,3027,170,0.0562,0.9828,steamdt-live,227.5,438,232.84,452,,5,16,15,10,11,0.6130952380952381,57,0,0
412,Desert Eagle | Conspiracy (Factory New),143.79,140.0,1432,72,0.0503,0.9736,steamdt-live,144.53,799,147.6,277,,5,16,15,10,11,0.4346988520207581,57,0,0
413,AWP | Black Nile (Factory New),102.15,100.0,1062,52,0.049,0.979,steamdt-live,105.87,249,103.33,375,,5,16,15,10,11,0.5558695652173913,57,0,0
414,AK-47 | Blue Laminate (Factory New),182.71,180.0,1241,56,0.0451,0.9852,steamdt-live,183.98,654,188.71,377,,5,16,15,10,11,0.5775491329479769,57,0,0
415,Glock-18 | Nuclear Garden (Factory New),273.0,270.0,2738,117,0.0427,0.989,steamdt-live,270.94,256,274.86,300,,5,16,15,10,11,0.6073333333333333,57,0,0
416,Desert Eagle | Sputnik (Factory New),59.0,57.0,2049,87,0.0425,0.9661,steamdt-live,60.0,489,62.12,507,,5,16,15,10,11,0.6681851414431135,57,0,0
417,AWP | Fever Dream (Factory New),114.8,113.0,1169,49,0.0419,0.9843,steamdt-live,115.5,443,118.49,483,,5,16,15,10,11,0.5216666666666667,57,0,0
418,AWP | Mortis (Factory New),74.8,73.0,1056,40,0.0379,0.9759,steamdt-live,77.0,323,77.9,411,,5,16,15,10,11,0.5930580490724118,57,0,0
419,M4A1-S | Nitro (Factory New),76.78,74.0,1386,52,0.0375,0.9638,steamdt-live,77.0,461,76.6,326,,5,16,15,10,11,0.6437209302325582,57,0,0
420,AK-47 | Safety Net (Factory New),83.99,81.0,1908,70,0.0367,0.9644,steamdt-live,84.0,382,85.7,501,,5,16,15,10,11,0.6299510948583513,57,0,0
421,AWP | Phobos (Factory New),38.99,38.2,1384,44,0.0318,0.9797,steamdt-live,36.8,381,40.0,518,,5,16,15,10,11,0.7125987330882928,57,0,0
422,Glock-18 | Green Line (Factory New),42.0,40.6,1523,48,0.0315,0.9667,steamdt-live,43.4,261,41.81,514,,5,16,15,10,11,0.7657303370786517,57,0,0
423,Tec-9 | Re-Entry (Factory New),45.0,43.9,900,27,0.03,0.9756,steamdt-live,42.99,212,45.0,231,,5,16,15,10,11,0.5866346153846154,57,0,0
424,FAMAS | Survivor Z (Factory New),29.4,28.5,1182,35,0.0296,0.9694,steamdt-live,31.9,215,31.87,294,,5,16,15,10,11,0.6730812013348164,57,0,0
425,Galil AR | Blue Titanium (Factory New),121.9,118.0,1008,29,0.0288,0.968,steamdt-live,127.52,116,126.96,225,,5,16,15,10,11,0.5432404076738608,57,0,0
426,M4A1-S | Fizzy POP (Factory New),78.39,77.0,2479,64,0.0258,0.9823,steamdt-live,78.99,490,80.97,409,,5,16,15,10,11,0.6328337236533959,57,0,0
427,AK-47 | Crossfade (Factory New),25.9,25.3,2747,47,0.0171,0.9768,steamdt-live,27.6,1188,26.34,1027,,5,16,15,10,11,0.49015748031496065,57,0,0
428,AK-47 | Red Laminate (Factory New),3037.99,1540.0,7,6,0.8571,0.5069,steamdt-live,4000.0,8,3292.92,6,,30,1,2,10,13,0.1455327359355576,56,0,0
429,M4A4 | Radiation Hazard (Factory New),2444.0,1930.0,9,5,0.5556,0.7897,steamdt-live,2399.0,7,2347.0,12,,30,1,2,10,13,0.2941353383458647,56,0,0
430,USP-S | Para Green (Factory New),247.99,229.0,183,24,0.1311,0.9234,steamdt-live,257.99,91,245.42,96,,18,8,7,10,13,0.4901740828451535,56,0,0
431,Glock-18 | Reactor (Factory New),500.0,450.0,216,27,0.125,0.9,steamdt-live,558.0,52,500.9,99,,18,8,7,10,13,0.2922758991634701,56,0,0
432,FAMAS | Djinn (Factory New),239.64,235.0,143,12,0.0839,0.9806,steamdt-live,237.13,43,238.05,127,,12,16,7,10,11,0.5426879833375118,56,0,0
433,AK-47 | Baroque Purple (Factory New),413.3,396.0,295,24,0.0814,0.9581,steamdt-live,400.0,94,419.93,161,,12,12,9,10,13,0.40094650452285396,56,0,0
434,AK-47 | Green Laminate (Factory New),274.4,260.0,331,26,0.0785,0.9475,steamdt-live,269.4,126,280.0,142,,12,12,9,10,13,0.4285229418128593,56,0,0
435,MP9 | Dart (Factory New),18.18,17.5,131,10,0.0763,0.9626,steamdt-live,18.57,92,18.13,162,,12,16,7,10,11,0.6661141804788213,56,0,0
436,AWP | LongDog (Factory New),2940.0,2810.0,349,26,0.0745,0.9558,steamdt-live,3020.0,135,3030.0,172,,12,12,9,10,13,0.5531914893617021,56,0,0
437,FAMAS | Rapid Eye Movement (Factory New),107.45,102.0,342,24,0.0702,0.9493,steamdt-live,108.0,154,110.16,150,,12,12,9,10,13,0.4218918918918919,56,0,0
438,USP-S | Jawbreaker (Factory New),106.8,102.0,421,29,0.0689,0.9551,steamdt-live,109.0,226,113.0,187,,12,12,9,10,13,0.3972911963882618,56,0,0
439,M4A1-S | Party Animal (Factory New),161.9,153.0,375,24,0.064,0.945,steamdt-live,162.0,259,162.8,484,,12,12,9,10,13,0.5617691641403204,56,0,0
440,M4A1-S | Icarus Fell (Factory New),2938.5,2890.0,598,28,0.0468,0.9835,steamdt-live,2998.9,394,2970.0,187,,5,16,12,10,13,0.24401852328273732,56,0,0
441,AWP | Crakow! (Factory New),512.5,501.0,748,35,0.0468,0.9776,steamdt-live,516.5,368,526.9,239,,5,16,12,10,13,0.4244806288601909,56,0,0
442,AWP | Lightning Strike (Factory New),3007.0,2970.0,585,27,0.0462,0.9877,steamdt-live,3049.0,468,3032.49,158,,5,16,12,10,13,0.14100000000000001,56,0,0
443,Desert Eagle | Blaze (Factory New),4033.1,3990.0,506,15,0.0296,0.9893,steamdt-live,4060.0,433,4087.22,118,,5,16,12,10,13,0.1760776302349336,56,0,0
444,Tec-9 | Orange Murano (Factory New),91.99,83.0,62,11,0.1774,0.9023,steamdt-live,96.62,23,97.23,22,,22,8,4,10,11,0.29238461538461546,55,0,0
445,Glock-18 | Blue Fissure (Factory New),220.99,201.0,51,7,0.1373,0.9095,steamdt-live,258.5,26,219.16,60,,18,8,4,10,15,0.26096779632439726,55,0,0
446,Galil AR | CAUTION! (Factory New),420.0,404.0,53,5,0.0943,0.9619,steamdt-live,459.52,31,428.66,49,,12,16,4,10,13,0.28449744463373083,55,0,0
447,AK-47 | The Outsiders (Factory New),377.0,356.0,976,43,0.0441,0.9443,steamdt-live,397.31,174,399.99,301,,5,12,15,10,13,0.48630603624472,55,0,0
448,Desert Eagle | Mulberry (Factory New),82.0,78.0,1043,33,0.0316,0.9512,steamdt-live,77.89,536,82.0,281,,5,12,15,10,13,0.4186445738169876,55,0,0
449,M4A4 | Turbine (Factory New),84.5,80.0,1159,34,0.0293,0.9467,steamdt-live,84.62,232,85.5,293,,5,12,15,10,13,0.5666666666666667,55,0,0
450,Galil AR | Rainbow Spoon (Factory New),172.42,161.0,937,26,0.0277,0.9338,steamdt-live,170.0,395,173.96,633,,5,12,15,10,13,0.5717884130982368,55,0,0
451,M4A4 | Evil Daimyo (Factory New),57.7,55.0,1766,46,0.026,0.9532,steamdt-live,55.8,922,56.99,697,,5,12,15,10,13,0.40837751855779425,55,0,0
452,AK-47 | Midnight Laminate (Factory New),81.9,78.0,1538,31,0.0202,0.9524,steamdt-live,81.9,1025,85.88,712,,5,12,15,10,13,0.42723267361353945,55,0,0
453,USP-S | Royal Guard (Factory New),29.98,28.4,1108,22,0.0199,0.9473,steamdt-live,28.9,740,30.39,715,,5,12,15,10,13,0.4802158273381295,55,0,0
454,M4A1-S | Solitude (Factory New),76.29,73.0,4858,38,0.0078,0.9569,steamdt-live,76.88,2631,79.09,2137,,5,12,15,10,13,0.5336851147380046,55,0,0
455,Desert Eagle | Hand Cannon (Factory New),2729.78,2160.0,19,7,0.3684,0.7913,steamdt-live,2978.5,30,2577.43,33,,30,1,2,10,11,0.19024879123088667,54,0,0
456,P250 | Hive (Factory New),55.38,50.0,161,20,0.1242,0.9029,steamdt-live,46.98,84,48.13,135,,18,8,7,10,11,0.8322142857142857,54,0,0
457,Five-SeveN | Triumvirate (Factory New),86.8,80.0,214,24,0.1121,0.9217,steamdt-live,85.96,168,86.81,211,,18,8,7,10,11,0.8696548796021107,54,0,0
458,Galil AR | Vandal (Factory New),76.4,72.0,264,26,0.0985,0.9424,steamdt-live,76.7,89,76.35,78,,12,12,9,10,11,0.6636563876651982,54,0,0
459,Desert Eagle | Light Rail (Factory New),79.27,75.0,441,42,0.0952,0.9461,steamdt-live,73.0,161,76.25,193,,12,12,9,10,11,0.6010928961748634,54,0,0
460,Tec-9 | Snek-9 (Factory New),29.89,28.6,389,37,0.0951,0.9568,steamdt-live,29.7,97,29.32,113,,12,12,9,10,11,0.6742222222222223,54,0,0
461,AK-47 | Rat Rod (Factory New),519.0,496.0,486,46,0.0947,0.9557,steamdt-live,530.0,45,519.16,134,,12,12,9,10,11,0.3965116279069767,54,0,0
462,AWP | Chromatic Aberration (Factory New),448.0,427.0,268,25,0.0933,0.9531,steamdt-live,447.5,180,459.79,180,,12,12,9,10,11,0.18488160291438982,54,0,0
463,Tec-9 | Whiteout (Factory New),1219.5,1150.0,163,15,0.092,0.943,steamdt-live,1238.29,69,1223.85,106,,12,12,7,10,13,0.5541133455210238,54,0,0
464,AK-47 | Breakthrough (Factory New),59.4,57.0,381,33,0.0866,0.9596,steamdt-live,58.39,379,59.44,258,,12,12,9,10,11,0.46670928851949944,54,0,0
465,Galil AR | Stone Cold (Factory New),137.5,130.0,351,28,0.0798,0.9455,steamdt-live,142.98,139,138.75,129,,12,12,9,10,11,0.587087087087087,54,0,0
466,Tec-9 | Avalanche (Factory New),71.98,68.0,458,36,0.0786,0.9447,steamdt-live,76.24,160,74.9,152,,12,12,9,10,11,0.5493134365790959,54,0,0
467,Five-SeveN | Anodized Gunmetal (Factory New),87.27,82.0,146,11,0.0753,0.9396,steamdt-live,94.5,64,90.39,94,,12,12,7,10,13,0.5379606099110547,54,0,0
468,Five-SeveN | Buddy (Factory New),25.47,23.8,444,33,0.0743,0.9344,steamdt-live,23.19,149,24.16,164,,12,12,9,10,11,0.7361774744027304,54,0,0
469,Tec-9 | Mummy's Rot (Factory New),70.0,67.0,461,33,0.0716,0.9571,steamdt-live,71.94,75,71.9,84,,12,12,9,10,11,0.5977011494252873,54,0,0
470,P250 | Muertos (Factory New),124.5,119.0,280,20,0.0714,0.9558,steamdt-live,125.91,137,125.9,165,,12,12,9,10,11,0.6305637982195846,54,0,0
471,Five-SeveN | Scumbria (Factory New),35.68,33.7,333,23,0.0691,0.9445,steamdt-live,34.0,63,32.16,117,,12,12,9,10,11,0.6345454545454545,54,0,0
472,MP9 | Food Chain (Factory New),99.17,94.0,213,14,0.0657,0.9479,steamdt-live,95.9,120,103.7,93,,12,12,7,10,13,0.41165644171779137,54,0,0
473,Tec-9 | Phoenix Chalk (Factory New),75.0,71.0,411,26,0.0633,0.9467,steamdt-live,82.92,107,76.33,115,,12,12,9,10,11,0.5714285714285714,54,0,0
474,Desert Eagle | Midnight Storm (Factory New),594.0,577.0,791,47,0.0594,0.9714,steamdt-live,589.5,126,595.35,137,,5,16,12,10,11,0.555942238593478,54,0,0
475,Desert Eagle | Trigger Discipline (Factory New),41.58,40.7,728,43,0.0591,0.9788,steamdt-live,40.0,416,41.47,352,,5,16,12,10,11,0.6396396396396397,54,0,0
476,AWP | Atheris (Factory New),195.0,190.0,780,45,0.0577,0.9744,steamdt-live,199.37,289,198.84,250,,5,16,12,10,11,0.5816214588397255,54,0,0
477,Glock-18 | Off World (Factory New),38.45,37.4,679,38,0.056,0.9727,steamdt-live,38.0,243,37.85,149,,5,16,12,10,11,0.6708695652173913,54,0,0
478,Galil AR | Rocket Pop (Factory New),55.9,54.0,590,32,0.0542,0.966,steamdt-live,58.98,266,56.74,266,,5,16,12,10,11,0.5520833333333333,54,0,0
479,M4A1-S | Cyrex (Factory New),1245.0,1230.0,539,29,0.0538,0.988,steamdt-live,1266.99,238,1267.9,134,,5,16,12,10,11,0.12106686245578857,54,0,0
480,FAMAS | Neural Net (Factory New),45.62,44.2,527,26,0.0493,0.9689,steamdt-live,45.87,123,45.78,268,,5,16,12,10,11,0.6670072992700731,54,0,0
481,AK-47 | Emerald Pinstripe (Factory New),89.8,87.0,828,37,0.0447,0.9688,steamdt-live,94.9,218,90.8,291,,5,16,12,10,11,0.5912049893021349,54,0,0
482,Tec-9 | Flash Out (Factory New),24.05,23.3,876,24,0.0274,0.9688,steamdt-live,23.89,151,23.93,107,,5,16,12,10,11,0.6814666666666667,54,0,0
483,M4A4 | Etch Lord (Factory New),19.75,19.0,852,18,0.0211,0.962,steamdt-live,20.38,370,21.65,428,,5,16,12,10,11,0.6685590248789447,54,0,0
484,Tec-9 | Blast From the Past (Factory New),45.46,40.7,70,10,0.1429,0.8953,steamdt-live,44.77,41,45.9,49,,18,8,4,10,13,0.5378342107979767,53,0,0
485,P250 | Cartel (Factory New),214.48,196.0,79,8,0.1013,0.9138,steamdt-live,223.47,49,221.32,65,,18,8,4,10,13,0.28504283476115877,53,0,0
486,P250 | Black & Tan (Factory New),56.0,54.0,84,7,0.0833,0.9643,steamdt-live,58.8,52,56.87,65,,12,16,4,10,11,0.33253873659118005,53,0,0
487,FAMAS | ZX Spectron (Factory New),158.5,147.0,641,48,0.0749,0.9274,steamdt-live,163.76,134,158.16,192,,12,8,12,10,11,0.6612405757368061,53,0,0
488,AK-47 | Head Shot (Factory New),547.97,539.0,390,23,0.059,0.9836,steamdt-live,554.9,202,564.2,138,,5,16,9,10,13,0.19887426900584793,53,0,0
489,Five-SeveN | Boost Protocol (Factory New),69.4,66.0,1395,69,0.0495,0.951,steamdt-live,68.88,253,68.72,260,,5,12,15,10,11,0.6105232558139535,53,0,0
490,Glock-18 | Vogue (Factory New),74.48,71.0,907,39,0.043,0.9533,steamdt-live,75.95,297,75.07,589,,5,12,15,10,11,0.49125683060109293,53,0,0
491,MP9 | Sand Scale (Factory New),34.89,32.5,1003,33,0.0329,0.9315,steamdt-live,33.79,280,33.74,193,,5,12,15,10,11,0.7048118985126859,53,0,0
492,AK-47 | Elite Build (Factory New),51.9,49.0,1070,27,0.0252,0.9441,steamdt-live,52.61,746,52.65,432,,5,12,15,10,11,0.4735987002437043,53,0,0
493,AWP | Acheron (Factory New),59.78,57.0,2700,63,0.0233,0.9535,steamdt-live,58.89,517,60.0,437,,5,12,15,10,11,0.7084653465346535,53,0,0
494,AWP | PAW (Factory New),43.6,41.1,1224,23,0.0188,0.9427,steamdt-live,42.4,1074,45.56,303,,5,12,15,10,11,0.42567567567567566,53,0,0
495,MP9 | Arctic Tri-Tone (Factory New),34.39,32.5,2181,39,0.0179,0.945,steamdt-live,34.05,828,33.2,1424,,5,12,15,10,11,0.5786802030456852,53,0,0
496,M4A1-S | Glitched Paint (Factory New),33.82,32.0,1438,25,0.0174,0.9462,steamdt-live,34.15,826,34.9,705,,5,12,15,10,11,0.5478005080893168,53,0,0
497,Galil AR | Hunting Blind (Factory New),39.38,14.1,20,5,0.25,0.358,steamdt-live,68.96,19,38.19,14,,26,1,2,10,13,0.47185728115060166,52,0,0
498,Desert Eagle | Urban DDPAT (Factory New),147.49,85.0,26,6,0.2308,0.5763,steamdt-live,169.0,16,135.0,43,,26,1,2,10,13,0.2591373065525189,52,0,0
499,USP-S | Overgrowth (Factory New),574.0,388.0,24,5,0.2083,0.676,steamdt-live,568.9,16,585.92,31,,26,1,2,10,13,0.10690737833594977,52,0,0
500,USP-S | Stainless (Factory New),289.0,268.0,295,29,0.0983,0.9273,steamdt-live,297.82,217,303.42,97,,12,8,9,10,13,0.4284584198556314,52,0,0
501,Tec-9 | Cracked Opal (Factory New),48.0,46.0,361,30,0.0831,0.9583,steamdt-live,51.0,141,51.5,57,,12,12,9,10,9,0.16955017301038056,52,0,0
502,Tec-9 | Remote Control (Factory New),190.94,180.0,548,32,0.0584,0.9427,steamdt-live,189.44,77,196.19,122,,5,12,12,10,13,0.39184590690208665,52,0,0
503,Desert Eagle | Starcade (Factory New),1237.97,1180.0,618,36,0.0583,0.9532,steamdt-live,1249.0,143,1239.5,170,,5,12,12,10,13,0.3350510478237506,52,0,0
504,M4A1-S | Blood Tiger (Factory New),118.0,113.0,810,41,0.0506,0.9576,steamdt-live,117.94,228,118.68,212,,5,12,12,10,13,0.3260571428571428,52,0,0
505,M4A1-S | Guardian (Factory New),455.49,435.0,670,33,0.0493,0.955,steamdt-live,460.0,314,471.5,209,,5,12,12,10,13,0.3279261992619926,52,0,0
506,Glock-18 | AXIA (Factory New),298.0,280.0,705,34,0.0482,0.9396,steamdt-live,308.0,256,309.99,583,,5,12,12,10,13,0.5761270201304225,52,0,0
507,MP9 | Latte Rush (Factory New),338.3,317.0,556,26,0.0468,0.937,steamdt-live,361.8,178,345.78,258,,5,12,12,10,13,0.6127074985689753,52,0,0
508,Tec-9 | Titanium Bit (Factory New),544.5,532.0,654,24,0.0367,0.977,steamdt-live,546.28,9,535.39,31,,5,16,12,10,9,0.16593798449612396,52,0,0
509,AWP | Green Energy (Factory New),194.5,185.0,818,27,0.033,0.9512,steamdt-live,204.49,354,206.5,496,,5,12,12,10,13,0.611,52,0,0
510,Glock-18 | Night (Factory New),221.7,187.0,32,6,0.1875,0.8435,steamdt-live,200.0,25,212.34,43,,22,4,4,10,11,0.5939086294416244,51,0,0
511,M4A4 | Dark Operative (Factory New),41.74,36.6,90,16,0.1778,0.8769,steamdt-live,41.6,82,42.09,104,,22,4,4,10,11,0.675,51,0,0
512,P250 | Apep's Curse (Factory New),710.0,622.0,58,6,0.1034,0.8761,steamdt-live,850.0,34,716.38,51,,18,4,4,10,15,0.25263157894736843,51,0,0
513,MP9 | Pandora's Box (Factory New),813.5,780.0,43,3,0.0698,0.9588,steamdt-live,887.4,44,862.24,52,,12,12,4,10,13,0.2733363108530594,51,0,0
514,Glock-18 | Sacrifice (Factory New),46.8,46.1,495,21,0.0424,0.985,steamdt-live,52.9,111,49.72,150,,5,16,9,10,11,0.7583268783888459,51,0,0
515,M4A4 | Sheet Lightning (Factory New),28.53,25.9,1140,37,0.0325,0.9078,steamdt-live,27.93,556,29.18,615,,5,8,15,10,13,0.6155540261527874,51,0,0
516,Galil AR | Tornado (Factory New),157.37,113.0,33,6,0.1818,0.7181,steamdt-live,169.5,20,166.05,35,,22,1,4,10,13,0.3920886931664542,50,0,0
517,FAMAS | Cyanospatter (Factory New),44.0,40.1,322,29,0.0901,0.9114,steamdt-live,46.0,56,46.68,74,,12,8,9,10,11,0.6991041509950078,50,0,0
518,FAMAS | Meltdown (Factory New),504.2,466.0,148,13,0.0878,0.9242,steamdt-live,520.0,41,508.36,80,,12,8,7,10,13,0.494282848545637,50,0,0
519,P250 | Dark Filigree (Factory New),55.8,51.0,104,9,0.0865,0.914,steamdt-live,54.83,67,55.0,105,,12,8,7,10,13,0.5846212121212122,50,0,0
520,P250 | Contaminant (Factory New),65.48,58.0,251,20,0.0797,0.8858,steamdt-live,65.0,23,68.72,20,,12,8,9,10,11,0.22127710554690305,50,0,0
521,Glock-18 | Red Tire (Factory New),74.78,69.0,304,24,0.0789,0.9227,steamdt-live,74.0,71,72.91,103,,12,8,9,10,11,0.5944938820912125,50,0,0
522,Galil AR | Kami (Factory New),32.7,29.2,485,33,0.068,0.893,steamdt-live,34.0,187,33.01,106,,12,8,9,10,11,0.664678049783995,50,0,0
523,MP9 | Music Box (Factory New),48.47,43.4,269,17,0.0632,0.8954,steamdt-live,44.79,98,45.0,102,,12,8,9,10,11,0.6640666016650416,50,0,0
524,Galil AR | Dusk Ruins (Factory New),255.0,237.0,296,18,0.0608,0.9294,steamdt-live,269.0,49,255.0,100,,12,8,9,10,11,0.4642857142857143,50,0,0
525,M4A4 | Urban DDPAT (Factory New),146.0,140.0,551,32,0.0581,0.9589,steamdt-live,152.88,106,148.31,151,,5,12,12,10,11,0.5131710570190062,50,0,0
526,Glock-18 | Bunsen Burner (Factory New),30.35,28.9,523,30,0.0574,0.9522,steamdt-live,29.5,207,30.99,199,,5,12,12,10,11,0.7529411764705882,50,0,0
527,Galil AR | Firefight (Factory New),67.98,64.0,605,33,0.0545,0.9415,steamdt-live,69.99,111,67.89,194,,5,12,12,10,11,0.5860365853658537,50,0,0
528,FAMAS | Pulse (Factory New),192.0,179.0,611,33,0.054,0.9323,steamdt-live,195.3,200,189.15,177,,5,12,12,10,11,0.547358093232507,50,0,0
529,AK-47 | Safari Mesh (Factory New),38.98,36.7,617,33,0.0535,0.9415,steamdt-live,40.04,183,41.0,172,,5,12,12,10,11,0.5241758241758242,50,0,0
530,AWP | Capillary (Factory New),41.85,39.7,761,39,0.0512,0.9486,steamdt-live,42.0,159,42.2,221,,5,12,12,10,11,0.6328947368421052,50,0,0
531,Tec-9 | Bamboozle (Factory New),46.7,43.7,671,34,0.0507,0.9358,steamdt-live,40.0,193,44.96,167,,5,12,12,10,11,0.6170194003527337,50,0,0
532,Tec-9 | Blue Titanium (Factory New),214.9,204.0,658,32,0.0486,0.9493,steamdt-live,221.8,34,207.77,115,,5,12,12,10,11,0.5215869580234406,50,0,0
533,Five-SeveN | Copper Galaxy (Factory New),112.9,108.0,661,32,0.0484,0.9566,steamdt-live,100.0,131,116.2,159,,5,12,12,10,11,0.5457142857142857,50,0,0
534,Five-SeveN | Heat Treated (Factory New),111.15,106.0,738,34,0.0461,0.9537,steamdt-live,113.27,362,113.26,218,,5,12,12,10,11,0.5883180858550316,50,0,0
535,Galil AR | Crimson Tsunami (Factory New),39.5,37.3,704,32,0.0455,0.9443,steamdt-live,37.99,284,39.0,264,,5,12,12,10,11,0.6677743769129865,50,0,0
536,USP-S | Bleeding Edge (Factory New),31.0,29.1,867,35,0.0404,0.9387,steamdt-live,30.56,528,31.75,403,,5,12,12,10,11,0.5139949109414759,50,0,0
537,USP-S | Forest Leaves (Factory New),27.37,26.2,572,23,0.0402,0.9573,steamdt-live,26.0,91,27.28,116,,5,12,12,10,11,0.6661959173192964,50,0,0
538,MP9 | Hypnotic (Factory New),97.5,91.0,541,20,0.037,0.9333,steamdt-live,97.89,206,102.47,212,,5,12,12,10,11,0.4924518479958355,50,0,0
539,Glock-18 | Ironwork (Factory New),214.0,204.0,869,32,0.0368,0.9533,steamdt-live,217.0,85,216.2,148,,5,12,12,10,11,0.6329331046312179,50,0,0
540,USP-S | Desert Tactical (Factory New),19.88,18.8,759,23,0.0303,0.9457,steamdt-live,19.5,143,19.84,281,,5,12,12,10,11,0.6388888888888888,50,0,0
541,FAMAS | Macabre (Factory New),64.79,57.0,75,9,0.12,0.8798,steamdt-live,72.88,37,66.06,57,,18,4,4,10,13,0.5355555555555556,49,0,0
542,FAMAS | Afterimage (Factory New),299.99,260.0,76,9,0.1184,0.8667,steamdt-live,288.0,39,284.7,56,,18,4,4,10,13,0.4776146788990826,49,0,0
543,MP9 | Stained Glass (Factory New),829.0,780.0,57,5,0.0877,0.9409,steamdt-live,887.98,26,847.5,57,,12,12,4,10,11,0.09200438116100762,49,0,0
544,Glock-18 | Trace Lock (Factory New),35.9,34.7,248,13,0.0524,0.9666,steamdt-live,35.65,258,38.1,99,,5,16,7,10,11,0.4016448472641826,49,0,0
545,P250 | Visions (Factory New),48.77,46.3,429,22,0.0513,0.9494,steamdt-live,48.0,309,49.94,256,,5,12,9,10,13,0.5153061224489797,49,0,0
546,M4A1-S | Stratosphere (Factory New),217.0,207.0,401,20,0.0499,0.9539,steamdt-live,215.0,236,225.89,304,,5,12,9,10,13,0.5351351351351351,49,0,0
547,AWP | Exothermic (Factory New),57.69,54.0,443,17,0.0384,0.936,steamdt-live,50.76,295,58.0,286,,5,12,9,10,13,0.5206798866855524,49,0,0
548,MP9 | Mount Fuji (Factory New),95.7,89.0,1319,46,0.0349,0.93,steamdt-live,95.79,509,98.17,337,,5,8,15,10,11,0.4403508771929825,49,0,0
549,AK-47 | Steel Delta (Factory New),64.9,60.0,1814,42,0.0232,0.9245,steamdt-live,63.69,328,65.65,387,,5,8,15,10,11,0.581041968162084,49,0,0
550,USP-S | Guardian (Factory New),35.42,32.6,1177,26,0.0221,0.9204,steamdt-live,33.0,644,32.94,503,,5,8,15,10,11,0.6213793103448276,49,0,0
551,Desert Eagle | Calligraffiti (Factory New),34.68,31.5,1092,18,0.0165,0.9083,steamdt-live,30.0,110,33.98,262,,5,8,15,10,11,0.66996699669967,49,0,0
552,Five-SeveN | Candy Apple (Factory New),520.0,410.0,31,6,0.1935,0.7885,steamdt-live,508.0,39,504.0,59,,22,1,4,10,11,0.2137285491419657,48,0,0
553,Tec-9 | Cut Out (Factory New),96.2,72.0,26,5,0.1923,0.7484,steamdt-live,91.99,25,93.55,35,,22,1,2,10,13,0.4250625,48,0,0
554,Tec-9 | Isaac (Factory New),113.96,102.0,239,21,0.0879,0.8951,steamdt-live,109.98,96,113.2,161,,12,8,7,10,11,0.6058064516129031,48,0,0
555,P250 | Crimson Kimono (Factory New),149.54,137.0,169,13,0.0769,0.9161,steamdt-live,145.89,63,146.17,103,,12,8,7,10,11,0.6526428571428572,48,0,0
556,Tec-9 | Brother (Factory New),18.25,16.6,223,16,0.0717,0.9096,steamdt-live,17.99,194,17.03,1552,,12,8,7,10,11,0.7788311688311689,48,0,0
557,P250 | Undertow (Factory New),276.21,253.0,141,10,0.0709,0.916,steamdt-live,280.03,94,285.48,136,,12,8,7,10,11,0.5137147887323944,48,0,0
558,FAMAS | Night Borre (Factory New),69.38,64.0,245,16,0.0653,0.9225,steamdt-live,65.0,93,69.32,106,,12,8,7,10,11,0.6516613076098606,48,0,0
559,MP9 | Rose Iron (Factory New),58.09,55.0,480,27,0.0563,0.9468,steamdt-live,58.16,183,58.88,176,,5,12,9,10,11,0.5976589555340075,47,0,0
560,USP-S | 27 (Factory New),31.87,29.8,486,24,0.0494,0.935,steamdt-live,29.51,107,30.64,198,,5,12,9,10,11,0.6628571428571428,47,0,0
561,P250 | Epicenter (Factory New),122.97,115.0,185,8,0.0432,0.9352,steamdt-live,127.41,81,124.95,102,,5,12,7,10,13,0.4333179723502304,47,0,0
562,Desert Eagle | Mudder (Factory New),44.9,38.2,370,31,0.0838,0.8508,steamdt-live,47.35,59,46.08,123,,12,4,9,10,11,0.710135571336346,46,0,0
563,Five-SeveN | Hot Shot (Factory New),286.99,237.0,141,11,0.078,0.8258,steamdt-live,265.71,70,282.8,77,,12,4,7,10,13,0.46858,46,0,0
564,Tec-9 | Jambiya (Factory New),40.99,35.8,275,20,0.0727,0.8734,steamdt-live,41.0,90,40.18,85,,12,4,9,10,11,0.707760564404684,46,0,0
565,AWP | Safari Mesh (Factory New),42.75,37.4,465,32,0.0688,0.8749,steamdt-live,44.89,113,39.48,163,,12,4,9,10,11,0.6164383561643836,46,0,0
566,Tec-9 | Ossified (Factory New),76.77,69.0,545,31,0.0569,0.8988,steamdt-live,79.65,66,72.97,166,,5,8,12,10,11,0.6025599128540304,46,0,0
567,MP9 | Goo (Factory New),26.91,24.4,512,23,0.0449,0.9067,steamdt-live,24.61,276,24.77,560,,5,8,12,10,11,0.8183763837638376,46,0,0
568,Glock-18 | Grinder (Factory New),61.09,56.0,823,35,0.0425,0.9167,steamdt-live,59.9,332,61.97,251,,5,8,12,10,11,0.6476470588235295,46,0,0
569,M4A1-S | Boreal Forest (Factory New),71.64,64.0,573,24,0.0419,0.8934,steamdt-live,73.0,115,73.81,108,,5,8,12,10,11,0.6019557728636515,46,0,0
570,FAMAS | Decommissioned (Factory New),30.97,28.2,638,20,0.0313,0.9106,steamdt-live,26.0,149,27.6,104,,5,8,12,10,11,0.7636363636363637,46,0,0
571,Five-SeveN | Kami (Factory New),32.4,29.4,815,24,0.0294,0.9074,steamdt-live,29.18,392,30.64,161,,5,8,12,10,11,0.6016382252559727,46,0,0
572,MP9 | Ruby Poison Dart (Factory New),31.0,28.2,582,17,0.0292,0.9097,steamdt-live,29.0,254,30.21,271,,5,8,12,10,11,0.4139046079223928,46,0,0
573,Five-SeveN | Nightshade (Factory New),100.79,92.0,592,12,0.0203,0.9128,steamdt-live,100.0,58,97.93,43,,5,8,12,10,11,0.7959791666666667,46,0,0
574,Galil AR | Aqua Terrace (Factory New),878.7,768.0,32,4,0.125,0.874,steamdt-live,928.9,21,908.89,38,,12,4,4,10,15,0.3284625790032786,45,0,0
575,Desert Eagle | Night (Factory New),588.0,535.0,25,3,0.12,0.9099,steamdt-live,766.0,25,568.08,64,,12,8,2,10,13,0.31391304347826077,45,0,0
576,P250 | Mint Kimono (Factory New),93.09,87.0,184,9,0.0489,0.9346,steamdt-live,93.3,95,95.3,80,,5,12,7,10,11,0.5422853771265611,45,0,0
577,P250 | Vino Primo (Factory New),117.47,109.0,391,15,0.0384,0.9279,steamdt-live,123.29,131,120.0,99,,5,8,9,10,13,0.39036794851834555,45,0,0
578,P250 | Inferno (Factory New),52.78,46.0,1053,22,0.0209,0.8715,steamdt-live,48.86,105,49.28,118,,5,4,15,10,11,0.7413172384582805,45,0,0
579,P250 | Contamination (Factory New),54.15,38.0,73,8,0.1096,0.7018,steamdt-live,40.21,37,41.21,41,,18,1,4,10,11,0.5994620978185078,44,0,0
580,M4A1-S | Master Piece (Factory New),1966.0,1870.0,86,5,0.0581,0.9512,steamdt-live,2000.0,25,2020.0,66,,5,12,4,10,13,0.3709677419354839,44,0,0
581,Five-SeveN | Crimson Blossom (Factory New),574.99,492.0,14,3,0.2143,0.8557,steamdt-live,545.0,26,641.27,17,,12,4,2,10,15,0.25033356717423905,43,0,0
582,Glock-18 | Synth Leaf (Factory New),2198.0,1900.0,24,4,0.1667,0.8644,steamdt-live,2471.38,24,2334.31,32,,12,4,2,10,15,0.2147195426938192,43,0,0
583,Tec-9 | Hades (Factory New),168.0,141.0,37,3,0.0811,0.8393,steamdt-live,178.69,26,162.15,48,,12,4,4,10,13,0.31140648887378963,43,0,0
584,Tec-9 | Safety Net (Factory New),95.0,87.0,465,27,0.0581,0.9158,steamdt-live,89.86,97,95.9,89,,5,8,9,10,11,0.5379948586118253,43,0,0
585,Glock-18 | Wraiths (Factory New),37.8,34.2,430,24,0.0558,0.9048,steamdt-live,38.0,155,37.23,152,,5,8,9,10,11,0.668004280363831,43,0,0
586,P250 | Cyber Shell (Factory New),24.17,21.3,347,18,0.0519,0.8813,steamdt-live,23.78,131,24.16,126,,5,8,9,10,11,0.6698611111111111,43,0,0
587,AWP | Pink DDPAT (Factory New),865.0,785.0,41,2,0.0488,0.9075,steamdt-live,997.94,14,881.7,41,,5,8,4,10,15,0.307717548759894,42,0,0
588,Five-SeveN | Orange Peel (Factory New),23.77,19.8,529,22,0.0416,0.833,steamdt-live,22.2,82,21.77,126,,5,4,12,10,11,0.6598437500000001,42,0,0
589,Tec-9 | Terrace (Factory New),793.9,637.0,16,4,0.25,0.8024,steamdt-live,714.9,14,732.6,29,,12,4,2,10,13,0.2909004344462298,41,0,0
590,M4A4 | Tornado (Factory New),754.0,651.0,13,3,0.2308,0.8634,steamdt-live,730.0,19,744.9,14,,12,4,2,10,13,0.23958333333333337,41,0,0
591,AK-47 | Wasteland Rebel (Factory New),2351.2,2000.0,21,2,0.0952,0.8506,steamdt-live,2086.8,28,2214.68,32,,12,4,2,10,13,0.2125283018867924,41,0,0
592,Tec-9 | Rust Leaf (Factory New),84.99,79.0,122,7,0.0574,0.9295,steamdt-live,111.76,28,86.71,43,,5,8,7,10,11,0.5913942307692308,41,0,0
593,FAMAS | Hexane (Factory New),64.4,53.0,293,12,0.041,0.823,steamdt-live,64.19,120,59.23,66,,5,4,9,10,13,0.6429561757791307,41,0,0
594,Five-SeveN | Fall Hazard (Factory New),1819.99,1000.0,5,2,0.4,0.5495,steamdt-live,2356.5,8,1693.41,16,,12,1,2,10,15,0.2814994148192277,40,0,0
595,Five-SeveN | Neon Kimono (Factory New),3694.6,2630.0,31,4,0.129,0.7118,steamdt-live,3199.9,26,3199.9,44,,12,1,4,10,13,0.1980200501253132,40,0,0
596,P250 | Whiteout (Factory New),1893.5,990.0,39,3,0.0769,0.5228,steamdt-live,1930.5,34,1895.31,34,,12,1,4,10,13,0.3316036570298987,40,0,0
597,MP9 | Setting Sun (Factory New),262.5,196.0,86,6,0.0698,0.7467,steamdt-live,274.5,24,265.86,69,,12,1,4,10,13,0.2584745762711864,40,0,0
598,Tec-9 | Brass (Factory New),450.0,368.0,10,4,0.4,0.8178,steamdt-live,480.0,10,449.0,38,,12,4,2,10,11,0.357653791130186,39,0,0
599,MP9 | Dark Age (Factory New),529.9,380.0,31,5,0.1613,0.7171,steamdt-live,559.6,34,562.0,27,,22,1,4,10,2,0.00018867924528309654,39,0,0
600,USP-S | Business Class (Factory New),555.0,475.0,13,2,0.1538,0.8559,steamdt-live,558.0,15,565.73,22,,12,4,2,10,11,0.20143884892086328,39,0,0
601,FAMAS | Faulty Wiring (Factory New),22.11,18.9,471,23,0.0488,0.8548,steamdt-live,23.49,76,22.1,139,,5,4,9,10,11,0.6930555555555555,39,0,0
602,AK-47 | Jaguar (Factory New),3061.0,2590.0,134,3,0.0224,0.8461,steamdt-live,3178.46,41,2890.56,45,,5,4,7,10,13,0.3962907268170426,39,0,0
603,AWP | Snake Camo (Factory New),3500.0,1420.0,2,3,1.5,0.4057,steamdt-live,2600.0,5,1924.86,23,,12,1,2,10,13,0.3193564356435644,38,0,0
604,P250 | Red Rock (Factory New),248.0,130.0,9,2,0.2222,0.5242,steamdt-live,319.9,10,263.22,10,,12,1,2,10,13,0.3015658443167737,38,0,0
605,M4A4 | Zirka (Factory New),574.88,371.0,10,2,0.2,0.6454,steamdt-live,575.0,8,588.14,21,,12,1,2,10,13,0.1469357471434931,38,0,0
606,M4A4 | Desert Storm (Factory New),488.0,330.0,17,2,0.1176,0.6762,steamdt-live,448.8,12,432.07,9,,12,1,2,10,13,0.14152592886946158,38,0,0
607,Desert Eagle | Pilot (Factory New),1132.3,860.0,37,4,0.1081,0.7595,steamdt-live,1339.9,46,1052.0,42,,12,1,4,10,11,0.19596453683888726,38,0,0
608,P250 | Digital Architect (Factory New),261.8,168.0,24,2,0.0833,0.6417,steamdt-live,329.4,22,263.5,42,,12,1,2,10,13,0.3148928375160286,38,0,0
609,Glock-18 | Brass (Factory New),776.65,690.0,60,3,0.05,0.8884,steamdt-live,788.1,26,775.79,50,,5,8,4,10,11,0.4704107475646636,38,0,0
610,P250 | Forest Night (Factory New),79.99,70.0,151,7,0.0464,0.8751,steamdt-live,105.0,8,75.3,36,,5,4,7,10,11,0.5994680851063829,37,0,0
611,P250 | Iron Clad (Factory New),44.99,39.3,230,9,0.0391,0.8735,steamdt-live,44.38,25,45.79,71,,5,4,7,10,11,0.5732692307692308,37,0,0
612,P250 | Bone Mask (Factory New),440.0,10.0,1,1,1.0,0.0227,steamdt-live,0.0,0,218.87,1,,12,1,2,10,11,0.5964166666666666,36,0,0
613,AK-47 | Jungle Spray (Factory New),1150.0,720.0,5,4,0.8,0.6261,steamdt-live,999.0,6,1029.02,15,,12,1,2,10,11,0.11199999999999999,36,0,0
614,P250 | Gunsmoke (Factory New),118.0,35.0,5,2,0.4,0.2966,steamdt-live,90.0,11,95.5,10,,12,1,2,10,11,0.5477386934673367,36,0,0
615,P250 | Splash (Factory New),406.5,283.0,8,3,0.375,0.6962,steamdt-live,319.5,14,332.04,16,,12,1,2,10,11,0.16905071521456438,36,0,0
616,M4A4 | Jungle Tiger (Factory New),665.5,400.0,8,3,0.375,0.6011,steamdt-live,519.5,10,551.53,7,,12,1,2,10,11,0.24491279069767447,36,0,0
617,Glock-18 | Groundwater (Factory New),579.0,260.0,6,2,0.3333,0.4491,steamdt-live,666.0,7,640.17,7,,12,1,2,10,11,0.25475911600787715,36,0,0
618,P250 | Nuclear Threat (Factory New),12888.88,680.0,3,1,0.3333,0.0528,steamdt-live,21888.0,1,13168.0,1,,12,1,2,10,11,0.7220552,36,0,0
619,FAMAS | Sundown (Factory New),698.0,530.0,13,4,0.3077,0.7593,steamdt-live,785.0,11,740.98,18,,12,1,2,10,11,0.1466992665036675,36,0,0
620,Five-SeveN | Jungle (Factory New),387.5,218.0,10,3,0.3,0.5626,steamdt-live,370.0,5,369.5,12,,12,1,2,10,11,0.2602602602602603,36,0,0
621,AK-47 | Black Laminate (Factory New),1778.0,1160.0,13,3,0.2308,0.6524,steamdt-live,1778.5,16,1886.11,17,,12,1,2,10,11,0.22695316066591587,36,0,0
622,Galil AR | Orange DDPAT (Factory New),559.9,396.0,9,2,0.2222,0.7073,steamdt-live,798.0,8,619.1,8,,12,1,2,10,11,0.3626636311895276,36,0,0
623,MP9 | Storm (Factory New),197.99,83.0,24,4,0.1667,0.4192,steamdt-live,212.3,14,205.6,10,,12,1,2,10,11,0.1437900017298045,36,0,0
624,FAMAS | Prime Conspiracy (Factory New),565.5,391.0,23,3,0.1304,0.6914,steamdt-live,508.0,23,507.0,35,,12,1,2,10,11,0.25268634936544665,36,0,0
625,Five-SeveN | Contractor (Factory New),240.0,36.0,3,3,1.0,0.15,steamdt-live,229.0,8,265.35,2,,12,1,2,10,9,0.1518518518518519,34,0,0
626,FAMAS | Spitfire (Factory New),2300.0,640.0,7,2,0.2857,0.2783,steamdt-live,2800.0,3,2245.0,10,,12,1,2,10,9,0.19821428571428568,34,0,0
627,AK-47 | First Class (Factory New),1983.45,1050.0,9,2,0.2222,0.5294,steamdt-live,1399.9,19,1359.9,17,,12,1,2,10,9,0.08731543624161064,34,0,0
628,MP9 | Green Plaid (Factory New),60.99,41.0,13,2,0.1538,0.6722,steamdt-live,70.0,5,74.55,2,,12,1,2,10,9,0.1409859154929577,34,0,0
629,Galil AR | Urban Rubble (Factory New),93.79,67.0,80,3,0.0375,0.7144,steamdt-live,110.0,19,93.99,23,,5,1,4,10,13,0.46335183383875955,33,0,0
630,MP9 | Dry Season (Factory New),2600.0,55.0,1,4,4.0,0.0212,steamdt-live,769.5,2,697.0,3,,12,1,2,10,7,0.08301539271148539,32,0,0
631,MP9 | Bulldozer (Factory New),7499.5,4020.0,6,3,0.5,0.536,steamdt-live,6799.0,5,7094.37,6,,12,1,2,10,7,0.028714285714285692,32,0,0
632,M4A4 | Faded Zebra (Factory New),408.0,212.0,13,3,0.2308,0.5196,steamdt-live,520.0,10,423.0,12,,12,1,2,10,7,0.09333333333333338,32,0,0
633,AK-47 | Predator (Factory New),666.0,358.0,6,3,0.5,0.5375,steamdt-live,1001.0,5,721.92,5,,12,1,2,10,6,0.0,31,0,0
634,Five-SeveN | Nitro (Factory New),438.9,162.0,7,1,0.1429,0.3691,steamdt-live,409.5,6,422.45,14,,12,1,2,10,6,0.0012195121951219523,31,0,0
635,P250 | Bengal Tiger (Factory New),340.0,166.0,25,1,0.04,0.4882,steamdt-live,317.7,21,304.5,25,,5,1,2,10,13,0.12997514214691852,31,0,0
636,P250 | Facets (Factory New),500.0,0.0,2,0,0.0,,steamdt-live,2499.48,3,205.67,14,缺买一价,5,0,2,10,13,0.3384689610807333,30,0,0
637,Galil AR | Shattered (Factory New),500.0,73.0,10,3,0.3,0.146,steamdt-live,399.0,4,5455.16,1,,12,1,2,10,3,0.02564102564102566,28,0,0
638,Glock-18 | Sand Dune (Factory New),3499.0,0.0,4,0,0.0,,steamdt-live,0.0,0,1450.0,6,缺买一价,5,0,2,10,11,0.7330633284241532,28,0,0
639,Galil AR | Winter Forest (Factory New),4900.0,0.0,3,0,0.0,,steamdt-live,5100.0,2,3520.6,2,缺买一价,5,0,2,10,11,0.21764444444444442,28,0,0
640,Tec-9 | Nuclear Threat (Factory New),4588.88,0.0,1,0,0.0,,steamdt-live,0.0,0,4688.0,1,缺买一价,5,0,2,10,11,0.541066106610661,28,0,0
641,P250 | Modern Hunter (Factory New),,,0,0,,,,8000.0,2,2970.0,1,无悠悠数据,0,0,0,10,11,0.6287499999999999,21,0,0
642,M4A4 | Modern Hunter (Factory New),0.0,1300.0,0,4,,,steamdt-live,4299.5,3,4025.88,9,缺卖一价,0,0,0,10,9,0.06363995813466683,19,0,0
643,FAMAS | Contrast Spray (Factory New),0.0,0.01,0,1,,,steamdt-live,810.0,2,762.11,6,缺卖一价,0,0,0,10,7,0.03493731796884891,17,0,0
