排名,marketHashName,youpin_sell,youpin_buy,youpin_sell_count,youpin_buy_count,挂买/挂卖,买一/卖一,数据来源,buff_sell,buff_sell_count,c5_sell,c5_sell_count,备注,盘口深度分,盘口紧密度分,流动性分,品质分,回撤位置分,跌速减弱分,低点企稳分,下行跌幅收敛分,前12h涨跌,近12h涨跌,前24h涨跌,近24h涨跌,48h回撤,距48h低点,5日回撤,5日涨跌,30日涨跌,K线时效(小时),24h变价次数,信号状态,报价风险,V2.6总分,建议资金,实际获批
1,AK-47 | The Empress (Factory New),1669.5,1660.0,339,101,0.2979,0.9943,steamdt-live,1728.0,163,1679.0,115,,17,15,9,2,8,20,6,5,-0.005794449527294909,0.023926380368098243,-0.04956521739130437,0.017993290637389414,0.029651162790697683,0.024554941682013443,0.06077658975801914,-0.029651162790697683,0.10786591437105875,0.19,11,减速明显,,82,25000,25000
2,M4A1-S | Chantico's Fire (Factory New),1669.5,1650.0,251,65,0.259,0.9883,steamdt-live,1795.0,70,1674.5,90,,17,12,9,2,8,19,6,5,-0.011904761904761862,0.005722891566265043,-0.045454545454545414,-0.006249999999999978,0.05142045454545452,0.005722891566265043,0.06023079088094563,-0.06023079088094563,-0.05142045454545452,0.37,4,减速明显,,78,25000,25000
3,★ Driver Gloves | Crimson Weave (Field-Tested),7050.0,6920.0,237,109,0.4599,0.9816,steamdt-live,7279.5,25,7054.0,61,,20,12,7,5,8,14,6,0,-0.02402234636871503,0.008872352604464728,-0.025784066943329464,-0.015363128491620137,0.04075107150146273,0.017316017316017396,0.07230738864398978,-0.07090142329994731,-0.2156208277703605,0.37,7,减速明显,,72,10000,10000
4,M4A1-S | Flashback (Factory New),824.44,814.0,711,96,0.135,0.9873,steamdt-live,820.63,65,834.71,99,,11,12,12,2,8,19,6,0,-0.012412271663899022,0.00721693771095433,-0.04293503480278427,-0.005284912544394449,0.04132009345794396,0.025787500000000074,0.07596076974180543,-0.08513935340022294,-0.20371250861173906,0.34,16,减速明显,,70,10000,10000
5,Glock-18 | AXIA (Factory New),290.0,285.0,701,36,0.0514,0.9828,steamdt-live,294.5,268,295.4,579,,3,12,12,2,8,18,6,5,-0.005145797598627766,0.0,-0.021812080536912748,-0.005145797598627766,0.016949152542372836,0.0017271157167531026,0.06451612903225812,-0.06451612903225812,-0.1577112982863782,0.14,8,减速明显,,66,10000,10000
6,Five-SeveN | Fairy Tale (Factory New),1930.0,1870.0,193,47,0.2435,0.9689,steamdt-live,1899.5,42,1943.9,61,,17,12,7,2,8,13,6,0,-0.01935483870967747,-0.000263157894736854,-0.028578591125595354,-0.019612903225806444,0.047392176529588714,0.0,0.060583580613254195,-0.06428571428571428,0.05527777777777776,0.3,6,减速明显,,65,10000,10000
7,Glock-18 | Neo-Noir (Factory New),1238.5,1210.0,392,50,0.1276,0.977,steamdt-live,1239.93,89,1250.0,135,,11,12,9,2,6,16,6,0,-0.01041666666666663,0.002834008097166052,-0.017315096969267474,-0.007612179487179516,0.024411377797383227,0.006910569105690989,0.046941131204309317,-0.03617926987758657,-0.13360102974508214,0.31,4,减速明显,,62,10000,10000
8,★ Sport Gloves | Big Game (Minimal Wear),1284.49,1460.0,236,23,0.0975,1.1366,steamdt-live,1287.99,187,1287.0,77,"溢价求购:买一高于卖一,多为定向收特定图案,买一价不可作退出价",7,0,7,5,4,20,6,5,-0.011665460431598662,0.011409448818897605,-0.016448778396913832,-0.000389108086444212,0.016831486130671758,0.012206461780929878,0.016831486130671758,0.016210443037974587,-0.04711424332344216,0.37,3,减速明显,买一异常溢价(不作为可成交退出价),54,0,0
9,MP9 | Storm (Factory New),185.59,87.0,23,4,0.1739,0.4688,steamdt-live,205.0,13,196.83,11,,8,1,2,2,8,18,6,5,-0.005412647374062107,0.0,-0.029085800509912052,-0.005412647374062107,0.03434101670222178,0.0,0.06262942572857222,-0.06262942572857222,0.031055555555555614,0.37,5,减速明显,,50,0,0
10,★ Driver Gloves | Lunar Weave (Field-Tested),4235.46,4140.0,285,119,0.4175,0.9775,steamdt-live,4298.43,23,4233.08,78,,20,12,9,5,8,10,6,5,0.0,0.0,-0.04217690769049742,0.0,0.04217690769049742,0.004897387506083151,0.06955050005495111,-0.059315555555555566,-0.29194948565693735,0.37,2,左侧观察,,75,25000,25000
11,★ Driver Gloves | Convoy (Field-Tested),3077.0,3050.0,189,124,0.6561,0.9912,steamdt-live,3227.17,19,3195.38,42,,20,15,7,5,10,8,4,5,0.0,-0.007419354838709702,-0.04024767801857587,-0.007419354838709702,0.047368421052631615,0.005555555555555536,0.08135268354286762,-0.06757575757575762,-0.20859053497942381,0.37,6,左侧观察,,74,10000,10000
12,★ Bloodhound Gloves | Snakebite (Field-Tested),1220.0,1180.0,225,49,0.2178,0.9672,steamdt-live,1317.7,18,1214.67,88,,17,12,7,5,8,17,2,3,-0.016385380208034483,0.012225000000000152,-0.016137096774193505,-0.00436069148107765,0.023192415018777446,0.012233435278627303,0.0581032878411909,-0.025144462279293678,-0.14278757939308395,0.37,2,左侧观察,,71,10000,10000
13,★ Specialist Gloves | Foundation (Field-Tested),5188.48,5010.0,327,83,0.2538,0.9656,steamdt-live,5266.31,40,5200.0,69,,17,12,9,5,10,10,6,0,0.01269230769230778,-0.014720850740600144,-0.04761730332839431,-0.00221538461538473,0.049727197302559256,0.001637065637065449,0.0895806281803826,-0.07348571428571438,-0.26602348281227906,0.37,12,左侧观察,,69,10000,10000
14,FAMAS | Mecha Industries (Factory New),667.0,655.0,1349,121,0.0897,0.982,steamdt-live,673.82,184,671.44,198,,7,12,15,2,10,19,4,0,-0.02842183994016456,0.025404157043879882,-0.044317369549678354,-0.0037397157816005944,0.04158871780112239,0.04062499999999991,0.0813793103448276,-0.05397727272727271,-0.2760869565217391,0.14,14,左侧观察,,69,10000,10000
15,M4A1-S | Hyper Beast (Factory New),1817.0,1760.0,228,50,0.2193,0.9686,steamdt-live,1838.0,58,1814.56,90,,17,12,7,2,8,13,4,5,-0.010875475802066381,-0.002440901594282563,-0.026984126984127,-0.013289831430125076,0.039915343915343904,0.00279635258358657,0.054670487106017185,-0.04496842105263166,-0.08816080402010051,0.28,5,左侧观察,,68,10000,10000
16,★ Hand Wraps | Slaughter (Field-Tested),3100.0,3040.0,295,121,0.4102,0.9806,steamdt-live,3298.5,43,3219.81,92,,20,12,9,5,10,5,6,0,0.022222222222222143,-0.037267080745341574,-0.030766248511533867,-0.015873015873015928,0.051987767584097844,0.003236245954692629,0.0801186943620178,-0.05646020392634299,-0.15943600867678964,0.37,9,左侧观察,,67,10000,10000
17,M4A1-S | Nightmare (Factory New),1686.49,1660.0,389,68,0.1748,0.9843,steamdt-live,1646.09,64,1662.57,75,,14,12,9,2,10,11,6,3,-0.0341578327444052,0.003713414634146206,-0.035227272727272774,-0.030571260306242687,0.07471051152332775,0.004325808419768151,0.12720109862724627,-0.09803287671232885,-0.04574492753623194,0.37,12,左侧观察,,67,10000,10000
18,AK-47 | AUTOEXEC (Factory New),4387.38,4300.0,26,31,1.1923,0.9801,steamdt-live,4450.0,23,4397.0,33,,20,12,2,2,8,11,6,5,-0.009686866411353856,-0.0019608735213830775,-0.01683277962347729,-0.011628745212885816,0.028158157049507082,0.0,0.06542123761848972,-0.034679867986798674,0.03978670458585154,0.36,2,左侧观察,,66,10000,10000
19,Desert Eagle | Mecha Industries (Factory New),155.0,154.0,1344,100,0.0744,0.9935,steamdt-live,155.0,367,158.0,228,,7,15,15,2,8,10,6,3,-0.0013360053440213404,0.03678929765886285,-0.06132430398796085,0.035404141616566465,0.025034595546609584,0.03678929765886285,0.054878048780487854,-0.009584664536741228,-0.15068493150684936,0.37,17,左侧观察,,66,10000,10000
20,★ Hand Wraps | Badlands (Field-Tested),2688.0,2660.0,315,174,0.5524,0.9896,steamdt-live,2799.5,23,2769.5,66,,20,12,9,5,8,9,2,0,0.0037037037037037646,-0.00811808118081181,-0.03502501786990708,-0.004444444444444473,0.03931379556826309,0.017796289284361944,0.05634544497103744,-0.05667660993156698,0.0029850746268655914,0.37,10,左侧观察,,65,10000,10000
21,★ Hand Wraps | Leather (Field-Tested),3750.0,3710.0,304,79,0.2599,0.9893,steamdt-live,3855.47,28,3778.0,72,,17,12,9,5,8,5,4,5,-0.000263157894736854,-0.012898131087128228,-0.028994728463486275,-0.013157894736842146,0.04177111361528252,0.0,0.07178217821782173,-0.025974025974025983,-0.1918103448275862,0.37,7,左侧观察,,65,10000,10000
22,M4A1-S | Player Two (Factory New),985.0,980.0,444,88,0.1982,0.9949,steamdt-live,1010.0,134,988.6,162,,14,15,9,2,8,9,2,5,0.009595959595959602,-0.014507253626813377,-0.038368139873725116,-0.005050505050505083,0.048309178743961345,0.005102040816326481,0.06056270863137814,-0.04089581304771173,-0.08470008827765652,0.37,13,左侧观察,,64,10000,10000
23,★ Hydra Gloves | Case Hardened (Minimal Wear),537.96,553.0,132,23,0.1742,1.028,steamdt-live,558.91,112,558.0,84,,14,15,7,5,4,8,6,5,-0.0018924635422464808,0.0,-0.009227941176470522,-0.0018924635422464808,0.014725274725274629,0.0,0.021890909090909072,-0.022779291553133407,-0.0950746871215179,0.36,2,左侧观察,,64,10000,10000
24,AWP | Black Box (Factory New),160.0,156.0,36,21,0.5833,0.975,steamdt-live,162.0,66,161.85,84,,20,12,4,2,4,10,6,5,-0.0031250000000000444,0.0031347962382444194,-0.0188864361049792,0.0,0.0188864361049792,0.0037641154328731385,0.024271252591779424,0.019108280254777066,-0.07407407407407418,0.37,3,左侧观察,,63,10000,10000
25,★ Hand Wraps | Constrictor (Minimal Wear),678.49,670.0,108,20,0.1852,0.9875,steamdt-live,686.4,48,682.99,70,,14,12,7,5,4,10,6,5,0.005185185185185182,-1.4738393515068005e-05,-0.020305084253762762,0.005170370370370492,0.015239698689385905,0.012671641791044852,0.01794786434888329,0.008907063197026055,-0.013105454545454531,0.37,2,左侧观察,,63,10000,10000
26,M4A4 | The Emperor (Factory New),1523.5,1480.0,410,57,0.139,0.9714,steamdt-live,1520.0,130,1555.35,135,,11,12,9,2,8,9,6,5,0.020006559527713907,-0.022508038585209,-0.037866834963710905,-0.002951787471302092,0.0407068475859893,0.0,0.07822922983626446,-0.07822922983626446,-0.1823561054330285,0.37,6,左侧观察,,62,10000,10000
27,AWP | Phobos (Factory New),36.66,35.2,1287,40,0.0311,0.9602,steamdt-live,35.0,378,37.45,531,,3,12,15,2,10,9,6,5,0.0,-0.007867378477100395,-0.05970937912813734,-0.007867378477100395,0.06710700132100389,0.011747851002865461,0.11214483278853404,-0.11259110329228439,-0.27240881928703886,0.2,9,左侧观察,,62,10000,10000
28,AWP | Printstream (Factory New),1067.0,1050.0,442,154,0.3484,0.9841,steamdt-live,1085.0,339,1090.0,169,,20,12,9,2,4,5,4,5,-0.005483781020541034,-0.002803738317757043,-0.0037962962962961866,-0.008272144251324609,0.01970692268822638,0.0028195488721804995,0.025570776255707806,-0.01563725264080451,-0.0789734913551261,0.37,13,左侧观察,,61,10000,10000
29,Desert Eagle | Trigger Discipline (Factory New),38.47,38.5,728,42,0.0577,1.0008,steamdt-live,37.9,435,38.88,374,,3,15,12,2,10,19,0,0,-0.007894736842105177,0.0053050397877982824,-0.03797468354430378,-0.0026315789473684292,0.040506329113924044,0.05277777777777781,0.0976190476190476,-0.0976190476190476,-0.242,0.37,16,左侧观察,,61,10000,10000
30,★ Hydra Gloves | Rattler (Field-Tested),176.5,168.0,112,22,0.1964,0.9518,steamdt-live,175.0,121,176.11,227,,14,9,7,5,4,10,6,5,0.026748727660078186,0.006628242074927959,-0.04800000000000004,0.03355426677713358,0.01600090145923716,0.04343410204325493,0.018985564230747598,0.02735294117647058,-0.0884655532359081,0.1,11,左侧观察,,60,10000,10000
31,AWP | Wildfire (Factory New),993.49,971.0,527,77,0.1461,0.9774,steamdt-live,999.99,155,1020.0,157,,11,12,12,2,6,8,4,5,-0.0005022601707684871,-0.0015175879396984726,-0.013379583746283452,-0.002019085886489247,0.015371655104063464,0.008619289340101588,0.03074146341463413,-0.024076620825147388,-0.05740986717267549,0.34,9,左侧观察,,60,10000,10000
32,Glock-18 | Ramese's Reach (Factory New),399.49,383.0,529,45,0.0851,0.9587,steamdt-live,399.97,103,413.0,176,,7,9,12,2,10,9,6,5,2.500062501553657e-05,-0.0025249999999999995,-0.02248344289938653,-0.002500062501562539,0.02685365853658539,0.0,0.08066820276497699,-0.08278160919540223,-0.25700186219739296,0.13,4,左侧观察,,60,10000,10000
33,M4A4 | Tooth Fairy (Factory New),85.7,85.0,1585,28,0.0177,0.9918,steamdt-live,87.29,435,87.88,596,,3,15,15,2,4,10,6,5,0.008235294117647118,0.0,-0.03409090909090906,0.008235294117647118,0.026136363636363624,0.008235294117647118,0.026136363636363624,-0.014942528735632177,-0.2027906976744186,0.26,5,左侧观察,,60,10000,10000
34,M4A4 | Dark Operative (Factory New),40.8,38.0,96,26,0.2708,0.9314,steamdt-live,40.5,78,40.58,97,,17,9,4,2,6,10,6,5,0.07052631578947377,-0.01671583087512285,-0.04761904761904756,0.05263157894736836,0.022004889975550057,0.05263157894736836,0.04076738609112718,-0.04534606205250591,-0.03776762088044261,0.23,7,左侧观察,,59,0,0
35,AK-47 | Neon Revolution (Factory New),1577.0,1560.0,585,127,0.2171,0.9892,steamdt-live,1599.0,111,1634.0,141,,17,12,12,2,8,4,4,0,-0.0003125976867771607,-0.013764853033145674,-0.02469512195121948,-0.014073147858705837,0.03812747788960047,0.0015814544299777022,0.06625100658424521,-0.04655985489721881,-0.11150487351400085,0.26,13,左侧观察,,59,0,0
36,USP-S | The Traitor (Factory New),643.99,629.0,305,49,0.1607,0.9767,steamdt-live,657.99,82,652.99,130,,14,12,9,2,6,7,4,5,-0.0015408320493066618,-0.006188271604938289,-0.028428569289959404,-0.007719568567026158,0.03592868156708928,0.0,0.047999881737279426,-0.047999881737279426,-0.16990203660737302,0.37,10,左侧观察,,59,0,0
37,M4A1-S | Briefing (Factory New),383.5,371.0,274,28,0.1022,0.9674,steamdt-live,388.5,60,385.0,110,,11,12,9,2,4,10,6,5,-0.000263157894736854,0.009476177941563524,-0.025391125929725478,0.009210526315789558,0.016414465247499344,0.019946808510638236,0.029113924050632956,-0.032786885245901676,-0.29490715205000917,0.36,4,左侧观察,,59,0,0
38,Desert Eagle | Code Red (Factory New),1085.0,1040.0,253,60,0.2372,0.9585,steamdt-live,1109.5,63,1106.0,118,,17,9,9,2,8,11,2,0,-0.008644222020018244,-0.004130335016062414,-0.02743362831858409,-0.01273885350318471,0.03982300884955747,0.02455146364494798,0.06464710902680193,-0.03081732916480573,-0.06303972366148536,0.36,7,左侧观察,,58,0,0
39,AWP | Hyper Beast (Factory New),978.0,955.0,367,61,0.1662,0.9765,steamdt-live,1009.5,87,992.5,87,,14,12,9,2,10,4,2,5,0.0,-0.02200000000000002,-0.046711153479504275,-0.02200000000000002,0.0676835081029552,0.008247422680412342,0.09402501157943488,-0.07473982970671711,-0.08039492242595203,0.37,12,左侧观察,,58,0,0
40,★ Bloodhound Gloves | Bronzed (Field-Tested),1390.0,1350.0,257,39,0.1518,0.9712,steamdt-live,1480.0,15,1355.0,68,,14,12,9,5,10,5,0,3,-0.021428571428571463,-0.010948905109489093,-0.03414970679544671,-0.03214285714285714,0.06519489479130736,0.0,0.08968760497144779,-0.08968760497144779,-0.22394043528064145,0.37,4,左侧观察,,58,0,0
41,AK-47 | Aquamarine Revenge (Factory New),1219.5,1210.0,365,95,0.2603,0.9922,steamdt-live,1279.5,126,1254.61,105,,17,15,9,2,10,4,0,0,-0.024409448818897617,-0.0157384987893463,-0.02231733885557241,-0.03976377952755905,0.05830115830115834,0.016250000000000098,0.08273787138021815,-0.06192307692307697,-0.012550607287449389,0.37,12,左侧观察,,57,0,0
42,Desert Eagle | Hypnotic (Factory New),990.0,975.0,241,46,0.1909,0.9848,steamdt-live,1050.5,79,1019.2,106,,14,12,7,2,10,8,4,0,-0.05570401986798745,-0.010000000000000009,-0.04466396030672082,-0.0651469796693076,0.1069012178619756,0.0,0.12234042553191493,-0.12234042553191493,-0.08012227869507449,0.37,9,左侧观察,,57,0,0
43,USP-S | Target Acquired (Factory New),2248.99,2130.0,156,25,0.1603,0.9471,steamdt-live,2282.72,53,2260.0,62,,14,9,7,2,6,10,4,5,0.0,-0.00044888888888894307,-0.025763152197445294,-0.00044888888888894307,0.02620047629357014,0.009421005385996217,0.03328289818691388,-0.03328289818691388,-0.09493742202905564,0.37,4,左侧观察,,57,0,0
44,★ Hydra Gloves | Mangrove (Field-Tested),173.8,167.0,119,19,0.1597,0.9609,steamdt-live,177.36,122,178.62,338,,14,12,7,5,4,9,6,0,0.0047131854236119874,-0.005720823798627039,-0.011814154265591292,-0.001034601678353675,0.01807909604519764,0.022352941176470686,0.01807909604519764,-0.0011494252873562871,-0.07793516897448138,0.37,12,左侧观察,,57,0,0
45,★ Driver Gloves | Diamondback (Minimal Wear),2887.0,2750.0,187,20,0.107,0.9525,steamdt-live,3020.0,24,2999.0,46,,11,9,7,5,6,10,4,5,0.0,0.0024305555555554914,-0.04303040372154843,0.0024305555555554914,0.04070443595281603,0.009440559440559548,0.04970375246872938,-0.04672280006603924,-0.22183288409703505,0.37,2,左侧观察,,57,0,0
46,AK-47 | Bloodsport (Factory New),1013.95,1010.0,1575,64,0.0406,0.9961,steamdt-live,1018.5,1105,1038.0,347,,3,15,15,2,4,7,6,5,-0.001966568338249708,-0.001034482758620614,-0.010700389105058328,-0.0029990167158308045,0.015582524271844589,0.000997097557604576,0.015582524271844589,0.007952681544808327,-0.0241097208854667,0.37,7,左侧观察,,57,0,0
47,Desert Eagle | Printstream (Factory New),469.0,456.0,1227,44,0.0359,0.9723,steamdt-live,464.0,979,471.4,438,,3,12,15,2,4,10,6,5,2.1586150325880737e-05,0.0004964707406047708,-0.013290734824281114,0.0005180676078229141,0.015902673092846986,0.007608695652173925,0.015902673092846986,-0.003225806451612856,-0.0625,0.16,11,左侧观察,,57,0,0
48,AK-47 | Phantom Disruptor (Factory New),135.19,131.0,1641,41,0.025,0.969,steamdt-live,137.99,324,137.0,542,,3,12,15,2,8,8,6,3,0.021323529411764852,-0.026709863210943152,-0.02446022523491853,-0.0059558823529412,0.033528738919073486,0.0,0.05461538461538462,-0.06765517241379315,-0.24852695942190106,0.36,11,左侧观察,,57,0,0
49,Desert Eagle | Kumicho Dragon (Factory New),439.0,425.0,500,52,0.104,0.9681,steamdt-live,454.0,111,456.0,147,,11,12,9,2,8,7,2,5,-0.0011098779134295356,-0.0045351473922902175,-0.022170542635658874,-0.0056399918457948894,0.027685492801771905,0.01385681293302543,0.06196581196581197,-0.04357298474945537,-0.1986126323475721,0.37,6,左侧观察,,56,0,0
50,M4A1-S | Vaporwave (Factory New),953.9,938.0,544,45,0.0827,0.9833,steamdt-live,969.99,225,960.0,143,,7,12,12,2,6,6,6,5,-0.0031282912230575777,-0.0021862153369804904,-0.014904982023626112,-0.005307667441787789,0.019630010277492338,0.0,0.03058943089430899,-0.02514052120592747,-0.11635016211208893,0.37,9,左侧观察,,56,0,0
51,AK-47 | Green Laminate (Factory New),258.31,243.0,346,26,0.0751,0.9407,steamdt-live,262.0,121,263.5,150,,7,9,9,2,8,10,6,5,0.060481927710843486,-0.02294932969779595,-0.06915887850467295,0.03614457831325302,0.0346479084038015,0.03614457831325302,0.060109289617486295,-0.060109289617486295,-0.25217391304347825,0.18,20,左侧观察,,56,0,0
52,M4A4 | Cyber Security (Factory New),905.0,901.0,486,35,0.072,0.9956,steamdt-live,969.0,66,914.49,130,,7,15,9,2,8,6,4,5,-0.007565546328101247,-0.008762322015334112,-0.046179367547952266,-0.016261576590286597,0.06217616580310881,0.0,0.07227063044592519,-0.0703646635850026,-0.16972477064220182,0.31,7,左侧观察,,56,0,0
53,M4A4 | Evil Daimyo (Factory New),53.5,52.0,1820,35,0.0192,0.972,steamdt-live,53.9,959,54.2,697,,3,12,15,2,8,7,4,5,-0.0037037037037037646,-0.005576208178438624,-0.02982393100970171,-0.0092592592592593,0.04973357015985791,0.0,0.06008432888264237,-0.051081943951756026,-0.20149253731343286,0.37,8,左侧观察,,56,0,0
54,Glock-18 | Franklin (Factory New),727.98,707.0,458,37,0.0808,0.9712,steamdt-live,765.99,93,730.0,157,,7,12,9,2,8,10,2,5,0.006206896551724128,-0.002083618917066432,-0.04592709567048292,0.004110344827586321,0.04086956521739127,0.015313807531380785,0.06067096774193548,-0.06429305912596395,-0.26055865921787713,0.37,10,左侧观察,,55,0,0
55,M4A4 | Hellfire (Factory New),2100.0,2030.0,632,46,0.0728,0.9667,steamdt-live,2119.0,76,2109.78,114,,7,12,12,2,8,10,4,0,0.0,0.009615384615384581,-0.03210795718939041,0.009615384615384581,0.0228013029315961,0.019863046962265152,0.05787348586810226,0.004784688995215225,-0.19678714859437751,0.37,11,左侧观察,,55,0,0
56,M4A4 | Spider Lily (Factory New),405.0,400.0,801,56,0.0699,0.9877,steamdt-live,409.0,177,412.2,152,,7,12,12,2,8,5,4,5,-0.00487210718635811,-0.008567931456548328,-0.027251184834123254,-0.013398294762484775,0.04028436018957349,0.012499999999999956,0.05594405594405594,-0.05594405594405594,-0.1793313069908815,0.37,7,左侧观察,,55,0,0
57,M4A4 | Hellish (Factory New),714.5,694.0,636,36,0.0566,0.9713,steamdt-live,749.49,184,726.15,245,,3,12,12,2,10,7,4,5,-0.0027586206896551557,-0.011756569847856113,-0.04163912756113686,-0.014482758620689706,0.05986842105263157,0.0,0.10012594458438284,-0.1012578616352201,-0.1875973575594947,0.26,9,左侧观察,,55,0,0
58,Five-SeveN | Boost Protocol (Factory New),64.88,61.0,1405,58,0.0413,0.9402,steamdt-live,64.9,264,65.0,276,,3,9,15,2,10,7,4,5,-0.0065359477124183885,-0.007496940024479759,-0.04652173913043467,-0.01398388812889495,0.05712209302325566,0.0,0.09272727272727266,-0.09272727272727266,-0.29258451472191926,0.19,11,左侧观察,,55,0,0
59,M4A1-S | Liquidation (Factory New),60.85,60.0,1211,31,0.0256,0.986,steamdt-live,60.28,562,62.03,248,,3,12,15,2,6,15,2,0,-0.01320132013201325,0.0033444816053511683,-0.02100161550888524,-0.00990099009900991,0.032258064516129004,0.017121546024750023,0.032258064516129004,-0.016393442622950838,-0.05422446406052961,0.37,14,左侧观察,,55,0,0
60,★ Moto Gloves | Cool Mint (Minimal Wear),7078.48,6820.0,173,22,0.1272,0.9635,steamdt-live,7184.66,39,7113.87,55,,11,12,7,5,6,9,4,0,0.0043017356249630545,-0.0072258064516129705,-0.020737123782725075,-0.002955154335681942,0.023630996717150854,0.004039716312056685,0.04019829313865608,-0.040203498856946074,-0.209061542191884,0.37,8,左侧观察,,54,0,0
61,Tec-9 | Whiteout (Factory New),1189.99,1140.0,160,18,0.1125,0.958,steamdt-live,1219.5,67,1216.74,100,,11,9,7,2,4,10,6,5,0.0,0.017085470085470122,-0.03241812768772745,0.017085470085470122,0.01225150446150658,0.017520307823856385,0.028658884988980393,-0.028658884988980393,-0.1438920863309352,0.13,2,左侧观察,,54,0,0
62,AWP | Elite Build (Factory New),437.0,413.0,396,28,0.0707,0.9451,steamdt-live,426.16,79,437.86,130,,7,9,9,2,10,8,4,5,0.002331002331002363,-0.008930232558139517,-0.03790087463556846,-0.00662004662004656,0.04427001569858702,0.0,0.12274851273183884,-0.11031315240083506,-0.1924811460188729,0.37,3,左侧观察,,54,0,0
63,M4A1-S | Icarus Fell (Factory New),2860.0,2800.0,610,21,0.0344,0.979,steamdt-live,2940.0,403,2929.9,188,,3,12,12,2,4,10,6,5,3.4965157220678833e-06,0.0,-0.02037020544895296,3.4965157220678833e-06,0.02555366269165249,0.009530533003882846,0.02985074626865669,-0.026879891119428345,-0.09779179810725547,0.37,2,左侧观察,,54,0,0
64,Desert Eagle | Heirloom (Factory New),675.0,635.0,113,37,0.3274,0.9407,steamdt-live,707.0,33,694.88,53,,20,9,7,2,8,7,0,0,-0.027181688125894166,-0.007352941176470562,-0.008510638297872353,-0.03433476394849788,0.05988857938718661,0.03846153846153855,0.05988857938718661,-0.006607897099295101,0.10819241503858157,0.36,6,左侧观察,,53,0,0
65,★ Moto Gloves | Boom! (Minimal Wear),3229.5,3060.0,157,25,0.1592,0.9475,steamdt-live,3400.0,24,3211.96,51,,14,9,7,5,8,10,0,0,0.0065741876631750795,0.003737499999999949,-0.051581145584725596,0.010336258689566336,0.04177804295942722,0.053101639344262264,0.05502794939688138,-0.05502794939688138,-0.16463979193758127,0.37,8,左侧观察,,53,0,0
66,M4A4 | Poseidon (Factory New),9141.23,9000.0,213,27,0.1268,0.9846,steamdt-live,9299.5,109,9222.86,81,,11,12,7,2,6,6,6,3,-0.0009599151187175137,-0.005361320580202222,-0.01607337683174681,-0.006316089286238502,0.0222879452347845,0.0,0.03782842105263162,-0.027489094584530305,-0.20217945360914735,0.17,5,左侧观察,,53,0,0
67,P250 | Kintsugi (Factory New),123.99,200.0,104,33,0.3173,1.613,steamdt-live,122.5,115,128.0,60,"溢价求购:买一高于卖一,多为定向收特定图案,买一价不可作退出价",20,0,7,2,2,10,6,5,-0.008899676375404453,0.0,0.005695687550854256,-0.008899676375404453,0.012017098153076833,0.02083333333333326,0.01249496170898834,0.02527619685302973,-0.0032546786004882255,0.37,9,左侧观察,买一异常溢价(不作为可成交退出价),52,0,0
68,M4A1-S | Party Animal (Factory New),151.38,143.0,382,21,0.055,0.9446,steamdt-live,150.0,252,159.31,454,,3,9,9,2,8,10,6,5,0.03661016949152551,-0.009941137998692007,-0.07511913719588659,0.026305084745762652,0.053875000000000006,0.02986597727736573,0.0684307692307693,-0.03879611403898664,-0.15900000000000003,0.12,9,左侧观察,,52,0,0
69,FAMAS | Valence (Factory New),173.39,162.0,285,15,0.0526,0.9343,steamdt-live,185.0,95,175.07,124,,3,9,9,2,10,8,6,5,-0.00011428571428573342,-0.00908675277174531,-0.05405405405405406,-0.009200000000000097,0.06275675675675685,0.0,0.11077491153392494,-0.11077491153392494,-0.20426801284993124,0.37,5,左侧观察,,52,0,0
70,MP9 | Hypnotic (Factory New),93.12,85.0,528,12,0.0227,0.9128,steamdt-live,91.56,212,94.9,264,,3,6,12,2,8,10,6,5,0.040152108265294695,-0.016559139784946275,-0.05685654008438823,0.02292808410692304,0.035232067510548526,0.02292808410692304,0.07616161616161621,-0.07616161616161621,-0.19054783609168957,0.37,11,左侧观察,,52,0,0
71,★ Broken Fang Gloves | Jade (Field-Tested),417.5,507.0,129,30,0.2326,1.2144,steamdt-live,423.5,115,435.0,92,"溢价求购:买一高于卖一,多为定向收特定图案,买一价不可作退出价",17,0,7,5,4,7,6,5,-0.004773269689737458,0.0011990407673860837,-0.011699216907255394,-0.0035799522673031214,0.01523728653646561,0.0011990407673860837,0.022248243559718994,-0.023391812865497075,-0.034682080924855474,0.37,11,左侧观察,买一异常溢价(不作为可成交退出价),51,0,0
72,AK-47 | Baroque Purple (Factory New),396.58,364.0,299,23,0.0769,0.9178,steamdt-live,392.94,97,386.04,146,,7,6,9,2,8,10,6,3,0.028377850162866425,-0.021792012973849473,-0.028456416618142244,0.005967426710097756,0.022658801488645297,0.009070235512455227,0.05843902439024384,-0.05843902439024384,-0.2533075435203095,0.37,19,左侧观察,,51,0,0
73,M4A4 | X-Ray (Factory New),877.8,857.0,1081,62,0.0574,0.9763,steamdt-live,898.5,249,887.78,261,,3,12,15,2,6,4,4,5,-0.003374578177727794,-0.008126410835214481,-0.0176795580110497,-0.0114735658042745,0.028950276243093986,0.0011392116655275508,0.044782608695652204,-0.044252792308779876,-0.2072169598556608,0.37,13,左侧观察,,51,0,0
74,AK-47 | Point Disarray (Factory New),406.98,400.0,1050,51,0.0486,0.9828,steamdt-live,409.0,343,413.28,256,,3,12,15,2,8,7,4,0,0.0,-0.00616136919315402,-0.01918465227817745,-0.00616136919315402,0.025227817745803294,0.016199999999999992,0.061247113163972244,-0.061247113163972244,-0.13052406417112294,0.37,9,左侧观察,,51,0,0
75,★ Driver Gloves | Garden (Minimal Wear),2670.0,3290.0,48,15,0.3125,1.2322,steamdt-live,2699.0,61,2726.5,42,"溢价求购:买一高于卖一,多为定向收特定图案,买一价不可作退出价",20,0,4,5,4,8,6,3,0.0014953271028037562,-0.0033594624860022737,-0.008892182289736983,-0.0018691588785046953,0.010744720266765428,0.0015003750937734317,0.025013693627898514,-0.025013693627898514,-0.0746837636458153,0.37,4,左侧观察,买一异常溢价(不作为可成交退出价),50,0,0
76,AK-47 | Asiimov (Factory New),2100.0,3000.0,239,54,0.2259,1.4286,steamdt-live,2149.5,86,2170.16,85,"溢价求购:买一高于卖一,多为定向收特定图案,买一价不可作退出价",17,0,7,2,10,10,4,0,0.023809523809523725,-0.023255813953488413,-0.04977375565610864,0.0,0.04977375565610864,0.009615384615384581,0.09463246389308044,-0.09463246389308044,-0.15594855305466238,0.37,11,左侧观察,买一异常溢价(不作为可成交退出价),50,0,0
77,FAMAS | Commemoration (Factory New),372.5,370.0,340,29,0.0853,0.9933,steamdt-live,366.49,175,376.9,116,,7,15,9,2,8,7,2,0,-0.013405185125606622,-0.004076197722764241,-0.00535999999999992,-0.01742674066328853,0.022693333333333343,0.018027777777777754,0.056167911408704585,-0.056167911408704585,-0.23885773624091378,0.37,7,左侧观察,,50,0,0
78,AK-47 | Searing Rage (Factory New),114.5,111.0,1393,33,0.0237,0.9694,steamdt-live,116.97,411,119.08,275,,3,12,15,2,6,10,2,0,-0.02086956521739136,0.01687388987566618,-0.002601908065914982,-0.004347826086956497,0.01037165082108904,0.026905829596412634,0.03359216745442273,-0.029661016949152574,-0.17028985507246375,0.37,13,左侧观察,,50,0,0
79,AWP | Duality (Factory New),62.75,60.0,1023,15,0.0147,0.9562,steamdt-live,63.0,639,63.6,521,,3,9,15,2,6,6,6,3,-0.0015847860538827918,-0.003968253968253954,-0.012519561815336422,-0.005546751188589605,0.017996870109546093,0.012096774193548487,0.03387220939183988,-0.031635802469135776,-0.22281397077037401,0.37,12,左侧观察,,50,0,0
80,Five-SeveN | Nightshade (Factory New),94.99,85.0,639,9,0.0141,0.8948,steamdt-live,99.57,55,94.63,46,,3,6,12,2,6,10,6,5,0.030570060922541442,-0.00105563179562973,-0.045086224807812214,0.02948215839860735,0.016933305630583928,0.02948215839860735,0.03369753905851125,-0.03369753905851125,-0.1582458637253158,0.37,3,左侧观察,,50,0,0
81,★ Driver Gloves | Hand Sweaters (Minimal Wear),1458.0,1760.0,43,30,0.6977,1.2071,steamdt-live,1479.5,39,1499.5,47,"溢价求购:买一高于卖一,多为定向收特定图案,买一价不可作退出价",20,0,4,5,6,5,4,5,-0.0020477815699658786,-0.002735978112175075,-0.010135135135135087,-0.004778156996587013,0.014531936465021933,0.00969529085872578,0.0357142857142857,-0.03603305785123967,-0.07310870947234582,0.21,4,左侧观察,买一异常溢价(不作为可成交退出价),49,0,0
82,★ Sport Gloves | Hedge Maze (Field-Tested),24998.0,36220.0,582,113,0.1942,1.4489,steamdt-live,25400.0,375,24950.0,122,"溢价求购:买一高于卖一,多为定向收特定图案,买一价不可作退出价",14,0,12,5,4,10,4,0,-0.02001033797216689,0.012304264174491264,0.008016032064128265,-0.007952286282306154,0.01342454378299296,0.022488182987272065,0.02149188171621308,-0.005956293950078684,-0.09107468123861562,0.36,11,左侧观察,买一异常溢价(不作为可成交退出价),49,0,0
83,★ Driver Gloves | Imperial Plaid (Minimal Wear),1737.5,2770.0,221,25,0.1131,1.5942,steamdt-live,1750.0,162,1790.0,74,"溢价求购:买一高于卖一,多为定向收特定图案,买一价不可作退出价",11,0,7,5,6,9,6,5,-0.00824097755044051,-0.004297994269340966,-0.022494569414274523,-0.012503552145495922,0.034716859538108547,0.0,0.04427942794279427,-0.0071428571428571175,-0.08528560147407216,0.28,3,左侧观察,买一异常溢价(不作为可成交退出价),49,0,0
84,Five-SeveN | Triumvirate (Factory New),83.89,77.0,233,24,0.103,0.9179,steamdt-live,82.98,174,84.14,218,,11,6,7,2,6,6,6,5,-0.0022740873728306354,-0.004558541266794558,-0.01879036993540817,-0.006822262118491795,0.025484439224897293,0.0,0.04002776492364635,-0.04002776492364635,-0.29052667578659364,0.31,2,左侧观察,,49,0,0
85,★ Specialist Gloves | Crimson Web (Field-Tested),789.0,1250.0,567,39,0.0688,1.5843,steamdt-live,783.91,484,786.82,225,"溢价求购:买一高于卖一,多为定向收特定图案,买一价不可作退出价",7,0,12,5,4,10,6,5,-0.0012763241863433805,0.0018019169329073215,-0.01066986552181326,0.0005232929164007416,0.011350594645041734,0.005012820512820371,0.01998999874984375,-0.006451204055766824,-0.055530120481927736,0.37,10,左侧观察,买一异常溢价(不作为可成交退出价),49,0,0
86,Glock-18 | Trace Lock (Factory New),35.49,33.7,266,10,0.0376,0.9496,steamdt-live,34.9,230,36.6,106,,3,9,9,2,8,10,3,5,0.013597033374536327,0.06402439024390238,-0.10061145080600331,0.07849196538936964,0.030016675931072823,0.09062499999999996,0.07106734096353473,-0.027855153203342642,-0.14460784313725483,0.12,10,左侧观察,,49,0,0
87,USP-S | Royal Guard (Factory New),31.0,29.3,1090,40,0.0367,0.9452,steamdt-live,31.5,700,31.22,754,,3,9,15,2,4,10,6,0,-0.004862236628849326,0.009771986970684043,-0.01782871696911803,0.004862236628849326,0.01898734177215189,0.016393442622950838,0.01898734177215189,0.08013937282229966,-0.12823397075365583,0.31,12,左侧观察,,49,0,0
88,AK-47 | Elite Build (Factory New),50.7,47.0,1158,19,0.0164,0.927,steamdt-live,48.4,732,51.0,456,,3,6,15,2,8,8,2,5,0.0,-0.011235955056179914,-0.05319148936170215,-0.011235955056179914,0.06382978723404265,0.010438413361169019,0.07668828691339191,-0.050980392156862786,-0.2642140468227425,0.37,11,左侧观察,,49,0,0
89,★ Broken Fang Gloves | Jade (Minimal Wear),739.7,880.0,75,19,0.2533,1.1897,steamdt-live,725.0,32,771.84,74,"溢价求购:买一高于卖一,多为定向收特定图案,买一价不可作退出价",17,0,4,5,6,10,6,0,-0.03354812726540479,0.007070328235473822,-0.0056067280736884495,-0.02671499530138266,0.03217193966092646,0.007070328235473822,0.03410604849453769,-0.014945652173913082,-0.048631341364197,0.37,4,左侧观察,买一异常溢价(不作为可成交退出价),48,0,0
90,Desert Eagle | Naga (Factory New),169.78,168.0,282,36,0.1277,0.9895,steamdt-live,179.0,58,173.09,115,,11,12,9,2,8,4,2,0,-0.02879919160163924,-0.0186127167630058,-0.021263736263736344,-0.04687587716836017,0.06714285714285717,0.0,0.07218973714410626,-0.054150417827298014,-0.28059322033898304,0.37,11,左侧观察,,48,0,0
91,M4A4 | Desolate Space (Factory New),497.0,480.0,633,60,0.0948,0.9658,steamdt-live,505.94,169,505.0,187,,7,12,12,2,8,5,2,0,0.0,-0.011928429423459286,-0.023300970873786353,-0.011928429423459286,0.03495145631067964,0.01635991820040905,0.05513307984790872,-0.053333333333333344,-0.17715231788079466,0.37,13,左侧观察,,48,0,0
92,M4A1-S | Leaded Glass (Factory New),288.5,284.0,1121,75,0.0669,0.9844,steamdt-live,289.5,192,293.8,221,,7,12,15,2,8,4,0,0,-0.005906452714236843,-0.009169900745269133,-0.023666666666666725,-0.015022191874359825,0.04879657105176394,0.03035714285714275,0.06785137318255252,-0.05718954248366015,-0.14391691394658757,0.32,13,左侧观察,,48,0,0
93,AK-47 | Head Shot (Factory New),535.46,532.0,386,17,0.044,0.9935,steamdt-live,552.5,194,560.0,136,,3,15,9,2,4,4,6,5,-0.0009470752089136836,-0.004702689641071345,-0.009163170677853882,-0.005645311049210733,0.014756752778391058,0.010301886792452919,0.02464525765496639,-0.023773928896991703,-0.10682235195996659,0.37,6,左侧观察,,48,0,0
94,AWP | Crakow! (Factory New),508.0,503.0,752,32,0.0426,0.9902,steamdt-live,510.0,376,512.98,222,,3,15,12,2,2,10,4,0,-0.012757605495583912,0.00994035785288272,-0.006822612085769952,-0.0029440628066732533,0.01071080817916259,0.016000000000000014,0.011673151750972721,-0.0039215686274509665,-0.09656766850435705,0.31,10,左侧观察,,48,0,0
95,AK-47 | Ice Coaled (Factory New),88.0,86.0,1662,34,0.0205,0.9773,steamdt-live,89.59,1247,90.0,711,,3,12,15,2,4,10,2,0,-0.012359550561797716,0.0011376564277587597,-0.0008980691513246208,-0.011235955056179803,0.016759776536312887,0.023255813953488413,0.022113568174241482,-0.02428207118305792,-0.10103177035447952,0.36,10,左侧观察,,48,0,0
96,★ Moto Gloves | Smoke Out (Minimal Wear),1150.0,2020.0,155,35,0.2258,1.7565,steamdt-live,1179.0,130,1176.83,63,"溢价求购:买一高于卖一,多为定向收特定图案,买一价不可作退出价",17,0,7,5,4,5,4,5,0.0008628127696290733,-0.008620689655172376,-0.01571125265392781,-0.007765314926660882,0.023354564755838636,0.004366812227074135,0.028716216216216228,-0.028716216216216228,-0.09493715715826012,0.37,5,左侧观察,买一异常溢价(不作为可成交退出价),47,0,0
97,★ Hand Wraps | Duct Tape (Field-Tested),262.4,296.0,210,27,0.1286,1.128,steamdt-live,269.0,159,276.37,200,"溢价求购:买一高于卖一,多为定向收特定图案,买一价不可作退出价",11,0,7,5,6,9,6,3,-0.0019018638265499987,0.0,-0.03522935779816527,-0.0019018638265499987,0.03529411764705892,0.021051402778318185,0.03882783882783891,-0.020895522388059806,-0.11111111111111116,0.37,9,左侧观察,买一异常溢价(不作为可成交退出价),47,0,0
98,FAMAS | Waters of Nephthys (Factory New),949.0,1135.0,165,24,0.1455,1.196,steamdt-live,1019.5,63,992.95,63,"溢价求购:买一高于卖一,多为定向收特定图案,买一价不可作退出价",11,0,7,2,10,10,6,0,-0.03627311522048371,0.0005271481286241997,-0.005858585858585785,-0.035765088396667366,0.04141414141414146,0.0005271481286241997,0.08227603280210427,-0.08227603280210427,-0.2383627608346709,0.32,7,左侧观察,买一异常溢价(不作为可成交退出价),46,0,0
99,★ Moto Gloves | Polygon (Field-Tested),661.49,869.0,309,30,0.0971,1.3137,steamdt-live,674.5,275,674.1,194,"溢价求购:买一高于卖一,多为定向收特定图案,买一价不可作退出价",7,0,9,5,6,10,4,5,0.005170849712730741,-0.005008874582593803,-0.012098581030619893,0.00013607499244039367,0.0104861630516081,0.0022575757575757915,0.0433845753373151,-0.01928836174944404,-0.10269940314704296,0.37,4,左侧观察,买一异常溢价(不作为可成交退出价),46,0,0
100,AK-47 | Breakthrough (Factory New),57.5,53.0,390,32,0.0821,0.9217,steamdt-live,59.0,355,58.0,328,,7,6,9,2,6,10,6,0,0.007319623562216604,-0.00519031141868509,-0.02745762711864408,0.0020913210177762043,0.025423728813559365,0.02678571428571419,0.03797891919022922,-0.025423728813559365,-0.1600934852468594,1.37,15,左侧观察,,46,0,0
101,P250 | Muertos (Factory New),119.0,115.0,277,20,0.0722,0.9664,steamdt-live,123.84,146,123.59,181,,7,12,9,2,8,4,4,0,-0.008264462809917328,-0.008333333333333304,-0.028658585534237724,-0.016528925619834656,0.04471381552540732,0.0,0.055780369753233416,-0.055780369753233416,-0.2949401587865861,0.37,10,左侧观察,,46,0,0
102,★ Driver Gloves | Seigaiha (Field-Tested),479.5,671.0,64,27,0.4219,1.3994,steamdt-live,482.8,84,490.0,58,"溢价求购:买一高于卖一,多为定向收特定图案,买一价不可作退出价",20,0,4,5,6,4,6,0,0.0020703933747412417,-0.009297520661157077,-0.011258955987717534,-0.007246376811594235,0.0184237461617196,0.003138075313807498,0.03229061553985868,-0.03131313131313129,-0.08492366412213737,0.25,9,左侧观察,买一异常溢价(不作为可成交退出价),45,0,0
103,★ Hand Wraps | Desert Shamagh (Minimal Wear),384.5,456.0,147,27,0.1837,1.186,steamdt-live,403.41,56,385.0,110,"溢价求购:买一高于卖一,多为定向收特定图案,买一价不可作退出价",14,0,7,5,4,9,6,0,0.005220914828956591,-0.006459948320413411,-0.0203816793893129,-0.001272760331437195,0.020382165605095537,0.013175230566534912,0.02658227848101269,-0.024111675126903598,-0.0801435406698564,0.28,8,左侧观察,买一异常溢价(不作为可成交退出价),45,0,0
104,AWP | Oni Taiji (Factory New),3579.0,6360.0,370,49,0.1324,1.777,steamdt-live,3750.0,101,3590.0,112,"溢价求购:买一高于卖一,多为定向收特定图案,买一价不可作退出价",11,0,9,2,8,6,4,5,-0.004427227448810189,-0.0052807115063924215,-0.023243243243243228,-0.009684560044272317,0.0327027027027027,0.0011188811188811432,0.051920529801324555,-0.05041124966834709,-0.131205243354776,0.37,6,左侧观察,买一异常溢价(不作为可成交退出价),45,0,0
105,AWP | Corticera (Factory New),914.5,1000.0,177,31,0.1751,1.0935,steamdt-live,973.68,47,929.99,56,"溢价求购:买一高于卖一,多为定向收特定图案,买一价不可作退出价",14,0,7,2,6,4,6,5,-0.00417391304347825,-0.0018119105833042104,-0.010752688172043001,-0.005978260869565211,0.022447888829502993,0.0,0.045407098121085565,-0.061570035915854304,-0.052331606217616566,0.37,6,左侧观察,买一异常溢价(不作为可成交退出价),44,0,0
106,P250 | Cartel (Factory New),209.48,198.0,83,6,0.0723,0.9452,steamdt-live,216.59,47,215.6,66,,7,9,4,2,6,10,6,0,-0.012352663837812417,0.0,0.024687182955698272,-0.012352663837812417,0.012352663837812417,0.012029566645731515,0.031709346399186544,-0.031709346399186544,-0.20413358155085293,0.19,5,左侧观察,,44,0,0
107,Galil AR | Stone Cold (Factory New),133.99,130.0,362,24,0.0663,0.9702,steamdt-live,135.89,154,135.91,109,,7,12,9,2,8,4,2,0,-0.01193003000805093,-0.007481481481481422,-0.016625881675543464,-0.019322257190953596,0.03825724949755949,0.01515266308053631,0.0529403449250776,-0.04128506010303368,-0.25519733185102833,0.37,7,左侧观察,,44,0,0
108,M4A1-S | Solitude (Factory New),73.08,67.0,4834,35,0.0072,0.9168,steamdt-live,73.5,2707,74.15,2479,,3,6,15,2,8,10,0,0,0.012762453684643793,-0.009756097560975618,-0.05363636363636359,0.0028818443804032867,0.050909090909090904,0.04400000000000004,0.07141041931385017,-0.038294512435846806,-0.2684684684684685,0.28,14,左侧观察,,44,0,0
109,Tec-9 | Sultan (Factory New),37.5,34.2,166,31,0.1867,0.912,steamdt-live,36.9,119,37.67,108,,14,6,7,2,4,8,2,0,-0.016000000000000014,-0.0027100271002710175,0.011054192504718063,-0.01866666666666672,0.023095301300769977,0.022222222222222143,0.023095301300769977,0.022222222222222143,0.1171827565270187,0.12,7,左侧观察,,43,0,0
110,Galil AR | CAUTION! (Factory New),383.5,332.0,55,7,0.1273,0.8657,steamdt-live,444.0,33,397.28,50,,11,3,4,2,10,4,4,5,-0.001540436456996197,-0.013885317562355337,-0.026249999999999996,-0.015404364569961526,0.04125000000000001,0.0,0.10710128055878931,-0.10710128055878931,-0.27573182247403205,1.37,4,左侧观察,,43,0,0
111,Glock-18 | Sand Dune (Factory New),3499.0,560.0,4,2,0.5,0.16,steamdt-live,0.0,0,1849.54,3,,8,1,2,2,10,10,6,3,0.0,0.0,-0.16278964497978887,0.0,0.16278964497978887,0.0,0.16468021877272299,0.0,-0.16871991478383586,0.37,2,左侧观察,,42,0,0
112,Galil AR | Tornado (Factory New),168.41,118.0,31,6,0.1935,0.7007,steamdt-live,168.87,21,148.8,45,,14,1,4,2,10,4,2,5,-0.02268602540834841,-0.013131715081575734,-0.028341100894319182,-0.03551983406792836,0.09196314151461515,0.0,0.09196314151461515,-0.05445764758213123,-0.21684210526315784,1.37,10,左侧观察,,42,0,0
113,★ Hand Wraps | Giraffe (Minimal Wear),453.5,543.0,147,23,0.1565,1.1974,steamdt-live,476.91,76,475.0,57,"溢价求购:买一高于卖一,多为定向收特定图案,买一价不可作退出价",14,0,7,5,6,8,2,0,0.009890109890109855,-0.01305767138193692,-0.01621621621621616,-0.003296703296703285,0.019459459459459483,0.008898776418242438,0.0340788072417465,-0.028907922912205564,-0.06974358974358974,0.34,7,左侧观察,买一异常溢价(不作为可成交退出价),42,0,0
114,★ Specialist Gloves | Marble Fade (Field-Tested),837.0,1280.0,374,47,0.1257,1.5293,steamdt-live,836.0,334,858.62,166,"溢价求购:买一高于卖一,多为定向收特定图案,买一价不可作退出价",11,0,9,5,2,10,2,3,0.009530120481927584,-0.0022794810898544293,-0.02007083825265643,0.0072289156626506035,0.012987012987012991,0.01333333333333342,0.014150943396226467,-0.010650887573964485,-0.06538921620141092,0.36,7,左侧观察,买一异常溢价(不作为可成交退出价),42,0,0
115,Five-SeveN | Hot Shot (Factory New),251.04,230.0,140,12,0.0857,0.9162,steamdt-live,258.22,71,263.9,70,,7,6,7,2,10,6,4,0,-0.02062773327141132,-0.007982296688532453,-0.011136624569460518,-0.028445373272959484,0.03926521239954084,0.0,0.09224371723015734,-0.09224371723015734,-0.26489019033674965,0.37,15,左侧观察,,42,0,0
116,★ Moto Gloves | POW! (Field-Tested),448.5,698.0,625,44,0.0704,1.5563,steamdt-live,459.0,684,453.35,304,"溢价求购:买一高于卖一,多为定向收特定图案,买一价不可作退出价",7,0,12,5,2,10,6,0,-0.0011376564277588708,0.021640091116173155,-0.009019165727170209,0.020477815699658786,0.01078541652881626,0.023972602739726012,0.01078541652881626,-0.005543237250554278,-0.19402663216345895,0.37,13,左侧观察,买一异常溢价(不作为可成交退出价),42,0,0
117,★ Driver Gloves | King Snake (Field-Tested),834.9,1870.0,1613,48,0.0298,2.2398,steamdt-live,850.0,1458,857.48,297,"溢价求购:买一高于卖一,多为定向收特定图案,买一价不可作退出价",3,0,15,5,6,4,4,5,-0.0013048635824436383,-0.008314526665874844,-0.015186915887850483,-0.009608540925266973,0.02350877192982459,0.0,0.03312101910828025,-0.014867256637168147,-0.06443298969072164,0.37,11,左侧观察,买一异常溢价(不作为可成交退出价),42,0,0
118,★ Hydra Gloves | Mangrove (Minimal Wear),215.8,232.0,133,20,0.1504,1.0751,steamdt-live,218.0,52,222.5,93,"溢价求购:买一高于卖一,多为定向收特定图案,买一价不可作退出价",14,0,7,5,4,9,2,0,-0.00958715596330273,-0.0005094715390671078,0.0660146699266504,-0.010091743119265972,0.010091743119265972,0.05525672371638146,0.016811699849651474,-0.016811699849651474,-0.040888888888888864,0.31,7,左侧观察,买一异常溢价(不作为可成交退出价),41,0,0
119,★ Hand Wraps | Arboreal (Field-Tested),237.95,272.0,350,26,0.0743,1.1431,steamdt-live,241.5,342,238.0,227,"溢价求购:买一高于卖一,多为定向收特定图案,买一价不可作退出价",7,0,9,5,4,10,6,0,-0.01043841336116913,0.004008438818565274,0.004192872117400492,-0.006471816283924903,0.02078189300411526,0.008262711864406747,0.02078189300411526,0.01276867418599692,-0.10776557051258018,0.05,13,左侧观察,买一异常溢价(不作为可成交退出价),41,0,0
120,AWP | Pink DDPAT (Factory New),780.0,700.0,35,2,0.0571,0.8974,steamdt-live,989.5,16,834.91,41,,3,6,4,2,10,10,6,0,-0.006369426751592355,0.0,-0.005699810006333128,-0.006369426751592355,0.012658227848101222,0.0,0.10846953937592863,-0.10846953937592863,-0.22657411998016852,0.33,2,左侧观察,,41,0,0
121,M4A4 | Magnesium (Factory New),37.98,35.9,1278,46,0.036,0.9452,steamdt-live,37.0,516,37.99,242,,3,9,15,2,8,4,0,0,-0.0234375,-0.013333333333333308,-0.007238883143743546,-0.03645833333333326,0.04343329886246117,0.05714285714285716,0.07499999999999996,-0.07499999999999996,-0.28211098176173843,0.37,14,左侧观察,,41,0,0
122,AK-47 | Case Hardened (Factory New),2899.0,13550.0,487,41,0.0842,4.674,steamdt-live,3012.99,330,3018.0,195,"溢价求购:买一高于卖一,多为定向收特定图案,买一价不可作退出价",7,0,9,2,6,10,6,0,-0.01993916863805345,-0.00034482758620690834,-0.006543584165130567,-0.020277120648867886,0.02668801976840607,0.010104529616724811,0.03366666666666662,-0.03366666666666662,-0.13694551949985112,0.37,4,左侧观察,买一异常溢价(不作为可成交退出价),40,0,0
123,★ Specialist Gloves | Crimson Kimono (Minimal Wear),17199.5,20110.0,363,19,0.0523,1.1692,steamdt-live,17000.0,355,18221.99,78,"溢价求购:买一高于卖一,多为定向收特定图案,买一价不可作退出价",3,0,9,5,4,10,6,3,0.011904761904761862,0.0,-0.02317062534523362,0.011904761904761862,0.01145548642205041,0.01199511861178082,0.017341040462427793,-0.005847953216374324,0.003068208638187464,0.36,4,左侧观察,买一异常溢价(不作为可成交退出价),40,0,0
124,MP9 | Dry Season (Factory New),2300.0,55.0,2,4,2.0,0.0239,steamdt-live,3888.0,1,693.0,3,,8,1,2,2,6,9,6,5,-0.0028694404591105283,-0.0028776978417266452,-0.03867372834602223,-0.0057388809182209455,0.04419066534260174,0.0,0.04419066534260174,-0.0057388809182209455,-0.008583690987124415,0.2,4,左侧观察,,39,0,0
125,AK-47 | Fuel Injector (Factory New),2353.5,3020.0,445,37,0.0831,1.2832,steamdt-live,2399.5,205,2349.99,130,"溢价求购:买一高于卖一,多为定向收特定图案,买一价不可作退出价",7,0,9,2,4,6,6,5,-0.001059771089444661,-0.002762571610439357,-0.00861525530573648,-0.0038194150063587395,0.01674058577405868,0.0,0.020633465305271992,-0.018793319415448928,-0.08560700389105069,0.36,5,左侧观察,买一异常溢价(不作为可成交退出价),39,0,0
126,P250 | Visions (Factory New),51.8,49.0,422,20,0.0474,0.9459,steamdt-live,52.7,308,53.6,238,,3,9,9,2,6,8,2,0,-0.020715630885122405,-0.0038461538461539435,0.0535714285714286,-0.024482109227871973,0.036279069767441885,0.02777777777777768,0.036279069767441885,0.05822267620020427,-0.15772357723577235,0.37,7,左侧观察,,39,0,0
127,★ Broken Fang Gloves | Yellow-banded (Field-Tested),267.0,282.0,155,18,0.1161,1.0562,steamdt-live,270.0,124,269.96,121,"溢价求购:买一高于卖一,多为定向收特定图案,买一价不可作退出价",11,0,7,5,6,5,4,0,-0.021739130434782594,-0.011111111111111072,-0.010752688172043001,-0.03260869565217395,0.046428571428571375,0.0,0.04982206405693945,-0.03474205560174981,-0.07931034482758625,0.37,9,左侧观察,买一异常溢价(不作为可成交退出价),38,0,0
128,P250 | Bengal Tiger (Factory New),339.3,205.0,25,2,0.08,0.6042,steamdt-live,298.0,24,301.7,29,,7,1,2,2,8,7,6,5,0.0006684491978610207,-0.004676018704074747,-0.014168039538715038,-0.004010695187165791,0.018121911037891292,0.0,0.05845181674565558,-0.021346469622331665,-0.11701087439627844,0.37,5,左侧观察,,38,0,0
129,M4A1-S | Electrum (Factory New),35.74,46.1,527,41,0.0778,1.2899,steamdt-live,36.21,480,36.79,208,"溢价求购:买一高于卖一,多为定向收特定图案,买一价不可作退出价",7,0,12,2,6,6,2,3,-0.005825242718446422,-0.002790178571428603,-0.009615384615384692,-0.008599167822468612,0.023497267759562845,0.02114285714285713,0.03924731182795704,-0.02933188484519278,-0.06951314761780769,0.37,14,左侧观察,买一异常溢价(不作为可成交退出价),38,0,0
130,★ Hand Wraps | Cobalt Skulls (Minimal Wear),2370.0,3670.0,377,27,0.0716,1.5485,steamdt-live,2419.5,309,2400.44,93,"溢价求购:买一高于卖一,多为定向收特定图案,买一价不可作退出价",7,0,9,5,4,7,6,0,0.006976548709758834,-0.01085141903171949,-0.011877076411960119,-0.003950575775405585,0.01578073089700993,0.008510638297872353,0.016189290161892855,-0.008160703075957287,-0.07421875,0.29,4,左侧观察,买一异常溢价(不作为可成交退出价),38,0,0
131,★ Specialist Gloves | Fade (Minimal Wear),2938.5,5060.0,610,33,0.0541,1.722,steamdt-live,2980.0,610,2970.0,163,"溢价求购:买一高于卖一,多为定向收特定图案,买一价不可作退出价",3,0,12,5,4,4,6,3,-0.0005743243243242491,-0.006693033160937056,-0.013004334778259463,-0.007263513513513509,0.02017339113037675,0.0063356164383561175,0.020499999999999963,-0.02017339113037675,-0.10683890577507604,0.37,5,左侧观察,买一异常溢价(不作为可成交退出价),37,0,0
132,Five-SeveN | Candy Apple (Factory New),498.91,439.0,33,3,0.0909,0.8799,steamdt-live,503.91,40,502.7,58,,7,3,4,2,4,10,6,0,-0.009076825295940227,0.0,-0.0010317460317460503,-0.009076825295940227,0.010099206349206247,0.0,0.01885939036381512,-0.01885939036381512,-0.16129845677974652,0.37,4,左侧观察,,36,0,0
133,M4A4 | Global Offensive (Factory New),316.39,293.0,337,29,0.0861,0.9261,steamdt-live,322.2,92,319.9,140,,7,6,9,2,6,4,2,0,-0.0025626601662603887,-0.00867903246020818,-0.020029400955530963,-0.011219451215701115,0.03143941713096199,0.020612903225806445,0.03832826747720364,-0.0412424242424243,-0.19288265306122454,0.26,13,左侧观察,,36,0,0
134,P250 | Red Rock (Factory New),244.9,130.0,8,2,0.25,0.5308,steamdt-live,244.3,9,259.6,13,,8,1,2,2,2,8,6,5,-0.001265306122449017,-0.0015938534472188515,-0.012096774193548376,-0.0028571428571427804,0.014919354838709653,0.0,0.014919354838709653,-0.014919354838709653,-0.10164006766198419,0.37,7,左侧观察,,34,0,0
135,AWP | Fade (Factory New),4050.0,4610.0,480,37,0.0771,1.1383,steamdt-live,4060.0,344,4118.0,207,"溢价求购:买一高于卖一,多为定向收特定图案,买一价不可作退出价",7,0,9,2,8,5,2,0,-0.00012198097096849381,-0.011833597657679662,-0.02346634901727218,-0.011954135154915835,0.0351399642644431,0.02066532258064524,0.061631139944392954,-0.06032482598607891,-0.1539586379778567,0.37,9,左侧观察,买一异常溢价(不作为可成交退出价),33,0,0
136,★ Driver Gloves | Overtake (Field-Tested),255.0,330.0,234,23,0.0983,1.2941,steamdt-live,256.91,214,265.0,201,"溢价求购:买一高于卖一,多为定向收特定图案,买一价不可作退出价",7,0,7,5,6,7,0,0,-0.007751937984496138,-0.00390625,-0.01492879233324429,-0.011627906976744207,0.026383108701462432,0.02822580645161299,0.03409090909090906,-0.03591682419659736,-0.13386094222343004,0.37,10,左侧观察,买一异常溢价(不作为可成交退出价),32,0,0
137,★ Hand Wraps | Constrictor (Field-Tested),256.4,309.0,482,28,0.0581,1.2051,steamdt-live,257.8,330,257.26,220,"溢价求购:买一高于卖一,多为定向收特定图案,买一价不可作退出价",3,0,9,5,2,10,2,0,-0.010101010101009944,0.006279434850863241,0.006412261495151617,-0.0038850038850039015,0.013086989992301956,0.029718875502007913,0.013846153846153952,-0.013846153846153952,-0.12191780821917819,0.36,13,左侧观察,买一异常溢价(不作为可成交退出价),31,0,0
138,M4A4 | Red DDPAT (Factory New),734.0,714.0,159,38,0.239,0.9728,steamdt-live,730.0,27,725.0,66,,17,12,7,2,8,16,4,3,-0.006849315068493178,0.0,-0.01865892348228204,-0.006849315068493178,0.025380437705006198,0.009749303621169991,0.06812339331619532,-0.06812339331619532,-0.3897306397306397,0.37,9,长期阴跌,,69,0,0
139,★ Hand Wraps | Duct Tape (Minimal Wear),426.0,535.0,105,34,0.3238,1.2559,steamdt-live,425.0,69,434.0,61,"溢价求购:买一高于卖一,多为定向收特定图案,买一价不可作退出价",20,0,7,5,4,20,6,5,-0.0060975609756097615,0.04539877300613493,-0.012048192771084376,0.039024390243902474,0.0035087719298245723,0.047970479704797064,0.020689655172413834,0.031501973413399886,-0.053333333333333344,0.37,10,回撤不明显,买一异常溢价(不作为可成交退出价),67,0,0
140,M4A4 | Urban DDPAT (Factory New),138.48,132.0,516,27,0.0523,0.9532,steamdt-live,141.0,112,138.01,151,,3,9,12,2,10,19,6,5,-0.007194244604316502,7.246376811598232e-05,-0.05119453924914674,-0.007122302158273475,0.057952218430034175,0.008845029239765934,0.09537231253277412,-0.048206896551724165,-0.30995000000000006,0.37,7,长期阴跌,,66,0,0
141,Desert Eagle | Sputnik (Factory New),56.3,53.0,2195,71,0.0323,0.9414,steamdt-live,57.65,495,57.54,511,,3,9,15,2,8,20,6,3,-0.013958482462419486,0.016333938294010864,-0.019477101245832573,0.0021474588403722628,0.030470914127423754,0.03819058212829063,0.06666666666666665,-0.06510851419031716,-0.3743016759776536,0.15,10,长期阴跌,,66,0,0
142,Desert Eagle | Eastern Enigma (Factory New),410.5,402.0,73,27,0.3699,0.9793,steamdt-live,414.88,69,408.88,126,,20,12,4,2,4,10,6,5,0.0034229828850855792,-0.0037037037037036535,-0.00944538629208036,-0.00029339853300736074,0.009736013562605894,0.0,0.018295318127250937,-0.012080796366096491,-0.06327605956471938,1.28,2,回撤不明显,,63,0,0
143,★ Bloodhound Gloves | Charred (Field-Tested),1507.48,1450.0,250,81,0.324,0.9619,steamdt-live,1687.5,20,1523.78,62,,20,12,7,5,8,0,6,5,-0.008750809061488618,-0.015671115522239876,-0.018736106700539823,-0.024284789644012927,0.04256589393458243,0.004986666666666695,0.057825000000000015,-0.026804389928986483,-0.10799999999999998,0.37,8,可能加速下跌,,63,0,0
144,AWP | Black Nile (Factory New),93.59,91.0,1036,40,0.0386,0.9723,steamdt-live,92.56,260,93.99,410,,3,12,15,2,10,12,4,5,-0.007470651013874119,-0.004731182795698952,-0.057344064386317894,-0.012166488794023489,0.06881287726358154,0.006086956521739184,0.1258853527245254,-0.14208916489016588,-0.44344898081895257,0.33,12,长期阴跌,,63,0,0
145,★ Hand Wraps | Spruce DDPAT (Field-Tested),2330.0,2280.0,302,139,0.4603,0.9785,steamdt-live,2427.4,26,2403.62,74,,20,12,9,5,8,3,2,3,-0.0054625965626431405,-0.014799154334038,-0.035298174442190744,-0.02018090908708603,0.05820152870464301,0.008221549112938042,0.06665224584299723,-0.06048387096774188,-0.0965490500193874,0.37,10,可能加速下跌,,62,0,0
146,★ Moto Gloves | Eclipse (Field-Tested),3338.5,3230.0,263,109,0.4144,0.9675,steamdt-live,3499.5,21,3398.48,67,,20,12,9,5,8,1,2,5,-0.0030821114369502522,-0.017940926433082538,-0.022922636103151817,-0.020967741935483897,0.04691349565922409,0.0,0.06813227302035685,-0.0034328358208954857,-0.15244986037065245,0.37,6,可能加速下跌,,62,0,0
147,★ Moto Gloves | Boom! (Field-Tested),3087.5,2940.0,268,92,0.3433,0.9522,steamdt-live,3149.0,31,3180.0,72,,20,9,9,5,8,2,2,5,-0.0015847860538826808,-0.019841269841269882,-0.029230769230769282,-0.021394611727416746,0.050000000000000044,0.0,0.0624905110375612,-0.052914110429447825,-0.16100543478260865,0.37,7,可能加速下跌,,60,0,0
148,★ Driver Gloves | Diamondback (Field-Tested),2747.5,2650.0,318,116,0.3648,0.9645,steamdt-live,2878.5,21,2865.5,56,,20,12,9,5,6,0,4,3,-0.003577086574097277,-0.011690647482014427,-0.013444130127298393,-0.01522591559796127,0.02846534653465349,0.0,0.035589299692160736,-0.035585914464631774,-0.2234313171283211,0.37,4,可能加速下跌,,59,0,0
149,★ Sport Gloves | Arid (Field-Tested),6049.5,5960.0,362,110,0.3039,0.9852,steamdt-live,6200.0,63,6167.84,92,,20,12,9,5,8,0,2,3,-0.008762762279926006,-0.018734793187347942,-0.012777777777777777,-0.027333386928209635,0.04971724787935905,0.0,0.06923609508423723,-0.06923609508423723,-0.20401315789473684,0.37,4,可能加速下跌,,59,0,0
150,Five-SeveN | Angry Mob (Factory New),471.0,459.0,237,43,0.1814,0.9745,steamdt-live,474.48,85,474.0,119,,14,12,7,2,2,10,6,5,0.0031948881789136685,0.0,-0.009472773687208558,0.0031948881789136685,0.006308149960969622,0.010729613733905685,0.011542497376705096,0.01943638803515002,-0.018750000000000044,0.37,10,回撤不明显,,58,0,0
151,P250 | Lotus Imprint (Factory New),83.1,79.0,81,18,0.2222,0.9507,steamdt-live,82.8,76,84.5,75,,17,9,4,2,4,10,6,5,0.0,0.0024154589371980784,-0.008264462809917328,0.0024154589371980784,0.005868966343274606,0.0036275695284160303,0.018680539134547147,-0.0163545863948803,0.0024154589371980784,0.11,3,回撤不明显,,57,0,0
152,Glock-18 | Weasel (Factory New),214.0,212.0,519,89,0.1715,0.9907,steamdt-live,218.0,93,213.0,93,,14,15,12,2,8,0,6,0,0.003839748334567128,-0.018387944144891533,-0.005566545521461186,-0.014618800888230976,0.020149047750482985,0.024038461538461453,0.06946264744429886,-0.0273972602739726,-0.021589343132751404,0.26,7,可能加速下跌,,57,0,0
153,AWP | Atheris (Factory New),180.0,176.0,574,49,0.0854,0.9778,steamdt-live,182.07,333,191.74,247,,7,12,12,2,10,7,2,5,-0.0027247956403270157,-0.016393442622950838,-0.06022738912219605,-0.019073569482288777,0.07815220731332573,0.0,0.09999999999999998,-0.1386323395702732,-0.3758235661280255,0.33,12,长期阴跌,,57,0,0
154,Glock-18 | Snack Attack (Factory New),700.0,682.0,372,30,0.0806,0.9743,steamdt-live,724.19,71,706.96,104,,7,12,9,2,8,10,4,5,0.012935251798561254,-0.005667694143382751,-0.014184397163120588,0.007194244604316502,0.007092198581560294,0.007208736816357142,0.06417112299465244,-0.06479625918503673,-0.17647058823529416,0.33,5,回撤不明显,,57,0,0
155,Desert Eagle | Night Heist (Factory New),519.0,509.0,853,68,0.0797,0.9807,steamdt-live,548.5,140,538.88,186,,7,12,12,2,10,10,4,0,-0.04954128440366967,0.0019305019305020377,-0.028520499108734443,-0.047706422018348627,0.0814159292035398,0.007766990291262044,0.12773109243697478,-0.10051993067590992,-0.3560794044665012,0.28,14,长期阴跌,,57,0,0
156,Galil AR | Kami (Factory New),31.4,28.7,501,31,0.0619,0.914,steamdt-live,29.4,204,31.66,103,,7,6,12,2,10,15,2,3,-0.033333333333333326,0.01379310344827589,-0.07692307692307687,-0.020000000000000018,0.09815950920245409,0.01379310344827589,0.10365853658536583,-0.09259259259259256,-0.4367816091954023,0.37,8,长期阴跌,,57,0,0
157,★ Sport Gloves | Red Racer (Minimal Wear),1822.0,2380.0,45,24,0.5333,1.3063,steamdt-live,1829.5,59,1870.0,30,"溢价求购:买一高于卖一,多为定向收特定图案,买一价不可作退出价",20,0,4,5,6,10,6,5,0.027848820687695452,0.007464749792645886,-0.022499999999999964,0.03552145495879522,0.0043715846994535346,0.042334096109839736,0.035978835978836,-0.03801478352692711,-0.035978835978836,0.12,4,回撤不明显,买一异常溢价(不作为可成交退出价),56,0,0
158,★ Moto Gloves | Cool Mint (Field-Tested),6196.49,6110.0,320,127,0.3969,0.986,steamdt-live,6457.0,48,6200.0,101,,20,12,9,5,8,0,2,0,-0.009463722397476393,-0.01329777070063698,-0.014763014763014781,-0.022635646687697242,0.037064491064491056,0.007559349593495801,0.06538612368024133,-0.06538612368024133,-0.25253437876960194,0.37,8,可能加速下跌,,56,0,0
159,★ Moto Gloves | Spearmint (Field-Tested),11589.0,14180.0,408,116,0.2843,1.2236,steamdt-live,11665.0,193,11926.0,102,"溢价求购:买一高于卖一,多为定向收特定图案,买一价不可作退出价",17,0,9,5,4,10,6,5,0.013157894736842035,0.0033766233766234777,-0.02564102564102566,0.016578947368421026,0.009487179487179476,0.016623536120005333,0.02613445378151258,-0.02613445378151258,-0.1714449131336241,0.37,4,回撤不明显,买一异常溢价(不作为可成交退出价),56,0,0
160,AK-47 | B the Monster (Factory New),2326.0,2300.0,508,60,0.1181,0.9888,steamdt-live,2338.0,274,2351.5,159,,11,12,12,2,2,10,4,3,-0.015621656323560829,0.011304347826087024,0.007546356188012027,-0.004493901134175027,0.009791400595998256,0.011304347826087024,0.009791400595998256,0.002586206896551646,-0.0975751697381183,0.37,7,回撤不明显,,56,0,0
161,★ Driver Gloves | Racing Green (Field-Tested),178.2,181.0,192,21,0.1094,1.0157,steamdt-live,177.0,126,180.88,231,,11,15,7,5,2,10,6,0,-0.003021664766248544,0.01218047692571611,-0.018191995521970372,0.009122006841504993,0.009235936188077276,0.047337278106508895,0.009291391469830934,0.0535714285714286,-0.11499999999999999,0.28,8,回撤不明显,,56,0,0
162,Glock-18 | Reactor (Factory New),469.38,443.0,220,21,0.0955,0.9438,steamdt-live,485.0,55,455.66,109,,7,9,7,2,10,10,6,5,0.004493882091212376,0.009169029057406242,-0.01999258726317399,0.013704115684093576,0.004565811032222755,0.03608540439755337,0.08959040959040954,-0.08502008032128505,-0.03461864406779658,0.35,4,回撤不明显,,56,0,0
163,USP-S | Jawbreaker (Factory New),105.89,105.0,404,29,0.0718,0.9916,steamdt-live,108.0,230,108.88,194,,7,15,9,2,4,10,6,3,0.0012338648443430689,0.0037918286093470144,-0.014866760168303017,0.0050303720577069555,0.00991117344553527,0.018173076923077014,0.018446421950315095,-0.018446421950315095,-0.18464618464618465,0.34,5,回撤不明显,,56,0,0
164,M4A4 | Falak (Factory New),865.5,856.0,70,38,0.5429,0.989,steamdt-live,884.37,59,872.88,103,,20,12,4,2,4,2,6,5,-0.004009163802978222,-0.004830362277170819,-0.011190648785791901,-0.008820160366552199,0.01991210583544767,0.018000000000000016,0.025563063063063107,-0.01207928026670324,-0.06856835306781495,0.13,8,暂未减速,,55,0,0
165,AK-47 | Leet Museo (Factory New),3450.76,3420.0,595,97,0.163,0.9911,steamdt-live,3470.0,64,3468.01,86,,14,15,12,2,10,0,2,0,-0.006019718309859146,-0.022068054740791765,-0.02203856749311295,-0.027954929577464704,0.04937741046831945,0.00022028985507249743,0.09137921954815942,-0.07486327077747978,-0.12638987341772145,0.37,11,可能加速下跌,,55,0,0
166,★ Driver Gloves | Crimson Weave (Minimal Wear),7540.0,7440.0,160,23,0.1437,0.9867,steamdt-live,7764.74,25,7688.24,33,,11,12,7,5,10,3,4,3,-1.3054830287906327e-06,-0.015664511311372475,-0.024079500573321422,-0.015665796344647487,0.03936807236590645,0.0,0.10761732642624422,-0.08048780487804874,-0.2062322349721023,0.24,4,可能加速下跌,,55,0,0
167,★ Driver Gloves | Brocade Flowers (Field-Tested),844.99,1500.0,86,37,0.4302,1.7752,steamdt-live,792.5,88,840.0,97,"溢价求购:买一高于卖一,多为定向收特定图案,买一价不可作退出价",20,0,4,5,4,10,6,5,0.003924547411064738,-0.0006305170239596647,-0.012624999999999997,0.003291555893150999,0.009375000000000022,0.003927033189764506,0.027010435850214898,-0.021604938271604923,-0.1164994425863991,0.37,4,回撤不明显,买一异常溢价(不作为可成交退出价),54,0,0
168,★ Specialist Gloves | Blackbook (Minimal Wear),3148.0,4310.0,42,18,0.4286,1.3691,steamdt-live,3230.0,61,3329.0,29,"溢价求购:买一高于卖一,多为定向收特定图案,买一价不可作退出价",20,0,4,5,4,10,6,5,0.01893510276743804,0.0,-0.019206349206349227,0.01893510276743804,0.0006349206349206549,0.01893510276743804,0.027746892990388683,-0.027746892990388683,-0.04577144589269477,0.37,3,回撤不明显,买一异常溢价(不作为可成交退出价),54,0,0
169,★ Sport Gloves | Creme Pinstripe (Field-Tested),525.0,759.0,108,33,0.3056,1.4457,steamdt-live,529.5,104,542.3,60,"溢价求购:买一高于卖一,多为定向收特定图案,买一价不可作退出价",20,0,7,5,6,10,6,0,0.0009727626459143934,0.020408163265306145,-0.014381591562799612,0.021400778210116655,0.0,0.034482758620689724,0.038461538461538436,-0.03581267217630857,-0.08376963350785338,0.26,7,回撤不明显,买一异常溢价(不作为可成交退出价),54,0,0
170,★ Specialist Gloves | Buckshot (Minimal Wear),399.5,511.0,146,30,0.2055,1.2791,steamdt-live,420.0,99,414.0,68,"溢价求购:买一高于卖一,多为定向收特定图案,买一价不可作退出价",17,0,7,5,4,10,6,5,-0.008684863523573227,0.0,0.012562814070351758,-0.008684863523573227,0.008684863523573227,0.0113924050632912,0.02679658952496955,-0.013580246913580285,-0.115171650055371,0.28,4,回撤不明显,买一异常溢价(不作为可成交退出价),54,0,0
171,★ Specialist Gloves | Foundation (Minimal Wear),5799.0,5990.0,182,34,0.1868,1.0329,steamdt-live,5997.0,34,5900.0,53,,14,15,7,5,10,1,2,0,-0.01816969494915821,-0.015449915110356538,-0.02184582372680155,-0.03333888981496913,0.05445639803162572,0.0,0.09248826291079815,-0.07849845621874496,-0.21988296226542003,0.37,4,可能加速下跌,,54,0,0
172,M4A1-S | Mecha Industries (Factory New),1425.0,1420.0,541,85,0.1571,0.9965,steamdt-live,1465.0,173,1459.62,125,,14,15,12,2,8,1,2,0,-0.018305084745762756,-0.015883977900552515,-0.006734006734006703,-0.03389830508474578,0.04554588077695909,0.0,0.05622888933041925,-0.030612244897959218,-0.10630291627469424,0.37,13,可能加速下跌,,54,0,0
173,Glock-18 | Green Line (Factory New),37.8,36.2,1492,37,0.0248,0.9577,steamdt-live,40.99,254,38.47,457,,3,9,15,2,10,9,6,0,-0.027207392197125313,-0.0026385224274406704,-0.027701522335912165,-0.029774127310061682,0.05500000000000005,0.0,0.10213776722090273,-0.10235098551412969,-0.428312159709619,0.21,12,长期阴跌,,54,0,0
174,★ Driver Gloves | Convoy (Minimal Wear),3130.0,3060.0,131,30,0.229,0.9776,steamdt-live,3494.35,33,3272.4,42,,17,12,7,5,10,0,2,0,-0.017999242720419084,-0.018808777429467072,-0.015465979693893073,-0.03646947639965881,0.05137141991210792,0.0,0.09116777681635779,-0.09116777681635779,-0.19702411493073368,0.37,8,可能加速下跌,,53,0,0
175,AK-47 | Hydroponic (Factory New),24796.9,25250.0,225,35,0.1556,1.0183,steamdt-live,25199.0,125,24868.76,82,,14,15,7,2,4,0,6,5,-0.0049437751004015595,0.0008072034838901843,-0.003461869409481122,-0.004140562248995949,0.00758809757268919,0.01211836734693894,0.029589480687199132,-0.029589480687199132,-0.09092275543498185,0.37,7,回撤不明显,,53,0,0
176,Tec-9 | Snek-9 (Factory New),28.39,28.2,409,38,0.0929,0.9933,steamdt-live,29.41,111,29.06,118,,7,15,9,2,6,5,4,5,0.0,-0.006995452955578796,-0.013797861331493522,-0.006995452955578796,0.017307026652821023,0.0,0.031718963165075054,-0.01628551628551622,-0.3125907990314769,0.36,2,长期阴跌,,53,0,0
177,M4A4 | Griffin (Factory New),513.79,509.0,506,39,0.0771,0.9907,steamdt-live,507.38,54,509.34,142,,7,15,12,2,10,5,2,0,-0.02881730170412722,-0.014068633166219757,-0.01779458377356391,-0.042480514823831306,0.05951917551761854,0.014496230979945235,0.10650512450251826,-0.07749090909090905,-0.3402080624187256,0.24,7,长期阴跌,,53,0,0
178,USP-S | Cyrex (Factory New),217.5,213.0,3084,156,0.0506,0.9793,steamdt-live,215.0,424,215.56,540,,3,12,15,2,10,4,2,5,-0.00453089244851268,-0.013838444209461565,-0.028845726476732336,-0.01830663615560646,0.06163874185222451,0.003274087932647385,0.08917197452229297,-0.08723404255319145,-0.3871428571428571,0.37,18,长期阴跌,,53,0,0
179,Glock-18 | Ironwork (Factory New),208.9,201.0,714,32,0.0448,0.9622,steamdt-live,208.0,88,209.01,140,,3,12,12,2,8,10,6,0,0.021955990220049015,-0.004737068759270824,-0.03945514325974642,0.017114914425427896,0.025304592314901564,0.040000000000000036,0.054545454545454564,-0.05882352941176472,-0.34162630962554996,0.33,6,长期阴跌,,53,0,0
180,Glock-18 | Nuclear Garden (Factory New),256.5,253.0,2651,83,0.0313,0.9864,steamdt-live,257.0,311,256.0,298,,3,12,15,2,10,6,2,3,-0.0058076923076922915,-0.009632867809199586,-0.03703703703703709,-0.01538461538461533,0.051851851851851816,0.011857707509881354,0.08447178313425363,-0.07913669064748197,-0.30810810810810807,0.37,15,长期阴跌,,53,0,0
181,★ Broken Fang Gloves | Unhinged (Minimal Wear),477.41,663.0,61,21,0.3443,1.3887,steamdt-live,480.41,64,483.1,61,"溢价求购:买一高于卖一,多为定向收特定图案,买一价不可作退出价",20,0,4,5,2,10,6,5,0.02108510638297867,-0.005209310078973184,-0.024896265560165998,0.01576595744680853,0.00952282157676343,0.02668817204301077,0.01463364293085645,-0.01463364293085645,-0.09151284490960987,0.37,9,回撤不明显,买一异常溢价(不作为可成交退出价),52,0,0
182,★ Specialist Gloves | Sunburst (Field-Tested),1023.0,1540.0,153,43,0.281,1.5054,steamdt-live,1009.4,195,1034.99,64,"溢价求购:买一高于卖一,多为定向收特定图案,买一价不可作退出价",17,0,7,5,2,10,6,5,-0.008420009905893977,0.008391608391608463,0.009500000000000064,-9.90589400693409e-05,0.004536489151873768,0.009400000000000075,0.014671573460363407,-0.014671573460363407,-0.03820867079561696,0.37,4,回撤不明显,买一异常溢价(不作为可成交退出价),52,0,0
183,★ Moto Gloves | Eclipse (Minimal Wear),3368.47,3230.0,147,36,0.2449,0.9589,steamdt-live,3715.72,20,3485.99,37,,17,9,7,5,8,0,6,0,-0.0013054298905649242,-0.0193654129997467,-0.013902069111832893,-0.02064556270133866,0.03426061577364481,0.0,0.05380056179775283,-0.023348796752681977,-0.16415136476426806,0.37,6,可能加速下跌,,52,0,0
184,Tec-9 | Decimator (Factory New),728.5,714.0,203,48,0.2365,0.9801,steamdt-live,807.9,54,779.83,49,,17,12,7,2,10,1,0,3,-0.01308900523560208,-0.03448275862068961,-0.054455445544554504,-0.04712041884816753,0.09900990099009899,0.0,0.14230846263504515,-0.1121951219512195,0.21434528773978312,0.37,13,可能加速下跌,,52,0,0
185,M4A4 | The Coalition (Factory New),6879.49,6840.0,304,45,0.148,0.9943,steamdt-live,7333.0,37,7016.57,62,,11,15,9,2,10,0,0,5,-0.013683406265194153,-0.03105774647887327,-0.011127137852874558,-0.044316176981315625,0.05501510989010994,0.0,0.10655974025974024,-0.07033918918918924,-0.2389523756844959,0.37,7,可能加速下跌,,52,0,0
186,MP9 | Ruby Poison Dart (Factory New),30.0,27.6,549,21,0.0383,0.92,steamdt-live,28.0,243,28.31,272,,3,6,12,2,8,10,6,5,0.00036509675063878255,0.021897810218978186,-0.0522491349480968,0.02227090178897395,0.03114186851211065,0.03703703703703698,0.06666666666666665,-0.05405405405405406,-0.30778739184178006,0.37,8,长期阴跌,,52,0,0
187,★ Specialist Gloves | Forest DDPAT (Field-Tested),1838.48,1790.0,285,81,0.2842,0.9736,steamdt-live,1866.57,32,1819.46,72,,17,12,9,5,8,0,0,0,-0.005270649172748776,-0.021269614145315474,-0.02639228965876539,-0.026428158643864608,0.05212294868455325,0.010805555555555513,0.07147231436590962,-0.07477752351894229,-0.20841853382640851,0.12,7,可能加速下跌,,51,0,0
188,★ Specialist Gloves | Emerald Web (Field-Tested),8134.0,7850.0,377,90,0.2387,0.9651,steamdt-live,8388.0,85,8266.0,100,,17,12,9,5,6,0,2,0,0.0,-0.018641409266409226,0.0,-0.018641409266409226,0.018641409266409226,0.01037267080745341,0.04176484448633366,-0.04176484448633366,-0.2326162845551467,0.37,7,可能加速下跌,,51,0,0
189,FAMAS | Faulty Wiring (Factory New),17.96,16.8,465,14,0.0301,0.9354,steamdt-live,18.65,75,19.15,131,,3,9,9,2,10,12,6,0,-0.08651262761955936,0.05647058823529427,-0.04564102564102568,-0.03492745835572264,0.0789743589743589,0.05647058823529427,0.20776356418173803,-0.20776356418173803,-0.528361344537815,0.37,9,长期阴跌,,51,0,0
190,FAMAS | Neural Net (Factory New),42.69,40.2,535,16,0.0299,0.9417,steamdt-live,41.42,156,41.97,302,,3,9,12,2,10,9,6,0,-0.04145555043758642,-0.0048053820278710635,-0.010708589655958,-0.04606172270842934,0.05627705627705626,0.035758939734933826,0.10675005391416859,-0.10675005391416859,-0.3929356588011139,0.37,8,长期阴跌,,51,0,0
191,M4A4 | Sheet Lightning (Factory New),27.5,27.2,1110,24,0.0216,0.9891,steamdt-live,26.13,517,28.33,632,,3,12,15,2,10,2,2,5,0.0,-0.02134831460674158,-0.03260869565217395,-0.02134831460674158,0.05326086956521747,0.0,0.08283608283608279,-0.07830687830687844,-0.33000000000000007,0.37,6,长期阴跌,,51,0,0
192,Desert Eagle | Crimson Web (Factory New),900.0,884.0,92,20,0.2174,0.9822,steamdt-live,1029.0,54,938.4,60,,17,12,4,2,8,2,2,3,0.0,-0.021739130434782594,-0.030558482613277094,-0.021739130434782594,0.05163329820864071,0.0,0.05163329820864071,-0.03186248144403092,-0.07216494845360821,0.24,4,可能加速下跌,,50,0,0
193,Five-SeveN | Fowl Play (Factory New),485.0,466.0,141,28,0.1986,0.9608,steamdt-live,506.99,42,514.35,44,,14,12,7,2,6,0,4,5,-0.006322318978885799,-0.029611844737895132,0.05225941422594138,-0.03574694818879487,0.03960396039603964,0.056598841009106504,0.03960396039603964,0.11496816018759048,0.12055819971350679,0.37,13,可能加速下跌,,50,0,0
194,FAMAS | Roll Cage (Factory New),888.0,865.0,101,19,0.1881,0.9741,steamdt-live,917.0,43,902.57,56,,14,12,7,2,2,7,6,0,-0.006707589285714244,-0.0022359801795526213,0.0,-0.008928571428571397,0.008928571428571397,0.0,0.008928571428571397,-0.006711409395973145,-0.10293969087786647,0.37,4,回撤不明显,,50,0,0
195,★ Driver Gloves | Lunar Weave (Minimal Wear),4365.0,4250.0,156,24,0.1538,0.9737,steamdt-live,4499.9,23,4578.2,54,,14,12,7,5,10,0,2,0,-0.00553097345132747,-0.028921023359288145,-0.03418803418803418,-0.034292035398230114,0.06730769230769229,0.0,0.09090909090909094,-0.09090909090909094,-0.2942032500606354,0.37,5,可能加速下跌,,50,0,0
196,USP-S | Kill Confirmed (Factory New),1530.0,1540.0,265,38,0.1434,1.0065,steamdt-live,1560.0,116,1568.21,83,,11,15,9,2,6,0,2,5,-0.0009529961816193699,-0.020486555697823317,-0.005305917306578922,-0.021420028270088043,0.02661229267796128,0.020000000000000018,0.034700315457413256,-0.012903225806451646,-0.11432706222865407,0.37,5,可能加速下跌,,50,0,0
197,Desert Eagle | Conspiracy (Factory New),144.0,142.0,1407,63,0.0448,0.9861,steamdt-live,143.0,805,142.65,281,,3,12,15,2,6,10,2,0,0.010714285714285676,0.008127208480565473,-0.020979020979020935,0.018928571428571406,0.002447552447552459,0.05666666666666664,0.039393939393939315,-0.039393939393939315,-0.09982962074840662,0.37,11,回撤不明显,,50,0,0
198,Galil AR | Rainbow Spoon (Factory New),171.22,167.0,925,25,0.027,0.9754,steamdt-live,172.0,405,172.64,610,,3,12,15,2,2,10,6,0,0.01605976822166011,-0.008684576192681814,-0.011686046511627857,0.007235719748220459,0.008684576192681814,0.010207091863826623,0.010289017341040485,-0.0045348837209302495,-0.12055061893266217,0.29,9,回撤不明显,,50,0,0
199,USP-S | Guardian (Factory New),33.05,31.7,1179,14,0.0119,0.9592,steamdt-live,32.0,672,33.47,513,,3,9,15,2,10,7,4,0,-0.03857566765578646,-0.012345679012345623,-0.007363770250368162,-0.05044510385756684,0.06405381690552792,0.0,0.08045977011494243,-0.02705989662511399,-0.3340270551508845,0.29,7,长期阴跌,,50,0,0
200,★ Specialist Gloves | Lime Polycam (Minimal Wear),3440.0,4620.0,30,40,1.3333,1.343,steamdt-live,3500.0,36,3508.79,30,"溢价求购:买一高于卖一,多为定向收特定图案,买一价不可作退出价",20,0,4,5,4,10,6,0,0.0,0.0117647058823529,-0.011340505961035197,0.0117647058823529,0.0,0.042424242424242475,0.024113475177305,-0.024113475177305,-0.09354413702239794,0.12,5,回撤不明显,买一异常溢价(不作为可成交退出价),49,0,0
201,AK-47 | Consequence of the Jinn (Factory New),3588.0,3480.0,21,25,1.1905,0.9699,steamdt-live,3640.0,19,3628.0,38,,20,12,2,2,4,0,4,5,-0.0001393534002229746,0.00013937282229958825,-0.0030536344918991043,0.0,0.01668457170419424,0.008182349503214503,0.01698630136986301,-0.01698630136986301,-0.10007524454477046,0.37,5,暂未减速,,49,0,0
202,★ Bloodhound Gloves | Snakebite (Minimal Wear),1248.0,1200.0,149,32,0.2148,0.9615,steamdt-live,1444.98,16,1297.82,42,,17,12,7,5,6,0,2,0,1.562524414433497e-05,-0.025000000000000022,-0.0062189923834812255,-0.02498476538695915,0.03104837770479585,0.0,0.045448287466919646,-0.04620699142503404,-0.17350993377483448,0.14,4,可能加速下跌,,49,0,0
203,★ Sport Gloves | Scarlet Shamagh (Minimal Wear),1970.0,2800.0,176,27,0.1534,1.4213,steamdt-live,1970.0,167,1993.43,65,"溢价求购:买一高于卖一,多为定向收特定图案,买一价不可作退出价",14,0,7,5,2,10,6,5,-0.005050505050505083,0.0,0.011556263985531556,-0.005050505050505083,0.005050505050505083,0.01051551679917928,0.005050505050505083,0.012072951451322922,-0.08796296296296291,0.3,2,回撤不明显,买一异常溢价(不作为可成交退出价),49,0,0
204,USP-S | Orange Anolis (Factory New),415.5,405.0,257,28,0.1089,0.9747,steamdt-live,428.0,62,428.17,121,,11,12,9,2,6,5,4,0,-0.020979020979020935,-0.010714285714285676,0.009411764705882453,-0.03146853146853146,0.03817217991157207,0.0,0.04682159161294763,-0.03819444444444442,-0.3497652582159625,0.37,12,长期阴跌,,49,0,0
205,Glock-18 | Water Elemental (Factory New),284.08,280.0,646,58,0.0898,0.9856,steamdt-live,285.5,277,295.0,319,,7,12,12,2,10,4,2,0,-0.008635578583765069,-0.011916376306620236,-0.04265873015873012,-0.02044905008635589,0.0609933774834438,0.014597495527727933,0.08522580645161293,-0.07778861788617897,-0.33895895009207677,0.24,12,长期阴跌,,49,0,0
206,Glock-18 | Steel Disruption (Factory New),233.0,226.0,365,25,0.0685,0.97,steamdt-live,239.49,74,235.09,96,,7,12,9,2,10,0,4,5,-0.002633143633738233,-0.007835121785045196,-0.003765601861645762,-0.010447634417735552,0.012251473144262115,0.026522160542779227,0.10038610038610041,-0.10384615384615381,-0.19377162629757783,0.25,3,可能加速下跌,,49,0,0
207,Desert Eagle | Midnight Storm (Factory New),553.58,529.0,859,47,0.0547,0.9556,steamdt-live,581.22,157,573.0,143,,3,9,12,2,8,8,2,5,-0.005357142857142838,-0.0061400359066426935,-0.05803195962994112,-0.011464285714285594,0.06961344537815117,0.015743119266055094,0.07736666666666658,-0.07582637729549246,-0.3032347388294524,0.36,5,长期阴跌,,49,0,0
208,M4A4 | Desert-Strike (Factory New),477.5,460.0,893,43,0.0482,0.9634,steamdt-live,484.5,147,482.07,192,,3,12,12,2,8,3,4,5,-0.0061574064508130855,-0.007255868105366048,-0.019291171047032374,-0.013368597227100931,0.031420515629120294,0.0,0.05755338886037975,-0.05755338886037975,-0.21721311475409832,0.28,7,暂未减速,,49,0,0
209,MP9 | Music Box (Factory New),43.67,38.8,303,13,0.0429,0.8885,steamdt-live,42.1,88,41.75,111,,3,6,9,2,10,8,6,5,-0.0023809523809523725,-0.0035799522673031214,-0.032258064516129004,-0.005952380952380931,0.03801843317972342,0.0,0.08643326039387311,-0.08643326039387311,-0.5286746443892527,0.37,5,长期阴跌,,49,0,0
210,AK-47 | Safety Net (Factory New),75.0,74.0,1878,47,0.025,0.9867,steamdt-live,76.0,407,77.0,526,,3,12,15,2,10,1,6,0,-0.00663942798774253,-0.0359897172236503,-0.06483582089552242,-0.042390194075587195,0.10233393177737882,0.0,0.11764705882352944,-0.09529553679131486,-0.375,0.36,12,长期阴跌,,49,0,0
211,AK-47 | Steel Delta (Factory New),59.0,57.0,1923,41,0.0213,0.9661,steamdt-live,59.88,334,61.1,437,,3,12,15,2,10,2,2,3,-0.0006618133686300265,-0.023178807947019875,-0.0340418731021257,-0.02382528127068162,0.05705609717116833,0.0018678892851078377,0.10660205935796496,-0.10660205935796496,-0.38310330405688,0.37,10,长期阴跌,,49,0,0
212,Galil AR | Aqua Terrace (Factory New),877.2,774.0,28,7,0.25,0.8824,steamdt-live,928.9,25,875.59,38,,17,6,2,2,0,10,6,5,0.014682080924855567,-0.0024040104819414987,-0.01446963655007416,0.012242774566473935,0.0024040104819414987,0.012242774566473935,0.004672047288848513,-0.004672047288848513,-0.061432093471969096,0.37,3,回撤不明显,,48,0,0
213,AK-47 | Aphrodite (Factory New),1790.0,1740.0,364,74,0.2033,0.9721,steamdt-live,1887.48,213,1851.5,195,,17,12,9,2,8,0,0,0,-0.0029649595687331054,-0.032170856988375185,-0.017478813559322015,-0.035040431266846306,0.05214775904431079,0.008450704225352101,0.05214775904431079,-0.04021447721179627,-0.09090909090909094,0.37,12,可能加速下跌,,48,0,0
214,AWP | Containment Breach (Factory New),2550.0,2600.0,152,25,0.1645,1.0196,steamdt-live,2646.02,57,2619.95,91,,14,15,7,2,8,0,2,0,-0.014347147695703444,-0.015444015444015413,3.8057543005010075e-05,-0.02956958556912881,0.02975420439844756,0.0,0.05450500556173521,-0.05450500556173521,-0.16666666666666663,0.37,3,可能加速下跌,,48,0,0
215,★ Hand Wraps | Leather (Minimal Wear),3800.0,3730.0,195,31,0.159,0.9816,steamdt-live,3946.31,28,3907.43,47,,14,12,7,5,8,0,2,0,-0.004342273307790578,-0.025141097998973794,-0.028535980148883366,-0.02937420178799488,0.049524762381190635,0.0,0.07271839921913126,-0.07271839921913126,-0.19797382861967072,0.19,8,可能加速下跌,,48,0,0
216,★ Specialist Gloves | Forest DDPAT (Minimal Wear),1852.98,1830.0,166,23,0.1386,0.9876,steamdt-live,2077.1,24,1881.65,52,,11,12,7,5,10,1,2,0,-0.023983557664075672,-0.022055447363004466,-0.01953030303030312,-0.045510036933442466,0.06415151515151518,0.0,0.09566617862371884,-0.09566617862371884,-0.23430578512396694,0.37,20,可能加速下跌,,48,0,0
217,★ Sport Gloves | Arid (Minimal Wear),7288.0,7240.0,166,22,0.1325,0.9934,steamdt-live,7720.0,42,7535.47,40,,11,15,7,5,8,0,2,0,-0.01320176023469799,-0.015135135135135092,-0.019738562091503264,-0.028137084944659274,0.05344379952438405,0.0,0.0656410256410257,-0.04098953878544642,-0.16225070406345188,0.36,8,可能加速下跌,,48,0,0
218,M4A1-S | Master Piece (Factory New),1949.0,1830.0,82,10,0.122,0.9389,steamdt-live,2110.5,25,2068.0,72,,11,9,4,2,6,10,6,0,-0.008110143275805948,-0.0002564760194921911,-3.052658356650362e-05,-0.008364539238033264,0.008394810480793713,0.0,0.030348258706467623,-0.030348258706467623,-0.20416496529195594,0.37,2,回撤不明显,,48,0,0
219,Glock-18 | Twilight Galaxy (Factory New),3070.0,3000.0,310,24,0.0774,0.9772,steamdt-live,3099.5,88,3141.79,118,,7,12,9,2,8,3,2,5,-0.00031972580315120513,-0.018127854465439297,-0.02584515333295956,-0.018441784325762156,0.043810306915089026,0.0,0.0696969696969697,-0.0696969696969697,-0.1469568310140933,0.37,3,可能加速下跌,,48,0,0
220,M4A4 | Buzz Kill (Factory New),3007.0,2960.0,999,72,0.0721,0.9844,steamdt-live,3040.0,145,3021.03,138,,7,12,15,2,8,0,4,0,-0.005073649754500864,-0.010692548116466472,-0.006827048114434353,-0.01571194762684125,0.030000000000000027,0.000665557404326167,0.05276421483698224,-0.045396825396825435,-0.17884158496955138,0.37,8,可能加速下跌,,48,0,0
221,FAMAS | Djinn (Factory New),239.88,216.0,132,9,0.0682,0.9005,steamdt-live,230.04,42,225.73,127,,7,6,7,2,8,9,6,3,-0.01766953199617949,-0.0023865293675697785,-0.02211844618976866,-0.020013892506729247,0.04168966249203998,0.0017751741889671102,0.050077852123048494,-0.047271345967163314,-0.30252749969101467,0.37,8,长期阴跌,,48,0,0
222,P250 | Undertow (Factory New),267.73,255.0,144,9,0.0625,0.9525,steamdt-live,271.15,95,271.79,103,,7,9,7,2,6,6,6,5,-0.0037038408829956904,-0.004684189003308692,-0.02085297744251835,-0.008370680395570207,0.02904910422862117,0.0,0.04955802477901228,-0.04955802477901228,-0.33067499999999994,0.37,4,长期阴跌,,48,0,0
223,MP9 | Goo (Factory New),23.39,22.0,500,20,0.04,0.9406,steamdt-live,22.9,270,22.95,611,,3,9,9,2,10,9,6,0,-0.03361344537815125,-0.004347826086956608,-0.03604698258404215,-0.037815126050420256,0.07061688311688319,0.0,0.08400000000000007,-0.04860822600747827,-0.6183333333333334,0.32,5,长期阴跌,,48,0,0
224,M4A1-S | Boreal Forest (Factory New),62.7,59.0,591,23,0.0389,0.941,steamdt-live,64.32,124,65.08,126,,3,9,12,2,10,5,2,5,0.0,-0.020312499999999956,-0.05882352941176472,-0.020312499999999956,0.07794117647058818,0.0,0.14809782608695643,-0.14809782608695643,-0.39420289855072466,0.28,4,长期阴跌,,48,0,0
225,AWP | PAW (Factory New),44.29,42.9,1255,28,0.0223,0.9686,steamdt-live,44.0,1043,44.83,336,,3,12,15,2,2,10,4,0,-0.006772009029345272,0.002272727272727204,0.020267157991708862,-0.004514672686230181,0.006756756756756688,0.01847575057736739,0.006756756756756688,0.005701254275940704,-0.059300341296928294,0.37,14,回撤不明显,,48,0,0
226,M4A1-S | Fizzy POP (Factory New),70.0,69.0,2712,50,0.0184,0.9857,steamdt-live,71.8,445,73.08,509,,3,12,15,2,10,0,6,0,-0.006359945872801087,-0.046711153479504386,-0.04025974025974022,-0.05277401894451972,0.09979423868312765,0.0010010010010008674,0.13021868787276347,-0.13021868787276347,-0.42613543203803905,0.37,15,长期阴跌,,48,0,0
227,AK-47 | Slate (Factory New),91.58,88.0,1843,23,0.0125,0.9609,steamdt-live,92.4,1391,94.6,635,,3,12,15,2,2,10,4,0,-0.020674646354733484,0.017555555555555546,-0.0021715526601518986,-0.003482045701849956,0.006724511930585764,0.02898876404494377,0.007800650054171188,0.006373626373626262,-0.09317754233092379,0.36,10,回撤不明显,,48,0,0
228,AWP | Sovereign Flame (Factory New),2953.0,2840.0,25,31,1.24,0.9617,steamdt-live,3007.5,14,2947.99,45,,20,12,2,2,4,0,4,3,-0.0013468013468013185,-0.006072151045178775,-0.002110016530702863,-0.007410774410774534,0.015696160267111958,0.0,0.017336666666666778,-0.017336666666666778,-0.060850589359668805,0.33,3,可能加速下跌,,47,0,0
229,★ Bloodhound Gloves | Guerrilla (Field-Tested),1167.0,1140.0,218,48,0.2202,0.9769,steamdt-live,1308.15,22,1185.33,72,,17,12,7,5,4,2,0,0,-0.008438818565400852,-0.006382978723404209,-0.000843170320404707,-0.014767932489451518,0.023012552301255207,0.05370036101083042,0.025865665415102157,-0.010173802458668946,-0.11216730038022815,0.37,7,可能加速下跌,,47,0,0
230,★ Specialist Gloves | Pillow Punchers (Field-Tested),2430.0,5730.0,206,42,0.2039,2.358,steamdt-live,2429.0,223,2578.9,135,"溢价求购:买一高于卖一,多为定向收特定图案,买一价不可作退出价",17,0,7,5,2,10,6,0,-0.012762453684643904,0.012927439532944174,0.006005384137502512,0.0,0.0001646497077467668,0.012927439532944174,0.0079640596283439,-0.002464065708418839,-0.02878848460615757,0.37,5,回撤不明显,买一异常溢价(不作为可成交退出价),47,0,0
231,M4A1-S | Golden Coil (Factory New),1527.99,1480.0,334,59,0.1766,0.9686,steamdt-live,1572.52,94,1516.08,131,,14,12,9,2,10,0,0,0,-0.018482378601767935,-0.02599090318388564,-0.026099378881987545,-0.04399290807280709,0.0683654443753885,0.007392473118279508,0.08792211743230904,-0.08792211743230904,-0.15596846846846846,0.11,9,可能加速下跌,,47,0,0
232,M4A4 | Royal Paladin (Factory New),1309.49,1270.0,324,54,0.1667,0.9698,steamdt-live,1396.7,84,1359.9,77,,14,12,9,2,8,0,2,0,-0.008148148148148127,-0.02203883495145631,-0.0072799470549306244,-0.03000740740740737,0.050956660385563124,0.007300000000000084,0.0630571972352999,-0.06464999999999999,-0.1605833333333333,0.36,4,可能加速下跌,,47,0,0
233,AK-47 | Neon Rider (Factory New),1439.0,1410.0,475,78,0.1642,0.9798,steamdt-live,1478.5,191,1474.21,114,,14,12,9,2,10,0,0,0,-0.013440860215053752,-0.01975476839237056,-0.03376623376623378,-0.03293010752688175,0.07161290322580649,0.014180198466395844,0.09439329385332818,-0.07161290322580649,-0.05328947368421055,0.28,12,可能加速下跌,,47,0,0
234,AK-47 | Frontside Misty (Factory New),767.49,751.0,404,66,0.1634,0.9785,steamdt-live,797.4,94,784.0,173,,14,12,9,2,6,0,4,0,-0.00957243139757502,-0.011610824742268044,-0.010732323232323204,-0.02107211231652839,0.03157828282828279,0.0012924281984334485,0.03885964912280704,-0.029126582278480972,-0.12384053004340867,0.37,13,可能加速下跌,,47,0,0
235,Tec-9 | Orange Murano (Factory New),94.49,86.0,72,11,0.1528,0.9101,steamdt-live,96.62,23,96.5,26,,14,6,4,2,0,10,6,5,-0.0025213768910327117,0.038465765468732815,-0.008370475051636017,0.035847401885551466,0.00010582010582016466,0.038465765468732815,0.00010582010582016466,0.027065217391304186,-0.10009523809523813,0.37,2,回撤不明显,,47,0,0
236,M4A1-S | Control Panel (Factory New),994.0,980.0,784,110,0.1403,0.9859,steamdt-live,1059.0,76,1022.0,133,,11,12,12,2,10,0,0,0,-0.03625516291877007,-0.053333333333333344,-0.026362823949955372,-0.08765488756310236,0.11605157847932412,0.004547751389590626,0.15762711864406775,-0.1371527777777778,0.017400204708290623,0.24,13,可能加速下跌,,47,0,0
237,Galil AR | Phoenix Blacklight (Factory New),961.5,928.0,460,33,0.0717,0.9652,steamdt-live,978.5,144,973.3,135,,7,12,9,2,6,2,4,5,-0.005110417863886441,-0.008251676121712181,-0.016660107569198446,-0.013319924472539268,0.02975812066721162,0.002606882168926017,0.03849999999999998,-0.03849999999999998,-0.22114216281895505,0.37,9,暂未减速,,47,0,0
238,AK-47 | Nouveau Rouge (Factory New),353.0,343.0,424,28,0.066,0.9717,steamdt-live,367.0,290,369.5,177,,7,12,9,2,8,2,2,5,0.0,-0.019444444444444486,-0.024390243902439046,-0.019444444444444486,0.04336043360433606,0.0,0.06860158311345643,-0.03417330159511889,-0.12623762376237624,0.37,9,可能加速下跌,,47,0,0
239,USP-S | Cortex (Factory New),164.99,160.0,542,35,0.0646,0.9698,steamdt-live,169.0,163,172.87,237,,7,12,12,2,10,0,4,0,-0.017449275362318772,-0.026550238952150584,-0.025423728813559365,-0.04353623188405786,0.07037412666215903,0.0,0.09346153846153837,-0.10806573683641463,-0.27791150597400327,0.29,9,可能加速下跌,,47,0,0
240,M4A4 | Polysoup (Factory New),135.5,134.0,1258,32,0.0254,0.9889,steamdt-live,141.99,290,143.5,425,,3,12,15,2,8,0,4,3,-0.00366300366300365,-0.003676470588235281,-0.0072727272727273196,-0.0073260073260073,0.025109720123750012,0.0037037037037037646,0.06228373702422141,-0.04570744418621031,-0.24301675977653636,0.31,7,暂未减速,,47,0,0
241,AWP | Acheron (Factory New),52.8,52.0,2419,52,0.0215,0.9848,steamdt-live,50.8,584,52.67,509,,3,12,15,2,10,0,0,5,-0.03690909090909089,-0.04096658485935434,-0.050086355785837644,-0.07636363636363641,0.12262521588946462,0.0,0.1870699311889903,-0.1870699311889903,-0.41922945009717616,0.37,11,长期阴跌,,47,0,0
242,★ Sport Gloves | Creme Pinstripe (Minimal Wear),1080.0,1020.0,38,22,0.5789,0.9444,steamdt-live,1085.0,42,1119.18,35,,20,9,4,5,2,0,6,0,-0.000947418285172863,0.024182076813655806,-0.0009465215333648302,0.023211747986736198,0.013248058474189084,0.02857142857142847,0.013248058474189084,0.000926784059314123,-0.039145907473309594,0.37,4,暂未减速,,46,0,0
243,★ Sport Gloves | Superconductor (Minimal Wear),17199.5,30240.0,179,41,0.2291,1.7582,steamdt-live,17588.0,154,17200.0,45,"溢价求购:买一高于卖一,多为定向收特定图案,买一价不可作退出价",17,0,7,5,6,0,6,5,-2.8901734104080923e-05,-0.005751611318246197,-0.002853108158736517,-0.005780346820809301,0.008616963024871027,5.8142915285719354e-05,0.0335992808180694,-0.018712916476494756,-0.09940571249050978,0.37,3,回撤不明显,买一异常溢价(不作为可成交退出价),46,0,0
244,FAMAS | Bad Trip (Factory New),503.5,480.0,132,28,0.2121,0.9533,steamdt-live,501.81,49,512.91,80,,17,9,7,2,0,0,6,5,0.020165289256198315,0.016303467271548966,0.0,0.036797520661157046,0.0,0.0456553448635133,0.0,0.03465979381443307,-0.015093228655544633,1.27,4,回撤不明显,,46,0,0
245,Tec-9 | Fuel Injector (Factory New),264.05,256.0,414,46,0.1111,0.9695,steamdt-live,279.29,146,266.73,163,,11,12,9,2,10,0,2,0,-0.005782688766114208,-0.021783425332493556,-0.021621621621621623,-0.027440147329650055,0.05693060466445232,0.007824427480916052,0.08945136039173762,-0.08945136039173762,-0.16174603174603175,0.31,13,可能加速下跌,,46,0,0
246,USP-S | Para Green (Factory New),224.42,213.0,197,21,0.1066,0.9491,steamdt-live,236.88,95,230.46,100,,11,9,7,2,10,2,2,3,-0.00448295185137304,-0.02827451829400307,-0.04558357674743896,-0.0326307168412433,0.07672686880322543,0.0,0.0855675984027382,-0.0855675984027382,-0.3766111111111111,0.37,3,长期阴跌,,46,0,0
247,Glock-18 | Gold Toof (Factory New),870.0,860.0,551,55,0.0998,0.9885,steamdt-live,907.0,121,888.58,161,,7,12,12,2,8,0,2,3,-0.006737787759685587,-0.016393442622950838,-0.021428571428571463,-0.023020774845592396,0.03867403314917128,0.0005750431282345314,0.07397551889302822,-0.07397551889302822,-0.17924528301886788,0.13,14,可能加速下跌,,46,0,0
248,★ Moto Gloves | Turtle (Field-Tested),350.0,495.0,348,30,0.0862,1.4143,steamdt-live,348.5,322,350.7,155,"溢价求购:买一高于卖一,多为定向收特定图案,买一价不可作退出价",7,0,9,5,4,10,6,5,0.011594202898550732,-0.0014326647564469885,-0.011121302453565685,0.010144927536231974,0.004285714285714337,0.02499999999999991,0.018309859154929553,-0.008534850640113834,-0.07313829787234039,0.37,10,回撤不明显,买一异常溢价(不作为可成交退出价),46,0,0
249,MP9 | Latte Rush (Factory New),338.4,325.0,509,38,0.0747,0.9604,steamdt-live,348.0,176,342.55,250,,7,12,12,2,4,0,6,3,-0.0026595744680850686,0.002666666666666595,0.0011834319526626835,0.0,0.010526315789473717,0.010149253731343233,0.025906735751295318,-0.017421602787456414,-0.22739726027397267,0.37,11,暂未减速,,46,0,0
250,Tec-9 | Isaac (Factory New),103.0,96.0,248,18,0.0726,0.932,steamdt-live,100.44,89,102.94,157,,7,9,7,2,10,4,2,5,-0.004854368932038833,-0.020097560975609774,-0.0500783915890437,-0.02485436893203885,0.07368809370100537,0.0,0.13001299263750543,-0.13001299263750543,-0.39852685789568243,0.25,5,长期阴跌,,46,0,0
251,AWP | Safari Mesh (Factory New),39.9,37.4,467,32,0.0685,0.9373,steamdt-live,43.0,116,40.23,174,,7,9,9,2,8,0,6,5,-0.0002518891687658398,0.013605442176870763,-0.007499999999999951,0.01335012594458429,0.0,0.013605442176870763,0.054079473312955706,-0.04961020552799433,-0.2809651474530832,0.19,2,回撤不明显,,46,0,0
252,★ Specialist Gloves | Mogul (Field-Tested),646.5,690.0,334,22,0.0659,1.0673,steamdt-live,645.0,270,647.2,196,"溢价求购:买一高于卖一,多为定向收特定图案,买一价不可作退出价",7,0,9,5,4,10,6,5,0.0,0.0078125,-0.012345679012345734,0.0078125,0.00462962962962965,0.0078125,0.021214604388600566,-0.012704729833154738,-0.07447266465777014,0.37,8,回撤不明显,买一异常溢价(不作为可成交退出价),46,0,0
253,P250 | Wingshot (Factory New),40.79,38.0,221,14,0.0633,0.9316,steamdt-live,46.55,122,41.69,131,,7,9,7,2,6,6,4,5,-0.003403014098201318,-0.0051219512195122,-0.020242914979757165,-0.008507535245503184,0.026259250417760782,0.0,0.030655893536121637,0.020260130065032467,-0.3982888331612333,0.19,3,长期阴跌,,46,0,0
254,★ Specialist Gloves | Tiger Strike (Field-Tested),993.88,1510.0,993,55,0.0554,1.5193,steamdt-live,995.0,820,990.0,294,"溢价求购:买一高于卖一,多为定向收特定图案,买一价不可作退出价",3,0,15,5,4,10,4,5,-0.00010101010101015717,0.00010102030508130078,-0.009504752376188086,0.0,0.009504752376188086,0.010204081632652962,0.015317286652078765,-0.004024144869215318,-0.06603773584905659,0.36,12,回撤不明显,买一异常溢价(不作为可成交退出价),46,0,0
255,P250 | Cyber Shell (Factory New),22.53,20.8,351,14,0.0399,0.9232,steamdt-live,21.5,124,21.74,111,,3,6,9,2,10,10,6,0,-0.024058102587380947,0.0,-0.004068716094032587,-0.024058102587380947,0.04188948306595375,0.004672897196261738,0.10416666666666663,-0.10416666666666663,-0.37825332562174663,0.37,4,长期阴跌,,46,0,0
256,Tec-9 | Flash Out (Factory New),23.0,22.5,910,19,0.0209,0.9783,steamdt-live,21.17,206,21.22,114,,3,12,15,2,10,1,0,3,0.0,-0.04458598726114649,-0.051359516616314216,-0.04458598726114649,0.09365558912386718,0.0,0.12133891213389114,-0.12133891213389114,-0.43243243243243246,0.16,8,长期阴跌,,46,0,0
257,Glock-18 | Ghost Protocol (Factory New),3300.0,3150.0,8,20,2.5,0.9545,steamdt-live,3428.0,13,3429.9,16,,20,9,2,2,8,0,4,0,0.0058035714285713524,-0.023524189968930354,-0.008521989565874355,-0.017857142857142905,0.02622695403791231,0.0,0.06634601782430327,-0.06634601782430327,-0.051724137931034475,1.37,5,可能加速下跌,,45,0,0
258,Desert Eagle | Directive (Factory New),609.5,573.0,101,30,0.297,0.9401,steamdt-live,750.0,11,664.21,43,,17,9,7,2,10,0,0,0,0.023182171237378313,-0.12408759124087587,-0.0636643356643356,-0.10378203979207745,0.14893617021276595,0.0,0.16083916083916083,-0.024469555320705605,0.23854347287589794,0.17,16,可能加速下跌,,45,0,0
259,★ Bloodhound Gloves | Charred (Minimal Wear),1598.5,1510.0,123,23,0.187,0.9446,steamdt-live,1650.0,17,1593.5,40,,14,9,7,5,4,0,6,0,-0.0010018917707971253,-0.007381567882393192,-0.0018881987577639148,-0.00837606412107339,0.01024844720496898,0.0085443037974684,0.02209266646210495,-0.02209266646210495,-0.15239361702127663,0.36,7,可能加速下跌,,45,0,0
260,★ Bloodhound Gloves | Bronzed (Minimal Wear),1387.5,1330.0,144,25,0.1736,0.9586,steamdt-live,1547.89,18,1475.0,54,,14,9,7,5,8,0,2,0,0.0,-0.025974025974025983,-0.010763888888888906,-0.025974025974025983,0.03645833333333337,0.0,0.06815403833496758,-0.07065064501868745,-0.2244270542202348,0.14,2,可能加速下跌,,45,0,0
261,FAMAS | Styx (Factory New),629.5,619.0,362,53,0.1464,0.9833,steamdt-live,628.0,74,650.03,79,,11,12,9,2,8,0,0,3,-0.009104704097116834,-0.038284839203675314,0.04769475357710662,-0.047040971168436974,0.06128550074738415,0.0,0.0696296296296296,-0.044314584855125405,-0.14731839782756284,0.37,7,可能加速下跌,,45,0,0
262,Glock-18 | Fade (Factory New),8999.99,9380.0,133,17,0.1278,1.0422,steamdt-live,9679.99,135,9531.99,76,,11,15,7,2,4,0,6,0,-0.00121681415929209,-0.003212980396500198,0.004444444444444473,-0.004425884955752246,0.004425884955752246,0.00011001222358042462,0.020451898692846027,-0.010990109890109956,-0.1299717337169195,0.37,2,回撤不明显,,45,0,0
263,★ Hydra Gloves | Emerald (Field-Tested),199.5,189.0,113,14,0.1239,0.9474,steamdt-live,192.0,103,196.44,516,,11,9,7,5,6,0,4,3,-0.007566334991708112,-0.007832898172323799,-0.014001021972406602,-0.01533996683250416,0.03699949315762807,0.0,0.04282115869017633,-0.04282115869017633,-0.13828291532495807,0.18,9,暂未减速,,45,0,0
264,★ Hand Wraps | Slaughter (Minimal Wear),3441.5,3320.0,180,20,0.1111,0.9647,steamdt-live,3574.0,34,3463.32,69,,11,12,7,5,6,0,4,0,-0.002287021154945723,-0.013896848137535778,-0.008503401360544172,-0.01615208690680392,0.026862717375936707,0.0,0.04323046983597445,-0.04323046983597445,-0.15958485958485957,0.19,5,可能加速下跌,,45,0,0
265,Desert Eagle | Emerald Jörmungandr (Factory New),2810.0,2920.0,327,34,0.104,1.0391,steamdt-live,2950.0,124,2964.43,136,,11,15,9,2,6,0,2,0,-0.0006974716652136115,-0.019368347583318846,-0.006582366187424249,-0.02005231037489097,0.026334026334026372,0.0035714285714285587,0.04213253340605394,-0.035822124622563845,-0.17339569636264685,0.37,8,可能加速下跌,,45,0,0
266,AK-47 | Rat Rod (Factory New),485.0,475.0,504,44,0.0873,0.9794,steamdt-live,501.31,42,492.46,144,,7,12,12,2,10,0,2,0,-0.007200000000000095,-0.022965350523771133,-0.0072273846398220876,-0.030000000000000027,0.03701056310062745,0.0,0.08490566037735847,-0.08834586466165417,-0.1630716134598792,0.36,11,可能加速下跌,,45,0,0
267,AK-47 | Cartel (Factory New),316.72,312.0,876,57,0.0651,0.9851,steamdt-live,319.0,281,328.29,248,,7,12,12,2,8,0,4,0,-3.079007328032901e-05,-0.02478677217723302,-0.015818181818181953,-0.0248167990639816,0.04024242424242419,0.002595758151313854,0.06847058823529406,-0.06572271386430673,-0.17735064935064926,0.32,11,可能加速下跌,,45,0,0
268,FAMAS | ZX Spectron (Factory New),151.0,144.0,626,39,0.0623,0.9536,steamdt-live,150.48,135,152.14,170,,7,9,12,2,10,0,2,3,-0.006471011177201169,-0.016578947368421137,-0.02429846938775515,-0.022942675991895034,0.04668367346938784,0.0,0.08720078163165612,-0.08720078163165612,-0.29821596244131465,0.37,5,可能加速下跌,,45,0,0
269,★ Specialist Gloves | Field Agent (Field-Tested),749.5,1180.0,722,41,0.0568,1.5744,steamdt-live,752.5,570,757.5,169,"溢价求购:买一高于卖一,多为定向收特定图案,买一价不可作退出价",3,0,12,5,6,10,6,3,-0.00731382978723405,0.004018754186202234,-0.005133089908451072,-0.0033244680851063357,0.00844049319997886,0.00806993947545398,0.045076954438895145,-0.045076954438895145,-0.0837296299465764,0.37,16,回撤不明显,买一异常溢价(不作为可成交退出价),45,0,0
270,AWP | Sun in Leo (Factory New),477.5,469.0,1181,59,0.05,0.9822,steamdt-live,476.04,457,493.16,304,,3,12,15,2,8,0,2,3,-0.009251282051282006,-0.015424749994823905,-0.021850358153253424,-0.024533333333333296,0.04414070351758792,0.0021495405883842356,0.06756862745098036,-0.07302144249512665,-0.2280194805194805,0.2,14,可能加速下跌,,45,0,0
271,M4A1-S | Decimator (Factory New),277.5,268.0,1139,54,0.0474,0.9658,steamdt-live,287.0,333,293.8,337,,3,12,15,2,8,0,2,3,-0.007017543859649145,-0.021201413427561877,-0.015544041450777257,-0.028070175438596467,0.04810996563573888,0.0,0.05910326086956519,-0.05910326086956519,-0.16060606060606064,0.37,15,可能加速下跌,,45,0,0
272,Tec-9 | Blue Titanium (Factory New),200.9,192.0,642,26,0.0405,0.9557,steamdt-live,197.0,48,192.95,136,,3,9,12,2,10,2,2,5,0.0,-0.020060944641950296,-0.031194646723086028,-0.020060944641950296,0.06248481609251255,0.0,0.10268334650978939,-0.1025581395348838,-0.34146757679180895,0.15,3,长期阴跌,,45,0,0
273,MP9 | Rose Iron (Factory New),52.77,48.0,491,18,0.0367,0.9096,steamdt-live,53.9,180,55.4,186,,3,6,9,2,10,9,6,0,-0.053580996606536924,-0.004151726740894479,-0.014260563380281588,-0.05751026969101625,0.07095070422535199,0.0,0.09686804723600884,-0.08844359993090334,-0.3595096492292754,0.37,7,长期阴跌,,45,0,0
274,Galil AR | Blue Titanium (Factory New),108.88,106.0,991,34,0.0343,0.9735,steamdt-live,108.0,130,111.85,299,,3,12,15,2,10,0,0,3,-0.0002631348127357658,-0.05246534479733289,-0.04689851195452266,-0.052714674151390306,0.09532585022616846,0.0,0.16595876129430853,-0.16595876129430853,-0.3828571428571429,0.26,6,长期阴跌,,45,0,0
275,M4A1-S | Nitro (Factory New),65.5,66.0,1332,33,0.0248,1.0076,steamdt-live,73.99,445,70.84,410,,3,15,15,2,10,0,0,0,-0.00694444444444442,-0.08391608391608396,-0.040000000000000036,-0.09027777777777779,0.1415465268676277,0.0,0.16560509554140124,-0.18430884184308838,-0.4151785714285714,0.28,10,长期阴跌,,45,0,0
276,AK-47 | Crossfade (Factory New),25.66,24.6,2803,37,0.0132,0.9587,steamdt-live,28.16,1216,26.83,930,,3,9,15,2,8,1,2,5,-0.015151515151515138,-0.013076923076923097,-0.014925373134328401,-0.02803030303030296,0.058348623853211046,0.0,0.05903923725705906,-0.009266409266409203,-0.21432945499081435,0.37,7,可能加速下跌,,45,0,0
277,★ Sport Gloves | Frosty (Minimal Wear),2397.0,3170.0,45,19,0.4222,1.3225,steamdt-live,2464.0,50,2544.89,24,"溢价求购:买一高于卖一,多为定向收特定图案,买一价不可作退出价",20,0,4,5,4,0,6,5,0.0,-0.0008336807002917723,0.013091216216216228,-0.0008336807002917723,0.0012499999999999734,0.020000000000000018,0.01842751842751844,-0.016817063166529977,-0.03734939759036149,0.12,2,回撤不明显,买一异常溢价(不作为可成交退出价),44,0,0
278,★ Sport Gloves | Superconductor (Field-Tested),11049.5,14200.0,481,102,0.2121,1.2851,steamdt-live,11600.0,287,11554.98,117,"溢价求购:买一高于卖一,多为定向收特定图案,买一价不可作退出价",17,0,9,5,6,0,4,3,-0.008973614893521997,-0.008919722497522264,-0.011256290279862302,-0.017813295236394522,0.028869073894234987,0.0,0.04761822304608054,-0.03508771929824561,-0.12691483451067542,0.37,2,可能加速下跌,买一异常溢价(不作为可成交退出价),44,0,0
279,Glock-18 | Bullet Queen (Factory New),734.5,721.0,466,59,0.1266,0.9816,steamdt-live,765.0,93,749.07,133,,11,12,9,2,8,0,2,0,-0.013157894736842146,-0.020666666666666722,-0.01935483870967747,-0.03355263157894739,0.05225806451612902,0.0,0.057124518613607234,-0.051033591731266204,-0.16486640136441155,0.37,14,可能加速下跌,,44,0,0
280,M4A4 | Full Throttle (Factory New),1159.0,1130.0,255,31,0.1216,0.975,steamdt-live,1199.5,145,1188.0,104,,11,12,9,2,8,0,2,0,-0.010967199327165611,-0.014422259260519099,-0.009166666666666656,-0.025231286795626584,0.03416666666666668,0.0034892681195182185,0.050000000000000044,-0.050000000000000044,-0.1426817270635925,0.27,17,可能加速下跌,,44,0,0
281,MP9 | Deadly Poison (Factory New),60.0,57.0,161,19,0.118,0.95,steamdt-live,56.8,51,56.1,50,,11,9,7,2,0,10,0,5,0.0,0.08092485549132955,-0.0417282127031019,0.08092485549132955,0.0,0.1242484969939881,0.0,0.06029106029106046,0.154320987654321,0.37,9,回撤不明显,,44,0,0
282,USP-S | Serum (Factory New),610.0,592.0,167,19,0.1138,0.9705,steamdt-live,727.89,45,617.42,75,,11,12,7,2,8,0,4,0,-0.008048516911563053,-0.008130081300813052,-0.006394435719093594,-0.016113163115534124,0.02160488876770339,0.0,0.06298003072196623,-0.06298003072196623,-0.18323625895427464,0.36,5,可能加速下跌,,44,0,0
283,USP-S | Sleeping Potion (Factory New),48.9,45.1,231,24,0.1039,0.9223,steamdt-live,47.05,180,52.7,101,,11,6,7,2,6,10,2,0,-0.025423728813559365,0.022826086956521774,-0.0019031507718333396,-0.0031779661016950733,0.005075068724889054,0.022826086956521774,0.035860655737704916,-0.035860655737704916,-0.08463035019455256,0.37,13,回撤不明显,,44,0,0
284,Desert Eagle | Golden Koi (Factory New),1360.0,1330.0,500,50,0.1,0.9779,steamdt-live,1388.49,174,1389.01,149,,11,12,9,2,8,0,2,0,0.003929974991068175,-0.03202846975088969,-0.01372122032178269,-0.028224365844944588,0.041558313424526205,0.0,0.05979951607328038,-0.060449050086355816,-0.10231023102310233,0.36,11,可能加速下跌,,44,0,0
285,MP9 | Hot Rod (Factory New),1248.5,1190.0,262,22,0.084,0.9531,steamdt-live,1273.98,131,1259.0,135,,7,9,9,2,8,3,6,0,-0.015234375000000022,-0.009916699722332445,-0.011193597478543649,-0.025000000000000022,0.035913757541580105,0.0020072260136492215,0.06621773288439958,-0.06165413533834585,-0.04717550141625759,0.09,9,可能加速下跌,,44,0,0
286,Tec-9 | Toxic (Factory New),157.0,146.0,251,21,0.0837,0.9299,steamdt-live,164.17,85,163.54,108,,7,6,9,2,10,3,2,5,0.0,-0.024844720496894457,-0.040009540277860633,-0.024844720496894457,0.06386023492934234,0.0,0.09764929018909141,-0.09764929018909141,-0.3444676409185804,0.37,2,长期阴跌,,44,0,0
287,M4A4 | 龍王 (Dragon King) (Factory New),362.5,359.0,799,55,0.0688,0.9903,steamdt-live,363.0,201,375.55,192,,7,15,12,2,8,0,0,0,-0.002684635829149795,-0.024199843871975046,-0.006693333333333329,-0.026819511933206308,0.03074866310160429,0.00694444444444442,0.06306539157405011,-0.06306539157405011,-0.15599534342258436,0.37,9,可能加速下跌,,44,0,0
288,★ Hand Wraps | Overprint (Minimal Wear),879.0,1100.0,351,24,0.0684,1.2514,steamdt-live,890.0,292,895.0,99,"溢价求购:买一高于卖一,多为定向收特定图案,买一价不可作退出价",7,0,9,5,2,10,6,5,0.004468151432233114,0.010344827586206806,-0.013519362186788175,0.014859201274635359,0.005656108597285048,0.046428571428571486,0.007900677200902928,-0.001136363636363602,-0.0608974358974359,0.37,15,回撤不明显,买一异常溢价(不作为可成交退出价),44,0,0
289,M4A4 | The Battlestar (Factory New),560.0,542.0,686,42,0.0612,0.9679,steamdt-live,565.0,90,562.5,212,,7,12,12,2,8,3,0,0,-0.0035149384885764245,-0.012345679012345734,-0.021496130696474602,-0.01581722319859402,0.03697334479793635,0.018181818181818077,0.05485232067510548,-0.05422978838391512,-0.19998857126530378,0.37,11,可能加速下跌,,44,0,0
290,Galil AR | Black Sand (Factory New),81.22,79.0,571,27,0.0473,0.9727,steamdt-live,81.32,215,84.51,120,,3,12,12,2,10,0,0,5,-0.012774772701116377,-0.053159244579155995,-0.05131564581286174,-0.06525492001381061,0.11322196746369695,0.002716049382716079,0.11515415622616854,-0.07070938215102984,-0.3679377431906615,0.37,10,长期阴跌,,44,0,0
291,USP-S | Forest Leaves (Factory New),25.0,24.3,579,21,0.0363,0.972,steamdt-live,25.71,94,25.83,118,,3,12,12,2,8,0,2,5,0.0,-0.029503105590062195,-0.0019372336303756788,-0.029503105590062195,0.03138318481208824,0.04166666666666674,0.07373101148573535,-0.07373101148573535,-0.3569958847736626,0.37,4,长期阴跌,,44,0,0
292,M4A4 | Turbine (Factory New),78.0,75.0,1166,28,0.024,0.9615,steamdt-live,78.48,225,81.66,322,,3,12,15,2,10,0,2,0,-0.003090616887130637,-0.03273809523809523,-0.025069302157406326,-0.035727531215230535,0.05990116909726406,0.0,0.08062234794908063,-0.08062234794908063,-0.3445378151260504,1.37,10,长期阴跌,,44,0,0
293,AK-47 | Midnight Laminate (Factory New),82.78,77.0,1544,32,0.0207,0.9302,steamdt-live,83.87,1049,84.9,718,,3,9,15,2,4,0,6,5,-0.00120481927710836,-0.0037394451145958962,-0.0024038461538461453,-0.00493975903614452,0.015613825983313512,0.008424908424908395,0.027208480565371063,0.03237500000000004,-0.13063157894736843,0.37,13,暂未减速,,44,0,0
294,USP-S | Desert Tactical (Factory New),18.84,18.1,798,16,0.0201,0.9607,steamdt-live,17.99,143,18.4,283,,3,12,12,2,10,0,0,5,-0.009189189189189317,-0.018548827059465367,-0.007510729613733891,-0.02756756756756762,0.04562334217506647,0.1243749999999999,0.10005002501250626,-0.05315789473684218,-0.49523007856341195,0.37,10,长期阴跌,,44,0,0
295,M4A1-S | Black Lotus (Factory New),73.7,70.0,1508,30,0.0199,0.9498,steamdt-live,74.0,1042,76.81,544,,3,9,15,2,4,0,6,5,0.0,-0.005314075487123593,-0.006901217861975728,-0.005314075487123593,0.013513513513513487,0.0,0.026666666666666616,-0.026666666666666616,-0.17327293318233294,0.37,12,可能加速下跌,,44,0,0
296,★ Sport Gloves | Violet Beadwork (Field-Tested),1405.49,2670.0,149,52,0.349,1.8997,steamdt-live,1417.5,163,1423.97,69,"溢价求购:买一高于卖一,多为定向收特定图案,买一价不可作退出价",20,0,7,5,0,0,6,5,-0.0014290792747956305,0.0007120022214468502,-0.0010653409090909394,-0.000718094560966942,0.003198581560283631,0.004280100035727097,0.003198581560283631,0.08197844495765971,-0.05955838072934094,0.12,4,回撤不明显,买一异常溢价(不作为可成交退出价),43,0,0
297,★ Hand Wraps | Badlands (Minimal Wear),2898.5,2760.0,153,28,0.183,0.9522,steamdt-live,2800.0,21,2958.88,54,,14,9,7,5,8,0,0,0,0.004778156996587013,-0.048913043478260865,-0.006779661016949157,-0.04436860068259385,0.0581903800874537,0.0,0.06651108518086346,-0.06291834002677377,-0.05882352941176472,0.37,7,可能加速下跌,,43,0,0
298,Glock-18 | Royal Legion (Factory New),238.5,227.0,411,47,0.1144,0.9518,steamdt-live,265.48,65,244.55,121,,11,9,9,2,10,0,2,0,-0.0080971659919028,-0.026530612244897944,-0.01200000000000001,-0.03441295546558709,0.06139315230224318,0.0,0.09884379959192935,-0.08269230769230773,-0.11318509704766866,0.33,5,可能加速下跌,,43,0,0
299,P250 | Hive (Factory New),51.59,46.0,158,15,0.0949,0.8916,steamdt-live,43.87,98,44.29,140,,7,6,7,2,8,4,4,5,-0.004495392222971573,-0.011740799277489167,-0.027115678985348723,-0.01618341200269724,0.04286026678329313,0.0,0.07030586236193703,-0.07030586236193703,-0.5117679866146123,0.37,6,长期阴跌,,43,0,0
300,Desert Eagle | The Bronze (Factory New),140.0,135.0,670,54,0.0806,0.9643,steamdt-live,135.5,174,139.4,215,,7,12,12,2,10,0,0,0,-0.010526315789473717,-0.03900709219858156,-0.014045526880232528,-0.0491228070175439,0.062478378191378914,0.0,0.09666666666666668,-0.09666666666666668,-0.3390243902439024,0.37,12,长期阴跌,,43,0,0
301,USP-S | Monster Mashup (Factory New),489.0,480.0,605,48,0.0793,0.9816,steamdt-live,492.0,161,500.5,187,,7,12,12,2,8,0,2,0,-0.004985044865403743,-0.02004008016032066,-0.024319066147859947,-0.024925224327018936,0.048638132295719894,0.0010235414534287557,0.0676835081029552,-0.059615384615384626,-0.2035830618892508,0.37,13,可能加速下跌,,43,0,0
302,AWP | Silk Tiger (Factory New),3060.0,2940.0,322,25,0.0776,0.9608,steamdt-live,3164.74,70,3190.0,90,,7,12,9,2,8,1,4,0,-0.008894536213468918,-0.019230769230769273,-0.03391130888445604,-0.027954256670902122,0.06091760012275582,0.0,0.07258675556902561,-0.07258675556902561,-0.19250560759994717,0.37,9,可能加速下跌,,43,0,0
303,MP9 | Airlock (Factory New),149.9,142.0,288,19,0.066,0.9473,steamdt-live,148.99,107,152.04,100,,7,9,9,2,10,1,2,3,-0.012973466327661387,-0.015918097754293203,-0.031445349498011144,-0.028685051176738918,0.05928778886222996,0.0,0.09141358702280755,-0.08645533141210371,-0.22011097152428805,0.31,7,暂未减速,,43,0,0
304,AK-47 | Inheritance (Factory New),701.9,695.0,831,40,0.0481,0.9902,steamdt-live,710.0,715,713.7,242,,3,15,12,2,4,0,4,3,-0.0015558698727016207,-0.005666525003541589,0.010000000000000009,-0.007213578500707252,0.011129895745280338,0.00414878397711016,0.018321678321678303,-0.02242339832869089,-0.0943225806451613,0.37,13,可能加速下跌,,43,0,0
305,AK-47 | Legion of Anubis (Factory New),348.49,348.0,781,32,0.041,0.9986,steamdt-live,354.0,335,347.99,232,,3,15,12,2,0,0,6,5,0.0035029286780752233,-0.004320457796852639,0.002706282029135698,-0.0008326633742964384,0.004320457796852639,0.028035450516986637,0.004320457796852639,0.014548104956268348,-0.033361111111111064,0.35,9,回撤不明显,,43,0,0
306,MP9 | Mount Fuji (Factory New),92.5,88.0,1194,43,0.036,0.9514,steamdt-live,91.6,522,94.73,290,,3,9,15,2,6,1,2,5,0.0010752688172042113,-0.01611170784103111,-0.015873015873015928,-0.01505376344086029,0.03578947368421059,0.00659340659340657,0.04384133611691021,-0.034671725155443256,-0.218563385087869,0.37,12,可能加速下跌,,43,0,0
307,★ Hand Wraps | Overprint (Field-Tested),650.0,669.0,808,29,0.0359,1.0292,steamdt-live,647.0,757,655.0,270,,3,15,12,5,4,0,4,0,0.0007610350076103778,-0.01596958174904939,-0.013513513513513487,-0.015220700152207,0.021624073794041965,0.0031007751937983663,0.028528528528528496,0.004673985620894827,-0.07965860597439545,0.37,13,可能加速下跌,,43,0,0
308,★ Driver Gloves | Brocade Flowers (Minimal Wear),2380.0,3330.0,42,24,0.5714,1.3992,steamdt-live,2384.5,44,2396.0,40,"溢价求购:买一高于卖一,多为定向收特定图案,买一价不可作退出价",20,0,4,5,4,2,4,3,-0.0004166666666666208,-0.007919966652771948,-0.010305197134833466,-0.008333333333333304,0.01855265382537652,0.0,0.028174765210289943,-0.028174765210289943,-0.06666666666666665,0.12,3,可能加速下跌,买一异常溢价(不作为可成交退出价),42,0,0
309,USP-S | Spiral Glitch (Factory New),510.0,503.0,35,19,0.5429,0.9863,steamdt-live,510.5,47,508.88,68,,20,12,4,2,4,0,0,0,0.0,-0.001804629266379032,-0.00039215686274507444,-0.001804629266379032,0.009498598567424521,0.0,0.02044273339749758,-0.02044273339749758,-0.001804629266379032,0.3,1,价格更新稀疏,,42,0,0
310,★ Specialist Gloves | Big Swell (Field-Tested),1142.0,1720.0,108,31,0.287,1.5061,steamdt-live,1145.0,126,1151.5,100,"溢价求购:买一高于卖一,多为定向收特定图案,买一价不可作退出价",17,0,7,5,2,0,6,5,0.0008748906386701893,-0.0017482517482517723,-0.0017467248908297206,-0.0008748906386701893,0.0026200873362445254,0.010619469026548645,0.006092254134029584,-0.006092254134029584,-0.046744574290484175,0.12,2,回撤不明显,买一异常溢价(不作为可成交退出价),42,0,0
311,★ Specialist Gloves | Chocolate Chesterfield (Field-Tested),537.5,790.0,120,32,0.2667,1.4698,steamdt-live,548.5,105,544.86,61,"溢价求购:买一高于卖一,多为定向收特定图案,买一价不可作退出价",17,0,7,5,2,0,6,5,0.023629489603024467,-0.007386888273314907,0.026188166828321924,0.016068052930056753,0.0101289134438306,0.043689320388349495,0.0101289134438306,0.024785510009532885,-0.05701754385964908,0.37,7,可能加速下跌,买一异常溢价(不作为可成交退出价),42,0,0
312,★ Hydra Gloves | Emerald (Minimal Wear),292.5,316.0,85,18,0.2118,1.0803,steamdt-live,289.5,59,302.9,66,"溢价求购:买一高于卖一,多为定向收特定图案,买一价不可作退出价",17,0,4,5,0,10,6,0,0.01754385964912286,-0.0017241379310344307,-0.015544041450777257,0.015789473684210575,0.0017241379310344307,0.03392857142857153,0.0017241379310344307,0.018290538163911352,-0.01697792869269954,0.37,5,回撤不明显,买一异常溢价(不作为可成交退出价),42,0,0
313,Desert Eagle | Ocean Drive (Factory New),1600.0,1570.0,234,32,0.1368,0.9812,steamdt-live,1659.49,52,1663.94,70,,11,12,7,2,8,0,2,0,-0.015545919045260703,-0.018404907975460127,-0.0022537180321546835,-0.03366470581129888,0.03614457831325302,0.0,0.052626592771540914,-0.052626592771540914,-0.12901469787697328,0.37,2,可能加速下跌,,42,0,0
314,USP-S | Whiteout (Factory New),2689.24,2590.0,156,21,0.1346,0.9631,steamdt-live,2699.5,56,2702.69,47,,11,12,7,2,8,0,2,0,-0.015491353496568605,-0.021607127914633928,-0.0027219146276120654,-0.036763757754631365,0.03938560457224516,0.0,0.06203808015737111,-0.011308823529411871,-0.11460685994982467,0.37,17,可能加速下跌,,42,0,0
315,AWP | Electric Hive (Factory New),494.5,488.0,485,37,0.0763,0.9869,steamdt-live,510.09,217,505.06,186,,7,12,9,2,10,0,2,0,-0.010568057132957387,-0.037937743190661455,-0.023294728134165554,-0.048104872086084494,0.07027901030307593,0.0,0.10090909090909095,-0.10090909090909095,-0.2624906785980612,0.37,11,可能加速下跌,,42,0,0
316,Tec-9 | Ossified (Factory New),67.99,65.0,556,31,0.0558,0.956,steamdt-live,71.54,66,67.52,194,,3,9,12,2,10,1,2,3,-0.023772463563039525,-0.02130743586026962,-0.007583204606094518,-0.044573369180699096,0.07265485510232117,0.0,0.13435897435897437,-0.13435897435897437,-0.4680532577010952,0.37,22,长期阴跌,,42,0,0
317,Galil AR | Dusk Ruins (Factory New),245.0,228.0,288,16,0.0556,0.9306,steamdt-live,269.48,54,257.24,99,,3,9,9,2,8,5,6,0,-0.0020283975659228792,-0.004065040650406471,-0.011786401539448321,-0.006085192697768749,0.017799871712636306,0.025104602510460206,0.07613409253742598,-0.07613409253742598,-0.30000000000000004,0.37,8,长期阴跌,,42,0,0
318,M4A4 | Neo-Noir (Factory New),636.5,628.0,931,51,0.0548,0.9866,steamdt-live,680.0,255,648.79,209,,3,12,15,2,8,0,2,0,-0.0018348623853211565,-0.024969362745097978,-0.022406911911986738,-0.02675840978593269,0.048565748366941275,0.0,0.062453969656797725,-0.03560606060606064,-0.1478109519346632,0.37,13,可能加速下跌,,42,0,0
319,AWP | POP AWP (Factory New),208.5,206.0,1301,68,0.0523,0.988,steamdt-live,200.0,317,212.88,320,,3,12,15,2,10,0,0,0,-0.007305936073059294,-0.0800367985280589,-0.0331125827814569,-0.08675799086757996,0.11894273127753308,0.0,0.14529914529914534,-0.14529914529914534,-0.36305732484076436,0.37,16,长期阴跌,,42,0,0
320,Glock-18 | Shinobu (Factory New),115.7,112.0,979,51,0.0521,0.968,steamdt-live,123.99,348,124.48,193,,3,12,15,2,8,0,2,0,-0.012689075630252122,-0.015235339177802287,-0.008333333333333304,-0.027731092436974802,0.03583333333333327,0.010480349344978102,0.06663439819296535,-0.02362869198312234,-0.17013340984076886,0.29,10,可能加速下跌,,42,0,0
321,M4A1-S | Guardian (Factory New),424.5,412.0,682,32,0.0469,0.9706,steamdt-live,456.98,327,442.48,220,,3,12,12,2,10,1,2,0,-0.006896551724137945,-0.01736111111111116,-0.02684563758389258,-0.024137931034482807,0.05139664804469268,0.008313539192398967,0.08709677419354833,-0.08709677419354833,-0.20728291316526615,0.37,9,可能加速下跌,,42,0,0
322,USP-S | Purple DDPAT (Factory New),161.5,158.0,1082,47,0.0434,0.9783,steamdt-live,162.0,214,164.8,289,,3,12,15,2,10,0,0,0,-0.008902077151335286,-0.029940119760479056,-0.026011560693641633,-0.03857566765578635,0.06891200643715156,0.003095975232198178,0.09999999999999998,-0.09749303621169914,-0.3932584269662921,0.16,12,长期阴跌,,42,0,0
323,Tec-9 | Phoenix Chalk (Factory New),71.19,64.0,470,19,0.0404,0.899,steamdt-live,68.99,105,68.97,129,,3,6,9,2,10,8,4,0,-0.03472222222222221,-0.007625899280575554,-0.024390243902438935,-0.04208333333333336,0.0654471544715447,0.0,0.10265417642466823,-0.10265417642466823,-0.461171875,0.37,8,长期阴跌,,42,0,0
324,AK-47 | The Outsiders (Factory New),360.0,347.0,984,35,0.0356,0.9639,steamdt-live,369.49,176,365.0,301,,3,12,15,2,8,0,2,0,-0.007027027027027066,-0.020141535111594888,-0.01726427622841964,-0.027027027027026973,0.043824701195219085,0.0013908205841446364,0.06856403622250973,-0.06856403622250973,-0.24528301886792447,0.37,10,可能加速下跌,,42,0,0
325,MP9 | Arctic Tri-Tone (Factory New),33.5,31.0,2249,35,0.0156,0.9254,steamdt-live,35.0,847,33.32,1342,,3,6,15,2,4,3,4,5,0.0014983518130058382,-0.012567324955116699,-0.015343759221009279,-0.011087803416242048,0.029982363315696703,0.00917431192660545,0.029982363315696703,0.003039513677811634,-0.16645617580197025,0.15,11,可能加速下跌,,42,0,0
326,Desert Eagle | Calligraffiti (Factory New),33.27,29.3,1089,12,0.011,0.8807,steamdt-live,30.9,115,30.81,316,,3,6,15,2,8,1,4,3,-0.010184595798854224,-0.00932475884244377,-0.005066497783407065,-0.019414385741565954,0.024382520582647227,0.0,0.0612431444241317,-0.01344860710854956,-0.3695518723143032,0.67,9,长期阴跌,,42,0,0
327,AK-47 | Jet Set (Factory New),5748.91,4210.0,12,5,0.4167,0.7323,steamdt-live,5833.91,8,6098.42,13,,20,1,2,2,10,0,6,0,-0.0017364397082086924,0.0,0.004396811831801406,-0.0017364397082086924,0.014823294335787884,0.0026527373249385366,0.09817200101023882,-0.014569988224021335,-0.27182900569981006,0.37,2,可能加速下跌,,41,0,0
328,Glock-18 | Ifrit Lattice (Factory New),73.7,71.0,64,17,0.2656,0.9634,steamdt-live,72.0,70,72.12,93,,17,12,4,2,0,0,6,0,0.004324173524898889,0.0,-0.0043055555555555625,0.004324173524898889,0.0,0.006993006993007089,0.0,0.03597122302158273,-0.1207717670045183,1.3,2,回撤不明显,,41,0,0
329,★ Bloodhound Gloves | Guerrilla (Minimal Wear),1226.5,1160.0,133,24,0.1805,0.9458,steamdt-live,1243.98,21,1212.87,60,,14,9,7,5,6,0,0,0,0.0,0.0,-0.010015181938390905,0.0,0.010015181938390905,0.0,0.03579775816837605,-0.029307957646720006,-0.12428158844765347,0.19,0,价格更新稀疏,,41,0,0
330,AK-47 | Crane Flight (Factory New),311.9,390.0,224,40,0.1786,1.2504,steamdt-live,314.98,183,319.5,146,"溢价求购:买一高于卖一,多为定向收特定图案,买一价不可作退出价",14,0,7,2,4,10,4,0,-0.010600706713780994,0.012662337662337597,-0.005399533531422751,0.0019274012206873525,0.009526833915528776,0.01928104575163392,0.02622541367468012,-0.02622541367468012,-0.08262007706109009,0.37,14,回撤不明显,买一异常溢价(不作为可成交退出价),41,0,0
331,★ Moto Gloves | Transport (Minimal Wear),342.0,623.0,138,23,0.1667,1.8216,steamdt-live,338.0,124,343.92,78,"溢价求购:买一高于卖一,多为定向收特定图案,买一价不可作退出价",14,0,7,5,6,0,4,5,-0.0029069767441860517,-0.014577259475218707,-0.0028985507246376274,-0.01744186046511631,0.02145276627775694,0.0,0.03428571428571425,0.007451564828613977,-0.03151862464183386,0.28,5,可能加速下跌,买一异常溢价(不作为可成交退出价),41,0,0
332,★ Hand Wraps | Spruce DDPAT (Minimal Wear),2539.91,2470.0,198,23,0.1162,0.9725,steamdt-live,2578.01,32,2529.17,56,,11,12,7,5,6,0,0,0,-0.014201183431952646,0.012072829131652751,-0.028542085013106067,-0.0022998027613412297,0.03077624660851963,0.012072829131652751,0.04703107396787465,-0.04774867375253666,-0.13384589041095885,0.19,1,价格更新稀疏,,41,0,0
333,★ Specialist Gloves | Marble Fade (Minimal Wear),2313.48,3200.0,206,23,0.1117,1.3832,steamdt-live,2339.5,164,2345.78,56,"溢价求购:买一高于卖一,多为定向收特定图案,买一价不可作退出价",11,0,7,5,2,10,6,0,-0.00819318671841307,0.005860869565217364,0.010457516339869244,-0.0023803363518758447,0.008366909558508384,0.005860869565217364,0.008366909558508384,0.010253275109170401,-0.007090128755364744,0.31,3,回撤不明显,买一异常溢价(不作为可成交退出价),41,0,0
334,AWP | LongDog (Factory New),2842.0,2720.0,333,34,0.1021,0.9571,steamdt-live,2869.5,127,2944.57,168,,11,9,9,2,8,0,2,0,-0.0028805491429855223,-0.029530678030923907,0.00020433601013514213,-0.03232616260461574,0.0359533105607549,0.0,0.06359143327841843,-0.06359143327841843,-0.23396226415094334,0.37,6,可能加速下跌,,41,0,0
335,AWP | Chrome Cannon (Factory New),446.0,432.0,353,34,0.0963,0.9686,steamdt-live,445.0,301,456.1,150,,7,12,9,2,0,0,6,5,0.005656108597285048,0.0011248593925758943,0.005688282138794021,0.006787330316742057,0.0,0.02298850574712641,0.001122334455667784,-0.001122334455667784,0.014846404707062888,0.37,8,回撤不明显,,41,0,0
336,M4A1-S | Hot Rod (Factory New),8395.0,8510.0,339,32,0.0944,1.0137,steamdt-live,8550.0,178,8540.0,135,,7,15,9,2,4,0,4,0,-0.004680926704983102,-0.0004762471722824513,-0.0048938679245282835,-0.005154944599158662,0.010023584905660354,0.005449428109467691,0.02150474969403815,-0.01467136150234738,-0.11600871881811581,0.37,3,暂未减速,,41,0,0
337,AWP | Chromatic Aberration (Factory New),435.0,430.0,290,26,0.0897,0.9885,steamdt-live,449.4,180,447.54,177,,7,12,9,2,4,0,4,3,-0.003374578177727794,-0.018058690744920947,0.003386004514672747,-0.021372328458942658,0.022471910112359605,0.011627906976744207,0.027932960893854775,-0.010238907849829393,-0.08827967806841042,0.37,9,可能加速下跌,,41,0,0
338,Five-SeveN | Retrobution (Factory New),68.09,63.0,465,40,0.086,0.9252,steamdt-live,68.8,131,68.3,98,,7,6,9,2,6,0,6,5,-0.0013181019332162425,-0.001466490687784039,-0.007558139534883712,-0.002782659636789697,0.010319767441860361,0.0,0.037733182589033354,-0.037733182589033354,-0.2677707280352726,0.37,4,暂未减速,,41,0,0
339,USP-S | Neo-Noir (Factory New),690.0,687.0,492,41,0.0833,0.9957,steamdt-live,712.0,214,695.5,175,,7,15,9,2,4,0,4,0,-0.002873563218390829,-0.006484149855907728,-0.007132667617689048,-0.009339080459770166,0.016405135520684788,0.0,0.019203413940256042,-0.014295925661186537,-0.047651933701657434,0.08,12,暂未减速,,41,0,0
340,AK-47 | Orbit Mk01 (Factory New),599.0,591.0,896,65,0.0725,0.9866,steamdt-live,639.49,155,629.86,164,,7,12,12,2,8,0,0,0,-0.0008219178082191636,-0.03385538476427041,-0.013325276682355947,-0.03464947622884773,0.04751303905355553,0.0,0.07987711213517668,-0.06259780907668233,-0.2210663198959688,0.36,9,可能加速下跌,,41,0,0
341,M4A1-S | Basilisk (Factory New),177.99,174.0,569,37,0.065,0.9776,steamdt-live,178.9,188,183.8,180,,7,12,12,2,8,0,0,0,-0.01608579088471851,-0.030027247956403214,-0.01826604200663262,-0.04563002680965145,0.06306258882981519,0.04700000000000015,0.07296874999999992,-0.08723076923076922,-0.2294805194805194,0.37,10,可能加速下跌,,41,0,0
342,Glock-18 | Bunsen Burner (Factory New),28.15,27.3,539,32,0.0594,0.9698,steamdt-live,27.8,212,28.57,156,,3,12,12,2,10,2,0,0,-0.017259598450158564,-0.014336917562723928,-0.03435374149659853,-0.03134906657273695,0.06462585034013602,0.018895887365691033,0.0953947368421052,-0.07718120805369133,-0.3397358943577431,0.37,9,长期阴跌,,41,0,0
343,MP9 | Sand Scale (Factory New),32.71,32.0,899,34,0.0378,0.9783,steamdt-live,31.9,233,33.24,227,,3,12,12,2,8,0,4,0,0.0021618282890674134,-0.016949152542373058,0.006840796019900619,-0.014823965410747486,0.020571077678845584,0.0,0.06725146198830423,-0.06725146198830423,-0.44318380171059524,0.28,4,长期阴跌,,41,0,0
344,★ Driver Gloves | Brocade Crane (Minimal Wear),2470.0,3040.0,19,22,1.1579,1.2308,steamdt-live,2499.0,25,2640.44,17,"溢价求购:买一高于卖一,多为定向收特定图案,买一价不可作退出价",20,0,2,5,2,0,6,5,0.012244897959183598,-0.0040322580645161255,-0.007494429815677495,0.008163265306122547,0.011604641856742703,0.008163265306122547,0.011604641856742703,-0.0050272308336825056,-0.0016168148746968924,0.12,2,可能加速下跌,买一异常溢价(不作为可成交退出价),40,0,0
345,★ Specialist Gloves | Pillow Punchers (Minimal Wear),8499.0,10770.0,72,35,0.4861,1.2672,steamdt-live,8588.0,86,8470.0,29,"溢价求购:买一高于卖一,多为定向收特定图案,买一价不可作退出价",20,0,4,5,0,0,6,5,0.0022487868386791288,0.00023618327822383378,-0.00011834319526626835,0.0024855012427507095,0.0,0.026666666666666616,0.0,0.021850961770468524,-0.013625247467101476,0.12,3,回撤不明显,买一异常溢价(不作为可成交退出价),40,0,0
346,★ Driver Gloves | Plum Quill (Field-Tested),619.0,670.0,57,19,0.3333,1.0824,steamdt-live,620.0,43,629.65,26,"溢价求购:买一高于卖一,多为定向收特定图案,买一价不可作退出价",20,0,4,5,4,0,4,3,0.0007999999999999119,-0.010391686650679466,0.0014099852592450723,-0.009600000000000053,0.014331210191082855,0.0,0.015898251192368873,0.00381091380848142,-0.028257456828885363,0.37,9,可能加速下跌,买一异常溢价(不作为可成交退出价),40,0,0
347,AWP | Dragon Lore (Factory New),75000.0,77550.0,120,16,0.1333,1.034,steamdt-live,75499.5,154,77000.0,37,,11,15,7,5,2,0,0,0,0.0,-0.0053050397877983935,0.023066485753052923,-0.0053050397877983935,0.010247240239388167,0.017652885385147643,0.010247240239388167,0.01078848240217245,-0.013131924524329541,0.37,1,价格更新稀疏,,40,0,0
348,★ Driver Gloves | Racing Green (Minimal Wear),243.0,403.0,161,18,0.1118,1.6584,steamdt-live,257.98,67,260.15,105,"溢价求购:买一高于卖一,多为定向收特定图案,买一价不可作退出价",11,0,7,5,8,0,4,5,0.004048582995951344,-0.020161290322580627,0.0,-0.01619433198380571,0.06325893373424318,0.0,0.06325893373424318,-0.041420118343195256,-0.1503496503496503,0.37,11,可能加速下跌,买一异常溢价(不作为可成交退出价),40,0,0
349,★ Driver Gloves | Rezan the Red (Minimal Wear),800.0,840.0,148,14,0.0946,1.05,steamdt-live,829.0,78,809.99,83,,7,15,7,5,2,0,4,0,-1.2345679012315536e-05,-0.012333485598587601,0.0,-0.012345679012345734,0.012345679012345734,0.0,0.012345679012345734,-0.00435594275046669,-0.06048150322959478,0.33,2,可能加速下跌,,40,0,0
350,AWP | CMYK (Factory New),3798.5,3720.0,292,27,0.0925,0.9793,steamdt-live,3915.86,89,3877.28,81,,7,12,9,2,8,0,2,0,-0.001424479487495356,-0.023674950714669407,-0.0035396419437340176,-0.02506570572050426,0.0285166240409207,0.00013164823591371722,0.057324872378390235,-0.057324872378390235,-0.20031410592443344,0.37,6,可能加速下跌,,40,0,0
351,USP-S | Printstream (Factory New),631.91,623.0,490,41,0.0837,0.9859,steamdt-live,632.0,394,640.0,149,,7,12,9,2,4,0,6,0,-0.0024960753532182745,-0.006940400686171078,0.004731861198738141,-0.009419152276295084,0.012519561815336422,0.005721936213959111,0.016827672172016084,-0.016827672172016084,-0.04969879518072284,0.37,18,可能加速下跌,,40,0,0
352,Galil AR | Cerberus (Factory New),999.5,980.0,275,23,0.0836,0.9805,steamdt-live,1072.01,71,1030.0,96,,7,12,9,2,10,0,0,0,-0.009868853074166517,-0.053019536505410025,-0.003757009345794371,-0.06236514756374423,0.06763059701492535,0.0,0.08554437328453801,-0.08970856102003644,-0.26668574237521914,0.36,8,可能加速下跌,,40,0,0
353,★ Hand Wraps | CAUTION! (Field-Tested),788.0,870.0,599,42,0.0701,1.1041,steamdt-live,789.0,506,795.88,231,"溢价求购:买一高于卖一,多为定向收特定图案,买一价不可作退出价",7,0,12,5,0,10,6,0,-0.00512820512820511,0.015463917525773141,0.009055627425614388,0.01025641025641022,0.0012674271229404788,0.030065359477124076,0.0012674271229404788,0.02204928664072625,-0.05628742514970064,0.37,13,回撤不明显,买一异常溢价(不作为可成交退出价),40,0,0
354,MP9 | Food Chain (Factory New),98.0,93.0,209,14,0.067,0.949,steamdt-live,99.85,129,100.21,101,,7,9,7,2,4,0,6,5,0.005102040816326481,-0.005076142131979711,-0.0075949367088608,0.0,0.0075949367088608,0.0010214504596526286,0.024487358152498473,-0.024487358152498473,-0.11504424778761058,0.37,4,回撤不明显,,40,0,0
355,Galil AR | Sugar Rush (Factory New),924.0,908.0,321,21,0.0654,0.9827,steamdt-live,935.0,70,940.0,99,,7,12,9,2,6,0,4,0,-0.005341208328446978,-0.009635790692190671,-0.0021382978723404333,-0.01492553225514126,0.026641243890106137,0.0,0.03058312524917639,-0.03058312524917639,-0.20070069204152252,0.37,9,可能加速下跌,,40,0,0
356,M4A1-S | Blue Phosphor (Factory New),3419.5,3400.0,524,31,0.0592,0.9943,steamdt-live,3487.4,316,3592.36,143,,3,15,12,2,6,0,2,0,-0.005572224603514808,-0.01867816091954022,-0.01311336717428091,-0.02414630661523076,0.03721454750493369,0.0,0.040191118605958365,-0.040191118605958365,-0.07690228409244493,0.11,9,可能加速下跌,,40,0,0
357,Tec-9 | Bamboo Forest (Factory New),189.4,186.0,1498,81,0.0541,0.982,steamdt-live,189.5,308,191.8,279,,3,12,15,2,8,0,0,0,-0.0031202046035806452,-0.030735286571912268,-0.010627530364372473,-0.033759590792838856,0.04402834008097156,0.021081081081081088,0.07853658536585362,-0.07853658536585362,-0.22897959183673466,0.37,16,可能加速下跌,,40,0,0
358,AWP | Neo-Noir (Factory New),319.0,313.0,1029,44,0.0428,0.9812,steamdt-live,322.0,603,321.4,278,,3,12,15,2,2,0,6,0,-0.0046511627906976605,-0.0031152647975077885,0.004672897196261738,-0.007751937984496138,0.007751937984496138,0.032258064516129004,0.012345679012345734,0.014263074484944571,-0.08045977011494254,0.23,12,回撤不明显,,40,0,0
359,M4A1-S | Blood Tiger (Factory New),108.0,102.0,842,36,0.0428,0.9444,steamdt-live,108.49,234,108.76,215,,3,9,12,2,10,1,0,3,-0.00018120866177417927,-0.021295876755777043,-0.027234267583289173,-0.02147322642022298,0.05238220584364306,0.009345794392523255,0.08466819221967958,-0.08822287885183622,-0.2663043478260869,0.27,6,可能加速下跌,,40,0,0
360,Desert Eagle | Mulberry (Factory New),82.99,79.0,1025,37,0.0361,0.9519,steamdt-live,83.0,536,83.8,240,,3,9,15,2,0,0,6,5,0.0012135922330096527,0.005939393939393911,0.027431421446383997,0.007160194174757217,0.0036018729739465405,0.03867334167709613,0.0036018729739465405,0.044424867858041894,-0.07829853398489572,0.31,5,回撤不明显,,40,0,0
361,Five-SeveN | Orange Peel (Factory New),20.99,20.0,560,20,0.0357,0.9528,steamdt-live,21.58,101,20.52,172,,3,9,12,2,8,2,4,0,-0.016540642722117305,-0.013935607880826484,-0.01855287569573283,-0.030245746691871522,0.04823747680890533,0.0,0.07733812949640284,0.03115577889447252,-0.31600000000000006,0.37,7,长期阴跌,,40,0,0
362,AK-47 | Blue Laminate (Factory New),171.38,168.0,1188,42,0.0354,0.9803,steamdt-live,172.4,665,175.0,389,,3,12,15,2,8,0,0,0,-0.0027650279267820155,-0.049631231630899,-0.0036365639980163733,-0.05225902781618108,0.05829990658827411,0.0022222222222221255,0.07860215053763442,-0.08840425531914897,-0.26275488256044055,0.36,9,可能加速下跌,,40,0,0
363,M4A1-S | Fatal Glitch (Factory New),616.5,586.0,33,17,0.5152,0.9505,steamdt-live,608.5,40,600.0,67,,20,9,4,2,4,0,0,0,0.0,0.0,-0.009884651561906987,0.0,0.00990099009900991,0.0,0.0228013029315961,-0.008608582145040677,-0.0625,0.37,0,价格更新稀疏,,39,0,0
364,★ Driver Gloves | Wave Chaser (Field-Tested),1002.98,1960.0,80,29,0.3625,1.9542,steamdt-live,998.5,88,1013.0,62,"溢价求购:买一高于卖一,多为定向收特定图案,买一价不可作退出价",20,0,4,5,6,0,4,0,-0.005914243469689495,-0.0099157164105107,-0.007338551859099818,-0.015771315919172024,0.022994129158512733,0.0,0.030111704711024756,-0.030111704711024756,-0.049952426260704064,0.12,6,可能加速下跌,买一异常溢价(不作为可成交退出价),39,0,0
365,★ Driver Gloves | Overtake (Minimal Wear),513.88,730.0,102,26,0.2549,1.4206,steamdt-live,500.0,69,538.88,57,"溢价求购:买一高于卖一,多为定向收特定图案,买一价不可作退出价",17,0,7,5,6,0,4,0,0.00893972130270182,-0.017681728880157177,0.0,-0.008900077305794007,0.017681728880157177,0.0,0.033816425120772986,-0.033816425120772986,-0.09990999099909992,0.37,4,可能加速下跌,买一异常溢价(不作为可成交退出价),39,0,0
366,★ Sport Gloves | Frosty (Field-Tested),1117.0,1650.0,182,44,0.2418,1.4772,steamdt-live,1122.0,186,1145.38,104,"溢价求购:买一高于卖一,多为定向收特定图案,买一价不可作退出价",17,0,7,5,4,0,6,0,-0.0008857395925597755,-0.009751773049645363,0.017575484452456047,-0.010628875110717417,0.018453427065026395,0.006759801712483027,0.018453427065026395,0.0,-0.08442622950819667,0.37,9,可能加速下跌,买一异常溢价(不作为可成交退出价),39,0,0
367,★ Sport Gloves | Ultra Violent (Minimal Wear),11347.0,12400.0,271,56,0.2066,1.0928,steamdt-live,11399.0,299,11599.5,83,"溢价求购:买一高于卖一,多为定向收特定图案,买一价不可作退出价",17,0,9,5,2,0,6,0,-7.964672253735205e-05,0.004248163554296802,-8.849557522117024e-06,0.004168178479455609,0.0,0.0044259537930424475,0.007087854392719639,-0.007087854392719639,-0.05433786148845732,0.37,3,回撤不明显,买一异常溢价(不作为可成交退出价),39,0,0
368,AK-47 | The Oligarch (Factory New),1708.0,1670.0,191,34,0.178,0.9778,steamdt-live,1688.5,166,1784.67,96,,14,12,7,2,4,0,0,0,0.0,0.0,-0.005301914580265077,0.0,0.005301914580265077,0.0,0.01831395348837206,-0.01831395348837206,-0.050764560377782764,0.36,0,价格更新稀疏,,39,0,0
369,★ Broken Fang Gloves | Yellow-banded (Minimal Wear),431.0,501.0,110,19,0.1727,1.1624,steamdt-live,457.91,58,460.0,62,"溢价求购:买一高于卖一,多为定向收特定图案,买一价不可作退出价",14,0,7,5,4,0,4,5,-0.0011418131993605751,-0.014631915866483713,-0.0036405005688282532,-0.015757022151176026,0.020454545454545503,0.0034924330616996624,0.028184892897407,-0.02488687782805432,-0.11664036400155775,0.31,5,可能加速下跌,买一异常溢价(不作为可成交退出价),39,0,0
370,★ Specialist Gloves | Mogul (Minimal Wear),903.0,1440.0,179,28,0.1564,1.5947,steamdt-live,908.5,166,920.0,70,"溢价求购:买一高于卖一,多为定向收特定图案,买一价不可作退出价",14,0,7,5,2,0,6,5,-0.003307607497243681,-0.0011061946902655162,0.013407821229050265,-0.004410143329658167,0.007692307692307665,0.0033333333333334103,0.007692307692307665,0.03318077803203656,-0.05888483585200621,0.29,4,回撤不明显,买一异常溢价(不作为可成交退出价),39,0,0
371,★ Sport Gloves | Occult (Field-Tested),3095.0,4000.0,269,42,0.1561,1.2924,steamdt-live,3140.0,315,3140.0,107,"溢价求购:买一高于卖一,多为定向收特定图案,买一价不可作退出价",14,0,9,5,0,0,6,5,0.0016183848519177868,0.00016157699143648507,-0.0027437056165268148,0.0017802233371095877,0.001290738948047765,0.011437908496731986,0.001290738948047765,0.008143322475570036,-0.06987227648384675,0.37,3,回撤不明显,买一异常溢价(不作为可成交退出价),39,0,0
372,★ Moto Gloves | Smoke Out (Field-Tested),675.5,900.0,306,27,0.0882,1.3323,steamdt-live,679.5,311,678.0,147,"溢价求购:买一高于卖一,多为定向收特定图案,买一价不可作退出价",7,0,9,5,2,10,6,0,-0.025110782865583436,0.023484848484848442,0.0,-0.0022156573116691725,0.0036873156342183133,0.023484848484848442,0.013724631333041248,-0.013724631333041248,-0.08884902275516948,0.37,13,回撤不明显,买一异常溢价(不作为可成交退出价),39,0,0
373,P250 | Contaminant (Factory New),63.9,58.0,239,19,0.0795,0.9077,steamdt-live,64.0,27,63.95,39,,7,6,7,2,6,0,6,5,0.0,-0.0015625000000000222,0.029269861691862298,-0.0015625000000000222,0.0015625000000000222,0.0513326752221126,0.04626865671641789,-0.04626865671641789,0.07811709127720601,0.33,4,回撤不明显,,39,0,0
374,AWP | Ice Coaled (Factory New),179.0,160.0,363,28,0.0771,0.8939,steamdt-live,187.0,232,183.01,154,,7,6,9,2,4,0,6,5,0.0033444816053511683,-0.005555555555555536,0.025142857142857133,-0.0022296544035674826,0.005555555555555536,0.02285714285714291,0.015401540154015514,0.02285714285714291,-0.05789473684210522,0.36,4,回撤不明显,,39,0,0
375,★ Sport Gloves | Omega (Field-Tested),1119.9,2020.0,891,56,0.0629,1.8037,steamdt-live,1149.99,748,1142.22,256,"溢价求购:买一高于卖一,多为定向收特定图案,买一价不可作退出价",7,0,12,5,4,0,6,5,-0.0014347202295553751,0.005657327586207073,-0.002504472271914082,0.00421449067431845,0.008060230292293968,0.009464575446187062,0.020638390905115767,0.0021476510067115484,-0.09283110571081399,0.37,5,回撤不明显,买一异常溢价(不作为可成交退出价),39,0,0
376,Glock-18 | Wraiths (Factory New),36.79,34.9,417,26,0.0624,0.9486,steamdt-live,34.94,147,36.4,146,,7,9,9,2,8,2,2,0,0.024611032531824506,-0.035339591385974645,-0.01532033426183832,-0.011598302687411688,0.035339591385974645,0.001433075379764892,0.0640235735333512,-0.057713052858684,-0.4010970174837162,0.27,8,长期阴跌,,39,0,0
377,Desert Eagle | Starcade (Factory New),1210.0,1170.0,602,34,0.0565,0.9669,steamdt-live,1189.0,146,1217.97,182,,3,12,12,2,8,0,2,0,0.0004019688269072397,-0.0250022550410417,0.007438016528925617,-0.024610336341263306,0.02501025010250102,0.0,0.05369052735463131,-0.05408200607806013,-0.20093549015786394,0.34,4,可能加速下跌,,39,0,0
378,M4A4 | In Living Color (Factory New),566.5,559.0,854,48,0.0562,0.9868,steamdt-live,584.0,157,573.56,235,,3,12,12,2,8,0,2,0,-0.0015573628655476401,-0.01819757365684571,-0.012136752136752138,-0.019726596296937182,0.03162393162393162,0.0,0.05267558528428096,-0.047098402018502905,-0.18985784972685404,0.37,10,可能加速下跌,,39,0,0
379,Galil AR | Chromatic Aberration (Factory New),125.0,117.0,612,34,0.0556,0.936,steamdt-live,127.99,187,127.79,191,,3,9,12,2,4,0,4,5,7.93713786808592e-05,-0.007936507936507908,0.016048387096774253,-0.007857766489403839,0.014351048730484095,0.024590163934426146,0.028749028749028627,0.004096714595549944,-0.2856734670552603,0.37,4,可能加速下跌,,39,0,0
380,FAMAS | Pulse (Factory New),169.5,164.0,643,34,0.0529,0.9676,steamdt-live,175.0,229,174.0,217,,3,12,12,2,10,0,0,0,-0.010236220472441104,-0.03682236617797474,-0.0168104401681044,-0.046681664791901056,0.06270736562707369,0.0,0.125973289331202,-0.125973289331202,-0.25,0.25,6,可能加速下跌,,39,0,0
381,AK-47 | Safari Mesh (Factory New),36.96,36.2,593,31,0.0523,0.9794,steamdt-live,37.39,186,38.23,188,,3,12,12,2,8,0,2,0,0.0021141649048626032,-0.013976793248945185,0.009066666666666778,-0.01189217758985206,0.016570226196738647,0.013553808620222263,0.061966884094330155,-0.061966884094330155,-0.21614255765199164,0.18,15,可能加速下跌,,39,0,0
382,USP-S | Black Lotus (Factory New),159.0,154.0,634,32,0.0505,0.9686,steamdt-live,150.48,130,162.73,179,,3,12,12,2,10,0,0,0,-0.008782936010037656,-0.034810126582278444,-0.035400907715582464,-0.04328732747804265,0.0771558245083207,0.013423710792132004,0.15230683713173987,-0.15230683713173987,-0.33420650512988437,0.37,10,长期阴跌,,39,0,0
383,Tec-9 | Bamboozle (Factory New),41.0,37.7,739,31,0.0419,0.9195,steamdt-live,40.9,199,41.89,168,,3,6,12,2,10,0,6,0,-0.0023809523809523725,-0.02410501193317416,-0.023028611304954705,-0.026428571428571468,0.048848569434752354,0.022250000000000103,0.08112359550561798,-0.08112359550561798,-0.3791375645308229,0.37,8,长期阴跌,,39,0,0
384,Glock-18 | Vogue (Factory New),72.7,68.0,926,37,0.04,0.9354,steamdt-live,70.9,304,73.9,533,,3,9,15,2,8,0,2,0,-0.0013590649633051788,-0.03511159499183447,-0.0018990775908844792,-0.0364229410165805,0.04215077006214529,0.0,0.07077326343381374,-0.06291303198519682,-0.19119324663472492,0.26,9,可能加速下跌,,39,0,0
385,AWP | Green Energy (Factory New),195.49,191.0,776,31,0.0399,0.977,steamdt-live,202.44,359,201.77,503,,3,12,12,2,6,0,4,0,0.005050505050504972,-0.017638190954773814,-0.010000000000000009,-0.01267676767676762,0.026831939466347987,0.0,0.032083972867257504,-0.002602040816326534,-0.24193423297657823,0.33,9,可能加速下跌,,39,0,0
386,USP-S | Orion (Factory New),584.5,573.0,525,17,0.0324,0.9803,steamdt-live,619.9,182,596.48,251,,3,12,12,2,10,0,0,0,0.0014918277348807685,-0.04321492879358324,-0.020882825040128394,-0.04178757028803748,0.061797752808988804,0.008628127696289845,0.09379844961240313,-0.09421974275530753,-0.2453195610071014,0.37,11,可能加速下跌,,39,0,0
387,FAMAS | Decommissioned (Factory New),28.14,26.6,636,19,0.0299,0.9453,steamdt-live,24.38,150,25.08,116,,3,9,12,2,10,0,3,0,-0.014972419227738287,-0.024800000000000044,-0.002358490566037874,-0.03940110323089052,0.04166666666666674,0.06000000000000005,0.08517823639774857,-0.06194690265486724,-0.5219607843137255,0.37,16,长期阴跌,,39,0,0
388,USP-S | 27 (Factory New),29.79,27.7,512,15,0.0293,0.9298,steamdt-live,28.99,92,30.53,211,,3,6,12,2,6,10,0,0,-0.02553763440860224,-0.00034482758620690834,0.0,-0.02587365591397861,0.02587365591397861,0.04280575539568332,0.03334444814938309,-0.03334444814938309,-0.3800256629597947,0.08,3,长期阴跌,,39,0,0
389,M4A4 | Etch Lord (Factory New),19.66,18.8,825,24,0.0291,0.9563,steamdt-live,20.34,374,21.2,451,,3,9,12,2,6,0,4,3,0.010687022900763399,-0.010070493454179208,-0.0010167768174886849,0.0005089058524174739,0.010070493454179208,0.008722421754746135,0.04701890450799806,-0.046556741028128124,-0.41609741609741613,0.26,6,长期阴跌,,39,0,0
390,AWP | Mortis (Factory New),73.39,70.0,1002,26,0.0259,0.9538,steamdt-live,69.89,334,75.22,390,,3,9,15,2,10,0,0,0,-0.007502387123175525,-0.039444749862561856,-0.014518080387148746,-0.046651207202291656,0.06049200161312007,0.0,0.10132441815610127,-0.10132441815610127,-0.32329589465530595,0.37,12,长期阴跌,,39,0,0
391,★ Sport Gloves | Blaze (Field-Tested),716.0,1040.0,105,34,0.3238,1.4525,steamdt-live,727.0,117,762.99,51,"溢价求购:买一高于卖一,多为定向收特定图案,买一价不可作退出价",20,0,7,5,4,0,2,0,-0.002049180327868827,-0.019849418206707714,0.01949860724233976,-0.021857923497267784,0.02452316076294281,0.007032348804500765,0.02452316076294281,0.012014134275618371,-0.10387984981226528,0.37,8,可能加速下跌,买一异常溢价(不作为可成交退出价),38,0,0
392,AWP | The End (Factory New),300.15,280.0,68,18,0.2647,0.9329,steamdt-live,310.0,64,305.21,127,,17,9,4,2,4,0,2,0,0.006000000000000005,-0.013557996284587426,0.08928571428571419,-0.007639344262295067,0.019851036269430078,0.04730103806228381,0.019851036269430078,0.03300341296928333,-0.12011977092357329,0.23,16,可能加速下跌,,38,0,0
393,★ Hand Wraps | Arboreal (Minimal Wear),442.0,487.0,117,21,0.1795,1.1018,steamdt-live,450.0,93,447.5,106,"溢价求购:买一高于卖一,多为定向收特定图案,买一价不可作退出价",14,0,7,5,6,0,6,0,-0.003360396932791998,0.00020366137901373094,-0.0035955056179776124,-0.003157419936851591,0.006741573033707815,0.004750971789684089,0.03157248964746617,-0.028379239849640636,-0.11511511511511507,0.28,8,回撤不明显,买一异常溢价(不作为可成交退出价),38,0,0
394,AK-47 | Fire Serpent (Factory New),14900.0,13510.0,60,8,0.1333,0.9067,steamdt-live,14900.0,53,15273.95,37,,11,6,4,2,4,0,6,5,0.0,0.0,0.0,0.0,0.015201586252478472,0.0,0.01715039577836408,0.0,-0.017668776371308037,0.34,2,暂未减速,,38,0,0
395,USP-S | Royal Blue (Factory New),586.3,522.0,45,6,0.1333,0.8903,steamdt-live,609.3,39,610.0,42,,11,6,4,2,6,0,6,3,-0.001866938221317116,-0.003060703961911382,-0.005569620253164431,-0.004921928038017831,0.01046413502109711,0.0,0.03489711934156381,-0.03489711934156381,-0.048986212489862235,0.37,5,暂未减速,,38,0,0
396,★ Specialist Gloves | Lt. Commander (Minimal Wear),1075.0,1750.0,226,29,0.1283,1.6279,steamdt-live,1090.0,200,1080.0,85,"溢价求购:买一高于卖一,多为定向收特定图案,买一价不可作退出价",11,0,7,5,4,0,6,5,-0.0026687844564083907,-0.00462962962962965,-0.002863720073664755,-0.007286058602443579,0.013761467889908285,0.0,0.0182648401826484,-0.019607843137254943,-0.12870805641108762,0.33,3,暂未减速,买一异常溢价(不作为可成交退出价),38,0,0
397,★ Specialist Gloves | Crimson Web (Minimal Wear),1823.5,3450.0,288,34,0.1181,1.892,steamdt-live,1838.0,216,1823.5,68,"溢价求购:买一高于卖一,多为定向收特定图案,买一价不可作退出价",11,0,9,5,2,0,6,5,-0.003831417624521105,0.0019230769230769162,-0.00408830744071953,-0.0019157088122605526,0.005996184246388703,0.013055555555555598,0.006743360132470566,0.0161604903872945,-0.05371043072132853,0.37,3,回撤不明显,买一异常溢价(不作为可成交退出价),38,0,0
398,★ Broken Fang Gloves | Unhinged (Field-Tested),307.0,393.0,119,14,0.1176,1.2801,steamdt-live,304.5,139,305.01,103,"溢价求购:买一高于卖一,多为定向收特定图案,买一价不可作退出价",11,0,7,5,4,0,6,5,-0.0032679738562091387,-0.0016393442622950616,-0.0045867083048698465,-0.004901960784313708,0.01774193548387093,0.0201005025125629,0.01774193548387093,0.008278145695364225,-0.08283132530120485,0.29,5,暂未减速,买一异常溢价(不作为可成交退出价),38,0,0
399,MP9 | Dart (Factory New),21.89,19.4,98,11,0.1122,0.8862,steamdt-live,21.0,100,21.0,128,,11,6,4,2,0,10,0,5,0.06772486772486785,0.04063429137760166,-0.009952854897852359,0.11111111111111116,0.0,0.13146551724137945,0.0,0.1419249592169658,-0.5701125895598772,0.37,7,长期阴跌,,38,0,0
400,★ Moto Gloves | 3rd Commando Company (Field-Tested),231.5,264.0,206,22,0.1068,1.1404,steamdt-live,238.5,195,234.59,146,"溢价求购:买一高于卖一,多为定向收特定图案,买一价不可作退出价",11,0,7,5,4,0,6,5,-0.0021413276231263545,-0.006437768240343367,-0.00849256900212314,-0.008565310492505307,0.01698513800424628,0.0,0.02935010482180289,-0.008565310492505307,-0.08316831683168313,0.37,9,暂未减速,买一异常溢价(不作为可成交退出价),38,0,0
401,FAMAS | Meltdown (Factory New),475.81,431.0,159,16,0.1006,0.9058,steamdt-live,482.9,60,478.19,92,,11,6,7,2,8,0,4,0,-0.0030723571458428633,-0.0024738464118744252,0.03493326988384404,-0.005538603018016119,0.008522608876849302,0.012361702127659635,0.061185430724912226,-0.06122247652119006,-0.30537672082804124,0.28,6,长期阴跌,,38,0,0
402,M4A1-S | Atomic Alloy (Factory New),990.0,970.0,472,46,0.0975,0.9798,steamdt-live,1018.49,99,1000.0,97,,7,12,9,2,6,0,2,0,-0.0029469548133594925,-0.024630541871921152,-0.0019607843137254832,-0.027504911591355596,0.03695561240868106,0.0,0.04255319148936165,-0.010000000000000009,-0.08958819959169417,0.37,7,可能加速下跌,,38,0,0
403,USP-S | Road Rash (Factory New),950.99,926.0,169,15,0.0888,0.9737,steamdt-live,965.25,53,955.74,60,,7,12,7,2,6,0,4,0,-0.009328820275736782,-0.009385416666666702,-0.000989690721649561,-0.01862668207710716,0.019597938144329863,0.0,0.033546747967479695,-0.033546747967479695,-0.08382466281310208,0.37,6,可能加速下跌,,38,0,0
404,Glock-18 | Mirror Mosaic (Factory New),153.5,148.0,372,30,0.0806,0.9642,steamdt-live,158.0,220,159.23,159,,7,12,9,2,2,0,6,0,0.0033222591362125353,0.01655629139072845,-0.0033112582781457123,0.019933554817275656,0.009677419354838679,0.023333333333333428,0.009677419354838679,0.023469795972796526,-0.04301745635910226,0.37,6,回撤不明显,,38,0,0
405,Desert Eagle | Light Rail (Factory New),68.0,65.0,437,30,0.0686,0.9559,steamdt-live,63.23,178,73.02,202,,7,9,9,2,10,1,0,0,-0.06638655462184884,-0.05145514551455144,-0.004461795872838681,-0.1144257703081234,0.13109797993678718,0.0,0.19951892644638558,-0.19951892644638558,-0.31271739130434784,0.28,9,长期阴跌,,38,0,0
406,USP-S | Blood Tiger (Factory New),101.45,95.0,361,20,0.0554,0.9364,steamdt-live,99.8,71,101.68,117,,3,9,9,2,6,0,4,5,0.002782746968793548,-0.010901883052527372,-0.0046493223859926935,-0.008149473265752438,0.03946102021174214,0.0,0.03946102021174214,0.0010030090270811698,-0.2788496278632848,0.28,6,可能加速下跌,,38,0,0
407,★ Sport Gloves | Nocts (Minimal Wear),5460.0,6470.0,370,20,0.0541,1.185,steamdt-live,5489.0,309,5469.32,75,"溢价求购:买一高于卖一,多为定向收特定图案,买一价不可作退出价",3,0,9,5,0,10,6,5,0.009633197480548361,0.0018348623853210455,-0.014963503649635057,0.011485735457576807,0.0036496350364964014,0.011485735457576807,0.004376367614879695,0.014964216005205033,-0.056098193448007594,0.37,8,回撤不明显,买一异常溢价(不作为可成交退出价),38,0,0
408,FAMAS | Rapid Eye Movement (Factory New),101.88,100.0,355,18,0.0507,0.9815,steamdt-live,102.16,154,106.33,168,,3,12,9,2,8,0,4,0,-0.004951456310679614,-0.005951800175626909,-0.009615384615384581,-0.010873786407767039,0.023202301054650043,0.0,0.056666666666666754,-0.056666666666666754,-0.12923076923076926,0.25,7,暂未减速,,38,0,0
409,AWP | Capillary (Factory New),38.08,36.1,802,35,0.0436,0.948,steamdt-live,41.55,174,38.83,224,,3,9,12,2,10,0,2,0,-0.016393442622950838,-0.02358974358974364,-0.012207274539113189,-0.039596469104665855,0.05132037867463879,0.00210526315789461,0.1079878191613961,-0.1079878191613961,-0.3653333333333334,0.29,7,长期阴跌,,38,0,0
410,USP-S | Lead Conduit (Factory New),80.78,74.0,541,23,0.0425,0.9161,steamdt-live,84.25,110,84.9,105,,3,6,12,2,8,0,2,5,-0.011787117513989753,-0.02674698795180719,-0.019953325554259105,-0.038218835575663745,0.057409568261376887,0.009749999999999925,0.07149425287356326,-0.07149425287356326,-0.3171597633136094,0.15,6,长期阴跌,,38,0,0
411,Desert Eagle | Heat Treated (Factory New),210.48,3510.0,1539,61,0.0396,16.6762,steamdt-live,220.0,308,213.48,362,"溢价求购:买一高于卖一,多为定向收特定图案,买一价不可作退出价",3,0,15,2,10,6,2,0,-0.023573200992555776,-0.009459268671466958,-0.030343536960299455,-0.032809484422387736,0.06215746557946811,0.0076599004212944966,0.11514692899482915,-0.10357751277683147,-0.3166233766233767,0.37,11,长期阴跌,买一异常溢价(不作为可成交退出价),38,0,0
412,★ Sport Gloves | Blaze (Minimal Wear),1519.0,1950.0,28,23,0.8214,1.2837,steamdt-live,1499.0,41,1575.5,29,"溢价求购:买一高于卖一,多为定向收特定图案,买一价不可作退出价",20,0,2,5,8,0,2,0,-0.006463814298112713,-0.022816166883963485,-0.003883870967741898,-0.029132501716343517,0.032903225806451664,0.0,0.05652064451158101,-0.009580442682524004,-0.09013657056145674,0.12,9,可能加速下跌,买一异常溢价(不作为可成交退出价),37,0,0
413,★ Specialist Gloves | Big Swell (Minimal Wear),2524.5,3200.0,40,27,0.675,1.2676,steamdt-live,2544.0,57,2518.25,35,"溢价求购:买一高于卖一,多为定向收特定图案,买一价不可作退出价",20,0,4,5,2,0,6,0,-0.0014836795252225476,-0.0021792966815255,-0.002368265245707546,-0.003659742828882262,0.006019340832839948,0.0017463184107309182,0.008953168044077087,0.049270833333333375,0.012565339766787309,0.31,4,回撤不明显,买一异常溢价(不作为可成交退出价),37,0,0
414,★ Specialist Gloves | Chocolate Chesterfield (Minimal Wear),1099.5,1670.0,42,24,0.5714,1.5189,steamdt-live,1109.5,41,1109.5,31,"溢价求购:买一高于卖一,多为定向收特定图案,买一价不可作退出价",20,0,4,5,2,0,6,0,-0.004977375565610842,0.0,0.005459508644221955,-0.004977375565610842,0.01035103510351032,0.00045495905368508893,0.01035103510351032,-0.0027210884353741083,-0.05784061696658094,0.37,3,可能加速下跌,买一异常溢价(不作为可成交退出价),37,0,0
415,★ Sport Gloves | Violet Beadwork (Minimal Wear),3709.5,4290.0,53,29,0.5472,1.1565,steamdt-live,3700.0,68,3744.57,26,"溢价求购:买一高于卖一,多为定向收特定图案,买一价不可作退出价",20,0,4,5,2,0,6,0,0.0,-0.003769520732364029,0.003783783783783745,-0.003769520732364029,0.00591080064481464,0.0,0.008972813713673533,-0.008972813713673533,-0.05920403576041744,0.12,3,回撤不明显,买一异常溢价(不作为可成交退出价),37,0,0
416,★ Driver Gloves | Brocade Crane (Field-Tested),1054.5,1570.0,76,35,0.4605,1.4889,steamdt-live,1067.0,86,1057.4,56,"溢价求购:买一高于卖一,多为定向收特定图案,买一价不可作退出价",20,0,4,5,2,0,6,0,0.016547106647537113,-0.0078095596537447465,-0.004285714285714337,0.008608321377331363,0.008742244782853903,0.009090909090909038,0.010787992495309595,0.004764173415912287,-0.06681415929203538,0.37,6,回撤不明显,买一异常溢价(不作为可成交退出价),37,0,0
417,★ Specialist Gloves | Lime Polycam (Field-Tested),1579.0,2200.0,126,37,0.2937,1.3933,steamdt-live,1573.0,140,1610.0,70,"溢价求购:买一高于卖一,多为定向收特定图案,买一价不可作退出价",17,0,7,5,6,0,2,0,0.0,-0.008509297195083532,0.004113924050632933,-0.008509297195083532,0.008821676118462518,0.00865662071176665,0.03496932515337425,-0.02176616915422891,-0.045509708737864085,0.37,5,回撤不明显,买一异常溢价(不作为可成交退出价),37,0,0
418,★ Specialist Gloves | Blackbook (Field-Tested),1618.0,2050.0,167,38,0.2275,1.267,steamdt-live,1625.0,165,1602.8,68,"溢价求购:买一高于卖一,多为定向收特定图案,买一价不可作退出价",17,0,7,5,4,0,4,0,-0.0015436863229392195,-0.008781694495980208,-0.006441717791411006,-0.01031182463723379,0.018493570116350333,0.003003754693366778,0.021489621489621524,-0.0053986968662737,-0.02654114788946249,0.37,7,可能加速下跌,买一异常溢价(不作为可成交退出价),37,0,0
419,★ Moto Gloves | Spearmint (Minimal Wear),18156.0,26710.0,191,38,0.199,1.4711,steamdt-live,18400.0,155,18800.0,60,"溢价求购:买一高于卖一,多为定向收特定图案,买一价不可作退出价",14,0,7,5,2,0,4,5,-0.00483984991027242,-0.007868852459016362,0.016640866873065097,-0.012670618304421066,0.01272430668841762,0.014301675977653527,0.01272430668841762,-0.007868852459016362,-0.09468960359012712,0.37,4,可能加速下跌,买一异常溢价(不作为可成交退出价),37,0,0
420,★ Sport Gloves | Hedge Maze (Minimal Wear),46000.0,60000.0,219,33,0.1507,1.3043,steamdt-live,46630.0,181,47609.0,51,"溢价求购:买一高于卖一,多为定向收特定图案,买一价不可作退出价",14,0,7,5,2,0,6,3,0.00845315904139432,-0.006221914967162068,-0.0021739130434782483,0.002178649237472685,0.006221914967162068,0.006564551422319376,0.006479481641468721,0.0,-0.024721197472755807,0.37,4,回撤不明显,买一异常溢价(不作为可成交退出价),37,0,0
421,★ Moto Gloves | Polygon (Minimal Wear),1066.0,1490.0,133,20,0.1504,1.3977,steamdt-live,1070.0,127,1076.66,56,"溢价求购:买一高于卖一,多为定向收特定图案,买一价不可作退出价",14,0,7,5,0,0,6,5,0.0017917448405253555,-0.0017885402327911804,0.006610009442870712,0.0,0.0027223994536491603,0.007647153349528812,0.0027223994536491603,0.025493025493025456,-0.06573181419807184,0.37,6,回撤不明显,买一异常溢价(不作为可成交退出价),37,0,0
422,FAMAS | Eye of Athena (Factory New),196.0,184.0,325,32,0.0985,0.9388,steamdt-live,189.57,96,198.0,117,,7,9,9,2,10,0,0,0,-0.02144999999999997,-0.03137294977262284,-0.039800278457919225,-0.05215000000000003,0.08987469393633873,0.0,0.14991031390134535,-0.14991031390134535,-0.31877964639931,0.37,8,长期阴跌,,37,0,0
423,USP-S | Stainless (Factory New),276.99,263.0,312,26,0.0833,0.9495,steamdt-live,293.72,218,293.85,97,,7,9,9,2,8,0,2,0,-0.010421008753647376,-0.027695871946082473,-0.00731034482758619,-0.037828261775739835,0.044862068965517254,0.0,0.06105084745762712,-0.07330210772833712,-0.1947965116279069,0.37,11,可能加速下跌,,37,0,0
424,★ Sport Gloves | Slingshot (Minimal Wear),5300.0,8540.0,374,31,0.0829,1.6113,steamdt-live,5250.0,321,5450.0,82,"溢价求购:买一高于卖一,多为定向收特定图案,买一价不可作退出价",7,0,9,5,6,3,4,3,0.001782363977485879,-0.01676186908886601,-0.021928617304339815,-0.015009380863039379,0.03634361233480177,0.0,0.03669724770642202,-0.03350515463917525,-0.12353923205342232,0.36,5,可能加速下跌,买一异常溢价(不作为可成交退出价),37,0,0
425,P250 | Digital Architect (Factory New),234.9,216.0,26,2,0.0769,0.9195,steamdt-live,297.9,21,245.9,38,,7,6,2,2,10,3,2,5,-0.009200666111573552,-0.012983738812555212,-0.038392249489571206,-0.02206494587843455,0.059610072460867025,0.004275331338178701,0.11355145477187822,-0.09653846153846146,-0.2985965959988055,0.37,18,暂未减速,,37,0,0
426,★ Sport Gloves | Amphibious (Minimal Wear),4035.0,7570.0,526,39,0.0741,1.8761,steamdt-live,4070.0,462,4021.23,123,"溢价求购:买一高于卖一,多为定向收特定图案,买一价不可作退出价",7,0,12,5,2,0,6,5,0.0,-0.0010621890547263257,-0.0007457121551081025,-0.0010621890547263257,0.005881930639758948,0.009281692972755495,0.007481463173504732,0.004183545886471629,-0.041591885441527476,0.37,8,回撤不明显,买一异常溢价(不作为可成交退出价),37,0,0
427,Galil AR | Vandal (Factory New),75.31,72.0,269,19,0.0706,0.956,steamdt-live,68.9,86,70.29,84,,7,9,9,2,10,0,0,0,-0.035379254891449996,-0.042789663795498756,-0.011131725417439564,-0.07665505226480829,0.0869334746885766,0.013235294117647234,0.0976951283394446,-0.0976951283394446,-0.36203703703703694,0.76,6,长期阴跌,,37,0,0
428,FAMAS | Cyanospatter (Factory New),37.69,35.3,337,23,0.0682,0.9366,steamdt-live,36.98,60,38.61,80,,7,9,9,2,10,0,0,0,-0.03689945517582971,-0.04911288248907186,-0.042901161412656874,-0.08420009905894021,0.12348897843090778,0.056571428571428495,0.18185840707964618,-0.18185840707964618,-0.4559364425481831,0.37,7,长期阴跌,,37,0,0
429,Tec-9 | Cracked Opal (Factory New),44.8,42.1,449,27,0.0601,0.9397,steamdt-live,43.0,178,46.11,75,,7,9,9,2,10,0,0,0,-0.04404255319148942,-0.042955708880480725,-0.05432595573440646,-0.08510638297872342,0.13480885311871227,0.0,0.18867924528301883,-0.18714555765595464,-0.08413205537806179,0.37,10,可能加速下跌,,37,0,0
430,P250 | See Ya Later (Factory New),685.0,669.0,288,17,0.059,0.9766,steamdt-live,708.5,113,715.0,96,,3,12,9,2,6,3,2,0,-0.0128571428571429,-0.00868306801736618,-0.011997177134791759,-0.021428571428571463,0.03316866619618908,0.007352941176470562,0.035211267605633756,-0.03453136011275548,-0.06610860407094854,0.37,8,可能加速下跌,,37,0,0
431,M4A1-S | Stratosphere (Factory New),207.49,197.0,391,23,0.0588,0.9494,steamdt-live,209.0,256,215.96,324,,3,9,9,2,8,0,6,0,0.014705882352941124,0.00236714975845409,-0.007299270072992692,0.017107843137254886,0.007224880382775023,0.02211822660098517,0.05682076458020824,-0.05682076458020824,-0.20196153846153841,0.28,12,回撤不明显,,37,0,0
432,P250 | Inferno (Factory New),52.99,46.0,358,20,0.0559,0.8681,steamdt-live,49.8,109,52.3,110,,3,3,9,2,2,10,3,5,0.07782515991471217,-0.014836795252225476,-0.029186503829434995,0.061833688699360234,0.014836795252225476,0.06432998503953824,0.014836795252225476,0.0014076010456465227,-0.3764087152516905,0.37,8,长期阴跌,,37,0,0
433,Desert Eagle | Cobalt Disruption (Factory New),604.5,582.0,636,35,0.055,0.9628,steamdt-live,629.5,281,621.99,230,,3,12,12,2,8,0,0,0,0.0,-0.029695024077046495,-0.017876848377841537,-0.029695024077046495,0.0470410190118864,0.007500000000000062,0.055468749999999956,-0.047281323877068515,-0.20145310435931307,0.37,10,可能加速下跌,,37,0,0
434,★ Hydra Gloves | Case Hardened (Field-Tested),341.0,370.0,376,16,0.0426,1.085,steamdt-live,343.85,404,344.82,167,"溢价求购:买一高于卖一,多为定向收特定图案,买一价不可作退出价",3,0,9,5,4,10,6,0,-0.059965237543453065,0.0582434514637904,-0.000723693732812225,-0.005214368482039378,0.007514450867052047,0.0582434514637904,0.026919807310852972,-0.025815602836879448,-0.05669706625645543,0.15,9,回撤不明显,买一异常溢价(不作为可成交退出价),37,0,0
435,M4A4 | Temukau (Factory New),609.5,601.0,774,33,0.0426,0.9861,steamdt-live,609.5,653,611.76,340,,3,12,12,2,6,0,2,0,-0.005663430420711935,-0.008950366151342593,-0.009424889401808079,-0.014563106796116498,0.024038461538461564,0.015846538782318564,0.045454545454545414,-0.04094488188976375,-0.12496228285701971,0.37,11,可能加速下跌,,37,0,0
436,Glock-18 | Off World (Factory New),37.79,37.2,725,30,0.0414,0.9844,steamdt-live,38.5,257,38.67,124,,3,12,12,2,6,0,2,0,-0.0053873781426371226,-0.02527727624451903,-0.0005128205128206442,-0.030528476141611027,0.031025641025641093,0.0,0.031025641025641093,0.036194132163422044,-0.2801904761904762,0.37,9,可能加速下跌,,37,0,0
437,AWP | Lightning Strike (Factory New),2996.99,2950.0,590,22,0.0373,0.9843,steamdt-live,3030.0,480,3049.0,145,,3,12,12,2,2,0,6,0,-0.0018968386023293649,-0.0007701797085988282,0.0016666666666667052,-0.0026655574043261687,0.004983399734395877,0.004016750418760484,0.0070931619401007895,-0.001003333333333356,-0.026951298701298754,0.37,5,回撤不明显,,37,0,0
438,Five-SeveN | Kami (Factory New),29.24,26.0,821,22,0.0268,0.8892,steamdt-live,28.98,396,29.35,178,,3,6,12,2,4,10,0,0,-0.0034674063800277377,0.008350730688935437,-0.01569965870307166,0.004854368932038833,0.010921501706484649,0.07333333333333325,0.016627078384798044,-0.003095975232198178,-0.303030303030303,0.3,7,长期阴跌,,37,0,0
439,Galil AR | Orange DDPAT (Factory New),559.9,451.0,9,3,0.3333,0.8055,steamdt-live,787.9,9,563.5,10,,8,3,2,2,10,0,6,5,0.00017860332202190854,-0.00017857142857147235,0.0,0.0,0.10715994259288797,0.0,0.17353054054851957,0.0,-0.1873730043541365,0.37,3,暂未减速,,36,0,0
440,MP9 | Wild Lily (Factory New),16665.5,15990.0,30,8,0.2667,0.9595,steamdt-live,15999.39,27,17299.19,25,,17,9,4,2,4,0,0,0,-0.012346296296296355,-3.750002343749781e-05,-0.012195121951219523,-0.012383333333333413,0.024427439024390263,0.0,0.024427439024390263,0.009425236593059827,-0.03028122916540399,0.37,1,价格更新稀疏,,36,0,0
441,★ Driver Gloves | Dragon Fists (Field-Tested),604.5,731.0,99,23,0.2323,1.2093,steamdt-live,612.0,98,611.9,40,"溢价求购:买一高于卖一,多为定向收特定图案,买一价不可作退出价",17,0,4,5,4,0,6,0,-0.0024590163934425924,-0.006573541495480728,-0.006352826193190997,-0.00901639344262295,0.01531194005538361,0.008340283569641338,0.015472312703583069,-0.014669926650366705,-0.028915662650602414,0.37,10,暂未减速,买一异常溢价(不作为可成交退出价),36,0,0
442,★ Driver Gloves | Snow Leopard (Field-Tested),1647.4,2510.0,532,55,0.1034,1.5236,steamdt-live,1675.0,497,1665.0,185,"溢价求购:买一高于卖一,多为定向收特定图案,买一价不可作退出价",11,0,12,5,2,0,6,0,0.005426829268292632,-0.0009096973740069236,-0.002736394040741885,0.0045121951219513345,0.0009702850212249814,0.0045121951219513345,0.007291352817113572,0.012351748294721299,-0.05294624892210398,0.37,3,回撤不明显,买一异常溢价(不作为可成交退出价),36,0,0
443,USP-S | Pathfinder (Factory New),206.88,191.0,127,13,0.1024,0.9232,steamdt-live,192.86,73,197.93,95,,11,6,7,2,10,0,0,0,-0.0011530555973329193,-0.032021682393093776,-0.01941795300363769,-0.03313781521030723,0.051912299675548,0.0,0.11863632209121644,-0.11859604222841724,-0.429171846326881,0.37,4,长期阴跌,,36,0,0
444,M4A4 | Daybreak (Factory New),4287.0,4140.0,181,18,0.0994,0.9657,steamdt-live,4415.23,50,4344.0,61,,7,12,7,2,6,0,2,0,-0.011477272727272725,-0.014369467754914322,-0.0011328062038732378,-0.02568181818181814,0.026785531862728362,0.008705882352941119,0.03107695784834441,-0.03107695784834441,-0.19113207547169808,0.37,3,可能加速下跌,,36,0,0
445,Glock-18 | Wasteland Rebel (Factory New),777.0,766.0,472,39,0.0826,0.9858,steamdt-live,795.0,95,785.12,167,,7,12,9,2,2,0,4,0,-0.001913265306122458,-0.007028753993610248,0.0014689915053969216,-0.008928571428571397,0.01270648030495558,0.002580645161290418,0.01270648030495558,-0.002413722267871843,-0.05703883495145634,0.3,12,可能加速下跌,,36,0,0
446,Tec-9 | Avalanche (Factory New),69.73,64.0,471,37,0.0786,0.9178,steamdt-live,69.75,154,73.0,147,,7,6,9,2,8,0,4,0,-0.001699235344095218,-0.012056737588652444,-0.005071851225697421,-0.013735485698102456,0.018737672583826415,0.0,0.07133333333333325,-0.07133333333333325,-0.3237864077669902,0.37,4,长期阴跌,,36,0,0
447,Glock-18 | Dragon Tattoo (Factory New),523.34,518.0,361,21,0.0582,0.9898,steamdt-live,518.0,247,535.64,250,,3,12,9,2,8,0,2,0,-0.016397400185701128,-0.022032586327335846,-0.013555596263051806,-0.03806870937790163,0.05110826158637105,0.0,0.0564663023679417,-0.05301645338208405,-0.19743426862711677,0.37,18,可能加速下跌,,36,0,0
448,M4A1-S | Moss Quartz (Factory New),505.0,492.0,485,27,0.0557,0.9743,steamdt-live,498.98,128,508.72,192,,3,12,9,2,8,0,2,0,-0.00395311062838799,-0.019627875906242043,-0.007786407766990244,-0.023503395369772417,0.031106796116504798,0.0,0.07746635113148936,-0.07746635113148936,-0.21789968652037617,0.37,9,可能加速下跌,,36,0,0
449,★ Hand Wraps | Cobalt Skulls (Field-Tested),1238.9,1690.0,910,47,0.0516,1.3641,steamdt-live,1260.0,689,1237.99,215,"溢价求购:买一高于卖一,多为定向收特定图案,买一价不可作退出价",3,0,15,5,2,0,6,5,0.0016233766233766378,0.0032333873581846806,0.022406639004149298,0.0048620129870129425,0.0012021170168134976,0.04958880881729555,0.00960799999999995,0.013085106382978662,-0.06501872998610347,0.37,10,回撤不明显,买一异常溢价(不作为可成交退出价),36,0,0
450,Five-SeveN | Heat Treated (Factory New),105.0,98.0,740,33,0.0446,0.9333,steamdt-live,105.48,372,108.99,219,,3,9,12,2,8,0,2,0,-0.005381332343663003,-0.020522388059701524,-0.020537986186841217,-0.025793282612729618,0.04580152671755733,0.0,0.07570422535211263,-0.07570422535211263,-0.2279411764705882,0.37,7,可能加速下跌,,36,0,0
451,Five-SeveN | Copper Galaxy (Factory New),111.0,105.0,609,27,0.0443,0.9459,steamdt-live,127.0,111,116.0,164,,3,9,12,2,10,0,0,0,-0.035066108236839866,-0.05531914893617018,-0.010000000000000009,-0.08844542990884452,0.09756097560975607,0.0,0.1007777057679844,-0.0331010452961672,-0.3620689655172413,0.37,12,长期阴跌,,36,0,0
452,★ Sport Gloves | Nocts (Field-Tested),3700.0,4370.0,1022,45,0.044,1.1811,steamdt-live,3740.0,847,3770.0,158,"溢价求购:买一高于卖一,多为定向收特定图案,买一价不可作退出价",3,0,15,5,4,0,4,5,-0.0009040140362889248,-0.009503413197697763,-0.007069446288673453,-0.010398836015063417,0.01726427622841964,0.006939719689753598,0.017394768291063567,-0.010562909479877036,-0.04269081500646832,0.36,7,可能加速下跌,买一异常溢价(不作为可成交退出价),36,0,0
453,AWP | Exothermic (Factory New),55.3,52.0,434,18,0.0415,0.9403,steamdt-live,55.69,263,56.47,316,,3,9,9,2,2,0,6,5,0.008080808080808133,0.007469484423392236,0.009267840593141896,0.015610651974288237,0.007181328545781018,0.04339622641509422,0.007181328545781018,0.06551059730250475,-0.15275011490730805,0.33,7,回撤不明显,,36,0,0
454,AK-47 | Emerald Pinstripe (Factory New),83.2,79.0,801,32,0.04,0.9495,steamdt-live,87.21,224,84.0,273,,3,9,12,2,10,0,0,0,0.0,-0.004784688995215225,-0.0023866348448687846,-0.004784688995215225,0.017709563164108655,0.041301627033792254,0.1192971313644543,-0.11016042780748658,-0.3208163265306122,0.36,5,长期阴跌,,36,0,0
455,FAMAS | Survivor Z (Factory New),28.87,26.0,1144,41,0.0358,0.9006,steamdt-live,25.0,245,28.49,309,,3,6,15,2,10,0,0,0,-0.014482758620689706,-0.020293911826452016,-0.03301100366788923,-0.03448275862068961,0.06635545181727243,0.1200000000000001,0.15125795695665356,-0.15125795695665356,-0.36349170265969544,0.37,15,长期阴跌,,36,0,0
456,Tec-9 | Remote Control (Factory New),178.0,166.0,574,20,0.0348,0.9326,steamdt-live,189.62,67,184.74,132,,3,9,12,2,8,0,2,0,-0.00278703754303522,-0.024550635686102495,0.0010393873085339234,-0.027269249685775265,0.05319148936170215,0.0,0.06571488557631755,-0.0871794871794872,-0.19090909090909092,0.32,8,可能加速下跌,,36,0,0
457,Tec-9 | Titanium Bit (Factory New),553.98,519.0,642,16,0.0249,0.9369,steamdt-live,592.74,7,539.15,39,,3,9,12,2,10,0,0,0,-0.017574692442882234,-0.03456171735241509,0.02522522522522519,-0.05152899824253088,0.08217687074829938,0.020189035916824194,0.08217687074829938,0.058652752167601685,0.03474192806196785,0.08,14,可能加速下跌,,36,0,0
458,Glock-18 | Grinder (Factory New),54.76,51.0,896,20,0.0223,0.9313,steamdt-live,54.9,362,57.89,256,,3,9,12,2,10,0,0,0,-0.006303236797274403,-0.06120349734270525,0.012068965517241459,-0.06712095400340723,0.06870748299319729,0.0,0.1124797406807132,-0.08580968280467449,-0.3556889045770091,0.37,8,长期阴跌,,36,0,0
459,★ Sport Gloves | Occult (Minimal Wear),5995.0,6570.0,85,32,0.3765,1.0959,steamdt-live,6099.99,93,6044.25,33,"溢价求购:买一高于卖一,多为定向收特定图案,买一价不可作退出价",20,0,4,5,0,0,6,0,-0.0006667777962994226,0.0,-0.0001666666666666483,-0.0006667777962994226,0.0008333333333333526,0.007563025210084007,0.0008333333333333526,0.030688558411415823,-0.015114177755873204,0.12,2,回撤不明显,买一异常溢价(不作为可成交退出价),35,0,0
460,★ Moto Gloves | Blood Pressure (Minimal Wear),1200.0,1820.0,122,34,0.2787,1.5167,steamdt-live,1270.0,86,1254.0,72,"溢价求购:买一高于卖一,多为定向收特定图案,买一价不可作退出价",17,0,7,5,6,0,0,0,-0.008000000000000007,-0.032258064516129004,-0.00714853057982523,-0.040000000000000036,0.04677173360447395,0.0,0.0487062404870624,-0.03107034429300437,-0.12023460410557185,0.36,6,可能加速下跌,买一异常溢价(不作为可成交退出价),35,0,0
461,★ Driver Gloves | Garden (Field-Tested),1098.0,1870.0,156,42,0.2692,1.7031,steamdt-live,1100.0,160,1100.0,142,"溢价求购:买一高于卖一,多为定向收特定图案,买一价不可作退出价",17,0,7,5,4,0,2,0,0.0009115770282588365,0.0,0.00045599635202919764,0.0009115770282588365,0.0009099181073702889,0.026168224299065512,0.019205002233139812,0.007339449541284404,-0.1285022620842925,0.22,5,回撤不明显,买一异常溢价(不作为可成交退出价),35,0,0
462,★ Specialist Gloves | Cloud Chaser (Field-Tested),2798.0,3800.0,155,36,0.2323,1.3581,steamdt-live,2769.5,150,2833.16,69,"溢价求购:买一高于卖一,多为定向收特定图案,买一价不可作退出价",17,0,7,5,2,0,4,0,0.006493506493506551,-0.00734767025089611,0.0,-0.0009018759018758482,0.00734767025089611,0.007090909090909037,0.00734767025089611,0.004169688179840536,-0.012479942948832257,0.37,8,回撤不明显,买一异常溢价(不作为可成交退出价),35,0,0
463,★ Sport Gloves | Pandora's Box (Minimal Wear),33748.9,56160.0,187,40,0.2139,1.6641,steamdt-live,33799.0,205,34635.0,50,"溢价求购:买一高于卖一,多为定向收特定图案,买一价不可作退出价",17,0,7,5,2,0,4,0,-0.0032795082208300075,-0.004090003688675736,0.0,-0.007356098708785508,0.007356098708785508,0.0074599241768411595,0.011730772046442794,-0.011730772046442794,-0.03436623748211731,0.27,5,回撤不明显,买一异常溢价(不作为可成交退出价),35,0,0
464,★ Moto Gloves | 3rd Commando Company (Minimal Wear),465.5,500.0,130,27,0.2077,1.0741,steamdt-live,461.0,42,471.53,83,"溢价求购:买一高于卖一,多为定向收特定图案,买一价不可作退出价",17,0,7,5,0,0,6,0,-0.003302146395156802,0.018221976808393103,0.00046251431591914915,0.014859658778205942,0.004319654427645814,0.019347705914870117,0.004319654427645814,0.05977011494252871,0.1382716049382715,0.37,7,回撤不明显,买一异常溢价(不作为可成交退出价),35,0,0
465,★ Sport Gloves | Red Racer (Field-Tested),819.5,1330.0,219,43,0.1963,1.6229,steamdt-live,822.5,196,840.0,70,"溢价求购:买一高于卖一,多为定向收特定图案,买一价不可作退出价",14,0,7,5,4,0,2,3,-0.001204819277108471,-0.011459589867309994,0.012195121951219523,-0.012650602409638556,0.022659511031604018,0.011728395061728403,0.027761300272867495,0.007375537799631182,-0.09354364153218231,0.37,13,可能加速下跌,买一异常溢价(不作为可成交退出价),35,0,0
466,M4A4 | Bullet Rain (Factory New),1484.5,2000.0,305,47,0.1541,1.3473,steamdt-live,1548.0,67,1529.55,143,"溢价求购:买一高于卖一,多为定向收特定图案,买一价不可作退出价",14,0,9,2,6,0,4,0,-0.01373446697187708,-0.015583554376657816,-0.01035598705501617,-0.029103989535644192,0.041639767591994836,0.0,0.044108177720540875,-0.03915857605177997,-0.16455624964826387,0.37,8,可能加速下跌,买一异常溢价(不作为可成交退出价),35,0,0
467,★ Sport Gloves | Bronze Morph (Field-Tested),443.5,510.0,283,34,0.1201,1.1499,steamdt-live,449.0,226,465.15,177,"溢价求购:买一高于卖一,多为定向收特定图案,买一价不可作退出价",11,0,9,5,4,0,6,0,0.0,0.009101251422070522,0.006181318681318659,0.009101251422070522,0.003370786516853963,0.03259604190919685,0.016629711751662946,-0.016629711751662946,-0.12524654832347137,0.37,8,回撤不明显,买一异常溢价(不作为可成交退出价),35,0,0
468,M4A4 | Eye of Horus (Factory New),4140.0,5120.0,303,29,0.0957,1.2367,steamdt-live,4330.0,139,4190.0,101,"溢价求购:买一高于卖一,多为定向收特定图案,买一价不可作退出价",7,0,9,2,6,0,6,5,-0.0009526192217389484,-0.003130267276667431,-0.002981251454049705,-0.004079904545629454,0.0068036350027348425,0.002421307506053294,0.04608294930875578,-0.037209302325581395,-0.17938553022794845,0.27,3,回撤不明显,买一异常溢价(不作为可成交退出价),35,0,0
469,USP-S | Caiman (Factory New),457.4,433.0,241,22,0.0913,0.9467,steamdt-live,499.0,51,458.0,98,,7,9,7,2,6,0,4,0,-0.011260396673064554,-0.013416159786031723,-0.002340425531914936,-0.0245254851780764,0.044036198716743025,0.0,0.044036198716743025,-0.043096234309623505,-0.19044247787610624,0.37,9,可能加速下跌,,35,0,0
470,Glock-18 | Red Tire (Factory New),75.9,72.0,304,20,0.0658,0.9486,steamdt-live,84.0,81,77.66,114,,7,9,9,2,2,0,6,0,0.0013886960144424698,0.05255859104146454,-0.001386770212175814,0.05402027496181083,0.012875536480686622,0.05402027496181083,0.012875536480686622,-0.012875536480686622,-0.4457021835974585,1.37,8,长期阴跌,,35,0,0
471,★ Sport Gloves | Amphibious (Field-Tested),1865.0,2790.0,1099,72,0.0655,1.496,steamdt-live,1865.0,974,1851.5,268,"溢价求购:买一高于卖一,多为定向收特定图案,买一价不可作退出价",7,0,15,5,2,0,6,0,0.005929131728428461,-0.004280812709066106,-0.0008108108108108025,0.001622937516905676,0.00960705230387382,0.007344940152339552,0.00960705230387382,0.028611111111111143,-0.05535714285714288,0.37,11,回撤不明显,买一异常溢价(不作为可成交退出价),35,0,0
472,Five-SeveN | Buddy (Factory New),23.42,21.8,435,27,0.0621,0.9308,steamdt-live,23.5,143,23.55,185,,7,9,9,2,2,0,6,0,0.001276595744680975,-0.004674883127921747,0.017756604590732028,-0.0034042553191488967,0.008887008040626254,0.018260869565217552,0.008887008040626254,0.018260869565217552,-0.4100755667506297,0.37,10,长期阴跌,,35,0,0
473,M4A1-S | Cyrex (Factory New),1274.99,1250.0,542,27,0.0498,0.9804,steamdt-live,1285.0,239,1284.5,137,,3,12,12,2,0,0,6,0,0.006299212598425141,-0.0023552425665102072,-0.0070367474589523304,0.003929133858267653,0.0031352619233776524,0.0059092702169625255,0.0031352619233776524,0.020808646917533924,-0.019992313604919265,0.37,6,回撤不明显,,35,0,0
474,P250 | Mint Kimono (Factory New),85.7,80.0,188,9,0.0479,0.9335,steamdt-live,81.5,96,84.2,90,,3,9,7,2,10,2,2,0,-0.044161165490553156,-0.02953084067635159,-0.013695554557700884,-0.07238788982472111,0.08509205208801074,0.0,0.14614981665793614,-0.14614981665793614,-0.3682170542635659,0.37,6,长期阴跌,,35,0,0
475,FAMAS | Hexane (Factory New),59.26,52.0,292,10,0.0342,0.8775,steamdt-live,62.99,113,59.46,74,,3,3,9,2,2,10,6,0,-0.0170854271356784,0.009884117246080404,0.009810554803789007,-0.007370184254606449,0.012333333333333418,0.009884117246080404,0.012333333333333418,0.019965576592082535,-0.3180667433831992,0.2,9,长期阴跌,,35,0,0
476,Desert Eagle | Blaze (Factory New),3955.97,3870.0,512,11,0.0215,0.9783,steamdt-live,3980.0,418,3998.38,126,,3,12,12,2,4,0,2,0,-0.004400301734976075,-0.0008915267079177003,-0.002005023852004628,-0.005287905456374253,0.007284818067754162,0.01435128205128211,0.019316342289948385,-0.019316342289948385,-0.03957999514445254,0.37,4,回撤不明显,,35,0,0
477,M4A1-S | Imminent Danger (Factory New),8499.0,10400.0,31,14,0.4516,1.2237,steamdt-live,8500.0,29,8887.9,28,"溢价求购:买一高于卖一,多为定向收特定图案,买一价不可作退出价",20,0,4,2,8,0,0,0,-0.00011764705882355564,0.0,0.0,-0.00011764705882355564,0.00011764705882355564,0.0,0.05496313922586804,-0.05496313922586804,-0.10527423939362035,1.09,0,价格更新稀疏,买一异常溢价(不作为可成交退出价),34,0,0
478,AK-47 | Wild Lotus (Factory New),95196.0,107640.0,113,24,0.2124,1.1307,steamdt-live,94998.5,111,98528.8,33,"溢价求购:买一高于卖一,多为定向收特定图案,买一价不可作退出价",17,0,7,2,2,0,6,0,-0.0010471642791320956,-0.004166841376996966,-0.0029338985351389235,-0.005209642288682259,0.008128256261941802,0.0,0.0092764475221091,-0.006977400539376566,-0.02063402061855668,0.31,2,回撤不明显,买一异常溢价(不作为可成交退出价),34,0,0
479,USP-S | Ancient Visions (Factory New),287.48,266.0,64,12,0.1875,0.9253,steamdt-live,307.98,29,290.4,78,,14,6,4,2,8,0,0,0,-6.944444444434428e-05,-0.0017362316827557178,-0.030564157802612013,-0.0018055555555555047,0.032314528073246196,0.0,0.053906404265122054,-0.053906404265122054,-0.17860510300294286,0.37,1,价格更新稀疏,,34,0,0
480,★ Moto Gloves | Blood Pressure (Field-Tested),719.0,1010.0,232,37,0.1595,1.4047,steamdt-live,719.5,228,727.0,129,"溢价求购:买一高于卖一,多为定向收特定图案,买一价不可作退出价",14,0,7,5,2,0,6,0,0.014681595521343516,-0.008262182926661032,0.000840453845076361,0.006298110566830051,0.012362637362637319,0.012676056338028152,0.012362637362637319,0.036023054755043304,-0.0662337662337662,0.37,10,可能加速下跌,买一异常溢价(不作为可成交退出价),34,0,0
481,AK-47 | X-Ray (Factory New),12756.0,14800.0,167,26,0.1557,1.1602,steamdt-live,13170.0,63,12778.5,59,"溢价求购:买一高于卖一,多为定向收特定图案,买一价不可作退出价",14,0,7,2,4,0,4,3,-3.918955990123152e-05,-0.00015676438313216856,-0.003117577197149668,-0.0001959477995061576,0.00031347962382444194,0.013265549289061873,0.01876923076923076,-0.01876923076923076,-0.15453189726594863,0.36,3,回撤不明显,买一异常溢价(不作为可成交退出价),34,0,0
482,★ Hand Wraps | CAUTION! (Minimal Wear),1149.0,1490.0,249,36,0.1446,1.2968,steamdt-live,1160.0,168,1179.99,80,"溢价求购:买一高于卖一,多为定向收特定图案,买一价不可作退出价",11,0,7,5,4,0,4,3,-0.0009412780656303799,-0.006837178345765915,-0.0017241379310344307,-0.007772020725388629,0.009482758620689702,0.0,0.02212765957446805,0.0030554343081623525,-0.10093896713615025,0.37,8,回撤不明显,买一异常溢价(不作为可成交退出价),34,0,0
483,Desert Eagle | Fennec Fox (Factory New),2300.0,2930.0,441,57,0.1293,1.2739,steamdt-live,2380.0,122,2372.29,93,"溢价求购:买一高于卖一,多为定向收特定图案,买一价不可作退出价",11,0,9,2,10,0,2,0,-0.009102113943726953,-0.016883949561872225,-0.01625416666666679,-0.025832383872866793,0.05349404730060614,0.004590541998436448,0.09090909090909094,-0.07258064516129037,-0.24548108781944034,0.36,5,可能加速下跌,买一异常溢价(不作为可成交退出价),34,0,0
484,★ Driver Gloves | Queen Jaguar (Field-Tested),290.0,403.0,252,24,0.0952,1.3897,steamdt-live,293.88,200,300.0,101,"溢价求购:买一高于卖一,多为定向收特定图案,买一价不可作退出价",7,0,9,5,6,0,4,3,0.00034494653328742686,0.0,-0.00514756348661638,0.00034494653328742686,0.006509078451524375,0.00694444444444442,0.030035453876513518,0.0,-0.03814262023217252,0.36,10,回撤不明显,买一异常溢价(不作为可成交退出价),34,0,0
485,★ Hand Wraps | Giraffe (Field-Tested),236.0,258.0,351,29,0.0826,1.0932,steamdt-live,247.75,272,239.71,166,"溢价求购:买一高于卖一,多为定向收特定图案,买一价不可作退出价",7,0,9,5,4,0,6,3,-0.004210526315789442,-0.0021141649048626032,-0.006276150627615107,-0.0063157894736841635,0.012552301255230103,0.006396588486140775,0.01666666666666672,0.028322440087146017,-0.1127819548872181,0.37,8,暂未减速,买一异常溢价(不作为可成交退出价),34,0,0
486,M4A1-S | Printstream (Factory New),2707.48,3780.0,637,52,0.0816,1.3961,steamdt-live,2699.5,472,2755.0,180,"溢价求购:买一高于卖一,多为定向收特定图案,买一价不可作退出价",7,0,12,2,4,3,6,0,-0.006199787226237263,-0.004060538944259839,-0.006052871467638998,-0.010235151693018807,0.016405395552315016,0.0,0.0181950509461426,-0.015292528924413351,-0.06643598615916957,0.37,12,暂未减速,买一异常溢价(不作为可成交退出价),34,0,0
487,Desert Eagle | Mudder (Factory New),41.49,36.6,378,28,0.0741,0.8821,steamdt-live,43.92,67,43.56,130,,7,6,9,2,10,0,0,0,-0.009237875288683584,-0.04428904428904423,-0.013667425968109326,-0.05311778290993063,0.06605922551252841,0.0,0.10675381263616557,-0.11370514483354943,-0.27842309046110525,0.17,7,可能加速下跌,,34,0,0
488,Five-SeveN | Berries And Cherries (Factory New),587.5,577.0,280,17,0.0607,0.9821,steamdt-live,587.48,127,584.31,132,,7,12,9,2,4,0,0,0,-0.0008860867342591616,-0.003445158869578746,-0.004934210526315708,-0.004328192894266114,0.009241047205643005,0.04341071428571408,0.026150000000000118,-0.026150000000000118,-0.19014553014553026,0.37,4,回撤不明显,,34,0,0
489,Tec-9 | Rust Leaf (Factory New),87.29,80.0,118,5,0.0424,0.9165,steamdt-live,114.0,25,86.69,43,,3,6,7,2,0,10,6,0,-0.019406260829386568,0.02120391094357399,0.0011564704521798141,0.0013861614878134532,0.0,0.023011564786405536,0.0,0.019882352941176462,-0.24617391304347824,0.11,10,回撤不明显,,34,0,0
490,★ Specialist Gloves | Fade (Field-Tested),1063.0,1960.0,1103,41,0.0372,1.8438,steamdt-live,1057.99,996,1093.0,402,"溢价求购:买一高于卖一,多为定向收特定图案,买一价不可作退出价",3,0,15,5,4,0,4,3,-0.00419730107026528,-0.01121505808465495,-0.009677419354838679,-0.01536528617961841,0.024894009216589907,0.0,0.026240220892775,-0.026240220892775,-0.11834166666666668,0.37,6,可能加速下跌,买一异常溢价(不作为可成交退出价),34,0,0
491,★ Driver Gloves | Plum Quill (Minimal Wear),1039.5,1230.0,12,14,1.1667,1.1833,steamdt-live,1046.5,15,1121.76,17,"溢价求购:买一高于卖一,多为定向收特定图案,买一价不可作退出价",20,0,2,5,0,0,6,0,0.0004810004810005264,-0.00048076923076922906,0.00048123195380167516,0.0,0.00048076923076922906,0.004347826086956497,0.00048076923076922906,0.010204081632652962,-0.08008849557522124,0.37,2,回撤不明显,买一异常溢价(不作为可成交退出价),33,0,0
492,★ Driver Gloves | Dragon Fists (Minimal Wear),1276.0,1820.0,39,25,0.641,1.4263,steamdt-live,1276.0,43,1284.6,35,"溢价求购:买一高于卖一,多为定向收特定图案,买一价不可作退出价",20,0,4,5,4,0,0,0,-0.0007824726134585402,-0.0011746280344557825,-0.0062208398133748455,-0.001956181533646295,0.008164852255054478,0.012301587301587258,0.028560548362528526,-0.028560548362528526,-0.033345964380447124,0.37,0,价格更新稀疏,买一异常溢价(不作为可成交退出价),33,0,0
493,★ Driver Gloves | Wave Chaser (Minimal Wear),3058.0,4600.0,39,23,0.5897,1.5043,steamdt-live,2997.99,54,3137.8,20,"溢价求购:买一高于卖一,多为定向收特定图案,买一价不可作退出价",20,0,4,5,4,0,0,0,0.0,0.0,-0.00033677892630878947,0.0,0.0006700000000000594,0.0,0.01543842364532022,-0.01543842364532022,-0.03275044361993873,0.37,0,价格更新稀疏,买一异常溢价(不作为可成交退出价),33,0,0
494,★ Specialist Gloves | Sunburst (Minimal Wear),2187.5,2550.0,53,21,0.3962,1.1657,steamdt-live,2182.0,47,2223.44,22,"溢价求购:买一高于卖一,多为定向收特定图案,买一价不可作退出价",20,0,4,5,2,0,2,0,-0.0006866559853513365,-0.0004580852038479355,0.0,-0.0011444266422522276,0.0013729977116704317,0.014883720930232602,0.008181818181818179,0.0011470520761642788,-0.01932584269662918,0.37,3,回撤不明显,买一异常溢价(不作为可成交退出价),33,0,0
495,AWP | Queen's Gambit (Factory New),1340.0,2370.0,101,33,0.3267,1.7687,steamdt-live,1343.65,110,1360.0,54,"溢价求购:买一高于卖一,多为定向收特定图案,买一价不可作退出价",20,0,7,2,0,0,4,0,0.0,0.012084592145015005,0.0,0.012084592145015005,0.0,0.019786910197869156,0.0,0.00789770590447536,-0.02898550724637683,0.33,7,回撤不明显,买一异常溢价(不作为可成交退出价),33,0,0
496,★ Specialist Gloves | Tiger Strike (Minimal Wear),2069.0,3390.0,313,35,0.1118,1.6385,steamdt-live,2110.0,247,2119.5,104,"溢价求购:买一高于卖一,多为定向收特定图案,买一价不可作退出价",11,0,9,5,6,0,2,0,-0.006369426751592355,-0.017568850902184185,-0.0137273150302466,-0.023826374144845452,0.037226617031177245,0.0,0.03767441860465115,-0.006959443244540453,-0.10004349717268379,0.37,6,可能加速下跌,买一异常溢价(不作为可成交退出价),33,0,0
497,★ Driver Gloves | Snow Leopard (Minimal Wear),3328.89,5380.0,232,25,0.1078,1.6162,steamdt-live,3350.0,226,3345.53,62,"溢价求购:买一高于卖一,多为定向收特定图案,买一价不可作退出价",11,0,7,5,4,0,6,0,0.00446107784431149,-0.0077528391308235856,-0.005952380952380931,-0.0033263473053892767,0.009258928571428626,0.0013204993232065476,0.02030960299008222,-0.010731054977711763,-0.09449990479558257,0.36,3,回撤不明显,买一异常溢价(不作为可成交退出价),33,0,0
498,FAMAS | Afterimage (Factory New),282.48,258.0,84,9,0.1071,0.9133,steamdt-live,288.0,37,279.34,56,,11,6,4,2,4,2,4,0,-0.007000919312637133,-0.005341119498646907,0.004760551371322919,-0.012304646064634772,0.01637381597943599,0.0,0.01951561951561953,-0.018826835265191466,-0.2240771089691953,0.2,8,可能加速下跌,,33,0,0
499,MP9 | Hydra (Factory New),267.5,256.0,150,14,0.0933,0.957,steamdt-live,282.95,64,276.46,89,,7,9,7,2,4,0,4,0,-0.0055248618784530246,-0.0092592592592593,-0.003669724770642202,-0.014732965009208066,0.020146520146520186,0.0,0.026918879592578993,-0.026918879592578993,-0.09322033898305082,0.2,5,可能加速下跌,,33,0,0
500,P250 | Crimson Kimono (Factory New),144.97,137.0,133,11,0.0827,0.945,steamdt-live,143.45,64,139.81,112,,7,9,7,2,6,0,2,0,0.0,-0.028759986106286828,0.028214285714285525,-0.028759986106286828,0.029434224227698813,0.005899705014749124,0.0440995487488034,-0.0440995487488034,-0.3094438407586684,0.37,4,长期阴跌,,33,0,0
501,★ Sport Gloves | Ultra Violent (Field-Tested),5769.0,7920.0,547,44,0.0804,1.3729,steamdt-live,5798.5,583,5989.5,166,"溢价求购:买一高于卖一,多为定向收特定图案,买一价不可作退出价",7,0,12,5,0,0,4,5,8.64080186642191e-05,-0.0031104199066873672,-8.64005529634948e-05,-0.003024280653244671,0.0031104199066873672,0.012105263157894841,0.0031104199066873672,0.011041009463722329,-0.04089775561097253,0.27,3,回撤不明显,买一异常溢价(不作为可成交退出价),33,0,0
502,M4A4 | Dark Blossom (Factory New),329.97,307.0,242,17,0.0702,0.9304,steamdt-live,347.69,98,345.5,126,,7,9,7,2,8,0,0,0,0.009084333863735194,-0.053957968978468385,-0.001011560693641722,-0.045363807319542704,0.053957968978468385,0.0,0.07181434599156111,-0.057228571428571295,-0.27954148471615714,0.37,7,可能加速下跌,,33,0,0
503,★ Sport Gloves | Big Game (Field-Tested),839.5,951.0,755,42,0.0556,1.1328,steamdt-live,839.5,585,848.0,167,"溢价求购:买一高于卖一,多为定向收特定图案,买一价不可作退出价",3,0,12,5,2,0,6,5,0.007237635705669376,0.005389221556886259,-0.007185628742514938,0.01266586248492163,0.0005952380952380931,0.02378048780487796,0.005331753554502328,0.017575757575757578,-0.07645764576457648,0.37,8,回撤不明显,买一异常溢价(不作为可成交退出价),33,0,0
504,Tec-9 | Mummy's Rot (Factory New),69.47,65.0,473,25,0.0529,0.9357,steamdt-live,69.5,80,70.79,89,,3,9,9,2,6,0,4,0,0.0,-0.011319673305631217,-0.0015736766809728575,-0.011319673305631217,0.012875536480686733,0.0,0.04033379694019479,-0.04033379694019479,-0.3459715639810427,0.37,5,长期阴跌,,33,0,0
505,AWP | Graphite (Factory New),839.5,999.0,613,32,0.0522,1.19,steamdt-live,844.91,425,870.0,295,"溢价求购:买一高于卖一,多为定向收特定图案,买一价不可作退出价",3,0,12,2,8,2,6,0,-0.007054673721340388,-0.005920663114268754,-0.0017605633802817433,-0.012933568489124081,0.01467136150234738,0.0,0.059910414333706585,-0.06043648573027416,-0.12460896767466112,0.37,12,可能加速下跌,买一异常溢价(不作为可成交退出价),33,0,0
506,Galil AR | Crimson Tsunami (Factory New),41.77,39.5,750,37,0.0493,0.9457,steamdt-live,39.8,274,41.73,234,,3,9,12,2,4,0,0,3,0.004195459032576343,-0.0218726959941018,0.0,-0.017769002961500635,0.024270654572199124,0.026302217637957703,0.024270654572199124,0.05710491367861881,-0.2979361439407303,0.37,8,可能加速下跌,,33,0,0
507,Galil AR | Amber Fade (Factory New),107.99,98.0,523,25,0.0478,0.9075,steamdt-live,104.5,131,111.59,146,,3,6,12,2,10,0,0,0,-0.014933333333333354,-0.05702941707273046,-0.03350515463917525,-0.07111111111111112,0.1022336769759451,0.0,0.12037037037037035,-0.12037037037037035,-0.47697697697697705,0.37,12,长期阴跌,,33,0,0
508,Galil AR | Firefight (Factory New),66.68,61.0,626,28,0.0447,0.9148,steamdt-live,65.6,114,68.14,208,,3,6,12,2,10,0,0,0,-0.0015220700152208666,0.0,-0.004545454545454519,-0.0015220700152208666,0.0060606060606061,0.0,0.09342177998894419,-0.09342177998894419,-0.3271794871794872,0.37,1,价格更新稀疏,,33,0,0
509,Tec-9 | Re-Entry (Factory New),42.0,37.6,878,32,0.0364,0.8952,steamdt-live,36.4,229,37.54,244,,3,6,12,2,10,0,0,0,-0.051250309482545164,-0.050104384133611735,-0.033269506941120186,-0.098786828422877,0.12876974629009097,0.0,0.1836734693877552,-0.18183861541919544,-0.33818181818181825,0.37,11,长期阴跌,,33,0,0
510,AWP | Fever Dream (Factory New),113.63,107.0,1184,37,0.0312,0.9417,steamdt-live,114.0,473,115.99,440,,3,9,15,2,4,0,0,0,0.0059130434782608265,-0.017721300138312635,-0.008620689655172376,-0.011913043478260943,0.023797250859106667,0.03299999999999992,0.028803418803418857,-0.0075982532751092124,-0.19978873239436623,0.35,9,可能加速下跌,,33,0,0
511,M4A1-S | Glitched Paint (Factory New),33.8,31.7,1445,28,0.0194,0.9379,steamdt-live,33.98,846,33.5,743,,3,9,15,2,2,0,2,0,0.009850746268656563,-0.000886786875554324,0.008428657435280096,0.008955223880596996,0.000886786875554324,0.027355623100303816,0.0067587422862182,-0.002949852507374673,-0.14038657171922697,0.14,12,回撤不明显,,33,0,0
512,M4A4 | Howl (Factory New),44950.0,52000.0,91,19,0.2088,1.1568,steamdt-live,45000.0,106,45848.5,43,"溢价求购:买一高于卖一,多为定向收特定图案,买一价不可作退出价",17,0,4,5,0,0,6,0,0.0011123470522802492,-0.0011111111111110628,0.021590909090908994,0.0,0.0011111111111110628,0.021590909090908994,0.0011111111111110628,0.010112359550561889,0.030986949241954997,0.37,2,回撤不明显,买一异常溢价(不作为可成交退出价),32,0,0
513,★ Broken Fang Gloves | Needle Point (Minimal Wear),369.0,413.0,101,20,0.198,1.1192,steamdt-live,360.0,59,380.0,53,"溢价求购:买一高于卖一,多为定向收特定图案,买一价不可作退出价",14,0,7,5,4,0,2,0,0.0,-0.024152232251768768,0.0,-0.024152232251768768,0.024152232251768768,0.0,0.027027027027026973,-0.02016820445823475,-0.06493506493506496,0.37,3,可能加速下跌,买一异常溢价(不作为可成交退出价),32,0,0
514,★ Specialist Gloves | Emerald Web (Minimal Wear),9594.0,13330.0,196,35,0.1786,1.3894,steamdt-live,9688.8,101,9652.0,73,"溢价求购:买一高于卖一,多为定向收特定图案,买一价不可作退出价",14,0,7,5,0,0,6,0,5.2102328974124035e-05,-0.0003125976867771607,0.0,-0.00026051164487050915,0.0003125976867771607,0.0014613778705636626,0.0006249999999999867,0.009894736842105178,-0.1729310344827586,0.31,2,回撤不明显,买一异常溢价(不作为可成交退出价),32,0,0
515,★ Moto Gloves | Finish Line (Minimal Wear),970.0,1360.0,208,36,0.1731,1.4021,steamdt-live,986.0,141,989.0,73,"溢价求购:买一高于卖一,多为定向收特定图案,买一价不可作退出价",14,0,7,5,4,0,2,0,-0.001515917129863542,-0.018218623481781382,-0.008010105364464781,-0.01970692268822638,0.027559173525549152,0.000515729757607053,0.027559173525549152,0.0041407867494824835,-0.044334975369458074,0.37,11,可能加速下跌,买一异常溢价(不作为可成交退出价),32,0,0
516,AWP | Desert Hydra (Factory New),8800.0,12180.0,292,34,0.1164,1.3841,steamdt-live,9039.5,233,8997.0,87,"溢价求购:买一高于卖一,多为定向收特定图案,买一价不可作退出价",11,0,9,2,6,0,4,0,-0.009955752212389424,-0.016759776536312887,-0.0011049723756906271,-0.026548672566371723,0.03051669053652084,0.0,0.03296703296703296,-0.022222222222222254,-0.11093150131339669,0.37,9,可能加速下跌,买一异常溢价(不作为可成交退出价),32,0,0
517,Tec-9 | Brother (Factory New),19.75,18.2,217,24,0.1106,0.9215,steamdt-live,18.99,163,17.64,1357,,11,6,7,2,2,0,4,0,0.0,-0.011210762331838486,0.00790960451977396,-0.011210762331838486,0.013974287311347089,0.003984063745019917,0.013974287311347089,0.02617801047120416,-0.488695652173913,0.25,4,长期阴跌,,32,0,0
518,Tec-9 | Hades (Factory New),168.5,148.0,40,4,0.1,0.8783,steamdt-live,178.0,25,169.33,44,,8,3,4,2,8,0,2,5,-0.011494252873563204,-0.02034883720930236,-0.024390243902439046,-0.031609195402298895,0.05522848331931596,0.05974842767295607,0.05522848331931596,0.1308724832214765,-0.10353266652479254,0.37,4,可能加速下跌,,32,0,0
519,★ Driver Gloves | Rezan the Red (Field-Tested),355.8,470.0,221,22,0.0995,1.321,steamdt-live,369.0,180,361.0,129,"溢价求购:买一高于卖一,多为定向收特定图案,买一价不可作退出价",7,0,7,5,2,0,6,5,-0.0016835016835016203,0.0014052838673412893,-0.004469273743016866,-0.0002805836139168072,0.005998047147440344,0.0016868147315154403,0.005998047147440344,0.0022503516174403604,-0.03702702702702698,0.14,5,回撤不明显,买一异常溢价(不作为可成交退出价),32,0,0
520,AK-47 | Panthera onca (Factory New),2299.0,2240.0,116,10,0.0862,0.9743,steamdt-live,2298.5,34,2340.63,61,,7,12,7,2,4,0,0,0,-0.012792050807500899,-0.00021748586341885368,-0.0028602379820763524,-0.013006754580704993,0.015829790149306078,0.0,0.029743009590706526,-0.021914893617021258,-0.1193486590038314,0.37,1,价格更新稀疏,,32,0,0
521,Tec-9 | Safety Net (Factory New),85.0,77.0,467,18,0.0385,0.9059,steamdt-live,87.78,103,86.62,96,,3,6,9,2,10,0,2,0,-0.004545971133083193,-0.02956958556912892,-0.019937625306304385,-0.03398113421979765,0.05324125640454447,0.0,0.10413153456998314,-0.10413153456998314,-0.33060324460544965,0.29,7,长期阴跌,,32,0,0
522,Galil AR | Rocket Pop (Factory New),53.68,50.0,608,23,0.0378,0.9314,steamdt-live,52.0,258,55.27,261,,3,9,12,2,6,0,0,0,-0.001829156758734296,-0.016309327469305468,-0.011034732272069414,-0.01810865191146882,0.02894356005788712,0.03230769230769237,0.04788932245477129,-0.04788932245477129,-0.2534075104311544,0.37,9,可能加速下跌,,32,0,0
523,★ Driver Gloves | Seigaiha (Minimal Wear),990.0,1270.0,23,20,0.8696,1.2828,steamdt-live,967.0,30,950.0,37,"溢价求购:买一高于卖一,多为定向收特定图案,买一价不可作退出价",20,0,2,5,4,0,0,0,0.007423117709437932,0.0,-0.012565445026177957,0.007423117709437932,0.018595041322314043,0.007423117709437932,0.018595041322314043,-0.005235602094240788,-0.049524762381190635,0.37,1,价格更新稀疏,买一异常溢价(不作为可成交退出价),31,0,0
524,★ Specialist Gloves | Cloud Chaser (Minimal Wear),5169.5,6130.0,44,26,0.5909,1.1858,steamdt-live,5185.0,54,5178.98,28,"溢价求购:买一高于卖一,多为定向收特定图案,买一价不可作退出价",20,0,4,5,2,0,0,0,0.0020350809186937546,-9.671179883941061e-05,-0.005205822809216221,0.0019381723035178933,0.0032777402872843364,0.0037864077669902407,0.005865384615384661,0.00041026593747695017,0.05103181864389539,0.12,1,价格更新稀疏,买一异常溢价(不作为可成交退出价),31,0,0
525,★ Driver Gloves | Hand Sweaters (Field-Tested),677.0,900.0,93,40,0.4301,1.3294,steamdt-live,678.0,84,688.99,40,"溢价求购:买一高于卖一,多为定向收特定图案,买一价不可作退出价",20,0,4,5,0,0,2,0,-0.0007473841554559435,0.012715033657441976,0.0,0.01195814648729443,0.0,0.041538461538461524,0.0,0.041538461538461524,-0.08266825652768928,0.12,6,回撤不明显,买一异常溢价(不作为可成交退出价),31,0,0
526,FAMAS | Sundown (Factory New),680.99,571.0,15,5,0.3333,0.8385,steamdt-live,785.0,11,722.41,18,,20,3,2,2,4,0,0,0,0.0,0.0,-0.024369627507163316,0.0,0.024369627507163316,0.0,0.024369627507163316,-0.024369627507163316,-0.10396052631578945,1.27,0,价格更新稀疏,,31,0,0
527,★ Sport Gloves | Pandora's Box (Field-Tested),21800.0,27690.0,433,103,0.2379,1.2702,steamdt-live,21998.0,361,22009.4,93,"溢价求购:买一高于卖一,多为定向收特定图案,买一价不可作退出价",17,0,9,5,0,0,0,0,2.2884866238026547e-05,-0.0022426655682181718,0.004528735632183922,-0.0022198320250818027,0.0022426655682181718,9.175153683815829e-05,0.004543482727916159,0.0,-0.045951859956236296,0.36,1,价格更新稀疏,买一异常溢价(不作为可成交退出价),31,0,0
528,★ Broken Fang Gloves | Needle Point (Field-Tested),263.5,281.0,89,14,0.1573,1.0664,steamdt-live,275.0,99,268.5,117,"溢价求购:买一高于卖一,多为定向收特定图案,买一价不可作退出价",14,0,4,5,6,0,2,0,0.0018587360594795044,-0.024118738404452666,0.003918641537600243,-0.022304832713754608,0.03305268576050591,0.0,0.03305268576050591,-0.024118738404452666,-0.07231040564373903,0.16,12,可能加速下跌,买一异常溢价(不作为可成交退出价),31,0,0
529,P250 | Mehndi (Factory New),199.3,178.0,36,5,0.1389,0.8931,steamdt-live,182.5,43,188.79,71,,11,6,4,2,8,0,0,0,-0.0044250064316953,-0.056798800971626484,-0.00215638958771891,-0.06097247234370973,0.06649616368286448,0.0,0.06649616368286448,-0.06649616368286448,-0.08745437271863599,0.37,8,可能加速下跌,,31,0,0
530,★ Moto Gloves | Turtle (Minimal Wear),742.91,980.0,143,15,0.1049,1.3191,steamdt-live,754.0,123,752.69,76,"溢价求购:买一高于卖一,多为定向收特定图案,买一价不可作退出价",11,0,7,5,4,0,4,0,-0.004758117958913233,-0.00998788137060369,-0.0006622516556291647,-0.014698475811795952,0.015350993377483468,0.0006730290344725276,0.018211833069202377,-0.016002647253474556,-0.08220987654320988,0.37,12,可能加速下跌,买一异常溢价(不作为可成交退出价),31,0,0
531,★ Sport Gloves | Scarlet Shamagh (Field-Tested),1084.5,1590.0,430,45,0.1047,1.4661,steamdt-live,1087.5,329,1086.0,166,"溢价求购:买一高于卖一,多为定向收特定图案,买一价不可作退出价",11,0,9,5,2,0,4,0,-0.0022999080036798514,0.0,-0.0027522935779816793,-0.0022999080036798514,0.005045871559632986,0.008837209302325677,0.005045871559632986,0.01355140186915893,-0.1117936117936118,0.37,7,回撤不明显,买一异常溢价(不作为可成交退出价),31,0,0
532,★ Hand Wraps | Desert Shamagh (Field-Tested),228.5,257.0,250,26,0.104,1.1247,steamdt-live,230.0,225,230.34,245,"溢价求购:买一高于卖一,多为定向收特定图案,买一价不可作退出价",11,0,7,5,4,0,4,0,0.0065502183406114245,-0.008676789587852451,-0.007712973394574885,-0.0021834061135370675,0.015086206896551713,0.01106194690265494,0.01931330472102999,0.0066079295154184425,-0.09726611883691527,0.37,14,可能加速下跌,买一异常溢价(不作为可成交退出价),31,0,0
533,★ Moto Gloves | Transport (Field-Tested),213.5,252.0,267,27,0.1011,1.1803,steamdt-live,215.0,199,216.64,252,"溢价求购:买一高于卖一,多为定向收特定图案,买一价不可作退出价",11,0,9,5,4,0,2,0,0.0023255813953488857,-0.009280742459396807,0.008773987707033193,-0.006976744186046546,0.016129032258064502,0.017151024297284323,0.016129032258064502,0.014685613801625363,-0.08861948262614183,0.37,6,可能加速下跌,买一异常溢价(不作为可成交退出价),31,0,0
534,AWP | Gungnir (Factory New),77777.0,77070.0,131,13,0.0992,0.9909,steamdt-live,77999.5,168,78769.6,37,,7,15,7,2,0,0,0,0,0.0,0.0,0.002933610145777754,0.0,0.0,0.002933610145777754,0.0,0.0048837840282174305,0.03015894039735101,0.32,0,价格更新稀疏,,31,0,0
535,★ Specialist Gloves | Field Agent (Minimal Wear),1800.0,3430.0,329,32,0.0973,1.9056,steamdt-live,1807.5,263,1806.0,73,"溢价求购:买一高于卖一,多为定向收特定图案,买一价不可作退出价",7,0,9,5,4,0,6,0,-0.0010287610619468257,-0.0033995149877640296,-0.006320417697169511,-0.004424778761061954,0.010717230008243983,0.0061486864169928435,0.020141535111595,-0.0019406709176601478,-0.042298483639265805,0.37,6,暂未减速,买一异常溢价(不作为可成交退出价),31,0,0
536,★ Moto Gloves | Finish Line (Field-Tested),472.9,684.0,420,34,0.081,1.4464,steamdt-live,485.39,443,490.99,230,"溢价求购:买一高于卖一,多为定向收特定图案,买一价不可作退出价",7,0,9,5,6,0,4,0,-0.005224660397074143,-0.006512605042016895,-0.0037476577139288203,-0.011703239289446277,0.015407037268374002,0.0,0.031736281736281735,-0.026954732510288126,-0.1110902255639098,0.37,12,可能加速下跌,买一异常溢价(不作为可成交退出价),31,0,0
537,Tec-9 | Jambiya (Factory New),37.14,34.2,304,18,0.0592,0.9208,steamdt-live,40.79,93,37.52,85,,3,6,9,2,8,1,2,0,-0.027393753200204873,-0.022374309028691752,-0.0178526527533317,-0.04915514592933956,0.06613024893135533,0.0,0.07565953210552512,-0.07010515773660486,-0.4558241758241758,0.15,8,长期阴跌,,31,0,0
538,Glock-18 | Gamma Doppler (Factory New),634.0,2490.0,1716,94,0.0548,3.9274,steamdt-live,641.54,611,645.0,511,"溢价求购:买一高于卖一,多为定向收特定图案,买一价不可作退出价",3,0,15,2,6,0,2,3,-0.0032789432789432915,-0.011521850979902992,-0.008474576271186418,-0.014763014763014781,0.023112480739599373,0.006349206349206327,0.038665655799848375,-0.038665655799848375,-0.19235668789808913,0.37,11,可能加速下跌,买一异常溢价(不作为可成交退出价),31,0,0
539,M4A1-S | Fade (Factory New),1160.0,1540.0,1797,93,0.0518,1.3276,steamdt-live,1176.53,1427,1171.88,961,"溢价求购:买一高于卖一,多为定向收特定图案,买一价不可作退出价",3,0,15,2,4,0,4,3,-0.005119453924914641,-0.005145797598627766,-0.005093378607809895,-0.010238907849829393,0.01985635825940013,0.0,0.01985635825940013,0.0,-0.119798464200079,0.36,11,可能加速下跌,买一异常溢价(不作为可成交退出价),31,0,0
540,★ Sport Gloves | Vice (Field-Tested),2643.0,4440.0,1481,66,0.0446,1.6799,steamdt-live,2648.0,1382,2667.99,315,"溢价求购:买一高于卖一,多为定向收特定图案,买一价不可作退出价",3,0,15,5,2,0,6,0,-0.0018832391713747842,-0.0026415094339622414,0.006066714917449589,-0.004519774011299438,0.004894578313253017,0.0037979491074819904,0.009184629803186461,-0.0020389669234255337,-0.05993242041614799,0.37,9,回撤不明显,买一异常溢价(不作为可成交退出价),31,0,0
541,AWP | Medusa (Factory New),29500.0,26120.0,11,13,1.1818,0.8854,steamdt-live,31000.0,22,30116.89,15,,20,6,2,2,0,0,0,0,0.0,0.0,0.0,0.0,0.0,0.0,0.0,0.0535714285714286,0.017258918257211375,0.18,0,价格更新稀疏,,30,0,0
542,M4A1-S | Welcome to the Jungle (Factory New),10200.0,12370.0,36,21,0.5833,1.2127,steamdt-live,9666.0,42,10211.0,40,"溢价求购:买一高于卖一,多为定向收特定图案,买一价不可作退出价",20,0,4,2,4,0,0,0,0.0,0.0,0.006979893738931153,0.0,0.0,0.007032348804500765,0.023636363636363678,-0.023636363636363678,-0.08374804493103938,0.37,0,价格更新稀疏,买一异常溢价(不作为可成交退出价),30,0,0
543,M4A1-S | Knight (Factory New),16999.0,15240.0,15,7,0.4667,0.8965,steamdt-live,17800.0,14,16881.7,30,,20,6,2,2,0,0,0,0,0.0,0.03575065954966572,0.006111111111111178,0.03575065954966572,0.0,0.042080246913580366,0.0,0.04855279503105603,0.04858535979378242,0.37,1,价格更新稀疏,,30,0,0
544,Desert Eagle | Hand Cannon (Factory New),2648.5,2190.0,20,5,0.25,0.8269,steamdt-live,2977.5,30,2638.01,29,,17,3,2,2,0,0,6,0,-0.00013201935248396968,0.024453989064247672,-0.0006596613221164782,0.024318741311961878,0.0018917824752838763,0.024453989064247672,0.0018917824752838763,0.033747536139880685,-0.0476498194945848,0.37,2,回撤不明显,,30,0,0
545,Tec-9 | Cut Out (Factory New),92.19,77.0,24,5,0.2083,0.8352,steamdt-live,96.79,26,98.2,29,,17,3,2,2,6,0,0,0,-0.0037678975131876236,-0.0037821482602118373,-0.020664206642066363,-0.007535795026375358,0.02794179671024888,0.0,0.03627430482960481,0.002065217391304275,-0.3220825060666226,0.15,1,价格更新稀疏,,30,0,0
546,USP-S | Blueprint (Factory New),657.46,611.0,199,15,0.0754,0.9293,steamdt-live,650.0,95,669.69,83,,7,6,7,2,4,0,4,0,-0.0007884880741177991,-0.01361215229828372,-0.006792168674698784,-0.014389907352651332,0.02108433734939763,0.0,0.029126213592232997,-0.02588157717265871,-0.10834316442152048,0.37,6,可能加速下跌,,30,0,0
547,P250 | Epicenter (Factory New),128.4,124.0,184,8,0.0435,0.9657,steamdt-live,130.39,71,129.42,104,,3,12,7,2,0,0,6,0,0.012192206550322826,0.010864430798299463,0.009492398037165062,0.023189098732966817,0.0,0.03290161692542837,0.0,0.04407220686290447,-0.12836874618152194,0.17,2,回撤不明显,,30,0,0
548,Glock-18 | Warhawk (Factory New),38.54,34.3,488,21,0.043,0.89,steamdt-live,41.59,79,38.93,232,,3,6,9,2,10,0,0,0,-0.017530864197530915,-0.03166624780095495,-0.03248924988055424,-0.048641975308641894,0.0795508838987099,0.0,0.12431818181818177,-0.12431818181818177,-0.4113962725328444,0.37,12,长期阴跌,,30,0,0
549,P250 | Vino Primo (Factory New),119.99,113.0,391,16,0.0409,0.9417,steamdt-live,122.78,110,138.0,79,,3,9,9,2,4,0,3,0,0.07900518498989362,-0.02272357061410657,-0.005332167832167833,0.054486334475788656,0.02272357061410657,0.06402411989004175,0.02272357061410657,0.0016695884464479338,-0.1513544097885281,0.37,7,可能加速下跌,,30,0,0
550,P250 | Gunsmoke (Factory New),116.0,35.0,6,2,0.3333,0.3017,steamdt-live,130.0,9,146.48,9,,8,1,2,2,10,0,6,0,0.38235294117647056,-0.23404255319148937,0.0,0.05882352941176472,0.23728813559322037,0.05882352941176472,0.23728813559322037,0.0,-0.3076923076923077,0.19,4,长期阴跌,,29,0,0
551,★ Driver Gloves | Queen Jaguar (Minimal Wear),677.0,940.0,116,32,0.2759,1.3885,steamdt-live,678.0,60,678.0,85,"溢价求购:买一高于卖一,多为定向收特定图案,买一价不可作退出价",17,0,7,5,0,0,0,0,0.0,-0.001474926253687281,-0.0014727540500736325,-0.001474926253687281,0.002210759027265974,0.0,0.0035471953606804885,0.0038403938257143277,-0.02865259623800165,0.37,1,价格更新稀疏,买一异常溢价(不作为可成交退出价),29,0,0
552,AK-47 | Gold Arabesque (Factory New),12470.0,14000.0,219,30,0.137,1.1227,steamdt-live,12450.0,172,12499.0,68,"溢价求购:买一高于卖一,多为定向收特定图案,买一价不可作退出价",11,0,7,2,6,1,2,0,-0.000920736589271387,-0.014344672837280137,-0.016496712468994867,-0.015252201761409179,0.031497303043426905,0.009148342632097073,0.04643063702573491,-0.04643063702573491,-0.12206003069345805,0.26,11,可能加速下跌,买一异常溢价(不作为可成交退出价),29,0,0
553,★ Sport Gloves | Bronze Morph (Minimal Wear),790.0,1050.0,191,23,0.1204,1.3291,steamdt-live,760.0,122,810.0,88,"溢价求购:买一高于卖一,多为定向收特定图案,买一价不可作退出价",11,0,7,5,6,0,0,0,0.010319284802043471,-0.03928806189007439,-0.018674019300664257,-0.02937420178799488,0.04749968667752846,0.0,0.04749968667752846,-0.045226130653266305,-0.09823324908933417,0.18,11,可能加速下跌,买一异常溢价(不作为可成交退出价),29,0,0
554,MP9 | Dark Age (Factory New),495.5,430.0,30,3,0.1,0.8678,steamdt-live,500.0,33,508.44,33,,8,3,4,2,8,0,4,0,-0.0010030090270812808,-0.005020080321285092,0.0,-0.006018054162487463,0.006018054162487463,0.0,0.06509433962264155,-0.06509433962264155,-0.007014028056112176,0.19,3,回撤不明显,,29,0,0
555,★ Moto Gloves | POW! (Minimal Wear),999.5,1680.0,297,29,0.0976,1.6808,steamdt-live,1012.0,290,1018.99,75,"溢价求购:买一高于卖一,多为定向收特定图案,买一价不可作退出价",7,0,9,5,2,0,6,0,0.0009960159362549792,-0.005472636815920362,-0.0034739454094292466,-0.004482071713147406,0.007940446650124056,0.0,0.010396039603960405,0.004522613065326642,-0.08428767750801647,0.37,6,回撤不明显,买一异常溢价(不作为可成交退出价),29,0,0
556,★ Specialist Gloves | Buckshot (Field-Tested),249.5,304.0,323,27,0.0836,1.2184,steamdt-live,253.41,321,258.19,209,"溢价求购:买一高于卖一,多为定向收特定图案,买一价不可作退出价",7,0,9,5,4,0,4,0,-0.007889546351084853,-0.007952286282306154,-0.00588235294117645,-0.015779092702169595,0.02679720716152434,0.0,0.028729367798193683,0.004024144869215318,-0.09601449275362317,0.37,11,可能加速下跌,买一异常溢价(不作为可成交退出价),29,0,0
557,★ Sport Gloves | Omega (Minimal Wear),2800.0,4010.0,446,31,0.0695,1.4321,steamdt-live,2890.0,373,2888.0,99,"溢价求购:买一高于卖一,多为定向收特定图案,买一价不可作退出价",7,0,9,5,6,0,2,0,-0.00020807324178107045,-0.02878945542837319,-0.0001386962552011317,-0.028991538354834256,0.029462738301559765,0.0,0.03777092762319101,0.012292118582791112,-0.08585756354922336,0.37,7,可能加速下跌,买一异常溢价(不作为可成交退出价),29,0,0
558,FAMAS | Night Borre (Factory New),68.5,64.0,247,17,0.0688,0.9343,steamdt-live,71.96,90,68.11,97,,7,9,7,2,4,0,0,0,0.0,-0.0014660606949127297,0.05522896039603942,-0.0014660606949127297,0.0014660606949127297,0.05400804704425877,0.01745527986151174,-0.01745527986151174,-0.38356412345008595,0.37,1,价格更新稀疏,,29,0,0
559,USP-S | Bleeding Edge (Factory New),32.45,30.0,834,36,0.0432,0.9245,steamdt-live,30.74,495,32.0,408,,3,6,12,2,4,0,2,0,0.0032626427406199365,-0.0003252032520325576,0.021666666666666723,0.0029363784665579207,0.021019108280254772,0.024666666666666615,0.022264631043257044,-0.001948051948052032,-0.1822293163075287,0.37,9,可能加速下跌,,29,0,0
560,Glock-18 | Fully Tuned (Factory New),1066.0,2500.0,60,39,0.65,2.3452,steamdt-live,1059.5,53,1156.61,22,"溢价求购:买一高于卖一,多为定向收特定图案,买一价不可作退出价",20,0,4,2,2,0,0,0,0.0,0.0,-0.0004716981132075748,0.0,0.0004716981132075748,0.00047214353163371747,0.011199253383107788,-0.011199253383107788,0.009528346831824575,1.3,0,价格更新稀疏,买一异常溢价(不作为可成交退出价),28,0,0
561,Glock-18 | Pink DDPAT (Factory New),518.99,402.0,18,5,0.2778,0.7746,steamdt-live,510.0,15,505.09,31,,17,1,2,2,0,0,6,0,-0.0020153721522989665,0.0,-0.002011318596809475,-0.0020153721522989665,0.004022637193619061,0.002401365404461231,0.004022637193619061,0.052270833333333266,-0.04066476733143409,0.37,4,回撤不明显,,28,0,0
562,MP9 | Setting Sun (Factory New),265.33,248.0,81,10,0.1235,0.9347,steamdt-live,268.97,22,275.0,66,,11,9,4,2,2,0,0,0,-0.0020686023770122297,0.0,0.0017331022530329143,-0.0020686023770122297,0.0020686023770122297,0.0004901960784313708,0.013643122676579966,0.020499999999999963,-0.06573943661971837,0.2,1,价格更新稀疏,,28,0,0
563,Desert Eagle | Sunset Storm 弐 (Factory New),3099.0,2940.0,50,6,0.12,0.9487,steamdt-live,3049.5,34,3325.9,47,,11,9,4,2,2,0,0,0,0.0,-0.006353861192570864,-0.00032573289902282365,-0.006353861192570864,0.006677524429967385,0.0,0.009416954415963574,-0.009416954415963574,-0.04101361040529328,0.24,1,价格更新稀疏,,28,0,0
564,MP9 | Pandora's Box (Factory New),814.0,767.0,45,3,0.0667,0.9423,steamdt-live,881.5,44,831.13,52,,7,9,4,2,0,0,6,0,-0.000611995104039198,-0.0030618493570115923,0.0,-0.003671970624234966,0.003671970624234966,0.0,0.004889975550122272,-0.004889975550122272,-0.1340425531914894,0.19,4,回撤不明显,,28,0,0
565,Five-SeveN | Scumbria (Factory New),31.46,28.7,346,22,0.0636,0.9123,steamdt-live,32.57,68,31.63,126,,7,6,9,2,4,0,0,0,-0.0018732438339057467,-0.015952455426962664,-0.00404228855721378,-0.01779581642210426,0.02267785026405711,0.018122977346278324,0.02267785026405711,-0.021766169154228687,-0.3831372549019608,0.2,10,长期阴跌,,28,0,0
566,★ Driver Gloves | King Snake (Minimal Wear),2849.9,8130.0,859,29,0.0338,2.8527,steamdt-live,2899.5,853,2874.23,159,"溢价求购:买一高于卖一,多为定向收特定图案,买一价不可作退出价",3,0,12,5,6,0,2,0,-0.00020548648926332902,-0.023772822251909687,-0.003242984911586033,-0.023973423747388645,0.027138663207482705,0.00035101267155734917,0.04461951055983904,-0.04461951055983904,-0.07335392619086323,0.37,6,可能加速下跌,买一异常溢价(不作为可成交退出价),28,0,0
567,Tec-9 | Terrace (Factory New),789.9,641.0,19,5,0.2632,0.8115,steamdt-live,776.4,14,731.6,32,,17,3,2,2,0,0,3,0,-0.00013650013650012838,-0.0012286689419794827,0.0,-0.0013650013650013948,0.0013650013650013948,0.07619888202412484,0.0013650013650013948,0.02335991047698993,-0.08032683846637334,0.15,3,回撤不明显,,27,0,0
568,USP-S | Overgrowth (Factory New),543.5,317.0,27,5,0.1852,0.5833,steamdt-live,568.9,16,554.35,30,,14,1,2,2,6,0,2,0,-0.008674101610904539,-0.02946428571428572,-0.007031112673580586,-0.03788281111701186,0.044647565477236695,0.0,0.044647565477236695,-0.044647565477236695,0.09027081243731194,0.15,10,可能加速下跌,,27,0,0
569,★ Driver Gloves | Imperial Plaid (Field-Tested),888.5,1300.0,427,37,0.0867,1.4631,steamdt-live,887.5,347,900.0,201,"溢价求购:买一高于卖一,多为定向收特定图案,买一价不可作退出价",7,0,9,5,2,0,4,0,0.0011261261261261701,-0.0016872890888638414,0.003389830508474523,-0.0005630630630630851,0.0022484541877458852,0.008522727272727293,0.012791991101223532,0.0039592760180995334,-0.08395607117790349,0.37,9,回撤不明显,买一异常溢价(不作为可成交退出价),27,0,0
570,★ Specialist Gloves | Lt. Commander (Field-Tested),673.0,814.0,500,42,0.084,1.2095,steamdt-live,680.0,448,680.49,194,"溢价求购:买一高于卖一,多为定向收特定图案,买一价不可作退出价",7,0,9,5,2,0,4,0,-0.0022091310751104487,-0.006642066420664228,-0.0005887547836326279,-0.008836524300441795,0.010148551257537886,0.0,0.010294117647058787,-0.002962962962962945,-0.07930558025637169,0.36,11,可能加速下跌,买一异常溢价(不作为可成交退出价),27,0,0
571,★ Driver Gloves | Black Tie (Minimal Wear),1874.0,3320.0,313,26,0.0831,1.7716,steamdt-live,1888.0,311,1864.75,71,"溢价求购:买一高于卖一,多为定向收特定图案,买一价不可作退出价",7,0,9,5,2,0,4,0,-0.0026595744680850686,-0.00546666666666662,-0.002123142250530785,-0.008111702127659548,0.010742705570291777,0.0,0.011738830886639517,-0.011738830886639517,-0.03829293450232074,0.36,6,可能加速下跌,买一异常溢价(不作为可成交退出价),27,0,0
572,★ Sport Gloves | Slingshot (Field-Tested),2100.0,3760.0,1055,52,0.0493,1.7905,steamdt-live,2124.0,874,2135.0,247,"溢价求购:买一高于卖一,多为定向收特定图案,买一价不可作退出价",3,0,15,5,4,0,0,0,-0.001863498718844614,-0.019836639439906656,0.0006993006993007977,-0.021663172606568804,0.021891010712622228,0.009615384615384581,0.021891010712622228,0.022395326192794496,-0.08496333317356497,0.37,6,可能加速下跌,买一异常溢价(不作为可成交退出价),27,0,0
573,★ Sport Gloves | Vice (Minimal Wear),8149.49,19580.0,996,40,0.0402,2.4026,steamdt-live,8179.0,965,8269.5,214,"溢价求购:买一高于卖一,多为定向收特定图案,买一价不可作退出价",3,0,15,5,4,0,0,0,0.0,-0.0036689284186075533,-0.002439173120312166,-0.0036689284186075533,0.009721137032793092,0.0,0.015345858756720898,-0.005128486846120994,-0.09445080282237905,0.31,1,价格更新稀疏,买一异常溢价(不作为可成交退出价),27,0,0
574,P250 | Iron Clad (Factory New),44.39,36.5,274,7,0.0255,0.8223,steamdt-live,38.0,28,41.05,84,,3,3,9,2,10,0,0,0,0.0,-0.12643678160919536,-0.017615176151761558,-0.12643678160919536,0.1437584497521407,0.0,0.14568345323741005,-0.14568345323741005,-0.30732774334670065,0.37,1,价格更新稀疏,,27,0,0
575,MP9 | Starlight Protector (Factory New),605.0,951.0,211,29,0.1374,1.5719,steamdt-live,610.0,163,612.97,83,"溢价求购:买一高于卖一,多为定向收特定图案,买一价不可作退出价",11,0,7,2,2,0,4,0,0.0049586776859504855,-0.004934210526315819,-0.001435951606780339,0.0,0.012083605486610027,0.0117056856187292,0.014593784611375393,-0.0014853936293117709,0.0033167495854062867,0.37,4,可能加速下跌,买一异常溢价(不作为可成交退出价),26,0,0
576,Desert Eagle | Sunset Storm 壱 (Factory New),3180.72,3000.0,46,5,0.1087,0.9432,steamdt-live,3188.0,34,3275.74,48,,11,9,4,2,0,0,0,0,-0.001155445034726199,-0.000320629691566765,0.001068671578364988,-0.0014757042563079414,0.0016512425129023844,0.0,0.0016512425129023844,0.03304542161904056,0.010235069885641712,0.24,0,价格更新稀疏,,26,0,0
577,Five-SeveN | Anodized Gunmetal (Factory New),94.4,84.0,126,13,0.1032,0.8898,steamdt-live,93.33,73,90.49,87,,11,6,7,2,0,0,0,0,0.0,0.0,0.01219239373601777,0.0,0.00011049723756906271,0.01219239373601777,0.00011049723756906271,0.028412319581770706,-0.264308943089431,0.3,0,价格更新稀疏,,26,0,0
578,Five-SeveN | Case Hardened (Factory New),233.98,1000.0,234,15,0.0641,4.2739,steamdt-live,234.1,147,231.81,122,"溢价求购:买一高于卖一,多为定向收特定图案,买一价不可作退出价",7,0,7,2,6,0,4,0,8.628499935281475e-05,0.0,0.000517978158587562,8.628499935281475e-05,0.0012064285406523378,0.007869565217391239,0.043293437886917085,-0.043293437886917085,-0.22729999999999995,0.37,2,回撤不明显,买一异常溢价(不作为可成交退出价),26,0,0
579,Glock-18 | Sacrifice (Factory New),48.8,44.2,443,23,0.0519,0.9057,steamdt-live,50.0,135,48.93,169,,3,6,9,2,2,0,4,0,-0.00020304568527917954,-0.008935824532900205,0.005102040816326481,-0.009137055837563524,0.009137055837563524,0.0,0.010141987829614618,-0.010141987829614618,-0.34496644295302015,0.35,3,长期阴跌,,26,0,0
580,★ Driver Gloves | Black Tie (Field-Tested),754.5,1080.0,710,35,0.0493,1.4314,steamdt-live,766.0,623,752.5,157,"溢价求购:买一高于卖一,多为定向收特定图案,买一价不可作退出价",3,0,12,5,2,0,4,0,-0.00013189132155111416,-0.007386888273314907,0.00026385224274405594,-0.007517805328409399,0.01051939513477973,0.0,0.01051939513477973,0.003346711289483828,-0.07668711656441718,0.37,7,可能加速下跌,买一异常溢价(不作为可成交退出价),26,0,0
581,★ Specialist Gloves | Crimson Kimono (Field-Tested),10666.0,12130.0,869,36,0.0414,1.1373,steamdt-live,10666.0,771,11052.88,179,"溢价求购:买一高于卖一,多为定向收特定图案,买一价不可作退出价",3,0,12,5,4,0,2,0,-0.007308328736900127,-0.012270222716117996,0.02622641509433965,-0.01948887663173382,0.01966911764705881,0.006226415094339632,0.02948134667879887,-0.003177570093457982,-0.03036363636363637,0.37,7,可能加速下跌,买一异常溢价(不作为可成交退出价),26,0,0
582,AK-47 | Red Laminate (Factory New),3036.59,1650.0,7,5,0.7143,0.5434,steamdt-live,3999.99,8,3132.75,7,,20,1,2,2,0,0,0,0,0.0,-0.00013170935696182884,0.0,-0.00013170935696182884,0.00013170935696182884,0.0,0.0007897360636263118,-0.0007897360636263118,-0.07421036585365848,0.36,0,价格更新稀疏,,25,0,0
583,★ Hydra Gloves | Rattler (Minimal Wear),221.9,242.0,116,15,0.1293,1.0906,steamdt-live,221.0,64,226.39,66,"溢价求购:买一高于卖一,多为定向收特定图案,买一价不可作退出价",11,0,7,5,2,0,0,0,0.0,-0.0022573363431150906,0.0023077967328837268,-0.0022573363431150906,0.006741573033707815,0.027906976744185963,0.006741573033707815,0.011904761904761862,-0.01777777777777778,0.37,1,价格更新稀疏,买一异常溢价(不作为可成交退出价),25,0,0
584,P250 | Black & Tan (Factory New),57.69,53.0,75,4,0.0533,0.9187,steamdt-live,57.45,58,57.4,62,,3,6,4,2,4,0,6,0,-0.0017331022530329143,-0.003472222222222321,0.03035714285714297,-0.005199306759098854,0.008635578583765069,0.02499999999999991,0.018635664216105408,-0.01745977404998289,-0.15897435897435896,0.37,3,回撤不明显,,25,0,0
585,AK-47 | Nightwish (Factory New),745.0,1100.0,883,37,0.0419,1.4765,steamdt-live,766.68,206,784.4,149,"溢价求购:买一高于卖一,多为定向收特定图案,买一价不可作退出价",3,0,12,2,6,0,2,0,-0.006820580474933946,-0.01040075448640465,-0.006553079947575369,-0.01715039577836408,0.024856346287255082,0.007437457741717335,0.04609475032010246,-0.04609475032010246,0.015456751083608333,0.37,10,可能加速下跌,买一异常溢价(不作为可成交退出价),25,0,0
586,P250 | Steel Disruption (Factory New),36.87,31.1,262,9,0.0344,0.8435,steamdt-live,36.61,135,35.84,102,,3,3,9,2,4,0,4,0,-0.004953219592735425,-0.008849557522123686,0.003867403314917084,-0.013758943313153527,0.014030261348005446,0.0,0.016735253772290792,0.05318836320893339,-0.35770609318996405,0.19,6,长期阴跌,,25,0,0
587,AWP | The Prince (Factory New),16476.0,18170.0,70,12,0.1714,1.1028,steamdt-live,16586.5,71,16822.38,37,"溢价求购:买一高于卖一,多为定向收特定图案,买一价不可作退出价",14,0,4,2,4,0,0,0,-6.069065970748522e-05,0.0,-0.019051021015657588,-6.069065970748522e-05,0.016182002746760626,0.0,0.01928571428571424,-0.013407265911771993,-0.030566914771557152,0.31,0,价格更新稀疏,买一异常溢价(不作为可成交退出价),24,0,0
588,FAMAS | Macabre (Factory New),63.0,50.0,70,7,0.1,0.7937,steamdt-live,71.28,37,66.06,65,,11,1,4,2,6,0,0,0,0.0,0.0,-0.015471167369901617,0.0,0.015471167369901617,0.0001587553579933676,0.04603270745003041,-0.04603270745003041,-0.14657274451368185,0.2,0,价格更新稀疏,,24,0,0
589,P250 | Contamination (Factory New),51.0,39.0,65,6,0.0923,0.7647,steamdt-live,38.77,36,39.56,47,,7,1,4,2,6,0,4,0,-0.00836501901140696,-0.008946830265848527,-0.012021036814425123,-0.017237008871989867,0.028807615230460937,0.0,0.042952357442606615,-0.042952357442606615,-0.38992918961447676,0.19,6,长期阴跌,,24,0,0
590,Galil AR | Winter Forest (Factory New),4900.0,140.0,2,2,1.0,0.0286,steamdt-live,5100.0,2,3520.6,2,,8,1,2,2,10,0,0,0,0.0,0.0,-0.21764444444444442,0.0,0.21764444444444442,0.0,0.21764444444444442,0.0,0.2952191748063939,0.2,0,价格更新稀疏,,23,0,0
591,P250 | Splash (Factory New),337.2,284.0,9,4,0.4444,0.8422,steamdt-live,298.28,15,312.7,14,,8,3,2,2,8,0,0,0,-0.005806451612903274,-0.0321868916288125,-0.01493485859548771,-0.0378064516129033,0.05217667619955524,0.0,0.06641627543036,-0.06641627543036,-0.13037900874635577,0.37,8,可能加速下跌,,23,0,0
592,Five-SeveN | Jungle (Factory New),345.0,221.0,11,4,0.3636,0.6406,steamdt-live,370.0,5,344.5,9,,8,1,2,2,10,0,0,0,0.0,0.0,-0.0014492753623188692,0.0,0.0014492753623188692,0.0,0.10169491525423724,-0.10169491525423724,-0.1376720901126408,0.37,0,价格更新稀疏,,23,0,0
593,AK-47 | Black Laminate (Factory New),1398.5,1040.0,15,3,0.2,0.7437,steamdt-live,1399.0,18,1516.39,22,,8,1,2,2,10,0,0,0,-0.0006685385746757477,-0.06442333422531443,-0.0010018032458425363,-0.06504880331595131,0.06598544045949373,0.0,0.21344206974128233,-0.21344206974128233,-0.25611702127659575,0.37,1,价格更新稀疏,,23,0,0
594,Desert Eagle | Pilot (Factory New),1129.9,920.0,36,6,0.1667,0.8142,steamdt-live,1327.5,50,1051.9,39,,14,3,4,2,0,0,0,0,9.552923194511287e-05,0.0047760053491259225,0.0,0.004871990829193873,0.0,0.004871990829193873,9.505703422041378e-05,-9.505703422041378e-05,0.05202624314917803,0.24,1,价格更新稀疏,,23,0,0
595,AWP | BOOM (Factory New),2279.5,2600.0,43,6,0.1395,1.1406,steamdt-live,2396.5,23,2413.69,32,"溢价求购:买一高于卖一,多为定向收特定图案,买一价不可作退出价",11,0,4,2,4,0,2,0,0.0,-0.028760119301235565,-0.0008514261387824185,-0.028760119301235565,0.029587058322690485,0.0,0.029587058322690485,-0.029587058322690485,-0.07861762328213417,0.37,3,可能加速下跌,买一异常溢价(不作为可成交退出价),23,0,0
596,Five-SeveN | Hyper Beast (Factory New),2645.98,2410.0,43,5,0.1163,0.9108,steamdt-live,2845.53,35,2659.7,47,,11,6,4,2,0,0,0,0,-0.0010004228202108445,-9.447402531148619e-05,0.002004857049909603,-0.0010948023315514588,0.001117428103316831,0.0009078597961855728,0.0013134751987197157,-0.0013134751987197157,-0.037650481905801,0.37,1,价格更新稀疏,,23,0,0
597,P250 | Dark Filigree (Factory New),52.85,43.0,101,6,0.0594,0.8136,steamdt-live,51.82,64,53.46,99,,3,3,7,2,8,0,0,0,0.0,-0.0009639483323693465,-0.0019241870309794074,-0.0009639483323693465,0.002886280546469111,0.0,0.05781818181818177,-0.05781818181818177,-0.27947719688542827,0.37,0,价格更新稀疏,,23,0,0
598,AK-47 | Vulcan (Factory New),3620.0,5710.0,870,38,0.0437,1.5773,steamdt-live,3650.0,702,3798.0,185,"溢价求购:买一高于卖一,多为定向收特定图案,买一价不可作退出价",3,0,12,2,2,0,4,0,0.0013755158184318717,-0.005494505494505475,-0.004109589041095929,-0.004126547455295726,0.010928961748633892,0.0027700831024930483,0.010928961748633892,-0.0027548209366391463,-0.05961813222496426,0.36,7,可能加速下跌,买一异常溢价(不作为可成交退出价),23,0,0
599,AK-47 | Jaguar (Factory New),2884.09,2290.0,144,4,0.0278,0.794,steamdt-live,2800.0,41,2819.82,50,,3,1,7,2,8,0,2,0,0.0004752093349149611,-0.029230561208746564,-0.005196687370600417,-0.028769242509382842,0.033816425120772986,0.0,0.06946447680640211,0.008827238335435084,-0.09031543312356438,0.35,2,可能加速下跌,,23,0,0
600,Desert Eagle | Urban DDPAT (Factory New),147.49,101.0,26,6,0.2308,0.6848,steamdt-live,168.0,16,148.27,38,,17,1,2,2,0,0,0,0,0.0,0.0,0.0,0.0,0.0,0.0,0.0,0.09251851851851867,0.09259945181124518,0.37,0,价格更新稀疏,,22,0,0
601,MP9 | Stained Glass (Factory New),829.5,786.0,56,5,0.0893,0.9476,steamdt-live,893.98,25,827.5,58,,7,9,4,2,0,0,0,0,0.0,-0.0024110910186859735,0.0006031363088057073,-0.0024110910186859735,0.0024110910186859735,0.0,0.0024110910186859735,0.022867737948083944,-0.05482581382067386,0.37,1,价格更新稀疏,,22,0,0
602,P250 | Whiteout (Factory New),1800.0,1210.0,38,3,0.0789,0.6722,steamdt-live,1930.5,32,1843.45,36,,7,1,4,2,8,0,0,0,0.0,-0.02356993680327646,-0.015514018691588749,-0.02356993680327646,0.03871829105473967,0.0,0.06429343757797557,-0.06429343757797557,-0.07168643630737492,0.37,1,价格更新稀疏,,22,0,0
603,Glock-18 | Brass (Factory New),770.93,524.0,65,5,0.0769,0.6797,steamdt-live,719.5,22,736.9,48,,7,1,4,2,8,0,0,0,0.0,0.0,0.0,0.0,0.0,0.0,0.07351369448486333,-0.07351369448486333,-0.20187689269986353,0.37,0,价格更新稀疏,,22,0,0
604,Galil AR | Urban Rubble (Factory New),92.8,75.0,83,4,0.0482,0.8082,steamdt-live,85.0,25,84.82,23,,3,3,4,2,10,0,0,0,-0.008888888888888835,-0.04910313901345298,-0.030067895247332777,-0.05755555555555558,0.08589287638754195,0.0,0.09947977492302795,-0.09947977492302795,-0.32392794516180456,0.2,10,长期阴跌,,22,0,0
605,M4A4 | Zirka (Factory New),575.0,442.0,9,3,0.3333,0.7687,steamdt-live,575.0,9,548.88,22,,8,1,2,2,6,0,2,0,-0.010887268092338198,-0.017629266371950725,-0.01739493459504593,-0.028324599915026227,0.04522682994711935,0.0,0.04522682994711935,-0.04522682994711935,-0.07997116947987737,0.26,6,可能加速下跌,,21,0,0
606,FAMAS | Spitfire (Factory New),3098.5,700.0,6,2,0.3333,0.2259,steamdt-live,2800.0,3,2488.63,10,,8,1,2,2,2,0,6,0,-0.00200109660093728,-0.0020051090177772846,-0.0011113731855232345,-0.004002193201874671,0.005991300631483121,0.0,0.005991300631483121,0.1060577777777778,-0.08626513632792132,0.35,2,回撤不明显,,21,0,0
607,Five-SeveN | Neon Kimono (Factory New),3648.3,2780.0,33,6,0.1818,0.762,steamdt-live,3199.9,26,3199.3,41,,14,1,4,2,0,0,0,0,3.125683743321339e-05,-3.1255860473811126e-05,0.0,0.0,3.1255860473811126e-05,0.0,0.00021874999999993427,-0.0001875058595580681,0.015812033656136038,0.37,0,价格更新稀疏,,21,0,0
608,M4A4 | Desert Storm (Factory New),488.0,330.0,15,2,0.1333,0.6762,steamdt-live,400.0,12,432.07,9,,8,1,2,2,8,0,0,0,0.0,0.0,-0.07422408406045311,0.0,0.07422408406045311,0.0,0.07422408406045311,-0.07422408406045311,-0.049881235154394354,0.26,0,价格更新稀疏,,21,0,0
609,Glock-18 | Synth Leaf (Factory New),2162.0,1890.0,25,3,0.12,0.8742,steamdt-live,2098.49,26,2220.0,33,,8,3,2,2,6,0,0,0,0.0,-0.0004810669206954943,-0.04110527517698104,-0.0004810669206954943,0.04134764732754692,0.0,0.049596920289855184,-0.04981208965361117,-0.2153681636498922,1.3,0,价格更新稀疏,,21,0,0
610,Desert Eagle | Night (Factory New),584.5,462.0,25,3,0.12,0.7904,steamdt-live,719.9,26,549.9,64,,8,1,2,2,8,0,0,0,0.00018188432157151269,0.0,-0.012749147064104904,0.00018188432157151269,0.012569581612497771,0.00018188432157151269,0.06884990517474932,-0.06884990517474932,-0.1995633187772926,0.37,0,价格更新稀疏,,21,0,0
611,P250 | Facets (Factory New),500.0,0.0,2,0,0.0,,steamdt-live,2499.48,3,203.3,13,缺买一价,3,0,2,2,8,0,6,0,0.0,-0.002453385672227637,-0.002984198424734519,-0.002453385672227637,0.015353320094928957,0.0055893554929020706,0.05761831919529026,-0.00586797066014666,-0.14048957848898658,0.37,10,悠悠盘口不足,,21,0,0
612,Glock-18 | Blue Fissure (Factory New),220.99,179.0,48,6,0.125,0.81,steamdt-live,230.0,27,219.33,60,,11,3,4,2,0,0,0,0,0.0,0.0032017563920780923,-0.0009139514691770545,0.0032017563920780923,0.0,0.0032017563920780923,0.0,0.006100917431192787,-0.06148908857509616,0.37,1,价格更新稀疏,,20,0,0
613,Glock-18 | Night (Factory New),217.99,184.0,32,3,0.0938,0.8441,steamdt-live,320.0,24,217.5,42,,7,3,4,2,4,0,0,0,0.0,-0.002293577981651418,-0.009090909090909038,-0.002293577981651418,0.011363636363636354,0.0,0.01672694394213381,0.08749999999999991,-0.2161314736728296,0.2,1,价格更新稀疏,,20,0,0
614,P250 | Forest Night (Factory New),84.56,74.0,143,4,0.028,0.8751,steamdt-live,99.5,12,79.86,34,,3,3,7,2,2,0,3,0,-0.0012464165524119775,-0.003369524522650602,0.08565629228687421,-0.004611741243923828,0.007827059262020097,0.08211382113821131,0.007827059262020097,0.017324840764331162,-0.163331587218439,0.18,4,回撤不明显,,20,0,0
615,M4A4 | Radiation Hazard (Factory New),2423.5,1940.0,9,4,0.4444,0.8005,steamdt-live,2394.0,7,2347.0,6,,8,3,2,2,4,0,0,0,-0.02147175317907024,0.0,0.021942905837239124,-0.02147175317907024,0.021675698207586525,0.0,0.021675698207586525,0.0,-0.1362622641926059,0.26,1,价格更新稀疏,,19,0,0
616,Tec-9 | Brass (Factory New),450.0,329.0,10,4,0.4,0.7311,steamdt-live,480.0,10,474.13,36,,8,1,2,2,0,0,6,0,0.006959206963682352,0.0,-0.003878474466709747,0.006959206963682352,0.0,0.006959206963682352,0.0,0.0,-0.15094339622641506,0.21,4,回撤不明显,,19,0,0
617,FAMAS | Prime Conspiracy (Factory New),565.5,383.0,24,4,0.1667,0.6773,steamdt-live,507.5,23,519.3,38,,8,1,2,2,0,0,6,0,0.0009852216748769127,-0.0009842519685039353,-0.0009842519685039353,0.0,0.0009842519685039353,0.0,0.0009842519685039353,0.0,-0.10651408450704225,1.27,2,回撤不明显,,19,0,0
618,USP-S | Business Class (Factory New),656.56,475.0,13,2,0.1538,0.7235,steamdt-live,685.0,13,586.26,32,,8,1,2,2,0,0,6,0,0.010061679473484686,0.0,0.02596645042688195,0.010061679473484686,0.0008010498866599658,0.03628939600162617,0.0008010498866599658,0.056324324324324326,-0.14352081811541273,0.37,3,回撤不明显,,19,0,0
619,P250 | Apep's Curse (Factory New),701.68,581.0,64,5,0.0781,0.828,steamdt-live,700.0,41,703.02,55,,7,3,4,2,2,0,0,0,0.0,0.0,0.0,0.0,0.0,0.0,0.014084507042253502,0.007194244604316502,-0.17512166955374087,0.37,0,价格更新稀疏,,18,0,0
620,P250 | Bone Mask (Factory New),440.0,0.01,1,1,1.0,0.0,steamdt-live,0.0,0,216.66,1,,8,1,2,2,4,0,0,0,-0.0038322112894871863,0.0,-0.0014479263626021588,-0.0038322112894871863,0.005274588892336229,0.00031201248049916863,0.01736820596648947,-0.01736820596648947,-0.2842152266130833,0.19,1,价格更新稀疏,,17,0,0
621,AK-47 | First Class (Factory New),1983.44,1090.0,9,2,0.2222,0.5496,steamdt-live,1399.9,18,1351.39,16,,8,1,2,2,4,0,0,0,-0.003296800554629442,0.0,-0.007321394579239415,-0.003296800554629442,0.010594057956159308,0.0,0.01709942541275733,-0.01709942541275733,-0.09180779569892461,0.37,1,价格更新稀疏,,17,0,0
622,Tec-9 | Blast From the Past (Factory New),44.79,39.2,67,6,0.0896,0.8752,steamdt-live,45.9,35,47.52,52,,7,3,4,2,0,0,0,0,0.0,-0.00022321428571425717,-0.0022271714922049712,-0.00022321428571425717,0.0024498886414253684,0.0,0.004666666666666708,-0.0044454323182929745,-0.3796398891966759,0.1,0,价格更新稀疏,,16,0,0
623,Five-SeveN | Crimson Blossom (Factory New),573.49,482.0,13,3,0.2308,0.8405,steamdt-live,544.5,27,622.33,20,,8,3,2,2,0,0,0,0,0.0,0.0,0.0,0.0,0.0,0.008333333333333304,0.0009174311926605228,-0.0007340796476417166,-0.04540673211781199,0.37,0,价格更新稀疏,,15,0,0
624,M4A4 | Tornado (Factory New),744.0,651.0,14,2,0.1429,0.875,steamdt-live,745.0,20,741.9,15,,8,3,2,2,0,0,0,0,-0.0041610738255033475,0.0,0.004178460708990528,-0.0041610738255033475,0.0041610738255033475,0.0,0.0041610738255033475,0.01630136986301367,-0.17520844913841027,0.26,1,价格更新稀疏,,15,0,0
625,AK-47 | Wasteland Rebel (Factory New),2351.2,2000.0,21,2,0.0952,0.8506,steamdt-live,2299.9,18,2204.9,35,,7,3,2,2,0,0,0,0,-0.00016313952961422018,-0.0006526645938522702,0.05745639256277535,-0.000815697648071656,0.001494429852368362,0.05659382787042366,0.001494429852368362,0.05659382787042366,-0.07275326969174478,0.37,0,价格更新稀疏,,14,0,0
626,M4A4 | Modern Hunter (Factory New),4400.0,1300.0,1,4,4.0,0.2955,steamdt-live,4299.5,3,4025.88,8,,8,1,2,2,0,0,0,0,0.0,0.0,0.0,0.0,0.0,0.0,0.0,0.0,-6.706158488878344e-05,0.37,0,价格更新稀疏,,13,0,0
627,AWP | Snake Camo (Factory New),3500.0,900.0,2,3,1.5,0.2571,steamdt-live,2600.0,5,2399.0,20,,8,1,2,2,0,0,0,0,0.0,0.22108263558394614,0.0,0.22108263558394614,0.0,0.22108263558394614,0.0,0.2463244080088942,-0.07123499806426636,0.37,1,价格更新稀疏,,13,0,0
628,Five-SeveN | Contractor (Factory New),240.0,36.0,3,3,1.0,0.15,steamdt-live,229.0,7,265.35,1,,8,1,2,2,0,0,0,0,0.0,0.0,0.0,0.0,0.0,0.0,0.0,0.0,0.0,0.3,0,价格更新稀疏,,13,0,0
629,AK-47 | Jungle Spray (Factory New),1150.0,650.0,5,4,0.8,0.5652,steamdt-live,999.0,6,1029.02,14,,8,1,2,2,0,0,0,0,0.0,0.0,0.0,0.0,0.0,0.0,0.0,0.0,-0.0876712328767123,0.36,0,价格更新稀疏,,13,0,0
630,AK-47 | Predator (Factory New),666.0,358.0,6,3,0.5,0.5375,steamdt-live,1001.0,5,721.92,10,,8,1,2,2,0,0,0,0,0.0,0.0,0.0,0.0,0.0,0.0,0.0,0.0,0.0,0.37,0,价格更新稀疏,,13,0,0
631,MP9 | Bulldozer (Factory New),7499.5,3720.0,6,3,0.5,0.496,steamdt-live,6799.0,5,7094.37,6,,8,1,2,2,0,0,0,0,0.0,0.0,0.0,0.0,0.0,0.0,0.0,0.0,0.0,0.27,0,价格更新稀疏,,13,0,0
632,Glock-18 | Groundwater (Factory New),579.0,260.0,4,2,0.5,0.4491,steamdt-live,666.0,7,640.17,3,,8,1,2,2,0,0,0,0,0.0,0.0,0.0,0.0,0.0,0.0,0.0,0.0017301038062282892,-0.24805194805194808,0.37,0,价格更新稀疏,,13,0,0
633,M4A4 | Jungle Tiger (Factory New),665.5,400.0,8,3,0.375,0.6011,steamdt-live,519.5,10,551.53,8,,8,1,2,2,0,0,0,0,0.0,0.0,0.0,0.0,0.0,0.0,0.0009615384615384581,0.0,-0.21938392186326072,0.27,0,价格更新稀疏,,13,0,0
634,Five-SeveN | Fall Hazard (Factory New),1819.33,1000.0,6,2,0.3333,0.5497,steamdt-live,2356.5,7,1708.01,16,,8,1,2,2,0,0,0,0,-0.0010239367148600076,0.00023428256820556825,-0.002200997162640217,-0.000789894037177663,0.003064816490464084,0.0012605608616373942,0.0036115827367512177,-0.002284345514562025,-0.0920188642127594,0.37,1,价格更新稀疏,,13,0,0
635,P250 | Nuclear Threat (Factory New),11488.88,680.0,3,1,0.3333,0.0592,steamdt-live,21888.0,1,11888.0,1,,8,1,2,2,0,0,0,0,0.0,0.0,0.0,0.0,0.0,0.0,0.0,0.0,-0.6525516275813791,0.37,0,价格更新稀疏,,13,0,0
636,Galil AR | Hunting Blind (Factory New),39.26,20.1,13,4,0.3077,0.512,steamdt-live,65.96,20,43.34,13,,8,1,2,2,0,0,0,0,0.0,0.028017805708300703,0.0,0.028017805708300703,0.0,0.47261815453863454,0.0,0.028017805708300703,0.017362010883648527,0.37,1,价格更新稀疏,,13,0,0
637,Galil AR | Shattered (Factory New),500.0,73.0,10,3,0.3,0.146,steamdt-live,399.0,4,506.25,2,,8,1,2,2,0,0,0,0,0.0,0.0,0.0,0.0,0.0,0.0,0.0,0.0,0.014183315540643449,0.37,0,价格更新稀疏,,13,0,0
638,Five-SeveN | Nitro (Factory New),420.0,162.0,8,2,0.25,0.3857,steamdt-live,409.5,5,422.45,16,,8,1,2,2,0,0,0,0,0.0,0.0,0.0,0.0,0.0,0.16999999999999993,0.0,0.0,0.011161044989876023,0.37,0,价格更新稀疏,,13,0,0
639,M4A4 | Faded Zebra (Factory New),408.0,225.0,13,3,0.2308,0.5515,steamdt-live,520.0,10,420.31,7,,8,1,2,2,0,0,0,0,0.0,0.0,0.0,0.0,0.0,0.037244184568450356,0.0,0.0,0.11934156378600824,0.37,0,价格更新稀疏,,13,0,0
640,MP9 | Green Plaid (Factory New),60.99,41.0,13,2,0.1538,0.6722,steamdt-live,69.8,6,63.94,5,,8,1,2,2,0,0,0,0,0.0,0.0,0.0,0.0,0.0,0.0,0.0,0.0,0.001477832512315258,0.19,0,价格更新稀疏,,13,0,0
641,P250 | Modern Hunter (Factory New),,,0,0,,,,8000.0,2,1998.48,1,无悠悠数据,0,0,0,2,10,0,0,0,-0.32711111111111113,0.0,0.0,-0.32711111111111113,0.32711111111111113,0.0,0.32711111111111113,-0.32711111111111113,-0.004894662676578787,0.37,1,悠悠盘口不足,,12,0,0
642,FAMAS | Contrast Spray (Factory New),0.0,248.0,0,2,,,steamdt-live,810.0,2,760.29,6,缺卖一价,0,0,0,2,0,0,0,0,-0.00027586569281701223,-0.0009723663981708874,-0.0012333044687605765,-0.0012479638484578226,0.0027414150423673567,0.0,0.003264375049162327,-0.0018642265429100746,-0.012597566202158572,0.37,1,悠悠盘口不足,,2,0,0
643,Tec-9 | Nuclear Threat (Factory New),,,0,0,,,,0.0,0,,0,无悠悠数据,0,0,0,2,0,0,0,0,0.0,0.0,1.1293801537630097,0.0,0.0,1.1293801537630097,0.0,1.1293801537630097,0.1446814293127907,0.37,0,悠悠盘口不足,,2,0,0
