排名,marketHashName,youpin_sell,youpin_buy,youpin_sell_count,youpin_buy_count,挂买/挂卖,买一/卖一,数据来源,buff_sell,buff_sell_count,c5_sell,c5_sell_count,备注,盘口深度分,盘口紧密度分,流动性分,品质分,回撤位置分,跌速减弱分,低点企稳分,下行跌幅收敛分,前12h涨跌,近12h涨跌,前24h涨跌,近24h涨跌,48h回撤,距48h低点,5日回撤,5日涨跌,30日涨跌,K线时效(小时),24h变价次数,信号状态,报价风险,V2.6总分,建议资金,实际获批
1,Desert Eagle | Eastern Enigma (Factory New),407.38,391.0,75,27,0.36,0.9598,steamdt-live,415.0,64,411.94,129,,20,9,4,2,4,20,6,3,-0.007751552795031036,0.02003104812459311,-0.015603600078262558,0.012124223602484552,0.010973537266326772,0.02003104812459311,0.01689270717698732,-0.01689270717698732,-0.11437205156633845,0.41,11,减速明显,,68,10000,10000
2,AK-47 | Point Disarray (Factory New),388.0,378.0,1037,42,0.0405,0.9742,steamdt-live,399.2,347,396.09,265,,3,12,15,2,10,14,6,5,-0.009825383088123085,-0.0025706940874036244,-0.03350718362527061,-0.012370819121315546,0.045463491438693215,0.0,0.09133489461358313,-0.09133489461358313,-0.1736417268332161,0.41,13,减速明显,,67,10000,10000
3,FAMAS | Commemoration (Factory New),366.0,346.0,338,27,0.0799,0.9454,steamdt-live,350.0,174,362.04,116,,7,9,9,2,8,20,6,5,-0.012371428571428478,0.012526398009662376,-0.04499440639580887,0.0,0.04499440639580887,0.012526398009662376,0.07773386034255603,-0.07529722589167764,-0.2693110647181628,0.4,7,减速明显,,66,10000,10000
4,Tec-9 | Decimator (Factory New),695.0,630.0,199,46,0.2312,0.9065,steamdt-live,756.9,50,729.6,52,,17,6,7,2,10,18,4,5,-0.027181688125894166,0.022058823529411686,-0.029166666666666674,-0.005722460658083017,0.043358568479008985,0.04041916167664672,0.18118733726834668,-0.16766467065868262,0.11396057060426346,0.37,8,左侧观察,,69,10000,10000
5,AWP | Printstream (Factory New),1057.0,1020.0,440,140,0.3182,0.965,steamdt-live,1055.0,344,1069.0,169,,20,12,9,2,6,10,6,3,-0.00518867924528299,0.00047415836889519447,-0.006560449859418949,-0.004716981132075526,0.017690875232774683,0.014423076923076872,0.0365296803652968,-0.031221303948576695,-0.10212765957446812,0.41,9,左侧观察,,68,10000,10000
6,★ Bloodhound Gloves | Charred (Field-Tested),1438.0,1360.0,243,51,0.2099,0.9458,steamdt-live,1687.5,20,1443.41,65,,17,9,7,5,10,9,6,5,-3.46224422671515e-05,-0.004224084204694889,-0.041692656836852415,-0.0042585603988506415,0.04577366653837478,0.02058197303051812,0.10124999999999995,-0.10124999999999995,-0.13685474189675872,0.41,2,左侧观察,,68,10000,10000
7,★ Moto Gloves | Boom! (Minimal Wear),3059.5,2890.0,153,23,0.1503,0.9446,steamdt-live,3388.38,26,3115.05,56,,14,9,7,5,10,10,6,5,0.04426229508196711,-0.03940345368916798,-0.05042404014993962,0.003114754098360706,0.04746634453729193,0.013079470198675391,0.08902783980943874,-0.08902783980943874,-0.2624156219864995,0.41,4,左侧观察,,66,10000,10000
8,M4A4 | Poseidon (Factory New),8599.5,8660.0,208,31,0.149,1.007,steamdt-live,9088.0,106,8962.77,85,,11,15,7,2,10,10,6,5,0.011845238095238075,0.0117653979645862,-0.08095274565367228,0.023749999999999938,0.05500000000000005,0.023749999999999938,0.09287974683544309,-0.0947418285172904,-0.25221739130434784,0.38,4,左侧观察,,66,10000,10000
9,★ Hand Wraps | Spruce DDPAT (Field-Tested),2220.0,2120.0,299,90,0.301,0.955,steamdt-live,2453.34,25,2263.78,82,,20,9,9,5,10,5,2,5,0.009743135518157642,-0.02631578947368418,-0.03090128755364807,-0.016829052258635957,0.047210300429184504,0.0,0.10753768844221101,-0.10753768844221101,-0.2227924855936535,0.41,4,左侧观察,,65,10000,10000
10,★ Driver Gloves | Crimson Weave (Field-Tested),6800.0,6540.0,243,66,0.2716,0.9618,steamdt-live,7154.21,22,6863.0,58,,17,12,7,5,10,7,4,3,0.028983953034402488,-0.033430652205448386,-0.021224113475177275,-0.005415651624478102,0.033430652205448386,0.013886837051263035,0.08481008775848475,-0.08481008775848475,-0.29090251588572613,0.41,5,左侧观察,,65,10000,10000
11,M4A4 | The Emperor (Factory New),1461.5,1410.0,402,56,0.1393,0.9648,steamdt-live,1529.0,133,1499.5,133,,11,12,9,2,10,10,6,5,0.03761864636940371,-0.019134099771142443,-0.05526973684210523,0.017764747665373726,0.03848684210526321,0.025851600721570556,0.1027136542239685,-0.1027136542239685,-0.19387755102040816,0.41,12,左侧观察,,65,10000,10000
12,AWP | Wildfire (Factory New),933.0,924.0,532,68,0.1278,0.9904,steamdt-live,955.7,164,942.27,168,,11,15,12,2,10,6,4,5,0.007383966244725704,-0.023036649214659644,-0.037074657186389026,-0.015822784810126556,0.052310817673946186,0.0,0.08259587020648973,-0.07164179104477608,-0.13328626634958385,0.4,10,左侧观察,,65,10000,10000
13,Desert Eagle | Code Red (Factory New),1020.0,990.0,261,50,0.1916,0.9706,steamdt-live,1032.0,65,1040.38,123,,14,12,9,2,10,6,4,5,-0.00721500721500723,-0.011627906976744207,-0.041935483870967794,-0.018759018759018753,0.05990783410138245,0.0,0.12068207484547278,-0.11412963236379747,-0.12068965517241381,0.41,2,左侧观察,,62,10000,10000
14,★ Hand Wraps | Slaughter (Minimal Wear),3309.0,3130.0,197,23,0.1168,0.9459,steamdt-live,3555.0,37,3398.0,74,,11,9,7,5,8,10,6,5,0.025151515151515147,-0.021874076263671327,-0.041115792532326,0.0027272727272726893,0.03850065378468692,0.0027272727272726893,0.06525423728813562,-0.06525423728813562,-0.24598382135125896,0.41,5,左侧观察,,61,10000,10000
15,Desert Eagle | Kumicho Dragon (Factory New),409.5,400.0,507,43,0.0848,0.9768,steamdt-live,444.0,115,422.0,138,,7,12,12,2,10,7,6,5,-0.0024068547222489967,-0.012015055008685604,-0.052497149372861984,-0.014392991239048802,0.06613454960091225,0.0012224938875304847,0.125,-0.10978260869565215,-0.25933294747503977,0.41,10,左侧观察,,61,10000,10000
16,M4A1-S | Decimator (Factory New),268.37,263.0,1133,61,0.0538,0.98,steamdt-live,272.36,337,287.7,368,,3,12,15,2,8,10,6,5,0.005586592178770999,-0.006037037037037063,-0.025408348457350294,-0.0004841713221601651,0.02588021778584393,0.0,0.07776632302405495,-0.07776632302405495,-0.17424615384615383,0.41,7,左侧观察,,61,10000,10000
17,AK-47 | Breakthrough (Factory New),53.57,51.0,403,26,0.0645,0.952,steamdt-live,53.04,379,57.18,337,,7,9,9,2,10,20,3,0,-0.02444987775061136,0.022556390977443552,-0.0736933797909407,-0.0024449877750611915,0.07595818815331012,0.060799999999999965,0.11259829345825667,-0.09949066213921898,-0.20835820895522394,0.41,13,左侧观察,,60,10000,10000
18,AK-47 | Crossfade (Factory New),24.8,23.6,2759,37,0.0134,0.9516,steamdt-live,27.9,1175,26.9,896,,3,9,15,2,10,10,6,5,-0.0004037141703673308,0.001615508885298933,-0.032421875000000044,0.0012111425111021035,0.03125,0.012244897959183598,0.09057572423909055,-0.05846621108580108,-0.25525525525525516,0.41,9,左侧观察,,60,10000,10000
19,Galil AR | Rainbow Spoon (Factory New),164.0,157.0,926,19,0.0205,0.9573,steamdt-live,166.0,391,167.45,615,,3,9,15,2,8,13,4,5,-0.008443908323281124,-0.0024330900243308973,-0.02881911902530454,-0.010856453558504287,0.03654094700975208,0.03144654088050314,0.052023121387283267,-0.046511627906976716,-0.18561922733141323,0.33,9,左侧观察,,59,0,0
20,★ Moto Gloves | Eclipse (Field-Tested),3158.0,2870.0,241,61,0.2531,0.9088,steamdt-live,3400.0,20,3352.96,62,,17,6,7,5,10,4,4,5,-0.0015527950310558758,-0.017729393468118193,-0.033033033033033066,-0.019254658385093215,0.05165165165165164,0.007015306122448939,0.11292134831460676,-0.11292134831460676,-0.24077413150619065,0.41,7,左侧观察,,58,0,0
21,★ Bloodhound Gloves | Snakebite (Field-Tested),1173.0,1100.0,227,36,0.1586,0.9378,steamdt-live,1388.7,18,1179.09,91,,14,9,7,5,8,6,4,5,-0.00042194092827008145,-0.009708737864077666,-0.024426387413865602,-0.010126582278481067,0.037735849056603765,0.0,0.07999999999999996,-0.07637795275590553,-0.2172172172172172,0.18,7,左侧观察,,58,0,0
22,★ Bloodhound Gloves | Guerrilla (Field-Tested),1107.5,1050.0,210,33,0.1571,0.9481,steamdt-live,1299.5,23,1156.35,75,,14,9,7,5,10,6,2,5,-0.0008936550491510653,-0.01610017889087656,-0.041131105398457546,-0.016979445933869575,0.05741216795201376,0.0,0.08103592314118635,-0.08103592314118635,-0.2517006802721088,0.41,5,左侧观察,,58,0,0
23,AK-47 | Frontside Misty (Factory New),730.0,717.0,416,57,0.137,0.9822,steamdt-live,735.7,100,743.0,176,,11,12,9,2,10,7,4,3,-0.0048201906412477236,-0.006802721088435382,-0.034562091503268055,-0.011590121317157642,0.047606622395595544,0.005509641873278293,0.08176100628930816,-0.07885273000290227,-0.17839054586381542,0.41,12,左侧观察,,58,0,0
24,AWP | Silk Tiger (Factory New),3009.0,2900.0,318,38,0.1195,0.9638,steamdt-live,3050.0,72,3025.61,83,,11,12,9,2,10,7,4,3,0.01700566855618546,-0.022950819672131195,-0.019934640522875857,-0.006335445148382801,0.02614379084967322,0.0005036091992614011,0.08588957055214719,-0.08616988653787183,-0.23589547665506827,0.25,5,左侧观察,,58,0,0
25,M4A4 | Temukau (Factory New),600.0,594.0,744,35,0.047,0.99,steamdt-live,603.3,659,613.89,362,,3,15,12,2,8,7,6,5,0.0016436991532458034,-0.005453430356876399,-0.011812961443806502,-0.0038186950024903243,0.016393442622950838,0.0,0.05734485467399841,-0.05362776025236593,-0.13963692678310247,0.4,9,左侧观察,,58,0,0
26,AWP | Fever Dream (Factory New),109.0,104.0,1209,28,0.0232,0.9541,steamdt-live,115.0,487,113.0,474,,3,9,15,2,8,10,6,5,0.02284403669724755,-0.02233384160014351,-0.0407462817917803,0.0,0.04385964912280704,0.0,0.06837606837606836,-0.06034482758620685,-0.24305555555555558,0.41,8,左侧观察,,58,0,0
27,AWP | Hyper Beast (Factory New),935.0,919.0,371,54,0.1456,0.9829,steamdt-live,950.0,94,964.9,93,,11,12,9,2,10,4,4,5,-0.005286993154291708,-0.010037269185160125,-0.027649769585253448,-0.015271195365982093,0.03558535327488399,0.005484460694698434,0.11792452830188682,-0.12453183520599254,-0.139391038621553,0.4,19,左侧观察,,57,0,0
28,★ Bloodhound Gloves | Bronzed (Field-Tested),1299.5,1200.0,262,36,0.1374,0.9234,steamdt-live,1399.0,16,1328.51,72,,11,6,9,5,10,9,4,3,0.003969896230897829,-0.008015267175572549,-0.03703321033210338,-0.0040771907236246685,0.043782192788815344,0.00775494377665753,0.11898305084745764,-0.12077131258457374,-0.27402234636871503,0.18,7,左侧观察,,57,0,0
29,Five-SeveN | Fowl Play (Factory New),467.14,430.0,143,19,0.1329,0.9205,steamdt-live,467.0,48,464.57,54,,11,6,7,2,10,10,6,5,0.01914847161572042,-0.004713242067827861,-0.05567010309278353,0.014344978165938826,0.06336693548387096,0.014544342774780894,0.08005940594059402,0.040540237865925866,-0.04409465020576131,0.41,5,左侧观察,,57,0,0
30,★ Specialist Gloves | Forest DDPAT (Minimal Wear),1806.5,1710.0,166,20,0.1205,0.9466,steamdt-live,1850.0,26,1812.0,56,,11,9,7,5,10,6,4,5,-0.001374381528312263,-0.005505092210294493,-0.01663450050546822,-0.0068719076415613145,0.02456803455723544,0.0,0.0938503210272873,-0.0938503210272873,-0.2943359375,0.41,6,左侧观察,,57,0,0
31,Tec-9 | Fuel Injector (Factory New),243.0,238.0,423,43,0.1017,0.9794,steamdt-live,254.32,149,244.65,178,,11,12,9,2,10,6,2,5,-0.019203187250996012,-0.012917377528637641,-0.04751062537947781,-0.031872509960159334,0.07601049469561583,0.003054569470816615,0.13365895397340366,-0.13214285714285712,-0.20197044334975367,0.35,16,左侧观察,,57,0,0
32,M4A1-S | Vaporwave (Factory New),942.0,880.0,541,36,0.0665,0.9342,steamdt-live,952.0,223,964.5,151,,7,9,12,2,6,10,6,5,0.02717391304347827,-0.004232804232804255,-0.035528205558292836,0.022826086956521774,0.013513088511253879,0.022826086956521774,0.03978612026653339,-0.03978612026653339,-0.1589804089804091,0.41,11,左侧观察,,57,0,0
33,Desert Eagle | Printstream (Factory New),461.99,456.0,1269,41,0.0323,0.987,steamdt-live,459.5,994,467.77,435,,3,12,15,2,4,10,6,5,0.0032679738562091387,-0.0021715526601520097,-0.008639308855291628,0.0010893246187364536,0.019210245464247544,0.0010893246187364536,0.024395422408119094,-0.012889366272824887,-0.08283433133732532,0.41,14,左侧观察,,57,0,0
34,M4A1-S | Liquidation (Factory New),59.0,58.0,1219,30,0.0246,0.9831,steamdt-live,60.8,556,61.1,246,,3,12,15,2,6,10,6,3,-0.016694490818030094,0.0016977928692700761,-0.006303915063039178,-0.015025041736226985,0.030402629416598215,0.003401360544217802,0.048387096774193505,-0.0453074433656957,-0.07653779934262017,0.35,9,左侧观察,,57,0,0
35,AWP | PAW (Factory New),43.33,42.0,1269,26,0.0205,0.9693,steamdt-live,42.0,1024,45.37,284,,3,12,15,2,8,10,2,5,0.021190476190476204,-0.02075075775238988,-0.045454545454545414,0.0,0.045454545454545414,0.0,0.05405405405405406,-0.045454545454545414,-0.14110429447852757,0.41,8,左侧观察,,57,0,0
36,M4A4 | Neo-Noir (Factory New),608.0,592.0,957,40,0.0418,0.9737,steamdt-live,622.5,263,621.0,216,,3,12,15,2,10,4,4,5,0.0,-0.016181229773462813,-0.026771653543307128,-0.016181229773462813,0.04100946372239744,0.0,0.10377358490566035,-0.10377358490566035,-0.17492197041661006,0.36,14,左侧观察,,55,0,0
37,AK-47 | Searing Rage (Factory New),108.8,103.0,1388,34,0.0245,0.9467,steamdt-live,110.0,391,114.3,260,,3,9,15,2,10,7,6,3,0.0,-0.01090909090909098,-0.0393013100436681,-0.01090909090909098,0.049781659388646315,0.016822429906542036,0.08170155300472659,-0.06609442060085835,-0.2293525995183454,0.41,6,左侧观察,,55,0,0
38,AK-47 | Ice Coaled (Factory New),87.7,83.0,1649,29,0.0176,0.9464,steamdt-live,84.0,1257,88.41,705,,3,9,15,2,8,9,6,3,0.0001184974523047444,-0.005924170616113722,-0.044064340734028096,-0.005806375162933919,0.050690201403032265,0.0,0.06570155902004449,-0.06047032474804026,-0.13326446280991722,0.41,14,左侧观察,,55,0,0
39,★ Sport Gloves | Creme Pinstripe (Minimal Wear),1065.0,1400.0,42,19,0.4524,1.3146,steamdt-live,1088.0,41,1078.6,39,"溢价求购:买一高于卖一,多为定向收特定图案,买一价不可作退出价",20,0,4,5,4,10,6,5,0.01698914582350164,-0.011600928074245953,-0.018981481481481488,0.0051911278905143465,0.01388888888888884,0.044117647058823595,0.026952946550936496,0.01476893758932829,-0.05291240551356158,0.16,5,左侧观察,买一异常溢价(不作为可成交退出价),54,0,0
40,★ Sport Gloves | Ultra Violent (Minimal Wear),11399.0,12520.0,284,59,0.2077,1.0983,steamdt-live,11200.0,313,11588.0,80,"溢价求购:买一高于卖一,多为定向收特定图案,买一价不可作退出价",17,0,9,5,4,10,6,3,0.017948031074203064,-0.01754385964912286,-0.013043095091213486,8.929368693633144e-05,0.02604461063524499,8.929368693633144e-05,0.02604461063524499,-0.004444444444444473,-0.07628865979381438,0.41,6,左侧观察,买一异常溢价(不作为可成交退出价),54,0,0
41,★ Bloodhound Gloves | Snakebite (Minimal Wear),1190.0,1170.0,148,22,0.1486,0.9832,steamdt-live,1439.0,15,1217.46,55,,11,12,7,5,10,7,2,0,-0.02399349328995526,-0.008333333333333304,-0.014428857715430898,-0.03212688084587234,0.04609218436873752,0.008474576271186418,0.08810863001731828,-0.08810863001731828,-0.2674669128962758,0.41,6,左侧观察,,54,0,0
42,AWP | Fade (Factory New),4000.0,3930.0,469,31,0.0661,0.9825,steamdt-live,4050.0,332,4119.0,194,,7,12,9,2,8,10,6,0,-0.008806247675715917,0.0005052551538526906,-0.006527093596059075,-0.008305441923887491,0.014778325123152691,0.012658227848101333,0.05871278973996941,-0.05548996458087363,-0.19678714859437751,0.2,3,左侧观察,,54,0,0
43,Galil AR | Phoenix Blacklight (Factory New),918.5,860.0,463,30,0.0648,0.9363,steamdt-live,942.0,142,925.8,140,,7,9,9,2,8,10,4,5,0.014775956284152958,-0.010791366906474753,-0.04737116085372206,0.0038251366120218844,0.043727225403435765,0.02055555555555566,0.07361647621256895,-0.07266247337122778,-0.28493577267419234,0.41,8,左侧观察,,54,0,0
44,M4A4 | 龍王 (Dragon King) (Factory New),343.5,335.0,809,46,0.0569,0.9753,steamdt-live,360.0,197,359.03,190,,3,12,12,2,10,6,4,5,-0.0014326647564469885,-0.01434720229555242,-0.038567493112947604,-0.015759312320916874,0.05371900826446285,0.0,0.09605263157894739,-0.09605263157894739,-0.1915554614135423,0.41,10,左侧观察,,54,0,0
45,M4A1-S | Cyrex (Factory New),1238.3,1220.0,544,25,0.046,0.9852,steamdt-live,1274.4,241,1250.0,152,,3,12,12,2,6,10,4,5,-0.0008064516129032695,-0.00016142050040357514,-0.027443352496882345,-0.000967741935483879,0.028384536349304712,0.0071544715447153795,0.031430805316653654,-0.021484992101105882,-0.06505660377358491,0.41,5,左侧观察,,54,0,0
46,M4A1-S | Basilisk (Factory New),167.0,149.0,586,23,0.0392,0.8922,steamdt-live,171.5,193,168.0,199,,3,6,12,2,10,10,6,5,0.033434650455927084,-0.01764705882352946,-0.07464701580694155,0.015197568389057725,0.05793422462909692,0.027692307692307683,0.12693433709744872,-0.09680908599242832,-0.29973163367997313,0.39,11,左侧观察,,54,0,0
47,AK-47 | Legion of Anubis (Factory New),342.95,339.0,809,27,0.0334,0.9885,steamdt-live,350.64,336,349.0,223,,3,12,12,2,4,10,6,5,0.001457725947521915,-0.001601164483260531,-0.014339492514152785,-0.00014577259475223592,0.01730708616292731,0.0028070996227960165,0.0187410586552218,0.011651917404129852,-0.04736111111111119,0.41,4,左侧观察,,54,0,0
48,Desert Eagle | Conspiracy (Factory New),139.6,135.0,1438,44,0.0306,0.967,steamdt-live,141.0,813,141.0,301,,3,12,15,2,6,5,6,5,-0.013828443071739471,-0.006334970460531109,-0.0013319313003855582,-0.020075810753895973,0.021381002453557785,0.011594202898550732,0.0339100346020762,-0.0339100346020762,-0.14774114774114788,0.41,11,左侧观察,,54,0,0
49,Desert Eagle | Blaze (Factory New),3878.0,3800.0,517,15,0.029,0.9799,steamdt-live,4000.0,422,3999.0,119,,3,12,12,2,6,8,6,5,-0.00012856775520697639,-0.0027002700270026825,-0.016928844253116138,-0.0028284906145539246,0.01971192978730929,0.00025793139025021006,0.03049999999999997,-0.03049999999999997,-0.05862361937128291,0.41,3,左侧观察,,54,0,0
50,MP9 | Airlock (Factory New),147.65,135.0,268,17,0.0634,0.9143,steamdt-live,146.4,98,156.63,99,,7,6,9,2,10,10,4,5,-0.00020563438206844253,0.0037021801727683545,-0.014256756756756861,0.003495784495167742,0.010810810810810811,0.009655172413793212,0.10720819612147814,-0.10606338157171646,-0.22943312805937155,0.35,2,左侧观察,,53,0,0
51,★ Specialist Gloves | Lime Polycam (Field-Tested),1544.0,2260.0,125,31,0.248,1.4637,steamdt-live,1570.0,138,1615.0,65,"溢价求购:买一高于卖一,多为定向收特定图案,买一价不可作退出价",17,0,7,5,6,8,4,5,0.0,-0.002906038101388453,-0.01369426751592362,-0.002906038101388453,0.018436109345200236,0.0025974025974024872,0.04691358024691361,-0.04396284829721364,-0.07903370116313746,0.41,4,左侧观察,买一异常溢价(不作为可成交退出价),52,0,0
52,Galil AR | Tornado (Factory New),144.99,127.0,31,7,0.2258,0.8759,steamdt-live,168.83,20,147.8,52,,17,3,4,2,10,10,6,0,-0.003106018774157837,0.0038773108080039087,-0.02634408602150551,0.0007592490336831847,0.025604838709677447,0.03564285714285731,0.11521327881857568,-0.07866810700895976,-0.22461094176159146,0.41,3,左侧观察,,52,0,0
53,★ Sport Gloves | Superconductor (Field-Tested),10895.76,13900.0,465,73,0.157,1.2757,steamdt-live,11099.0,287,11100.0,112,"溢价求购:买一高于卖一,多为定向收特定图案,买一价不可作退出价",14,0,9,5,8,10,6,0,-0.03591226801638947,0.027901886792452757,-0.005440976933514197,-0.00901240126059022,0.014404341926730013,0.027901886792452757,0.056643339085142075,-0.056643339085142075,-0.1899063197026022,0.4,6,左侧观察,买一异常溢价(不作为可成交退出价),52,0,0
54,★ Hand Wraps | Spruce DDPAT (Minimal Wear),2370.0,2240.0,197,29,0.1472,0.9451,steamdt-live,2415.69,34,2391.89,56,,11,9,7,5,10,6,4,0,-0.034201344874627226,-0.012499999999999956,-0.01746818126104621,-0.04627382806369429,0.06293368970848146,0.0,0.09472880061115352,-0.08689169456719825,-0.24558332007003025,0.41,5,左侧观察,,52,0,0
55,M4A1-S | Hot Rod (Factory New),8188.87,8480.0,329,34,0.1033,1.0356,steamdt-live,8488.0,182,8356.0,138,,11,15,9,2,6,4,2,3,0.01609000725864984,-0.025018454577925953,-0.015248987371932365,-0.009330994435035045,0.027392362966922046,0.0,0.04226543083535572,-0.03569594912859164,-0.17250707356507677,0.41,6,左侧观察,,52,0,0
56,AK-47 | B the Monster (Factory New),2239.5,2200.0,523,48,0.0918,0.9824,steamdt-live,2220.0,272,2245.0,173,,7,12,12,2,8,4,4,3,-0.004380724810832404,-0.013333333333333308,-0.02837611247259131,-0.017655648480021324,0.04553076228556696,0.0,0.054916985951468655,-0.034782608695652195,-0.15234822451317298,0.41,11,左侧观察,,52,0,0
57,★ Driver Gloves | Racing Green (Field-Tested),181.69,179.0,183,10,0.0546,0.9852,steamdt-live,176.0,119,180.12,195,,3,12,7,5,4,10,6,5,0.02918128654970764,5.682141030738386e-05,-0.04040404040404033,0.029239766081871288,0.016649905017320332,0.032258064516129004,0.016649905017320332,0.011494252873563315,-0.07451227848766884,0.22,10,左侧观察,,52,0,0
58,M4A1-S | Party Animal (Factory New),148.87,140.0,375,18,0.048,0.9404,steamdt-live,148.79,265,158.95,478,,3,9,9,2,8,10,6,5,0.012164948453608382,0.010321178787261465,-0.030000000000000027,0.022611683848797304,0.013852067868504792,0.026137931034482698,0.07583850931677028,-0.07583850931677028,-0.20428899941173329,0.41,15,左侧观察,,52,0,0
59,Five-SeveN | Berries And Cherries (Factory New),566.0,540.0,282,11,0.039,0.9541,steamdt-live,583.96,124,568.11,146,,3,9,9,2,8,10,6,5,0.0017329183760079747,-0.0008826125330979595,-0.028833439233397984,0.0008487763474325227,0.028009136027201897,0.0008841732979663064,0.0517515790179095,-0.0517515790179095,-0.2515504542268887,0.41,4,左侧观察,,52,0,0
60,AK-47 | Slate (Factory New),91.38,87.0,1859,24,0.0129,0.9521,steamdt-live,90.69,1404,92.0,726,,3,9,15,2,4,10,4,5,0.010022271714922093,-0.00011025358324145973,-0.020506108202443363,0.009910913140311894,0.010798429319371805,0.02013498312710893,0.017443120260021705,-0.014239130434782643,-0.09707287933094388,0.41,9,左侧观察,,52,0,0
61,★ Specialist Gloves | Emerald Web (Minimal Wear),9200.0,11610.0,207,36,0.1739,1.262,steamdt-live,9688.0,102,9610.0,69,"溢价求购:买一高于卖一,多为定向收特定图案,买一价不可作退出价",14,0,7,5,6,10,6,3,-0.023976235943136026,0.0,-0.01751094434021261,-0.023976235943136026,0.041067333750260615,0.022222222222222143,0.04151690368286709,-0.04151690368286709,-0.2520325203252033,0.41,8,左侧观察,买一异常溢价(不作为可成交退出价),51,0,0
62,Tec-9 | Titanium Bit (Factory New),525.0,512.0,652,13,0.0199,0.9752,steamdt-live,523.0,11,517.21,48,,3,12,12,2,10,8,4,0,-0.021539914974019747,-0.004982137684657828,-0.019326267417728915,-0.02641473783656123,0.04606127927427561,0.0,0.12369047619047624,-0.03867537313432834,-0.020045263498221777,0.41,12,左侧观察,,51,0,0
63,★ Sport Gloves | Arid (Minimal Wear),7049.0,7650.0,173,23,0.1329,1.0853,steamdt-live,7120.0,39,7000.0,40,"溢价求购:买一高于卖一,多为定向收特定图案,买一价不可作退出价",11,0,7,5,10,8,4,5,-7.054176072229801e-05,-0.005432098765432047,-0.027442371020856227,-0.00550225733634313,0.032793633369923136,0.021595683472005023,0.09232435272257622,-0.09232435272257622,-0.23280365694383975,0.41,4,左侧观察,买一异常溢价(不作为可成交退出价),50,0,0
64,P250 | Contaminant (Factory New),62.6,59.0,183,13,0.071,0.9425,steamdt-live,65.4,28,63.29,36,,7,9,7,2,4,10,6,5,0.04833333333333334,-0.004769475357710662,-0.06103286384976525,0.043333333333333446,0.020344287949921713,0.04822505023442747,0.021874999999999978,0.07931034482758625,0.10017574692442888,0.41,3,左侧观察,,50,0,0
65,Galil AR | Sugar Rush (Factory New),859.0,820.0,335,16,0.0478,0.9546,steamdt-live,894.7,71,890.39,92,,3,9,9,2,10,8,4,5,-0.0005750431282346424,-0.011507479861910253,-0.05488103131555777,-0.012075905692926936,0.06629419884998755,0.0,0.0957609187658558,-0.0957609187658558,-0.2758571272013016,0.28,6,左侧观察,,50,0,0
66,★ Specialist Gloves | Fade (Field-Tested),1037.39,1980.0,1119,43,0.0384,1.9086,steamdt-live,1024.35,981,1085.0,449,"溢价求购:买一高于卖一,多为定向收特定图案,买一价不可作退出价",3,0,15,5,8,8,6,5,-0.003398091243604351,-0.0020847743280500985,-0.02646527849979674,-0.005475781318265316,0.031796141740470185,0.004264705882352837,0.05720202485043724,-0.055027675276752896,-0.1432693513988209,0.41,2,左侧观察,买一异常溢价(不作为可成交退出价),50,0,0
67,AK-47 | Head Shot (Factory New),535.5,529.0,381,13,0.0341,0.9879,steamdt-live,527.0,199,548.86,126,,3,12,9,2,6,7,6,5,-0.002835538752362976,-0.0009478672985782088,-0.013004459204806307,-0.003780718336483968,0.022245310673667418,0.0019011406844107182,0.03125,-0.030323102966070548,-0.1353568498769483,0.41,6,左侧观察,,50,0,0
68,Glock-18 | Trace Lock (Factory New),33.89,32.0,307,9,0.0293,0.9442,steamdt-live,33.72,247,35.66,107,,3,9,9,2,10,10,4,3,0.0,0.002080237741456159,-0.035540269418171455,0.002080237741456159,0.03353396388650043,0.025547445255474255,0.08493894165535965,-0.055462184873949716,-0.16119402985074638,0.16,13,左侧观察,,50,0,0
69,P250 | Kintsugi (Factory New),119.5,238.0,109,31,0.2844,1.9916,steamdt-live,119.4,123,127.39,68,"溢价求购:买一高于卖一,多为定向收特定图案,买一价不可作退出价",17,0,7,2,6,8,4,5,-0.004166666666666652,0.0,-0.020408163265306145,-0.004166666666666652,0.024489795918367308,0.0008375209380233617,0.036212597790144296,-0.028455284552845517,-0.024330502939255427,0.41,3,左侧观察,买一异常溢价(不作为可成交退出价),49,0,0
70,★ Specialist Gloves | Cloud Chaser (Field-Tested),2755.0,3800.0,150,28,0.1867,1.3793,steamdt-live,2729.5,151,2772.79,65,"溢价求购:买一高于卖一,多为定向收特定图案,买一价不可作退出价",14,0,7,5,4,10,6,3,0.0005498533724339616,0.0,-0.008000000000000007,0.0005498533724339616,0.011050724637681197,0.011300481659874073,0.021684587813620038,-0.00997461008342404,-0.04228070175438592,0.41,3,左侧观察,买一异常溢价(不作为可成交退出价),49,0,0
71,★ Moto Gloves | Polygon (Field-Tested),652.48,872.0,312,32,0.1026,1.3364,steamdt-live,665.0,280,656.89,191,"溢价求购:买一高于卖一,多为定向收特定图案,买一价不可作退出价",11,0,9,5,6,11,4,3,-0.007581501137225222,-0.0030863254392665684,-0.021658507639816138,-0.010644427596664063,0.03207239282005636,0.003969841514079198,0.03609046992953269,-0.030634378249888572,-0.0881419886800362,0.41,13,左侧观察,买一异常溢价(不作为可成交退出价),49,0,0
72,USP-S | Whiteout (Factory New),2650.0,2410.0,155,13,0.0839,0.9094,steamdt-live,2700.0,53,2707.93,57,,7,6,7,2,8,8,6,5,0.003413714324427053,-0.006001500375093727,-0.01201454686082315,-0.002608273458465149,0.014869888475836479,0.011450381679389388,0.07572433565506731,-0.04521019787568281,-0.18436441982148355,0.41,2,左侧观察,,49,0,0
73,USP-S | Stainless (Factory New),264.0,246.0,324,14,0.0432,0.9318,steamdt-live,287.88,228,280.06,100,,3,9,9,2,10,7,4,5,0.0,-0.011257035647279534,-0.036131505660240926,-0.011257035647279534,0.04694733796296302,0.0,0.09447060036427368,-0.0951546993578517,-0.25009960726279246,0.2,8,左侧观察,,49,0,0
74,P250 | Vino Primo (Factory New),113.8,105.0,384,11,0.0286,0.9227,steamdt-live,119.89,117,119.0,76,,3,6,9,2,8,10,6,5,0.007105886481270307,-0.008710801393728262,-0.050004167013917855,-0.0016668128783225988,0.05158763230269192,0.005300353356890497,0.07313894771135365,0.034639512682971274,-0.1783393501805054,0.36,12,左侧观察,,49,0,0
75,AK-47 | Crane Flight (Factory New),308.0,390.0,229,40,0.1747,1.2662,steamdt-live,315.0,181,314.9,145,"溢价求购:买一高于卖一,多为定向收特定图案,买一价不可作退出价",14,0,7,2,4,10,6,5,-0.0016420361247947435,0.013157894736842035,-0.020868838226309583,0.011494252873563315,0.014399999999999968,0.030100334448160515,0.021911718005716008,-0.019108280254777066,-0.09278350515463918,0.41,9,左侧观察,买一异常溢价(不作为可成交退出价),48,0,0
76,★ Moto Gloves | Spearmint (Minimal Wear),17650.0,26530.0,187,32,0.1711,1.5031,steamdt-live,17700.0,152,17979.5,58,"溢价求购:买一高于卖一,多为定向收特定图案,买一价不可作退出价",14,0,7,5,6,9,2,5,0.0,-0.0021483491632745544,-0.025776602775941848,-0.0021483491632745544,0.02786957479621066,0.014367816091954033,0.04023926046764548,-0.03551912568306015,-0.1431830869681303,0.41,6,左侧观察,买一异常溢价(不作为可成交退出价),48,0,0
77,AWP | Corticera (Factory New),862.5,1000.0,179,20,0.1117,1.1594,steamdt-live,920.18,51,865.16,58,"溢价求购:买一高于卖一,多为定向收特定图案,买一价不可作退出价",11,0,7,2,10,9,4,5,-0.001175115207373234,-0.005178896860365878,-0.0461538461538461,-0.00634792626728109,0.05220879120879118,0.0,0.08245744680851064,-0.08245744680851064,-0.17026782622080272,0.41,7,左侧观察,买一异常溢价(不作为可成交退出价),48,0,0
78,Tec-9 | Whiteout (Factory New),1144.5,1070.0,167,15,0.0898,0.9349,steamdt-live,1200.0,64,1166.0,109,,7,9,7,2,8,6,4,5,-0.0005181347150258198,-0.011145671332296603,-0.0268825788452004,-0.011658031088082943,0.038227211993378085,0.0,0.05569306930693074,-0.038235294117647034,-0.2277275825073044,0.17,2,左侧观察,,48,0,0
79,Glock-18 | Royal Legion (Factory New),219.8,204.0,425,38,0.0894,0.9281,steamdt-live,264.76,64,221.09,122,,7,6,9,2,10,7,2,5,-0.0022321428571429047,-0.01655480984340041,-0.06079664570230603,-0.018749999999999933,0.07840670859538779,0.0,0.15135135135135136,-0.15135135135135136,-0.26488294314381267,0.41,10,左侧观察,,48,0,0
80,★ Specialist Gloves | Field Agent (Minimal Wear),1789.0,2530.0,340,26,0.0765,1.4142,steamdt-live,1815.0,263,1768.38,74,"溢价求购:买一高于卖一,多为定向收特定图案,买一价不可作退出价",7,0,9,5,6,10,6,5,0.014285714285714235,-0.003729577464788636,-0.02777777777777779,0.010502857142857147,0.020830564784053096,0.010502857142857147,0.037092295126599506,-0.034990450204638424,-0.06657165479018201,0.41,8,左侧观察,买一异常溢价(不作为可成交退出价),48,0,0
81,★ Specialist Gloves | Crimson Web (Field-Tested),769.48,1220.0,566,39,0.0689,1.5855,steamdt-live,768.0,500,782.43,216,"溢价求购:买一高于卖一,多为定向收特定图案,买一价不可作退出价",7,0,12,5,6,9,4,5,-0.0011689829848031685,-0.0013003901170350884,-0.01787194958604943,-0.0024678529679178496,0.025998731769181993,0.010526315789473717,0.033354310887350525,-0.0309148264984227,-0.07440885096536265,0.41,10,左侧观察,买一异常溢价(不作为可成交退出价),48,0,0
82,Glock-18 | Mirror Mosaic (Factory New),150.49,141.0,367,23,0.0627,0.9369,steamdt-live,153.0,220,159.2,149,,7,9,9,2,6,6,4,5,0.0,-0.006556725610967651,-0.01635179153094457,-0.006556725610967651,0.03219562552422739,0.0,0.032258064516129004,-0.03219562552422739,-0.06826510963413879,0.16,3,左侧观察,,48,0,0
83,AWP | Duality (Factory New),61.0,58.0,1030,13,0.0126,0.9508,steamdt-live,61.0,675,63.8,511,,3,9,15,2,8,6,2,3,0.008130081300812941,-0.01629032258064511,-0.020544672718585733,-0.008292682926829276,0.03113582208101673,0.01649999999999996,0.058796296296296235,-0.058796296296296235,-0.2553113553113553,0.41,13,左侧观察,,48,0,0
84,★ Broken Fang Gloves | Yellow-banded (Field-Tested),266.5,282.0,147,18,0.1224,1.0582,steamdt-live,279.5,127,280.69,107,"溢价求购:买一高于卖一,多为定向收特定图案,买一价不可作退出价",11,0,7,5,8,10,6,0,0.05714285714285716,-0.03963963963963968,-0.016853932584269704,0.015238095238095273,0.03963963963963968,0.026974951830443183,0.051601423487544484,-0.034105324199920406,-0.0900710188473095,0.41,8,左侧观察,买一异常溢价(不作为可成交退出价),47,0,0
85,USP-S | Serum (Factory New),586.88,524.0,161,14,0.087,0.8929,steamdt-live,668.49,47,609.89,81,,7,6,7,2,8,8,4,5,0.0,-0.005271275784335394,-0.03280327868852462,-0.005271275784335394,0.03790163934426227,0.0,0.07862346144184884,-0.07862346144184884,-0.24758974358974362,0.41,4,左侧观察,,47,0,0
86,USP-S | Sleeping Potion (Factory New),48.0,43.9,225,17,0.0756,0.9146,steamdt-live,46.5,183,48.96,114,,7,6,7,2,4,10,6,5,0.06469248291571761,-0.007274283269148585,-0.06892895015906686,0.056947608200455635,0.021097046413502074,0.05936073059360725,0.027253668763102867,-0.027253668763102867,-0.11348872755063055,0.41,14,左侧观察,,47,0,0
87,★ Specialist Gloves | Lt. Commander (Field-Tested),658.0,820.0,496,33,0.0665,1.2462,steamdt-live,669.0,452,664.5,209,"溢价求购:买一高于卖一,多为定向收特定图案,买一价不可作退出价",7,0,9,5,6,9,6,5,0.0015174506828528056,-0.00303030303030305,-0.0208023774145617,-0.0015174506828528056,0.03221061920870716,0.02094647013188511,0.032352941176470584,-0.032352941176470584,-0.125,0.32,11,左侧观察,买一异常溢价(不作为可成交退出价),47,0,0
88,★ Hand Wraps | Arboreal (Minimal Wear),433.5,487.0,123,20,0.1626,1.1234,steamdt-live,444.0,94,441.4,107,"溢价求购:买一高于卖一,多为定向收特定图案,买一价不可作退出价",14,0,7,5,6,7,2,5,0.005724137931034434,-0.010263091727810925,-0.015837104072398245,-0.0045977011494252595,0.026966292134831482,0.011682242990654235,0.042035398230088505,-0.042035398230088505,-0.13226452905811625,0.15,10,左侧观察,买一异常溢价(不作为可成交退出价),46,0,0
89,★ Sport Gloves | Red Racer (Field-Tested),807.5,1340.0,225,35,0.1556,1.6594,steamdt-live,810.0,194,818.88,86,"溢价求购:买一高于卖一,多为定向收特定图案,买一价不可作退出价",14,0,7,5,6,10,4,0,-0.014634146341463428,-0.0006188118811880639,0.0,-0.015243902439024404,0.015243902439024404,0.009374999999999911,0.04199786451536358,-0.03754469606674615,-0.10821765011209405,0.41,14,左侧观察,买一异常溢价(不作为可成交退出价),46,0,0
90,★ Sport Gloves | Big Game (Minimal Wear),1259.0,1610.0,225,17,0.0756,1.2788,steamdt-live,1294.5,182,1268.0,74,"溢价求购:买一高于卖一,多为定向收特定图案,买一价不可作退出价",7,0,7,5,6,10,6,5,-0.00040355125100888234,0.01671376665320956,-0.03541483390294986,0.016303470540758758,0.01968874806343368,0.017124394184168112,0.03618884330414551,-0.013158410332369308,-0.07953216374269001,0.41,2,左侧观察,买一异常溢价(不作为可成交退出价),46,0,0
91,★ Hand Wraps | Cobalt Skulls (Minimal Wear),2338.5,3200.0,386,24,0.0622,1.3684,steamdt-live,2398.0,318,2349.12,99,"溢价求购:买一高于卖一,多为定向收特定图案,买一价不可作退出价",7,0,9,5,4,10,6,5,-0.005368796317567259,0.00021385799828910201,-0.00397457627118647,-0.005156086479311761,0.01778363938777916,0.01673913043478259,0.02926525529265256,-0.02906373261365991,-0.0964064914992272,0.33,3,左侧观察,买一异常溢价(不作为可成交退出价),46,0,0
92,AWP | Exothermic (Factory New),54.64,51.0,429,13,0.0303,0.9334,steamdt-live,53.38,275,54.38,334,,3,9,9,2,6,10,2,5,-0.026987332476592574,0.007169811320754782,-0.013224637681159446,-0.02001101523774551,0.034894232507683975,0.03189638507635806,0.04165170556552966,-0.01766654398233347,-0.17623456790123448,0.37,13,左侧观察,,46,0,0
93,FAMAS | Afterimage (Factory New),274.99,251.0,82,9,0.1098,0.9128,steamdt-live,288.0,33,281.82,54,,11,6,4,2,6,10,6,0,-0.012035639864913295,0.0,-0.003579866828953948,-0.012035639864913295,0.017331332189822635,0.0,0.03410607657182996,-0.03410607657182996,-0.23594787585785337,0.24,2,左侧观察,,45,0,0
94,★ Specialist Gloves | Crimson Web (Minimal Wear),1793.0,3510.0,291,31,0.1065,1.9576,steamdt-live,1795.0,216,1817.0,75,"溢价求购:买一高于卖一,多为定向收特定图案,买一价不可作退出价",11,0,9,5,4,9,4,3,-0.003507209263486022,0.0016759776536312554,-0.014910967430586397,-0.001837109614206911,0.016720683963169503,0.007303370786516883,0.023356646403904446,0.0002789400278939702,-0.09854198089492205,0.41,7,左侧观察,买一异常溢价(不作为可成交退出价),45,0,0
95,★ Specialist Gloves | Mogul (Field-Tested),628.4,690.0,342,26,0.076,1.098,steamdt-live,639.3,270,631.3,215,"溢价求购:买一高于卖一,多为定向收特定图案,买一价不可作退出价",7,0,9,5,6,14,4,0,-0.008675078864353258,-0.0007955449482895949,-0.01705426356589146,-0.009463722397476393,0.02560124127230412,0.0047999999999999154,0.046288421819948966,-0.046288421819948966,-0.11860886163001216,0.17,12,左侧观察,买一异常溢价(不作为可成交退出价),45,0,0
96,M4A1-S | Electrum (Factory New),35.0,46.0,460,32,0.0696,1.3143,steamdt-live,36.9,469,34.98,193,"溢价求购:买一高于卖一,多为定向收特定图案,买一价不可作退出价",7,0,9,2,8,8,6,5,0.008547008547008517,-0.011864406779661052,-0.0179071068830442,-0.0034188034188035177,0.032365145228215764,0.008069164265129602,0.059677419354838834,-0.05714285714285727,-0.08309305373525566,0.26,14,左侧观察,买一异常溢价(不作为可成交退出价),45,0,0
97,★ Specialist Gloves | Big Swell (Field-Tested),1125.5,1680.0,119,31,0.2605,1.4927,steamdt-live,1163.5,130,1157.5,102,"溢价求购:买一高于卖一,多为定向收特定图案,买一价不可作退出价",17,0,7,5,4,7,4,0,-0.00833421246966981,-0.002216312056737557,0.006619469026548641,-0.010532053310827405,0.01357592967510668,0.004910714285714324,0.017030567685589526,-0.011852502194907855,-0.04860524091293317,0.16,7,左侧观察,买一异常溢价(不作为可成交退出价),44,0,0
98,★ Sport Gloves | Hedge Maze (Field-Tested),23999.5,35290.0,586,83,0.1416,1.4704,steamdt-live,24100.0,383,24500.0,120,"溢价求购:买一高于卖一,多为定向收特定图案,买一价不可作退出价",11,0,12,5,8,4,4,0,-0.003281378178835115,-0.01236625514403289,-0.024721977758220604,-0.015607054963084455,0.03807691536904545,0.0,0.05127191508706741,-0.05136566662713937,-0.18089045888155086,0.4,6,左侧观察,买一异常溢价(不作为可成交退出价),44,0,0
99,AK-47 | Case Hardened (Factory New),2750.0,11950.0,500,42,0.084,4.3455,steamdt-live,2900.0,333,2819.49,216,"溢价求购:买一高于卖一,多为定向收特定图案,买一价不可作退出价",7,0,9,2,10,7,4,5,-0.0035941845446465503,-0.007040982126737649,-0.04122456019317011,-0.010609860082245182,0.06732236730540953,0.0,0.08180300500834725,-0.08180300500834725,-0.2173893246212164,0.41,5,左侧观察,买一异常溢价(不作为可成交退出价),44,0,0
100,M4A1-S | Fade (Factory New),1146.0,1520.0,1830,77,0.0421,1.3264,steamdt-live,1179.5,1442,1176.0,971,"溢价求购:买一高于卖一,多为定向收特定图案,买一价不可作退出价",3,0,15,2,6,7,6,5,-0.001313043478260889,-0.0026034184015533146,-0.011585931859593668,-0.003913043478260825,0.015453639082751769,0.009251101321585908,0.03210815378115761,-0.012499999999999956,-0.12658594607783336,0.41,11,左侧观察,买一异常溢价(不作为可成交退出价),44,0,0
101,★ Specialist Gloves | Cloud Chaser (Minimal Wear),4990.0,5320.0,45,29,0.6444,1.0661,steamdt-live,5100.0,55,5268.7,31,"溢价求购:买一高于卖一,多为定向收特定图案,买一价不可作退出价",20,0,4,5,6,4,4,0,-0.01922703437560691,-0.011881188118811892,-0.003965567269561876,-0.03087978248203538,0.0347228938968952,0.0,0.04038461538461535,-0.03658654310261611,-0.003669849332518682,0.41,4,左侧观察,买一异常溢价(不作为可成交退出价),43,0,0
102,AWP | BOOM (Factory New),2200.0,2600.0,40,4,0.1,1.1818,steamdt-live,2250.0,23,2300.0,36,"溢价求购:买一高于卖一,多为定向收特定图案,买一价不可作退出价",8,0,4,2,8,10,6,5,0.0,0.0,-0.03487606931344589,0.0,0.03487606931344589,0.0,0.06343124733929328,-0.06303236797274281,-0.11021233569261879,0.37,3,左侧观察,买一异常溢价(不作为可成交退出价),43,0,0
103,★ Driver Gloves | Rezan the Red (Minimal Wear),780.0,820.0,149,13,0.0872,1.0513,steamdt-live,828.0,80,791.95,84,"溢价求购:买一高于卖一,多为定向收特定图案,买一价不可作退出价",7,0,7,5,6,7,6,5,-0.0012755102040816757,-0.003831417624521105,-0.020000000000000018,-0.005102040816326481,0.025000000000000022,0.0,0.03703703703703709,-0.031043863898930435,-0.09722222222222221,0.41,4,左侧观察,买一异常溢价(不作为可成交退出价),43,0,0
104,★ Driver Gloves | Brocade Crane (Field-Tested),1046.5,1420.0,79,28,0.3544,1.3569,steamdt-live,1000.0,81,1053.0,55,"溢价求购:买一高于卖一,多为定向收特定图案,买一价不可作退出价",20,0,4,5,4,9,0,0,-0.006169909824394915,-0.00047755491881562584,-0.003688292037072105,-0.006644518272425293,0.01030830338566302,0.046499999999999986,0.018292682926829285,0.0014354066985646785,-0.07174156007734755,0.41,8,左侧观察,买一异常溢价(不作为可成交退出价),42,0,0
105,Desert Eagle | Ocean Drive (Factory New),1549.5,1430.0,238,28,0.1176,0.9229,steamdt-live,1560.0,52,1563.11,75,,11,6,7,2,8,4,4,0,-0.01909200240529163,-0.010536398467432928,-0.0021999999999999797,-0.029427239927841242,0.03156250000000005,0.0,0.07001728525471751,-0.07001728525471751,-0.22524999999999995,0.41,6,左侧观察,,42,0,0
106,★ Sport Gloves | Vice (Field-Tested),2616.3,5290.0,1495,76,0.0508,2.0219,steamdt-live,2653.0,1371,2636.7,306,"溢价求购:买一高于卖一,多为定向收特定图案,买一价不可作退出价",3,0,15,5,4,8,4,3,-0.0007629219912264062,-0.0012216071769420855,-0.008134695421869065,-0.0019835971771885452,0.010476550680786567,0.006269230769230916,0.0177210437394405,-0.016428571428571348,-0.06793729960812245,0.41,5,左侧观察,买一异常溢价(不作为可成交退出价),42,0,0
107,AK-47 | Nightwish (Factory New),733.79,1098.0,883,29,0.0328,1.4963,steamdt-live,739.99,211,750.0,130,"溢价求购:买一高于卖一,多为定向收特定图案,买一价不可作退出价",3,0,12,2,6,10,6,3,0.026666666666666616,-0.01822198420136567,-0.023489932885906062,0.007958762886597803,0.018340272292801885,0.012831491712707033,0.04518287998541659,-0.04579169269206751,-0.07412878787878796,0.2,13,左侧观察,买一异常溢价(不作为可成交退出价),42,0,0
108,★ Driver Gloves | Seigaiha (Minimal Wear),976.9,1270.0,24,16,0.6667,1.3,steamdt-live,940.0,35,953.78,28,"溢价求购:买一高于卖一,多为定向收特定图案,买一价不可作退出价",20,0,2,5,4,8,2,0,0.00849707912904929,-0.010005265929436513,-0.008947368421052593,-0.0015932023366967973,0.010526315789473717,0.021739130434782705,0.02892561983471076,-0.015706806282722474,-0.062334786381909035,0.16,7,左侧观察,买一异常溢价(不作为可成交退出价),41,0,0
109,M4A4 | Zirka (Factory New),577.4,443.0,10,4,0.4,0.7672,steamdt-live,575.0,10,515.35,25,,8,1,2,2,10,8,4,5,-0.0038396559668253394,-0.006803114400246613,-0.04754242246928031,-0.010616648748272062,0.057654330017554045,0.0,0.10355204564430831,-0.10355204564430831,-0.12084818915368745,0.41,3,左侧观察,,40,0,0
110,AWP | The End (Factory New),287.5,250.0,65,13,0.2,0.8696,steamdt-live,287.5,73,300.99,140,,17,3,4,2,8,4,2,0,-0.021848739495798353,-0.012027491408934665,-0.017081309677206225,-0.03361344537815125,0.05012059338553543,0.012323943661971759,0.06897668393782386,-0.008620689655172376,-0.1785714285714286,0.41,12,左侧观察,,40,0,0
111,★ Sport Gloves | Frosty (Minimal Wear),2330.0,3100.0,53,16,0.3019,1.3305,steamdt-live,2339.5,51,2340.0,28,"溢价求购:买一高于卖一,多为定向收特定图案,买一价不可作退出价",20,0,4,5,4,4,2,0,-0.015088013411567514,-0.008510638297872353,-0.004589069670421386,-0.023470243084660503,0.027951606174384636,0.018356643356643332,0.029166666666666674,-0.021008403361344574,-0.06799999999999995,0.41,5,左侧观察,买一异常溢价(不作为可成交退出价),39,0,0
112,★ Moto Gloves | Finish Line (Minimal Wear),964.0,1360.0,197,28,0.1421,1.4108,steamdt-live,981.99,145,987.3,80,"溢价求购:买一高于卖一,多为定向收特定图案,买一价不可作退出价",11,0,7,5,6,4,6,0,0.0,-0.004646360351058365,-0.008192524321556593,-0.004646360351058365,0.01280081925243215,0.004166666666666652,0.03357427142126734,-0.012295081967213073,-0.10325581395348837,0.41,8,左侧观察,买一异常溢价(不作为可成交退出价),39,0,0
113,M4A4 | Global Offensive (Factory New),294.0,252.0,342,18,0.0526,0.8571,steamdt-live,302.9,96,300.0,158,,3,3,9,2,10,5,2,5,0.0003334444814939719,-0.020000000000000018,-0.04338118022328552,-0.019673224408136014,0.06929627401943705,0.0,0.10289271329183458,-0.10289271329183458,-0.2907117008443908,0.3,6,左侧观察,,39,0,0
114,P250 | Black & Tan (Factory New),57.15,54.0,65,6,0.0923,0.9449,steamdt-live,56.54,54,56.34,59,,7,9,4,2,4,6,6,0,-0.007029876977152849,-0.002831858407079557,-0.008710801393728262,-0.009841827768014011,0.01675392670157061,0.0,0.028620689655172393,-0.028620689655172393,-0.27759969226823944,0.35,8,左侧观察,,38,0,0
115,MP9 | Dry Season (Factory New),2300.0,55.0,2,4,2.0,0.0239,steamdt-live,3888.0,1,685.0,2,,8,1,2,2,8,10,6,0,-0.005805515239477477,0.0,-0.005772005772005762,-0.005805515239477477,0.04703607351038519,0.0,0.05522453933576077,-0.017216642754662836,-0.02002861230329045,0.41,3,左侧观察,,37,0,0
116,★ Broken Fang Gloves | Needle Point (Minimal Wear),374.5,415.0,98,15,0.1531,1.1081,steamdt-live,352.0,59,379.51,48,"溢价求购:买一高于卖一,多为定向收特定图案,买一价不可作退出价",14,0,4,5,6,4,4,0,-0.013614893025840402,-0.008450704225352101,-0.0002777777777778212,-0.021950541817171376,0.022222222222222254,0.0,0.04583773820172954,-0.04583773820172954,-0.09743589743589742,0.41,3,左侧观察,买一异常溢价(不作为可成交退出价),37,0,0
117,★ Moto Gloves | Transport (Field-Tested),209.0,232.0,269,16,0.0595,1.11,steamdt-live,215.0,193,210.65,220,"溢价求购:买一高于卖一,多为定向收特定图案,买一价不可作退出价",3,0,9,5,6,8,6,0,-0.0014285714285714457,-0.0033381020505482972,-0.020979020979020935,-0.004761904761904745,0.02564102564102566,0.04499999999999993,0.03686635944700456,-0.017857142857142905,-0.08417685465141755,0.41,10,左侧观察,买一异常溢价(不作为可成交退出价),37,0,0
118,Glock-18 | Gamma Doppler (Factory New),599.5,2350.0,1692,87,0.0514,3.9199,steamdt-live,618.0,623,620.0,453,"溢价求购:买一高于卖一,多为定向收特定图案,买一价不可作退出价",3,0,15,2,8,4,2,3,-0.009430873010675245,-0.009090909090909038,-0.030539682539682533,-0.018436046892396307,0.04841269841269846,0.007579959327047581,0.07755039236805661,-0.0769538707889389,-0.2580445544554455,0.41,16,左侧观察,买一异常溢价(不作为可成交退出价),37,0,0
119,USP-S | Overgrowth (Factory New),498.5,434.0,27,4,0.1481,0.8706,steamdt-live,568.9,16,508.46,31,,8,3,2,2,10,9,2,0,-0.038461538461538436,-0.0030000000000000027,-0.03703703703703709,-0.04134615384615381,0.07685185185185184,0.007070707070707005,0.12374758305501843,-0.12374758305501843,-0.1192579505300353,0.41,23,左侧观察,,36,0,0
120,P250 | Bengal Tiger (Factory New),299.9,205.0,26,3,0.1154,0.6836,steamdt-live,288.0,25,300.2,28,,8,1,2,2,8,8,6,0,-0.020642978003384216,-0.004837595024187902,-0.008389261744966459,-0.025380710659898442,0.03355704697986572,0.0,0.052319842053306975,-0.052319842053306975,-0.1165644171779141,0.41,7,左侧观察,,35,0,0
121,FAMAS | Cyanospatter (Factory New),34.58,34.1,286,29,0.1014,0.9861,steamdt-live,36.25,68,36.66,88,,11,12,9,2,10,20,6,5,-0.019607843137254943,0.017058823529411793,-0.062195781503515346,-0.0028835063437140374,0.06489994591671167,0.017058823529411793,0.1920560747663551,-0.1920560747663551,-0.55085075983894,0.41,3,长期阴跌,,75,0,0
122,AWP | Capillary (Factory New),36.8,35.1,780,27,0.0346,0.9538,steamdt-live,38.57,173,38.0,218,,3,9,12,2,10,18,6,5,-0.024324324324324298,0.01939058171745134,-0.028361344537815136,-0.005405405405405461,0.03361344537815125,0.05142857142857138,0.09135802469135812,-0.09135802469135812,-0.3936398088647224,0.41,6,长期阴跌,,65,0,0
123,Glock-18 | Bunsen Burner (Factory New),26.26,25.7,542,34,0.0627,0.9787,steamdt-live,25.55,203,27.0,171,,7,12,12,2,10,10,6,5,0.03855421686746996,-0.011987625676720737,-0.07777777777777783,0.026104417670682833,0.0537037037037037,0.026104417670682833,0.14261744966442957,-0.14261744966442957,-0.40429004429937043,0.31,4,长期阴跌,,64,0,0
124,M4A4 | Falak (Factory New),863.49,847.0,64,40,0.625,0.9809,steamdt-live,863.49,56,869.5,106,,20,12,4,2,4,10,6,5,0.015647058823529347,0.000220085717595353,-0.017681728880157066,0.01587058823529408,0.0023223570190641363,0.01587058823529408,0.023753533069530763,-0.017510922992900024,-0.0852860169491525,0.41,11,回撤不明显,,63,0,0
125,★ Hand Wraps | Constrictor (Minimal Wear),673.5,669.0,102,15,0.1471,0.9933,steamdt-live,677.99,47,672.01,77,,11,15,7,5,4,10,6,5,0.0011611808315841188,-0.0007434833682770092,-0.009963300859261004,0.0004168341446710855,0.009550619758581624,0.010678136890706957,0.027327070879590076,-0.027327070879590076,-0.03998571428571429,0.41,2,回撤不明显,,63,0,0
126,Five-SeveN | Kami (Factory New),25.0,24.6,802,22,0.0274,0.984,steamdt-live,26.66,418,26.84,189,,3,12,12,2,10,12,6,5,-0.03525765207284004,0.004016064257028162,-0.044074074074074154,-0.03138318481208824,0.13733609385783296,0.004016064257028162,0.14763041254688025,-0.14763041254688025,-0.3905411994149196,0.41,7,长期阴跌,,62,0,0
127,★ Broken Fang Gloves | Needle Point (Field-Tested),274.3,284.0,88,14,0.1591,1.0354,steamdt-live,270.0,95,277.2,108,,14,15,4,5,2,10,6,5,0.003776493256262059,0.03654791154791148,-0.013307984790874472,0.040462427745664664,0.0,0.040462427745664664,0.007316445457553611,0.0024132170038981826,-0.041159132071451277,0.41,6,回撤不明显,,61,0,0
128,AK-47 | Hydroponic (Factory New),24588.0,25250.0,221,33,0.1493,1.0269,steamdt-live,24699.0,122,25286.58,83,,11,15,7,2,4,10,6,5,0.008723365135140604,-0.004050550874919012,-0.012996848784398551,0.004637479825941204,0.008419641582495752,0.004637479825941204,0.01648000000000005,-0.01648000000000005,-0.11394594594594598,0.41,2,回撤不明显,,60,0,0
129,USP-S | 27 (Factory New),27.46,26.5,521,20,0.0384,0.965,steamdt-live,27.1,93,27.82,232,,3,12,12,2,10,10,6,5,0.002950940612320263,-0.0033100404560499896,-0.06484994825801993,-0.00036886757653997737,0.06519489479130725,0.05611847233047551,0.0893817204301075,-0.07508532423208192,-0.47683397683397677,0.41,2,长期阴跌,,60,0,0
130,M4A4 | Polysoup (Factory New),130.0,123.0,1257,24,0.0191,0.9462,steamdt-live,139.49,286,135.5,445,,3,9,15,2,10,10,6,5,0.01538461538461533,-0.015151515151515138,-0.040590405904059046,0.0,0.040590405904059046,0.0038610038610038533,0.09344490934449101,-0.09659485753995833,-0.31034482758620685,0.35,5,长期阴跌,,60,0,0
131,★ Driver Gloves | Convoy (Field-Tested),2930.0,2830.0,180,78,0.4333,0.9659,steamdt-live,3232.75,17,3063.6,41,,20,12,7,5,10,0,0,5,0.012074098577572023,-0.04232717764340577,-0.017868745938921404,-0.03076414158121077,0.06984126984126982,0.010344827586206806,0.11212121212121207,-0.11212121212121207,-0.2818627450980392,0.41,10,可能加速下跌,,59,0,0
132,M4A1-S | Player Two (Factory New),974.0,971.0,437,81,0.1854,0.9969,steamdt-live,1000.0,134,979.0,157,,14,15,9,2,8,0,6,5,-0.002049180327868827,0.0,-0.004081632653061273,-0.002049180327868827,0.01466868993424375,0.0,0.07061068702290074,-0.07061068702290074,-0.11050228310502286,0.41,10,暂未减速,,59,0,0
133,★ Specialist Gloves | Forest DDPAT (Field-Tested),1719.5,1600.0,294,41,0.1395,0.9305,steamdt-live,1739.0,34,1695.5,76,,11,9,9,5,10,6,4,5,-0.013540766349755096,-0.00963785046728971,-0.04611934638151938,-0.023048112935753373,0.0680840071013592,0.005634638196915676,0.11951351239068575,-0.11951351239068575,-0.307817922024903,0.34,2,长期阴跌,,59,0,0
134,Galil AR | Black Sand (Factory New),78.28,75.0,602,30,0.0498,0.9581,steamdt-live,74.97,215,75.51,121,,3,9,12,2,10,20,0,3,-0.007601013468462425,0.007256113947863296,-0.07659155276443785,-0.0004000533404454609,0.07650609831218436,0.07085714285714273,0.18246264587195993,-0.17207863927545852,-0.4371949846084541,0.25,11,长期阴跌,,59,0,0
135,M4A4 | Etch Lord (Factory New),19.03,18.6,827,19,0.023,0.9774,steamdt-live,19.6,374,19.88,442,,3,12,12,2,6,15,6,3,-0.018200728029121205,0.007944915254237461,-0.021871820956256394,-0.010400416016640657,0.03596757852076993,0.007944915254237461,0.04707060590886314,-0.04130982367758185,-0.42087644552647596,0.41,7,长期阴跌,,59,0,0
136,★ Specialist Gloves | Lt. Commander (Minimal Wear),1064.5,1750.0,214,24,0.1121,1.644,steamdt-live,1079.5,187,1073.99,87,"溢价求购:买一高于卖一,多为定向收特定图案,买一价不可作退出价",11,0,7,5,4,20,6,5,-0.0060808270676692144,0.006590829574574686,-0.01023255813953483,0.00046992481203012026,0.009306654257794311,0.013809523809523716,0.023394495412843996,-0.018441678192715583,-0.14839999999999998,0.37,6,回撤不明显,买一异常溢价(不作为可成交退出价),58,0,0
137,USP-S | Cortex (Factory New),151.46,141.0,475,30,0.0632,0.9309,steamdt-live,158.8,166,159.49,245,,7,9,9,2,10,10,6,5,0.06387755102040815,-0.03152375471577451,-0.10903691132795934,0.030340136054421762,0.08200496999818174,0.03385665529010251,0.1584152914374618,-0.151484593837535,-0.3471551724137931,0.33,11,长期阴跌,,58,0,0
138,AK-47 | Aquamarine Revenge (Factory New),1184.5,1160.0,371,91,0.2453,0.9793,steamdt-live,1288.0,124,1240.0,100,,17,12,9,2,10,0,2,5,-0.0036519207150932376,-0.03306122448979587,-0.019545454545454533,-0.03659240823430854,0.04089068825910935,0.022001725625539148,0.10906355772846932,-0.10231148162182646,-0.07460937499999998,0.41,14,可能加速下跌,,57,0,0
139,★ Hydra Gloves | Case Hardened (Minimal Wear),508.0,527.0,127,14,0.1102,1.0374,steamdt-live,516.99,114,535.04,83,,11,15,7,5,8,2,4,5,-0.010760346487006744,-0.011500068105310235,-0.034314818945646586,-0.022136669874879722,0.05570942617618091,0.0,0.07129798903107865,-0.070448307410796,-0.1315793972340462,0.38,10,暂未减速,,57,0,0
140,Galil AR | Amber Fade (Factory New),104.0,99.0,516,26,0.0504,0.9519,steamdt-live,105.0,138,103.0,150,,3,9,12,2,10,10,6,5,-0.017163678205005306,0.004878048780487809,-0.00200956937799035,-0.01236935468405409,0.01717557251908397,0.031031031031030887,0.11913110407936378,-0.10814789159234561,-0.485,0.41,7,长期阴跌,,57,0,0
141,M4A1-S | Blood Tiger (Factory New),99.89,95.0,819,27,0.033,0.951,steamdt-live,99.4,239,103.74,217,,3,9,12,2,10,10,6,5,0.026728586171310464,-0.0009046135289977331,-0.0986046511627906,0.02579979360165119,0.07603643799962811,0.02590566621942414,0.12784065982276027,-0.13165021402987676,-0.33733333333333326,0.31,5,长期阴跌,,57,0,0
142,★ Hand Wraps | Badlands (Field-Tested),2519.0,2380.0,321,104,0.324,0.9448,steamdt-live,2597.0,23,2551.1,75,,20,9,9,5,10,0,0,3,-0.003978779840848823,-0.04165874072665021,-0.01822916666666663,-0.045471769609700674,0.06287202380952384,0.007600000000000051,0.11505357456525556,-0.10926449787835923,-0.15696117804551535,0.41,8,可能加速下跌,,56,0,0
143,★ Moto Gloves | Cool Mint (Field-Tested),5757.5,5580.0,320,78,0.2437,0.9692,steamdt-live,6250.0,44,5980.0,100,,17,12,9,5,10,0,0,3,-0.008333333333333304,-0.032352941176470584,-0.031711450012103626,-0.040416666666666656,0.07084644557411446,0.008318739054290702,0.13002417648836506,-0.13002417648836506,-0.34391202780468344,0.41,9,长期阴跌,,56,0,0
144,★ Driver Gloves | Diamondback (Field-Tested),2460.0,2450.0,320,71,0.2219,0.9959,steamdt-live,2780.0,22,2715.17,54,,17,15,9,5,10,0,0,0,-0.00037771482530690736,-0.08180615907802757,-0.03639672429481344,-0.0821529745042493,0.1155595996360328,0.0,0.14703621410444068,-0.14703621410444068,-0.339950129565345,0.41,6,长期阴跌,,56,0,0
145,FAMAS | Roll Cage (Factory New),889.3,858.0,100,18,0.18,0.9648,steamdt-live,888.0,41,897.08,70,,14,12,7,2,2,10,6,3,0.018077803203661258,-0.0020229265003370855,-0.015765765765765716,0.016018306636155666,0.0021350713563321744,0.020689655172413834,0.008928571428571397,-0.0011248593925758943,-0.12079207920792079,0.41,5,回撤不明显,,56,0,0
146,M4A1-S | Golden Coil (Factory New),1480.0,1460.0,351,56,0.1595,0.9865,steamdt-live,1512.22,98,1489.31,134,,14,12,9,2,10,0,4,5,-0.0003355704697987072,-0.006377979187646821,-0.006004002668445585,-0.006711409395973145,0.018242122719734688,0.006802721088435382,0.0864197530864198,-0.07960199004975121,-0.14376131768190736,0.41,4,可能加速下跌,,56,0,0
147,M4A4 | Urban DDPAT (Factory New),129.48,122.0,501,22,0.0439,0.9422,steamdt-live,133.3,106,127.96,151,,3,9,12,2,10,9,6,5,0.0075968992248061085,-0.015540852438836739,-0.06528512426635746,-0.008062015503875974,0.07282081008622565,0.0,0.14897579143389206,-0.1383164983164984,-0.38183574879227056,0.41,9,长期阴跌,,56,0,0
148,Galil AR | Rocket Pop (Factory New),53.79,52.0,583,19,0.0326,0.9667,steamdt-live,55.96,251,54.92,239,,3,12,12,2,6,10,6,5,0.016603773584905612,-0.0016703786191537562,-0.01266766020864385,0.01490566037735852,0.0033351862145636346,0.01490566037735852,0.03063615065777625,-0.03063615065777625,-0.2711382113821138,0.41,7,回撤不明显,,56,0,0
149,USP-S | Guardian (Factory New),30.79,29.0,1208,21,0.0174,0.9419,steamdt-live,31.21,654,31.2,517,,3,9,15,2,10,11,6,0,-0.011200000000000099,-0.0035598705501618255,-0.0234375,-0.014720000000000066,0.03781250000000003,0.002931596091205302,0.11522988505747123,-0.11522988505747123,-0.3335497835497836,0.41,8,长期阴跌,,56,0,0
150,★ Driver Gloves | Convoy (Minimal Wear),2988.0,2950.0,124,25,0.2016,0.9873,steamdt-live,3486.0,33,3138.71,41,,17,12,7,5,10,0,4,0,0.009584664536741228,-0.0544303797468354,-0.011991830782294044,-0.04536741214057505,0.0568152045934488,0.0,0.1093889716840537,-0.1093889716840537,-0.28431137724550903,0.41,9,可能加速下跌,,55,0,0
151,★ Specialist Gloves | Emerald Web (Field-Tested),7515.0,7370.0,372,74,0.1989,0.9807,steamdt-live,8076.5,84,8011.26,91,,14,12,9,5,10,0,0,5,-0.0023974763406939825,-0.04945610928408806,-0.025513711052826404,-0.05173501577287065,0.07592877458195457,0.0,0.09326737451737455,-0.08353658536585362,-0.32294247488625616,0.41,10,长期阴跌,,55,0,0
152,AK-47 | Leet Museo (Factory New),3363.28,3270.0,585,98,0.1675,0.9723,steamdt-live,3320.0,60,3366.0,84,,14,12,12,2,10,0,2,3,0.011470588235294121,-0.034603082291363774,-0.013025164955426494,-0.02352941176470591,0.03598785112400338,0.007587253414264028,0.1146666666666667,-0.10512129380053903,-0.17268669994193853,0.41,10,可能加速下跌,,55,0,0
153,★ Hand Wraps | Leather (Minimal Wear),3650.0,3530.0,199,31,0.1558,0.9671,steamdt-live,3700.0,27,3715.08,48,,14,12,7,5,10,0,2,5,-0.002666666666666706,-0.024064171122994638,-0.02584751266398233,-0.026666666666666616,0.06661552231172485,0.0,0.10042464885753921,-0.10042464885753921,-0.27722772277227725,0.41,5,可能加速下跌,,55,0,0
154,M4A4 | Griffin (Factory New),475.0,445.0,443,44,0.0993,0.9368,steamdt-live,457.49,51,470.58,155,,7,9,9,2,10,15,3,0,-0.013948497854077258,-0.0043743199129487875,-0.08153812799337767,-0.018261802575107233,0.09740362230201638,0.07392018779342724,0.16616848321364774,-0.1678368742724098,-0.42016476552598225,0.3,8,长期阴跌,,55,0,0
155,FAMAS | Mecha Industries (Factory New),639.99,633.0,1361,117,0.086,0.9891,steamdt-live,655.0,180,658.47,199,,7,12,15,2,10,2,4,3,-0.001536098310291889,-0.01539999999999997,-0.02103791034451652,-0.0169124423963134,0.03105223315669947,0.015857142857142792,0.09860563380281684,-0.09860563380281684,-0.3398626067582622,0.35,15,长期阴跌,,55,0,0
156,M4A4 | Dark Blossom (Factory New),313.0,304.0,247,19,0.0769,0.9712,steamdt-live,343.66,99,319.55,136,,7,12,7,2,10,8,4,5,-0.0015847860538826808,-0.006349206349206327,-0.04094598291637541,-0.007923930269413626,0.04851653696498048,0.009709990644859445,0.1026118868086815,-0.09795671344995538,-0.3453389387379473,0.3,3,长期阴跌,,55,0,0
157,USP-S | Caiman (Factory New),414.5,385.0,252,14,0.0556,0.9288,steamdt-live,435.0,55,418.0,109,,3,6,9,2,10,14,6,5,-0.0223792697290931,-0.001204819277108471,-0.07294169032539854,-0.02355712603062421,0.09478051976414059,0.00363196125907983,0.13369699249691736,-0.12718467045693826,-0.3148760330578513,0.41,7,长期阴跌,,55,0,0
158,Tec-9 | Bamboozle (Factory New),38.0,36.3,736,33,0.0448,0.9553,steamdt-live,35.0,206,37.15,176,,3,9,12,2,10,17,2,0,-0.012241566920565772,-0.0005508124483614152,-0.0574358974358975,-0.012785636561479796,0.06948717948717953,0.03685714285714292,0.16727856815052777,-0.164402486760304,-0.4542036396450594,0.41,9,长期阴跌,,55,0,0
159,★ Sport Gloves | Frosty (Field-Tested),1117.5,1730.0,186,50,0.2688,1.5481,steamdt-live,1135.0,182,1126.0,108,"溢价求购:买一高于卖一,多为定向收特定图案,买一价不可作退出价",17,0,7,5,4,10,6,5,-0.005782918149466187,0.0017897091722594016,0.006266786034019756,-0.0040035587188611554,0.004888888888888943,0.004035874439461962,0.016256590509666102,-0.00044642857142862535,-0.07029855084499448,0.41,3,回撤不明显,买一异常溢价(不作为可成交退出价),54,0,0
160,USP-S | Kill Confirmed (Factory New),1508.9,1510.0,258,26,0.1008,1.0007,steamdt-live,1553.0,116,1523.0,90,,11,15,9,2,6,0,6,5,0.013189841853139983,-0.02273316062176156,-0.003986928104575127,-0.009843165562044787,0.02273316062176156,0.019527027027027133,0.0464062490125321,-0.0464062490125321,-0.12678892817666765,0.41,5,可能加速下跌,,54,0,0
161,Tec-9 | Avalanche (Factory New),63.0,60.0,484,31,0.064,0.9524,steamdt-live,64.31,156,66.83,158,,7,9,9,2,10,8,4,5,-0.003438037193311483,-0.01207464324917673,-0.08086756679115203,-0.015471167369901617,0.09508761850043101,0.0,0.12341728120217066,-0.12341728120217066,-0.37623762376237624,0.41,5,长期阴跌,,54,0,0
162,Glock-18 | Wraiths (Factory New),34.6,31.4,427,26,0.0609,0.9075,steamdt-live,33.64,155,33.01,181,,7,6,9,2,10,11,4,5,-0.010143198090692196,-0.005123568414707735,-0.04064109902690316,-0.01521479713603835,0.05523755008586151,0.0,0.10493492407809124,-0.10493492407809124,-0.43841442667574004,0.41,8,长期阴跌,,54,0,0
163,Tec-9 | Remote Control (Factory New),165.47,154.0,581,26,0.0448,0.9307,steamdt-live,168.0,74,166.02,133,,3,9,12,2,10,15,0,3,-0.011904761904761862,-0.0031927710843373536,-0.0561797752808989,-0.0150595238095238,0.07553494608637357,0.03418750000000004,0.11984042553191487,-0.09217095517638674,-0.3099666388657215,0.36,4,长期阴跌,,54,0,0
164,M4A1-S | Boreal Forest (Factory New),59.0,53.0,602,25,0.0415,0.8983,steamdt-live,54.69,111,57.67,127,,3,6,12,2,10,10,6,5,-0.001636363636363658,-0.004188672372973934,-0.1228070175438597,-0.0058181818181818334,0.12791068580542264,0.0,0.21807521807521812,-0.21807521807521812,-0.4767464114832536,0.41,10,长期阴跌,,54,0,0
165,Tec-9 | Re-Entry (Factory New),38.88,37.5,882,26,0.0295,0.9645,steamdt-live,37.48,215,38.07,255,,3,12,12,2,10,7,3,5,-0.008447729672650506,-0.0021299254526092604,0.04352617079889831,-0.010559662090813271,0.010559662090813271,0.07085714285714273,0.10761904761904773,-0.12593283582089565,-0.36474576271186443,0.29,7,长期阴跌,,54,0,0
166,M4A1-S | Fizzy POP (Factory New),66.3,60.0,3165,41,0.013,0.905,steamdt-live,66.89,463,66.84,533,,3,6,15,2,10,7,6,5,-0.0007446016381237319,-0.011922503725782407,-0.04071428571428559,-0.012658227848101444,0.052857142857142936,0.0215716486902926,0.16593282173858348,-0.16593282173858348,-0.4696,0.41,9,长期阴跌,,54,0,0
167,Glock-18 | Ifrit Lattice (Factory New),73.39,70.0,60,15,0.25,0.9538,steamdt-live,72.49,58,71.9,110,,17,9,4,2,0,10,6,5,-0.0014084507042252392,0.014104372355430161,-0.01388888888888884,0.012676056338028152,0.001388888888888773,0.018413597733711207,0.001388888888888773,0.007002801120448154,-0.13850946561226918,0.16,4,回撤不明显,,53,0,0
168,★ Moto Gloves | Boom! (Field-Tested),2875.0,2800.0,260,56,0.2154,0.9739,steamdt-live,2972.92,32,2943.13,72,,17,12,9,5,10,0,0,0,0.015643564356435657,-0.06511990641450582,-0.018432731866921515,-0.05049504950495054,0.06575742815392105,0.0006956521739129862,0.12640816202593153,-0.12640816202593153,-0.28254364089775563,0.03,14,可能加速下跌,,53,0,0
169,AWP | Chrome Cannon (Factory New),442.5,431.0,361,33,0.0914,0.974,steamdt-live,446.8,315,447.8,152,,7,12,9,2,2,10,6,5,0.012514220705347023,-0.006741573033707815,-0.014573991031390121,0.005688282138794021,0.008968609865470878,0.017261219792865434,0.008968609865470878,0.011441647597254079,-0.03176341730558596,0.23,9,回撤不明显,,53,0,0
170,Tec-9 | Toxic (Factory New),150.99,137.0,249,17,0.0683,0.9073,steamdt-live,158.0,88,150.13,118,,7,6,7,2,10,10,6,5,0.007651006711409281,-6.660450246431804e-05,-0.05095541401273884,0.007583892617449628,0.025129870129870113,0.02129251700680279,0.10886211194871498,-0.1106569516023933,-0.4030616302186879,0.32,2,长期阴跌,,53,0,0
171,AK-47 | Safety Net (Factory New),68.8,67.0,1960,41,0.0209,0.9738,steamdt-live,70.0,441,70.0,603,,3,12,15,2,10,6,2,3,-0.04070165821570504,-0.017142857142857237,-0.03986842105263155,-0.057146772646292976,0.09473684210526323,0.0,0.1838671411625148,-0.18483412322274895,-0.45612648221343877,0.4,17,长期阴跌,,53,0,0
172,★ Hand Wraps | Slaughter (Field-Tested),2950.0,2810.0,294,69,0.2347,0.9525,steamdt-live,3099.0,46,3006.86,93,,17,9,9,5,10,0,2,0,-0.012076491031574932,-0.016335499618204685,-0.02075806451612905,-0.028214715135144064,0.060509554140127375,0.01741679599931012,0.12449918385517134,-0.12449918385517134,-0.2767835253738662,0.41,16,可能加速下跌,,52,0,0
173,AK-47 | Neon Revolution (Factory New),1500.0,1470.0,578,99,0.1713,0.98,steamdt-live,1560.0,107,1547.66,144,,14,12,12,2,10,0,2,0,-0.00929785187560117,-0.029126213592232997,-0.0066878980891720285,-0.03815325424815641,0.04458598726114649,0.0,0.0958408679927667,-0.0895240638789917,-0.14212181870174434,0.41,13,可能加速下跌,,52,0,0
174,FAMAS | Styx (Factory New),639.0,635.0,334,57,0.1707,0.9937,steamdt-live,667.0,76,673.0,75,,14,15,9,2,6,0,3,3,0.039682539682539764,-0.02442748091603053,0.0031847133757962887,0.014285714285714235,0.0304961310878471,0.06499999999999995,0.04484304932735428,-0.030349013657056112,-0.15921052631578947,0.41,10,可能加速下跌,,52,0,0
175,M4A1-S | Hyper Beast (Factory New),1748.0,1680.0,231,38,0.1645,0.9611,steamdt-live,1799.0,55,1818.0,94,,14,12,7,2,10,0,2,5,0.0008391655337931514,-0.02291236954929876,-0.0149182170884401,-0.022092431286328873,0.03641555406105634,0.0,0.08553013617649063,-0.0831318286484587,-0.12490613266583228,0.32,6,可能加速下跌,,52,0,0
176,M4A1-S | Nightmare (Factory New),1536.0,1480.0,406,64,0.1576,0.9635,steamdt-live,1530.0,69,1562.49,82,,14,12,9,2,10,0,0,5,-0.015101809954751078,-0.023717911904898692,-0.03334568583734787,-0.038461538461538436,0.07052469792052674,0.020340113371123625,0.15853155506668504,-0.15853155506668504,-0.13412563667232602,0.41,10,可能加速下跌,,52,0,0
177,M4A4 | The Coalition (Factory New),6997.0,6600.0,313,39,0.1246,0.9433,steamdt-live,7132.9,38,7032.98,64,,11,9,9,2,10,0,6,5,0.012272857142857196,-0.01254743568574812,0.017517286891906236,-0.0004285714285714448,0.014507042253521174,0.028970588235294192,0.08809994539286503,-0.08809994539286503,-0.24755269120624923,0.41,7,可能加速下跌,,52,0,0
178,P250 | Mint Kimono (Factory New),82.89,73.0,182,16,0.0879,0.8807,steamdt-live,76.65,91,81.0,85,,7,6,7,2,10,9,6,5,-0.004281821720513834,-0.0011727912431586107,-0.05179625984251979,-0.005449591280653809,0.05475397706252305,0.0,0.14481758339841555,-0.14491298527443097,-0.4363970588235294,0.3,2,长期阴跌,,52,0,0
179,M4A4 | Hellfire (Factory New),1875.0,1810.0,646,55,0.0851,0.9653,steamdt-live,1905.19,78,1886.42,119,,7,12,12,2,10,2,2,5,-0.0137966274910577,-0.02849740932642486,-0.0680952380952381,-0.041900868676545744,0.1071428571428571,0.0,0.14187643020594964,-0.13194444444444442,-0.3192932266953229,0.41,6,长期阴跌,,52,0,0
180,USP-S | Road Rash (Factory New),947.47,891.0,168,13,0.0774,0.9404,steamdt-live,961.68,54,952.21,66,,7,9,7,2,6,10,6,5,-0.0005494505494505475,0.04174821330401324,-0.04310245112987521,0.041175824175824216,0.002127457898450702,0.05274444444444448,0.03270035732516585,-0.023226804123711364,-0.24133816970541355,0.4,5,回撤不明显,,52,0,0
181,USP-S | Royal Guard (Factory New),31.38,30.0,1070,30,0.028,0.956,steamdt-live,31.45,700,31.37,765,,3,9,15,2,2,10,6,5,0.013071895424836555,0.011935483870967767,-0.012903225806451535,0.025163398692810368,0.006964229186451343,0.045666666666666744,0.007278481012658267,0.04811226194453733,-0.13414297543472253,0.35,13,回撤不明显,,52,0,0
182,AK-47 | AUTOEXEC (Factory New),4280.0,4050.0,25,28,1.12,0.9463,steamdt-live,4349.5,21,4307.57,37,,20,9,2,2,8,1,4,5,-0.0002286643461469895,-0.011204805359824377,-0.012857168914790273,-0.01143090756648002,0.02414110737183872,0.0,0.05882145975032371,-0.05882145975032371,-0.004535411094313324,0.41,3,可能加速下跌,,51,0,0
183,AK-47 | Aphrodite (Factory New),1709.0,1670.0,371,61,0.1644,0.9772,steamdt-live,1830.0,214,1728.0,195,,14,12,9,2,10,0,4,0,-0.011993146773272456,-0.012138728323699444,-0.02096729102599948,-0.0239862935465448,0.04445065697511885,0.0,0.09503939676353468,-0.07321041214750545,-0.18502622794468293,0.41,4,暂未减速,,51,0,0
184,Desert Eagle | Mecha Industries (Factory New),154.9,150.0,1050,101,0.0962,0.9684,steamdt-live,154.5,374,158.9,178,,7,12,15,2,8,0,2,5,-0.008354271356783793,-0.021980110217267312,0.023925906869050717,-0.03015075376884413,0.03499999999999992,0.03624161073825505,0.0585365853658536,-0.03499999999999992,-0.16540540540540538,0.41,16,可能加速下跌,,51,0,0
185,M4A1-S | Flashback (Factory New),740.0,726.0,958,79,0.0825,0.9811,steamdt-live,749.5,76,757.84,128,,7,12,15,2,10,0,0,5,-0.007951629703020546,-0.05377720870678615,-0.04065218980770635,-0.06130122195970833,0.09946138285686434,0.0,0.15783475783475787,-0.15783475783475787,-0.35458515283842795,0.41,17,长期阴跌,,51,0,0
186,AWP | Chromatic Aberration (Factory New),435.0,423.0,288,20,0.0694,0.9724,steamdt-live,448.37,182,445.0,174,,7,12,9,2,4,10,4,3,-0.0037252619324796843,0.01659266183687791,-0.012643678160919491,0.012805587892898762,0.0,0.02473498233215543,0.022471910112359605,-0.021372328458942658,-0.0993788819875776,0.41,11,回撤不明显,,51,0,0
187,M4A1-S | Blue Phosphor (Factory New),3409.5,3400.0,527,35,0.0664,0.9972,steamdt-live,3400.0,314,3499.5,152,,7,15,12,2,8,0,4,3,0.0006198530062870855,-0.01179941002949858,-0.00793557833089309,-0.011186870922990644,0.01989467524868349,0.0,0.05620509930976192,-0.055273547659334454,-0.12303664921465973,0.2,3,可能加速下跌,,51,0,0
188,AK-47 | Green Laminate (Factory New),242.0,227.0,334,22,0.0659,0.938,steamdt-live,240.0,125,246.7,155,,7,9,9,2,10,7,2,5,0.002049180327868827,-0.018404907975460127,-0.05349315334186744,-0.016393442622950838,0.0671279200839584,0.012658227848101333,0.11084765856550094,-0.11084765856550094,-0.34426229508196726,0.4,3,长期阴跌,,51,0,0
189,Tec-9 | Bamboo Forest (Factory New),185.0,181.0,1347,83,0.0616,0.9784,steamdt-live,192.5,302,188.41,236,,7,12,15,2,10,0,0,5,0.012105263157894841,-0.037961518460738475,0.00849256900212314,-0.02631578947368418,0.07035175879396982,0.030698089030029463,0.0885801556803626,-0.08415841584158412,-0.2979127134724858,0.33,14,可能加速下跌,,51,0,0
190,Desert Eagle | The Bronze (Factory New),134.0,131.0,637,34,0.0534,0.9776,steamdt-live,133.99,171,133.93,237,,3,12,12,2,10,6,6,0,0.003866745984533182,-0.007925925925925892,-0.011176470588235343,-0.004089827483640618,0.015220588235294041,0.030230769230769283,0.0870483980913428,-0.08555236924757614,-0.38844748858447486,0.37,6,长期阴跌,,51,0,0
191,USP-S | Purple DDPAT (Factory New),144.38,139.0,1048,35,0.0334,0.9627,steamdt-live,151.7,208,145.07,283,,3,12,15,2,10,4,0,5,0.022753204913081415,-0.055781598634991436,-0.08246089419879288,-0.03429760386603131,0.11185185185185187,0.0,0.1825,-0.17357840321654217,-0.45500000000000007,0.2,15,长期阴跌,,51,0,0
192,★ Specialist Gloves | Sunburst (Minimal Wear),2186.5,2540.0,54,20,0.3704,1.1617,steamdt-live,2186.0,47,2199.88,25,"溢价求购:买一高于卖一,多为定向收特定图案,买一价不可作退出价",20,0,4,5,0,10,6,5,0.013199135181181543,-0.0011423349326021848,-0.010087076076993662,0.012041722415381706,0.0011423349326021848,0.012041722415381706,0.0011423349326021848,0.005057471264367841,-0.046447515354550495,0.27,2,回撤不明显,买一异常溢价(不作为可成交退出价),50,0,0
193,★ Driver Gloves | Lunar Weave (Field-Tested),3849.5,3680.0,287,82,0.2857,0.956,steamdt-live,4114.07,20,3918.71,81,,17,9,9,5,10,0,0,0,0.01518172021334041,-0.07575159537042253,-0.050811702117607105,-0.061719914683709964,0.10939552288168419,0.0,0.1639778686979565,-0.1639778686979565,-0.3854930725346374,0.41,9,长期阴跌,,50,0,0
194,AK-47 | The Empress (Factory New),1625.0,1580.0,350,85,0.2429,0.9723,steamdt-live,1688.0,164,1679.0,111,,17,12,9,2,8,0,2,0,-0.012209648600357337,-0.020198974977389206,0.02378048780487796,-0.032162001191185174,0.032162001191185174,0.025236593059936974,0.07617964752700401,-0.06876790830945556,0.06382978723404253,0.41,12,可能加速下跌,,50,0,0
195,Five-SeveN | Fairy Tale (Factory New),1798.5,1680.0,197,45,0.2284,0.9341,steamdt-live,1904.28,46,1818.0,75,,17,9,7,2,10,0,0,5,0.006593313404990697,-0.05302232518955352,-0.006968421052631624,-0.04677860459199901,0.06813471502590673,0.0,0.11030972203671552,-0.11030972203671552,-0.07745575788663761,0.34,17,可能加速下跌,,50,0,0
196,★ Sport Gloves | Arid (Field-Tested),5785.0,5530.0,361,77,0.2133,0.9559,steamdt-live,5800.0,66,5881.0,89,,17,9,9,5,10,0,0,0,-0.01096487919522715,-0.019491525423728784,-0.013900322340689386,-0.03024268239735406,0.0437226217042731,0.011363636363636465,0.09418304235496755,-0.09418304235496755,-0.2849196538936959,0.41,9,可能加速下跌,,50,0,0
197,★ Hand Wraps | Leather (Field-Tested),3595.0,3410.0,294,59,0.2007,0.9485,steamdt-live,3999.5,26,3688.99,71,,17,9,9,5,10,0,0,0,0.00040562466197946456,-0.02824706041356939,-0.013866666666666694,-0.027852893455922123,0.04133333333333333,0.0421800260907379,0.10516490354698194,-0.10102525631407855,-0.27226720647773284,0.41,9,可能加速下跌,,50,0,0
198,★ Specialist Gloves | Foundation (Field-Tested),4698.99,4540.0,335,65,0.194,0.9662,steamdt-live,4700.0,42,4679.0,67,,14,12,9,5,10,0,0,0,-0.003908998514580597,-0.054336998061980446,-0.03854500740101141,-0.058033593331849875,0.0943416954483779,0.00427228040179517,0.1456381818181819,-0.1456381818181819,-0.3606816326530613,0.41,8,长期阴跌,,50,0,0
199,★ Specialist Gloves | Foundation (Minimal Wear),5630.0,5490.0,174,30,0.1724,0.9751,steamdt-live,5700.0,35,5678.24,51,,14,12,7,5,10,0,2,0,-0.007093425605536385,-0.01899285589824007,-0.003276426970167279,-0.02595155709342556,0.043980302258447956,0.0,0.08581486695602325,-0.08596476986768409,-0.2669261288100635,0.41,8,可能加速下跌,,50,0,0
200,Desert Eagle | Emerald Jörmungandr (Factory New),2744.5,2750.0,314,35,0.1115,1.002,steamdt-live,2849.5,114,2768.0,134,,11,15,9,2,8,0,2,3,0.0017921146953405742,-0.018425760286225445,0.010869565217391353,-0.01666666666666672,0.0234917245061399,0.0049450549450549275,0.05526859504132231,-0.05526859504132231,-0.22008698865736132,0.41,8,可能加速下跌,,50,0,0
201,M4A1-S | Control Panel (Factory New),901.0,875.0,815,86,0.1055,0.9711,steamdt-live,1029.5,72,938.88,137,,11,12,12,2,10,0,0,3,-0.022601036269429997,-0.04526129411889446,-0.03111477022861675,-0.06683937823834196,0.09587445657084914,0.0,0.2227017695295641,-0.2227017695295641,-0.2315110344945297,0.41,15,可能加速下跌,,50,0,0
202,USP-S | Para Green (Factory New),220.0,204.0,173,17,0.0983,0.9273,steamdt-live,219.83,94,230.35,97,,7,6,7,2,10,10,3,5,0.025287356321838983,-0.01426008968609871,-0.030835041440156807,0.010666666666666602,0.020540925901171958,0.08237727116056925,0.10431097710048076,-0.10431097710048076,-0.4026630434782609,0.19,2,长期阴跌,,50,0,0
203,Glock-18 | Gold Toof (Factory New),824.0,806.0,550,48,0.0873,0.9782,steamdt-live,859.0,119,857.14,156,,7,12,12,2,10,0,2,5,-0.0017751479289941363,-0.027860106698280984,-0.028735632183908066,-0.029585798816568087,0.0639269406392694,0.0,0.10577971646673934,-0.10577971646673934,-0.31323283082077047,0.17,10,长期阴跌,,50,0,0
204,Tec-9 | Brother (Factory New),19.09,17.5,219,19,0.0868,0.9167,steamdt-live,18.59,156,17.7,1485,,7,6,7,2,2,20,6,0,-0.01886792452830177,0.03146853146853146,-0.008503401360544394,0.012006861063464935,0.0,0.03206997084548102,0.01062045835662384,0.04982206405693956,-0.4757109004739336,0.29,11,长期阴跌,,50,0,0
205,M4A4 | Turbine (Factory New),71.0,67.0,1152,33,0.0286,0.9437,steamdt-live,72.69,225,71.0,310,,3,9,15,2,10,4,2,5,-0.0015068493150685036,-0.025929482782274693,-0.0641025641025641,-0.0273972602739726,0.08974358974358976,0.0014104372355430161,0.15345177059735304,-0.15375446960667472,-0.43200000000000005,0.3,9,长期阴跌,,50,0,0
206,Galil AR | Blue Titanium (Factory New),97.0,93.0,1070,28,0.0262,0.9588,steamdt-live,99.69,124,98.3,282,,3,9,15,2,10,4,2,5,-0.01522691082802552,-0.01970692268822638,-0.0696296296296296,-0.03463375796178347,0.09345794392523366,0.0,0.2209461087462855,-0.217741935483871,-0.4812834224598931,0.3,10,长期阴跌,,50,0,0
207,Glock-18 | Grinder (Factory New),51.0,46.0,850,22,0.0259,0.902,steamdt-live,50.95,367,52.39,256,,3,6,12,2,10,10,2,5,0.05020000000000002,-0.03256522567130071,-0.08508691674290936,0.016000000000000014,0.070448307410796,0.016000000000000014,0.1487935656836461,-0.1487935656836461,-0.4290851876826254,0.24,8,长期阴跌,,50,0,0
208,M4A1-S | Solitude (Factory New),69.4,63.0,4821,36,0.0075,0.9078,steamdt-live,69.89,2662,73.8,2444,,3,6,15,2,10,14,0,0,-0.023907200452680688,0.005797101449275477,-0.031643835616438354,-0.018248691469797573,0.04931506849315059,0.06769230769230772,0.11817026683608634,-0.08310212709737075,-0.3128712871287128,0.41,14,长期阴跌,,50,0,0
209,M4A4 | Royal Paladin (Factory New),1278.0,1230.0,314,49,0.1561,0.9624,steamdt-live,1327.9,92,1289.64,81,,14,12,9,2,10,0,2,0,-0.00038610038610042974,-0.011201235998455017,-0.011065376596995802,-0.01158301158301156,0.022520217794714026,0.02400000000000002,0.08204245553643152,-0.08204245553643152,-0.189873417721519,0.41,7,可能加速下跌,,49,0,0
210,M4A1-S | Mecha Industries (Factory New),1389.0,1360.0,538,65,0.1208,0.9791,steamdt-live,1403.69,171,1402.62,157,,11,12,12,2,8,0,4,0,-0.0021082220660576523,-0.02183098591549293,-0.001333426907151436,-0.023893183415319763,0.025194750508807706,0.0,0.07338225483655769,-0.06934673366834165,-0.13631756651722704,0.41,11,可能加速下跌,,49,0,0
211,USP-S | The Traitor (Factory New),615.0,609.0,312,37,0.1186,0.9902,steamdt-live,630.0,85,645.5,124,,11,15,9,2,10,0,2,0,-0.00860780209923373,-0.023809523809523836,-0.012463286142752827,-0.03221237823972811,0.044274192295140624,0.0,0.08208955223880599,-0.07518796992481203,-0.2215189873417721,0.4,10,可能加速下跌,,49,0,0
212,M4A4 | Buzz Kill (Factory New),2845.0,2790.0,1032,68,0.0659,0.9807,steamdt-live,2990.0,148,2874.8,141,,7,12,15,2,10,0,0,3,-0.003782591985759587,-0.0372250423011844,-0.013558408907246133,-0.040866827140266015,0.053871146894402644,0.0,0.10252365930599372,-0.10252365930599372,-0.26094297960774127,0.41,7,可能加速下跌,,49,0,0
213,★ Moto Gloves | POW! (Field-Tested),445.5,681.0,611,38,0.0622,1.5286,steamdt-live,455.57,684,451.52,314,"溢价求购:买一高于卖一,多为定向收特定图案,买一价不可作退出价",7,0,12,5,4,10,6,5,0.019495412844036775,0.0022497187851517886,-0.027870680044593144,0.02178899082568808,0.002239641657334812,0.02178899082568808,0.01740223648514516,0.013651877133105783,-0.22951868698223832,0.41,10,回撤不明显,买一异常溢价(不作为可成交退出价),49,0,0
214,M4A4 | Spider Lily (Factory New),374.9,370.0,825,39,0.0473,0.9869,steamdt-live,400.0,184,386.32,151,,3,12,12,2,10,3,4,3,0.007792207792207684,-0.033762886597938246,-0.04938271604938271,-0.026233766233766276,0.07773677736777374,0.0,0.12304093567251473,-0.12304093567251473,-0.25909090909090915,0.41,10,可能加速下跌,,49,0,0
215,Five-SeveN | Copper Galaxy (Factory New),109.0,101.0,600,27,0.045,0.9266,steamdt-live,119.9,121,111.06,164,,3,6,12,2,10,5,6,5,0.004840182648401914,-0.009361083340907017,-0.009049773755656076,-0.004566210045662156,0.06034482758620685,0.010194624652456019,0.11697990926766033,-0.034885780060208926,-0.3771428571428571,0.34,7,长期阴跌,,49,0,0
216,M4A4 | Desert-Strike (Factory New),449.0,433.0,916,39,0.0426,0.9644,steamdt-live,460.0,139,450.49,193,,3,12,15,2,10,0,2,5,-0.010054054054054018,-0.019329474718794426,-0.03141361256544506,-0.029189189189189224,0.0596858638743456,0.0,0.1046859421734796,-0.1046859421734796,-0.2697762164975279,0.41,16,可能加速下跌,,49,0,0
217,AK-47 | The Outsiders (Factory New),330.0,315.0,987,38,0.0385,0.9545,steamdt-live,345.47,179,340.79,306,,3,9,15,2,10,3,2,5,0.0026176470588235023,-0.03194578896418199,-0.05186837702175129,-0.02941176470588236,0.07975460122699396,0.003039513677811634,0.1304118685604364,-0.13043478260869568,-0.30306230200633577,0.41,5,长期阴跌,,49,0,0
218,Tec-9 | Jambiya (Factory New),35.2,28.6,292,11,0.0377,0.8125,steamdt-live,38.79,93,37.13,84,,3,3,9,2,10,19,0,3,-0.005649717514124131,0.0,-0.04684975767366728,-0.005649717514124131,0.05223478729133002,0.03529411764705892,0.12394225983076146,-0.12394225983076146,-0.500709219858156,0.41,6,长期阴跌,,49,0,0
219,Five-SeveN | Heat Treated (Factory New),103.5,96.0,741,21,0.0283,0.9275,steamdt-live,102.99,373,105.37,222,,3,6,12,2,8,10,3,5,0.009135970453882702,-0.008186458634306004,-0.020095238095238055,0.0008747205753718568,0.009807692307692295,0.061540047417792065,0.07133195058165742,-0.061856609273936325,-0.2539843523616342,0.17,3,回撤不明显,,49,0,0
220,★ Sport Gloves | Blaze (Minimal Wear),1515.0,1960.0,30,23,0.7667,1.2937,steamdt-live,1497.0,43,1564.0,23,"溢价求购:买一高于卖一,多为定向收特定图案,买一价不可作退出价",20,0,4,5,8,0,6,5,0.0,0.0013368983957218195,-0.002001334222815232,0.0013368983957218195,0.0006671114076051143,0.012162162162162149,0.05715005035246723,-0.04585987261146496,-0.08069960110463337,0.16,2,回撤不明显,买一异常溢价(不作为可成交退出价),48,0,0
221,M4A4 | Red DDPAT (Factory New),785.0,771.0,155,67,0.4323,0.9822,steamdt-live,810.0,31,808.01,59,,20,12,7,2,6,0,1,0,-0.008858328687356698,-0.018750000000000044,0.11331034482758628,-0.027442235024468742,0.03227397125175668,0.08275862068965512,0.03227397125175668,0.04280134966391236,-0.38540794037282644,0.41,12,长期阴跌,,48,0,0
222,★ Sport Gloves | Violet Beadwork (Field-Tested),1394.49,2580.0,153,49,0.3203,1.8501,steamdt-live,1406.8,156,1444.73,57,"溢价求购:买一高于卖一,多为定向收特定图案,买一价不可作退出价",20,0,7,5,2,10,4,0,0.00035880875493354836,0.00035150645624093535,-0.008530832663341648,0.0007104413347684968,0.007826451984717098,0.010499999999999954,0.01100000000000001,0.011966618287372999,-0.04812969283276447,0.16,5,回撤不明显,买一异常溢价(不作为可成交退出价),48,0,0
223,Five-SeveN | Angry Mob (Factory New),472.0,465.0,243,40,0.1646,0.9852,steamdt-live,473.3,84,480.0,111,,14,12,7,2,2,0,6,5,0.007388535031847221,-0.005437531613555979,0.0,0.0019108280254775956,0.005479452054794609,0.02508960573476693,0.006526315789473713,0.006183368869935979,-0.008405127127547818,0.41,6,回撤不明显,,48,0,0
224,★ Bloodhound Gloves | Bronzed (Minimal Wear),1299.5,1260.0,142,22,0.1549,0.9696,steamdt-live,1546.89,19,1334.14,57,,14,12,7,5,10,0,0,0,0.00293040293040292,-0.05076698319941564,-0.01621621621621616,-0.04798534798534804,0.06342342342342344,0.0,0.12286622613109421,-0.12286622613109421,-0.28911378555798684,0.18,5,可能加速下跌,,48,0,0
225,★ Hydra Gloves | Rattler (Field-Tested),175.0,169.0,113,12,0.1062,0.9657,steamdt-live,176.5,122,173.4,204,,11,12,7,5,6,3,4,0,0.002873563218390718,-0.011461318051575908,-0.011981148146045117,-0.008620689655172376,0.022662889518413554,0.014705882352941124,0.03106218053137111,-0.019886363636363646,-0.08970976253298157,0.41,18,可能加速下跌,,48,0,0
226,Galil AR | Cerberus (Factory New),938.98,880.0,284,21,0.0739,0.9372,steamdt-live,954.09,75,944.18,103,,7,9,9,2,10,8,0,3,-0.0010742496050553108,-0.010016025641025661,-0.05002501250625313,-0.011079515534491824,0.06055027513756872,0.03184615384615386,0.13298245614035087,-0.1333825565297646,-0.34314095837705494,0.4,9,长期阴跌,,48,0,0
227,Desert Eagle | Mudder (Factory New),37.78,35.1,377,27,0.0716,0.9291,steamdt-live,37.92,74,39.0,121,,7,6,9,2,10,14,0,0,-0.05927835051546382,0.035068493150685054,-0.0536585365853659,-0.02628865979381434,0.07831178336179556,0.0794285714285714,0.15480984340044746,-0.15669642857142851,-0.4845839017735334,0.38,6,长期阴跌,,48,0,0
228,Glock-18 | Ramese's Reach (Factory New),362.99,355.0,543,37,0.0681,0.978,steamdt-live,388.93,105,381.5,187,,7,12,12,2,10,2,0,3,-0.006666666666666599,-0.03326408863321617,-0.05260783478282671,-0.039708994708994694,0.08794190808814295,0.0,0.14389150943396223,-0.14389150943396223,-0.3271608370868784,0.34,11,长期阴跌,,48,0,0
229,FAMAS | Djinn (Factory New),224.87,203.0,141,9,0.0638,0.9027,steamdt-live,222.23,42,218.33,117,,7,6,7,2,8,9,6,3,-0.0035621317988765444,0.0006416426050690482,-0.02994728215124265,-0.0029227748093345607,0.033339236695297925,0.012521448777999433,0.07596918909768069,-0.07596918909768069,-0.33839393939393936,0.41,13,长期阴跌,,48,0,0
230,AK-47 | Bloodsport (Factory New),1017.0,1010.0,1574,57,0.0362,0.9931,steamdt-live,1015.0,1111,1028.54,343,,3,15,15,2,2,0,6,5,0.00326894502228825,0.003159557661927437,-0.004918727636546438,0.006438831104507159,0.0029440628066732533,0.0069375619425173785,0.013592233009708687,-0.012153621779290247,-0.048689138576779034,0.24,4,回撤不明显,,48,0,0
231,USP-S | Blood Tiger (Factory New),94.99,82.0,389,14,0.036,0.8632,steamdt-live,89.3,85,92.4,119,,3,3,9,2,10,10,6,5,0.0,-0.0022346368715083775,-0.10320641282565124,-0.0022346368715083775,0.10521042084168342,0.0,0.1405197305101059,-0.10521042084168342,-0.3244572206672214,0.41,2,长期阴跌,,48,0,0
232,M4A4 | Magnesium (Factory New),35.75,34.3,1284,44,0.0343,0.9594,steamdt-live,36.0,531,36.16,248,,3,9,15,2,10,3,6,0,-0.0189701897018969,-0.012430939226519389,-0.016000000000000014,-0.031165311653116534,0.05772272008434365,0.007042253521126751,0.09263959390862941,-0.08333333333333337,-0.2976424361493124,0.34,9,可能加速下跌,,48,0,0
233,Desert Eagle | Sputnik (Factory New),49.8,47.5,2208,62,0.0281,0.9538,steamdt-live,52.33,518,50.75,527,,3,9,15,2,10,4,0,5,0.0392877878846527,-0.07262569832402244,-0.07732142857142854,-0.03619121347009879,0.11071428571428577,0.0,0.16722408026755853,-0.1686143572621035,-0.42620117525060497,0.36,8,长期阴跌,,48,0,0
234,MP9 | Sand Scale (Factory New),30.3,29.1,905,21,0.0232,0.9604,steamdt-live,29.77,249,29.07,241,,3,12,15,2,10,4,2,0,-0.06309148264984232,-0.022895622895622858,-0.006269592476489061,-0.08454258675078863,0.09028213166144194,0.0006896551724138167,0.10899600859686831,-0.10542540073982731,-0.5063786358224187,0.41,13,长期阴跌,,48,0,0
235,★ Specialist Gloves | Pillow Punchers (Field-Tested),2420.0,5710.0,198,54,0.2727,2.3595,steamdt-live,2412.0,222,2538.4,138,"溢价求购:买一高于卖一,多为定向收特定图案,买一价不可作退出价",17,0,7,5,2,10,6,0,-0.010717230008243983,0.004999999999999893,-0.001235076163030091,-0.00577081615828523,0.007407407407407418,0.004999999999999893,0.007407407407407418,-0.0030998140111593298,-0.05411764705882349,0.41,4,回撤不明显,买一异常溢价(不作为可成交退出价),47,0,0
236,★ Moto Gloves | Eclipse (Minimal Wear),3168.0,2910.0,146,27,0.1849,0.9186,steamdt-live,3688.88,21,3227.3,41,,14,6,7,5,10,0,2,3,-0.003058103975535187,-0.02822085889570547,-0.029232856460054468,-0.031192660550458662,0.048648648648648596,0.0,0.1074321487838481,-0.1101073601537087,-0.26317013606233286,0.39,7,可能加速下跌,,47,0,0
237,AK-47 | Neon Rider (Factory New),1348.5,1290.0,478,81,0.1695,0.9566,steamdt-live,1399.0,186,1392.22,124,,14,9,9,2,10,0,0,3,0.0,-0.05071428571428571,-0.026425591098748313,-0.05071428571428571,0.06342494714587743,0.01450381679389312,0.15832805573147557,-0.14780378326386667,-0.12537018756169793,0.27,7,可能加速下跌,,47,0,0
238,Glock-18 | Weasel (Factory New),216.66,212.0,500,80,0.16,0.9785,steamdt-live,218.38,100,218.37,100,,14,12,9,2,6,0,4,0,0.02674611973392471,-0.025239573491699363,0.016385745809662344,0.0008314855875832805,0.028430493273542634,0.031714285714285806,0.047606488197283414,-0.05347313237221496,-0.07804255319148934,0.3,10,可能加速下跌,,47,0,0
239,★ Moto Gloves | 3rd Commando Company (Minimal Wear),493.0,502.0,114,18,0.1579,1.0183,steamdt-live,497.0,44,473.9,88,,14,15,7,5,0,0,6,0,-0.001052631578947416,-0.0012644889357218414,0.030368763557483636,-0.002315789473684271,0.002315789473684271,0.027982646420824153,0.002315789473684271,0.07623827583857556,0.0010138988635883806,0.32,5,回撤不明显,,47,0,0
240,FAMAS | Eye of Athena (Factory New),167.5,161.0,325,24,0.0738,0.9612,steamdt-live,172.33,97,171.82,111,,7,12,9,2,10,2,0,5,-0.00565746614092244,-0.03735632183908044,-0.08721506442021798,-0.0428024458540488,0.12399979080592027,0.0,0.2004773269689738,-0.19664268585131894,-0.4122807017543859,0.4,8,长期阴跌,,47,0,0
241,FAMAS | Valence (Factory New),162.46,142.0,276,19,0.0688,0.8741,steamdt-live,169.0,97,163.2,132,,7,3,9,2,10,13,0,3,-0.006219512195122068,-0.0031905755307398698,-0.0541553722821384,-0.009390243902438922,0.044352941176470595,0.028227848101265884,0.14942408376963345,-0.14942408376963345,-0.3086514319758288,0.37,6,长期阴跌,,47,0,0
242,AK-47 | Cartel (Factory New),310.0,304.0,876,55,0.0628,0.9806,steamdt-live,318.0,273,315.46,250,,7,12,12,2,10,0,4,0,-0.0031948881789137795,-0.008012820512820484,-0.01174539025006327,-0.011182108626198062,0.02279616064662804,0.0,0.08040171143332542,-0.08040171143332542,-0.18006729011577083,0.41,8,暂未减速,,47,0,0
243,Galil AR | Firefight (Factory New),63.68,58.0,608,31,0.051,0.9108,steamdt-live,64.0,110,64.5,214,,3,6,12,2,8,10,6,0,-0.03240740740740733,0.01562998405103655,-0.012195121951219523,-0.01728395061728394,0.029268292682926744,0.01562998405103655,0.06048982000590142,-0.06048982000590142,-0.32827004219409284,0.41,7,长期阴跌,,47,0,0
244,Galil AR | Chromatic Aberration (Factory New),118.5,107.0,649,30,0.0462,0.903,steamdt-live,120.0,196,120.0,203,,3,6,12,2,8,7,4,5,0.012499999999999956,-0.024691358024691357,-0.040000000000000036,-0.012499999999999956,0.052000000000000046,0.0,0.07925407925407912,-0.07407407407407407,-0.3208390646492434,0.41,8,长期阴跌,,47,0,0
245,FAMAS | Neural Net (Factory New),38.99,36.2,516,23,0.0446,0.9284,steamdt-live,37.0,143,37.38,327,,3,6,12,2,10,5,4,5,-0.007938608097380229,-0.01307015204054418,-0.08763882182520533,-0.020905001323101358,0.10671173346209561,0.0,0.1753955872520615,-0.1757629761639563,-0.46376811594202894,0.32,6,长期阴跌,,47,0,0
246,Desert Eagle | Trigger Discipline (Factory New),38.0,35.0,715,26,0.0364,0.9211,steamdt-live,38.0,425,37.95,371,,3,6,12,2,8,10,6,0,0.014016172506738478,0.008771929824561653,-0.02110817941952503,0.022911051212938016,0.001315789473684159,0.054166666666666696,0.06756756756756754,-0.05124999999999991,-0.357433118862174,0.32,12,长期阴跌,,47,0,0
247,USP-S | Forest Leaves (Factory New),24.0,23.0,546,19,0.0348,0.9583,steamdt-live,24.8,93,24.75,117,,3,9,12,2,8,4,4,5,-0.004517453798768112,-0.009900990099009799,-0.025999999999999912,-0.014373716632443578,0.040000000000000036,0.0,0.07550077041602465,-0.07550077041602465,-0.39984996249062266,0.41,3,长期阴跌,,47,0,0
248,★ Hand Wraps | Overprint (Field-Tested),639.89,661.0,800,27,0.0338,1.033,steamdt-live,663.9,753,646.7,264,,3,15,12,5,6,0,6,0,-0.006172839506172867,-0.006381987577639747,-0.002309468822170868,-0.012515432098765489,0.024557926829268273,0.0,0.03920420420420423,-0.028762673790298177,-0.09023828480436769,0.41,17,可能加速下跌,,47,0,0
249,Tec-9 | Flash Out (Factory New),22.4,19.3,903,20,0.0221,0.8616,steamdt-live,18.99,166,18.94,115,,3,3,15,2,10,9,0,5,0.0,-0.007337526205450584,-0.09186101856258944,-0.007337526205450584,0.09852451213707758,0.05222222222222239,0.18782161234991424,-0.18747318747318742,-0.5323456790123456,0.41,9,长期阴跌,,47,0,0
250,★ Hand Wraps | Giraffe (Minimal Wear),449.5,522.0,138,21,0.1522,1.1613,steamdt-live,455.0,78,457.81,68,"溢价求购:买一高于卖一,多为定向收特定图案,买一价不可作退出价",14,0,7,5,6,8,6,0,-0.007916207276736476,-0.0018003600720144508,0.0,-0.009702315325248012,0.009702315325248012,0.0004232474215322135,0.032112068965517215,-0.023695652173913007,-0.13468208092485545,0.04,4,回撤不明显,买一异常溢价(不作为可成交退出价),46,0,0
251,MP9 | Hot Rod (Factory New),1219.0,1170.0,261,26,0.0996,0.9598,steamdt-live,1217.99,132,1231.0,152,,7,9,9,2,10,0,4,5,-0.0007798854543239475,-0.009756176879486822,-0.01088790678987539,-0.010528453633372625,0.024046474358974335,0.01541475614839527,0.08214770158251694,-0.06595142600786819,-0.12248559077809795,0.3,6,可能加速下跌,,46,0,0
252,Five-SeveN | Triumvirate (Factory New),78.89,71.0,231,20,0.0866,0.9,steamdt-live,80.96,177,79.07,216,,7,6,7,2,8,7,4,5,-0.001253289885950748,-0.010038900740368839,-0.03832710618295765,-0.011279608973555622,0.04917440038568155,0.0,0.0768780716124502,-0.0768780716124502,-0.4040190375462718,0.41,4,长期阴跌,,46,0,0
253,★ Moto Gloves | Finish Line (Field-Tested),473.5,682.0,415,33,0.0795,1.4403,steamdt-live,480.0,422,487.46,223,"溢价求购:买一高于卖一,多为定向收特定图案,买一价不可作退出价",7,0,9,5,4,10,6,5,0.016185693657190914,0.0031813361611876534,-0.01884119264115025,0.01941852195090399,0.006302521008403339,0.02826086956521734,0.029743589743589705,-0.029743589743589705,-0.1530734659528371,0.41,12,回撤不明显,买一异常溢价(不作为可成交退出价),46,0,0
254,FAMAS | Pulse (Factory New),148.38,137.0,635,41,0.0646,0.9233,steamdt-live,155.0,226,152.6,171,,7,6,12,2,10,4,0,5,-0.009709366302026012,-0.030132688411007358,-0.08205585264408799,-0.03954948540358605,0.11836007130124782,0.031132731063238328,0.18864829396325455,-0.18864829396325455,-0.3804592901878915,0.29,7,长期阴跌,,46,0,0
255,Desert Eagle | Night Heist (Factory New),474.99,456.0,795,50,0.0629,0.96,steamdt-live,490.0,143,479.0,186,,7,12,12,2,10,0,0,3,-0.01440961955450426,-0.05000100002000041,-0.02160077145612338,-0.0636901241868717,0.0839151398264224,0.0,0.18246127366609288,-0.17536458333333327,-0.44118823529411766,0.41,16,长期阴跌,,46,0,0
256,M4A4 | In Living Color (Factory New),544.5,523.0,869,45,0.0518,0.9605,steamdt-live,559.8,169,544.0,237,,3,12,12,2,10,0,2,5,-0.0107430617726052,-0.015402714932126638,-0.014121800529567574,-0.025980304386750253,0.03973521624007059,0.0,0.0803212172442942,-0.07954314720812183,-0.21948174931129483,0.41,9,可能加速下跌,,46,0,0
257,M4A1-S | Icarus Fell (Factory New),2855.5,2760.0,610,24,0.0393,0.9666,steamdt-live,2904.0,400,2900.0,195,,3,12,12,2,6,0,6,5,-0.0022292849193584763,-0.0017482517482517723,0.0022342657342657724,-0.0039736393163525285,0.025597269624573427,0.008833922261484162,0.03154681139755766,-0.0269223821485417,-0.12895440968736938,0.41,5,可能加速下跌,,46,0,0
258,FAMAS | Faulty Wiring (Factory New),17.18,16.1,467,15,0.0321,0.9371,steamdt-live,17.76,80,17.31,143,,3,9,9,2,10,6,4,3,-0.017613636363636442,-0.0063620589936379535,-0.020044543429844075,-0.02386363636363642,0.042363433667781614,0.0,0.1401401401401402,-0.1401401401401402,-0.5366774541531822,0.4,7,长期阴跌,,46,0,0
259,USP-S | Desert Tactical (Factory New),18.0,17.1,815,18,0.0221,0.95,steamdt-live,18.3,137,18.13,311,,3,9,12,2,8,10,2,0,-0.02777777777777779,0.02857142857142847,0.0005558643690939391,0.0,0.00990099009900991,0.02857142857142847,0.05709795704557363,-0.05709795704557363,-0.513250405624662,0.41,6,长期阴跌,,46,0,0
260,AK-47 | Midnight Laminate (Factory New),80.0,77.0,1555,28,0.018,0.9625,steamdt-live,82.8,1029,83.0,731,,3,12,15,2,8,0,6,0,-0.0012269938650305567,-0.017199017199017286,-0.009720534629404587,-0.018404907975460127,0.030303030303030276,0.0,0.05771495877502952,-0.05100830367734277,-0.13043478260869568,0.41,12,可能加速下跌,,46,0,0
261,M4A1-S | Fatal Glitch (Factory New),605.0,580.0,32,15,0.4688,0.9587,steamdt-live,598.5,40,596.5,65,,20,9,4,2,4,0,6,0,-0.0008347245409014992,-0.003341687552213868,-0.0016666666666667052,-0.004173622704507496,0.005833333333333357,0.0,0.0269168026101142,-0.0269168026101142,-0.11629629629629634,0.31,4,回撤不明显,,45,0,0
262,P250 | Lotus Imprint (Factory New),81.89,79.0,72,19,0.2639,0.9647,steamdt-live,83.05,75,82.68,78,,17,12,4,2,4,0,6,0,-0.004360993337371277,-0.0036500790850467757,-0.005421686746987953,-0.007995154451847286,0.013373493975903594,0.0,0.02500297654482675,-0.02500297654482675,-0.06518264840182642,0.41,3,暂未减速,,45,0,0
263,M4A1-S | Chantico's Fire (Factory New),1654.0,1600.0,251,48,0.1912,0.9674,steamdt-live,1699.0,70,1688.5,92,,14,12,9,2,8,0,0,0,0.0,-0.0002961637725220623,-0.008990715783168568,-0.0002961637725220623,0.02072232089994075,0.003032140691328067,0.06416204594319341,-0.05728127671701344,-0.11146924523233948,0.41,0,价格更新稀疏,,45,0,0
264,FAMAS | Bad Trip (Factory New),499.5,477.0,142,26,0.1831,0.955,steamdt-live,506.09,52,512.81,75,,14,9,7,2,4,0,4,5,-0.0019825535289452745,-0.007747318235995171,0.005161316035949826,-0.009714512291831845,0.0167322834645669,0.0,0.0167322834645669,0.03202479338842967,0.0010421259369113312,0.41,5,可能加速下跌,,45,0,0
265,USP-S | Target Acquired (Factory New),1999.0,1940.0,153,27,0.1765,0.9705,steamdt-live,2059.94,52,2024.5,85,,14,12,7,2,10,0,0,0,-0.004440289787333462,-0.049530516431924854,-0.04868407596298774,-0.05375087637298437,0.09981814058755256,0.01300975731798859,0.1273706896551724,-0.11939973901696388,-0.2903960743077463,0.41,4,可能加速下跌,,45,0,0
266,Desert Eagle | Heirloom (Factory New),625.0,601.0,119,21,0.1765,0.9616,steamdt-live,659.0,37,671.22,57,,14,12,7,2,10,0,0,0,-0.0016516516516517088,-0.060009023913370374,-0.013333333333333308,-0.06156156156156156,0.07407407407407407,0.0,0.12952646239554322,-0.05574860250793168,-0.00714853057982523,0.4,7,可能加速下跌,,45,0,0
267,AWP | Dragon Lore (Factory New),74400.0,77750.0,120,18,0.15,1.045,steamdt-live,74000.0,153,77900.0,27,,14,15,7,5,4,0,0,0,0.0,0.0,-0.013333333333333308,0.0,0.013333333333333308,0.0,0.023443943702863068,0.001359955074121011,-0.011857707509881465,0.4,0,价格更新稀疏,,45,0,0
268,★ Moto Gloves | Cool Mint (Minimal Wear),6556.5,6140.0,167,19,0.1138,0.9365,steamdt-live,6971.53,37,6864.31,53,,11,9,7,5,10,0,0,3,-7.28352277775679e-05,-0.044842089008217956,-0.030185859110995472,-0.04491165815222864,0.07374182027779974,0.0,0.09993698941175011,-0.09993698941175011,-0.29500000000000004,0.41,4,可能加速下跌,,45,0,0
269,Desert Eagle | Golden Koi (Factory New),1324.0,1280.0,499,53,0.1062,0.9668,steamdt-live,1370.0,174,1329.28,162,,11,12,9,2,8,3,0,0,-0.018322210093698943,-0.011940298507462699,0.003683823529411656,-0.030043735943326433,0.033576642335766405,0.018853405155829117,0.07991660875608064,-0.07991660875608064,-0.14855305466237945,0.4,13,可能加速下跌,,45,0,0
270,★ Bloodhound Gloves | Charred (Minimal Wear),1480.0,1440.0,128,12,0.0938,0.973,steamdt-live,1550.0,18,1535.0,38,,7,12,7,5,10,0,4,0,-0.0009775171065493637,-0.03457273320287024,-0.03702541575149043,-0.03551645487129362,0.07413199874882703,0.0,0.08613769682000616,-0.08613769682000616,-0.2309690828786698,0.4,5,可能加速下跌,,45,0,0
271,Glock-18 | Neo-Noir (Factory New),1140.0,1100.0,398,37,0.093,0.9649,steamdt-live,1169.48,92,1155.74,129,,7,12,9,2,10,2,0,3,-0.006791171477079749,-0.02564102564102566,-0.04884941461445291,-0.032258064516129004,0.07953169156237383,0.008849557522123908,0.11939871926585655,-0.11939871926585655,-0.19434628975265023,0.41,5,可能加速下跌,,45,0,0
272,Glock-18 | Wasteland Rebel (Factory New),774.99,766.0,457,34,0.0744,0.9884,steamdt-live,779.0,98,770.95,163,,7,12,9,2,4,0,6,5,-0.0008673251433675144,-0.0011401622139877166,-0.005804375804375761,-0.00200649846599954,0.007799227799227704,0.002522756827048278,0.020406607369758523,-0.009061813133844798,-0.05289926289926283,0.41,2,回撤不明显,,45,0,0
273,M4A4 | Desolate Space (Factory New),470.0,460.0,649,45,0.0693,0.9787,steamdt-live,479.48,170,477.88,182,,7,12,12,2,10,0,2,0,-0.006211180124223614,-0.021874999999999978,-0.02620967741935487,-0.02795031055900621,0.053427419354838745,0.0,0.10656517602283544,-0.10656517602283544,-0.218801996672213,0.41,9,可能加速下跌,,45,0,0
274,M4A1-S | Atomic Alloy (Factory New),948.0,925.0,602,39,0.0648,0.9757,steamdt-live,987.66,103,953.58,101,,7,12,12,2,10,0,2,0,0.0004619933472957971,-0.02718344980451315,-0.015624052551793888,-0.026734015030183578,0.041940373926225405,0.0,0.08027242563595083,-0.08027242563595083,-0.15733333333333333,0.41,5,可能加速下跌,,45,0,0
275,AK-47 | Nouveau Rouge (Factory New),365.0,353.0,411,26,0.0633,0.9671,steamdt-live,370.0,289,369.5,168,,7,12,9,2,6,0,6,3,0.02499999999999991,-0.010840108401083959,0.019830028328611915,0.01388888888888884,0.012178619756427644,0.03399433427762033,0.03693931398416883,0.01671309192200554,-0.1097560975609756,0.41,6,可能加速下跌,,45,0,0
276,M4A1-S | Leaded Glass (Factory New),263.0,254.0,1140,56,0.0491,0.9658,steamdt-live,279.5,194,265.9,263,,3,12,15,2,10,0,0,3,-0.02170368491612018,-0.025925925925925908,-0.04336221837088383,-0.04706692271459112,0.08838821490467941,0.0,0.13824175104033554,-0.13770491803278684,-0.2264705882352941,0.41,13,暂未减速,,45,0,0
277,AWP | Neo-Noir (Factory New),318.5,310.0,1018,39,0.0383,0.9733,steamdt-live,320.0,605,324.73,272,,3,12,15,2,4,0,4,5,0.0006273525721454121,-0.0015673981191222097,-0.00374999999999992,-0.0009410288582183401,0.01393188854489169,0.011111111111111072,0.016975308641975273,-0.004376367614879584,-0.07547169811320753,0.41,7,暂未减速,,45,0,0
278,USP-S | Cyrex (Factory New),191.9,186.0,3319,120,0.0362,0.9693,steamdt-live,197.8,444,192.0,548,,3,12,15,2,10,0,0,3,-0.0008780487804878057,-0.06747387950395467,-0.046511627906976716,-0.06829268292682922,0.11162790697674418,0.0,0.18588295469076344,-0.18588295469076344,-0.468691757767949,0.41,19,长期阴跌,,45,0,0
279,MP9 | Rose Iron (Factory New),49.99,48.0,484,16,0.0331,0.9602,steamdt-live,52.9,184,53.5,182,,3,12,9,2,10,4,2,3,0.017653981953707376,-0.03643022359290671,-0.03392078832670087,-0.01941938014907796,0.05268144779230621,0.003815261044176843,0.13060869565217392,-0.13060869565217392,-0.38283950617283946,0.41,5,长期阴跌,,45,0,0
280,M4A1-S | Nitro (Factory New),64.0,63.0,1431,41,0.0287,0.9844,steamdt-live,69.89,440,65.0,413,,3,12,15,2,10,0,0,3,-0.00044523597506684887,-0.04974016332590936,0.028702290076335846,-0.05016325319085779,0.08427528974102161,0.0,0.1644908616187989,-0.1644908616187989,-0.45712104504198825,0.41,7,长期阴跌,,45,0,0
281,FAMAS | Hexane (Factory New),56.4,50.0,307,6,0.0195,0.8865,steamdt-live,62.81,118,56.4,76,,3,6,9,2,8,8,4,5,0.0,-0.008787346221441172,-0.03982450219372258,-0.008787346221441172,0.049865229110512166,0.0,0.06000000000000005,-0.047779841296640146,-0.46540284360189577,0.41,6,长期阴跌,,45,0,0
282,Glock-18 | Green Line (Factory New),36.99,35.2,1513,29,0.0192,0.9516,steamdt-live,37.6,253,37.79,475,,3,9,15,2,10,0,6,0,-0.0029023746701847264,-0.021169621593013943,0.002645502645502784,-0.024010554089709646,0.03747072599531609,0.02493765586034913,0.0955990220048899,-0.0955990220048899,-0.4677697841726618,0.26,7,长期阴跌,,45,0,0
283,★ Driver Gloves | Hand Sweaters (Minimal Wear),1449.0,1780.0,36,25,0.6944,1.2284,steamdt-live,1450.0,37,1497.5,45,"溢价求购:买一高于卖一,多为定向收特定图案,买一价不可作退出价",20,0,4,5,4,0,6,5,-0.0024137931034482474,0.001728309713100673,-0.005486968449931462,-0.0006896551724138167,0.006854009595613442,0.0020746887966804906,0.025875804207087127,-0.025869255384946332,-0.07115384615384612,0.25,4,回撤不明显,买一异常溢价(不作为可成交退出价),44,0,0
284,★ Specialist Gloves | Chocolate Chesterfield (Minimal Wear),1089.0,1670.0,42,21,0.5,1.5335,steamdt-live,1106.0,40,1096.83,34,"溢价求购:买一高于卖一,多为定向收特定图案,买一价不可作退出价",20,0,4,5,4,0,6,5,-0.0009149130832570851,-0.0027472527472527375,-0.005911778080945895,-0.0036596523330283404,0.009549795361528002,0.0,0.01980198019801982,-0.0077448747152619735,-0.07903861441401827,0.41,3,回撤不明显,买一异常溢价(不作为可成交退出价),44,0,0
285,★ Driver Gloves | Wave Chaser (Field-Tested),999.49,1980.0,80,30,0.375,1.981,steamdt-live,997.98,90,1016.5,70,"溢价求购:买一高于卖一,多为定向收特定图案,买一价不可作退出价",20,0,4,5,4,0,6,5,0.0,0.0007320130358485777,-0.0012518778167250888,0.0007320130358485777,0.0005207811717575783,0.008060606060606101,0.025885797950219613,-0.025885797950219613,-0.021108386463952855,0.41,7,回撤不明显,买一异常溢价(不作为可成交退出价),44,0,0
286,★ Specialist Gloves | Blackbook (Field-Tested),1588.0,2340.0,167,44,0.2635,1.4736,steamdt-live,1600.0,163,1587.0,62,"溢价求购:买一高于卖一,多为定向收特定图案,买一价不可作退出价",17,0,7,5,6,0,4,5,-0.0021984924623115187,-0.0009442870632672129,0.005685407454200986,-0.003140703517587995,0.018176418911394654,0.005066497783407176,0.031135531135531136,-0.031135531135531136,-0.04280535835992205,0.41,4,可能加速下跌,买一异常溢价(不作为可成交退出价),44,0,0
287,★ Hand Wraps | Duct Tape (Minimal Wear),404.5,532.0,104,24,0.2308,1.3152,steamdt-live,412.0,69,430.16,62,"溢价求购:买一高于卖一,多为定向收特定图案,买一价不可作退出价",17,0,7,5,8,0,2,5,-0.002409638554216831,-0.021739130434782594,-0.025821596244131495,-0.02409638554216864,0.0357142857142857,0.012499999999999956,0.052631578947368474,-0.0357142857142857,-0.14376321353065535,0.15,8,可能加速下跌,买一异常溢价(不作为可成交退出价),44,0,0
288,Desert Eagle | Directive (Factory New),600.0,566.0,109,19,0.1743,0.9433,steamdt-live,628.0,19,623.88,51,,14,9,7,2,10,0,2,0,0.0062580645161289805,-0.006219144707315549,0.03333333333333344,0.0,0.007221661782837785,0.03333333333333344,0.13286713286713292,-0.0801186943620178,0.3052631578947369,0.21,4,回撤不明显,,44,0,0
289,Desert Eagle | Hypnotic (Factory New),988.5,936.0,237,37,0.1561,0.9469,steamdt-live,980.0,81,1001.94,98,,14,9,7,2,10,0,2,0,-0.0060240963855421326,-0.010101010101010055,0.0060606060606061,-0.016064257028112428,0.018036072144288595,0.00512820512820511,0.12460138098598472,-0.10868576625738968,-0.16595744680851066,0.32,6,可能加速下跌,,44,0,0
290,USP-S | Pathfinder (Factory New),191.57,184.0,129,18,0.1395,0.9605,steamdt-live,187.76,75,193.75,104,,11,12,7,2,10,0,2,0,-0.001612064482579334,-0.022084483566852442,-0.0028519574799065195,-0.023660946437857544,0.026445423904589038,0.0,0.09299516908212557,-0.09299516908212557,-0.46059700634929757,0.41,5,长期阴跌,,44,0,0
291,FAMAS | Waters of Nephthys (Factory New),915.0,1141.0,166,17,0.1024,1.247,steamdt-live,933.79,66,924.59,70,"溢价求购:买一高于卖一,多为定向收特定图案,买一价不可作退出价",11,0,7,2,8,7,4,5,0.0,-0.007592190889370909,-0.024338624338624326,-0.007592190889370909,0.031746031746031744,0.00328947368421062,0.07622412922766275,-0.0713488277681924,-0.308390022675737,0.36,7,长期阴跌,买一异常溢价(不作为可成交退出价),44,0,0
292,P250 | Muertos (Factory New),115.0,113.0,272,21,0.0772,0.9826,steamdt-live,118.98,156,122.08,180,,7,12,9,2,8,1,2,3,0.0010266940451746365,-0.017094017094017144,-0.017815126050420238,-0.01608487337440101,0.04166666666666663,0.0,0.07689837855193449,-0.06807131280388978,-0.3390804597701149,0.41,7,长期阴跌,,44,0,0
293,Tec-9 | Cracked Opal (Factory New),44.0,41.0,410,25,0.061,0.9318,steamdt-live,45.0,173,44.0,93,,7,9,9,2,10,0,4,3,-0.001118818527634735,-0.014336917562724039,0.03930232558139535,-0.015439695681360388,0.022222222222222254,0.023255813953488413,0.12,-0.12,-0.10204081632653061,0.41,8,可能加速下跌,,44,0,0
294,Desert Eagle | Cobalt Disruption (Factory New),596.99,581.0,670,29,0.0433,0.9732,steamdt-live,624.5,286,602.38,225,,3,12,12,2,8,0,2,5,0.008499991715407607,-0.019173265862714728,-0.000778145695364274,-0.010836246748297418,0.027814418551631026,0.016153191489361785,0.06367728477548273,-0.05985826771653546,-0.24374208259437546,0.41,12,可能加速下跌,,44,0,0
295,MP9 | Mount Fuji (Factory New),90.5,86.0,1193,41,0.0344,0.9503,steamdt-live,90.7,514,93.0,347,,3,9,15,2,6,0,6,3,-0.002417582417582387,-0.003084379819343508,-0.0065502183406113135,-0.005494505494505475,0.012008733624454093,0.005555555555555536,0.047368421052631615,-0.041313559322033955,-0.23305084745762716,0.41,11,暂未减速,,44,0,0
296,M4A1-S | Black Lotus (Factory New),71.7,70.0,1521,31,0.0204,0.9763,steamdt-live,74.0,1011,72.85,533,,3,12,15,2,6,0,6,0,0.0,-0.004166666666666652,0.0,-0.004166666666666652,0.02700502103406155,0.024285714285714244,0.03874514009920904,-0.03616077429762066,-0.18559745570195363,0.41,12,暂未减速,,44,0,0
297,M4A4 | Sheet Lightning (Factory New),26.06,23.0,1100,21,0.0191,0.8826,steamdt-live,25.85,543,26.47,665,,3,6,15,2,8,10,0,0,-0.04798172124904809,0.03400000000000003,-0.015003750937734428,-0.015613099771515593,0.030382595648912214,0.03482786228983192,0.07645587709896384,-0.06340579710144922,-0.3539115221194701,0.41,10,长期阴跌,,44,0,0
298,M4A1-S | Glitched Paint (Factory New),33.66,32.1,1453,24,0.0165,0.9537,steamdt-live,32.99,846,32.76,744,,3,9,15,2,6,3,1,5,-0.0030211480362538623,-0.01030303030303037,-0.017804154302670683,-0.01329305135951675,0.030860534124629302,0.08866666666666645,0.03458468814661553,-0.019807923169267827,-0.16470588235294126,0.41,14,可能加速下跌,,44,0,0
299,AWP | Acheron (Factory New),45.0,42.1,2746,44,0.016,0.9356,steamdt-live,48.33,592,48.4,545,,3,9,15,2,10,0,0,5,-0.0020546537908362472,-0.07350216182828906,-0.041740500098444544,-0.0754057941236902,0.13428241631396687,0.0,0.24344317417619366,-0.24344317417619366,-0.5212765957446808,0.41,6,长期阴跌,,44,0,0
300,M4A4 | Dark Operative (Factory New),40.47,38.0,91,22,0.2418,0.939,steamdt-live,39.8,84,39.99,94,,17,9,4,2,4,3,4,0,-0.007197815835194854,-0.0050000000000001155,0.007249999999999979,-0.012161826756018956,0.016555473190017378,0.0,0.02689486552567244,0.007594936708860578,-0.029268292682926855,0.41,8,可能加速下跌,,43,0,0
301,★ Hand Wraps | Badlands (Minimal Wear),2795.3,2610.0,155,29,0.1871,0.9337,steamdt-live,2878.88,20,2838.88,50,,14,9,7,5,8,0,0,0,0.010535714285714315,-0.01749425693585438,0.0,-0.0071428571428571175,0.02233163355020218,0.022058823529411686,0.07317886314385735,-0.07023411371237454,-0.13610938471100065,0.14,6,可能加速下跌,,43,0,0
302,★ Driver Gloves | Dragon Fists (Field-Tested),601.0,734.0,98,18,0.1837,1.2213,steamdt-live,601.99,103,612.5,37,"溢价求购:买一高于卖一,多为定向收特定图案,买一价不可作退出价",14,0,4,5,4,10,6,0,0.004153461217681453,-0.0016445455904583461,-0.008271298593879206,0.002502085070892335,0.006611570247933907,0.008389261744966348,0.021013194331324314,-0.018775510204081636,-0.05205047318611988,0.23,9,回撤不明显,买一异常溢价(不作为可成交退出价),43,0,0
303,AK-47 | The Oligarch (Factory New),1674.5,1630.0,197,32,0.1624,0.9734,steamdt-live,1677.0,179,1726.79,93,,14,12,7,2,2,0,6,0,-0.0035693039857227493,-0.00029850746268655914,-0.004441812259401878,-0.003866745984533071,0.008291382884216714,0.0,0.014130114807182848,-0.013549337260677419,-0.06920511395219564,0.41,2,回撤不明显,,43,0,0
304,★ Sport Gloves | Pandora's Box (Field-Tested),21690.0,28020.0,434,63,0.1452,1.2918,steamdt-live,21849.0,368,21900.0,93,"溢价求购:买一高于卖一,多为定向收特定图案,买一价不可作退出价",11,0,9,5,2,10,6,0,-0.010692743556936612,0.001385681293302632,0.002473660100778652,-0.009321878998355015,0.009367146447338381,0.001385681293302632,0.009367146447338381,0.017840375586854362,-0.07177038819093273,0.41,5,回撤不明显,买一异常溢价(不作为可成交退出价),43,0,0
305,AWP | Containment Breach (Factory New),2499.5,2500.0,152,22,0.1447,1.0002,steamdt-live,2585.13,63,2524.07,92,,11,15,7,2,6,0,2,0,-0.00390625,-0.019803921568627425,0.0039215686274509665,-0.023632812500000044,0.038283955367448996,0.0002000800320127727,0.04940290560584171,-0.04940290560584171,-0.22375776397515523,0.41,3,可能加速下跌,,43,0,0
306,AWP | Gungnir (Factory New),77200.0,76800.0,133,17,0.1278,0.9948,steamdt-live,77776.5,169,78888.0,39,,11,15,7,2,2,0,6,0,-0.003555058404530964,-0.003870967741935516,-6.428635714983422e-06,-0.007412264630061727,0.007418645615027586,0.0,0.007418645615027586,-0.004513217279174753,0.0025974025974024872,0.36,3,回撤不明显,,43,0,0
307,★ Specialist Gloves | Tiger Strike (Minimal Wear),2049.5,3390.0,312,29,0.0929,1.6541,steamdt-live,2118.5,241,2109.0,99,"溢价求购:买一高于卖一,多为定向收特定图案,买一价不可作退出价",7,0,9,5,6,10,6,0,0.007073170731707323,-0.007265681763138798,-0.008943678994440374,-0.00024390243902439046,0.009903381642512032,0.0,0.04674418604651165,-0.021718377088305485,-0.11659482758620687,0.41,5,回撤不明显,买一异常溢价(不作为可成交退出价),43,0,0
308,Glock-18 | Bullet Queen (Factory New),707.0,683.0,461,42,0.0911,0.9661,steamdt-live,741.49,100,711.4,137,,7,12,9,2,10,0,0,3,-0.0021899808376677488,-0.03017832647462282,-0.005309734513274322,-0.03230221735559813,0.03744043567052413,0.0,0.09242618741976893,-0.08655150583340876,-0.19476082004555806,0.41,11,可能加速下跌,,43,0,0
309,FAMAS | Meltdown (Factory New),439.49,406.0,160,12,0.075,0.9238,steamdt-live,431.31,58,437.22,101,,7,6,7,2,10,4,2,5,0.0011264051904751327,-0.029433605616688063,-0.067085601395515,-0.028340354592353956,0.09352472625627872,0.0,0.10904771741375752,-0.11070103092783501,-0.40549965541006205,0.32,3,长期阴跌,,43,0,0
310,Glock-18 | Water Elemental (Factory New),259.0,253.0,692,48,0.0694,0.9768,steamdt-live,267.0,288,270.0,339,,7,12,12,2,10,0,0,0,-0.010665685913938905,-0.03717472118959109,-0.042875246409462164,-0.04744391320338348,0.08828499014362146,0.0,0.1645161290322581,-0.14802631578947367,-0.392018779342723,0.41,12,长期阴跌,,43,0,0
311,Tec-9 | Isaac (Factory New),99.9,87.0,253,17,0.0672,0.8709,steamdt-live,99.01,88,101.02,164,,7,3,9,2,10,6,6,0,-0.0015089025248967713,-0.0025186379206125764,-0.010156327790500908,-0.004023740066391612,0.008114606291324211,0.042210526315789476,0.09876206080466043,-0.09876206080466043,-0.4325749326608975,0.29,4,长期阴跌,,43,0,0
312,Tec-9 | Mummy's Rot (Factory New),61.7,55.0,512,25,0.0488,0.8914,steamdt-live,56.68,83,57.99,106,,3,6,12,2,10,5,0,5,-0.0008506294658047198,-0.03797037289289962,-0.14811594202898548,-0.03878870364069409,0.1811594202898551,0.0,0.19239565465980557,-0.19274182026003706,-0.4738312534922704,0.12,3,长期阴跌,,43,0,0
313,Five-SeveN | Scumbria (Factory New),29.55,26.9,349,17,0.0487,0.9103,steamdt-live,30.03,67,30.17,136,,3,6,9,2,10,6,2,5,0.0,-0.016638935108153063,-0.044818817546090295,-0.016638935108153063,0.06071201525746983,0.0,0.08201304753028882,-0.08115671641791034,-0.4370356258334921,0.41,4,长期阴跌,,43,0,0
314,M4A4 | The Battlestar (Factory New),520.0,491.0,681,28,0.0411,0.9442,steamdt-live,535.0,93,530.62,206,,3,9,12,2,10,2,0,5,0.0,-0.03078358208955223,-0.042857142857142816,-0.03078358208955223,0.07232142857142854,0.0,0.11949152542372876,-0.1187446988973706,-0.2578571428571429,0.2,8,可能加速下跌,,43,0,0
315,P250 | Steel Disruption (Factory New),33.73,30.1,248,10,0.0403,0.8924,steamdt-live,35.15,136,34.82,95,,3,6,7,2,8,8,4,5,-0.00557675374229516,-0.005312868949232552,-0.04938616071428581,-0.01085999412973282,0.0597098214285714,0.0,0.0729023383768913,-0.06906077348066297,-0.4641437430434091,0.14,13,长期阴跌,,43,0,0
316,USP-S | Bleeding Edge (Factory New),30.0,30.0,896,33,0.0368,1.0,steamdt-live,30.0,505,33.0,381,,3,15,12,2,6,0,2,3,0.002275682704811377,-0.02692182938696075,0.0006506180871830303,-0.024707412223667125,0.04580152671755733,0.0,0.04580152671755733,-0.04458598726114649,-0.1963568175729975,0.35,10,可能加速下跌,,43,0,0
317,MP9 | Hypnotic (Factory New),89.3,84.0,537,16,0.0298,0.9406,steamdt-live,88.99,203,94.71,287,,3,9,12,2,8,0,4,5,-0.009038800705467254,-0.010122358175750912,-0.007005253940455369,-0.01906966490299833,0.024125452352231624,0.05940476190476174,0.07302083333333342,-0.07302083333333342,-0.2839555841647893,0.32,4,可能加速下跌,,43,0,0
318,FAMAS | Survivor Z (Factory New),25.67,24.2,1155,31,0.0268,0.9427,steamdt-live,27.4,264,25.94,331,,3,9,15,2,10,1,0,3,-0.01911544227886053,-0.01910584638899504,-0.0468024294390853,-0.03785607196401797,0.08288674526616635,0.026800000000000157,0.19781249999999995,-0.19781249999999995,-0.4852616803689592,0.41,10,长期阴跌,,43,0,0
319,AWP | Mortis (Factory New),69.3,65.0,1005,22,0.0219,0.938,steamdt-live,67.98,335,69.32,428,,3,9,15,2,10,0,4,0,-0.010613884107859906,-0.014496955639315745,-0.002146844139115589,-0.024956970740103168,0.027189467658843558,0.0002942907592702326,0.08873994638069693,-0.0813513513513513,-0.33352941176470585,0.37,4,长期阴跌,,43,0,0
320,AK-47 | Elite Build (Factory New),50.57,47.0,1141,19,0.0167,0.9294,steamdt-live,50.0,714,51.07,444,,3,6,15,2,6,0,6,5,-0.0041407867494822614,0.03950103950103956,-0.0020661157024793875,0.035196687370600444,0.0,0.04384133611691032,0.036608863198458574,-0.015166436872168676,-0.25705794947994054,0.41,5,回撤不明显,,43,0,0
321,★ Specialist Gloves | Lime Polycam (Minimal Wear),3458.0,4640.0,39,44,1.1282,1.3418,steamdt-live,3487.5,40,3566.47,35,"溢价求购:买一高于卖一,多为定向收特定图案,买一价不可作退出价",20,0,4,5,2,0,6,5,0.005807200929152101,-0.0017321016166281789,0.0013083296990841209,0.004065040650406582,0.011435105774728394,0.0053786887629014846,0.011435105774728394,0.002318840579710102,-0.08999999999999997,0.41,6,可能加速下跌,买一异常溢价(不作为可成交退出价),42,0,0
322,★ Driver Gloves | Dragon Fists (Minimal Wear),1267.0,1790.0,41,23,0.561,1.4128,steamdt-live,1265.0,42,1285.16,35,"溢价求购:买一高于卖一,多为定向收特定图案,买一价不可作退出价",20,0,4,5,4,0,6,3,-0.0035447026388342184,-0.00039525691699604515,-0.0003937007874015297,-0.003938558487593502,0.008235294117647007,0.0035714285714285587,0.019387359441644048,-0.019387359441644048,-0.06333333333333335,0.16,4,回撤不明显,买一异常溢价(不作为可成交退出价),42,0,0
323,★ Sport Gloves | Red Racer (Minimal Wear),1830.0,2440.0,47,25,0.5319,1.3333,steamdt-live,1818.5,60,1871.61,28,"溢价求购:买一高于卖一,多为定向收特定图案,买一价不可作退出价",20,0,4,5,2,0,6,5,0.0,-0.0005496015388842812,-0.0013721185510428002,-0.0005496015388842812,0.011684782608695654,0.0019283746556473247,0.011684782608695654,-0.010609357997823698,-0.05679460580912865,0.16,5,暂未减速,买一异常溢价(不作为可成交退出价),42,0,0
324,USP-S | Spiral Glitch (Factory New),499.99,488.0,38,18,0.4737,0.976,steamdt-live,503.77,49,499.9,61,,20,12,4,2,4,0,0,0,0.0,0.0008008008008006939,-0.018432636377928024,0.0008008008008006939,0.01764659644709954,0.0008008008008006939,0.02697757707879167,-0.019803921568627536,-0.08837260194033125,0.34,1,价格更新稀疏,,42,0,0
325,★ Driver Gloves | Lunar Weave (Minimal Wear),4100.0,3810.0,156,25,0.1603,0.9293,steamdt-live,4499.0,22,4207.4,63,,14,6,7,5,10,0,0,0,-0.00221988550064256,-0.03981264637002346,-0.019587628865979423,-0.04194415235424698,0.060710194730813294,0.0,0.12765957446808507,-0.12765957446808507,-0.3581715716969317,0.29,5,长期阴跌,,42,0,0
326,★ Bloodhound Gloves | Guerrilla (Minimal Wear),1189.5,1120.0,136,17,0.125,0.9416,steamdt-live,1199.0,21,1206.74,57,,11,9,7,5,6,0,4,0,0.0,-0.014286424581931523,-0.005054127812543663,-0.014286424581931523,0.019268346978653872,0.0,0.03762135922330101,-0.03762135922330101,-0.21743421052631584,0.18,2,可能加速下跌,,42,0,0
327,USP-S | Orange Anolis (Factory New),407.99,396.0,249,27,0.1084,0.9706,steamdt-live,416.0,66,417.06,134,,11,12,7,2,8,0,2,0,0.003279953694771409,-0.019254807692307696,-0.0020697954271962082,-0.01603800887516882,0.02160671462829733,0.017431421446383988,0.06404991856117093,-0.06105587775016108,-0.4150681003584229,0.37,10,长期阴跌,,42,0,0
328,Glock-18 | Twilight Galaxy (Factory New),3040.0,2840.0,305,23,0.0754,0.9342,steamdt-live,3098.5,88,3051.0,166,,7,9,9,2,8,0,2,5,0.0,-0.018880103275778604,0.01060013046314423,-0.018880103275778604,0.018880103275778604,0.048275862068965614,0.06447145714725344,-0.061122761287373595,-0.2020997375328084,0.41,6,可能加速下跌,,42,0,0
329,Galil AR | Kami (Factory New),29.0,27.4,493,27,0.0548,0.9448,steamdt-live,29.55,202,30.75,115,,3,9,9,2,10,0,4,5,-0.0037800687285224344,0.00034494653328742686,-0.0068259385665528916,-0.003436426116838587,0.029775844764135195,0.007294199374783039,0.11314984709480125,-0.10769230769230764,-0.4150867285195643,0.41,3,长期阴跌,,42,0,0
330,MP9 | Latte Rush (Factory New),319.0,305.0,517,28,0.0542,0.9561,steamdt-live,339.0,175,326.38,252,,3,9,12,2,10,1,2,3,-0.010687022900763399,-0.015432098765432056,-0.032210401891252904,-0.025954198473282397,0.05677114133648731,0.003144654088050425,0.08175014392630964,-0.053412462908011826,-0.28635346756152125,0.29,9,暂未减速,,42,0,0
331,Glock-18 | Shinobu (Factory New),114.5,113.0,1008,50,0.0496,0.9869,steamdt-live,118.88,362,125.0,183,,3,12,15,2,8,0,2,0,0.017094017094017033,-0.04201680672268904,0.011235955056179803,-0.02564102564102566,0.04201680672268904,0.004405286343612369,0.06938775510204087,-0.06938775510204087,-0.1809167983905734,0.41,13,可能加速下跌,,42,0,0
332,M4A4 | Hellish (Factory New),680.0,656.0,647,32,0.0495,0.9647,steamdt-live,693.5,187,685.0,244,,3,12,12,2,10,1,2,0,-0.0007184011264529389,-0.022272067175660326,-0.025906228131560516,-0.022974468023965855,0.04828551434569628,0.0,0.11283904551918489,-0.10936476751800916,-0.2648648648648648,0.41,14,可能加速下跌,,42,0,0
333,USP-S | Black Lotus (Factory New),134.5,128.0,654,31,0.0474,0.9517,steamdt-live,148.0,136,143.18,177,,3,9,12,2,10,0,6,0,-0.02430555555555558,-0.042704626334519546,-0.05573770491803276,-0.06597222222222221,0.12091503267973858,0.034615384615384714,0.1984983016506764,-0.1984983016506764,-0.41564930268931655,0.36,15,长期阴跌,,42,0,0
334,AK-47 | Inheritance (Factory New),697.5,693.0,831,39,0.0469,0.9935,steamdt-live,697.35,710,702.2,245,,3,15,12,2,4,0,6,0,-0.0021443888491780028,-0.0016475644699139869,-0.004270462633451988,-0.0037884203002144234,0.010156249999999978,0.003947501116537744,0.01852112676056339,-0.01782945736434105,-0.10888746803069049,0.41,17,暂未减速,,42,0,0
335,Tec-9 | Ossified (Factory New),62.9,57.0,554,23,0.0415,0.9062,steamdt-live,65.99,61,64.24,208,,3,6,12,2,10,6,0,3,-0.0028050490883589907,-0.017033911548679503,-0.047640249332145945,-0.01979117967897781,0.064823074635742,0.016155088852988664,0.15649725090518973,-0.15819057815845827,-0.5047244094488189,0.33,8,长期阴跌,,42,0,0
336,Five-SeveN | Boost Protocol (Factory New),59.0,57.0,1393,56,0.0402,0.9661,steamdt-live,61.0,283,62.64,272,,3,12,15,2,10,0,0,0,-0.0015948963317384823,-0.057507987220447254,-0.004761904761904745,-0.05901116427432218,0.07509013952030097,0.0,0.15351506456241037,-0.15107913669064743,-0.35519125683060104,0.41,11,长期阴跌,,42,0,0
337,M4A4 | X-Ray (Factory New),810.0,800.0,1092,42,0.0385,0.9877,steamdt-live,847.0,256,828.0,254,,3,12,15,2,10,0,0,0,0.0007118282121247876,-0.029638411381149976,-0.02890586297077158,-0.028947680626408845,0.057016785907671785,0.004294478527607337,0.10790190735694827,-0.10790190735694827,-0.2857766143106457,0.41,11,可能加速下跌,,42,0,0
338,Glock-18 | Nuclear Garden (Factory New),229.0,225.0,2412,83,0.0344,0.9825,steamdt-live,235.85,319,235.22,280,,3,12,15,2,10,0,0,0,-0.012295081967213073,-0.05601659751037347,-0.04313725490196074,-0.06762295081967218,0.1095890410958904,0.0,0.17272727272727273,-0.17272727272727273,-0.4196428571428571,0.41,17,长期阴跌,,42,0,0
339,Desert Eagle | Heat Treated (Factory New),188.5,3350.0,2015,65,0.0323,17.7719,steamdt-live,199.5,317,194.12,370,"溢价求购:买一高于卖一,多为定向收特定图案,买一价不可作退出价",3,0,15,2,10,5,2,5,-0.005181347150259086,-0.01822916666666663,-0.08304827061953624,-0.023316062176165775,0.10442797415431393,0.014095115128039515,0.17135572358009488,-0.165929203539823,-0.3859934853420195,0.41,15,长期阴跌,买一异常溢价(不作为可成交退出价),42,0,0
340,AK-47 | Phantom Disruptor (Factory New),122.5,117.0,1619,36,0.0222,0.9551,steamdt-live,131.0,334,131.0,558,,3,9,15,2,10,1,2,0,0.011727912431587217,-0.05332302936630606,-0.05392410681263404,-0.04222048475371387,0.09057164068299917,0.0,0.13065076999503222,-0.13065076999503222,-0.3213296398891967,0.33,16,长期阴跌,,42,0,0
341,M4A4 | Evil Daimyo (Factory New),51.7,49.0,1839,33,0.0179,0.9478,steamdt-live,51.8,964,53.8,707,,3,9,15,2,10,0,0,3,-0.0018982536066818323,-0.0167364016736401,-0.01532710280373828,-0.018602885345482045,0.03183520599250933,0.013725490196078383,0.09058927000879502,-0.09058927000879502,-0.24854651162790686,0.3,11,可能加速下跌,,42,0,0
342,★ Broken Fang Gloves | Yellow-banded (Minimal Wear),431.5,506.0,108,17,0.1574,1.1727,steamdt-live,434.5,58,459.5,59,"溢价求购:买一高于卖一,多为定向收特定图案,买一价不可作退出价",14,0,7,5,4,0,6,5,-0.002309468822170868,-0.0011574074074074403,0.004640371229698292,-0.0034642032332563577,0.012382412853905844,0.027380952380952284,0.027057497181510737,-0.02375565610859731,-0.13440320962888663,0.35,6,可能加速下跌,买一异常溢价(不作为可成交退出价),41,0,0
343,★ Driver Gloves | Diamondback (Minimal Wear),2776.5,2580.0,192,22,0.1146,0.9292,steamdt-live,2900.0,25,2859.5,48,,11,6,7,5,10,0,2,0,-0.000702247191011196,-0.024595924104005573,-0.01350883269830272,-0.0252808988764045,0.03844821614132321,0.0,0.08382838283828387,-0.08382838283828387,-0.2692813898394314,0.41,2,可能加速下跌,,41,0,0
344,AWP | LongDog (Factory New),2650.0,2540.0,329,36,0.1094,0.9585,steamdt-live,2729.5,124,2720.0,176,,11,9,9,2,10,0,0,0,-0.011050724637681197,-0.029126213592232997,-0.028849503340968807,-0.03985507246376807,0.06755477675853883,0.027131782945736482,0.10839554937974616,-0.09817934320231414,-0.30989583333333337,0.41,9,长期阴跌,,41,0,0
345,★ Hydra Gloves | Mangrove (Field-Tested),171.3,168.0,119,10,0.084,0.9807,steamdt-live,176.0,119,173.3,359,,7,12,7,5,6,0,4,0,-0.003988669865310102,-0.00580383052814859,-0.004660529344073683,-0.009769350829527679,0.01721170395869187,0.007647058823529562,0.03220338983050841,-0.029461756373937664,-0.0902814657461497,0.41,14,可能加速下跌,,41,0,0
346,P250 | Wingshot (Factory New),40.41,35.6,219,15,0.0685,0.881,steamdt-live,41.82,110,41.2,135,,7,6,7,2,6,9,4,0,0.0,-0.0004946821667080048,-0.008825692571708732,-0.0004946821667080048,0.009316008825692612,0.010502625656414022,0.03968631178707227,0.027198779867818823,-0.40564788939549934,0.23,2,长期阴跌,,41,0,0
347,USP-S | Printstream (Factory New),615.0,608.0,501,33,0.0659,0.9886,steamdt-live,622.0,411,621.39,148,,7,12,12,2,6,0,2,0,-0.0011520000000000419,-0.014865124623566262,-0.008565989847715727,-0.016000000000000014,0.024428934010152226,0.0,0.03755868544600938,-0.023034154090548098,-0.08140403286034359,0.41,13,可能加速下跌,,41,0,0
348,Desert Eagle | Light Rail (Factory New),69.0,65.0,426,28,0.0657,0.942,steamdt-live,69.55,164,68.43,214,,7,9,9,2,8,0,3,3,0.011111111111111072,0.030106879421947896,0.040709646760652696,0.04155251141552507,0.01127004768097073,0.09330563987857499,0.07776280323450124,-0.07776280323450124,-0.31501501501501494,0.41,8,长期阴跌,,41,0,0
349,USP-S | Neo-Noir (Factory New),690.0,679.0,486,26,0.0535,0.9841,steamdt-live,705.0,221,689.4,170,,3,12,9,2,4,5,6,0,-0.005608283002588421,-0.0030368763557484524,0.009288824383163918,-0.008628127696289956,0.00877066858375275,0.002034883720930303,0.019345661450924645,-0.010193826274228268,-0.06204081632653069,0.41,5,回撤不明显,,41,0,0
350,★ Specialist Gloves | Tiger Strike (Field-Tested),997.5,1470.0,996,47,0.0472,1.4737,steamdt-live,996.48,815,1001.0,299,"溢价求购:买一高于卖一,多为定向收特定图案,买一价不可作退出价",3,0,15,5,2,10,6,0,-0.008521303258145374,0.0075631951466128555,0.007575757575757569,-0.0010225563909774804,0.0025225225225224968,0.0075631951466128555,0.008872090710165037,-0.0025225225225224968,-0.08686209645642229,0.41,12,回撤不明显,买一异常溢价(不作为可成交退出价),41,0,0
351,MP9 | Ruby Poison Dart (Factory New),30.0,28.7,547,24,0.0439,0.9567,steamdt-live,29.8,240,28.85,289,,3,9,12,2,4,0,6,5,0.012099644128113818,0.0182841068917019,-0.0074178735429175635,0.030604982206405618,0.0,0.030604982206405618,0.02491582491582489,-0.021621621621621623,-0.24681404421326403,0.13,5,回撤不明显,,41,0,0
352,M4A1-S | Guardian (Factory New),388.49,371.0,701,25,0.0357,0.955,steamdt-live,399.49,325,412.96,223,,3,9,12,2,10,0,2,3,-0.024414634146341485,-0.028750718767969197,-0.0341578327444052,-0.05246341463414628,0.08374999999999999,0.0,0.14406891689433332,-0.13955703211517168,-0.2871743119266055,0.3,4,可能加速下跌,,41,0,0
353,USP-S | Lead Conduit (Factory New),74.0,69.0,586,20,0.0341,0.9324,steamdt-live,82.11,115,78.54,106,,3,9,12,2,10,0,0,5,-0.0011689829848030575,-0.03771131339401823,-0.03762500000000002,-0.03883621249512914,0.07499999999999996,0.0,0.14371673223790793,-0.14371673223790793,-0.4263565891472868,0.41,4,长期阴跌,,41,0,0
354,USP-S | Orion (Factory New),563.5,535.0,535,18,0.0336,0.9494,steamdt-live,578.0,197,591.85,258,,3,9,12,2,10,0,2,3,-0.010282776349614386,-0.024242424242424288,-0.0016767040788393528,-0.03427592116538136,0.055322715842414105,0.0,0.10694475260705572,-0.10765186545892191,-0.3051787916152897,0.41,13,长期阴跌,,41,0,0
355,Glock-18 | Vogue (Factory New),69.39,65.0,918,29,0.0316,0.9367,steamdt-live,68.9,318,71.96,643,,3,9,15,2,8,0,4,0,-0.007102272727272707,-0.014306151645207432,-0.007052186177715081,-0.021306818181818232,0.029577464788732355,0.0,0.07479521955149715,-0.0751677852348992,-0.23359288097886544,0.3,7,可能加速下跌,,41,0,0
356,★ Sport Gloves | Superconductor (Minimal Wear),17100.0,31000.0,176,37,0.2102,1.8129,steamdt-live,17200.0,145,17100.0,42,"溢价求购:买一高于卖一,多为定向收特定图案,买一价不可作退出价",17,0,7,5,4,0,4,3,0.0,-0.0029446064139941885,-0.0029069767441860517,-0.0029446064139941885,0.005843023255813984,0.005882525956645734,0.01695938371324268,-0.017015894915351715,-0.12265264238070805,0.06,3,回撤不明显,买一异常溢价(不作为可成交退出价),40,0,0
357,★ Driver Gloves | Garden (Field-Tested),1108.5,1520.0,149,30,0.2013,1.3712,steamdt-live,1120.0,157,1123.2,136,"溢价求购:买一高于卖一,多为定向收特定图案,买一价不可作退出价",17,0,7,5,0,0,6,5,0.010938924339106704,-0.00045085662759247747,-0.0009107468123861207,0.010483135824977285,0.0013513513513513375,0.017439192290041206,0.0013513513513513375,0.00362154821186067,-0.12705537705537695,0.41,2,回撤不明显,买一异常溢价(不作为可成交退出价),40,0,0
358,AK-47 | Rat Rod (Factory New),450.0,434.0,481,35,0.0728,0.9644,steamdt-live,479.27,49,466.79,146,,7,12,9,2,10,0,0,0,-0.02374005583426042,-0.03246613631477102,-0.017711340206185477,-0.05543544426019609,0.07118825981960408,0.0,0.1400233149234621,-0.14122137404580148,-0.24874791318864775,0.4,20,可能加速下跌,,40,0,0
359,AWP | CMYK (Factory New),3670.0,3550.0,288,20,0.0694,0.9673,steamdt-live,3805.73,91,3700.0,84,,7,12,9,2,8,0,2,0,0.0002632618138738163,-0.034083432030530325,0.0,-0.03382914308279583,0.04675324675324677,0.0,0.07076845170274715,-0.06603893625143153,-0.23762279570160516,0.41,8,可能加速下跌,,40,0,0
360,AWP | Ice Coaled (Factory New),173.5,168.0,376,25,0.0665,0.9683,steamdt-live,178.5,240,183.0,151,,7,12,9,2,6,0,4,0,-0.011267605633802802,-0.01139601139601143,-0.008379888268156388,-0.022535211267605604,0.030726256983240274,0.0,0.04565456545654567,-0.04143646408839774,-0.09626002708615478,0.4,11,可能加速下跌,,40,0,0
361,AWP | Elite Build (Factory New),400.0,386.0,366,24,0.0656,0.965,steamdt-live,415.66,81,429.05,132,,7,12,9,2,10,0,0,0,-0.009546539379474916,-0.03614457831325302,-0.01680120142669428,-0.04534606205250602,0.06138539515674868,0.0,0.10813823857302118,-0.10813823857302118,-0.29824561403508776,0.41,6,可能加速下跌,,40,0,0
362,★ Driver Gloves | Rezan the Red (Field-Tested),359.0,460.0,226,14,0.0619,1.2813,steamdt-live,363.0,183,377.0,127,"溢价求购:买一高于卖一,多为定向收特定图案,买一价不可作退出价",7,0,7,5,0,10,6,5,0.019714285714285573,0.00588400112076215,-0.017681728880157177,0.0257142857142858,0.002777777777777768,0.04970760233918137,0.002777777777777768,0.009845288326300938,-0.05675249605885446,0.41,5,回撤不明显,买一异常溢价(不作为可成交退出价),40,0,0
363,★ Sport Gloves | Slingshot (Field-Tested),2117.9,3750.0,1053,59,0.056,1.7706,steamdt-live,2121.5,870,2141.72,256,"溢价求购:买一高于卖一,多为定向收特定图案,买一价不可作退出价",3,0,15,5,2,10,2,3,0.0009532888465204614,0.0085238095238096,-0.008928149652794204,0.00948522402287888,0.0,0.028106796116504906,0.013553795994410756,0.02067469879518069,-0.08693890220559064,0.38,6,回撤不明显,买一异常溢价(不作为可成交退出价),40,0,0
364,Galil AR | Stone Cold (Factory New),122.0,116.0,361,19,0.0526,0.9508,steamdt-live,118.25,155,128.04,117,,3,9,9,2,10,2,2,3,-0.03067092651757186,-0.025626235992089685,-0.0656019105903426,-0.05551118210862627,0.11747145309351448,0.0,0.16419281877297143,-0.1568026240730177,-0.3775988209905785,0.4,6,长期阴跌,,40,0,0
365,Glock-18 | Ironwork (Factory New),188.38,179.0,670,35,0.0522,0.9502,steamdt-live,187.99,100,190.16,157,,3,9,12,2,10,1,0,3,-0.0006098800569221963,-0.043989015459723224,-0.05403846153846159,-0.04457206749339293,0.09620192307692299,0.04438888888888903,0.12178828365878724,-0.11325471698113199,-0.4215692307692307,0.41,8,长期阴跌,,40,0,0
366,AK-47 | Safari Mesh (Factory New),35.76,33.4,618,31,0.0502,0.934,steamdt-live,38.9,182,36.36,199,,3,9,12,2,8,0,6,0,-0.0054510765876258915,-0.02000548095368604,-0.02575677110993091,-0.025347506132461173,0.05045140732873077,0.022883295194507935,0.07501293326435587,-0.07501293326435587,-0.3123076923076924,0.41,13,长期阴跌,,40,0,0
367,FAMAS | Decommissioned (Factory New),24.5,22.5,647,16,0.0247,0.9184,steamdt-live,24.0,91,24.12,108,,3,6,12,2,10,0,4,3,-0.003691550451189518,-0.01193906957595714,0.003292181069958877,-0.015586546349466768,0.027946537059538312,0.0,0.08779931584948686,-0.08814589665653494,-0.5238095238095237,0.39,4,长期阴跌,,40,0,0
368,AWP | Sovereign Flame (Factory New),2949.5,2810.0,19,30,1.5789,0.9527,steamdt-live,3045.0,16,3028.6,47,,20,9,2,2,6,0,0,0,0.0,-0.016013344453711387,0.016794493875488037,-0.016013344453711387,0.03295081967213109,0.03491228070175434,0.03295081967213109,-0.014533912462412313,-0.0685475721287454,0.37,9,可能加速下跌,,39,0,0
369,★ Driver Gloves | Seigaiha (Field-Tested),480.5,674.0,59,22,0.3729,1.4027,steamdt-live,493.49,81,497.48,54,"溢价求购:买一高于卖一,多为定向收特定图案,买一价不可作退出价",20,0,4,5,4,0,6,0,0.0,-0.0010395010395010118,0.0031282586027112647,-0.0010395010395010118,0.0010395010395010118,0.0021064047216834414,0.021364997250453155,-0.021364997250453155,-0.0830152671755725,0.29,4,回撤不明显,买一异常溢价(不作为可成交退出价),39,0,0
370,MP9 | Wild Lily (Factory New),16499.5,15560.0,30,10,0.3333,0.9431,steamdt-live,15999.39,27,16874.33,23,,20,9,4,2,4,0,0,0,0.0,0.0,0.0,0.0,0.0,0.0,0.024427439024390263,-0.024427439024390263,-0.030222451206206813,0.21,0,价格更新稀疏,,39,0,0
371,★ Driver Gloves | Plum Quill (Field-Tested),624.5,672.0,55,13,0.2364,1.0761,steamdt-live,624.9,40,650.0,30,"溢价求购:买一高于卖一,多为定向收特定图案,买一价不可作退出价",17,0,4,5,2,0,6,5,0.0024350649350648457,0.011336032388663986,-0.004846526655896577,0.01379870129870131,0.0,0.023770491803278615,0.007154213036565937,0.02884726272261484,-0.042030986347599275,0.16,4,回撤不明显,买一异常溢价(不作为可成交退出价),39,0,0
372,★ Moto Gloves | Blood Pressure (Minimal Wear),1230.0,1820.0,118,27,0.2288,1.4797,steamdt-live,1276.5,83,1269.99,76,"溢价求购:买一高于卖一,多为定向收特定图案,买一价不可作退出价",17,0,7,5,4,0,6,0,0.016261484673550708,-0.01592127370189622,0.024916666666666698,8.130742336764918e-05,0.016000000000000014,0.02499999999999991,0.024923896499238984,-0.016000000000000014,-0.16212534059945505,0.41,6,可能加速下跌,买一异常溢价(不作为可成交退出价),39,0,0
373,★ Sport Gloves | Blaze (Field-Tested),725.0,900.0,100,19,0.19,1.2414,steamdt-live,758.9,105,746.2,56,"溢价求购:买一高于卖一,多为定向收特定图案,买一价不可作退出价",14,0,7,5,2,0,6,5,0.0,-0.002064693737095613,0.00206896551724145,-0.002064693737095613,0.006849315068493178,0.0013812154696133394,0.012261580381471404,0.01469559132260323,-0.1048277565131498,0.16,4,回撤不明显,买一异常溢价(不作为可成交退出价),39,0,0
374,★ Specialist Gloves | Chocolate Chesterfield (Field-Tested),536.0,790.0,113,21,0.1858,1.4739,steamdt-live,540.0,111,537.5,58,"溢价求购:买一高于卖一,多为定向收特定图案,买一价不可作退出价",14,0,7,5,2,0,6,5,0.00020469305346204614,-0.0027906976744186407,-0.00020465116279066997,-0.002586575857384754,0.010156971375807955,0.0009337068160597539,0.012891344383057057,0.032755298651252485,-0.05964912280701751,0.39,4,暂未减速,买一异常溢价(不作为可成交退出价),39,0,0
375,★ Moto Gloves | Spearmint (Field-Tested),11200.0,13920.0,420,68,0.1619,1.2429,steamdt-live,11500.0,188,11666.0,104,"溢价求购:买一高于卖一,多为定向收特定图案,买一价不可作退出价",14,0,9,5,8,0,0,3,-0.0012998266897746857,-0.02819956616052066,-0.003454231433506094,-0.029462738301559765,0.03114186851211076,0.018228101277330877,0.05325363757703938,-0.05325363757703938,-0.23287671232876717,0.4,7,可能加速下跌,买一异常溢价(不作为可成交退出价),39,0,0
376,★ Sport Gloves | Occult (Field-Tested),3125.0,4010.0,267,42,0.1573,1.2832,steamdt-live,3150.0,308,3144.9,110,"溢价求购:买一高于卖一,多为定向收特定图案,买一价不可作退出价",14,0,9,5,2,0,6,3,0.0,-0.0011187470033562352,0.010823909531502363,-0.0011187470033562352,0.007779012541673236,0.009693053311793154,0.007779012541673236,0.013130166963851497,-0.038313586705646996,0.16,4,回撤不明显,买一异常溢价(不作为可成交退出价),39,0,0
377,★ Sport Gloves | Scarlet Shamagh (Minimal Wear),1960.0,2800.0,171,26,0.152,1.4286,steamdt-live,1966.0,163,1990.99,65,"溢价求购:买一高于卖一,多为定向收特定图案,买一价不可作退出价",14,0,7,5,2,0,6,5,-0.0007637474541751788,-0.001273885350318471,-0.003045685279187804,-0.0020366598778004397,0.005076142131979711,0.0002551671344730444,0.010101010101010055,0.010309278350515427,-0.10461397898583824,0.35,3,回撤不明显,买一异常溢价(不作为可成交退出价),39,0,0
378,MP9 | Dart (Factory New),21.27,19.4,108,15,0.1389,0.9121,steamdt-live,20.69,89,21.58,110,,11,6,7,2,2,0,6,5,-0.0047869794159886014,-0.004810004810004709,-0.005238095238095264,-0.00957395883197698,0.014761904761904754,0.0,0.014761904761904754,0.11958874458874469,-0.4953658536585366,0.31,2,长期阴跌,,39,0,0
379,★ Driver Gloves | Crimson Weave (Minimal Wear),7200.0,6620.0,147,18,0.1224,0.9194,steamdt-live,7742.0,25,7510.48,36,,11,6,7,5,10,0,0,0,-0.001178166223545274,-0.05635525079325132,-0.001437910376353435,-0.05746702116379254,0.05876078013044006,0.043553880715993865,0.0975181749811983,-0.0975181749811983,-0.3129770992366412,0.28,10,长期阴跌,,39,0,0
380,P250 | Crimson Kimono (Factory New),140.82,131.0,132,11,0.0833,0.9303,steamdt-live,139.0,66,142.04,105,,7,9,7,2,6,4,4,0,-0.012345679012345734,-0.0071428571428571175,0.013875974536871505,-0.01940035273368612,0.0303453086850366,0.0,0.04349022846132666,-0.04349022846132666,-0.36952873406812714,0.23,3,长期阴跌,,39,0,0
381,P250 | Cartel (Factory New),198.6,185.0,82,5,0.061,0.9315,steamdt-live,202.69,49,208.99,73,,7,9,4,2,8,2,4,3,-0.011384918679152256,-0.010967645445934537,-0.031411113232766796,-0.022227698373583182,0.05294061485583346,0.0,0.06463932107496473,-0.04159420289855076,-0.25688279581975515,0.16,17,暂未减速,,39,0,0
382,Glock-18 | Franklin (Factory New),670.0,633.0,469,28,0.0597,0.9448,steamdt-live,717.74,89,698.0,157,,3,9,9,2,10,1,0,5,-0.0007194244604316058,-0.035997120230381596,-0.04338490337499312,-0.03669064748201434,0.07848373066123437,0.0,0.11896302145019078,-0.11896302145019078,-0.3493619957433989,0.41,10,长期阴跌,,39,0,0
383,P250 | See Ya Later (Factory New),676.99,676.0,285,15,0.0526,0.9985,steamdt-live,716.9,115,689.49,92,,3,15,9,2,6,0,4,0,-0.006001019590707202,-0.007971513561830457,0.002262773722627731,-0.013924695943485443,0.018001160429358842,0.0,0.04649295774647888,-0.03287142857142855,-0.10153948241539479,0.41,8,可能加速下跌,,39,0,0
384,Glock-18 | Sacrifice (Factory New),45.77,42.3,438,21,0.0479,0.9242,steamdt-live,42.78,128,44.51,166,,3,6,9,2,10,4,2,3,-0.042123738481790296,-0.020384791571232075,-0.065983606557377,-0.06164984642387006,0.12356557377049171,0.0,0.13157360406091367,-0.10523012552301247,-0.42828498863788256,0.41,6,长期阴跌,,39,0,0
385,AK-47 | Orbit Mk01 (Factory New),569.5,540.0,914,41,0.0449,0.9482,steamdt-live,625.99,167,586.47,160,,3,9,15,2,10,0,0,0,-0.00419111483654655,-0.0412457912457912,-0.0025083612040134318,-0.04526404023470243,0.05867768595041323,0.0,0.11015624999999996,-0.11015624999999996,-0.25180971399293184,0.41,12,可能加速下跌,,39,0,0
386,AWP | Crakow! (Factory New),491.99,473.0,783,30,0.0383,0.9614,steamdt-live,502.0,373,500.0,226,,3,12,12,2,6,0,4,0,-0.010179485647124453,-0.009841410400901585,-0.011830708661417333,-0.01992071555210262,0.03341846758349698,0.0,0.042821011673151776,-0.03795463433711377,-0.15080433581883457,0.41,11,可能加速下跌,,39,0,0
387,Glock-18 | Off World (Factory New),35.89,32.6,765,28,0.0366,0.9083,steamdt-live,37.99,271,36.53,157,,3,6,12,2,8,1,2,5,-0.005436259853220826,-0.019130910084722674,-0.02646202699126754,-0.02446316933949444,0.050277851283408226,0.0,0.07974358974358975,-0.07974358974358975,-0.34745454545454546,0.41,9,长期阴跌,,39,0,0
388,Desert Eagle | Mulberry (Factory New),81.86,77.0,1026,32,0.0312,0.9406,steamdt-live,80.49,541,81.8,252,,3,9,15,2,6,0,4,0,-0.00970167353868534,-0.014327700220426176,-0.006386311603807648,-0.02389037108901282,0.029071170084439157,0.0,0.033617481090167045,-0.0038366336633663956,-0.12071225693685828,0.35,12,可能加速下跌,,39,0,0
389,AWP | POP AWP (Factory New),182.0,172.0,1272,39,0.0307,0.9451,steamdt-live,191.0,334,189.9,313,,3,9,15,2,10,0,0,0,-0.019607843137254943,-0.07179487179487176,-0.043749999999999956,-0.08999497234791354,0.1298076923076923,0.0,0.21132897603485834,-0.21132897603485834,-0.46920821114369504,0.41,14,长期阴跌,,39,0,0
390,AWP | Sun in Leo (Factory New),425.0,404.0,1214,37,0.0305,0.9506,steamdt-live,449.47,460,443.0,329,,3,9,15,2,10,0,0,0,-0.014038166264531693,-0.05450500556173521,-0.034110169491525455,-0.06777802149594203,0.09957627118644063,0.0,0.1507982496453334,-0.15078128122127643,-0.3232484076433121,0.41,10,长期阴跌,,39,0,0
391,AWP | Green Energy (Factory New),193.49,187.0,765,23,0.0301,0.9665,steamdt-live,197.43,363,201.0,499,,3,12,12,2,6,0,4,0,-0.002487435910452307,-0.015318066157760768,0.007621483375959137,-0.017767399360373637,0.0178172588832487,0.0,0.0419389978213508,-0.0419389978213508,-0.25919828477353646,0.41,9,可能加速下跌,,39,0,0
392,AK-47 | Blue Laminate (Factory New),152.5,143.0,1228,29,0.0236,0.9377,steamdt-live,160.45,683,162.52,385,,3,9,15,2,10,0,0,0,-0.018982035928143626,-0.0691570530427883,-0.025557241218345128,-0.08682634730538918,0.1133720930232558,0.0,0.17344173441734423,-0.1678943635073935,-0.38008130081300817,0.41,13,长期阴跌,,39,0,0
393,AWP | Black Nile (Factory New),78.0,73.0,1115,24,0.0215,0.9359,steamdt-live,83.0,257,83.0,422,,3,9,15,2,10,0,0,0,-0.01806958473625142,-0.10846953937592863,-0.03519220357336217,-0.12457912457912457,0.15538711423930696,0.0,0.23303834808259594,-0.23303834808259594,-0.5329341317365269,0.41,12,长期阴跌,,39,0,0
394,Tec-9 | Blue Titanium (Factory New),182.0,173.0,768,11,0.0143,0.9505,steamdt-live,187.09,57,184.9,125,,3,9,12,2,10,3,0,0,0.00426934716818006,-0.025991497605338254,-0.040995076444674816,-0.021833117163856386,0.060911071910345616,0.04022988505747116,0.12437714672729916,-0.12437714672729916,-0.3656690264246162,0.16,11,长期阴跌,,39,0,0
395,MP9 | Arctic Tri-Tone (Factory New),32.2,30.5,2183,30,0.0137,0.9472,steamdt-live,34.99,866,33.05,1304,,3,9,15,2,8,0,2,0,-0.006963366636391299,-0.015243902439024404,-0.010781671159029615,-0.022101120193763313,0.035532994923857975,0.006230529595015355,0.05055849500293963,-0.036108624291256386,-0.1673111626707915,0.19,14,可能加速下跌,,39,0,0
396,Glock-18 | Ghost Protocol (Factory New),3249.5,3000.0,9,19,2.1111,0.9232,steamdt-live,3426.0,12,3313.5,17,,20,6,2,2,8,0,0,0,0.00015248551387614384,-0.009147735935356005,-0.006363636363636349,-0.008996645318694707,0.015303030303030263,0.0,0.05234485956506141,-0.03274296770352736,-0.08721910112359554,0.61,1,价格更新稀疏,,38,0,0
397,★ Driver Gloves | Brocade Crane (Minimal Wear),2465.5,3070.0,23,21,0.913,1.2452,steamdt-live,2468.0,27,2499.0,16,"溢价求购:买一高于卖一,多为定向收特定图案,买一价不可作退出价",20,0,2,5,2,0,4,5,-0.003208848228306027,-0.006647864625302202,0.008093117408906725,-0.009835380864983256,0.01340536214485799,0.010450819672131129,0.01340536214485799,-0.0014175779667882082,0.006326530612244863,0.41,4,可能加速下跌,买一异常溢价(不作为可成交退出价),38,0,0
398,Desert Eagle | Urban DDPAT (Factory New),147.49,103.0,26,7,0.2692,0.6984,steamdt-live,145.0,17,146.52,40,,17,1,2,2,4,3,4,5,0.0,-0.006849315068493178,-0.010102379822360952,-0.006849315068493178,0.016882500508509146,0.0,0.016882500508509146,-0.016882500508509146,0.07415364101044508,0.25,2,可能加速下跌,,38,0,0
399,AK-47 | Asiimov (Factory New),1898.99,3000.0,246,62,0.252,1.5798,steamdt-live,1999.41,84,1937.51,93,"溢价求购:买一高于卖一,多为定向收特定图案,买一价不可作退出价",17,0,7,2,10,2,0,0,0.0,-0.03824259306153455,-0.05526315789473679,-0.03824259306153455,0.09139234449760769,0.032059782608695686,0.15034004474272933,-0.14033952014486195,-0.21996713904292464,0.34,11,可能加速下跌,买一异常溢价(不作为可成交退出价),38,0,0
400,★ Broken Fang Gloves | Jade (Minimal Wear),727.0,880.0,82,17,0.2073,1.2105,steamdt-live,725.0,32,771.18,77,"溢价求购:买一高于卖一,多为定向收特定图案,买一价不可作退出价",17,0,4,5,6,0,6,0,0.0,0.0,0.0,0.0,0.0,0.00694444444444442,0.03410604849453769,-0.014276002719238567,-0.09090909090909094,0.35,2,回撤不明显,买一异常溢价(不作为可成交退出价),38,0,0
401,★ Sport Gloves | Creme Pinstripe (Field-Tested),523.5,755.0,100,20,0.2,1.4422,steamdt-live,530.0,103,527.98,62,"溢价求购:买一高于卖一,多为定向收特定图案,买一价不可作退出价",17,0,7,5,2,0,4,3,1.904798186624923e-05,-0.0028571428571428914,-1.904761904758523e-05,-0.0028381492980819045,0.010396975425330801,0.003835091083413289,0.01226415094339628,-0.01226415094339628,-0.07312322946175631,0.31,7,暂未减速,买一异常溢价(不作为可成交退出价),38,0,0
402,Glock-18 | Night (Factory New),220.59,180.0,31,6,0.1935,0.816,steamdt-live,320.0,24,225.19,40,,14,3,4,2,0,10,0,5,0.1610611084793936,0.0,-0.12648275862068958,0.1610611084793936,4.5330915684482775e-05,0.1610611084793936,0.0004984141368372663,0.001771117166212699,-0.2035599523414089,0.41,3,反弹较远,,38,0,0
403,★ Moto Gloves | Transport (Minimal Wear),341.49,623.0,138,19,0.1377,1.8244,steamdt-live,349.48,118,358.0,65,"溢价求购:买一高于卖一,多为定向收特定图案,买一价不可作退出价",11,0,7,5,4,0,6,5,0.007407407407407307,0.004382352941176393,-0.0014792899408283544,0.011822222222222178,0.0,0.0193731343283583,0.015878962536023056,-0.015878962536023056,-0.02347726622819557,0.41,5,回撤不明显,买一异常溢价(不作为可成交退出价),38,0,0
404,★ Hand Wraps | CAUTION! (Minimal Wear),1148.5,1480.0,241,30,0.1245,1.2886,steamdt-live,1150.0,160,1164.0,84,"溢价求购:买一高于卖一,多为定向收特定图案,买一价不可作退出价",11,0,7,5,4,0,6,5,0.003493449781659441,-0.0004351610095735259,-0.0030474531998259113,0.0030567685589519833,0.004256942457582347,0.01637168141592915,0.022553191489361746,-0.020886615515771534,-0.11619173675826666,0.41,3,回撤不明显,买一异常溢价(不作为可成交退出价),38,0,0
405,★ Moto Gloves | Turtle (Minimal Wear),734.0,930.0,150,17,0.1133,1.267,steamdt-live,755.0,119,734.4,75,"溢价求购:买一高于卖一,多为定向收特定图案,买一价不可作退出价",11,0,7,5,6,0,4,5,-0.002832097100472053,-0.0073032188260752084,-0.0018979418772125944,-0.01011463250168576,0.012657887303103244,0.005479452054794498,0.03063919704173279,-0.022636484687083902,-0.09381597303670419,0.31,8,可能加速下跌,买一异常溢价(不作为可成交退出价),38,0,0
406,MP9 | Deadly Poison (Factory New),58.0,56.0,190,21,0.1105,0.9655,steamdt-live,55.63,60,54.67,51,,11,12,7,2,6,0,0,0,-0.007104795737122527,-0.02200357781753126,0.0035650623885916666,-0.028952042628774377,0.03919156414762737,0.11571428571428566,0.03919156414762737,-0.006000000000000005,0.13188405797101455,0.41,8,可能加速下跌,,38,0,0
407,★ Driver Gloves | Snow Leopard (Minimal Wear),3228.0,5740.0,241,24,0.0996,1.7782,steamdt-live,3245.0,235,3270.0,65,"溢价求购:买一高于卖一,多为定向收特定图案,买一价不可作退出价",7,0,7,5,8,2,4,5,-0.00702719217842962,-0.00676923076923075,-0.016759843666917962,-0.013748854262144783,0.030310312715912224,0.0,0.05000147149710121,-0.04213649851632051,-0.12377850162866455,0.41,7,暂未减速,买一异常溢价(不作为可成交退出价),38,0,0
408,Desert Eagle | Naga (Factory New),157.0,143.0,309,24,0.0777,0.9108,steamdt-live,170.0,66,162.46,121,,7,6,9,2,10,2,2,0,-0.008209876543209926,-0.022841849754154375,-0.04582400753916838,-0.030864197530864224,0.07155529272619754,0.012903225806451646,0.1420296191048691,-0.12534818941504178,-0.3551566928163634,0.29,13,长期阴跌,,38,0,0
409,P250 | Inferno (Factory New),48.95,45.7,346,17,0.0491,0.9336,steamdt-live,47.29,113,46.62,116,,3,9,9,2,10,0,0,5,-0.006042925609501926,-0.032494758909853316,-0.03634538152610434,-0.038341321108564363,0.05816326530612248,0.003260869565217428,0.08704253214638968,-0.04923774206839726,-0.4075738125802312,0.2,8,长期阴跌,,38,0,0
410,Glock-18 | AXIA (Factory New),287.0,271.0,696,29,0.0417,0.9443,steamdt-live,288.46,265,304.8,588,,3,9,12,2,8,0,4,0,-0.0034827586206895855,-0.008616215093947943,0.0017271157167531026,-0.012068965517241348,0.018835616438356184,0.0017482517482516613,0.059113300492610876,-0.059113300492610876,-0.23497997329773035,0.41,14,可能加速下跌,,38,0,0
411,Galil AR | Dusk Ruins (Factory New),224.5,205.0,292,12,0.0411,0.9131,steamdt-live,256.9,60,235.71,99,,3,6,9,2,10,5,0,3,0.0,-0.022173913043478266,-0.06313645621181263,-0.022173913043478266,0.08391038696537678,0.026940639269406486,0.11456692913385824,-0.10537411989339263,-0.3700280112044818,0.41,3,长期阴跌,,38,0,0
412,Five-SeveN | Orange Peel (Factory New),19.29,18.4,550,18,0.0327,0.9539,steamdt-live,18.87,98,19.15,189,,3,9,12,2,10,0,2,0,-0.017276422764227584,-0.024301964839710366,-0.040935672514619825,-0.041158536585365835,0.08040935672514615,0.0,0.14382940108892917,-0.13992707383773928,-0.38932038834951455,0.41,8,长期阴跌,,38,0,0
413,★ Driver Gloves | King Snake (Field-Tested),838.0,1860.0,1610,44,0.0273,2.2196,steamdt-live,850.0,1461,850.61,300,"溢价求购:买一高于卖一,多为定向收特定图案,买一价不可作退出价",3,0,15,5,4,0,6,5,0.002973134328358329,-0.002369075822331257,0.00311414540663546,0.0005970149253731183,0.002369075822331257,0.014405035709962544,0.026147588611272532,-0.025581395348837188,-0.07554496513988174,0.41,13,回撤不明显,买一异常溢价(不作为可成交退出价),38,0,0
414,AK-47 | Consequence of the Jinn (Factory New),3577.5,3360.0,20,22,1.1,0.9392,steamdt-live,3619.5,23,3760.0,36,,20,9,2,2,4,0,0,0,-0.0005583472920156485,-0.0006983240223463749,-0.0016722408026755842,-0.0012562814070351536,0.0029264214046822445,0.00013978194017338907,0.019562167021113352,-0.019325657894736836,-0.10562499999999997,0.4,0,价格更新稀疏,,37,0,0
415,★ Driver Gloves | Hand Sweaters (Field-Tested),682.5,930.0,96,33,0.3438,1.3626,steamdt-live,658.5,84,679.99,51,"溢价求购:买一高于卖一,多为定向收特定图案,买一价不可作退出价",20,0,4,5,6,0,2,0,0.0022140221402213722,-0.030191458026509577,0.0007385524372229835,-0.02804428044280438,0.030191458026509577,0.0,0.030191458026509577,-0.009029345372460473,-0.09705462922334351,0.41,7,可能加速下跌,买一异常溢价(不作为可成交退出价),37,0,0
416,★ Driver Gloves | Brocade Flowers (Field-Tested),819.5,1450.0,90,28,0.3111,1.7694,steamdt-live,810.0,81,833.0,111,"溢价求购:买一高于卖一,多为定向收特定图案,买一价不可作退出价",20,0,4,5,2,0,6,0,0.0,-0.003076923076923088,0.025236593059936974,-0.003076923076923088,0.004914004914004955,0.022727272727272707,0.0055248618784530246,-0.0055248618784530246,-0.173469387755102,0.24,3,回撤不明显,买一异常溢价(不作为可成交退出价),37,0,0
417,★ Broken Fang Gloves | Unhinged (Minimal Wear),480.0,663.0,58,16,0.2759,1.3813,steamdt-live,497.5,62,483.18,60,"溢价求购:买一高于卖一,多为定向收特定图案,买一价不可作退出价",17,0,4,5,0,0,6,5,-0.0010373443983402453,-0.0031152647975077885,0.010672873288461115,-0.004149377593360981,0.004149377593360981,0.010526315789473717,0.004149377593360981,0.014799154334038,-0.08658420551855373,0.41,4,回撤不明显,买一异常溢价(不作为可成交退出价),37,0,0
418,Desert Eagle | Crimson Web (Factory New),899.0,855.0,90,14,0.1556,0.9511,steamdt-live,1011.0,54,919.05,62,,14,9,4,2,8,0,0,0,0.0,0.0,-0.0011111111111110628,0.0,0.0011111111111110628,0.0,0.052687038988408874,0.0,-0.18235561618917695,0.41,0,价格更新稀疏,,37,0,0
419,Desert Eagle | Fennec Fox (Factory New),2309.99,3300.0,445,58,0.1303,1.4286,steamdt-live,2400.0,121,2343.19,103,"溢价求购:买一高于卖一,多为定向收特定图案,买一价不可作退出价",11,0,9,2,10,0,0,5,-0.0004217999582377674,-0.03488629574387192,0.020912831226417294,-0.03529338066402177,0.03529338066402177,0.00872925764192134,0.08677999604664965,-0.08677999604664965,-0.27083648989899,0.41,5,可能加速下跌,买一异常溢价(不作为可成交退出价),37,0,0
420,Galil AR | CAUTION! (Factory New),380.39,342.0,56,7,0.125,0.8991,steamdt-live,430.0,34,389.0,50,,11,6,4,2,8,0,6,0,0.0,-0.004214659685863875,-0.003911342894393766,-0.004214659685863875,0.00810951760104306,0.0,0.07221951219512202,-0.07221951219512202,-0.2809126826594076,0.63,3,回撤不明显,,37,0,0
421,★ Sport Gloves | Ultra Violent (Field-Tested),5739.9,7960.0,541,56,0.1035,1.3868,steamdt-live,5730.0,580,5888.0,159,"溢价求购:买一高于卖一,多为定向收特定图案,买一价不可作退出价",11,0,12,5,2,0,4,3,0.00488656195462478,-0.004862799583188582,-0.006760270410816394,0.0,0.006932409012131768,0.007383966244725704,0.009849663037843404,-0.009164793359847878,-0.05289256198347103,0.32,6,回撤不明显,买一异常溢价(不作为可成交退出价),37,0,0
422,★ Driver Gloves | Imperial Plaid (Field-Tested),872.47,1350.0,422,37,0.0877,1.5473,steamdt-live,878.5,345,883.69,198,"溢价求购:买一高于卖一,多为定向收特定图案,买一价不可作退出价",7,0,9,5,4,1,6,5,-0.003979533826037551,-0.004029680365296717,-0.00901408450704222,-0.007993177942012486,0.017488738738738685,0.0,0.026261160714285636,-0.026261160714285636,-0.10742930801653228,0.31,10,暂未减速,买一异常溢价(不作为可成交退出价),37,0,0
423,★ Hydra Gloves | Rattler (Minimal Wear),220.0,242.0,122,10,0.082,1.1,steamdt-live,220.0,63,223.75,65,"溢价求购:买一高于卖一,多为定向收特定图案,买一价不可作退出价",7,0,7,5,2,10,6,0,-0.05191873589164786,0.04761904761904767,0.002262443438914019,-0.006772009029345383,0.006772009029345383,0.04761904761904767,0.011235955056179803,0.023255813953488413,-0.04959391740107133,0.41,4,回撤不明显,买一异常溢价(不作为可成交退出价),37,0,0
424,Five-SeveN | Retrobution (Factory New),65.0,62.0,472,31,0.0657,0.9538,steamdt-live,66.83,133,66.51,112,,7,9,9,2,8,0,2,0,-0.0010463378176384097,-0.02738291186592845,-0.017476868850051397,-0.02840059790732441,0.04678105294031376,0.0,0.06069364161849711,-0.05797101449275366,-0.2777777777777778,0.34,5,可能加速下跌,,37,0,0
425,Glock-18 | Steel Disruption (Factory New),217.97,204.0,375,22,0.0587,0.9359,steamdt-live,216.0,85,223.5,99,,3,9,9,2,10,2,2,0,-0.022222222222222254,-0.018181818181818188,-0.032258064516129004,-0.040000000000000036,0.07096774193548383,0.0,0.10373443983402486,-0.10373443983402486,-0.3159361540410438,0.41,15,长期阴跌,,37,0,0
426,P250 | Undertow (Factory New),263.48,238.0,134,7,0.0522,0.9033,steamdt-live,261.99,93,266.42,106,,3,6,7,2,8,2,4,5,-0.0011729095724555272,-0.007651804992613309,-0.010853293413173537,-0.008815739689746471,0.017624779690253778,0.00022908632736440282,0.0510396290661449,-0.012700685912414023,-0.3195584415584415,0.22,2,长期阴跌,,37,0,0
427,P250 | Cyber Shell (Factory New),21.53,20.4,350,15,0.0429,0.9475,steamdt-live,21.3,98,21.53,105,,3,9,9,2,8,0,6,0,0.004672897196261738,-0.009302325581395321,-0.0046511627906977715,-0.004672897196261627,0.009302325581395321,0.0,0.05793896505970808,-0.05793896505970808,-0.4046953605366126,0.39,2,长期阴跌,,37,0,0
428,AWP | Black Box (Factory New),160.9,144.0,36,19,0.5278,0.895,steamdt-live,159.5,66,161.6,79,,20,6,4,2,4,0,0,0,0.0,0.003144654088050425,-0.006249999999999978,0.003144654088050425,0.006230529595015577,0.042483660130719025,0.021952415992151142,0.015923566878981,-0.04793171372291527,0.36,10,回撤不明显,,36,0,0
429,USP-S | Royal Blue (Factory New),571.5,526.0,47,7,0.1489,0.9204,steamdt-live,603.6,39,606.77,43,,11,6,4,2,6,3,4,0,-0.0060606060606061,-0.004355400696864131,-0.004310344827586188,-0.010389610389610393,0.014655172413793105,0.0,0.041750503018108565,-0.041750503018108565,-0.05459057071960294,0.41,7,可能加速下跌,,36,0,0
430,MP9 | Pandora's Box (Factory New),770.0,718.0,44,6,0.1364,0.9325,steamdt-live,876.8,41,829.49,56,,11,9,4,2,8,0,2,0,-0.024691358024691357,-0.025316455696202556,-0.004914004914004955,-0.04938271604938271,0.05405405405405406,0.0,0.057527539779681724,-0.057527539779681724,-0.18378596111853118,0.24,9,可能加速下跌,,36,0,0
431,★ Driver Gloves | Imperial Plaid (Minimal Wear),1734.0,2770.0,212,20,0.0943,1.5975,steamdt-live,1795.0,166,1760.0,72,"溢价求购:买一高于卖一,多为定向收特定图案,买一价不可作退出价",7,0,7,5,6,0,6,5,-0.0008638065073423018,-0.0005763688760807018,-0.0008630609896432828,-0.0014396775122372807,0.0025884383088869978,0.008778819135382365,0.04198895027624305,-0.04198895027624305,-0.1003704357029459,0.41,2,回撤不明显,买一异常溢价(不作为可成交退出价),36,0,0
432,★ Hydra Gloves | Emerald (Field-Tested),209.9,196.0,111,10,0.0901,0.9338,steamdt-live,197.0,102,204.46,420,,7,9,7,5,2,0,1,5,0.005345143555284038,-0.002481138285482909,0.023125000000000062,0.0028507432294848645,0.005050505050505083,0.06486486486486487,0.005050505050505083,0.024440977639105466,-0.0802129050331497,0.41,12,回撤不明显,,36,0,0
433,★ Driver Gloves | Overtake (Field-Tested),255.5,343.0,231,15,0.0649,1.3425,steamdt-live,262.41,215,259.1,189,"溢价求购:买一高于卖一,多为定向收特定图案,买一价不可作退出价",7,0,7,5,6,0,6,5,0.0,0.0,-0.003898635477582846,0.0,0.003898635477582846,0.003968721757239946,0.03032373145090894,-0.03032373145090894,-0.09971811134601838,0.24,8,回撤不明显,买一异常溢价(不作为可成交退出价),36,0,0
434,MP9 | Music Box (Factory New),40.68,36.6,331,19,0.0574,0.8997,steamdt-live,41.5,88,40.53,124,,3,6,9,2,8,6,2,0,-0.011407766990291446,-0.004910385465258904,-0.013173652694610682,-0.016262135922330168,0.029221556886227518,0.017063989962358805,0.07886363636363636,-0.07126489459211727,-0.5378036264112214,0.41,15,长期阴跌,,36,0,0
435,AWP | Atheris (Factory New),156.58,144.0,605,34,0.0562,0.9197,steamdt-live,165.35,324,168.9,286,,3,6,12,2,10,0,0,3,0.0,-0.06172099712368162,-0.0703064066852368,-0.06172099712368162,0.12768802228412246,0.0,0.20436991869918697,-0.20436991869918697,-0.4591364421416234,0.41,13,长期阴跌,,36,0,0
436,USP-S | Monster Mashup (Factory New),449.5,429.0,619,34,0.0549,0.9544,steamdt-live,455.0,158,476.5,183,,3,9,12,2,10,0,0,0,-0.00424628450106157,-0.041577825159914705,-0.036809815950920255,-0.04564755838641188,0.08077709611451944,0.0,0.13391136801541426,-0.13391136801541426,-0.27580595788557905,0.41,13,可能加速下跌,,36,0,0
437,★ Hand Wraps | Constrictor (Field-Tested),263.5,285.0,446,24,0.0538,1.0816,steamdt-live,267.5,313,259.9,200,"溢价求购:买一高于卖一,多为定向收特定图案,买一价不可作退出价",3,0,9,5,0,10,6,3,-0.009671179883945835,0.015234374999999911,0.0048200264324029796,0.005415860735009659,0.00038461538461542766,0.019215686274509647,0.00038461538461542766,0.015234374999999911,-0.08957158370406715,0.41,7,回撤不明显,买一异常溢价(不作为可成交退出价),36,0,0
438,Desert Eagle | Starcade (Factory New),1091.0,1040.0,609,31,0.0509,0.9533,steamdt-live,1111.0,145,1100.0,183,,3,9,12,2,10,0,0,0,-0.014699524427150834,-0.04256252742430888,-0.02733389402859543,-0.056636402939904906,0.08241448624462777,0.0,0.1057377049180328,-0.1057377049180328,-0.30509554140127393,0.38,6,长期阴跌,,36,0,0
439,Desert Eagle | Midnight Storm (Factory New),510.0,478.0,790,38,0.0481,0.9373,steamdt-live,544.18,159,516.36,146,,3,9,12,2,10,0,0,0,-0.0192443175497794,-0.03969754253308133,-0.019309090909090942,-0.05817790796840816,0.07636363636363641,0.0,0.15333333333333332,-0.14907872696817426,-0.4127167630057803,0.41,15,长期阴跌,,36,0,0
440,MP9 | Goo (Factory New),21.56,19.1,501,18,0.0359,0.8859,steamdt-live,21.8,247,21.52,579,,3,6,12,2,10,0,0,3,-0.009124087591241059,-0.02854511970534057,-0.038596491228070184,-0.03740875912408759,0.07456140350877194,0.0,0.14747474747474743,-0.14747474747474743,-0.5604166666666666,0.41,9,长期阴跌,,36,0,0
441,AWP | Phobos (Factory New),35.8,33.0,1454,35,0.0241,0.9218,steamdt-live,34.99,379,36.5,532,,3,6,15,2,8,0,2,0,-0.0008474576271186862,-0.010743567995476266,0.011428571428571344,-0.011581920903954712,0.014088475626937158,0.029420417769932428,0.0792105263157894,-0.04451119606772247,-0.29313131313131313,0.41,13,可能加速下跌,,36,0,0
442,Five-SeveN | Nightshade (Factory New),89.89,78.0,643,11,0.0171,0.8677,steamdt-live,98.65,59,91.99,43,,3,3,12,2,10,1,2,3,0.0,-0.022934782608695636,-0.02779245482405157,-0.022934782608695636,0.050089823523195576,0.0,0.08022101708789531,-0.08022101708789531,-0.4357187696170748,0.41,4,长期阴跌,,36,0,0
443,AK-47 | Steel Delta (Factory New),52.0,48.0,1920,30,0.0156,0.9231,steamdt-live,55.0,339,55.04,413,,3,6,15,2,10,0,0,0,-0.011504424778761013,-0.06893464637421665,-0.0423728813559322,-0.07964601769911506,0.11864406779661019,0.0,0.17551926430949738,-0.17551926430949738,-0.48768472906403937,0.33,12,长期阴跌,,36,0,0
444,Desert Eagle | Calligraffiti (Factory New),31.89,29.5,1064,14,0.0132,0.9251,steamdt-live,28.88,122,28.83,307,,3,6,15,2,10,0,0,0,-0.009966777408637939,-0.032550335570469824,-0.023044466082440707,-0.04219269102990042,0.06426484907497565,0.0725446428571428,0.11128236744759556,-0.11128236744759556,-0.40556701030927833,1.41,11,长期阴跌,,36,0,0
445,★ Specialist Gloves | Big Swell (Minimal Wear),2449.5,2820.0,44,26,0.5909,1.1513,steamdt-live,2520.0,58,2518.25,38,"溢价求购:买一高于卖一,多为定向收特定图案,买一价不可作退出价",20,0,4,5,6,0,0,0,0.0,-0.016265060240963858,-0.011218107812965394,-0.016265060240963858,0.027300704854561708,0.0,0.03410883280757093,-0.03410883280757093,-0.032964863797868116,0.41,1,价格更新稀疏,买一异常溢价(不作为可成交退出价),35,0,0
446,★ Specialist Gloves | Pillow Punchers (Minimal Wear),8387.0,11330.0,73,37,0.5068,1.3509,steamdt-live,8333.0,93,8488.0,33,"溢价求购:买一高于卖一,多为定向收特定图案,买一价不可作退出价",20,0,4,5,4,0,2,0,-0.0017661603673613246,-0.01710309035149804,0.002715466351830065,-0.018839043918521092,0.018839043918521092,0.0,0.018839043918521092,-0.002035928143712562,-0.05053267247763915,0.16,6,可能加速下跌,买一异常溢价(不作为可成交退出价),35,0,0
447,Tec-9 | Terrace (Factory New),788.0,660.0,17,6,0.3529,0.8376,steamdt-live,774.5,14,716.2,29,,20,3,2,2,4,0,4,0,-0.005659075224292653,-0.005830094392004326,-0.00970475669764903,-0.011456176673567908,0.02104975396391473,0.0,0.022386022386022386,0.0018184361449153918,-0.08869972388695901,0.41,4,暂未减速,,35,0,0
448,★ Broken Fang Gloves | Jade (Field-Tested),430.0,507.0,122,28,0.2295,1.1791,steamdt-live,426.0,117,450.43,83,"溢价求购:买一高于卖一,多为定向收特定图案,买一价不可作退出价",17,0,7,5,0,0,6,0,0.011837708830548799,0.0092461552976697,0.00359281437125758,0.021193317422434355,0.0,0.027322929171668564,0.0,0.0032826861752015546,-0.010636330003699679,0.41,12,回撤不明显,买一异常溢价(不作为可成交退出价),35,0,0
449,★ Driver Gloves | Queen Jaguar (Minimal Wear),670.0,940.0,107,24,0.2243,1.403,steamdt-live,676.0,62,688.03,70,"溢价求购:买一高于卖一,多为定向收特定图案,买一价不可作退出价",17,0,7,5,2,0,4,0,0.0,-0.00960827790096086,0.0,-0.00960827790096086,0.010339734121122546,0.0,0.013850252424898013,-0.010339734121122546,-0.04688744736542627,0.41,2,可能加速下跌,买一异常溢价(不作为可成交退出价),35,0,0
450,Tec-9 | Sultan (Factory New),37.1,34.3,169,26,0.1538,0.9245,steamdt-live,36.39,118,37.0,102,,14,6,7,2,6,0,0,0,-0.00298913043478255,-0.00817661488143906,0.0,-0.011141304347826009,0.019401778496362154,0.042693409742120325,0.0339792938677993,0.002479338842975354,0.12837209302325592,0.41,10,可能加速下跌,,35,0,0
451,MP9 | Starlight Protector (Factory New),597.0,837.0,214,30,0.1402,1.402,steamdt-live,599.9,164,607.72,86,"溢价求购:买一高于卖一,多为定向收特定图案,买一价不可作退出价",11,0,7,2,4,0,6,5,0.0,-0.00830564784053156,-0.0049586776859503745,-0.00830564784053156,0.018092105263157854,0.011864406779660941,0.027608111409723968,-0.02681555138968139,-0.07870370370370372,0.41,11,可能加速下跌,买一异常溢价(不作为可成交退出价),35,0,0
452,★ Hand Wraps | Desert Shamagh (Minimal Wear),381.5,440.0,139,19,0.1367,1.1533,steamdt-live,399.41,55,385.0,108,"溢价求购:买一高于卖一,多为定向收特定图案,买一价不可作退出价",11,0,7,5,6,0,6,0,0.0,-0.007802340702210642,0.0,-0.007802340702210642,0.009090909090909038,0.003947368421052699,0.03295310519645123,-0.03295310519645123,-0.15222222222222226,0.41,7,回撤不明显,买一异常溢价(不作为可成交退出价),35,0,0
453,M4A4 | Daybreak (Factory New),4244.5,4050.0,171,22,0.1287,0.9542,steamdt-live,4299.0,48,4302.86,56,,11,9,7,2,6,0,0,0,-0.004357911014268745,-0.0012942699141075265,-0.004408677396780858,-0.005646540615262152,0.010030324236062538,0.027727327763651832,0.03731209552477144,-0.03742126881666774,-0.26652817575671695,0.23,1,价格更新稀疏,,35,0,0
454,★ Moto Gloves | Smoke Out (Field-Tested),667.9,900.0,307,35,0.114,1.3475,steamdt-live,679.0,296,673.0,142,"溢价求购:买一高于卖一,多为定向收特定图案,买一价不可作退出价",11,0,9,5,4,0,6,0,0.0,-0.004619970193740719,-0.006661732050333047,-0.004619970193740719,0.011250925240562593,0.007390648567119129,0.020674486803519132,-0.020674486803519132,-0.07987546150878932,0.41,10,暂未减速,买一异常溢价(不作为可成交退出价),35,0,0
455,AK-47 | Panthera onca (Factory New),2229.0,2130.0,116,10,0.0862,0.9556,steamdt-live,2292.37,33,2261.24,59,,7,9,7,2,8,2,0,0,0.0,-0.013716814159292046,-0.016750054383293467,-0.013716814159292046,0.030448020878642845,0.03194444444444455,0.0514893617021277,-0.0514893617021277,-0.21762021762021766,0.41,3,可能加速下跌,,35,0,0
456,MP9 | Hydra (Factory New),266.0,240.0,139,11,0.0791,0.9023,steamdt-live,267.62,68,277.5,87,,7,6,7,2,4,0,4,5,-0.0018761726078799779,0.0,-0.0037383177570093906,-0.0018761726078799779,0.005607476635513975,0.01526717557251911,0.02564102564102566,-0.022058823529411797,-0.07760593661141546,0.41,6,回撤不明显,,35,0,0
457,★ Hand Wraps | CAUTION! (Field-Tested),785.0,848.0,597,39,0.0653,1.0803,steamdt-live,798.0,503,791.0,228,"溢价求购:买一高于卖一,多为定向收特定图案,买一价不可作退出价",7,0,12,5,2,0,6,3,0.002550793791799455,-0.006329113924050667,0.010243589743589743,-0.0037944643967563474,0.01133501259445846,0.005121638924455718,0.01133501259445846,0.02080624187256186,-0.06411693173418531,0.41,16,可能加速下跌,买一异常溢价(不作为可成交退出价),35,0,0
458,USP-S | Jawbreaker (Factory New),101.33,96.0,401,24,0.0599,0.9474,steamdt-live,106.0,219,108.54,187,,3,9,9,2,8,0,4,0,-0.004762358319839954,-0.03024212843334284,-0.008499386155444433,-0.034860462901228684,0.04342490323798742,0.0,0.06036721068249262,-0.05183868251146262,-0.23766175142943113,0.38,7,可能加速下跌,,35,0,0
459,★ Driver Gloves | Black Tie (Field-Tested),745.0,1150.0,677,35,0.0517,1.5436,steamdt-live,768.0,615,754.0,155,"溢价求购:买一高于卖一,多为定向收特定图案,买一价不可作退出价",3,0,12,5,4,0,6,5,-0.0006675567423231055,-0.004676018704074858,-0.0013333333333332975,-0.005340453938584733,0.00666666666666671,0.0020174848688634395,0.020381328073635796,-0.013245033112582738,-0.07160481519328066,0.41,5,回撤不明显,买一异常溢价(不作为可成交退出价),35,0,0
460,Glock-18 | Dragon Tattoo (Factory New),518.0,495.0,362,18,0.0497,0.9556,steamdt-live,519.5,253,535.66,230,,3,9,9,2,8,0,4,0,0.0,-0.007358577341713968,0.007413127413127496,-0.007358577341713968,0.010203691672717619,0.0,0.0564663023679417,-0.054744525547445244,-0.18063903827902572,0.41,12,可能加速下跌,,35,0,0
461,FAMAS | ZX Spectron (Factory New),142.38,132.0,622,28,0.045,0.9271,steamdt-live,137.68,144,145.64,173,,3,6,12,2,10,0,2,0,-0.020086182930219576,-0.023476842329243186,-0.03403826787512587,-0.043091465109813654,0.07566297415239998,0.0,0.14218068535825545,-0.14111041796631318,-0.345938242280285,0.41,4,长期阴跌,,35,0,0
462,Glock-18 | Warhawk (Factory New),36.85,32.3,480,17,0.0354,0.8765,steamdt-live,37.83,75,37.39,262,,3,3,9,2,10,1,4,3,-0.00321113192400313,-0.011006711409395908,-0.016320084232692933,-0.014182499331014009,0.03001579778830943,0.0,0.12887207377630638,-0.12887207377630638,-0.4331435605477765,0.23,5,长期阴跌,,35,0,0
463,AK-47 | Emerald Pinstripe (Factory New),76.9,71.0,821,29,0.0353,0.9233,steamdt-live,79.94,226,78.8,279,,3,6,12,2,10,0,2,0,-0.012499999999999956,-0.026582278481012578,-0.03846153846153855,-0.03874999999999995,0.07572115384615385,0.0,0.13009049773755654,-0.13107344632768358,-0.39921874999999996,0.28,7,长期阴跌,,35,0,0
464,Galil AR | Orange DDPAT (Factory New),559.9,451.0,9,3,0.3333,0.8055,steamdt-live,787.9,10,565.6,10,,8,3,2,2,10,0,6,3,0.00017860332202190854,-0.00017857142857147235,0.0,0.0,0.010602579961123904,0.0,0.17284680159550891,0.0,-0.1856,0.41,2,暂未减速,,34,0,0
465,Desert Eagle | Sunset Storm 弐 (Factory New),3096.5,2970.0,50,10,0.2,0.9591,steamdt-live,3048.5,33,3300.0,48,,17,9,4,2,2,0,0,0,0.0,-0.00016398819285012856,-0.0001639613051319655,-0.00016398819285012856,0.000327922610263931,0.0,0.007003257328990209,-0.007003257328990209,-0.04108080903400335,0.28,0,价格更新稀疏,,34,0,0
466,★ Specialist Gloves | Sunburst (Field-Tested),1004.9,1430.0,136,27,0.1985,1.423,steamdt-live,1020.0,177,1022.22,68,"溢价求购:买一高于卖一,多为定向收特定图案,买一价不可作退出价",14,0,7,5,2,0,6,0,0.004975124378109541,-0.005049504950495054,-0.004457652303120341,-9.950248756218638e-05,0.014320745463462514,0.0004978096375944929,0.014320745463462514,-0.005049504950495054,-0.05731707317073176,0.41,5,可能加速下跌,买一异常溢价(不作为可成交退出价),34,0,0
467,★ Specialist Gloves | Buckshot (Minimal Wear),394.5,511.0,138,25,0.1812,1.2953,steamdt-live,437.5,92,415.5,67,"溢价求购:买一高于卖一,多为定向收特定图案,买一价不可作退出价",14,0,7,5,4,0,4,0,0.015585721468074354,-0.023514851485148536,-0.005499999999999949,-0.008295625942684848,0.025925925925925908,0.0,0.02832512315270941,-0.01375000000000004,-0.1423913043478261,0.31,9,可能加速下跌,买一异常溢价(不作为可成交退出价),34,0,0
468,Galil AR | Aqua Terrace (Factory New),870.0,782.0,30,5,0.1667,0.8989,steamdt-live,898.9,28,890.79,35,,14,6,4,2,2,0,6,0,0.00528918413474222,-0.0070760100433691075,-0.004568348199499805,-0.0018242522286855412,0.0070760100433691075,0.0,0.008772929246895322,-0.008772929246895322,-0.06602254428341381,0.41,2,回撤不明显,,34,0,0
469,M4A1-S | Master Piece (Factory New),1899.0,1810.0,79,10,0.1266,0.9531,steamdt-live,2108.0,22,2014.49,72,,11,9,4,2,8,0,0,0,0.00026336581511721135,0.0,-0.025910723447922,0.00026336581511721135,0.015552099533437058,0.00026336581511721135,0.050262565641410406,-0.02515400410677615,-0.2680614227128365,0.31,0,价格更新稀疏,,34,0,0
470,★ Sport Gloves | Bronze Morph (Minimal Wear),786.99,1030.0,192,24,0.125,1.3088,steamdt-live,795.0,117,789.01,91,"溢价求购:买一高于卖一,多为定向收特定图案,买一价不可作退出价",11,0,7,5,2,0,6,3,0.010639645345155158,-0.013673392655721206,0.0025396825396826195,-0.0031792273590880438,0.013673392655721206,0.011477263964218887,0.013673392655721206,-0.011319095477386965,-0.06251563486485523,0.31,7,可能加速下跌,买一异常溢价(不作为可成交退出价),34,0,0
471,AWP | Oni Taiji (Factory New),3399.0,6080.0,371,45,0.1213,1.7888,steamdt-live,3740.0,101,3537.5,109,"溢价求购:买一高于卖一,多为定向收特定图案,买一价不可作退出价",11,0,9,2,10,0,2,0,-0.0002857959416976419,-0.028301886792452824,-0.02235261246158149,-0.028579594169762745,0.05029337803855827,0.00044150110375285045,0.09803765473868564,-0.09803765473868564,-0.200141193081539,0.41,7,可能加速下跌,买一异常溢价(不作为可成交退出价),34,0,0
472,★ Moto Gloves | 3rd Commando Company (Field-Tested),236.0,264.0,190,21,0.1105,1.1186,steamdt-live,243.0,202,235.69,142,"溢价求购:买一高于卖一,多为定向收特定图案,买一价不可作退出价",11,0,7,5,2,0,6,3,0.0021645021645022577,0.01809935205183577,-0.002159827213822907,0.020303030303030267,0.0,0.024739130434782597,0.005527426160337523,-0.005527426160337523,-0.07025641025641027,0.41,8,回撤不明显,买一异常溢价(不作为可成交退出价),34,0,0
473,AWP | Desert Hydra (Factory New),8789.0,12710.0,290,30,0.1034,1.4461,steamdt-live,8989.5,228,9028.0,85,"溢价求购:买一高于卖一,多为定向收特定图案,买一价不可作退出价",11,0,9,2,6,0,6,0,-0.0042899074283133665,-0.003514739229024899,0.006590909090909092,-0.0077895687514111245,0.010069381870607241,0.00011379153390977947,0.03417582417582421,-0.034069677986591884,-0.11929455383536247,0.4,4,可能加速下跌,买一异常溢价(不作为可成交退出价),34,0,0
474,★ Moto Gloves | Blood Pressure (Field-Tested),715.0,1000.0,232,23,0.0991,1.3986,steamdt-live,719.0,221,723.49,124,"溢价求购:买一高于卖一,多为定向收特定图案,买一价不可作退出价",7,0,7,5,4,0,6,5,0.0,0.0,-0.0055632823365785455,0.0,0.00539728466503453,0.008590653256407732,0.017857142857142905,0.023622047244094446,-0.07263294422827493,0.41,4,回撤不明显,买一异常溢价(不作为可成交退出价),34,0,0
475,★ Sport Gloves | Omega (Minimal Wear),2864.0,4660.0,434,35,0.0806,1.6271,steamdt-live,2884.5,375,2880.0,100,"溢价求购:买一高于卖一,多为定向收特定图案,买一价不可作退出价",7,0,9,5,2,0,6,5,0.015686274509803866,0.005265005265005174,0.0017857142857142794,0.021033868092691588,0.00017455053237913631,0.02285714285714291,0.00899653979238757,-0.008310249307479256,-0.061887885120572306,0.41,4,回撤不明显,买一异常溢价(不作为可成交退出价),34,0,0
476,AK-47 | Fuel Injector (Factory New),2250.0,3020.0,447,33,0.0738,1.3422,steamdt-live,2305.63,210,2283.02,133,"溢价求购:买一高于卖一,多为定向收特定图案,买一价不可作退出价",7,0,9,2,8,1,2,5,-0.002867723532304134,-0.01806755695208173,-0.023586148289781228,-0.020883467726143135,0.04397705544933084,0.0,0.06054279749478075,-0.05660377358490565,-0.14328142253360243,0.41,7,可能加速下跌,买一异常溢价(不作为可成交退出价),34,0,0
477,M4A1-S | Printstream (Factory New),2693.49,3730.0,632,42,0.0665,1.3848,steamdt-live,2686.5,473,2718.0,177,"溢价求购:买一高于卖一,多为定向收特定图案,买一价不可作退出价",7,0,12,2,4,0,6,3,-0.0012283957301113535,0.004299065420560799,-0.007121408711770139,0.0030653887368432553,0.004077849860982363,0.007689422355589004,0.020954810495626863,-0.016712052002810895,-0.07346094154164506,0.41,6,回撤不明显,买一异常溢价(不作为可成交退出价),34,0,0
478,Glock-18 | Red Tire (Factory New),70.0,61.0,313,14,0.0447,0.8714,steamdt-live,77.85,84,71.72,111,,3,3,9,2,10,2,2,3,-0.011325966850828872,-0.022073204805811653,-0.04485488126649062,-0.03314917127071826,0.07651715039577833,0.0014306151645206988,0.08960853166861749,-0.02506963788300831,-0.5262587980508933,0.41,16,长期阴跌,,34,0,0
479,P250 | Visions (Factory New),49.0,45.3,429,10,0.0233,0.9245,steamdt-live,50.54,344,51.99,247,,3,6,9,2,10,0,4,0,0.0,-0.014084507042253613,-0.005999999999999894,-0.014084507042253613,0.020000000000000018,0.0,0.08837209302325577,0.006573541495480617,-0.21209197620196174,0.34,5,可能加速下跌,,34,0,0
480,★ Driver Gloves | Plum Quill (Minimal Wear),1072.0,1230.0,14,14,1.0,1.1474,steamdt-live,1038.0,15,1127.75,20,"溢价求购:买一高于卖一,多为定向收特定图案,买一价不可作退出价",20,0,2,5,0,0,6,0,-0.0019230769230769162,0.0,0.0004810004810005264,-0.0019230769230769162,0.0019230769230769162,0.0028985507246377384,0.0019230769230769162,-0.0019230769230769162,-0.07368571352079745,0.16,2,回撤不明显,买一异常溢价(不作为可成交退出价),33,0,0
481,★ Specialist Gloves | Blackbook (Minimal Wear),3143.5,4060.0,41,21,0.5122,1.2916,steamdt-live,3300.0,56,3297.0,35,"溢价求购:买一高于卖一,多为定向收特定图案,买一价不可作退出价",20,0,4,5,4,0,0,0,-0.00031796502384739966,-0.00015903307888043283,-0.000952986022871638,-0.0004769475357710995,0.001429479034307457,0.0,0.023454488971730303,-0.02223950233281491,-0.06412256466441202,0.16,0,价格更新稀疏,买一异常溢价(不作为可成交退出价),33,0,0
482,M4A1-S | Knight (Factory New),16450.0,14410.0,14,7,0.5,0.876,steamdt-live,17800.0,13,16968.76,27,,20,3,2,2,6,0,0,0,0.009202453987730008,0.0,-0.03445743023510672,0.009202453987730008,0.03229601741278898,0.009202453987730008,0.03229601741278898,0.009233412067854774,0.028124999999999956,0.41,1,价格更新稀疏,,33,0,0
483,AK-47 | Jet Set (Factory New),5498.91,4300.0,12,5,0.4167,0.782,steamdt-live,5581.91,8,5837.54,11,,20,1,2,2,8,0,0,0,-0.051652090831797004,0.0,0.008610327870848478,-0.051652090831797004,0.05766518547968347,0.0,0.05774592137301637,-0.13302094878922077,-0.3034946168461051,0.25,0,价格更新稀疏,,33,0,0
484,★ Driver Gloves | Overtake (Minimal Wear),508.5,720.0,100,22,0.22,1.4159,steamdt-live,494.0,71,518.0,56,"溢价求购:买一高于卖一,多为定向收特定图案,买一价不可作退出价",17,0,7,5,4,0,0,0,0.0,-0.0010111223458038054,-0.01100000000000001,-0.0010111223458038054,0.01200000000000001,0.008163265306122547,0.029469548133595258,-0.017892644135188873,-0.10426110607434269,0.41,1,价格更新稀疏,买一异常溢价(不作为可成交退出价),33,0,0
485,★ Hydra Gloves | Emerald (Minimal Wear),292.5,316.0,81,12,0.1481,1.0803,steamdt-live,288.43,56,304.49,63,"溢价求购:买一高于卖一,多为定向收特定图案,买一价不可作退出价",11,0,4,5,2,0,6,5,0.0017043478260869716,0.001527830827459331,-0.0017361111111111605,0.0032347826086955855,0.003696027633851462,0.030107142857142888,0.00541379310344825,-0.0019723183391002763,-0.04016638935108152,0.35,4,回撤不明显,买一异常溢价(不作为可成交退出价),33,0,0
486,AK-47 | Gold Arabesque (Factory New),12219.5,13710.0,232,31,0.1336,1.122,steamdt-live,12250.0,175,12700.0,67,"溢价求购:买一高于卖一,多为定向收特定图案,买一价不可作退出价",11,0,7,2,6,0,4,3,-0.0033630470016207115,-0.0064235475871041725,0.0032928167811698827,-0.009764991896272335,0.018474637535644045,0.0025845093534624386,0.048881105273399506,-0.048881105273399506,-0.11597033821667568,0.41,8,可能加速下跌,买一异常溢价(不作为可成交退出价),33,0,0
487,USP-S | Ancient Visions (Factory New),279.96,260.0,65,8,0.1231,0.9287,steamdt-live,300.0,26,278.44,85,,11,6,4,2,8,0,2,0,-0.0034388378131798847,-0.019577464788732457,-0.008696257130930807,-0.02294897887571068,0.03144566578544605,0.0,0.06607633997450857,-0.033194444444444415,-0.22440111420612818,0.41,3,可能加速下跌,,33,0,0
488,★ Sport Gloves | Slingshot (Minimal Wear),5240.0,7710.0,362,33,0.0912,1.4714,steamdt-live,5464.9,313,5279.5,91,"溢价求购:买一高于卖一,多为定向收特定图案,买一价不可作退出价",7,0,9,5,6,0,6,0,-0.0027621678255072,0.0009551098376312517,0.00372848948374771,-0.0018096961615391427,0.0019047619047618536,0.007692307692307665,0.038532110091743066,-0.029449898129283225,-0.13748547387272314,0.41,5,回撤不明显,买一异常溢价(不作为可成交退出价),33,0,0
489,★ Driver Gloves | Racing Green (Minimal Wear),238.0,403.0,171,11,0.0643,1.6933,steamdt-live,258.9,72,246.57,104,"溢价求购:买一高于卖一,多为定向收特定图案,买一价不可作退出价",7,0,7,5,10,0,4,0,-0.008230452674897082,-0.012448132780082943,-0.01619433198380571,-0.020576131687242816,0.036437246963562764,0.0,0.0825334412705756,-0.040322580645161255,-0.1392405063291139,0.41,11,暂未减速,买一异常溢价(不作为可成交退出价),33,0,0
490,M4A4 | Cyber Security (Factory New),900.0,861.0,461,27,0.0586,0.9567,steamdt-live,909.0,62,905.0,126,,3,9,9,2,8,0,2,0,-0.002188183807439792,-0.013157894736842146,0.009944751381215422,-0.015317286652078765,0.01585565882996176,0.011235955056179803,0.07597535934291577,-0.07739620707329575,-0.15887064365087522,0.35,10,可能加速下跌,,33,0,0
491,M4A1-S | Briefing (Factory New),345.0,327.0,354,20,0.0565,0.9478,steamdt-live,388.0,59,362.55,98,,3,9,9,2,10,0,0,0,-0.004065040650406471,-0.061224489795918324,-0.036553524804177506,-0.06504065040650409,0.09921671018276768,0.0,0.1151577327519876,-0.10389610389610393,-0.3508936970837253,0.4,8,长期阴跌,,33,0,0
492,★ Specialist Gloves | Fade (Minimal Wear),2929.5,5110.0,599,32,0.0534,1.7443,steamdt-live,2970.0,608,2962.0,167,"溢价求购:买一高于卖一,多为定向收特定图案,买一价不可作退出价",3,0,12,5,4,0,6,3,-0.0018742545578462888,0.00017070672584496016,-0.0013612387272418092,-0.001703867779860313,0.0018739352640545492,0.010172413793103408,0.023337222870478458,-0.023337222870478458,-0.11173169112095538,0.4,3,回撤不明显,买一异常溢价(不作为可成交退出价),33,0,0
493,AWP | Safari Mesh (Factory New),39.99,35.5,490,26,0.0531,0.8877,steamdt-live,42.4,115,40.34,175,,3,6,9,2,4,0,4,5,-0.0024691358024692134,-0.010148514851485047,0.006711409395973256,-0.012592592592592489,0.019372241294752346,0.00477386934673385,0.019852941176470518,-0.019612650159352762,-0.3295892707460184,0.4,4,长期阴跌,,33,0,0
494,Galil AR | Vandal (Factory New),68.79,64.0,263,13,0.0494,0.9304,steamdt-live,63.99,82,65.02,88,,3,9,9,2,10,0,0,0,-0.0006153846153846843,-0.014932266009852091,-0.05660377358490576,-0.015538461538461501,0.07126269956458642,0.0,0.15957446808510634,-0.15957446808510634,-0.4163094043601203,0.41,1,价格更新稀疏,,33,0,0
495,M4A1-S | Moss Quartz (Factory New),469.98,450.0,497,24,0.0483,0.9575,steamdt-live,480.0,131,489.07,194,,3,9,9,2,10,0,0,0,-0.00515995872033026,-0.022842323651452223,-0.029019199166299248,-0.02788441692466459,0.05609443264259095,0.012903503301146202,0.09487662387577833,-0.09487662387577833,-0.29067771084337346,0.41,15,可能加速下跌,,33,0,0
496,★ Specialist Gloves | Field Agent (Field-Tested),744.0,1120.0,734,26,0.0354,1.5054,steamdt-live,752.0,563,752.0,199,"溢价求购:买一高于卖一,多为定向收特定图案,买一价不可作退出价",3,0,12,5,4,0,4,5,-0.0013368983957219305,-0.004016064257028162,-0.002001334222815232,-0.005347593582887722,0.008000000000000007,0.019178082191780854,0.027450980392156876,-0.027450980392156876,-0.08932899214179046,0.41,10,回撤不明显,买一异常溢价(不作为可成交退出价),33,0,0
497,M4A4 | Tooth Fairy (Factory New),81.57,71.0,1624,19,0.0117,0.8704,steamdt-live,83.69,441,85.54,599,,3,3,15,2,8,0,2,0,-0.00715137067938032,-0.020768307322929225,-0.019859813084112,-0.027771156138259978,0.047079439252336486,0.0,0.07306818181818187,-0.07169682485489937,-0.23047169811320756,0.29,12,可能加速下跌,,33,0,0
498,★ Moto Gloves | Smoke Out (Minimal Wear),1164.0,2010.0,148,29,0.1959,1.7268,steamdt-live,1162.5,126,1190.21,66,"溢价求购:买一高于卖一,多为定向收特定图案,买一价不可作退出价",14,0,7,5,2,0,4,0,-0.004293688278230956,0.002587322121604174,0.012608695652173818,-0.0017174753112924046,0.002060262683492242,0.019736842105263053,0.01273885350318471,-0.010217113665389577,-0.08821384032565471,0.41,7,回撤不明显,买一异常溢价(不作为可成交退出价),32,0,0
499,★ Sport Gloves | Pandora's Box (Minimal Wear),33600.0,56380.0,191,35,0.1832,1.678,steamdt-live,33995.0,204,33999.0,50,"溢价求购:买一高于卖一,多为定向收特定图案,买一价不可作退出价",14,0,7,5,2,0,4,0,-0.0029508970727101236,-0.008523736237717516,0.004121615815626534,-0.01144948064211515,0.014705882352941124,0.0,0.014705882352941124,-0.010339734121122546,-0.0589887640449438,0.14,4,可能加速下跌,买一异常溢价(不作为可成交退出价),32,0,0
500,★ Moto Gloves | Polygon (Minimal Wear),1045.86,1490.0,129,22,0.1705,1.4247,steamdt-live,1097.87,122,1070.0,63,"溢价求购:买一高于卖一,多为定向收特定图案,买一价不可作退出价",14,0,7,5,4,0,2,0,-0.0009438414346389923,-0.011941426547000589,-0.0060975609756097615,-0.012873997168475815,0.018893058161350895,0.007572254335260098,0.021564023163783808,0.006128005079413912,-0.11920903479000533,0.41,10,可能加速下跌,买一异常溢价(不作为可成交退出价),32,0,0
501,MP9 | Stained Glass (Factory New),828.5,775.0,49,6,0.1224,0.9354,steamdt-live,830.0,26,830.0,59,,11,9,4,2,4,0,2,0,0.0,-0.022995283018867885,0.02477341389728105,-0.022995283018867885,0.022995283018867885,0.003148080881462567,0.022995283018867885,-0.0004825672578114837,-0.06012478729438453,0.36,6,可能加速下跌,,32,0,0
502,M4A4 | Full Throttle (Factory New),1134.0,1050.0,252,25,0.0992,0.9259,steamdt-live,1128.88,148,1150.0,109,,7,6,9,2,8,0,0,0,0.0,-0.034334617030380765,0.008196721311475308,-0.034334617030380765,0.043729554738215826,0.025800000000000045,0.07129218106995872,-0.0596833333333332,-0.1610557620817843,0.16,4,可能加速下跌,,32,0,0
503,★ Hand Wraps | Duct Tape (Field-Tested),259.9,286.0,179,17,0.095,1.1004,steamdt-live,275.0,147,268.0,157,"溢价求购:买一高于卖一,多为定向收特定图案,买一价不可作退出价",7,0,7,5,6,0,4,3,-0.0019164430816405176,-0.0019201228878648058,-0.0038182512409316027,-0.003832886163280924,0.009527439024390238,0.009320388349514541,0.04798534798534804,-0.037407407407407445,-0.10323649161548554,0.41,12,回撤不明显,买一异常溢价(不作为可成交退出价),32,0,0
504,Tec-9 | Snek-9 (Factory New),27.58,25.5,406,29,0.0714,0.9246,steamdt-live,27.56,106,28.67,123,,7,6,9,2,8,0,0,0,-0.0036127167630057855,-0.0010877447425670095,-0.025008805917576593,-0.004696531791907432,0.029587883057414555,0.0,0.06036834924965895,-0.06036834924965895,-0.4023861171366594,0.41,1,价格更新稀疏,,32,0,0
505,★ Hand Wraps | Giraffe (Field-Tested),238.0,257.0,339,23,0.0678,1.0798,steamdt-live,250.0,255,246.96,141,"溢价求购:买一高于卖一,多为定向收特定图案,买一价不可作退出价",7,0,9,5,2,0,6,3,0.009623430962343082,-0.013675922088686288,0.004201680672268893,-0.004184100418409997,0.013675922088686288,0.02145922746781115,0.013675922088686288,-0.005764892639318231,-0.08510801875912966,0.41,10,可能加速下跌,买一异常溢价(不作为可成交退出价),32,0,0
506,Five-SeveN | Hot Shot (Factory New),247.18,227.0,154,9,0.0584,0.9184,steamdt-live,257.28,73,259.49,83,,3,6,7,2,8,0,6,0,-0.0034070867404200067,-0.005831959136065601,-0.006214149139579406,-0.009219175885842534,0.015376035691523238,0.00016185158209935935,0.06264694728858544,-0.06264694728858544,-0.30467805001547155,0.34,9,长期阴跌,,32,0,0
507,AWP | Electric Hive (Factory New),478.0,435.0,487,27,0.0554,0.91,steamdt-live,502.51,220,492.16,198,,3,6,9,2,10,0,2,0,0.03499999999999992,-0.04972068149738573,-0.01718907987866536,-0.016460905349794275,0.05346534653465351,0.0,0.10258335836587562,-0.09037279491522199,-0.30874909616775126,0.41,13,长期阴跌,,32,0,0
508,Galil AR | Crimson Tsunami (Factory New),40.4,38.6,709,35,0.0494,0.9554,steamdt-live,39.0,273,41.66,230,,3,9,12,2,6,0,0,0,-0.0025706940874036244,0.005154639175257714,-0.022613065326633097,0.0025706940874037354,0.015151515151515138,0.005154639175257714,0.043883304731551775,0.011410788381742698,-0.33662187446844705,0.39,1,价格更新稀疏,,32,0,0
509,★ Driver Gloves | Brocade Flowers (Minimal Wear),2420.38,3350.0,35,23,0.6571,1.3841,steamdt-live,2450.0,46,2400.0,45,"溢价求购:买一高于卖一,多为定向收特定图案,买一价不可作退出价",20,0,4,5,2,0,0,0,0.0,0.014777700260036664,-0.006239757973024007,0.014777700260036664,0.0,0.016992245434128472,0.014365621072862989,-0.008264462809917328,-0.09382669435529545,0.41,1,价格更新稀疏,买一异常溢价(不作为可成交退出价),31,0,0
510,★ Driver Gloves | Wave Chaser (Minimal Wear),3015.0,3400.0,42,25,0.5952,1.1277,steamdt-live,3041.0,51,3157.38,23,"溢价求购:买一高于卖一,多为定向收特定图案,买一价不可作退出价",20,0,4,5,2,0,0,0,-0.0006600660066006236,-0.004293262879788595,0.010677153692974395,-0.004950495049504955,0.008223684210526327,0.039655172413793016,0.008223684210526327,0.005670446964643139,-0.022532014913276055,0.36,1,价格更新稀疏,买一异常溢价(不作为可成交退出价),31,0,0
511,FAMAS | Sundown (Factory New),680.99,567.0,14,6,0.4286,0.8326,steamdt-live,785.0,11,722.36,19,,20,3,2,2,4,0,0,0,0.0,0.0,0.0,0.0,0.0,0.0,0.024369627507163316,-0.024369627507163316,-0.1015963060686016,0.15,0,价格更新稀疏,,31,0,0
512,★ Sport Gloves | Violet Beadwork (Minimal Wear),3680.0,4400.0,55,23,0.4182,1.1957,steamdt-live,3677.49,72,3688.88,33,"溢价求购:买一高于卖一,多为定向收特定图案,买一价不可作退出价",20,0,4,5,2,0,0,0,0.00023861171366590384,-0.0030903688924551753,-0.00324324324324321,-0.002852494577006537,0.006086486486486464,0.015878453038673968,0.013207395282689771,-0.012757046979865794,-0.0659988723351298,0.16,1,价格更新稀疏,买一异常溢价(不作为可成交退出价),31,0,0
513,★ Driver Gloves | Garden (Minimal Wear),2669.0,3320.0,47,17,0.3617,1.2439,steamdt-live,2698.5,61,2709.0,47,"溢价求购:买一高于卖一,多为定向收特定图案,买一价不可作退出价",20,0,4,5,2,0,0,0,-0.0037460198539052136,0.0035721000188004837,-0.0001872659176029856,-0.00018730099269526068,0.003360716952949927,0.04257812499999991,0.011481481481481537,-0.011481481481481537,-0.10676037483266398,0.41,5,回撤不明显,买一异常溢价(不作为可成交退出价),31,0,0
514,★ Specialist Gloves | Mogul (Minimal Wear),894.0,1380.0,176,25,0.142,1.5436,steamdt-live,900.0,164,940.0,70,"溢价求购:买一高于卖一,多为定向收特定图案,买一价不可作退出价",11,0,7,5,4,0,4,0,-0.0010603270271779541,-0.0011173184357542443,-0.0077963211109757236,-0.0021764607399966662,0.014876033057851235,0.007891770011273946,0.01758241758241763,0.004494382022471877,-0.06289308176100628,0.41,10,暂未减速,买一异常溢价(不作为可成交退出价),31,0,0
515,P250 | Apep's Curse (Factory New),689.0,609.0,63,7,0.1111,0.8839,steamdt-live,699.0,42,701.55,60,,11,6,4,2,4,0,4,0,-0.0003149651390857988,-0.013275667005599567,-0.0021571428571428575,-0.01358645077238041,0.01571428571428568,0.0,0.01571428571428568,-0.01571428571428568,-0.16887816646562126,0.34,5,可能加速下跌,,31,0,0
516,★ Specialist Gloves | Marble Fade (Field-Tested),843.49,1250.0,382,39,0.1021,1.4819,steamdt-live,835.0,321,858.5,135,"溢价求购:买一高于卖一,多为定向收特定图案,买一价不可作退出价",11,0,9,5,4,0,2,0,0.0030030030030030463,0.0,-0.005376344086021501,0.0030030030030030463,0.002389486260453988,0.018292682926829285,0.015330188679245293,-0.011249259917110677,-0.08239741532780942,0.41,7,回撤不明显,买一异常溢价(不作为可成交退出价),31,0,0
517,★ Sport Gloves | Scarlet Shamagh (Field-Tested),1073.0,1450.0,420,38,0.0905,1.3514,steamdt-live,1050.0,335,1075.1,149,"溢价求购:买一高于卖一,多为定向收特定图案,买一价不可作退出价",7,0,9,5,6,0,4,0,-0.011582080694368502,-0.014916971573318394,-0.005633932687874488,-0.026326282699209114,0.0318118948824343,0.0,0.03669724770642202,-0.026876737720111232,-0.13630717852119345,0.41,8,可能加速下跌,买一异常溢价(不作为可成交退出价),31,0,0
518,★ Driver Gloves | Black Tie (Minimal Wear),1802.0,3470.0,314,23,0.0732,1.9256,steamdt-live,1820.0,315,1884.88,76,"溢价求购:买一高于卖一,多为定向收特定图案,买一价不可作退出价",7,0,9,5,6,2,2,0,-0.017871042898018552,-0.015031429352282077,-0.0010510792331411833,-0.032633844931527434,0.038163864424873184,0.0011111111111110628,0.04403183023872681,-0.03970157207567282,-0.053541603201781585,0.4,8,可能加速下跌,买一异常溢价(不作为可成交退出价),31,0,0
519,★ Sport Gloves | Amphibious (Field-Tested),1857.0,2800.0,1063,77,0.0724,1.5078,steamdt-live,1884.0,958,1854.96,244,"溢价求购:买一高于卖一,多为定向收特定图案,买一价不可作退出价",7,0,15,5,2,0,2,0,-0.0016118598382749427,0.0015928639694169355,0.0026593444607800887,-2.1563342318065004e-05,0.0027096774193547946,0.0305333333333333,0.007756250468049619,0.014470877768662849,-0.05930798058734932,0.41,14,回撤不明显,买一异常溢价(不作为可成交退出价),31,0,0
520,FAMAS | Night Borre (Factory New),65.0,61.0,244,15,0.0615,0.9385,steamdt-live,67.57,87,68.52,90,,7,9,7,2,6,0,0,0,-0.0017701725918277678,-0.039456184424412566,-0.004698282190573999,-0.04115651275999421,0.044117647058823484,0.0015408320493064398,0.04706054830669981,0.002776920703486674,-0.4628099173553719,0.37,4,长期阴跌,,31,0,0
521,Glock-18 | Snack Attack (Factory New),659.5,629.0,383,20,0.0522,0.9538,steamdt-live,691.03,72,670.0,121,,3,9,9,2,8,0,0,0,-1.4641288433314692e-05,-0.034407531589042306,-0.024285714285714244,-0.03442166910688138,0.057871428571428574,0.0,0.07114084507042251,-0.07114084507042251,-0.2195292251979314,0.41,9,可能加速下跌,,31,0,0
522,★ Hand Wraps | Cobalt Skulls (Field-Tested),1224.0,1670.0,913,42,0.046,1.3644,steamdt-live,1249.0,695,1233.14,204,"溢价求购:买一高于卖一,多为定向收特定图案,买一价不可作退出价",3,0,15,5,4,0,4,0,-0.0040000000000000036,-0.016867469879518038,0.009701209218168083,-0.02080000000000004,0.02080000000000004,0.003278688524590123,0.02080000000000004,-0.0045867083048698465,-0.07029736812122589,0.41,10,可能加速下跌,买一异常溢价(不作为可成交退出价),31,0,0
523,Tec-9 | Safety Net (Factory New),79.9,65.0,471,21,0.0446,0.8135,steamdt-live,76.96,114,75.34,103,,3,3,9,2,10,1,0,3,-0.030874999999999986,-0.028247130143170374,-0.05882352941176472,-0.05824999999999991,0.11364705882352932,0.004533333333333278,0.16186450105684724,-0.16130468663030162,-0.4104851330203443,0.41,12,长期阴跌,,31,0,0
524,Tec-9 | Phoenix Chalk (Factory New),63.7,56.0,506,21,0.0415,0.8791,steamdt-live,60.0,111,62.46,131,,3,3,12,2,10,1,0,0,0.0,-0.03907692307692301,-0.04803749267721147,-0.03907692307692301,0.0852372583479789,0.040999999999999925,0.15822102425876017,-0.15822102425876017,-0.5042857142857142,0.41,6,长期阴跌,,31,0,0
525,★ Sport Gloves | Vice (Minimal Wear),8123.0,20000.0,994,34,0.0342,2.4621,steamdt-live,8149.5,959,8276.5,210,"溢价求购:买一高于卖一,多为定向收特定图案,买一价不可作退出价",3,0,15,5,2,0,6,0,-0.0016618452637410241,0.0016029593094943895,-0.003126771694126118,-6.154982458295155e-05,0.0031881290664598216,0.0016029593094943895,0.014019542392425755,-0.0033128834355827808,-0.10618397887323938,0.41,2,回撤不明显,买一异常溢价(不作为可成交退出价),31,0,0
526,AWP | Lightning Strike (Factory New),2984.99,2930.0,592,18,0.0304,0.9816,steamdt-live,2999.0,469,3021.71,155,,3,12,12,2,2,0,0,0,-0.0005018400802944134,-0.0008401673640168195,-0.003666666666666707,-0.0013415858146538229,0.00500333333333336,0.011861016949152425,0.011068778160615023,-0.010600039112089288,-0.0213147540983607,0.41,0,价格更新稀疏,,31,0,0
527,AWP | Medusa (Factory New),29500.0,26350.0,10,9,0.9,0.8932,steamdt-live,31000.0,22,29652.65,13,,20,6,2,2,0,0,0,0,0.0,0.0,0.0,0.0,0.0,0.0001695202576708077,0.0,0.0,-0.032786885245901676,0.41,0,价格更新稀疏,,30,0,0
528,Glock-18 | Fully Tuned (Factory New),1059.0,1540.0,58,35,0.6034,1.4542,steamdt-live,1058.98,55,1069.99,23,"溢价求购:买一高于卖一,多为定向收特定图案,买一价不可作退出价",20,0,4,2,0,0,4,0,0.0,-1.8885741265295408e-05,-0.00047192071731949614,-1.8885741265295408e-05,0.0004907975460122227,0.008552380952380867,0.0009622641509433594,0.0009262759924386632,-0.007144196512281931,0.41,6,回撤不明显,买一异常溢价(不作为可成交退出价),30,0,0
529,AK-47 | Wild Lotus (Factory New),94800.0,108210.0,111,26,0.2342,1.1415,steamdt-live,94000.0,105,97594.61,31,"溢价求购:买一高于卖一,多为定向收特定图案,买一价不可作退出价",17,0,7,2,4,0,0,0,0.0,0.0,-0.010510692274088518,0.0,0.010510692274088518,0.0,0.018553514935736093,-0.017414755503522672,-0.029927760577915352,0.41,0,价格更新稀疏,买一异常溢价(不作为可成交退出价),30,0,0
530,Five-SeveN | Neon Kimono (Factory New),3623.8,2820.0,36,8,0.2222,0.7782,steamdt-live,3199.9,26,3178.2,37,,17,1,4,2,2,0,4,0,3.125683743321339e-05,-0.006626242420453954,0.0,-0.0065951926984029186,0.006626242420453954,0.0,0.006626242420453954,-0.0065951926984029186,-0.00681250000000011,0.35,2,回撤不明显,,30,0,0
531,AWP | The Prince (Factory New),16476.5,18380.0,72,12,0.1667,1.1155,steamdt-live,16880.0,67,17138.24,37,"溢价求购:买一高于卖一,多为定向收特定图案,买一价不可作退出价",14,0,4,2,4,0,6,0,0.0,-3.0345329853687097e-05,6.0694343287259755e-05,-3.0345329853687097e-05,3.0345329853687097e-05,0.014937784895897588,0.019255952380952346,-0.019255952380952346,-0.011370454818192766,0.41,2,回撤不明显,买一异常溢价(不作为可成交退出价),30,0,0
532,Tec-9 | Orange Murano (Factory New),91.99,86.0,73,10,0.137,0.9349,steamdt-live,96.89,22,96.4,27,,11,9,4,2,4,0,0,0,0.0,-0.025323161686798046,-0.0011641443538998875,-0.025323161686798046,0.02645782622499737,0.0,0.026560846560846563,0.0,-0.1826017416029857,0.15,1,价格更新稀疏,,30,0,0
533,M4A4 | Bullet Rain (Factory New),1440.0,2000.0,312,36,0.1154,1.3889,steamdt-live,1450.0,67,1430.0,158,"溢价求购:买一高于卖一,多为定向收特定图案,买一价不可作退出价",11,0,9,2,8,0,0,0,0.0,-0.00437392915349144,-0.029878378378378367,-0.00437392915349144,0.03704951162007408,0.01382978723404249,0.07922705314009659,-0.07774193548387098,-0.18314285714285716,0.21,1,价格更新稀疏,买一异常溢价(不作为可成交退出价),30,0,0
534,M4A4 | Eye of Horus (Factory New),4033.75,5800.0,303,32,0.1056,1.4379,steamdt-live,4095.92,143,4053.92,101,"溢价求购:买一高于卖一,多为定向收特定图案,买一价不可作退出价",11,0,9,2,8,0,0,0,-0.002595061728395076,-0.001423447019301971,-0.01937046004842613,-0.004014814814814915,0.02330750605326881,0.008437521093802802,0.06192093023255818,-0.030348630645746777,-0.2315075539636876,0.41,1,价格更新稀疏,买一异常溢价(不作为可成交退出价),30,0,0
535,Tec-9 | Blast From the Past (Factory New),44.24,39.1,72,7,0.0972,0.8838,steamdt-live,45.6,33,44.81,50,,7,6,4,2,4,0,4,3,0.0,-0.0051720260850010025,-0.00714445188658186,-0.0051720260850010025,0.012279526680062491,0.0,0.016888888888888842,-0.011838284565557355,-0.3724822695035461,0.14,2,长期阴跌,,30,0,0
536,★ Hand Wraps | Desert Shamagh (Field-Tested),235.0,257.0,243,19,0.0782,1.0936,steamdt-live,238.49,205,236.57,206,"溢价求购:买一高于卖一,多为定向收特定图案,买一价不可作退出价",7,0,7,5,0,0,6,5,-0.0027015250544663028,0.026738902481649784,0.004376367614879584,0.023965141612200425,0.0,0.04444444444444451,0.0,0.017404104251450336,-0.045995209678074134,0.41,10,回撤不明显,买一异常溢价(不作为可成交退出价),30,0,0
537,★ Sport Gloves | Omega (Field-Tested),1110.5,1930.0,873,62,0.071,1.738,steamdt-live,1120.0,722,1140.0,231,"溢价求购:买一高于卖一,多为定向收特定图案,买一价不可作退出价",7,0,12,5,4,0,2,0,-0.0017857142857142794,-0.0067084078711985295,8.929368693633144e-05,-0.008482142857142883,0.008482142857142883,0.010464058234758822,0.02885876694359424,-0.004035874439461851,-0.10803212851405619,0.41,9,回撤不明显,买一异常溢价(不作为可成交退出价),30,0,0
538,Five-SeveN | Anodized Gunmetal (Factory New),89.99,81.0,131,9,0.0687,0.9001,steamdt-live,90.87,71,90.25,85,,7,6,7,2,2,0,6,0,-0.0012156039341363334,-0.004315113963266226,0.0,-0.005525472427892586,0.005525472427892586,0.0,0.005635359116022198,0.004464784016073198,-0.28220467416447326,0.34,2,回撤不明显,,30,0,0
539,★ Hand Wraps | Overprint (Minimal Wear),874.0,1100.0,344,19,0.0552,1.2586,steamdt-live,877.0,295,912.0,95,"溢价求购:买一高于卖一,多为定向收特定图案,买一价不可作退出价",3,0,9,5,2,0,6,5,0.0011448196908987462,-0.0005717552887364308,-0.006245804844196234,0.0005724098454493731,0.006253553155201819,0.005753739930955071,0.011312217194570096,-0.007945516458569779,-0.07066754566914069,0.41,7,回撤不明显,买一异常溢价(不作为可成交退出价),30,0,0
540,Five-SeveN | Buddy (Factory New),22.79,20.5,425,23,0.0541,0.8995,steamdt-live,23.28,139,23.18,190,,3,6,9,2,6,0,4,0,-0.0026030368763558798,-0.013049151805132553,-0.011578044596912473,-0.015618221258134501,0.02659802659802646,0.0,0.03977994075327962,-0.017323516673884765,-0.4453678807137619,0.22,5,长期阴跌,,30,0,0
541,AK-47 | Baroque Purple (Factory New),360.0,327.0,299,15,0.0502,0.9083,steamdt-live,379.5,101,370.99,152,,3,6,9,2,10,0,0,0,-0.0234375,-0.040000000000000036,-0.003296389544994338,-0.0625,0.0655903651984322,0.0,0.10447761194029848,-0.10447761194029848,-0.33333333333333337,0.41,8,长期阴跌,,30,0,0
542,Glock-18 | Brass (Factory New),714.1,650.0,64,3,0.0469,0.9102,steamdt-live,717.7,22,720.36,46,,3,6,4,2,2,7,6,0,-0.005837387074357214,-0.0016776177827484418,0.0,-0.007505211952744895,0.007505211952744895,0.0,0.007505211952744895,-0.007505211952744895,-0.20255949256831451,0.24,3,回撤不明显,,30,0,0
543,★ Driver Gloves | King Snake (Minimal Wear),2879.4,7560.0,866,31,0.0358,2.6255,steamdt-live,2919.91,885,2925.72,167,"溢价求购:买一高于卖一,多为定向收特定图案,买一价不可作退出价",3,0,12,5,4,0,6,0,0.01333333333333342,-0.0029778393351800325,3.508895048942584e-05,0.010315789473684278,0.003495414431562538,0.014012487630343573,0.026900980060831303,-0.026900980060831303,-0.05562479501475892,0.41,4,回撤不明显,买一异常溢价(不作为可成交退出价),30,0,0
544,FAMAS | Rapid Eye Movement (Factory New),92.9,86.0,367,12,0.0327,0.9257,steamdt-live,98.04,164,98.76,156,,3,6,9,2,10,0,0,0,-0.0052377115229652604,-0.059335763466990654,-0.02542456071463628,-0.06426269137792096,0.08814291323125234,0.0,0.11523809523809514,-0.11523809523809514,-0.2073378839590443,0.41,13,可能加速下跌,,30,0,0
545,P250 | Iron Clad (Factory New),43.58,36.5,283,8,0.0283,0.8375,steamdt-live,44.28,26,40.29,77,,3,3,9,2,10,0,3,0,0.06437994722955165,-0.0012394645513139624,-0.0026315789473684292,0.06306068601583115,0.0012394645513139624,0.06306068601583115,0.09215863001351965,-0.09215863001351965,-0.23966786186072853,0.41,6,回撤不明显,,30,0,0
546,★ Sport Gloves | Occult (Minimal Wear),5996.0,7030.0,83,35,0.4217,1.1724,steamdt-live,6079.0,93,6020.0,34,"溢价求购:买一高于卖一,多为定向收特定图案,买一价不可作退出价",20,0,4,5,0,0,0,0,-0.0002501042100875317,0.0,0.0004170141784820558,-0.0002501042100875317,0.0006666666666667043,0.00016680567139282232,0.0006666666666667043,0.01627118644067793,-0.03094949494949495,0.41,0,价格更新稀疏,买一异常溢价(不作为可成交退出价),29,0,0
547,USP-S | Business Class (Factory New),656.56,476.0,12,3,0.25,0.725,steamdt-live,685.0,13,592.65,32,,8,1,2,2,0,10,6,0,-0.0068445098475385935,0.02108854085904799,-0.00315559649302366,0.01409969028592939,0.0,0.024619214743866857,0.0,0.0678378378378377,-0.13164835164835165,0.19,2,回撤不明显,,29,0,0
548,AK-47 | X-Ray (Factory New),12299.5,15500.0,165,29,0.1758,1.2602,steamdt-live,12989.5,65,12286.75,60,"溢价求购:买一高于卖一,多为定向收特定图案,买一价不可作退出价",14,0,7,2,6,0,0,0,-0.016745358514724695,0.0,-0.0202673566192324,-0.016745358514724695,0.036673330981222274,0.007110655737704974,0.04748707294194254,-0.04748707294194254,-0.21238782051282046,0.41,1,价格更新稀疏,买一异常溢价(不作为可成交退出价),29,0,0
549,Desert Eagle | Sunset Storm 壱 (Factory New),3178.0,3010.0,47,8,0.1702,0.9471,steamdt-live,3180.0,33,3275.74,52,,14,9,4,2,0,0,0,0,-0.00016042831213680664,-0.00015101557977403868,-0.00038676569545503803,-0.0003114196647362455,0.0006980649137480199,0.0,0.002348154752188081,0.03215664877118796,-0.0006289308176100628,0.28,0,价格更新稀疏,,29,0,0
550,★ Moto Gloves | POW! (Minimal Wear),1000.0,1680.0,294,28,0.0952,1.68,steamdt-live,1000.0,290,1000.28,83,"溢价求购:买一高于卖一,多为定向收特定图案,买一价不可作退出价",7,0,9,5,2,0,6,0,-0.0030060120240480437,0.0,-0.0015007503751875984,-0.0030060120240480437,0.0050000000000000044,0.005558362809499728,0.014851485148514865,-0.011916583912611745,-0.08421537045559135,0.03,11,回撤不明显,买一异常溢价(不作为可成交退出价),29,0,0
551,★ Moto Gloves | Turtle (Field-Tested),351.0,500.0,332,30,0.0904,1.4245,steamdt-live,365.4,302,359.0,155,"溢价求购:买一高于卖一,多为定向收特定图案,买一价不可作退出价",7,0,9,5,2,0,6,0,0.005714285714285783,-0.0028409090909090606,0.004304160688665792,0.0028571428571428914,0.007072135785007094,0.007173601147776099,0.007072135785007094,0.0028571428571428914,-0.06399999999999995,0.41,6,回撤不明显,买一异常溢价(不作为可成交退出价),29,0,0
552,★ Hydra Gloves | Mangrove (Minimal Wear),211.0,232.0,133,11,0.0827,1.0995,steamdt-live,217.0,53,215.94,77,"溢价求购:买一高于卖一,多为定向收特定图案,买一价不可作退出价",7,0,7,5,6,0,4,0,-0.004162963655923946,-0.008924377642085535,-0.009314179796107602,-0.013050189438233772,0.022242817423540395,0.0,0.032110091743119296,-0.027649769585253448,-0.06843267108167772,0.35,9,暂未减速,买一异常溢价(不作为可成交退出价),29,0,0
553,P250 | Hive (Factory New),47.0,40.0,166,13,0.0783,0.8511,steamdt-live,42.7,95,43.53,134,,7,3,7,2,10,0,0,0,0.0,-0.004662004662004615,-0.01987662782727906,-0.004662004662004615,0.02444596755768791,0.0,0.09110259684972322,-0.09110259684972322,-0.5110500400778655,0.41,1,价格更新稀疏,,29,0,0
554,USP-S | Blueprint (Factory New),605.0,525.0,203,12,0.0591,0.8678,steamdt-live,639.5,96,635.38,80,,3,3,7,2,10,2,2,0,-0.020700966575900925,-0.016244166571814156,-0.0338615384615385,-0.036608863198458574,0.06779661016949157,0.0,0.09565165398585929,-0.09565165398585929,-0.18628110289172828,0.4,10,暂未减速,,29,0,0
555,★ Sport Gloves | Nocts (Field-Tested),3760.0,4280.0,997,49,0.0491,1.1383,steamdt-live,3785.0,829,3824.22,151,"溢价求购:买一高于卖一,多为定向收特定图案,买一价不可作退出价",3,0,15,5,0,0,6,0,0.0005656531158948486,0.002666666666666595,0.01021024258760117,0.0032338281908705913,0.0010626992561104665,0.01211305518169592,0.001460629398486235,0.006693440428380271,-0.03292181069958844,0.23,4,回撤不明显,买一异常溢价(不作为可成交退出价),29,0,0
556,M4A1-S | Imminent Danger (Factory New),8416.5,10430.0,33,13,0.3939,1.2392,steamdt-live,8499.0,30,8887.9,24,"溢价求购:买一高于卖一,多为定向收特定图案,买一价不可作退出价",20,0,4,2,2,0,0,0,-0.00011879306248518962,-5.940358797673628e-05,-0.009530533003882846,-0.0001781895937277289,0.009707024355806615,0.0,0.009823529411764675,-0.009823529411764675,-0.1112460401267159,0.41,0,价格更新稀疏,买一异常溢价(不作为可成交退出价),28,0,0
557,M4A4 | Howl (Factory New),44888.0,52050.0,90,18,0.2,1.1596,steamdt-live,44999.5,107,45687.5,43,"溢价求购:买一高于卖一,多为定向收特定图案,买一价不可作退出价",17,0,4,5,0,0,2,0,0.001101223581757571,-0.0024778053089479224,0.0,-0.0013793103448276334,0.002488888888888874,0.02018181818181808,0.002488888888888874,0.0019642857142856407,0.008719101123595419,0.41,5,回撤不明显,买一异常溢价(不作为可成交退出价),28,0,0
558,★ Sport Gloves | Hedge Maze (Minimal Wear),45998.0,68030.0,224,35,0.1562,1.479,steamdt-live,46400.0,185,46633.86,53,"溢价求购:买一高于卖一,多为定向收特定图案,买一价不可作退出价",14,0,7,5,2,0,0,0,2.17400756554742e-05,-2.1739603034864885e-05,-4.347826086958939e-05,0.0,0.006265122709989579,0.00039147455415400323,0.006265122709989579,-0.004372294372294361,-0.04864529472595658,0.31,0,价格更新稀疏,买一异常溢价(不作为可成交退出价),28,0,0
559,P250 | Mehndi (Factory New),199.3,170.0,36,5,0.1389,0.853,steamdt-live,182.5,47,186.05,77,,11,3,4,2,8,0,0,0,0.0,0.0,0.0,0.0,0.0,0.0,0.06649616368286448,-0.06299738152692924,-0.08745437271863599,0.41,0,价格更新稀疏,,28,0,0
560,P250 | Digital Architect (Factory New),234.5,216.0,25,3,0.12,0.9211,steamdt-live,286.8,23,241.62,38,,8,6,2,2,10,0,0,0,0.0,-0.0021276595744680327,0.00042571306939120923,-0.0021276595744680327,0.0021276595744680327,0.0,0.08064452895283647,-0.0825149653742322,-0.26257861635220126,0.22,1,价格更新稀疏,,28,0,0
561,★ Sport Gloves | Amphibious (Minimal Wear),3963.0,7570.0,528,30,0.0568,1.9102,steamdt-live,3999.0,462,3961.82,128,"溢价求购:买一高于卖一,多为定向收特定图案,买一价不可作退出价",3,0,12,5,4,0,4,0,0.0007529175555276435,-0.0064401253918494605,-0.0077769172728245906,-0.005692056719789118,0.01342470733839174,0.0035005065856130724,0.019227674780727178,-0.01176852082813662,-0.06780705882352933,0.41,9,可能加速下跌,买一异常溢价(不作为可成交退出价),28,0,0
562,Glock-18 | Reactor (Factory New),440.0,405.0,222,11,0.0495,0.9205,steamdt-live,420.0,58,427.23,107,,3,6,7,2,10,0,0,0,-0.002790178571428603,-0.05987688864017904,-0.015730732050268093,-0.0625,0.07724756129712629,0.0,0.12725459230321667,-0.12725459230321667,-0.1923076923076923,0.41,6,可能加速下跌,,28,0,0
563,★ Specialist Gloves | Crimson Kimono (Field-Tested),10600.0,11800.0,865,10,0.0116,1.1132,steamdt-live,10990.0,758,11083.69,170,"溢价求购:买一高于卖一,多为定向收特定图案,买一价不可作退出价",3,0,12,5,4,0,4,0,-0.00046511627906975495,-0.01349464867380179,0.007875492218263558,-0.013953488372092981,0.013953488372092981,0.0,0.02573529411764708,-0.02573529411764708,-0.036363636363636376,0.29,2,可能加速下跌,买一异常溢价(不作为可成交退出价),28,0,0
564,Tec-9 | Brass (Factory New),450.0,374.0,11,5,0.4545,0.8311,steamdt-live,480.0,9,465.92,41,,20,3,2,2,0,0,0,0,0.0,0.0,0.0,0.0,0.0,0.0,0.0,0.004935349159204128,-0.11764705882352944,0.41,0,价格更新稀疏,,27,0,0
565,Five-SeveN | Crimson Blossom (Factory New),573.49,474.0,14,6,0.4286,0.8265,steamdt-live,544.5,27,612.23,24,,20,3,2,2,0,0,0,0,0.0,0.0,0.0,0.0,0.0,0.0,0.0,0.0,-0.04973821989528793,0.34,0,价格更新稀疏,,27,0,0
566,Glock-18 | Pink DDPAT (Factory New),518.49,426.0,19,6,0.3158,0.8216,steamdt-live,509.5,14,512.29,32,,20,3,2,2,0,0,0,0,0.0,0.0,0.00873111722663289,0.0,0.0009803921568627416,0.00873111722663289,0.0009803921568627416,0.06145833333333339,-0.03136882129277563,0.41,0,价格更新稀疏,,27,0,0
567,Desert Eagle | Hand Cannon (Factory New),2648.5,2200.0,20,6,0.3,0.8307,steamdt-live,2977.5,30,2663.34,32,,20,3,2,2,0,0,0,0,0.0,0.0,0.005883000824151718,0.0,0.0,0.005883000824151718,0.0,0.03779721320982432,-0.04386281588447649,0.41,0,价格更新稀疏,,27,0,0
568,Five-SeveN | Hyper Beast (Factory New),2600.0,2320.0,42,5,0.119,0.8923,steamdt-live,2830.0,35,2600.0,46,,11,6,4,2,4,0,0,0,0.061224489795918435,0.0,-0.07406707533692625,0.061224489795918435,0.017377304439186947,0.061224489795918435,0.01847531465416352,-0.01748498830429246,-0.08267885998151248,0.34,1,价格更新稀疏,,27,0,0
569,★ Specialist Gloves | Marble Fade (Minimal Wear),2293.0,4580.0,218,22,0.1009,1.9974,steamdt-live,2347.5,169,2305.71,65,"溢价求购:买一高于卖一,多为定向收特定图案,买一价不可作退出价",11,0,7,5,4,0,0,0,-0.0006531678641410466,-0.0008714596949891407,-0.005844155844155874,-0.001524058349662516,0.00885246468523615,0.0,0.01714530647235324,-0.0008714596949891407,-0.0361496427070197,0.41,0,价格更新稀疏,买一异常溢价(不作为可成交退出价),27,0,0
570,★ Hand Wraps | Arboreal (Field-Tested),245.0,263.0,350,26,0.0743,1.0735,steamdt-live,250.28,303,250.49,178,"溢价求购:买一高于卖一,多为定向收特定图案,买一价不可作退出价",7,0,9,5,0,0,6,0,0.012568374462399223,0.010309278350515427,0.010506329113924018,0.02300722368366115,0.0,0.042553191489361764,0.0,0.030277544154751812,-0.056349420328929645,0.41,16,回撤不明显,买一异常溢价(不作为可成交退出价),27,0,0
571,★ Specialist Gloves | Buckshot (Field-Tested),254.0,311.0,308,22,0.0714,1.2244,steamdt-live,259.5,301,262.89,165,"溢价求购:买一高于卖一,多为定向收特定图案,买一价不可作退出价",7,0,9,5,2,0,4,0,0.006338582677165361,-0.006298658111967503,0.016000000000000014,0.0,0.009244451378866536,0.028340080971659853,0.009244451378866536,-0.0039215686274509665,-0.07299270072992703,0.41,12,回撤不明显,买一异常溢价(不作为可成交退出价),27,0,0
572,★ Sport Gloves | Bronze Morph (Field-Tested),438.9,504.0,347,17,0.049,1.1483,steamdt-live,449.0,222,463.94,163,"溢价求购:买一高于卖一,多为定向收特定图案,买一价不可作退出价",3,0,9,5,4,0,6,0,0.0022297297297297902,-0.013685700802265277,0.0011273957158963732,-0.011486486486486536,0.018120805369127524,0.0031999999999998696,0.018120805369127524,-0.008135593220339077,-0.14109589041095894,0.41,16,可能加速下跌,买一异常溢价(不作为可成交退出价),27,0,0
573,M4A1-S | Stratosphere (Factory New),209.0,200.0,382,17,0.0445,0.9569,steamdt-live,208.73,247,217.15,349,,3,9,9,2,0,0,4,0,-4.854368932039055e-05,0.01330161658332929,0.030000000000000027,0.013252427184466065,0.0,0.033316831683168235,0.003675417661097913,0.0011031175059952325,-0.255439823071984,0.32,5,回撤不明显,,27,0,0
574,AWP | Graphite (Factory New),810.0,922.0,614,24,0.0391,1.1383,steamdt-live,833.0,426,843.12,318,"溢价求购:买一高于卖一,多为定向收特定图案,买一价不可作退出价",3,0,12,2,8,0,2,0,-0.004813925570228084,-0.022907393334057113,-0.007742703990470501,-0.027611044417767072,0.0357142857142857,0.0,0.06304222093695777,-0.06304222093695777,-0.16923076923076918,0.41,13,可能加速下跌,买一异常溢价(不作为可成交退出价),27,0,0
575,Tec-9 | Rust Leaf (Factory New),84.0,79.0,116,4,0.0345,0.9405,steamdt-live,110.0,27,85.54,40,,3,9,7,2,6,0,0,0,0.0,-0.03658676453721754,0.005072046109509953,-0.03658676453721754,0.037690457097033,0.0,0.037690457097033,-0.029686958530668717,-0.26315789473684215,0.15,1,价格更新稀疏,,27,0,0
576,AK-47 | Jaguar (Factory New),2780.0,2340.0,145,4,0.0276,0.8417,steamdt-live,2788.0,42,2775.0,49,,3,3,7,2,6,0,6,0,-0.0025116612845353936,-0.0017985611510791255,-0.004642857142857171,-0.0043057050592034685,0.008928571428571397,0.0,0.0431034482758621,-0.0431034482758621,-0.26433941656150917,0.41,3,回撤不明显,,27,0,0
577,M4A1-S | Welcome to the Jungle (Factory New),10500.0,12410.0,35,16,0.4571,1.1819,steamdt-live,10290.0,42,10400.0,39,"溢价求购:买一高于卖一,多为定向收特定图案,买一价不可作退出价",20,0,4,2,0,0,0,0,0.050053574161947,0.0,0.013811297330850403,0.050053574161947,0.0,0.0645561762880198,0.0,0.06082474226804124,-0.005701033916320375,0.36,1,价格更新稀疏,买一异常溢价(不作为可成交退出价),26,0,0
578,AWP | Queen's Gambit (Factory New),1340.0,2390.0,97,34,0.3505,1.7836,steamdt-live,1343.15,105,1398.7,45,"溢价求购:买一高于卖一,多为定向收特定图案,买一价不可作退出价",20,0,4,2,0,0,0,0,-0.00037341299477222645,0.0011206574523721091,0.002996254681647992,0.0007468259895444529,0.0,0.008565278258644282,0.0,0.010939268200679031,-0.015740801950889893,0.41,1,价格更新稀疏,买一异常溢价(不作为可成交退出价),26,0,0
579,P250 | Red Rock (Factory New),244.9,126.0,8,2,0.25,0.5145,steamdt-live,244.69,9,258.3,13,,8,1,2,2,2,0,6,5,0.0,4.086803710823261e-05,0.0015963978714694793,4.086803710823261e-05,0.001224489795918382,0.0016373311502251298,0.013306451612903225,-0.013306451612903225,-0.10016915496065315,0.41,2,回撤不明显,,26,0,0
580,Glock-18 | Synth Leaf (Factory New),2146.3,1920.0,25,4,0.16,0.8946,steamdt-live,2074.5,26,2198.9,35,,8,6,2,2,8,0,0,0,-0.01119171774754768,0.0,-0.00024303189436203354,-0.01119171774754768,0.01143202969754431,0.0,0.054035567715458255,-0.054035567715458255,-0.21657854984894265,0.41,1,价格更新稀疏,,26,0,0
581,★ Broken Fang Gloves | Unhinged (Field-Tested),323.49,345.0,102,13,0.1275,1.0665,steamdt-live,330.0,115,321.99,89,"溢价求购:买一高于卖一,多为定向收特定图案,买一价不可作退出价",11,0,7,5,0,0,3,0,0.04421602218959042,0.00621874999999994,0.004754098360655767,0.05070974057758204,0.004975278121137294,0.07509181969949918,0.004975278121137294,0.0591776315789474,-0.0373991031390134,0.41,12,回撤不明显,买一异常溢价(不作为可成交退出价),26,0,0
582,P250 | Contamination (Factory New),49.8,39.0,64,6,0.0938,0.7831,steamdt-live,37.94,36,38.63,43,,7,1,4,2,8,0,4,0,-0.002605523710265789,-0.00914315569487989,-0.010059324219757526,-0.011724856696196051,0.021666236781016313,0.0,0.053878772761287164,-0.053878772761287164,-0.3990811153358682,0.41,4,长期阴跌,,26,0,0
583,FAMAS | Macabre (Factory New),62.7,52.0,69,6,0.087,0.8293,steamdt-live,70.46,39,64.07,69,,7,3,4,2,4,0,6,0,-0.00015873015873013596,-0.004603905381806661,0.0,-0.004761904761904745,0.004761904761904745,0.0,0.027001862197392867,-0.027001862197392867,-0.17391304347826086,0.24,3,回撤不明显,,26,0,0
584,Five-SeveN | Case Hardened (Factory New),223.0,260.0,235,14,0.0596,1.1659,steamdt-live,233.5,148,231.79,117,"溢价求购:买一高于卖一,多为定向收特定图案,买一价不可作退出价",3,0,7,2,8,0,6,0,0.0,-0.004464285714285698,-0.004444444444444473,-0.004464285714285698,0.008888888888888835,0.0,0.06365468592542822,-0.06365468592542822,-0.2566666666666667,0.32,2,回撤不明显,买一异常溢价(不作为可成交退出价),26,0,0
585,P250 | Forest Night (Factory New),83.99,74.0,150,6,0.04,0.8811,steamdt-live,91.0,15,79.02,37,,3,6,7,2,4,0,4,0,-0.0012586532410322482,-0.005040957781978439,-0.005133984472827424,-0.006293266205160464,0.011394941147007231,0.0,0.0191328115293824,0.06833558863328815,-0.16789629005059015,0.17,6,暂未减速,,26,0,0
586,★ Sport Gloves | Big Game (Field-Tested),820.0,950.0,774,25,0.0323,1.1585,steamdt-live,843.0,578,843.97,170,"溢价求购:买一高于卖一,多为定向收特定图案,买一价不可作退出价",3,0,12,5,4,0,2,0,-0.0018072289156626509,-0.0102595051297526,-0.010727056019070313,-0.012048192771084376,0.022646007151370662,0.012345679012345734,0.028436018957345932,-0.020895522388059695,-0.08878764307145237,0.19,15,可能加速下跌,买一异常溢价(不作为可成交退出价),26,0,0
587,AK-47 | Jungle Spray (Factory New),1150.0,660.0,5,5,1.0,0.5739,steamdt-live,999.0,6,1029.02,15,,20,1,2,2,0,0,0,0,0.0,0.0,0.0,0.0,0.0,0.0,0.0,0.0,-0.0876712328767123,0.4,0,价格更新稀疏,,25,0,0
588,AK-47 | Red Laminate (Factory New),3036.59,1690.0,7,5,0.7143,0.5565,steamdt-live,3999.99,8,3291.37,7,,20,1,2,2,0,0,0,0,0.0,0.0,0.0,0.0,0.0,0.0,0.00046083100997684756,-0.00046083100997684756,-0.07421036585365848,0.41,0,价格更新稀疏,,25,0,0
589,M4A4 | Faded Zebra (Factory New),408.0,213.0,13,5,0.3846,0.5221,steamdt-live,520.0,10,432.81,6,,20,1,2,2,0,0,0,0,0.0,0.0,0.0,0.0,0.0,0.0,0.0,0.0,0.11934156378600824,0.41,0,价格更新稀疏,,25,0,0
590,Desert Eagle | Night (Factory New),551.0,471.0,24,3,0.125,0.8548,steamdt-live,555.0,28,522.93,62,,8,3,2,2,8,0,2,0,-0.017175078572749025,-0.01632775907149986,-0.016366612111292977,-0.03322240709927904,0.049045280960174575,0.0,0.07364038972542086,-0.07527851458885948,-0.2076818181818183,0.25,17,可能加速下跌,,25,0,0
591,★ Sport Gloves | Nocts (Minimal Wear),5380.0,6710.0,372,18,0.0484,1.2472,steamdt-live,5640.0,310,5524.98,75,"溢价求购:买一高于卖一,多为定向收特定图案,买一价不可作退出价",3,0,9,5,4,0,4,0,-0.0027504637623188,-0.010119595216191324,-0.001831505185906912,-0.01284222539857871,0.0146520146520146,0.0,0.018964259664478456,-0.008477699963140406,-0.07868824385649453,0.2,6,可能加速下跌,买一异常溢价(不作为可成交退出价),25,0,0
592,P250 | Epicenter (Factory New),125.79,118.0,180,8,0.0444,0.9381,steamdt-live,127.5,70,128.0,93,,3,9,7,2,4,0,0,0,-0.0008737092930897195,0.0,-0.01947040498442365,-0.0008737092930897195,0.020327102803738284,0.0,0.020327102803738284,0.02518337408312954,-0.17784313725490197,0.21,1,价格更新稀疏,,25,0,0
593,AK-47 | Vulcan (Factory New),3590.0,5750.0,867,34,0.0392,1.6017,steamdt-live,3666.0,702,3693.0,182,"溢价求购:买一高于卖一,多为定向收特定图案,买一价不可作退出价",3,0,12,2,4,0,4,0,-0.0032939650933105913,-0.01047409040793823,0.005522099447513806,-0.013733554213060994,0.016438356164383605,0.0,0.01912568306010931,-0.010746762193441728,-0.06631989596879062,0.41,11,可能加速下跌,买一异常溢价(不作为可成交退出价),25,0,0
594,★ Hydra Gloves | Case Hardened (Field-Tested),342.5,370.0,360,12,0.0333,1.0803,steamdt-live,349.0,397,344.02,175,"溢价求购:买一高于卖一,多为定向收特定图案,买一价不可作退出价",3,0,9,5,4,0,4,0,-0.005747126436781658,-0.010115606936416222,0.014577259475218707,-0.015804597701149392,0.0165958424256345,0.02238805970149249,0.018061926605504652,-0.018061926605504652,-0.05803080308030806,0.41,14,可能加速下跌,买一异常溢价(不作为可成交退出价),25,0,0
595,★ Driver Gloves | Snow Leopard (Field-Tested),1664.0,2380.0,526,49,0.0932,1.4303,steamdt-live,1655.0,485,1664.5,195,"溢价求购:买一高于卖一,多为定向收特定图案,买一价不可作退出价",7,0,12,5,0,0,0,0,0.006079027355623046,0.0,-0.0014568410829185474,0.006079027355623046,0.0,0.009207878529178481,0.0,0.003036382038678953,-0.05048766494549628,0.4,1,价格更新稀疏,买一异常溢价(不作为可成交退出价),24,0,0
596,Galil AR | Winter Forest (Factory New),4900.0,140.0,2,2,1.0,0.0286,steamdt-live,5100.0,2,3520.6,2,,8,1,2,2,10,0,0,0,0.0,0.0,0.0,0.0,0.0,0.0,0.21764444444444442,-0.21764444444444442,0.29760610360650896,0.41,0,价格更新稀疏,,23,0,0
597,P250 | Nuclear Threat (Factory New),11488.88,700.0,3,2,0.6667,0.0609,steamdt-live,2300.0,2,11888.0,1,,8,1,2,2,10,0,0,0,0.0,0.0,-0.668999024266689,0.0,0.668999024266689,0.0,0.668999024266689,-0.668999024266689,-0.8849942497124856,0.23,0,价格更新稀疏,,23,0,0
598,P250 | Splash (Factory New),336.5,284.0,8,4,0.5,0.844,steamdt-live,298.28,14,316.5,17,,8,3,2,2,8,0,0,0,0.0,0.0,0.0,0.0,0.0,0.0,0.06495297805642641,-0.06495297805642641,-0.12783625730994164,0.41,0,价格更新稀疏,,23,0,0
599,Glock-18 | Sand Dune (Factory New),3499.0,560.0,4,2,0.5,0.16,steamdt-live,0.0,0,1849.54,3,,8,1,2,2,10,0,0,0,0.0,0.0,0.0,0.0,0.0,0.0,0.16278964497978887,-0.16278964497978887,-0.16942918857748457,0.41,0,价格更新稀疏,,23,0,0
600,P250 | Gunsmoke (Factory New),116.0,35.0,6,2,0.3333,0.3017,steamdt-live,90.0,10,108.0,9,,8,1,2,2,10,0,0,0,0.0,0.0,0.0,0.0,0.0,0.0,0.23728813559322037,0.0,-0.3076923076923077,0.23,0,价格更新稀疏,,23,0,0
601,M4A4 | Desert Storm (Factory New),429.0,350.0,16,4,0.25,0.8159,steamdt-live,399.5,13,431.83,9,,8,3,2,2,8,0,0,0,0.0,0.0,-0.0012499999999999734,0.0,0.0012499999999999734,0.0,0.07538130395537757,-0.07538130395537757,-0.051068883610451254,0.41,0,价格更新稀疏,,23,0,0
602,AK-47 | First Class (Factory New),1983.43,1100.0,8,2,0.25,0.5546,steamdt-live,1399.9,18,1341.88,15,,8,1,2,2,4,0,6,0,-0.00033523798171819497,0.0,-0.006704208259643907,-0.00033523798171819497,0.02599985483051459,0.0034023016009512297,0.02599985483051459,-0.013475860345093738,-0.08119988770738185,0.4,5,暂未减速,,23,0,0
603,AK-47 | Black Laminate (Factory New),1366.0,1040.0,15,3,0.2,0.7613,steamdt-live,1387.5,18,1433.14,24,,8,1,2,2,10,0,0,0,0.0,0.0,-0.02323918484090093,0.0,0.02323918484090093,0.0,0.08769117745274824,-0.08769117745274824,-0.2756620321763015,0.41,0,价格更新稀疏,,23,0,0
604,Desert Eagle | Pilot (Factory New),1128.7,940.0,41,7,0.1707,0.8328,steamdt-live,1299.9,51,1051.9,37,,14,3,4,2,0,0,0,0,9.506607091913644e-05,-9.505703422041378e-05,0.0,0.0,9.505703422041378e-05,0.0,9.505703422041378e-05,0.0,-0.012532269420323816,0.28,0,价格更新稀疏,,23,0,0
605,Tec-9 | Cut Out (Factory New),89.97,77.0,24,4,0.1667,0.8558,steamdt-live,94.9,27,98.1,26,,8,3,2,2,8,0,0,0,-0.019614253023863992,0.0,-0.00423177083333337,-0.019614253023863992,0.02376302083333326,0.0,0.05721471235460551,-0.05721471235460551,-0.32581491195204193,0.41,1,价格更新稀疏,,23,0,0
606,Five-SeveN | Candy Apple (Factory New),536.0,418.0,32,4,0.125,0.7799,steamdt-live,498.5,40,504.0,56,,8,1,4,2,2,0,6,0,0.001181394044972972,-0.0030000000000000027,0.0010021847627827984,-0.0018221501371619153,0.0030000000000000027,0.0,0.010912698412698374,-0.010912698412698374,-0.1413019137684529,0.41,3,回撤不明显,,23,0,0
607,Tec-9 | Hades (Factory New),169.99,147.0,39,4,0.1026,0.8648,steamdt-live,175.0,27,176.73,44,,8,3,4,2,6,0,0,0,0.0,0.0,0.008842729970326424,0.0,0.011686046511627857,0.0050848459764678555,0.046874123913652865,0.011845238095238075,-0.0875959422467929,0.19,0,价格更新稀疏,,23,0,0
608,AK-47 | Fire Serpent (Factory New),14878.5,13470.0,61,6,0.0984,0.9053,steamdt-live,14700.0,51,14939.5,36,,7,6,4,2,4,0,0,0,0.0034129692832765013,0.0,-0.016778523489932917,0.0034129692832765013,0.01342281879194629,0.0034129692832765013,0.029670946235849316,-0.01342281879194629,-0.01960718928050509,0.38,1,价格更新稀疏,,23,0,0
609,★ Specialist Gloves | Crimson Kimono (Minimal Wear),17000.0,20330.0,360,14,0.0389,1.1959,steamdt-live,16600.0,353,17876.0,78,"溢价求购:买一高于卖一,多为定向收特定图案,买一价不可作退出价",3,0,9,5,6,0,0,0,-0.02352941176470591,0.0,0.0,-0.02352941176470591,0.03479954647207606,0.0,0.034827606256177646,-0.02352941176470591,-0.02352941176470591,0.4,1,价格更新稀疏,买一异常溢价(不作为可成交退出价),23,0,0
610,Glock-18 | Fade (Factory New),9049.5,9890.0,132,19,0.1439,1.0929,steamdt-live,9599.0,137,9494.57,87,"溢价求购:买一高于卖一,多为定向收特定图案,买一价不可作退出价",11,0,7,2,2,0,0,0,0.0,0.0,0.005501117223463581,0.0,0.0,0.005667611268544759,0.005385503104907374,-0.005385503104907374,-0.12985576923076925,0.41,0,价格更新稀疏,买一异常溢价(不作为可成交退出价),22,0,0
611,Galil AR | Urban Rubble (Factory New),92.79,75.0,82,4,0.0488,0.8083,steamdt-live,75.0,25,76.5,25,,3,3,4,2,10,0,0,0,-0.0625,0.0,-0.05682622023107753,-0.0625,0.11577458146663511,0.0,0.1934616625443596,-0.19259339003121978,-0.3997599039615847,0.24,1,价格更新稀疏,,22,0,0
612,FAMAS | Spitfire (Factory New),3098.5,760.0,6,3,0.5,0.2453,steamdt-live,2800.0,3,2488.63,9,,8,1,2,2,2,0,6,0,0.0020091375576121173,-0.0020051090177772846,0.0,0.0,0.0020051090177772846,0.0,0.005991300631483121,0.11099553571428578,-0.07317391093847181,0.39,2,回撤不明显,,21,0,0
613,Five-SeveN | Jungle (Factory New),345.0,227.0,11,4,0.3636,0.658,steamdt-live,370.0,5,350.51,7,,8,1,2,2,8,0,0,0,0.0,0.0,0.0014513788098693414,0.0,0.0,0.0014513788098693414,0.0625,-0.06377204884667576,-0.1309823677581864,0.34,0,价格更新稀疏,,21,0,0
614,AK-47 | Wasteland Rebel (Factory New),2351.3,2050.0,20,4,0.2,0.8719,steamdt-live,2300.0,18,2310.84,33,,8,3,2,2,0,0,6,0,0.009222376932160659,0.004187023284040858,0.0292893101727969,0.013448014523150587,0.0,0.04384607355030212,0.0,0.102165995783017,-0.0342626805508901,0.4,3,回撤不明显,,21,0,0
615,MP9 | Storm (Factory New),185.59,112.0,18,3,0.1667,0.6035,steamdt-live,238.0,13,192.18,12,,8,1,2,2,8,0,0,0,0.0,0.0,0.0,0.0,0.0,0.0,0.05978013070570942,-0.05978013070570942,0.031055555555555614,0.41,0,价格更新稀疏,,21,0,0
616,M4A4 | Tornado (Factory New),741.0,660.0,15,3,0.2,0.8907,steamdt-live,745.0,20,741.9,16,,8,6,2,2,2,0,0,0,0.0,0.0,-0.0012131014961584974,0.0,0.0012131014961584974,0.0,0.005369127516778538,0.015068493150685036,-0.17666666666666664,0.3,0,价格更新稀疏,,20,0,0
617,Glock-18 | Blue Fissure (Factory New),220.99,183.0,47,6,0.1277,0.8281,steamdt-live,247.0,29,219.3,55,,11,3,4,2,0,0,0,0,-0.00013678019422791454,0.0,0.0,-0.00013678019422791454,0.00013678019422791454,0.0,0.00013678019422791454,-0.00013678019422791454,-0.05351747949935248,0.24,0,价格更新稀疏,,20,0,0
618,Five-SeveN | Fall Hazard (Factory New),1819.99,1010.0,5,3,0.6,0.5549,steamdt-live,2356.5,7,1807.62,14,,8,1,2,2,0,0,6,0,0.04783293609196493,0.010244286840031425,-7.612400014056497e-05,0.058567237249723236,0.002989454176410944,0.05969668013061402,0.002989454176410944,0.05519946761934791,-0.0006744654032418973,0.41,3,回撤不明显,,19,0,0
619,★ Driver Gloves | Queen Jaguar (Field-Tested),297.0,331.0,237,22,0.0928,1.1145,steamdt-live,300.0,191,300.0,86,"溢价求购:买一高于卖一,多为定向收特定图案,买一价不可作退出价",7,0,7,5,0,0,0,0,0.012006861063464935,0.006779661016949046,0.005172413793103514,0.018867924528301883,0.003355704697986628,0.06261180679785339,0.003355704697986628,0.0,-0.032573289902280145,0.41,8,回撤不明显,买一异常溢价(不作为可成交退出价),19,0,0
620,MP9 | Food Chain (Factory New),97.0,85.0,210,10,0.0476,0.8763,steamdt-live,99.85,129,101.97,108,,3,3,7,2,4,0,0,0,0.0,-0.014427961796382838,-0.00010159504216200599,-0.014427961796382838,0.014528091029157864,0.0,0.021782977006857607,-0.021782977006857607,-0.1373176805407328,0.41,1,价格更新稀疏,,19,0,0
621,P250 | Dark Filigree (Factory New),51.08,40.0,88,8,0.0909,0.7831,steamdt-live,50.98,63,51.92,101,,7,1,4,2,4,0,0,0,-0.0001960784313724817,-0.00019611688566401053,-0.01582400617522195,-0.00039215686274518546,0.016399768473856824,0.0,0.019049451606696244,-0.019049451606696244,-0.2935144124168515,0.36,0,价格更新稀疏,,18,0,0
622,P250 | Whiteout (Factory New),1798.0,1550.0,38,2,0.0526,0.8621,steamdt-live,1998.3,33,1865.49,37,,3,3,4,2,6,0,0,0,-0.0005557099194221093,-0.00027800945232137053,-0.0002777777777778212,-0.0008335648791331085,0.0011111111111110628,0.0,0.04412546517809679,-0.04412546517809679,-0.07295694766692451,0.41,1,价格更新稀疏,,18,0,0
623,Five-SeveN | Nitro (Factory New),420.0,162.0,8,3,0.375,0.3857,steamdt-live,399.0,6,411.61,16,,8,1,2,2,4,0,0,0,0.0,0.0,-0.02564102564102566,0.0,0.02564102564102566,0.0,0.02564102564102566,-0.02564102564102566,0.002512562814070307,0.41,0,价格更新稀疏,,17,0,0
624,M4A4 | Radiation Hazard (Factory New),2418.5,1930.0,10,3,0.3,0.798,steamdt-live,2387.0,8,2347.0,12,,8,1,2,2,4,0,0,0,0.0,0.0,0.0,0.0,0.0,0.0,0.021675698207586525,0.0,-0.07996142658899719,0.3,0,价格更新稀疏,,17,0,0
625,AWP | Pink DDPAT (Factory New),847.99,700.0,34,2,0.0588,0.8255,steamdt-live,988.98,16,830.46,45,,3,3,4,2,4,0,0,0,0.0,0.0,0.06469230769230783,0.0,0.0,0.06469230769230783,0.022988235294117643,-0.028588138963621446,-0.16072764022233443,0.37,0,价格更新稀疏,,16,0,0
626,FAMAS | Prime Conspiracy (Factory New),530.0,442.0,26,4,0.1538,0.834,steamdt-live,507.0,24,519.3,35,,8,3,2,2,0,0,0,0,0.0,0.0,-0.0009852216748768017,0.0,0.0019685039370078705,0.0,0.0019685039370078705,-0.0009852216748768017,-0.026871401151631447,1.41,0,价格更新稀疏,,15,0,0
627,MP9 | Dark Age (Factory New),498.5,436.0,28,3,0.1071,0.8746,steamdt-live,524.9,32,508.44,34,,8,3,2,2,0,0,0,0,0.0,0.0,0.006054490413723412,0.0,0.0,0.0173469387755103,0.002002002002001957,0.001205061257280704,-0.0030000000000000027,0.23,0,价格更新稀疏,,15,0,0
628,M4A4 | Modern Hunter (Factory New),4400.0,1300.0,1,4,4.0,0.2955,steamdt-live,4299.5,3,4025.88,7,,8,1,2,2,0,0,0,0,0.0,0.0,0.0,0.0,0.0,0.0,0.0,0.0,-6.706158488878344e-05,0.24,0,价格更新稀疏,,13,0,0
629,AWP | Snake Camo (Factory New),3500.0,1000.0,2,4,2.0,0.2857,steamdt-live,2600.0,5,2389.0,23,,8,1,2,2,0,0,0,0,0.0,-0.002088554720133695,-0.002084201750729431,-0.002088554720133695,0.004168403501458973,0.0,0.004168403501458973,0.222639037446839,-0.02057248747529905,0.37,1,价格更新稀疏,,13,0,0
630,Five-SeveN | Contractor (Factory New),239.5,36.0,3,3,1.0,0.1503,steamdt-live,229.0,7,264.8,3,,8,1,2,2,0,0,0,0,0.0,0.0,0.0,0.0,0.0,0.0,0.0,0.0,0.0,0.41,0,价格更新稀疏,,13,0,0
631,MP9 | Bulldozer (Factory New),7499.5,3810.0,6,4,0.6667,0.508,steamdt-live,6799.0,5,7094.37,6,,8,1,2,2,0,0,0,0,0.0,0.0,0.0,0.0,0.0,0.0,0.0,0.0,0.0,0.41,0,价格更新稀疏,,13,0,0
632,M4A4 | Jungle Tiger (Factory New),665.5,400.0,8,4,0.5,0.6011,steamdt-live,519.5,10,540.69,8,,8,1,2,2,0,0,0,0,0.0,0.0,0.0,0.0,0.0,0.0,0.0,0.0,-0.21938392186326072,0.31,0,价格更新稀疏,,13,0,0
633,Glock-18 | Groundwater (Factory New),579.0,260.0,4,2,0.5,0.4491,steamdt-live,666.0,7,640.17,2,,8,1,2,2,0,0,0,0,0.0,0.0,0.0,0.0,0.0,0.0,0.0,0.0,-0.24805194805194808,0.32,0,价格更新稀疏,,13,0,0
634,AK-47 | Predator (Factory New),666.0,281.0,6,3,0.5,0.4219,steamdt-live,1000.0,6,700.61,6,,8,1,2,2,0,0,0,0,0.0,0.0,0.0,0.0,0.0,0.0,0.0,0.0,0.0,0.41,0,价格更新稀疏,,13,0,0
635,Galil AR | Shattered (Factory New),499.94,73.0,10,3,0.3,0.146,steamdt-live,399.0,5,5455.16,1,,8,1,2,2,0,0,0,0,0.0,0.0,0.0,0.0,0.0,0.0,0.0,0.0,0.014621741894469187,0.24,0,价格更新稀疏,,13,0,0
636,Galil AR | Hunting Blind (Factory New),39.26,20.1,15,4,0.2667,0.512,steamdt-live,65.66,17,43.34,14,,8,1,2,2,0,0,0,0,0.0,0.0,0.0,0.0,0.0,0.0,0.0,0.028017805708300703,0.017362010883648527,0.24,0,价格更新稀疏,,13,0,0
637,MP9 | Green Plaid (Factory New),60.99,41.0,13,2,0.1538,0.6722,steamdt-live,70.0,5,74.55,4,,8,1,2,2,0,0,0,0,0.0,0.0,0.0,0.0,0.0,0.0,0.0,0.0,0.00976821192052979,0.41,0,价格更新稀疏,,13,0,0
638,FAMAS | Contrast Spray (Factory New),0.0,248.0,0,2,,,steamdt-live,810.0,2,558.12,6,缺卖一价,0,0,0,2,10,0,0,0,-0.1333368391990849,-0.15335022223570638,0.0005261565578837946,-0.26623982751140496,0.26636521373363475,0.0,0.2679913436946686,-0.2679241323224638,-0.2751594176547747,0.24,13,悠悠盘口不足,,12,0,0
639,P250 | Modern Hunter (Factory New),,,0,0,,,,8000.0,2,2362.37,1,无悠悠数据,0,0,0,2,10,0,0,0,0.09119430767383219,0.08329320915473248,0.0,0.1820833833713622,0.0,0.1820833833713622,0.20458922558922565,-0.20458922558922565,0.18132085189796832,0.41,12,悠悠盘口不足,,12,0,0
640,MP9 | Setting Sun (Factory New),270.0,100.0,85,3,0.0353,0.3704,steamdt-live,275.0,20,271.76,67,,3,1,4,2,0,0,0,0,0.0,0.0038294233557645274,0.01371876531112215,0.0038294233557645274,0.0,0.04651162790697683,0.0,0.003754786423286971,-0.052631578947368474,0.41,3,回撤不明显,,10,0,0
641,P250 | Facets (Factory New),500.0,0.0,2,0,0.0,,steamdt-live,2499.48,3,229.63,11,缺买一价,3,0,2,2,2,0,0,0,0.0,0.0024446675688654107,0.1267584849975405,0.0024446675688654107,0.008506044905008614,0.1305696420658755,0.008506044905008614,0.11867296731134602,-0.029171775250496745,0.41,10,悠悠盘口不足,,9,0,0
642,P250 | Bone Mask (Factory New),440.0,0.0,1,0,0.0,,steamdt-live,0.0,0,188.57,1,缺买一价,3,0,2,2,0,0,0,0,0.0011577424023154759,0.0,0.07766687461010613,0.0011577424023154759,0.001347319795977242,0.0789145352464129,0.001347319795977242,0.07389009624340259,-0.22859054415700275,0.23,1,悠悠盘口不足,,7,0,0
643,Tec-9 | Nuclear Threat (Factory New),0.0,500.0,0,1,,,steamdt-live,0.0,0,,0,缺卖一价,0,0,0,2,0,0,0,0,0.0,0.0,0.0,0.0,0.0,0.0,0.0,1.1293801537630097,0.1446814293127907,0.19,0,悠悠盘口不足,,2,0,0
