排名,marketHashName,youpin_sell,youpin_buy,youpin_sell_count,youpin_buy_count,挂买/挂卖,买一/卖一,数据来源,buff_sell,buff_sell_count,c5_sell,c5_sell_count,备注,盘口深度分,盘口紧密度分,流动性分,品质分,回撤位置分,跌速减弱分,低点企稳分,下行跌幅收敛分,前12h涨跌,近12h涨跌,前24h涨跌,近24h涨跌,48h回撤,距48h低点,5日回撤,5日涨跌,30日涨跌,K线时效(小时),24h变价次数,信号状态,报价风险,V2.6总分,建议资金,实际获批
1,Five-SeveN | Fairy Tale (Factory New),1888.8,1800.0,195,44,0.2256,0.953,steamdt-live,1948.0,40,1892.43,61,,17,9,7,2,8,17,6,0,-0.0058526315789473315,-4.235314048539607e-05,-0.01935483870967747,-0.005894736842105286,0.02588963383187215,0.04933333333333323,0.06587537091988138,-0.054171799417119915,-0.06817957572767641,0.4,15,减速明显,,66,10000,10000
2,USP-S | Whiteout (Factory New),2664.99,2540.0,157,24,0.1529,0.9531,steamdt-live,2699.5,54,2678.31,52,,14,9,7,2,8,17,6,3,-0.025747051211494565,0.014095419847328206,-0.036763757754631365,-0.01201454686082315,0.0457971951372802,0.014095419847328206,0.07330726759698802,-0.01558725453871812,-0.21159347181008903,0.13,4,减速明显,,66,10000,10000
3,★ Moto Gloves | Transport (Minimal Wear),341.49,623.0,139,20,0.1439,1.8244,steamdt-live,337.5,124,344.27,71,"溢价求购:买一高于卖一,多为定向收特定图案,买一价不可作退出价",11,0,7,5,6,19,6,3,-0.006568047337278227,0.005122401572458246,-0.01744186046511631,-0.0014792899408283544,0.018895348837209336,0.00746268656716409,0.0357142857142857,-0.007352941176470562,-0.04119318181818177,0.4,10,减速明显,买一异常溢价(不作为可成交退出价),57,0,0
4,★ Moto Gloves | 3rd Commando Company (Field-Tested),231.0,264.0,195,21,0.1077,1.1429,steamdt-live,247.5,198,235.8,136,"溢价求购:买一高于卖一,多为定向收特定图案,买一价不可作退出价",11,0,7,5,6,17,6,5,-0.006479481641468721,0.004347826086956497,-0.008565310492505307,-0.002159827213822907,0.012820512820512775,0.004347826086956497,0.03144654088050314,-0.03144654088050314,-0.10190117024999024,0.4,4,减速明显,买一异常溢价(不作为可成交退出价),57,0,0
5,MP9 | Hot Rod (Factory New),1221.5,1200.0,264,22,0.0833,0.9824,steamdt-live,1250.0,131,1249.0,140,,7,12,9,2,8,13,6,0,-0.020490156689433547,0.002050861361772016,-0.027734374999999978,-0.018481317798312524,0.04569566949741799,0.018340975406419435,0.07950263752825926,-0.06613149847094801,-0.1122045527226212,0.29,15,减速明显,,57,0,0
6,Glock-18 | Wasteland Rebel (Factory New),772.99,763.0,467,32,0.0685,0.9871,steamdt-live,793.5,97,784.44,158,,7,12,9,2,4,14,6,0,-0.01029601029601035,0.005188556566970037,-0.008928571428571397,-0.005160875160875156,0.014043367346938784,0.005188556566970037,0.01780177890724266,0.007809647979139411,-0.06167759164845832,0.4,13,减速明显,,54,0,0
7,★ Sport Gloves | Slingshot (Field-Tested),2110.0,3750.0,1052,52,0.0494,1.7773,steamdt-live,2099.0,876,2133.69,241,"溢价求购:买一高于卖一,多为定向收特定图案,买一价不可作退出价",3,0,15,5,4,13,6,5,-0.007983371911757797,-0.0004761904761905189,-0.013789890519450232,-0.008455760782276056,0.022129047286279957,0.009134615384615463,0.0223567768979972,0.020666180403598355,-0.09914163090128758,0.4,7,减速明显,买一异常溢价(不作为可成交退出价),51,0,0
8,M4A1-S | Mecha Industries (Factory New),1420.0,1400.0,533,89,0.167,0.9859,steamdt-live,1410.0,174,1424.39,127,,14,12,12,2,8,17,2,5,-0.01817671415537936,0.00786275911365264,-0.03396610169491521,-0.010456874166608232,0.04406779661016946,0.010390541024722255,0.06616332207430964,-0.04503247566864654,-0.13761467889908252,0.4,9,左侧观察,,72,10000,10000
9,★ Hand Wraps | Slaughter (Field-Tested),3040.0,2960.0,286,97,0.3392,0.9737,steamdt-live,3086.85,43,3056.44,87,,20,12,9,5,10,10,4,0,-0.032258064516129004,0.011886666666666601,-0.015873015873015928,-0.020754838709677426,0.05779270359357647,0.022107744107743965,0.09921068249258169,-0.059873211127937864,-0.27376555023923443,0.19,11,左侧观察,,70,10000,10000
10,Desert Eagle | Golden Koi (Factory New),1370.0,1320.0,503,54,0.1074,0.9635,steamdt-live,1388.5,169,1398.0,152,,11,12,12,2,8,20,2,3,-0.014705882352941124,0.02238805970149249,-0.028224365844944588,0.007352941176470562,0.03179527770514279,0.04580152671755733,0.05288627722087802,-0.03487143360338152,-0.153798641136504,0.4,7,左侧观察,,70,10000,10000
11,M4A4 | Royal Paladin (Factory New),1295.0,1260.0,315,67,0.2127,0.973,steamdt-live,1397.2,86,1330.0,76,,17,12,9,2,8,16,2,3,-0.023283873874561878,0.012509773260359625,-0.03000740740740737,-0.011065376596995802,0.040740740740740744,0.01969306844935792,0.07168458781362008,-0.040740740740740744,-0.20964296612755573,0.4,12,左侧观察,,69,10000,10000
12,AK-47 | Neon Revolution (Factory New),1560.0,1540.0,581,114,0.1962,0.9872,steamdt-live,1570.0,105,1609.77,143,,14,12,12,2,8,17,4,0,-0.01942675159235674,0.013316011692107832,-0.01844326351984993,-0.006369426751592355,0.03345724907063197,0.02970297029702973,0.07631092795225247,-0.0421103046826069,-0.12556053811659196,0.38,16,左侧观察,,69,10000,10000
13,★ Driver Gloves | Crimson Weave (Field-Tested),6950.0,6790.0,233,82,0.3519,0.977,steamdt-live,7000.0,25,6886.0,54,,20,12,7,5,10,9,2,3,-0.021276595744680882,-0.0020289855072463947,-0.015363128491620137,-0.02326241134751772,0.035574229691876735,0.01728468015955098,0.09388775577340613,-0.0681990097415558,-0.2891870967741935,0.39,5,左侧观察,,68,10000,10000
14,Desert Eagle | Heirloom (Factory New),666.0,627.0,113,29,0.2566,0.9414,steamdt-live,704.9,35,679.35,58,,17,9,7,2,8,16,4,5,-0.014814814814814836,0.0015037593984963404,-0.03433476394849788,-0.013333333333333308,0.047210300429184504,0.024615384615384706,0.07242339832869082,0.030959752321981338,0.030959752321981338,0.4,6,左侧观察,,68,10000,10000
15,M4A1-S | Chantico's Fire (Factory New),1654.49,1640.0,256,60,0.2344,0.9912,steamdt-live,1722.0,71,1690.17,76,,17,15,9,2,8,10,6,0,-0.012279125486672648,0.003329290479078262,-0.006249999999999978,-0.008990715783168568,0.020432208407341612,0.003329290479078262,0.0663148984198646,-0.04914367816091958,-0.13603655352480415,0.4,8,左侧观察,,67,10000,10000
16,AK-47 | Leet Museo (Factory New),3497.0,3380.0,584,114,0.1952,0.9665,steamdt-live,3390.0,59,3400.0,82,,14,12,12,2,10,15,2,0,-0.027829787481094992,0.012242460435951008,-0.029614084507042282,-0.0159280321173223,0.050154104791258036,0.028831562974203306,0.10737795565853925,-0.08130081300813008,-0.17317073170731712,0.4,11,左侧观察,,67,10000,10000
17,★ Hand Wraps | Badlands (Field-Tested),2639.5,2590.0,315,140,0.4444,0.9812,steamdt-live,2799.5,22,2639.0,68,,20,12,9,5,8,10,2,0,-0.0513392857142857,0.034901960784313735,-0.004444444444444473,-0.01822916666666663,0.029422581831555772,0.03510492253383024,0.0730593607305936,-0.04384057971014488,-0.13475409836065577,0.4,10,左侧观察,,66,10000,10000
18,Desert Eagle | Directive (Factory New),620.0,582.0,111,28,0.2523,0.9387,steamdt-live,719.5,17,623.99,47,,17,9,7,2,10,10,6,5,0.04085000000000005,-0.007221661782837785,-0.10378203979207745,0.03333333333333344,0.1079136690647482,0.03333333333333344,0.13286713286713292,0.008130081300812941,0.31914893617021267,0.23,4,左侧观察,,66,10000,10000
19,★ Specialist Gloves | Foundation (Minimal Wear),5780.0,5610.0,180,33,0.1833,0.9706,steamdt-live,6050.0,34,5900.0,55,,14,12,7,5,8,9,6,5,0.015175030177616788,-0.01817564124341775,-0.03333888981496913,-0.003276426970167279,0.03650608434739122,0.0,0.06168831168831168,-0.06168831168831168,-0.2584410069293428,0.4,6,左侧观察,,66,10000,10000
20,AWP | Silk Tiger (Factory New),2999.0,2930.0,310,48,0.1548,0.977,steamdt-live,3050.0,71,3150.0,82,,14,12,9,2,10,13,2,3,-0.0197712418300654,-0.00016669444907480013,-0.027954256670902122,-0.019934640522875857,0.04733163913595939,0.006882659056572038,0.08132663907685422,-0.08005852778689504,-0.25388729941535015,0.4,5,左侧观察,,65,10000,10000
21,M4A1-S | Control Panel (Factory New),972.5,958.0,821,111,0.1352,0.9851,steamdt-live,1075.0,69,976.97,140,,11,12,12,2,10,15,0,3,-0.03314290304119516,0.009885978940372464,-0.08582836163377694,-0.023584574142310633,0.09786641929499074,0.046824542518837386,0.17584745762711862,-0.14692982456140347,-0.13076510547014653,0.39,18,左侧观察,,65,10000,10000
22,★ Moto Gloves | Eclipse (Field-Tested),3220.0,3140.0,244,93,0.3811,0.9752,steamdt-live,3400.0,20,3293.16,62,,20,12,7,5,10,10,0,0,-0.058258258258258255,0.02678571428571419,-0.02346041055718473,-0.033033033033033066,0.055718475073313734,0.02678571428571419,0.10120890193965826,-0.048744460856720795,-0.24235294117647055,0.4,9,左侧观察,,64,10000,10000
23,Desert Eagle | Hypnotic (Factory New),996.0,963.0,231,43,0.1861,0.9669,steamdt-live,1048.88,77,1014.5,97,,14,12,7,2,10,10,4,5,0.00554545454545452,0.0005123105204472012,-0.0651469796693076,0.0060606060606061,0.05948120378851551,0.01116751269035543,0.11030915863473545,-0.0816044260027663,-0.19415519794169767,0.31,10,左侧观察,,64,10000,10000
24,M4A4 | The Coalition (Factory New),7000.0,6830.0,307,49,0.1596,0.9757,steamdt-live,7500.0,36,7160.0,62,,14,12,9,2,10,10,4,3,0.0012370103016356992,0.016260162601626105,-0.044316176981315625,0.017517286891906236,0.020979020979020935,0.02941176470588225,0.09090909090909094,-0.04109589041095896,-0.2758121249741361,0.32,9,左侧观察,,64,10000,10000
25,AK-47 | Orbit Mk01 (Factory New),596.5,586.0,912,60,0.0658,0.9824,steamdt-live,628.88,163,615.66,154,,7,12,15,2,10,9,6,3,-0.0016722408026755842,-0.0008375209380234727,-0.03626107977437554,-0.0025083612040134318,0.03866299215136426,0.0,0.08089368258859786,-0.04788507581803669,-0.24874055415617125,0.39,11,左侧观察,,64,10000,10000
26,★ Hand Wraps | Leather (Field-Tested),3698.0,3630.0,302,78,0.2583,0.9816,steamdt-live,4076.0,26,3778.0,65,,17,12,9,5,10,10,0,0,-0.022399999999999975,0.008728859792689558,-0.013157894736842146,-0.013866666666666694,0.02684210526315789,0.04169307519176124,0.08465346534653462,-0.05057766367137351,-0.277452129738179,0.4,10,左侧观察,,63,10000,10000
27,★ Moto Gloves | Eclipse (Minimal Wear),3270.0,3160.0,146,34,0.2329,0.9664,steamdt-live,3714.7,20,3488.0,38,,17,12,7,5,10,6,6,0,-0.020775010613127032,-0.008637285545810336,-0.02064556270133866,-0.029232856460054468,0.04831199068684522,0.006153846153846176,0.0814606741573034,-0.03653222313560145,-0.24913892078071187,0.38,4,左侧观察,,63,10000,10000
28,M4A1-S | Golden Coil (Factory New),1490.0,1470.0,348,66,0.1897,0.9866,steamdt-live,1580.0,93,1537.27,131,,14,12,9,2,10,9,2,5,0.005670446964643139,-0.011608623548922004,-0.04399290807280709,-0.006004002668445585,0.04973277720379088,0.013605442176870763,0.08532280738371634,-0.06844724535474034,-0.16150815981992117,0.4,9,左侧观察,,63,10000,10000
29,Glock-18 | Bullet Queen (Factory New),731.7,707.0,456,51,0.1118,0.9662,steamdt-live,745.8,95,731.76,130,,11,12,9,2,8,19,2,0,-0.008849557522123908,0.0049450549450549275,-0.03355263157894739,-0.003948264125255285,0.037368421052631495,0.031875881523272254,0.060847240051347895,-0.023230974632843737,-0.19604395604395597,0.4,12,左侧观察,,63,10000,10000
30,★ Specialist Gloves | Lime Polycam (Field-Tested),1565.0,2260.0,121,42,0.3471,1.4441,steamdt-live,1546.0,141,1588.0,68,"溢价求购:买一高于卖一,多为定向收特定图案,买一价不可作退出价",20,0,7,5,8,10,6,5,-0.013057324840764384,-0.0006453694740238269,-0.010400252127324316,-0.01369426751592362,0.0239520958083832,0.0016170763260026089,0.050000000000000044,-0.03399875233936367,-0.07275449101796405,0.15,3,左侧观察,买一异常溢价(不作为可成交退出价),61,0,0
31,★ Moto Gloves | Boom! (Field-Tested),3045.0,2940.0,265,81,0.3057,0.9655,steamdt-live,3077.3,32,3080.1,66,,20,12,9,5,8,4,2,0,-0.004023453950565359,-0.00958861335900707,-0.0215847860538827,-0.01357348796527258,0.033333333333333326,0.014999999999999902,0.07539549995445305,-0.04455600878569188,-0.26074289876183543,0.36,7,左侧观察,,60,10000,10000
32,★ Hand Wraps | Leather (Minimal Wear),3730.0,3650.0,194,37,0.1907,0.9786,steamdt-live,3908.43,28,3869.92,41,,14,12,7,5,10,10,2,0,-0.03883621249512925,0.008108108108108025,-0.01673052362707539,-0.031042992596441055,0.047254150702426556,0.008108108108108025,0.0873434353567557,-0.0873434353567557,-0.2826923076923077,0.4,10,左侧观察,,60,10000,10000
33,★ Specialist Gloves | Forest DDPAT (Minimal Wear),1819.0,1750.0,164,21,0.128,0.9621,steamdt-live,2018.7,25,1834.0,52,,11,12,7,5,10,6,4,5,-0.0007081961541164361,-0.01593759129221084,-0.04716354251981891,-0.01663450050546822,0.06043388429752061,0.0,0.08867735470941884,-0.07193877551020411,-0.29957643434732384,0.21,5,左侧观察,,60,10000,10000
34,★ Hand Wraps | Overprint (Field-Tested),649.4,675.0,801,27,0.0337,1.0394,steamdt-live,668.99,746,658.82,267,,3,15,12,5,4,10,6,5,-0.002494226327944604,0.002191763906896238,-0.011415525114155223,-0.0003079291762895231,0.018146075911084192,0.006666666666666599,0.025075075075075115,-0.01908056743160147,-0.09188811188811197,0.4,16,左侧观察,,60,10000,10000
35,AK-47 | Aquamarine Revenge (Factory New),1249.0,1200.0,362,103,0.2845,0.9608,steamdt-live,1275.4,121,1229.49,90,,17,12,9,2,8,10,1,0,-0.053429027113237604,0.035796124684077446,-0.012598425196850394,-0.019545454545454533,0.031897637795275546,0.060819672131147584,0.07522376833396016,-0.031134751773049585,-0.07557142857142851,0.4,18,左侧观察,,59,0,0
36,Desert Eagle | Code Red (Factory New),1039.5,1020.0,254,59,0.2323,0.9812,steamdt-live,1108.0,62,1100.0,119,,17,12,9,2,10,7,2,0,-0.032258064516129004,-0.010000000000000009,-0.01273885350318471,-0.041935483870967794,0.05414012738853502,0.01911764705882346,0.1038715850998716,-0.05068493150684927,-0.13157894736842102,0.4,6,左侧观察,,59,0,0
37,AWP | Containment Breach (Factory New),2560.0,2430.0,149,24,0.1611,0.9492,steamdt-live,2638.99,59,2618.0,92,,14,9,7,2,6,10,6,5,0.018823529411764683,-0.014626635873749017,-0.02956958556912881,0.0039215686274509665,0.025763976100772523,0.0041184545989410015,0.044027036110385054,-0.044027036110385054,-0.2299941347209481,0.4,3,左侧观察,,59,0,0
38,MP9 | Airlock (Factory New),148.19,142.0,270,17,0.063,0.9582,steamdt-live,146.39,102,157.32,97,,7,9,9,2,10,11,6,5,-0.006824324324324227,-0.004081910334036487,-0.03513918769150526,-0.010878378378378462,0.04563530869026666,0.0,0.10726917916819123,-0.10300245098039218,-0.24463364293085665,0.4,3,左侧观察,,59,0,0
39,★ Specialist Gloves | Emerald Web (Field-Tested),7955.0,7690.0,376,80,0.2128,0.9667,steamdt-live,8288.0,82,8066.72,92,,17,12,9,5,8,7,0,0,-0.01678329761241637,-0.0051275637818909425,-0.01876327220077223,-0.021824803965329154,0.0401785714285714,0.037835665799955454,0.05128205128205132,-0.0341185041282176,-0.28651509036279654,0.4,11,左侧观察,,58,0,0
40,★ Bloodhound Gloves | Guerrilla (Field-Tested),1116.0,1100.0,214,43,0.2009,0.9857,steamdt-live,1288.88,23,1165.0,75,,17,12,7,5,8,4,2,3,-0.02570694087403602,-0.0158311345646438,-0.015189873417721489,-0.041131105398457546,0.05569620253164553,0.009927797833934937,0.06633291614518144,-0.06633291614518144,-0.21197183098591554,0.4,8,左侧观察,,58,0,0
41,M4A1-S | Player Two (Factory New),977.0,965.0,440,84,0.1909,0.9877,steamdt-live,1030.0,135,980.3,156,,14,12,9,2,8,6,4,3,0.0074489795918366575,-0.011445356021472675,-0.010101010101010055,-0.004081632653061273,0.023511755877938967,0.0010256410256410664,0.06914639961850266,-0.04172803141875303,-0.1470917225950783,0.4,17,左侧观察,,58,0,0
42,AWP | Dragon Lore (Factory New),74500.0,77750.0,119,13,0.1092,1.0436,steamdt-live,74000.0,153,78000.0,34,,11,15,7,5,4,10,6,0,-0.013333333333333308,0.0,-0.0053050397877983935,-0.013333333333333308,0.018567639257294433,0.0,0.023443943702863068,6.756802410912144e-06,-0.025020092491337187,0.4,2,左侧观察,,58,0,0
43,AK-47 | Cartel (Factory New),313.0,309.0,882,61,0.0692,0.9872,steamdt-live,312.22,283,316.74,245,,7,12,12,2,8,8,4,5,-0.007009345794392607,-0.004769475357710662,-0.0248167990639816,-0.01174539025006327,0.03627070632428098,0.002498238421625665,0.07000237699072975,-0.06284619299979044,-0.20356234096692116,0.23,10,左侧观察,,58,0,0
44,USP-S | Orion (Factory New),583.5,565.0,525,23,0.0438,0.9683,steamdt-live,590.0,182,619.0,245,,3,12,12,2,10,10,6,3,0.020531070353134506,-0.021760997854077258,-0.041820357710782075,-0.0016767040788393528,0.04563297350343476,0.014800257395780836,0.08525114441587756,-0.08453355925821326,-0.2778465346534653,0.4,11,左侧观察,,58,0,0
45,★ Specialist Gloves | Crimson Kimono (Field-Tested),10750.0,11040.0,861,17,0.0197,1.027,steamdt-live,10900.0,764,10998.5,174,,3,15,12,5,2,10,6,5,0.0,0.007875492218263558,-0.01948887663173382,0.007875492218263558,0.011676013606693014,0.014150943396226356,0.012674504041146228,-0.012674504041146228,-0.022727272727272707,0.39,2,左侧观察,,58,0,0
46,M4A1-S | Nightmare (Factory New),1600.0,1580.0,393,78,0.1985,0.9875,steamdt-live,1610.53,62,1591.2,77,,14,12,9,2,10,10,0,0,-0.07052469792052674,0.040000000000000036,-0.030571260306242687,-0.03334568583734787,0.06289752650176672,0.053077432164129856,0.1347471451876019,-0.1208839779005525,-0.12784196794632874,0.4,15,左侧观察,,57,0,0
47,AK-47 | Neon Rider (Factory New),1399.41,1350.0,460,88,0.1913,0.9647,steamdt-live,1419.0,186,1400.0,122,,14,12,9,2,10,10,0,0,-0.04841446453407505,0.012145748987854255,-0.03360215053763438,-0.036856745479833086,0.06859448554135839,0.057251908396946494,0.12837714523061816,-0.11687814831346044,-0.09180327868852456,0.21,19,左侧观察,,57,0,0
48,Desert Eagle | Crimson Web (Factory New),899.0,855.0,90,15,0.1667,0.9511,steamdt-live,1000.0,56,934.53,60,,14,9,4,2,8,9,6,5,0.0,-0.0011111111111110628,-0.021739130434782594,-0.0011111111111110628,0.022826086956521774,0.0,0.052687038988408874,-0.0005558643690939391,-0.18681537362170175,0.4,2,左侧观察,,57,0,0
49,Desert Eagle | Emerald Jörmungandr (Factory New),2787.0,2710.0,317,39,0.123,0.9724,steamdt-live,2890.0,117,2845.0,133,,11,12,9,2,6,10,2,5,0.01413043478260878,-0.004287245444801746,-0.037489102005231034,0.009782608695652284,0.027734170591313445,0.020879120879120805,0.04193881058783089,-0.04193881058783089,-0.23899865657459296,0.4,5,左侧观察,,57,0,0
50,AK-47 | Nouveau Rouge (Factory New),360.0,346.0,409,26,0.0636,0.9611,steamdt-live,366.5,285,360.0,177,,7,12,9,2,8,10,6,3,0.03966005665722383,-0.019073569482288777,-0.019444444444444486,0.019830028328611915,0.019073569482288777,0.019830028328611915,0.05013192612137207,-0.007717750826901959,-0.13146276146589786,0.4,4,左侧观察,,57,0,0
51,MP9 | Mount Fuji (Factory New),90.9,87.0,1183,44,0.0372,0.9571,steamdt-live,91.1,519,93.82,292,,3,9,15,2,6,13,4,5,-0.0065502183406113135,-0.001098901098900984,-0.01505376344086029,-0.007641921397379736,0.02676659528907921,0.010000000000000009,0.04916317991631791,-0.04916317991631791,-0.2318093467421617,0.4,8,左侧观察,,57,0,0
52,★ Bloodhound Gloves | Snakebite (Minimal Wear),1229.5,1160.0,148,25,0.1689,0.9435,steamdt-live,1439.0,16,1269.96,57,,14,9,7,5,8,4,4,5,-0.002805611222444937,-0.01165594855305463,-0.02537539649057019,-0.014428857715430898,0.03945312499999998,0.0,0.05864067560428443,-0.02998027613412224,-0.2546226129130039,0.17,3,左侧观察,,56,0,0
53,M4A1-S | Blue Phosphor (Factory New),3387.9,3400.0,528,36,0.0682,1.0036,steamdt-live,3390.0,316,3524.5,142,,7,15,12,2,6,7,4,3,-0.0016105417276720546,-0.006335239771227408,-0.02414630661523076,-0.00793557833089309,0.03189027003857692,0.008303571428571521,0.04697741146023793,-0.042966101694915215,-0.09776298268974692,0.4,9,左侧观察,,56,0,0
54,AK-47 | Point Disarray (Factory New),393.25,390.0,1041,52,0.05,0.9917,steamdt-live,400.51,347,395.5,264,,3,15,15,2,10,7,4,0,-0.025782326313717796,-0.00694444444444442,-0.00616136919315402,-0.03254772682542806,0.03850855745721271,0.009653649644406848,0.08546511627906972,-0.07470588235294118,-0.18072916666666672,0.39,11,左侧观察,,56,0,0
55,★ Driver Gloves | Wave Chaser (Field-Tested),996.75,1860.0,81,30,0.3704,1.8661,steamdt-live,997.99,91,1013.0,64,"溢价求购:买一高于卖一,多为定向收特定图案,买一价不可作退出价",20,0,4,5,6,9,6,5,-0.0005107661492238513,-0.0012424974198138594,-0.015771315919172024,-0.0017526289434151021,0.017496303597831497,0.006818181818181834,0.031341107871720064,-0.011650966782350003,-0.05521327014218014,0.4,8,左侧观察,买一异常溢价(不作为可成交退出价),55,0,0
56,AWP | Hyper Beast (Factory New),949.5,939.0,367,69,0.188,0.9889,steamdt-live,996.74,90,964.9,80,,14,12,9,2,10,6,2,0,-0.01997951868919612,-0.007826623057712201,-0.023499999999999965,-0.027649769585253448,0.07048458149779735,0.021077535218840815,0.12042612320518764,-0.068661108386464,-0.13678679224699086,0.4,14,左侧观察,,55,0,0
57,Tec-9 | Sultan (Factory New),36.8,34.3,174,31,0.1782,0.9321,steamdt-live,37.79,119,37.67,110,,14,9,7,2,4,10,4,5,-0.0027173913043476716,0.0027247956403269047,-0.01866666666666672,0.0,0.023095301300769977,0.022222222222222143,0.023095301300769977,0.022506251736593264,0.12024353120243525,0.4,6,左侧观察,,55,0,0
58,Desert Eagle | Ocean Drive (Factory New),1596.48,1510.0,234,30,0.1282,0.9458,steamdt-live,1600.0,53,1604.97,73,,11,9,7,2,6,9,6,5,0.0,-0.0021999999999999797,-0.03366470581129888,-0.0021999999999999797,0.02056441717791413,0.0,0.041820713496903084,-0.02055840833379341,-0.23977142857142852,0.28,2,左侧观察,,55,0,0
59,M4A4 | Buzz Kill (Factory New),2979.5,2910.0,991,89,0.0898,0.9767,steamdt-live,3038.5,142,2966.22,137,,7,12,15,2,8,11,0,0,-0.015626922603666715,0.002101351351351255,-0.015715220949263586,-0.013558408907246133,0.02906055646481187,0.040778947368421026,0.06561033233580094,-0.04315483870967751,-0.23943076923076934,0.4,16,左侧观察,,55,0,0
60,Tec-9 | Cracked Opal (Factory New),48.0,44.0,395,30,0.0759,0.9167,steamdt-live,44.69,165,44.02,81,,7,6,9,2,10,10,6,5,0.02209302325581408,0.0015927189988622636,-0.08510638297872342,0.02372093023255828,0.06340425531914884,0.02372093023255828,0.12848940803801223,-0.08291666666666664,-0.10163265306122438,0.4,7,左侧观察,,55,0,0
61,★ Driver Gloves | Hand Sweaters (Minimal Wear),1450.0,1780.0,39,26,0.6667,1.2276,steamdt-live,1483.99,39,1498.5,42,"溢价求购:买一高于卖一,多为定向收特定图案,买一价不可作退出价",20,0,4,5,6,10,6,3,-0.005486968449931462,0.0,-0.004778156996587013,-0.005486968449931462,0.010238907849829393,0.0006901311249136732,0.033326888845925606,-0.03268845897264838,-0.058441558441558406,0.24,5,左侧观察,买一异常溢价(不作为可成交退出价),54,0,0
62,★ Moto Gloves | Blood Pressure (Minimal Wear),1229.9,1820.0,114,31,0.2719,1.4798,steamdt-live,1284.0,84,1275.0,71,"溢价求购:买一高于卖一,多为定向收特定图案,买一价不可作退出价",17,0,7,5,4,10,6,5,0.030758333333333443,-0.0056673484732114865,-0.040000000000000036,0.024916666666666698,0.017651757188498318,0.024916666666666698,0.025003170979198353,0.008114754098360821,-0.14590277777777771,0.4,6,左侧观察,买一异常溢价(不作为可成交退出价),54,0,0
63,Galil AR | CAUTION! (Factory New),382.0,342.0,56,9,0.1607,0.8953,steamdt-live,443.5,27,389.71,51,,14,6,4,2,10,7,6,5,-0.0013037809647978849,-0.0026109660574412663,-0.015404364569961526,-0.003911342894393766,0.019255455712451908,0.0,0.09047619047619049,-0.09047619047619049,-0.2785646836638338,1.4,3,左侧观察,,54,0,0
64,M4A4 | The Emperor (Factory New),1445.5,1430.0,398,58,0.1457,0.9893,steamdt-live,1435.99,135,1497.0,130,,11,12,9,2,10,8,2,0,-0.046052631578947345,-0.009662068965517245,-0.002951787471302092,-0.05526973684210523,0.07831193838254169,0.00794569970589687,0.11837549115913548,-0.11249072929542647,-0.23209090909090913,0.39,8,左侧观察,,54,0,0
65,Five-SeveN | Berries And Cherries (Factory New),567.0,554.0,281,20,0.0712,0.9771,steamdt-live,584.48,125,565.52,132,,7,12,9,2,8,7,4,5,-0.02234205148460444,-0.006639733005445181,-0.0077362187952629835,-0.028833439233397984,0.0363465962341315,0.009857142857142787,0.057466666666666666,-0.03659284497444637,-0.252185181756873,0.4,12,左侧观察,,54,0,0
66,Glock-18 | Shinobu (Factory New),117.0,112.0,946,51,0.0539,0.9573,steamdt-live,115.0,354,118.92,193,,3,9,15,2,8,8,4,5,0.011235955056179803,-0.017094017094017144,-0.027731092436974802,-0.006050129645635338,0.03741525069054996,0.013215859030837107,0.07228138109067439,-0.03361344537815125,-0.17786674292250493,0.32,7,左侧观察,,54,0,0
67,Glock-18 | Vogue (Factory New),70.97,67.0,957,34,0.0355,0.9441,steamdt-live,70.4,320,73.65,623,,3,9,15,2,8,8,4,5,-0.0005641748942173397,-0.006491673722833657,-0.0364229410165805,-0.007052186177715081,0.04321826583310673,0.0,0.055033557046979764,-0.05477980665950588,-0.2221853938791294,0.4,6,左侧观察,,54,0,0
68,Tec-9 | Titanium Bit (Factory New),538.5,522.0,654,16,0.0245,0.9694,steamdt-live,555.0,11,531.2,43,,3,12,12,2,10,6,4,5,-0.008467981025792937,-0.01095101941656862,-0.05152899824253088,-0.019326267417728915,0.06985940246045697,0.0014001627216135848,0.0999149659863946,-0.016209082290834065,-0.003295668549905817,0.4,16,左侧观察,,54,0,0
69,M4A1-S | Black Lotus (Factory New),72.5,69.0,1511,30,0.0199,0.9517,steamdt-live,72.0,1034,73.99,541,,3,9,15,2,6,10,6,3,0.01361111111111124,-0.013428336530556417,-0.018939910069491805,0.0,0.023066485753052923,0.0,0.03974393171512414,-0.032258064516129115,-0.17383820998278832,0.4,13,左侧观察,,54,0,0
70,AK-47 | Elite Build (Factory New),50.29,47.0,1169,18,0.0154,0.9346,steamdt-live,48.3,721,50.8,440,,3,9,15,2,8,8,4,5,-0.004132231404958553,0.0020746887966804906,-0.011235955056179914,-0.0020661157024793875,0.017293997965411978,0.008350730688935215,0.06936416184971106,-0.06540247678018585,-0.27899686520376177,0.38,7,左侧观察,,54,0,0
71,★ Hand Wraps | Giraffe (Minimal Wear),453.5,520.0,140,21,0.15,1.1466,steamdt-live,469.91,75,475.0,63,"溢价求购:买一高于卖一,多为定向收特定图案,买一价不可作退出价",14,0,7,5,6,10,6,5,-0.005512679162072764,0.005543237250554389,-0.003296703296703285,0.0,0.01413043478260867,0.008898776418242438,0.0340788072417465,-0.0340788072417465,-0.09209209209209213,0.4,5,左侧观察,买一异常溢价(不作为可成交退出价),53,0,0
72,M4A4 | Daybreak (Factory New),4283.49,4070.0,168,23,0.1369,0.9502,steamdt-live,4354.35,47,4268.1,52,,11,9,7,2,6,18,0,0,-0.0319570795428038,0.02845783132530122,-0.02568181818181814,-0.004408677396780858,0.029977272727272686,0.03356338539774795,0.032176870748299224,-0.032176870748299224,-0.27493417140915644,0.4,10,左侧观察,,53,0,0
73,M4A4 | Full Throttle (Factory New),1175.0,1120.0,251,30,0.1195,0.9532,steamdt-live,1169.5,144,1178.9,107,,11,9,9,2,6,10,6,0,0.016807592752372758,-0.007619985065508095,-0.025231286795626584,0.009059534081104381,0.01722689075630257,0.012580413344069452,0.04060705496308448,-0.04060705496308448,-0.13370370370370366,0.4,8,左侧观察,,53,0,0
74,P250 | See Ya Later (Factory New),687.24,676.0,283,16,0.0565,0.9836,steamdt-live,700.0,113,700.06,91,,3,12,9,2,6,10,6,5,0.006423357664233631,-0.0031331592689294308,-0.021428571428571463,0.0032700729927006567,0.018228571428571372,0.010647058823529454,0.032056338028168985,-0.016824034334763982,-0.08950715421303646,0.4,5,左侧观察,,53,0,0
75,AK-47 | AUTOEXEC (Factory New),4342.0,4020.0,26,29,1.1154,0.9258,steamdt-live,4444.5,20,4329.49,33,,20,6,2,2,8,10,4,0,-0.012857168914790273,0.0,-0.011966659157467863,-0.012857168914790273,0.02268848758465014,0.006860481070886104,0.07489529914529924,-0.07647397610921502,-0.00414261069580224,0.39,4,左侧观察,,52,0,0
76,★ Specialist Gloves | Chocolate Chesterfield (Minimal Wear),1092.5,1670.0,42,20,0.4762,1.5286,steamdt-live,1105.0,39,1102.56,32,"溢价求购:买一高于卖一,多为定向收特定图案,买一价不可作退出价",20,0,4,5,4,8,6,5,-0.00545702592087316,-0.0009144947416552807,-0.004977375565610842,-0.006366530241018631,0.013544018058690765,0.0,0.016651665166516616,-0.005914467697907155,-0.04917319408181031,0.4,3,左侧观察,买一异常溢价(不作为可成交退出价),52,0,0
77,M4A1-S | Knight (Factory New),16300.0,15080.0,15,5,0.3333,0.9252,steamdt-live,17800.0,14,16910.81,31,,20,6,2,2,6,10,6,0,-0.03445743023510672,0.0,0.03575065954966572,-0.03445743023510672,0.04112006588622863,6.135345726732133e-05,0.04112006588622863,0.006172839506172867,0.012422989082601976,0.4,2,左侧观察,,52,0,0
78,★ Bloodhound Gloves | Charred (Field-Tested),1474.5,1410.0,242,68,0.281,0.9563,steamdt-live,1687.5,21,1444.2,64,,17,9,7,5,10,4,0,0,-0.025547784310342547,-0.01653410329047722,-0.024608414239482235,-0.041659477896189734,0.0652427184466019,0.02498225691980127,0.09737499999999999,-0.056078431372548976,-0.2086575342465753,0.4,13,左侧观察,,52,0,0
79,★ Specialist Gloves | Blackbook (Field-Tested),1595.0,2310.0,177,43,0.2429,1.4483,steamdt-live,1599.48,163,1592.0,62,"溢价求购:买一高于卖一,多为定向收特定图案,买一价不可作退出价",17,0,7,5,4,10,6,3,0.010107391029690493,-0.004377736085053208,-0.022537820314912027,0.005685407454200986,0.01606922126081578,0.006003159557661952,0.028083028083028094,-0.014241486068111486,-0.04898446833930703,0.15,11,左侧观察,买一异常溢价(不作为可成交退出价),52,0,0
80,★ Sport Gloves | Superconductor (Field-Tested),11000.0,13190.0,472,90,0.1907,1.1991,steamdt-live,11199.0,293,11248.5,116,"溢价求购:买一高于卖一,多为定向收特定图案,买一价不可作退出价",14,0,9,5,6,16,2,0,-0.014020805065581232,0.00917431192660545,-0.012902361712576416,-0.00497512437810943,0.017813295236394522,0.018659999073945555,0.04761822304608054,-0.035028466660233515,-0.18011220537145756,0.4,8,左侧观察,买一异常溢价(不作为可成交退出价),52,0,0
81,USP-S | Kill Confirmed (Factory New),1523.9,1500.0,263,35,0.1331,0.9843,steamdt-live,1559.5,113,1579.7,81,,11,12,9,2,6,8,4,0,-0.0039215686274509665,-6.561679790018093e-05,-0.021420028270088043,-0.003986928104575127,0.025321556261952427,0.02966216216216222,0.03692655767128217,-0.03367152821813568,-0.13708946772366926,0.24,7,左侧观察,,52,0,0
82,AWP | Green Energy (Factory New),197.0,188.0,762,26,0.0341,0.9543,steamdt-live,201.21,359,201.9,500,,3,9,12,2,4,10,6,5,0.007621483375959137,5.0763998172387303e-05,-0.012626262626262652,0.007672634271099765,0.01005025125628145,0.01025641025641022,0.024607614992325555,0.01025641025641022,-0.24078927084939117,0.4,9,左侧观察,,51,0,0
83,M4A1-S | Stratosphere (Factory New),213.5,200.0,375,19,0.0507,0.9368,steamdt-live,206.0,249,215.0,321,,3,9,9,2,6,10,6,5,0.033299999999999885,-0.0031936514081098988,-0.019607843137254943,0.030000000000000027,0.013079097398553063,0.030000000000000027,0.04845489399048464,-0.041860465116279055,-0.2652566251738774,0.31,10,左侧观察,,50,0,0
84,AWP | PAW (Factory New),44.09,41.9,1257,22,0.0175,0.9503,steamdt-live,42.9,1030,45.7,296,,3,9,15,2,6,9,6,0,-0.022727272727272707,-0.0023255813953488857,-0.006772009029345272,-0.025000000000000022,0.03378378378378377,0.0,0.03378378378378377,0.00941176470588223,-0.1250254945951459,0.4,5,左侧观察,,50,0,0
85,★ Moto Gloves | Spearmint (Field-Tested),11450.0,13430.0,412,99,0.2403,1.1729,steamdt-live,11588.0,188,11779.0,100,"溢价求购:买一高于卖一,多为定向收特定图案,买一价不可作退出价",17,0,9,5,6,10,2,0,-0.02422279792746118,0.01331917341475286,0.015789473684210575,-0.011226252158894612,0.012845934994396013,0.04095640710941417,0.03371450272163379,-0.01215694022298508,-0.2273954116059379,0.39,10,左侧观察,买一异常溢价(不作为可成交退出价),49,0,0
86,FAMAS | Styx (Factory New),647.0,621.0,350,49,0.14,0.9598,steamdt-live,639.0,69,637.28,78,,11,9,9,2,8,10,0,0,-0.0007961783439490722,0.003984063745019917,-0.047040971168436974,0.0031847133757962887,0.04400606980273136,0.050000000000000044,0.06666666666666665,-0.03669724770642202,-0.20353982300884954,0.4,10,左侧观察,,49,0,0
87,Five-SeveN | Hot Shot (Factory New),249.48,224.0,149,13,0.0872,0.8979,steamdt-live,257.95,70,253.45,82,,7,6,7,2,8,8,6,5,-0.002031548757170154,-0.00419111483654655,-0.028445373272959484,-0.006214149139579406,0.03373484643092295,0.0,0.05927601809954752,-0.06108163034887659,-0.2872,0.33,3,左侧观察,,49,0,0
88,P250 | Contaminant (Factory New),62.9,60.0,196,14,0.0714,0.9539,steamdt-live,60.0,27,63.32,29,,7,9,7,2,8,10,6,0,-0.06103286384976525,0.0,-0.0015625000000000222,-0.06103286384976525,0.0625,0.0046885465505692725,0.07692307692307687,-0.07692307692307687,0.0346611484738748,0.4,5,左侧观察,,49,0,0
89,USP-S | Stainless (Factory New),266.5,253.0,319,16,0.0502,0.9493,steamdt-live,292.0,227,282.71,96,,3,9,9,2,10,9,4,3,-0.03070635466020477,-0.005597014925373123,-0.039565096568014435,-0.036131505660240926,0.07423489769687708,0.0,0.09661016949152545,-0.07785467128027679,-0.22753623188405792,0.39,6,左侧观察,,49,0,0
90,★ Sport Gloves | Red Racer (Field-Tested),819.0,1330.0,221,37,0.1674,1.6239,steamdt-live,820.0,193,844.0,77,"溢价求购:买一高于卖一,多为定向收特定图案,买一价不可作退出价",14,0,7,5,4,9,6,3,-0.0012317073170731163,1.221016129626662e-05,-0.012048192771084376,-0.0012195121951219523,0.014440433212996373,0.011760636457972984,0.028354490449638114,-0.013253012048192736,-0.10784313725490191,0.4,9,左侧观察,买一异常溢价(不作为可成交退出价),48,0,0
91,★ Specialist Gloves | Marble Fade (Minimal Wear),2296.5,4580.0,205,24,0.1171,1.9943,steamdt-live,2349.0,165,2306.71,69,"溢价求购:买一高于卖一,多为定向收特定图案,买一价不可作退出价",11,0,7,5,4,10,6,5,-0.00649350649350644,0.0006535947712418277,-0.0038809831824062613,-0.005844155844155874,0.015645092156022278,0.0006535947712418277,0.015645092156022278,0.0037150349650350023,-0.03620171565747299,0.36,4,左侧观察,买一异常溢价(不作为可成交退出价),48,0,0
92,★ Broken Fang Gloves | Yellow-banded (Field-Tested),262.5,282.0,157,16,0.1019,1.0743,steamdt-live,272.91,123,266.29,112,"溢价求购:买一高于卖一,多为定向收特定图案,买一价不可作退出价",11,0,7,5,8,12,2,3,-0.01310861423220977,-0.003795066413662229,-0.03260869565217395,-0.016853932584269704,0.048913043478260865,0.011560693641618602,0.0658362989323843,-0.05125054214254732,-0.10865874363327677,0.4,12,左侧观察,买一异常溢价(不作为可成交退出价),48,0,0
93,AWP | CMYK (Factory New),3798.5,3690.0,283,28,0.0989,0.9714,steamdt-live,3902.16,91,3876.59,80,,7,12,9,2,6,10,2,0,0.00013163090693701918,-0.00013161358252167243,-0.02506570572050426,0.0,0.023948403011537334,0.01863770447841251,0.04078282828282831,-0.030994897959183643,-0.24782178217821782,0.32,8,左侧观察,,48,0,0
94,★ Sport Gloves | Slingshot (Minimal Wear),5250.0,7410.0,372,33,0.0887,1.4114,steamdt-live,5230.0,317,5373.0,89,"溢价求购:买一高于卖一,多为定向收特定图案,买一价不可作退出价",7,0,9,5,6,10,6,5,0.0019120458891013214,-0.001908396946564861,-0.018761726078799223,0.0,0.02059925093632964,0.0019157088122605526,0.04036697247706422,-0.03371824480369512,-0.12826068839069926,0.39,5,左侧观察,买一异常溢价(不作为可成交退出价),48,0,0
95,★ Sport Gloves | Omega (Minimal Wear),2805.0,4320.0,441,34,0.0771,1.5401,steamdt-live,2870.0,375,2896.6,93,"溢价求购:买一高于卖一,多为定向收特定图案,买一价不可作退出价",7,0,9,5,6,10,6,5,0.01750000000000007,-0.015444015444015413,-0.028991538354834256,0.0017857142857142794,0.027257594673325003,0.0017857142857142794,0.03605266142251817,-0.02150935234733098,-0.09164507772020725,0.4,6,左侧观察,买一异常溢价(不作为可成交退出价),48,0,0
96,★ Hand Wraps | Duct Tape (Minimal Wear),415.0,535.0,106,30,0.283,1.2892,steamdt-live,420.0,69,436.78,59,"溢价求购:买一高于卖一,多为定向收特定图案,买一价不可作退出价",17,0,7,5,6,6,6,0,-0.018779342723004744,-0.0071770334928229484,0.039024390243902474,-0.025821596244131495,0.025821596244131495,0.03750000000000009,0.04597701149425293,-0.04597701149425293,-0.08690869086908692,0.4,9,左侧观察,买一异常溢价(不作为可成交退出价),47,0,0
97,★ Bloodhound Gloves | Bronzed (Minimal Wear),1365.0,1280.0,143,24,0.1678,0.9377,steamdt-live,1547.89,18,1411.35,51,,14,9,7,5,8,4,0,0,-0.0004324324324324058,-0.015790612156608375,-0.025974025974025983,-0.01621621621621616,0.041769041769041726,0.026701767581797764,0.07865517404305011,-0.05699481865284972,-0.26156342980795244,0.4,3,左侧观察,,47,0,0
98,AWP | Desert Hydra (Factory New),8857.0,12710.0,288,40,0.1389,1.435,steamdt-live,8900.0,236,9059.5,90,"溢价求购:买一高于卖一,多为定向收特定图案,买一价不可作退出价",11,0,9,2,4,10,6,5,0.008738636363636365,-0.002129121652829191,-0.026548672566371723,0.006590909090909092,0.020132743362831884,0.006590909090909092,0.026593406593406588,-0.015613713396677276,-0.12720465070450293,0.4,4,左侧观察,买一异常溢价(不作为可成交退出价),47,0,0
99,AK-47 | Gold Arabesque (Factory New),12340.0,14200.0,224,30,0.1339,1.1507,steamdt-live,12400.0,175,12900.0,71,"溢价求购:买一高于卖一,多为定向收特定图案,买一价不可作退出价",11,0,7,2,6,10,6,5,0.008170250823204217,-0.004837907127344443,-0.015252201761409179,0.0032928167811698827,0.012009607686148893,0.01247128322940605,0.041701515649231635,-0.035862176732557205,-0.11794138670478915,0.4,9,左侧观察,买一异常溢价(不作为可成交退出价),47,0,0
100,M4A4 | Hellfire (Factory New),1950.0,1920.0,662,52,0.0785,0.9846,steamdt-live,1980.0,77,1960.0,111,,7,12,12,2,10,4,0,0,-0.04761904761904767,-0.02124999999999999,0.009615384615384581,-0.06785714285714284,0.07969835732621222,0.0038461538461538325,0.12180349932705248,-0.07664658795560342,-0.2980096826250672,0.4,7,左侧观察,,47,0,0
101,Glock-18 | Dragon Tattoo (Factory New),521.84,483.0,355,18,0.0507,0.9256,steamdt-live,538.99,251,533.87,242,,3,6,9,2,6,10,6,5,0.008378378378378404,-0.0009572309223877529,-0.03806870937790163,0.007413127413127496,0.030937790157845813,0.007413127413127496,0.049471766848815935,-0.03183673469387749,-0.19999999999999984,0.4,10,左侧观察,,47,0,0
102,★ Driver Gloves | King Snake (Minimal Wear),2850.0,7560.0,863,26,0.0301,2.6526,steamdt-live,2945.0,873,2892.22,158,"溢价求购:买一高于卖一,多为定向收特定图案,买一价不可作退出价",3,0,12,5,6,10,6,5,0.0,3.508895048942584e-05,-0.023973423747388645,3.508895048942584e-05,0.023939175999178053,0.003658953166103762,0.03716216216216217,-0.03716216216216217,-0.07302000325256142,0.4,6,左侧观察,买一异常溢价(不作为可成交退出价),47,0,0
103,AK-47 | Midnight Laminate (Factory New),81.5,79.0,1533,34,0.0222,0.9693,steamdt-live,83.68,1041,83.28,728,,3,12,15,2,6,5,4,0,-0.006439854191980565,-0.003301944478415031,-0.008433734939759074,-0.009720534629404587,0.02383518984309496,0.006172839506172867,0.04004711425206131,-0.004884004884004978,-0.12983130471919702,0.39,17,左侧观察,,47,0,0
104,MP9 | Arctic Tri-Tone (Factory New),33.39,30.9,2185,29,0.0133,0.9254,steamdt-live,34.4,883,33.03,1325,,3,6,15,2,4,10,6,0,-0.014675052410901501,0.003951367781155124,0.0005993407252022909,-0.010781671159029615,0.013735443415945126,0.007012195121951281,0.029100529100529182,-0.005120481927710863,-0.1597557873314679,0.4,12,左侧观察,,46,0,0
105,AK-47 | Crane Flight (Factory New),312.8,390.0,226,38,0.1681,1.2468,steamdt-live,305.0,180,319.0,142,"溢价求购:买一高于卖一,多为定向收特定图案,买一价不可作退出价",14,0,7,2,6,10,6,0,-0.033730988134666684,0.014975041597337757,-0.0009958239640218691,-0.01926106948776496,0.022404564248854175,0.02006688963210701,0.041784480050267025,-0.03603034134007577,-0.09952466711936458,0.4,15,左侧观察,买一异常溢价(不作为可成交退出价),45,0,0
106,FAMAS | Afterimage (Factory New),281.29,259.0,83,9,0.1084,0.9208,steamdt-live,288.0,37,278.34,57,,11,6,4,2,4,7,6,5,-0.001789933414476974,-0.0017931430210873511,-0.012304646064634772,-0.003579866828953948,0.015910055154857883,0.0,0.023025623025623054,-0.023025623025623054,-0.22351168889136863,0.4,3,左侧观察,,45,0,0
107,USP-S | Road Rash (Factory New),910.0,875.0,167,14,0.0838,0.9615,steamdt-live,957.22,52,954.24,61,,7,12,7,2,8,7,2,0,-0.03258709344998367,-0.010869565217391353,-0.01862668207710716,-0.04310245112987521,0.06092627755304214,0.011111111111111072,0.07416827754603716,-0.06666666666666665,-0.26016260162601623,0.4,8,左侧观察,,45,0,0
108,Desert Eagle | Cobalt Disruption (Factory New),596.5,587.0,639,37,0.0579,0.9841,steamdt-live,629.0,283,603.53,215,,3,12,12,2,8,6,2,0,0.01602649006622503,-0.027995046278190494,-0.0304975922953451,-0.012417218543046338,0.042536115569823396,0.015319148936170146,0.06796875000000002,-0.04864433811802238,-0.2641525726903766,0.16,10,左侧观察,,45,0,0
109,Five-SeveN | Heat Treated (Factory New),104.21,98.0,796,23,0.0289,0.9404,steamdt-live,103.97,378,102.89,225,,3,9,12,2,8,11,0,0,-0.019999999999999907,-9.718172983486095e-05,-0.025793282612729618,-0.020095238095238055,0.045370198552607155,0.060612308009483584,0.07630846575096506,-0.06827854749615148,-0.27572856539490354,0.33,8,左侧观察,,45,0,0
110,USP-S | Royal Guard (Factory New),30.8,30.0,1087,30,0.0276,0.974,steamdt-live,31.01,698,30.6,757,,3,12,15,2,6,5,2,0,-0.008387096774193581,-0.004554326610279658,0.004862236628849326,-0.012903225806451535,0.03164556962025311,0.020000000000000018,0.03164556962025311,0.03975535168195732,-0.1634773100054674,0.4,8,左侧观察,,45,0,0
111,Tec-9 | Hades (Factory New),170.49,147.0,39,4,0.1026,0.8622,steamdt-live,175.0,27,174.38,46,,8,3,4,2,6,10,6,5,0.020771513353115667,-0.008779069767441805,-0.031609195402298895,0.01181008902077152,0.020172413793103416,0.01181008902077152,0.0440706476030277,0.0514338575393154,-0.0922208615089718,0.18,7,左侧观察,,44,0,0
112,AWP | Chrome Cannon (Factory New),439.5,431.0,357,29,0.0812,0.9807,steamdt-live,447.3,311,455.0,155,,7,12,9,2,2,8,4,0,-0.011210762331838597,-0.0022675736961451642,0.009049773755656076,-0.013452914798206317,0.013452914798206317,0.012658227848101333,0.013452914798206317,0.0,-0.029747072702815958,0.29,11,左侧观察,,44,0,0
113,★ Specialist Gloves | Buckshot (Field-Tested),254.0,308.0,311,23,0.074,1.2126,steamdt-live,255.0,321,257.8,191,"溢价求购:买一高于卖一,多为定向收特定图案,买一价不可作退出价",7,0,9,5,4,10,6,3,0.010000000000000009,-0.00990099009900991,-0.013806706114398382,0.0,0.015748031496062964,0.002004008016031955,0.026782933665524755,-0.017681728880157177,-0.09848184342432653,0.2,10,左侧观察,买一异常溢价(不作为可成交退出价),44,0,0
114,MP9 | Hydra (Factory New),266.5,244.0,146,16,0.1096,0.9156,steamdt-live,278.16,68,277.9,90,,11,6,7,2,4,7,6,0,-0.0018691588785046953,-0.0018726591760299671,-0.014732965009208066,-0.0037383177570093906,0.018416206261510082,0.01717557251908386,0.029815428300993818,-0.01986024273630005,-0.09350658185652572,0.4,5,左侧观察,,43,0,0
115,★ Driver Gloves | Imperial Plaid (Field-Tested),883.98,1350.0,408,39,0.0956,1.5272,steamdt-live,879.5,342,919.2,189,"溢价求购:买一高于卖一,多为定向收特定图案,买一价不可作退出价",7,0,9,5,4,9,6,3,-0.008450704225352101,-0.0005681818181818565,-0.0005630630630630851,-0.00901408450704222,0.011242270938729648,0.0,0.02169076751946608,-0.0005681818181818565,-0.09963862698729564,0.4,12,左侧观察,买一异常溢价(不作为可成交退出价),43,0,0
116,AWP | Ice Coaled (Factory New),177.5,169.0,363,31,0.0854,0.9521,steamdt-live,182.5,237,182.84,149,,7,9,9,2,4,10,2,0,-0.014301675977653638,0.0060077080027205465,-0.0022296544035674826,-0.008379888268156388,0.01388888888888884,0.02011494252873569,0.023652365236523698,0.0056657223796034994,-0.07973869763583574,0.4,9,左侧观察,,43,0,0
117,★ Moto Gloves | Finish Line (Field-Tested),464.0,680.0,419,35,0.0835,1.4655,steamdt-live,483.9,439,487.0,220,"溢价求购:买一高于卖一,多为定向收特定图案,买一价不可作退出价",7,0,9,5,6,10,6,0,-0.027278494396278274,0.008695652173912993,-0.011703239289446277,-0.018820046521463296,0.030303030303030276,0.008695652173912993,0.04995904995904987,-0.03433922996878247,-0.15559599636032762,0.39,11,左侧观察,买一异常溢价(不作为可成交退出价),43,0,0
118,Five-SeveN | Case Hardened (Factory New),224.0,1000.0,235,19,0.0809,4.4643,steamdt-live,233.5,148,231.81,119,"溢价求购:买一高于卖一,多为定向收特定图案,买一价不可作退出价",7,0,7,2,8,8,6,5,0.0,-0.004444444444444473,-0.029293757280296817,-0.004444444444444473,0.033691385186143785,0.0,0.07073221323376899,-0.0705394190871369,-0.2533333333333333,0.39,2,左侧观察,买一异常溢价(不作为可成交退出价),43,0,0
119,★ Specialist Gloves | Emerald Web (Minimal Wear),9500.0,11560.0,203,39,0.1921,1.2168,steamdt-live,9688.8,100,9426.0,73,"溢价求购:买一高于卖一,多为定向收特定图案,买一价不可作退出价",14,0,7,5,4,10,2,0,-0.041067333750260615,0.02456521739130424,-0.00026051164487050915,-0.01751094434021261,0.017818068146295718,0.04733333333333323,0.018124999999999947,-0.012932614272998633,-0.24592000000000003,0.4,7,左侧观察,买一异常溢价(不作为可成交退出价),42,0,0
120,★ Broken Fang Gloves | Needle Point (Field-Tested),259.5,281.0,93,14,0.1505,1.0829,steamdt-live,261.0,96,261.68,114,"溢价求购:买一高于卖一,多为定向收特定图案,买一价不可作退出价",14,0,4,5,6,4,4,5,-0.0022813688212928174,-0.011051829268292623,-0.022304832713754608,-0.013307984790874472,0.04592080591198211,0.0,0.04592080591198211,-0.03171641791044777,-0.08151346759636136,0.4,10,左侧观察,买一异常溢价(不作为可成交退出价),42,0,0
121,★ Driver Gloves | Snow Leopard (Minimal Wear),3273.9,5630.0,236,24,0.1017,1.7197,steamdt-live,3299.0,228,3279.5,65,"溢价求购:买一高于卖一,多为定向收特定图案,买一价不可作退出价",11,0,7,5,6,9,4,0,-0.014687018406087438,-0.0021037226744717863,-0.0033562874251497066,-0.016759843666917962,0.024412054010551798,0.007386888273314796,0.036757997586744806,-0.02298507462686572,-0.11636069114470837,0.4,5,左侧观察,买一异常溢价(不作为可成交退出价),42,0,0
122,M4A4 | In Living Color (Factory New),558.5,546.0,847,49,0.0579,0.9776,steamdt-live,563.31,181,562.9,226,,3,12,12,2,8,5,0,0,-0.007978817299205576,-0.006192391188298507,-0.019726596296937182,-0.014121800529567574,0.03356982176847201,0.02477064220183478,0.05579036348267119,-0.04529914529914525,-0.2208426339285714,0.4,12,左侧观察,,42,0,0
123,★ Driver Gloves | Plum Quill (Field-Tested),616.0,673.0,58,17,0.2931,1.0925,steamdt-live,626.5,40,623.14,33,"溢价求购:买一高于卖一,多为定向收特定图案,买一价不可作退出价",17,0,4,5,4,5,6,0,-0.0008077544426494665,-0.00404203718674212,-0.009600000000000053,-0.004846526655896577,0.015974440894568676,0.009836065573770592,0.020667726550079535,0.01066447908121404,-0.06475366279511119,0.15,7,左侧观察,买一异常溢价(不作为可成交退出价),41,0,0
124,★ Moto Gloves | Spearmint (Minimal Wear),17688.0,26750.0,188,35,0.1862,1.5123,steamdt-live,18000.0,155,18099.0,59,"溢价求购:买一高于卖一,多为定向收特定图案,买一价不可作退出价",14,0,7,5,6,7,2,0,-0.0196629213483146,-0.00623630541041631,-0.012670618304421066,-0.025776602775941848,0.03817292006525286,0.010742857142857165,0.03817292006525286,-0.03291416074357567,-0.13521843459282712,0.4,5,左侧观察,买一异常溢价(不作为可成交退出价),41,0,0
125,★ Moto Gloves | Polygon (Field-Tested),660.0,871.0,314,35,0.1115,1.3197,steamdt-live,671.5,273,666.4,199,"溢价求购:买一高于卖一,多为定向收特定图案,买一价不可作退出价",11,0,9,5,6,6,4,0,-0.015724669930277435,-0.006028636021100264,0.019201693377683737,-0.021658507639816138,0.021658507639816138,0.0,0.030147058823529416,-0.022962962962962963,-0.08317462082771476,0.4,13,左侧观察,买一异常溢价(不作为可成交退出价),41,0,0
126,AK-47 | Case Hardened (Factory New),2775.0,11500.0,495,50,0.101,4.1441,steamdt-live,2855.47,331,2848.0,210,"溢价求购:买一高于卖一,多为定向收特定图案,买一价不可作退出价",11,0,9,2,8,7,4,0,-0.03414970679544671,-0.008928571428571397,-0.020277120648867886,-0.04277337012763027,0.06186612576064909,0.0,0.07407407407407407,-0.07407407407407407,-0.26,0.39,11,左侧观察,买一异常溢价(不作为可成交退出价),41,0,0
127,★ Moto Gloves | POW! (Field-Tested),436.5,698.0,614,38,0.0619,1.5991,steamdt-live,456.0,694,448.0,304,"溢价求购:买一高于卖一,多为定向收特定图案,买一价不可作退出价",7,0,12,5,6,7,4,0,-0.02006688963210701,-0.0068259385665528916,0.020477815699658786,-0.026755852842809347,0.0372526963541322,0.0,0.0372526963541322,-0.023489932885906062,-0.24020887728459528,0.24,12,左侧观察,买一异常溢价(不作为可成交退出价),41,0,0
128,USP-S | Bleeding Edge (Factory New),32.45,30.1,841,37,0.044,0.9276,steamdt-live,30.0,511,31.9,389,,3,6,12,2,4,10,4,0,-0.017566688353936266,0.01192052980132452,0.0029363784665579207,-0.005855562784645385,0.027989821882951738,0.01866666666666661,0.027989821882951738,-0.0006540222367560355,-0.18938992042440328,0.4,13,左侧观察,,41,0,0
129,★ Moto Gloves | Finish Line (Minimal Wear),968.5,1360.0,195,28,0.1436,1.4042,steamdt-live,984.99,146,987.3,74,"溢价求购:买一高于卖一,多为定向收特定图案,买一价不可作退出价",11,0,7,5,4,4,4,5,-0.001536098310291889,-0.00666666666666671,-0.01313794845881755,-0.008192524321556593,0.021222839818089922,0.0036269430051814044,0.029062947999478728,-0.003590571919464214,-0.05879494655004858,0.4,7,左侧观察,买一异常溢价(不作为可成交退出价),40,0,0
130,Galil AR | Rainbow Spoon (Factory New),166.9,159.0,920,24,0.0261,0.9527,steamdt-live,168.0,402,166.79,615,,3,9,15,2,6,5,0,0,-0.015932521087160256,-0.007202380952381016,0.0042943702570739095,-0.023020149953139724,0.034333024548402036,0.0489937106918239,0.03589595375722543,-0.01790025319437094,-0.18035284289154263,0.32,14,左侧观察,,40,0,0
131,★ Specialist Gloves | Crimson Web (Minimal Wear),1796.3,2820.0,289,27,0.0934,1.5699,steamdt-live,1799.0,223,1818.0,71,"溢价求购:买一高于卖一,多为定向收特定图案,买一价不可作退出价",7,0,9,5,4,8,6,0,-0.012881891318296201,-0.0020555555555555882,-0.001921182266009902,-0.014910967430586397,0.017072503419972684,0.0005570099704783615,0.021559143299126338,0.011145510835913308,-0.08352040816326534,0.39,6,左侧观察,买一异常溢价(不作为可成交退出价),39,0,0
132,P250 | Cartel (Factory New),202.9,190.0,83,7,0.0843,0.9364,steamdt-live,207.2,49,211.79,70,,7,9,4,2,8,5,4,0,-0.0213862898606072,-0.0102439024390244,-0.012352663837812417,-0.031411113232766796,0.04337576614804328,0.0,0.05399104811637445,-0.05399104811637445,-0.24432029795158283,0.4,3,左侧观察,,39,0,0
133,★ Driver Gloves | Black Tie (Field-Tested),749.0,1150.0,697,34,0.0488,1.5354,steamdt-live,767.5,624,757.8,153,"溢价求购:买一高于卖一,多为定向收特定图案,买一价不可作退出价",3,0,12,5,4,9,6,0,-0.004666666666666708,0.0033489618218351946,-0.010815088367185477,-0.0013333333333332975,0.012003693444136654,0.007397444519166019,0.015121630506245931,-0.006986887984408718,-0.06815297718281121,0.27,17,左侧观察,买一异常溢价(不作为可成交退出价),39,0,0
134,M4A1-S | Glitched Paint (Factory New),33.99,31.8,1450,21,0.0145,0.9356,steamdt-live,33.27,833,33.1,752,,3,9,15,2,4,6,0,0,-0.012759643916913976,-0.005109708446047523,0.005970149253731405,-0.017804154302670683,0.02157848063848644,0.10333333333333328,0.02157848063848644,-0.021289178001182685,-0.17538614848031886,0.35,14,左侧观察,,39,0,0
135,AWP | Oni Taiji (Factory New),3499.0,6400.0,370,53,0.1432,1.8291,steamdt-live,3744.5,101,3523.9,108,"溢价求购:买一高于卖一,多为定向收特定图案,买一价不可作退出价",11,0,9,2,8,4,4,0,-0.013830678960603526,-0.008641450630400893,-0.009684560044272317,-0.02235261246158149,0.03182069728832315,0.0,0.07311258278145694,-0.04944308611790271,-0.20468235026707582,0.39,16,左侧观察,买一异常溢价(不作为可成交退出价),38,0,0
136,★ Moto Gloves | Turtle (Minimal Wear),742.0,980.0,143,17,0.1189,1.3208,steamdt-live,755.41,120,747.08,78,"溢价求购:买一高于卖一,多为定向收特定图案,买一价不可作退出价",11,0,7,5,4,9,2,0,-0.0006730290344725276,-0.0005522554922481326,-0.015361166335321474,-0.0012249128427399558,0.01591511936339518,0.016438356164383494,0.02007395668251455,-0.011325782811459018,-0.09512195121951217,0.31,10,左侧观察,买一异常溢价(不作为可成交退出价),38,0,0
137,Tec-9 | Whiteout (Factory New),1158.0,1070.0,165,16,0.097,0.924,steamdt-live,1214.0,67,1170.0,107,,7,6,7,2,6,4,4,0,-0.017218632089345265,-0.00983326207781099,0.017085470085470122,-0.0268825788452004,0.030540486236688813,0.0,0.04986954167282032,-0.05026695863986419,-0.18162544169611305,0.16,2,左侧观察,,36,0,0
138,AWP | Graphite (Factory New),833.0,943.0,610,23,0.0377,1.1321,steamdt-live,842.91,425,856.5,296,"溢价求购:买一高于卖一,多为定向收特定图案,买一价不可作退出价",3,0,12,2,6,4,4,5,-0.002382370458606342,-0.005373134328358176,-0.012933568489124081,-0.007742703990470501,0.020564615692130417,0.0006006006006005205,0.042528735632183956,-0.04307869040781165,-0.1422186981907302,0.36,12,左侧观察,买一异常溢价(不作为可成交退出价),36,0,0
139,MP9 | Dry Season (Factory New),2300.0,55.0,2,4,2.0,0.0239,steamdt-live,3888.0,1,689.0,3,,8,1,2,2,6,10,6,0,-0.005772005772005762,0.0,-0.0057388809182209455,-0.005772005772005762,0.014306151645207432,0.0,0.049707602339181256,-0.011477761836441891,-0.014306151645207432,0.4,4,左侧观察,,35,0,0
140,AK-47 | Fuel Injector (Factory New),2298.49,2930.0,449,38,0.0846,1.2747,steamdt-live,2323.84,207,2357.07,126,"溢价求购:买一高于卖一,多为定向收特定图案,买一价不可作退出价",7,0,9,2,6,7,4,0,-0.018483110261312885,-0.005199134199134314,-0.002331496396778321,-0.023586148289781228,0.026069082432718882,0.0034934650369651266,0.04050521920668071,-0.040304865316350025,-0.13154602863869824,0.19,10,左侧观察,买一异常溢价(不作为可成交退出价),35,0,0
141,★ Driver Gloves | Rezan the Red (Field-Tested),350.0,470.0,228,17,0.0746,1.3429,steamdt-live,355.0,185,370.63,130,"溢价求购:买一高于卖一,多为定向收特定图案,买一价不可作退出价",7,0,7,5,4,10,2,0,-0.019085040696042666,0.0014306151645206988,-0.0002805836139168072,-0.017681728880157177,0.018232819074333828,0.023391812865497075,0.023573720184126068,-0.02215517000530831,-0.08448862150143865,0.39,8,左侧观察,买一异常溢价(不作为可成交退出价),35,0,0
142,★ Hand Wraps | Cobalt Skulls (Minimal Wear),2354.0,3200.0,390,25,0.0641,1.3594,steamdt-live,2399.0,309,2351.12,96,"溢价求购:买一高于卖一,多为定向收特定图案,买一价不可作退出价",7,0,9,5,4,5,2,0,-0.004237288135593209,0.0004765957446808411,-0.008153315962007301,-0.003762711864406798,0.019140592407175694,0.022226086956521618,0.024026567040265734,-0.01585600669736298,-0.08924268835948101,0.32,10,左侧观察,买一异常溢价(不作为可成交退出价),32,0,0
143,Galil AR | Kami (Factory New),29.39,28.6,498,32,0.0643,0.9731,steamdt-live,29.1,203,30.29,124,,7,12,9,2,10,17,6,5,-0.017064846416382284,0.01041666666666674,-0.023333333333333317,-0.0068259385665528916,0.029999999999999916,0.01041666666666674,0.11280487804878037,-0.1073619631901841,-0.429858934169279,0.29,10,长期阴跌,,68,0,0
144,★ Moto Gloves | Cool Mint (Field-Tested),6000.0,5920.0,317,96,0.3028,0.9867,steamdt-live,6250.0,46,6000.0,95,,20,12,9,5,10,10,0,0,-0.032356975712095504,0.0006671114076051143,-0.022634069400630952,-0.031711450012103626,0.05362776025236593,0.02564102564102555,0.09358712893723087,-0.0625,-0.32405790570607784,0.4,11,长期阴跌,,66,0,0
145,Glock-18 | Weasel (Factory New),222.0,216.0,499,91,0.1824,0.973,steamdt-live,218.0,89,216.48,93,,14,12,9,2,8,10,6,5,0.0,0.016385745809662344,-0.014665062916358163,0.016385745809662344,0.0023963133640553247,0.04076923076923067,0.054259501965924106,-0.0023963133640553247,-0.07880851063829797,0.4,5,回撤不明显,,66,0,0
146,M4A1-S | Nitro (Factory New),67.28,67.0,1313,49,0.0373,0.9958,steamdt-live,71.0,443,68.79,418,,3,15,15,2,10,10,6,5,0.038015267175572465,-0.010442712163553414,-0.09027777777777779,0.02717557251908409,0.06555555555555559,0.0287461773700306,0.1216710182767623,-0.1216710182767623,-0.44983236568811846,0.3,13,长期阴跌,,66,0,0
147,FAMAS | Mecha Industries (Factory New),667.5,658.0,1335,142,0.1064,0.9858,steamdt-live,652.0,182,652.82,224,,11,12,15,2,10,10,2,3,-0.03006060241507391,0.010852713178294504,-0.005250560957367201,-0.019534128332756917,0.027591349739000792,0.03492063492063502,0.1006896551724138,-0.08078387142252919,-0.342741935483871,0.33,16,长期阴跌,,65,0,0
148,Tec-9 | Bamboo Forest (Factory New),198.5,195.0,1387,108,0.0779,0.9824,steamdt-live,197.0,291,199.0,232,,7,12,15,2,8,20,0,0,-0.010084925690021285,0.018766756032171594,-0.03631713554987215,0.00849256900212314,0.045226130653266305,0.05855479413894926,0.06394718691496692,-0.04040404040404044,-0.3165467625899281,0.4,12,长期阴跌,,64,0,0
149,★ Driver Gloves | Convoy (Field-Tested),2987.0,2960.0,187,102,0.5455,0.991,steamdt-live,3068.83,19,3038.6,44,,20,15,7,5,10,0,6,0,0.006978557504873306,-0.036289958315588455,-0.007096774193548372,-0.02956465237166994,0.05324881141045956,0.030000000000000027,0.10822244580518225,-0.07936507936507942,-0.28540669856459333,0.17,10,可能加速下跌,,63,0,0
150,★ Driver Gloves | Diamondback (Field-Tested),2647.5,2550.0,317,86,0.2713,0.9632,steamdt-live,2858.88,23,2777.0,53,,17,12,9,5,8,10,2,0,-0.04058234758871704,0.004362670713201844,-0.01522591559796127,-0.03639672429481344,0.051068466440619686,0.004362670713201844,0.07069069005823314,-0.05446428571428574,-0.31233766233766236,0.4,6,长期阴跌,,63,0,0
151,★ Specialist Gloves | Foundation (Field-Tested),4989.0,4860.0,331,68,0.2054,0.9741,steamdt-live,5058.88,41,5014.94,67,,17,12,9,5,10,10,0,0,-0.03902491673862085,0.000599679101484174,-0.00221538461538473,-0.03844864006414206,0.05502604413296719,0.031742322407196655,0.12458501491489737,-0.096197463768116,-0.333913217623498,0.4,12,长期阴跌,,63,0,0
152,M4A4 | Cyber Security (Factory New),905.0,905.0,483,43,0.089,1.0,steamdt-live,948.5,64,914.0,132,,7,15,9,2,8,10,6,5,0.0,0.009944751381215422,-0.016261576590286597,0.009944751381215422,0.006478542545328092,0.012181616832779518,0.06304459251665817,-0.041426324069218645,-0.18891097543660385,0.4,9,回撤不明显,,62,0,0
153,★ Hand Wraps | Spruce DDPAT (Field-Tested),2258.18,2230.0,299,125,0.4181,0.9875,steamdt-live,2292.05,25,2269.47,68,,20,12,9,5,10,0,2,3,-0.010532188841201662,-0.020507837915210048,-0.02018090908708603,-0.030824034334763994,0.050183176375084626,0.004215769111042045,0.09542178906340759,-0.07070781893004119,-0.22104863746119352,0.36,9,可能加速下跌,,61,0,0
154,★ Specialist Gloves | Forest DDPAT (Field-Tested),1750.0,1680.0,286,63,0.2203,0.96,steamdt-live,1800.0,33,1735.5,69,,17,12,9,5,10,8,0,0,-0.03870485487053499,-0.007713022944670911,-0.026449562295327467,-0.04611934638151938,0.07134907215170905,0.02935943060498225,0.09897515237729348,-0.09491525423728808,-0.30579999999999996,0.4,9,长期阴跌,,61,0,0
155,Galil AR | Amber Fade (Factory New),104.29,97.0,530,31,0.0585,0.9301,steamdt-live,113.64,133,105.95,150,,3,9,12,2,10,20,2,3,-0.02392344497607657,0.022450980392156872,-0.07111111111111112,-0.00200956937799035,0.06883928571428566,0.043943943943943964,0.10809886256734802,-0.10855628686212493,-0.49860576923076916,0.34,7,长期阴跌,,61,0,0
156,AK-47 | The Empress (Factory New),1690.0,1640.0,336,95,0.2827,0.9704,steamdt-live,1700.0,163,1666.0,111,,17,12,9,2,8,10,2,0,-0.0060975609756097615,0.022085889570552242,0.0003049710277522877,0.01585365853658538,0.005373134328358176,0.05110410094637219,0.06246482836240852,-0.020000000000000018,0.0969908474353065,0.4,13,回撤不明显,,60,0,0
157,Glock-18 | Twilight Galaxy (Factory New),3125.0,3040.0,300,33,0.11,0.9728,steamdt-live,3098.5,87,3125.01,109,,11,12,9,2,6,20,0,0,-0.005218525766470972,0.015901639344262364,-0.019720687538367088,0.01060013046314423,0.009329598935952421,0.06844827586206903,0.04646868749038313,-0.03171875000000002,-0.20510518214468954,0.39,11,回撤不明显,,60,0,0
158,Glock-18 | Green Line (Factory New),37.9,36.1,1494,40,0.0268,0.9525,steamdt-live,38.56,258,37.94,456,,3,9,15,2,10,10,6,5,0.012169312169312274,-0.009409304756926251,-0.029774127310061682,0.002645502645502784,0.027207392197125313,0.0053050397877982824,0.09112709832134303,-0.09112709832134303,-0.49947173798203914,0.4,10,长期阴跌,,60,0,0
159,M4A1-S | Flashback (Factory New),800.0,785.0,729,114,0.1564,0.9812,steamdt-live,798.5,66,787.26,121,,14,12,12,2,10,9,0,0,-0.0386780726767566,-0.002053544265287477,-0.005297033903441273,-0.04065218980770635,0.04226277372262777,0.03586842105263166,0.1135357902915245,-0.10416477014110148,-0.3172072853425846,0.36,18,长期阴跌,,59,0,0
160,USP-S | Pathfinder (Factory New),200.99,190.0,130,17,0.1308,0.9453,steamdt-live,192.3,78,196.42,115,,11,9,7,2,10,9,6,5,-0.001814882032667886,-0.0010389610389609505,-0.03318794806236525,-0.0028519574799065195,0.03594525492555267,0.0,0.09912864236859364,-0.09912864236859364,-0.45028871991309816,0.4,3,长期阴跌,,59,0,0
161,Desert Eagle | Night Heist (Factory New),507.3,499.0,839,72,0.0858,0.9836,steamdt-live,509.5,139,510.0,184,,7,12,12,2,10,11,2,3,-0.016393442622950838,-0.0052941176470587825,-0.04862385321100915,-0.02160077145612338,0.0691743119266055,0.01867469879518069,0.13059125964010276,-0.12003469210754547,-0.41956521739130437,0.4,14,长期阴跌,,59,0,0
162,Desert Eagle | The Bronze (Factory New),135.99,134.0,679,49,0.0722,0.9854,steamdt-live,133.97,168,134.78,224,,7,12,12,2,10,7,4,5,0.0,-0.014926470588235263,-0.04561403508771933,-0.014926470588235263,0.05985964912280706,0.0,0.09887670680029592,-0.09479729729729736,-0.37540211664879486,0.4,6,长期阴跌,,59,0,0
163,★ Driver Gloves | Lunar Weave (Field-Tested),4080.0,4010.0,284,98,0.3451,0.9828,steamdt-live,4017.99,23,4064.46,79,,20,12,9,5,10,0,2,0,-0.020117739329282625,-0.03132413354163055,0.0,-0.050811702117607105,0.050811702117607105,0.0,0.11682822288163541,-0.0960652418447695,-0.37100970569818414,0.38,7,长期阴跌,,58,0,0
164,AWP | Mortis (Factory New),71.2,68.0,1009,29,0.0287,0.9551,steamdt-live,69.72,332,73.73,410,,3,9,15,2,8,10,6,5,-0.00014312294260776515,-0.002004008016032066,-0.04692402127949802,-0.002146844139115589,0.047410848476567846,0.01043478260869568,0.06791443850267376,-0.06791443850267376,-0.34226415094339624,0.36,10,长期阴跌,,58,0,0
165,★ Sport Gloves | Arid (Field-Tested),5900.0,5860.0,363,83,0.2287,0.9932,steamdt-live,6090.0,62,5965.41,90,,17,15,9,5,8,1,2,0,-0.008843706091412495,-0.016010673782521634,-0.027333386928209635,-0.024712786180676072,0.05129442032481102,0.0,0.07639323731997494,-0.07639323731997494,-0.28476178930779483,0.4,8,可能加速下跌,,57,0,0
166,Tec-9 | Re-Entry (Factory New),38.74,37.5,899,26,0.0289,0.968,steamdt-live,37.89,231,39.17,248,,3,12,12,2,10,10,3,5,0.005234159779614389,0.03836667580158948,-0.10126268878435263,0.04380165289256199,0.06189650903689037,0.08257142857142852,0.11842717543043269,-0.11863224005582695,-0.3774235951363786,0.26,15,长期阴跌,,57,0,0
167,★ Specialist Gloves | Cloud Chaser (Minimal Wear),5169.5,4910.0,45,26,0.5778,0.9498,steamdt-live,5220.0,53,5376.89,28,,20,9,4,5,2,10,6,0,-0.006673759551213854,0.006718597857838349,0.0019381723035178933,0.0,9.671179883941061e-05,0.006718597857838349,0.005865384615384661,0.0005070758368685979,0.0465634173499343,0.4,3,回撤不明显,,56,0,0
168,★ Driver Gloves | Lunar Weave (Minimal Wear),4279.5,4100.0,153,27,0.1765,0.9581,steamdt-live,4499.5,22,4289.0,55,,14,9,7,5,10,4,2,5,-0.003550973654066425,-0.016093803885504077,-0.034292035398230114,-0.019587628865979423,0.05320796460176991,0.0,0.0976278334211913,-0.09715189873417718,-0.3603139013452915,0.4,4,长期阴跌,,56,0,0
169,USP-S | Neo-Noir (Factory New),695.0,690.0,480,33,0.0688,0.9928,steamdt-live,705.0,219,695.4,169,,7,15,9,2,2,10,6,5,0.009288824383163918,-0.0005752085130860118,-0.010057471264367845,0.00870827285921627,0.004297994269340966,0.01017441860465107,0.011379800853485111,0.0,-0.0582655826558266,0.4,9,回撤不明显,,56,0,0
170,MP9 | Sand Scale (Factory New),32.74,31.3,888,29,0.0327,0.956,steamdt-live,31.7,228,31.75,231,,3,9,12,2,8,16,6,0,-0.006269592476489061,0.0,-0.014823965410747486,-0.006269592476489061,0.02611367127496156,0.032573289902280145,0.06046235921754606,-0.06046235921754606,-0.4802426627315953,0.3,7,长期阴跌,,56,0,0
171,AWP | Black Box (Factory New),159.0,152.0,40,21,0.525,0.956,steamdt-live,160.0,69,161.9,81,,20,9,4,2,4,10,6,0,-0.006249999999999978,0.0,0.0,-0.006249999999999978,0.006249999999999978,0.003154574132492094,0.025018395879323085,-0.027403963787619223,-0.08683666436940041,0.35,2,回撤不明显,,55,0,0
172,AK-47 | Aphrodite (Factory New),1757.5,1710.0,370,67,0.1811,0.973,steamdt-live,1879.49,212,1751.0,197,,14,12,9,2,8,3,2,5,-0.005367626502655765,-0.015683849569959052,-0.03584905660377358,-0.02096729102599948,0.056064690026954134,0.0,0.07279928831652971,-0.053257637199243035,-0.1905061301477523,0.4,4,可能加速下跌,,55,0,0
173,Five-SeveN | Angry Mob (Factory New),470.0,460.0,234,38,0.1624,0.9787,steamdt-live,471.0,82,468.92,118,,14,12,7,2,4,10,6,0,-0.009575371549893852,0.005209114879204391,0.0031948881789136685,-0.004416135881104011,0.008625792811839283,0.01861627022917345,0.015907660020986314,0.003252032520325354,-0.03113700696295374,0.4,14,回撤不明显,,55,0,0
174,★ Hand Wraps | Constrictor (Minimal Wear),675.99,666.0,108,16,0.1481,0.9852,steamdt-live,680.0,47,671.73,76,,11,12,7,5,4,10,6,0,-0.020015033382953407,0.010257027266848295,0.005170370370370492,-0.009963300859261004,0.009977892409727351,0.010257027266848295,0.027732345235855105,-0.001144981412639412,-0.03762231550595274,0.4,6,回撤不明显,,55,0,0
175,M4A4 | Desolate Space (Factory New),483.0,474.0,640,61,0.0953,0.9814,steamdt-live,488.0,172,489.04,186,,7,12,12,2,10,3,4,5,-0.014516129032258074,-0.010842880523731613,-0.013916500994035741,-0.025201612903225756,0.0444664031620553,0.0,0.08079847908745252,-0.061165048543689315,-0.2047697368421053,0.25,10,可能加速下跌,,55,0,0
176,Desert Eagle | Midnight Storm (Factory New),547.5,529.0,785,69,0.0879,0.9662,steamdt-live,558.44,157,539.38,135,,7,12,12,2,10,10,2,0,-0.032727272727272716,0.013872180451127702,-0.017857142857142905,-0.019309090909090942,0.03682142857142856,0.02958692830419185,0.10103333333333331,-0.08502120441051741,-0.389841628959276,0.39,15,长期阴跌,,55,0,0
177,Desert Eagle | Light Rail (Factory New),70.0,65.0,433,31,0.0716,0.9286,steamdt-live,65.7,165,70.84,202,,7,6,9,2,10,10,6,5,0.04229367970853781,-0.001519756838905706,-0.11582633053221292,0.040709646760652696,0.0798319327731093,0.04968844863396704,0.12259615384615374,-0.09999999999999998,-0.3790757017295151,0.31,8,长期阴跌,,55,0,0
178,AWP | Phobos (Factory New),36.0,35.2,1291,45,0.0349,0.9778,steamdt-live,35.46,372,35.84,530,,3,12,15,2,8,10,2,3,-0.0002857142857142225,0.013432409259788392,-0.016577690362461484,0.013142857142857123,0.006444382179882191,0.04324801412180057,0.06684210526315792,-0.03510204081632651,-0.3337091319052987,0.36,7,长期阴跌,,55,0,0
179,★ Hand Wraps | Arboreal (Field-Tested),238.99,271.0,350,28,0.08,1.1339,steamdt-live,250.0,325,239.8,200,"溢价求购:买一高于卖一,多为定向收特定图案,买一价不可作退出价",7,0,9,5,4,20,4,5,-0.008438818565400852,0.016978723404255325,-0.01043841336116913,0.008396624472573944,0.0021294363256784132,0.016978723404255325,0.016502057613168697,-4.184100418402892e-05,-0.09678760393046115,0.4,10,回撤不明显,买一异常溢价(不作为可成交退出价),54,0,0
180,Five-SeveN | Boost Protocol (Factory New),62.7,60.0,1407,61,0.0434,0.9569,steamdt-live,64.8,268,63.24,261,,3,9,15,2,10,9,6,0,0.0087301587301587,-0.01337529504327295,-0.04240766073871416,-0.004761904761904745,0.046967624259006024,0.011290322580645107,0.10300429184549365,-0.08760186263096614,-0.35705496308449547,0.4,13,长期阴跌,,54,0,0
181,FAMAS | Survivor Z (Factory New),26.77,24.5,1133,31,0.0274,0.9152,steamdt-live,27.97,250,27.29,313,,3,6,15,2,10,10,3,5,-0.07466952483029654,0.03359073359073372,-0.03482758620689663,-0.04358699535548405,0.06333100069979003,0.07079999999999997,0.1634375,-0.08945578231292517,-0.4536734693877551,0.3,8,长期阴跌,,54,0,0
182,AWP | Printstream (Factory New),1072.0,1050.0,435,149,0.3425,0.9795,steamdt-live,1054.5,342,1095.99,167,,20,12,9,2,6,0,4,0,0.0018744142455482393,-0.013564078578110372,-0.008272144251324609,-0.011715089034676662,0.02043660009289361,0.0,0.03698630136986303,-0.014025245441795287,-0.10634835888439731,0.4,12,可能加速下跌,,53,0,0
183,★ Hand Wraps | Spruce DDPAT (Minimal Wear),2478.99,2400.0,198,30,0.1515,0.9681,steamdt-live,2516.17,33,2491.38,56,,14,12,7,5,8,3,4,0,-0.011731121276940648,-0.008205641128225749,-0.0022998027613412297,-0.019840501033936198,0.022094674556213056,0.0,0.05440889828084072,-0.02974571329046294,-0.24604927007299282,0.4,4,可能加速下跌,,53,0,0
184,USP-S | Orange Anolis (Factory New),417.5,404.0,242,35,0.1446,0.9677,steamdt-live,416.0,65,412.76,124,,11,12,7,2,8,8,0,5,-0.0036101083032491488,-0.002995169082125604,-0.03146853146853146,-0.006594464500601749,0.03897555296856814,0.02932668329177046,0.05310729278979609,-0.020735468564650028,-0.42027275663984043,0.4,12,长期阴跌,,53,0,0
185,Desert Eagle | Mudder (Factory New),38.9,35.4,354,29,0.0819,0.91,steamdt-live,40.64,72,39.62,121,,7,6,9,2,10,10,6,3,-0.04878048780487809,-0.002564102564102555,-0.05311778290993063,-0.051219512195122,0.09953703703703709,0.0,0.13363028953229394,-0.13363028953229394,-0.5075949367088608,0.37,8,长期阴跌,,53,0,0
186,M4A1-S | Atomic Alloy (Factory New),969.5,961.0,606,45,0.0743,0.9912,steamdt-live,992.14,101,974.04,96,,7,15,12,2,8,2,2,5,-0.004042445679636186,-0.016742770167427756,-0.027996070726915567,-0.02071753410813537,0.048133595284872266,0.0,0.05989871354560805,-0.04944084755738665,-0.13866666666666672,0.4,8,可能加速下跌,,53,0,0
187,Desert Eagle | Conspiracy (Factory New),142.7,140.0,1394,65,0.0466,0.9811,steamdt-live,143.0,800,142.46,294,,3,12,15,2,2,10,4,5,-0.018576936558009183,0.01757142857142857,0.018928571428571406,-0.0013319313003855582,0.0020315236427319583,0.05525925925925934,0.014117647058823457,-0.00579244887989383,-0.13921450151057402,0.4,8,回撤不明显,,53,0,0
188,AK-47 | Blue Laminate (Factory New),167.0,161.0,1194,42,0.0352,0.9641,steamdt-live,169.0,683,170.0,373,,3,12,15,2,10,4,4,3,-0.0022172949002217113,-0.023391812865497075,-0.05225902781618108,-0.025557241218345128,0.07545811880639985,0.0005991611743558778,0.09485094850948506,-0.08593322386425828,-0.33354617287892097,0.38,14,长期阴跌,,53,0,0
189,★ Specialist Gloves | Big Swell (Field-Tested),1137.48,1610.0,118,34,0.2881,1.4154,steamdt-live,1145.0,133,1141.0,101,"溢价求购:买一高于卖一,多为定向收特定图案,买一价不可作退出价",17,0,7,5,2,10,6,5,0.008389380530973378,-0.001755186576333112,-0.011373578302712128,0.006619469026548641,0.00613368283093052,0.006619469026548641,0.009155132013345058,-0.009155132013345058,-0.04252525252525252,0.15,3,回撤不明显,买一异常溢价(不作为可成交退出价),52,0,0
190,★ Sport Gloves | Blaze (Field-Tested),727.0,1000.0,107,26,0.243,1.3755,steamdt-live,733.33,113,730.7,52,"溢价求购:买一高于卖一,多为定向收特定图案,买一价不可作退出价",17,0,7,5,2,10,6,5,0.006896551724137945,-0.004109589041095929,-0.0095628415300546,0.0027586206896552667,0.006830601092896127,0.015363128491620026,0.009536784741144388,0.011126564673157091,-0.10269069365588746,0.4,11,回撤不明显,买一异常溢价(不作为可成交退出价),52,0,0
191,★ Driver Gloves | Convoy (Minimal Wear),3099.0,3040.0,127,30,0.2362,0.981,steamdt-live,3487.38,33,3157.11,42,,17,12,7,5,10,1,0,0,-0.00568183611690698,-0.016187352975723712,-0.02477474010842029,-0.02177721520585596,0.04505409511248892,0.03299999999999992,0.0850282994635354,-0.06090909090909091,-0.2708235294117647,0.22,8,可能加速下跌,,52,0,0
192,★ Sport Gloves | Frosty (Field-Tested),1124.0,1650.0,179,41,0.2291,1.468,steamdt-live,1137.5,190,1139.49,109,"溢价求购:买一高于卖一,多为定向收特定图案,买一价不可作退出价",17,0,7,5,2,10,6,5,0.001790510295434089,0.0044682752457552155,-0.010628875110717417,0.006266786034019756,0.004428697962798989,0.008071748878923701,0.012302284710017597,0.01352569882777277,-0.07305085025317914,0.4,10,回撤不明显,买一异常溢价(不作为可成交退出价),52,0,0
193,USP-S | Para Green (Factory New),217.5,204.0,178,24,0.1348,0.9379,steamdt-live,231.16,96,230.45,96,,11,9,7,2,10,10,3,0,-0.0950450049015239,0.07095376434093259,-0.0326307168412433,-0.030835041440156807,0.05840079657128017,0.07095376434093259,0.11376415940021178,-0.11376415940021178,-0.412257471761336,0.17,8,长期阴跌,,52,0,0
194,AWP | Electric Hive (Factory New),486.0,463.0,479,34,0.071,0.9527,steamdt-live,507.3,219,488.43,188,,7,9,9,2,10,6,4,5,0.005844287158746075,-0.02289953557570512,-0.048104872086084494,-0.01718907987866536,0.06444906444906451,0.0,0.08756383298287773,-0.08006814310051102,-0.3032258064516129,0.4,9,长期阴跌,,52,0,0
195,Five-SeveN | Copper Galaxy (Factory New),108.9,106.0,601,35,0.0582,0.9734,steamdt-live,125.0,110,110.03,164,,3,12,12,2,10,8,2,3,0.0,-0.014479638009049722,-0.09255153157592177,-0.014479638009049722,0.10569105691056901,0.009267840593141896,0.11779001944264411,-0.01980198019801971,-0.38478052087452685,0.4,12,长期阴跌,,52,0,0
196,USP-S | Cyrex (Factory New),211.29,208.0,3292,171,0.0519,0.9844,steamdt-live,209.0,424,211.07,531,,3,12,15,2,10,10,0,0,-0.0488372093023256,0.017114914425427896,-0.016018306636155555,-0.032558139534883734,0.058951273582771524,0.055837563451776706,0.11677282377919318,-0.0948651000870322,-0.44680851063829785,0.4,17,长期阴跌,,52,0,0
197,Glock-18 | Nuclear Garden (Factory New),246.0,243.0,2637,111,0.0421,0.9878,steamdt-live,245.0,312,249.4,304,,3,12,15,2,10,10,0,0,-0.05882352941176472,0.02083333333333326,-0.019230769230769273,-0.039215686274509776,0.05769230769230771,0.027253668763102645,0.12381088620270364,-0.10798805796257194,-0.39207463834644296,0.4,18,长期阴跌,,52,0,0
198,AWP | Wildfire (Factory New),945.0,936.0,525,82,0.1562,0.9905,steamdt-live,985.0,159,970.0,162,,14,15,12,2,8,0,0,0,-0.012696800406297615,-0.02777777777777779,-0.011049723756906049,-0.04012188928390048,0.051204819277108404,0.005319148936170137,0.07804878048780484,-0.04497220818595249,-0.142055616585109,0.4,13,可能加速下跌,,51,0,0
199,M4A4 | Neo-Noir (Factory New),620.0,601.0,947,43,0.0454,0.9694,steamdt-live,655.0,259,630.61,217,,3,12,15,2,10,2,4,3,-0.012598425196850394,-0.011164274322169043,-0.02905198776758411,-0.023622047244094446,0.05631659056316596,0.0,0.08675799086757985,-0.06906906906906907,-0.17112299465240643,0.4,18,暂未减速,,51,0,0
200,★ Bloodhound Gloves | Snakebite (Field-Tested),1188.0,1160.0,227,44,0.1938,0.9764,steamdt-live,1279.9,18,1199.5,92,,14,12,7,5,8,0,4,0,-0.005079568936419032,-0.016963177492759662,-0.00436069148107765,-0.021956580799723402,0.02622152640595421,0.0,0.07878411910669969,-0.009694655852221179,-0.24234693877551017,0.4,9,可能加速下跌,,50,0,0
201,★ Bloodhound Gloves | Bronzed (Field-Tested),1299.0,1280.0,258,46,0.1783,0.9854,steamdt-live,1399.0,16,1296.82,70,,14,12,9,5,10,0,0,0,0.002952029520295163,-0.0457542310522443,-0.03214285714285714,-0.04293726937269382,0.0737000000000001,0.005676618844513426,0.12288129861345964,-0.12288129861345964,-0.2710399100618325,0.17,9,可能加速下跌,,50,0,0
202,★ Driver Gloves | Crimson Weave (Minimal Wear),7639.49,7020.0,148,26,0.1757,0.9189,steamdt-live,7754.08,25,7633.17,28,,14,6,7,5,8,10,0,0,-0.014377796572283108,0.012356763925729375,-0.0013067885117493683,-0.0021986956845694294,0.003502610966057418,0.10633669106457,0.058853338265211774,-0.03377594936708861,-0.24573418972332017,0.26,10,回撤不明显,,50,0,0
203,AK-47 | Frontside Misty (Factory New),749.0,730.0,407,64,0.1572,0.9746,steamdt-live,750.0,98,738.56,173,,14,12,9,2,8,3,2,0,-0.0209150326797386,-0.013938584779706331,-0.02361199744735165,-0.034562091503268055,0.05675606641123887,0.008961748633879774,0.07448621553884716,-0.0395838751625488,-0.20155675675675677,0.4,16,可能加速下跌,,50,0,0
204,★ Moto Gloves | Boom! (Minimal Wear),3050.0,3000.0,158,22,0.1392,0.9836,steamdt-live,3400.0,24,3198.37,52,,11,12,7,5,10,0,0,5,-0.009950310713707555,-0.05031446540880502,0.010336258689566336,-0.05976413155830085,0.07229352387154653,0.0,0.10491997628927086,-0.10491997628927086,-0.3057471264367816,0.4,5,长期阴跌,,50,0,0
205,★ Hydra Gloves | Mangrove (Field-Tested),173.7,168.0,118,14,0.1186,0.9672,steamdt-live,172.99,123,175.62,329,,11,12,7,5,4,0,6,5,0.0028193325661678426,-0.007458832979516772,-0.001034601678353675,-0.004660529344073683,0.01877481565513328,0.017588235294117682,0.022655367231638412,-0.01877481565513328,-0.06713761863675571,0.4,5,可能加速下跌,,50,0,0
206,★ Moto Gloves | Smoke Out (Field-Tested),672.0,900.0,315,32,0.1016,1.3393,steamdt-live,675.0,310,674.8,152,"溢价求购:买一高于卖一,多为定向收特定图案,买一价不可作退出价",11,0,9,5,4,10,6,5,-0.008142116950407119,0.0029850746268655914,-0.0022156573116691725,-0.005181347150259086,0.00811808118081181,0.018181818181818077,0.017974572555896517,-0.017831043554516257,-0.08201737609966664,0.4,10,回撤不明显,买一异常溢价(不作为可成交退出价),50,0,0
207,P250 | Crimson Kimono (Factory New),143.12,134.0,149,13,0.0872,0.9363,steamdt-live,141.75,61,145.87,107,,7,9,7,2,4,10,6,5,0.02532007724769314,-0.011161492849668608,-0.028759986106286828,0.013875974536871505,0.015283084404306924,0.013875974536871505,0.028244327140604653,-0.028244327140604653,-0.35111009384298464,0.4,5,长期阴跌,,50,0,0
208,Desert Eagle | Trigger Discipline (Factory New),40.9,37.4,699,36,0.0515,0.9144,steamdt-live,37.2,437,37.82,377,,3,6,12,2,10,10,2,5,-0.02110817941952503,0.0026954177897573484,-0.0026315789473684292,-0.01846965699208436,0.021052631578947323,0.03333333333333344,0.10101498308361523,-0.06999999999999995,-0.4063198212575805,0.3,12,长期阴跌,,50,0,0
209,M4A1-S | Fizzy POP (Factory New),68.0,66.0,3125,58,0.0186,0.9706,steamdt-live,68.0,453,67.15,516,,3,12,15,2,10,1,4,3,-0.01571428571428568,-0.02539912917271403,-0.05277401894451972,-0.04071428571428559,0.09768879333512492,0.023004265691651593,0.15523965278651386,-0.1422914803934091,-0.4725058915946583,0.4,11,长期阴跌,,50,0,0
210,AWP | Sovereign Flame (Factory New),2997.5,2820.0,18,30,1.6667,0.9408,steamdt-live,3050.0,14,3138.94,42,,20,9,2,2,0,10,6,0,-0.009497996940288078,0.026544611454148992,-0.007410774410774534,0.016794493875488037,0.0,0.026544611454148992,0.00016677785190122307,-0.00016677785190122307,-0.02281988590057049,0.36,4,回撤不明显,,49,0,0
211,★ Hand Wraps | Badlands (Minimal Wear),2844.0,2760.0,156,35,0.2244,0.9705,steamdt-live,2800.0,20,2888.88,53,,17,12,7,5,8,0,0,0,0.0,0.0,-0.04436860068259385,0.0,0.05084745762711862,0.0,0.06651108518086346,-0.032815198618307395,-0.14828897338403046,0.4,0,价格更新稀疏,,49,0,0
212,Desert Eagle | Mecha Industries (Factory New),163.8,157.0,1233,111,0.09,0.9585,steamdt-live,159.48,364,159.1,210,,7,9,15,2,4,10,2,0,-0.009518909184460966,0.0331168831168831,0.038610554442217726,0.0232827373295601,0.0,0.06778523489932886,0.02987804878048783,0.0198717948717948,-0.18010821953104883,0.4,15,回撤不明显,,49,0,0
213,USP-S | Printstream (Factory New),626.0,621.0,497,34,0.0684,0.992,steamdt-live,631.39,403,646.0,146,,7,15,9,2,4,3,4,5,-0.0038071065989847552,-0.0031847133757961776,-0.010361067503924737,-0.006979695431472033,0.017268445839874413,0.0016000000000000458,0.020344287949921713,-0.018501097522734322,-0.07464892830746495,0.4,15,暂未减速,,49,0,0
214,Tec-9 | Isaac (Factory New),103.0,84.0,246,13,0.0528,0.8155,steamdt-live,99.62,86,102.06,155,,3,3,7,2,10,13,6,5,-0.007667031763417431,-0.0024081878386513766,-0.02495145631067952,-0.010056755949417573,0.04274985557481226,0.0,0.09601745771958536,-0.09601745771958536,-0.4429315851403597,0.4,5,长期阴跌,,49,0,0
215,Galil AR | Rocket Pop (Factory New),53.0,52.0,594,20,0.0337,0.9811,steamdt-live,55.0,250,54.94,252,,3,12,12,2,8,3,4,5,0.0022354694485842153,-0.014869888475836368,-0.01810865191146882,-0.01266766020864385,0.030546917870861612,0.019230769230769162,0.05170871354446238,-0.05170871354446238,-0.2862914085645032,0.27,4,可能加速下跌,,49,0,0
216,AK-47 | Consequence of the Jinn (Factory New),3582.0,3350.0,25,21,0.84,0.9352,steamdt-live,3619.0,23,3608.88,37,,20,9,2,2,4,0,6,5,-0.0022324414715719776,0.0005614540822740377,0.0,-0.0016722408026755842,0.0016722408026755842,0.0064964258418378495,0.018328911885290844,-0.002645134344981259,-0.11446229913473427,0.4,3,回撤不明显,,48,0,0
217,M4A1-S | Fatal Glitch (Factory New),599.5,580.0,36,16,0.4444,0.9675,steamdt-live,599.0,42,599.9,67,,20,12,4,2,4,0,6,0,0.0,-0.0016666666666667052,0.0,-0.0016666666666667052,0.0016666666666667052,0.0,0.02442996742671011,-0.010260901174798942,-0.1140756955023442,0.3,2,回撤不明显,,48,0,0
218,USP-S | Target Acquired (Factory New),2139.5,2080.0,156,33,0.2115,0.9722,steamdt-live,2231.97,53,2209.98,63,,17,12,7,2,8,0,2,0,-0.021783111530064514,-0.02749999999999997,-0.00044888888888894307,-0.04868407596298774,0.049111111111111105,4.674011096161834e-06,0.07780172413793107,-0.07240407543897676,-0.2532286212914485,0.4,4,可能加速下跌,,48,0,0
219,Galil AR | Cerberus (Factory New),950.0,931.0,282,29,0.1028,0.98,steamdt-live,965.64,75,961.11,100,,11,12,9,2,10,1,0,3,-0.005572786393196694,-0.04470133711629587,-0.06236514756374423,-0.05002501250625313,0.10927034278316672,0.0,0.12367328103368713,-0.11551001397298555,-0.3429065743944637,0.4,10,长期阴跌,,48,0,0
220,M4A4 | Temukau (Factory New),603.4,591.0,757,31,0.041,0.9794,steamdt-live,613.0,646,616.0,364,,3,12,12,2,8,2,4,5,-0.0018047579983593298,-0.009040105193951375,-0.013754045307443397,-0.010828547990155868,0.02522231204527081,0.005671392827356181,0.05501567398119123,-0.05338357669963889,-0.14580411158810447,0.24,7,可能加速下跌,,48,0,0
221,USP-S | Desert Tactical (Factory New),18.19,16.9,805,20,0.0248,0.9291,steamdt-live,18.0,137,18.23,283,,3,6,12,2,8,10,2,5,0.0005558643690939391,0.0,-0.02756756756756762,0.0005558643690939391,0.028602266594711323,0.02857142857142847,0.07692307692307687,-0.07692307692307687,-0.5205114544485882,0.4,3,长期阴跌,,48,0,0
222,FAMAS | Decommissioned (Factory New),27.02,21.7,644,15,0.0233,0.8031,steamdt-live,24.57,84,24.43,108,,3,3,12,2,10,10,3,5,0.0160493827160495,-0.010530579181855071,-0.04255319148936165,0.005349794238683092,0.03743104806934594,0.06217391304347819,0.0833020637898686,-0.06038461538461537,-0.5299211083317299,0.4,6,长期阴跌,,48,0,0
223,★ Driver Gloves | Seigaiha (Minimal Wear),991.5,1270.0,24,18,0.75,1.2809,steamdt-live,960.0,34,941.5,36,"溢价求购:买一高于卖一,多为定向收特定图案,买一价不可作退出价",20,0,2,5,4,10,6,0,-0.008947368421052593,0.0,0.007423117709437932,-0.008947368421052593,0.008947368421052593,0.0,0.02737603305785119,-0.01206715634837352,-0.07605495583905786,0.15,2,回撤不明显,买一异常溢价(不作为可成交退出价),47,0,0
224,M4A4 | Dark Operative (Factory New),40.49,38.0,89,27,0.3034,0.9385,steamdt-live,40.3,84,40.58,96,,20,9,4,2,6,0,3,3,0.0,0.00749999999999984,0.05263157894736836,0.00749999999999984,0.009341199606686446,0.06052631578947354,0.03125000000000011,-0.03125000000000011,-0.05708937763219479,0.4,4,回撤不明显,,47,0,0
225,★ Sport Gloves | Pandora's Box (Field-Tested),21885.0,28500.0,427,86,0.2014,1.3023,steamdt-live,21888.0,367,22140.0,94,"溢价求购:买一高于卖一,多为定向收特定图案,买一价不可作退出价",17,0,9,5,0,10,6,0,-0.007512597343105831,0.010108003323179071,-0.0008467400508044287,0.0025194686211635897,0.0,0.010108003323179071,0.0,0.013757643135074993,-0.047981555594223124,0.39,6,回撤不明显,买一异常溢价(不作为可成交退出价),47,0,0
226,Glock-18 | Gold Toof (Factory New),845.0,825.0,533,54,0.1013,0.9763,steamdt-live,883.03,116,870.0,159,,11,12,12,2,10,0,0,0,0.0017241379310344307,-0.03040734366035569,-0.023020774845592396,-0.028735632183908066,0.051094890510948954,0.005952380952380931,0.08648648648648649,-0.06578220011055835,-0.3293650793650794,0.4,16,长期阴跌,,47,0,0
227,AK-47 | Rat Rod (Factory New),473.5,465.0,484,49,0.1012,0.982,steamdt-live,498.88,45,484.09,143,,11,12,9,2,10,1,2,0,-0.0031752577319588138,-0.020601497538576097,-0.030000000000000027,-0.023711340206185594,0.05300000000000005,0.008519701810436597,0.1012451598208185,-0.08606612750680387,-0.2583020050125313,0.4,13,可能加速下跌,,47,0,0
228,AWP | Chromatic Aberration (Factory New),427.0,425.0,296,26,0.0878,0.9953,steamdt-live,448.89,182,449.99,168,,7,15,9,2,6,1,2,5,0.0,-0.01839080459770115,-0.021372328458942658,-0.01839080459770115,0.03937007874015752,0.0,0.044742729306487705,-0.045810055865921795,-0.11800549439200214,0.4,3,可能加速下跌,,47,0,0
229,M4A4 | X-Ray (Factory New),845.0,838.0,1091,65,0.0596,0.9917,steamdt-live,874.14,250,842.9,247,,3,15,15,2,10,0,2,0,-0.009205175174829217,-0.019883720930232607,-0.023633295838020207,-0.02890586297077158,0.05235702159713096,0.002283050726533231,0.08380434782608703,-0.05292134831460682,-0.2739879414298019,0.4,15,可能加速下跌,,47,0,0
230,M4A1-S | Decimator (Factory New),268.4,262.0,1136,65,0.0572,0.9762,steamdt-live,278.0,336,276.65,341,,3,12,15,2,8,2,2,3,-0.001814882032667886,-0.024000000000000132,-0.033333333333333326,-0.025771324863883893,0.05824561403508777,0.0,0.07766323024054989,-0.07224334600760463,-0.21288014311270131,0.4,12,可能加速下跌,,47,0,0
231,AWP | POP AWP (Factory New),198.4,194.0,1297,63,0.0486,0.9778,steamdt-live,205.95,326,202.24,310,,3,12,15,2,10,0,0,5,-0.014423076923076872,-0.03219512195121943,-0.05022831050228316,-0.0461538461538461,0.09402255810767612,0.0,0.14626274796677996,-0.11822222222222223,-0.4328349675538149,0.36,12,长期阴跌,,47,0,0
232,M4A4 | Magnesium (Factory New),36.99,35.1,1280,46,0.0359,0.9489,steamdt-live,37.0,514,37.26,238,,3,9,15,2,8,3,2,5,0.00773333333333337,-0.0235512040222281,-0.0234375,-0.016000000000000014,0.0390625,0.05428571428571427,0.06935687263556112,-0.07052896725440816,-0.31028037383177576,0.2,5,长期阴跌,,47,0,0
233,M4A4 | Falak (Factory New),853.48,844.0,69,40,0.5797,0.9889,steamdt-live,865.5,55,863.46,104,,20,12,4,2,6,0,2,0,-0.00626372356408178,-0.011489975345396974,-0.008820160366552199,-0.017681728880157066,0.026345933562428425,0.0,0.0427927927927928,-0.0427927927927928,-0.1014704172348545,0.4,15,可能加速下跌,,46,0,0
234,AK-47 | Jet Set (Factory New),5798.91,4210.0,12,5,0.4167,0.726,steamdt-live,5833.91,8,6156.0,12,,20,1,2,2,10,0,6,5,0.008697300879644931,0.0,-0.0017364397082086924,0.008697300879644931,0.00625491610700879,0.008697300879644931,0.08898231193767481,-0.08801807950831786,-0.265495883470551,0.24,2,回撤不明显,,46,0,0
235,USP-S | Spiral Glitch (Factory New),499.5,480.0,39,16,0.4103,0.961,steamdt-live,507.5,46,499.9,66,,20,12,4,2,6,0,2,0,-0.0009432479169941832,-0.017505900865460222,-0.001804629266379032,-0.018432636377928024,0.020204001569242847,0.0,0.03846153846153855,-0.03846153846153855,-0.08797107800175274,0.4,3,可能加速下跌,,46,0,0
236,Desert Eagle | Eastern Enigma (Factory New),402.5,391.0,75,27,0.36,0.9714,steamdt-live,409.28,68,405.6,125,,20,12,4,2,6,0,2,0,0.0,-0.015603600078262558,-0.00029339853300736074,-0.015603600078262558,0.02282107307598924,0.0,0.03361344537815125,-0.02864589617974278,-0.125,1.4,10,可能加速下跌,,46,0,0
237,M4A1-S | Hyper Beast (Factory New),1787.49,1730.0,229,53,0.2314,0.9678,steamdt-live,1828.5,59,1813.55,89,,17,12,7,2,8,0,0,0,-0.0005510977867912992,-0.014375041355124685,-0.013289831430125076,-0.0149182170884401,0.02774544465596951,0.021422857142857188,0.06877311799947905,-0.04768779968034098,-0.14269064748201443,0.3,4,可能加速下跌,,46,0,0
238,Glock-18 | Neo-Noir (Factory New),1178.0,1160.0,393,55,0.1399,0.9847,steamdt-live,1180.0,85,1217.33,129,,11,12,9,2,10,0,2,0,-0.023011707710940632,-0.026446280991735516,-0.007612179487179516,-0.04884941461445291,0.04923325262308309,0.0,0.09349749903809157,-0.052620573735554066,-0.21385431612666428,0.34,6,可能加速下跌,,46,0,0
239,USP-S | The Traitor (Factory New),635.98,613.0,315,43,0.1365,0.9639,steamdt-live,639.5,85,648.0,112,,11,12,9,2,8,0,4,0,-0.005439089962547938,-0.00626572290192029,-0.00848998459167949,-0.011670733033924408,0.02006163328197219,0.0,0.0507761194029851,-0.03636473832540377,-0.2281796116504854,0.4,13,暂未减速,,46,0,0
240,★ Hydra Gloves | Case Hardened (Minimal Wear),510.0,526.0,130,17,0.1308,1.0314,steamdt-live,525.5,115,543.32,86,,11,15,7,5,8,0,0,0,-0.01682281210498937,-0.01779130664952444,-0.0018924635422464808,-0.034314818945646586,0.036142342944079586,0.01862745098039209,0.050274223034734944,-0.03078358208955223,-0.12583294070135287,0.2,12,可能加速下跌,,46,0,0
241,Desert Eagle | Naga (Factory New),162.28,154.0,297,36,0.1212,0.949,steamdt-live,175.0,63,163.0,123,,11,9,9,2,10,0,2,3,-0.021792908469784322,-0.02288053949903668,-0.04687587716836017,-0.0441748144657792,0.08528267854123217,0.0,0.11317558336521127,-0.0958324047247604,-0.3376326530612245,0.27,19,长期阴跌,,46,0,0
242,FAMAS | Meltdown (Factory New),443.89,412.0,158,17,0.1076,0.9282,steamdt-live,449.94,69,446.61,98,,11,6,7,2,10,8,2,0,-0.05426535802105881,-0.013555856796817811,-0.005538603018016119,-0.067085601395515,0.07132097577304497,0.008840909090908955,0.11874131427436962,-0.11874131427436962,-0.4034217670617961,0.29,7,长期阴跌,,46,0,0
243,FAMAS | Cyanospatter (Factory New),34.99,33.8,292,29,0.0993,0.966,steamdt-live,36.36,67,37.14,84,,7,12,9,2,10,1,0,5,-0.00838290968090849,-0.05126806653940552,-0.08420009905894021,-0.059221200648999384,0.13843486874690447,0.0,0.20751708428246018,-0.20751708428246018,-0.5645262235573913,0.4,6,长期阴跌,,46,0,0
244,★ Driver Gloves | Overtake (Field-Tested),255.5,341.0,239,23,0.0962,1.3346,steamdt-live,256.91,217,265.0,191,"溢价求购:买一高于卖一,多为定向收特定图案,买一价不可作退出价",7,0,7,5,6,10,6,5,-0.005847953216374324,0.0019607843137254832,-0.005813953488372103,-0.003898635477582846,0.007381507381507335,0.030241935483870996,0.032196969696969724,-0.015338369045783895,-0.11551909163291452,0.4,9,回撤不明显,买一异常溢价(不作为可成交退出价),46,0,0
245,M4A1-S | Vaporwave (Factory New),945.0,939.0,544,44,0.0809,0.9937,steamdt-live,956.5,223,970.0,145,,7,15,12,2,6,0,4,0,-0.0021910283156338917,-0.007144358058415623,-0.005318095079197893,-0.009319732883246501,0.014588264736858592,0.0,0.03963414634146345,-0.020725388601036232,-0.17826086956521736,0.4,9,暂未减速,,46,0,0
246,Glock-18 | Ramese's Reach (Factory New),378.99,376.0,534,42,0.0787,0.9921,steamdt-live,396.96,103,400.57,180,,7,15,12,2,10,0,0,0,-0.015063034161257205,-0.038118988243676544,-0.002500062501562539,-0.05260783478282671,0.07352941176470584,0.0,0.11058823529411765,-0.10426540284360186,-0.3057723741482855,0.16,12,长期阴跌,,46,0,0
247,M4A1-S | Basilisk (Factory New),163.5,161.0,588,46,0.0782,0.9847,steamdt-live,174.17,191,171.53,191,,7,12,12,2,10,0,0,3,-0.029645046970805056,-0.05217391304347829,-0.046809651474530756,-0.08027226191145864,0.12096774193548387,0.006153846153846176,0.14572339202675155,-0.12920749893481032,-0.3241008681273253,0.39,16,长期阴跌,,46,0,0
248,Tec-9 | Toxic (Factory New),149.0,143.0,235,18,0.0766,0.9597,steamdt-live,163.16,84,149.96,107,,7,9,7,2,10,9,2,0,-0.04458598726114649,-0.00666666666666671,-0.024844720496894457,-0.05095541401273884,0.07453416149068326,0.013605442176870763,0.14362894419219496,-0.13862874320730711,-0.4156862745098039,0.31,6,长期阴跌,,46,0,0
249,USP-S | Monster Mashup (Factory New),471.0,468.0,609,44,0.0722,0.9936,steamdt-live,479.0,166,475.0,185,,7,15,12,2,10,0,0,0,-0.004089979550102263,-0.03285420944558526,-0.024925224327018936,-0.036809815950920255,0.05988023952095811,0.0021276595744681437,0.09405654933641083,-0.07556427870461235,-0.26163975544756224,0.4,11,可能加速下跌,,46,0,0
250,M4A1-S | Leaded Glass (Factory New),276.0,271.0,1124,74,0.0658,0.9819,steamdt-live,276.66,238,285.58,216,,7,12,15,2,10,0,0,0,-0.016291161178509483,-0.02748414376321362,-0.015022191874359825,-0.04332755632582319,0.0576988733356093,0.022222222222222143,0.10351771851755609,-0.08760330578512399,-0.19533527696793007,0.4,12,可能加速下跌,,46,0,0
251,M4A4 | The Battlestar (Factory New),536.0,528.0,689,43,0.0624,0.9851,steamdt-live,568.73,91,556.5,200,,7,12,12,2,10,0,0,3,-0.017857142857142905,-0.025454545454545507,-0.01581722319859402,-0.042857142857142816,0.05799648506151145,0.0018691588785046953,0.09152542372881356,-0.07426597582037997,-0.2596685082872928,0.4,10,可能加速下跌,,46,0,0
252,Glock-18 | Warhawk (Factory New),37.37,33.3,427,21,0.0492,0.8911,steamdt-live,39.8,77,37.59,235,,3,6,9,2,10,7,4,5,-0.0028954988154777928,-0.013463569165786837,-0.06197530864197531,-0.016320084232692933,0.07500000000000007,0.0,0.12646096306685373,-0.12646096306685373,-0.4272796934865901,0.39,7,长期阴跌,,46,0,0
253,Glock-18 | AXIA (Factory New),291.0,284.0,695,33,0.0475,0.9759,steamdt-live,299.9,266,302.99,573,,3,12,12,2,6,0,6,5,0.006908462867012188,-0.0017152658662092923,-0.006861063464837058,0.005181347150259086,0.0068259385665528916,0.006920415224913601,0.044334975369458074,-0.026755852842809347,-0.19166666666666665,0.4,10,回撤不明显,,46,0,0
254,Tec-9 | Ossified (Factory New),64.27,60.0,559,23,0.0411,0.9336,steamdt-live,71.4,60,64.89,187,,3,9,12,2,10,8,2,0,-0.03710299792223215,-0.009401972872996267,-0.046554407810952436,-0.04615612941525671,0.09056176595443621,0.004218749999999938,0.16282401979940087,-0.11922707962176238,-0.5235730170496664,0.4,7,长期阴跌,,46,0,0
255,M4A1-S | Liquidation (Factory New),59.9,57.0,1210,28,0.0231,0.9516,steamdt-live,60.93,557,60.55,250,,3,9,15,2,6,0,6,5,-0.004644990046449915,-0.0016666666666667052,-0.005280528052805322,-0.006303915063039178,0.016420361247947435,0.015426343448041946,0.03387096774193554,-0.0180327868852459,-0.0590637763116556,0.34,7,暂未减速,,46,0,0
256,USP-S | Guardian (Factory New),31.5,27.7,1189,18,0.0151,0.8794,steamdt-live,31.35,660,32.9,510,,3,3,15,2,10,4,4,5,-0.006249999999999978,-0.014150943396226356,-0.05044510385756684,-0.020312499999999956,0.06973293768545996,0.0,0.09913793103448265,-0.055438385055739614,-0.35626283367556466,0.4,4,长期阴跌,,46,0,0
257,MP9 | Wild Lily (Factory New),16000.0,15990.0,30,9,0.3,0.9994,steamdt-live,15999.39,27,17211.83,26,,20,15,4,2,4,0,0,0,0.0,0.0,-0.012383333333333413,0.0,3.8124999999999964e-05,0.0,0.024427439024390263,0.00628258750275168,-0.030222451206206813,0.2,0,价格更新稀疏,,45,0,0
258,Tec-9 | Decimator (Factory New),699.0,642.0,200,52,0.26,0.9185,steamdt-live,779.9,53,729.6,48,,17,6,7,2,10,3,0,0,-0.01388888888888884,-0.015492957746478853,-0.05759162303664922,-0.029166666666666674,0.08507853403141363,0.046407185628742464,0.17647474640370409,-0.14756097560975612,0.11840000000000006,0.4,13,暂未减速,,45,0,0
259,M4A4 | Poseidon (Factory New),8500.0,8650.0,219,31,0.1416,1.0176,steamdt-live,8600.0,107,8639.5,80,,11,15,7,2,10,0,0,0,-0.02630225713629253,-0.04494634530029773,-0.006395448067287535,-0.07006641210516518,0.07577965290765953,0.005917509911829155,0.10531578947368425,-0.08602613043712026,-0.29170833333333335,0.2,6,可能加速下跌,,45,0,0
260,M4A1-S | Hot Rod (Factory New),8266.0,8400.0,323,41,0.1269,1.0162,steamdt-live,8528.5,180,8420.0,130,,11,15,9,2,6,0,2,0,-0.0007147962830593713,-0.014544587505960882,-0.005273449072702441,-0.015248987371932365,0.0204420216863187,0.0019393939393939075,0.03324464196953303,-0.027414989998823414,-0.16976022884324882,0.4,7,可能加速下跌,,45,0,0
261,AK-47 | B the Monster (Factory New),2259.9,2230.0,520,53,0.1019,0.9868,steamdt-live,2268.0,268,2288.0,168,,11,12,12,2,6,0,2,0,-0.0068360634593060965,-0.021688311688311646,-0.004536700192595777,-0.02837611247259131,0.03294963413068597,0.0043999999999999595,0.037931034482758585,-0.010984682713347849,-0.13744274809160306,0.39,10,可能加速下跌,,45,0,0
262,Galil AR | Black Sand (Factory New),77.85,75.0,563,34,0.0604,0.9634,steamdt-live,73.0,221,78.44,121,,7,12,12,2,10,0,2,0,-0.03989656446250456,-0.03821982813902791,-0.065370008056163,-0.07659155276443785,0.1357612077907111,0.027260273972602667,0.18302647347205592,-0.13506343713956181,-0.4486029411764706,0.23,9,长期阴跌,,45,0,0
263,AWP | Sun in Leo (Factory New),455.9,444.0,1195,57,0.0477,0.9739,steamdt-live,459.99,459,471.5,300,,3,12,15,2,10,1,2,0,-0.018220338983050866,-0.016184721622788056,-0.03179487179487184,-0.034110169491525455,0.06193415637860089,0.017633928571428426,0.09901185770750998,-0.0872690143946826,-0.2887675507020281,0.4,15,暂未减速,,45,0,0
264,FAMAS | Faulty Wiring (Factory New),17.6,16.5,469,18,0.0384,0.9375,steamdt-live,18.44,77,18.69,136,,3,9,9,2,10,3,4,5,-0.008908685968819552,-0.011235955056179692,-0.03492745835572264,-0.020044543429844075,0.05427189682966138,0.03529411764705892,0.19999999999999996,-0.2036199095022624,-0.5267545038988974,0.38,12,长期阴跌,,45,0,0
265,MP9 | Ruby Poison Dart (Factory New),29.94,28.0,562,20,0.0356,0.9352,steamdt-live,29.0,243,28.11,279,,3,9,12,2,8,0,6,5,-0.0035323207347226493,-0.0035448422545196756,0.03358890105878043,-0.00706464146944541,0.007415254237288171,0.029670329670329565,0.06268756252084029,-0.030689655172413843,-0.28997221520586014,0.3,2,回撤不明显,,45,0,0
266,★ Driver Gloves | Seigaiha (Field-Tested),481.0,671.0,59,21,0.3559,1.395,steamdt-live,493.5,81,495.0,42,"溢价求购:买一高于卖一,多为定向收特定图案,买一价不可作退出价",20,0,4,5,4,0,6,5,0.0,0.0031282586027112647,-0.007246376811594235,0.0031282586027112647,0.008247422680412342,0.006276150627614996,0.027300303336703746,-0.026709834075273164,-0.06473001613875429,0.4,3,回撤不明显,买一异常溢价(不作为可成交退出价),44,0,0
267,★ Sport Gloves | Creme Pinstripe (Field-Tested),524.99,764.0,106,28,0.2642,1.4553,steamdt-live,543.99,103,533.9,72,"溢价求购:买一高于卖一,多为定向收特定图案,买一价不可作退出价",17,0,7,5,4,0,6,5,0.0,-1.904761904758523e-05,0.021400778210116655,-1.904761904758523e-05,0.007580340264650265,0.0344630541871922,0.02779629629629632,-0.022364990689012987,-0.0789649122807018,0.4,6,回撤不明显,买一异常溢价(不作为可成交退出价),44,0,0
268,★ Specialist Gloves | Cloud Chaser (Field-Tested),2740.0,3800.0,157,33,0.2102,1.3869,steamdt-live,2739.5,151,2764.89,70,"溢价求购:买一高于卖一,多为定向收特定图案,买一价不可作退出价",17,0,7,5,4,0,6,5,-0.0018181818181818299,-0.002003642987249532,-0.007936507936507908,-0.0038181818181818317,0.01810035842293911,0.0,0.01810035842293911,-0.006347479143997137,-0.03877192982456146,0.15,4,暂未减速,买一异常溢价(不作为可成交退出价),44,0,0
269,★ Broken Fang Gloves | Jade (Field-Tested),417.0,507.0,125,25,0.2,1.2158,steamdt-live,427.0,118,435.0,86,"溢价求购:买一高于卖一,多为定向收特定图案,买一价不可作退出价",17,0,7,5,4,0,6,5,0.0,0.0011976047904191933,-0.0035799522673031214,0.0011976047904191933,0.0023866348448687846,0.0036014405762305746,0.021077283372365363,-0.014150943396226467,-0.035532994923857864,0.4,7,回撤不明显,买一异常溢价(不作为可成交退出价),44,0,0
270,AWP | LongDog (Factory New),2700.0,2660.0,334,41,0.1228,0.9852,steamdt-live,2765.0,125,2839.5,177,,11,12,9,2,10,0,0,0,-0.004218874802515038,-0.04593639575971731,-0.03232956750904015,-0.04996147065964329,0.07943770691342278,0.0,0.09157282389634513,-0.08147644157169587,-0.30510158385364927,0.36,13,长期阴跌,,44,0,0
271,Tec-9 | Fuel Injector (Factory New),251.0,243.0,420,45,0.1071,0.9681,steamdt-live,273.0,146,259.99,172,,11,12,9,2,10,0,0,0,-0.020947176684881552,-0.027131782945736482,-0.029392265193370237,-0.04751062537947781,0.07550644567219156,0.008032128514056325,0.1223776223776224,-0.1223776223776224,-0.19679999999999997,0.4,15,可能加速下跌,,44,0,0
272,Tec-9 | Brother (Factory New),19.1,17.9,227,23,0.1013,0.9372,steamdt-live,18.63,166,17.49,1330,,11,9,7,2,4,2,4,5,0.0,-0.008503401360544394,-0.011210762331838486,-0.008503401360544394,0.019618834080717518,0.0,0.022358859698155542,0.027011156782148937,-0.49842271293375395,0.4,2,长期阴跌,,44,0,0
273,USP-S | Black Lotus (Factory New),143.99,142.0,616,42,0.0682,0.9862,steamdt-live,152.88,133,148.84,173,,7,12,12,2,10,1,0,0,-0.03285245901639333,-0.02712048274459289,-0.04328732747804265,-0.05908196721311465,0.10037617554858924,0.003426573426573487,0.15584186374867626,-0.15584186374867626,-0.3990199363377449,0.4,14,长期阴跌,,44,0,0
274,AWP | Black Nile (Factory New),90.9,88.0,1051,40,0.0381,0.9681,steamdt-live,89.3,258,92.12,394,,3,12,15,2,10,0,2,0,-0.00920411478072547,-0.024043715846994607,-0.014407684098185825,-0.03302652950730911,0.047771379825122695,0.0,0.13485758573919782,-0.12579539892315228,-0.4808139534883721,0.4,13,长期阴跌,,44,0,0
275,Desert Eagle | Sputnik (Factory New),54.0,53.0,2181,68,0.0312,0.9815,steamdt-live,51.78,505,54.84,508,,3,12,15,2,10,2,0,0,-0.044642857142857095,-0.032336448598130785,0.0021474588403722628,-0.07553571428571426,0.09175438596491226,0.03333333333333344,0.1357262103505842,-0.12239362603831161,-0.43593375463063844,0.4,13,长期阴跌,,44,0,0
276,M4A4 | Polysoup (Factory New),132.5,130.0,1262,30,0.0238,0.9811,steamdt-live,132.0,289,139.7,430,,3,12,15,2,10,0,2,0,-0.0073800738007380184,-0.022304832713754608,-0.0073260073260073,-0.029520295202952074,0.04014598540145986,0.0,0.08996539792387548,-0.05054151624548742,-0.3046375125588282,0.4,9,长期阴跌,,44,0,0
277,Desert Eagle | Calligraffiti (Factory New),30.9,30.0,1089,16,0.0147,0.9709,steamdt-live,30.6,119,30.1,318,,3,12,15,2,8,0,4,0,-0.011684518013631906,-0.011494252873563093,-0.019414385741565954,-0.023044466082440707,0.0420114576702737,0.0016638935108153063,0.07951070336391441,0.0033333333333334103,-0.3913043478260869,0.7,11,长期阴跌,,44,0,0
278,FAMAS | Bad Trip (Factory New),504.4,472.0,135,31,0.2296,0.9358,steamdt-live,517.0,51,512.31,73,,17,9,7,2,2,0,6,0,0.012315418186165994,-0.007067068249375086,0.036797520661157046,0.005161316035949826,0.007086614173228423,0.04214876033057857,0.007086614173228423,0.04214876033057857,0.01082164328657309,0.4,8,回撤不明显,,43,0,0
279,★ Moto Gloves | Cool Mint (Minimal Wear),6888.0,6590.0,165,29,0.1758,0.9567,steamdt-live,7000.0,37,6864.81,58,,14,9,7,5,8,0,0,0,-0.011652219120489082,-0.018752144082332722,-0.002955154335681942,-0.030185859110995472,0.04256351821969062,0.029824482448244982,0.0576128184677307,-0.04489467115780321,-0.2773503868624664,0.4,9,可能加速下跌,,43,0,0
280,★ Bloodhound Gloves | Charred (Minimal Wear),1534.5,1490.0,125,16,0.128,0.971,steamdt-live,1600.0,18,1540.6,37,,11,12,7,5,8,0,0,0,0.0006149984311265566,-0.03761727961467065,-0.00837606412107339,-0.03702541575149043,0.045115121344119435,0.0,0.05248533497993213,-0.02571428571428569,-0.21689206430211794,0.4,7,可能加速下跌,,43,0,0
281,Desert Eagle | Kumicho Dragon (Factory New),415.48,404.0,505,48,0.095,0.9724,steamdt-live,445.0,118,427.25,149,,7,12,12,2,10,0,0,0,-0.020570125427594066,-0.03259755983980628,-0.006772520328886311,-0.052497149372861984,0.05891413169041204,0.0,0.11222222222222222,-0.08280535994172056,-0.2709342317680915,0.4,11,可能加速下跌,,43,0,0
282,FAMAS | Pulse (Factory New),154.99,146.0,652,56,0.0859,0.942,steamdt-live,155.0,230,154.51,185,,7,9,12,2,10,3,0,0,-0.05228758169934644,-0.03128526645768026,-0.05343082114735653,-0.081937017231135,0.13098987626546688,0.07373175816539246,0.18097005035780556,-0.18097005035780556,-0.3868650793650794,0.28,15,长期阴跌,,43,0,0
283,P250 | Muertos (Factory New),116.88,115.0,268,21,0.0784,0.9839,steamdt-live,123.0,149,127.44,169,,7,12,9,2,8,0,2,3,0.008403361344537785,-0.026000000000000023,-0.016528925619834656,-0.017815126050420238,0.041967213114754154,0.0,0.06180767378391394,-0.061204819277108524,-0.32630122773646897,0.4,9,长期阴跌,,43,0,0
284,M4A4 | 龍王 (Dragon King) (Factory New),349.0,338.0,829,58,0.07,0.9685,steamdt-live,360.0,200,358.61,194,,7,12,12,2,10,0,0,0,-0.008264462809917328,-0.030555555555555558,-0.025477194018631355,-0.038567493112947604,0.06308724832214763,0.011594202898550732,0.08734309623430958,-0.0668449197860963,-0.2022857142857143,0.4,12,可能加速下跌,,43,0,0
285,Desert Eagle | Starcade (Factory New),1156.5,1130.0,604,42,0.0695,0.9771,steamdt-live,1165.99,157,1164.77,177,,7,12,12,2,8,0,2,0,-0.00042893187552561773,-0.02691650750111485,-0.024610336341263306,-0.02733389402859543,0.05166051660516602,0.0,0.0582247557003257,-0.05860805860805862,-0.2721837633731907,0.33,6,可能加速下跌,,43,0,0
286,AK-47 | Baroque Purple (Factory New),387.38,360.0,296,20,0.0676,0.9293,steamdt-live,385.5,100,384.0,145,,7,6,9,2,8,0,6,5,-0.001998598385547723,-0.0013003901170350884,0.003960912052117127,-0.003296389544994338,0.02710919685837343,0.0037378780353922725,0.05651105651105648,-0.040000000000000036,-0.2992700729927007,0.4,2,可能加速下跌,,43,0,0
287,AK-47 | Breakthrough (Factory New),55.0,53.0,405,27,0.0667,0.9636,steamdt-live,53.17,371,53.18,334,,7,12,9,2,10,0,0,3,-0.03658536585365857,-0.03851717902350804,-0.0017391304347826875,-0.0736933797909407,0.09420783645655884,0.0,0.11042328927555634,-0.09219737066757727,-0.20748248621255028,0.4,14,可能加速下跌,,43,0,0
288,MP9 | Rose Iron (Factory New),50.98,48.0,485,20,0.0412,0.9415,steamdt-live,53.77,182,53.5,185,,3,9,9,2,10,3,2,5,-0.014781125639567905,-0.019426812848624797,-0.05751026969101625,-0.03392078832670087,0.0814414414414415,0.009504950495049513,0.12194281777471594,-0.12194281777471594,-0.37965441713312253,0.31,4,长期阴跌,,43,0,0
289,AWP | Neo-Noir (Factory New),320.5,308.0,1032,39,0.0378,0.961,steamdt-live,319.0,616,320.49,278,,3,12,15,2,4,0,2,5,0.009374999999999911,-0.012383900928792602,-0.007751937984496138,-0.0031250000000000444,0.012383900928792602,0.029032258064516148,0.015432098765432056,0.0038707241086319844,-0.07936507936507942,0.4,10,可能加速下跌,,43,0,0
290,USP-S | Forest Leaves (Factory New),24.46,22.5,561,15,0.0267,0.9199,steamdt-live,25.5,96,24.76,111,,3,6,12,2,8,8,4,0,-0.020000000000000018,-0.005714285714285783,-0.029503105590062195,-0.025600000000000067,0.05434782608695665,0.0,0.06307692307692314,-0.06307692307692314,-0.3860887096774194,0.21,13,长期阴跌,,43,0,0
291,★ Specialist Gloves | Lime Polycam (Minimal Wear),3465.0,4640.0,35,40,1.1429,1.3391,steamdt-live,3490.0,42,3488.13,34,"溢价求购:买一高于卖一,多为定向收特定图案,买一价不可作退出价",20,0,4,5,2,0,6,5,0.016426806221834678,-0.008867276887871811,0.011617647058823621,0.0074138682948103884,0.009433962264150941,0.050000000000000044,0.009858551221603062,-0.009858551221603062,-0.09988076342580443,0.4,4,回撤不明显,买一异常溢价(不作为可成交退出价),42,0,0
292,★ Driver Gloves | Brocade Crane (Field-Tested),1054.5,1620.0,76,34,0.4474,1.5363,steamdt-live,1060.0,87,1052.6,57,"溢价求购:买一高于卖一,多为定向收特定图案,买一价不可作退出价",20,0,4,5,2,0,6,5,-0.001324002269718294,-0.003219696969697039,0.011382113821138296,-0.004539436353319659,0.010528294792254256,0.006791009086561273,0.012570356472795585,0.00450433255716276,-0.06758791744175763,0.4,2,可能加速下跌,买一异常溢价(不作为可成交退出价),42,0,0
293,★ Specialist Gloves | Sunburst (Minimal Wear),2185.0,2540.0,54,20,0.3704,1.1625,steamdt-live,2159.99,47,2196.09,20,"溢价求购:买一高于卖一,多为定向收特定图案,买一价不可作退出价",20,0,4,5,4,0,4,5,-0.0009211732355638436,-0.009174354010798247,-0.0011444266422522276,-0.010087076076993662,0.011219958800640972,0.0046465116279068575,0.018186363636363723,-0.018186363636363723,-0.029217977528089967,0.4,2,可能加速下跌,买一异常溢价(不作为可成交退出价),42,0,0
294,★ Sport Gloves | Frosty (Minimal Wear),2386.0,3110.0,47,17,0.3617,1.3034,steamdt-live,2398.5,51,2424.0,27,"溢价求购:买一高于卖一,多为定向收特定图案,买一价不可作退出价",20,0,4,5,4,0,6,3,-0.003963287442636632,-0.0006282722513089034,-0.0008336807002917723,-0.004589069670421386,0.005418924551896631,0.0025210084033613356,0.02173021730217306,-0.022331489448883413,-0.04157076348971067,0.15,3,回撤不明显,买一异常溢价(不作为可成交退出价),42,0,0
295,Galil AR | Tornado (Factory New),144.99,119.0,32,8,0.25,0.8207,steamdt-live,150.0,21,144.88,50,,17,3,4,2,10,1,2,3,-0.006720430107526876,-0.019756427604871507,-0.032383925087787646,-0.02634408602150551,0.05787488620106651,0.0,0.11588454262525183,-0.07936709665120423,-0.2293207085483271,0.4,4,可能加速下跌,,42,0,0
296,P250 | Lotus Imprint (Factory New),82.57,79.0,73,18,0.2466,0.9568,steamdt-live,84.4,75,83.85,75,,17,9,4,2,4,0,6,0,-0.002530120481927689,-0.0026573257639813663,0.0024154589371980784,-0.005180722891566347,0.005180722891566347,0.0,0.020521945432977473,-0.01935866983372936,0.00818070818070793,0.2,4,回撤不明显,,42,0,0
297,★ Broken Fang Gloves | Yellow-banded (Minimal Wear),433.8,504.0,108,21,0.1944,1.1618,steamdt-live,434.5,57,460.0,61,"溢价求购:买一高于卖一,多为定向收特定图案,买一价不可作退出价",14,0,7,5,4,10,2,0,0.013712296983758865,-0.005516010162275986,-0.015757022151176026,0.008120649651972123,0.007764329755651889,0.03452380952380962,0.020293122886133053,-0.01807909604519775,-0.113265306122449,0.16,15,回撤不明显,买一异常溢价(不作为可成交退出价),42,0,0
298,Five-SeveN | Fowl Play (Factory New),464.55,442.0,144,28,0.1944,0.9515,steamdt-live,489.0,47,458.0,55,,14,9,7,2,10,0,0,0,0.006185567010309256,-0.061475409836065587,-0.03574694818879487,-0.05567010309278353,0.08942701499065575,0.0001965451726320122,0.09306930693069304,0.09047619047619038,-0.0653061224489796,0.4,11,可能加速下跌,,42,0,0
299,★ Moto Gloves | Polygon (Minimal Wear),1060.0,1490.0,132,22,0.1667,1.4057,steamdt-live,1079.0,126,1071.9,58,"溢价求购:买一高于卖一,多为定向收特定图案,买一价不可作退出价",14,0,7,5,2,10,4,0,-0.0056285178236398226,0.0,0.0,-0.0056285178236398226,0.008335594203440988,0.001890359168241984,0.008335594203440988,0.02168674698795181,-0.10623946037099496,0.4,5,回撤不明显,买一异常溢价(不作为可成交退出价),42,0,0
300,M4A4 | Dark Blossom (Factory New),315.5,301.0,252,21,0.0833,0.954,steamdt-live,343.68,99,323.79,130,,7,9,9,2,10,5,0,0,-0.027297321944250275,-0.01403168849026537,-0.04825690727614629,-0.04094598291637541,0.09544425012184987,0.017774766927965313,0.09544425012184987,-0.09492527037493903,-0.35068944227207244,0.4,9,长期阴跌,,42,0,0
301,Glock-18 | Water Elemental (Factory New),271.9,260.0,669,54,0.0807,0.9562,steamdt-live,275.42,279,273.99,329,,7,9,12,2,10,0,2,0,-0.02140242185299912,-0.02194244604316553,-0.01872193436960279,-0.042875246409462164,0.05916955017301051,0.007037037037036953,0.12290322580645163,-0.09937065253395161,-0.3785142857142858,0.27,16,长期阴跌,,42,0,0
302,★ Driver Gloves | Black Tie (Minimal Wear),1864.15,3470.0,317,24,0.0757,1.8614,steamdt-live,1880.0,308,1898.5,70,"溢价求购:买一高于卖一,多为定向收特定图案,买一价不可作退出价",7,0,9,5,2,10,6,3,-0.0006703311435849457,0.0003488060101959345,-0.008111702127659548,-0.0003217589489207251,0.008430851063829792,0.0005420956020480983,0.011061007957559599,-0.006528458750799437,-0.029654576497043283,0.4,10,回撤不明显,买一异常溢价(不作为可成交退出价),42,0,0
303,USP-S | Purple DDPAT (Factory New),151.5,147.0,1035,52,0.0502,0.9703,steamdt-live,148.99,212,152.84,286,,3,12,15,2,10,0,0,0,-0.008560167508313787,-0.07453879122926887,-0.03632047477744815,-0.08246089419879288,0.11578635014836791,0.013537414965986372,0.16222447143499774,-0.16760712888988216,-0.47072824156305504,0.36,12,长期阴跌,,42,0,0
304,AK-47 | Inheritance (Factory New),700.0,691.0,830,38,0.0458,0.9871,steamdt-live,702.0,711,708.0,235,,3,12,12,2,4,0,6,3,-0.000711743772242035,-0.002849002849002802,-0.006364922206506418,-0.003558718861209953,0.011299435028248594,0.0014306151645206988,0.01754385964912286,-0.016853932584269704,-0.11504424778761058,0.4,10,暂未减速,,42,0,0
305,M4A4 | Desert-Strike (Factory New),463.49,451.0,911,41,0.045,0.9731,steamdt-live,470.0,135,467.4,194,,3,12,15,2,8,0,2,0,-0.010492146596858598,-0.019259666871256576,-0.013368597227100931,-0.029549738219895372,0.04252329689856815,0.007369565217391294,0.07874751491053678,-0.07414585414585417,-0.2525967741935484,0.4,14,可能加速下跌,,42,0,0
306,Glock-18 | Off World (Factory New),36.89,33.1,763,31,0.0406,0.8973,steamdt-live,38.46,257,37.6,130,,3,6,12,2,8,2,6,3,-0.007673987827467532,-0.01626666666666665,-0.030528476141611027,-0.023815824292140686,0.05361723961005638,0.0,0.05410256410256409,-0.0029729729729729426,-0.308009754267492,0.34,8,长期阴跌,,42,0,0
307,Galil AR | Blue Titanium (Factory New),100.99,98.0,955,37,0.0387,0.9704,steamdt-live,103.26,132,100.51,295,,3,12,15,2,10,0,0,0,-0.02777777777777779,-0.04276190476190467,-0.052714674151390306,-0.06935185185185178,0.12218340611353706,0.0,0.20109689213893966,-0.1754716981132075,-0.47044257112750265,0.29,10,长期阴跌,,42,0,0
308,AK-47 | Bloodsport (Factory New),1015.0,1000.0,1581,60,0.038,0.9852,steamdt-live,1010.0,1107,1018.4,344,,3,12,15,2,4,0,6,0,-0.0021882916539345265,-0.002242484712576709,-0.00246804326450345,-0.004425869155930573,0.008832188420019649,0.0009910802775023875,0.01941747572815533,-0.0024691358024691024,-0.037636969985707425,0.4,11,回撤不明显,,42,0,0
309,AWP | Crakow! (Factory New),504.0,490.0,763,29,0.038,0.9722,steamdt-live,501.99,380,520.3,219,,3,12,12,2,4,0,4,5,0.0019685039370078705,-0.013772102161100142,-0.0029440628066732533,-0.011830708661417333,0.014739941118743882,0.003980000000000095,0.023365758754863797,-0.02050731707317066,-0.12239510489510486,0.4,11,可能加速下跌,,42,0,0
310,MP9 | Goo (Factory New),21.92,21.0,504,18,0.0357,0.958,steamdt-live,22.27,248,21.94,603,,3,9,12,2,10,1,2,3,-0.01403508771929829,-0.02491103202846967,-0.04201680672268904,-0.038596491228070184,0.0789915966386554,0.0,0.12319999999999998,-0.10749185667752437,-0.6434032861558483,0.4,7,长期阴跌,,42,0,0
311,M4A1-S | Blood Tiger (Factory New),96.89,96.0,812,27,0.0333,0.9908,steamdt-live,100.0,250,98.0,211,,3,15,12,2,10,0,0,0,-0.023255813953488413,-0.07723809523809522,-0.026003442964573797,-0.09869767441860466,0.12213463803569813,0.0,0.17188034188034185,-0.17848058334746475,-0.3666906333747304,0.3,13,长期阴跌,,42,0,0
312,Glock-18 | Grinder (Factory New),52.64,53.0,888,29,0.0327,1.0068,steamdt-live,52.45,364,54.05,251,,3,15,12,2,10,0,0,0,-0.013723696248856387,-0.072356215213358,-0.06899488926746178,-0.08508691674290936,0.14821124361158433,0.0,0.1652754590984975,-0.1652754590984975,-0.4373171280666216,0.4,10,长期阴跌,,42,0,0
313,AK-47 | Phantom Disruptor (Factory New),127.9,126.0,1636,40,0.0244,0.9851,steamdt-live,133.3,316,133.8,535,,3,12,15,2,10,0,0,0,-0.012500924624602394,-0.04194756554307111,-0.0059558823529412,-0.05392410681263404,0.07985611510791368,0.0,0.09923234030565531,-0.09923234030565531,-0.32804455185457604,0.4,12,长期阴跌,,42,0,0
314,AK-47 | Searing Rage (Factory New),110.99,106.0,1401,30,0.0214,0.955,steamdt-live,114.7,417,112.0,291,,3,9,15,2,8,0,2,3,-0.004366812227074246,-0.026403508771929873,-0.004347826086956497,-0.030655021834061214,0.040708729472774485,0.0,0.0632174206617151,-0.058608990670059424,-0.21110242376856925,0.4,13,可能加速下跌,,42,0,0
315,AK-47 | Crossfade (Factory New),24.76,23.0,2797,34,0.0122,0.9289,steamdt-live,27.8,1186,25.52,877,,3,6,15,2,10,1,2,3,-0.01757812500000011,-0.01550695825049686,-0.030303030303030165,-0.03281250000000002,0.06212121212121202,0.0,0.09204253758709202,-0.04769230769230759,-0.287686996547756,0.39,8,暂未减速,,42,0,0
316,AK-47 | Slate (Factory New),90.87,87.0,1847,19,0.0103,0.9574,steamdt-live,89.9,1401,91.67,595,,3,9,15,2,4,0,6,3,-0.008507853403141419,-0.011001100110010986,-0.0023939064200217963,-0.019415357766143115,0.021762785636561532,0.010112359550561889,0.026002166847237218,-0.017486338797814138,-0.11974933907764607,0.4,11,可能加速下跌,,42,0,0
317,★ Driver Gloves | Brocade Flowers (Minimal Wear),2360.0,3350.0,39,21,0.5385,1.4195,steamdt-live,2415.49,49,2365.05,45,"溢价求购:买一高于卖一,多为定向收特定图案,买一价不可作退出价",20,0,4,5,6,0,6,0,-0.0041598386486827454,-0.00421940928270037,-0.00837499999999991,-0.00836169586957436,0.01666666666666672,4.2374676892942276e-05,0.032072840620129495,-0.03227129208184676,-0.11808999218986482,0.15,5,暂未减速,买一异常溢价(不作为可成交退出价),41,0,0
318,FAMAS | Roll Cage (Factory New),874.0,860.0,97,20,0.2062,0.984,steamdt-live,919.0,43,908.0,58,,17,12,4,2,4,0,2,0,0.00213963963963959,-0.017867176087200787,-0.008928571428571397,-0.015765765765765716,0.024553571428571397,0.0,0.024553571428571397,-0.022917831190609306,-0.18279569892473113,0.4,2,可能加速下跌,,41,0,0
319,★ Sport Gloves | Hedge Maze (Field-Tested),24450.0,26150.0,582,87,0.1495,1.0695,steamdt-live,24899.5,378,24966.67,120,"溢价求购:买一高于卖一,多为定向收特定图案,买一价不可作退出价",11,0,12,5,6,0,4,3,-0.007920633650692066,-0.014112903225806495,-0.006043737574552677,-0.021921753740299255,0.027833001988071593,0.001997437837226501,0.041101262844144615,-0.036605067181528006,-0.14209021210898432,0.4,8,可能加速下跌,买一异常溢价(不作为可成交退出价),41,0,0
320,★ Driver Gloves | Diamondback (Minimal Wear),2848.0,2630.0,185,23,0.1243,0.9235,steamdt-live,3200.0,24,2900.0,45,,11,6,7,5,8,0,4,0,-0.0015587114651888223,-0.011968777103208983,0.0024305555555554914,-0.01350883269830272,0.014021118227453666,0.0,0.0625411454904542,-0.03457627118644069,-0.2843322025380073,0.4,4,可能加速下跌,,41,0,0
321,Glock-18 | Royal Legion (Factory New),224.0,214.0,429,45,0.1049,0.9554,steamdt-live,264.87,62,232.24,129,,11,9,9,2,10,0,0,0,-0.016771488469601636,-0.04477611940298509,-0.03441295546558709,-0.06079664570230603,0.09311740890688258,0.0,0.1351351351351351,-0.1153937287733986,-0.2639085143439256,0.4,8,可能加速下跌,,41,0,0
322,★ Driver Gloves | Racing Green (Field-Tested),178.41,179.0,186,11,0.0591,1.0033,steamdt-live,176.3,125,180.15,209,,3,15,7,5,2,0,4,5,-0.005106621773288467,-0.005584071295617221,0.015963511972633793,-0.010662177328843891,0.013871797740239389,0.0431952662721895,0.013871797740239389,0.034017595307918036,-0.0841558441558441,0.4,8,可能加速下跌,,41,0,0
323,FAMAS | ZX Spectron (Factory New),144.38,141.0,626,36,0.0575,0.9766,steamdt-live,145.9,140,146.16,169,,3,12,12,2,10,0,2,0,-0.01309164149043296,-0.01782312925170071,-0.02640695470292187,-0.030681436723732802,0.056278188116870465,0.0,0.10317411019317979,-0.08712696004046538,-0.34304045138098926,0.3,5,长期阴跌,,41,0,0
324,Galil AR | Crimson Tsunami (Factory New),40.7,38.5,691,37,0.0535,0.9459,steamdt-live,38.9,275,40.0,230,,3,9,12,2,6,0,6,3,-0.007537688442211032,-0.0151898734177216,-0.017769002961500635,-0.022613065326633097,0.046334886001470954,0.0,0.046334886001470954,0.023953672018952155,-0.33832284402109203,0.4,10,长期阴跌,,41,0,0
325,M4A4 | Hellish (Factory New),695.0,686.0,639,34,0.0532,0.9871,steamdt-live,708.0,188,695.99,262,,3,12,12,2,10,0,2,0,-0.011896431070678837,-0.015580736543909346,-0.014482758620689706,-0.02729181245626311,0.04137931034482756,0.0,0.09740259740259738,-0.09681611435997406,-0.26840565064527677,0.29,11,可能加速下跌,,41,0,0
326,AWP | Acheron (Factory New),52.5,49.0,2466,64,0.026,0.9333,steamdt-live,48.78,594,48.81,515,,3,9,15,2,10,2,0,0,0.007088009450679333,-0.04828934506353855,-0.07654545454545458,-0.041543610947036846,0.08150943396226418,0.01628392484342389,0.183632399798759,-0.17337408728137205,-0.4944438674836432,0.2,15,长期阴跌,,41,0,0
327,M4A1-S | Solitude (Factory New),70.78,64.0,4809,31,0.0064,0.9042,steamdt-live,72.39,2664,72.4,2394,,3,6,15,2,10,0,0,5,-0.007123287671232825,-0.02345474613686538,0.0017839989021544156,-0.03041095890410961,0.042219215155615775,0.011142857142857121,0.10063532401524777,-0.06868421052631579,-0.306078431372549,0.4,9,长期阴跌,,41,0,0
328,★ Driver Gloves | Garden (Minimal Wear),2669.5,3320.0,48,19,0.3958,1.2437,steamdt-live,2699.5,60,2709.88,42,"溢价求购:买一高于卖一,多为定向收特定图案,买一价不可作退出价",20,0,4,5,2,0,6,3,0.002996254681647992,-0.0031740104555638693,-0.0018691588785046953,-0.0001872659176029856,0.0035460992907800915,0.0013128282070518082,0.011296296296296249,-0.011113169105389842,-0.09631008801624918,0.3,4,回撤不明显,买一异常溢价(不作为可成交退出价),40,0,0
329,★ Specialist Gloves | Chocolate Chesterfield (Field-Tested),540.0,791.0,110,32,0.2909,1.4648,steamdt-live,544.0,105,537.39,60,"溢价求购:买一高于卖一,多为定向收特定图案,买一价不可作退出价",17,0,7,5,2,0,6,3,0.0046511627906977715,-0.004833333333333356,0.016068052930056753,-0.00020465116279066997,0.010331491712707197,0.015860113421550137,0.010331491712707197,0.03145873320537418,-0.04802480070859172,0.4,11,可能加速下跌,买一异常溢价(不作为可成交退出价),40,0,0
330,★ Driver Gloves | Garden (Field-Tested),1097.0,1850.0,148,39,0.2635,1.6864,steamdt-live,1140.0,151,1135.0,132,"溢价求购:买一高于卖一,多为定向收特定图案,买一价不可作退出价",17,0,7,5,2,0,4,5,-0.0004553734061930603,-0.0004555808656035998,0.0009115770282588365,-0.0009107468123861207,0.001365498406918575,0.025233644859813165,0.013489208633093552,-0.0027272727272726893,-0.14166784032048574,0.25,3,回撤不明显,买一异常溢价(不作为可成交退出价),40,0,0
331,★ Driver Gloves | Dragon Fists (Field-Tested),599.5,730.0,94,21,0.2234,1.2177,steamdt-live,601.5,101,613.0,36,"溢价求购:买一高于卖一,多为定向收特定图案,买一价不可作退出价",17,0,4,5,4,1,4,5,-0.002481389578163795,-0.005804311774461057,-0.00901639344262295,-0.008271298593879206,0.016406890894175574,0.0008347245409014992,0.023456589021013108,-0.008254892554053872,-0.04538216560509556,0.22,11,暂未减速,买一异常溢价(不作为可成交退出价),40,0,0
332,★ Specialist Gloves | Pillow Punchers (Field-Tested),2429.49,5710.0,199,44,0.2211,2.3503,steamdt-live,2426.0,221,2432.06,129,"溢价求购:买一高于卖一,多为定向收特定图案,买一价不可作退出价",17,0,7,5,0,0,6,5,-0.00041580897488691093,-0.0008196079885006702,0.0,-0.001235076163030091,0.0016460905349794386,0.011676396997498006,0.0016460905349794386,-0.005533920885427368,-0.05344929164764578,0.21,3,回撤不明显,买一异常溢价(不作为可成交退出价),40,0,0
333,M4A1-S | Master Piece (Factory New),1898.5,1830.0,81,16,0.1975,0.9639,steamdt-live,2108.5,22,2045.21,69,,14,12,4,2,8,0,0,0,-0.010774756285274467,-0.015300829875518618,-0.008364539238033264,-0.025910723447922,0.033089377479666116,0.0,0.050512628157039274,-0.026410256410256405,-0.2568773583428581,0.3,1,价格更新稀疏,,40,0,0
334,★ Hand Wraps | Slaughter (Minimal Wear),3387.0,3220.0,179,25,0.1397,0.9507,steamdt-live,3599.0,34,3300.0,73,,11,9,7,5,8,0,0,0,-0.0020339968037192957,-0.039161449992720865,-0.01615208690680392,-0.041115792532326,0.05660377358490565,0.0,0.06779661016949157,-0.06515580736543913,-0.258753447919568,0.4,8,可能加速下跌,,40,0,0
335,MP9 | Starlight Protector (Factory New),602.5,837.0,207,28,0.1353,1.3892,steamdt-live,609.4,166,602.01,80,"溢价求购:买一高于卖一,多为定向收特定图案,买一价不可作退出价",11,0,7,2,4,10,6,0,-0.00991735537190086,0.005025041736226976,0.0,-0.004942148760330611,0.009851973684210535,0.020355932203389715,0.019463808717180342,-0.004448486852985045,-0.05641065830721004,0.39,8,回撤不明显,买一异常溢价(不作为可成交退出价),40,0,0
336,★ Hand Wraps | CAUTION! (Minimal Wear),1149.0,1470.0,244,33,0.1352,1.2794,steamdt-live,1148.5,168,1185.0,81,"溢价求购:买一高于卖一,多为定向收特定图案,买一价不可作退出价",11,0,7,5,4,9,4,0,0.0013060513713538668,-0.0017391304347825765,-0.008203799654576849,-0.0004353504571179556,0.009063444108761365,0.015929203539823078,0.02297872340425533,-0.010344827586206917,-0.11282843894899541,0.4,8,回撤不明显,买一异常溢价(不作为可成交退出价),40,0,0
337,★ Hydra Gloves | Rattler (Field-Tested),174.0,167.0,114,14,0.1228,0.9598,steamdt-live,176.0,121,182.39,208,,11,9,7,5,4,0,4,0,0.0021577423201408763,-0.01410844807071232,0.042194342525742945,-0.011981148146045117,0.014164305949008527,0.0395507229059624,0.02263663427512219,0.011627906976744207,-0.09370279702067819,0.4,12,可能加速下跌,,40,0,0
338,★ Sport Gloves | Scarlet Shamagh (Field-Tested),1078.5,1490.0,422,43,0.1019,1.3815,steamdt-live,1080.0,331,1085.5,149,"溢价求购:买一高于卖一,多为定向收特定图案,买一价不可作退出价",11,0,9,5,2,9,4,0,-0.005071461502996755,-0.0005653382761815484,-0.0022999080036798514,-0.005633932687874488,0.00792088316467332,0.013048379520901987,0.010651376146788905,-0.0005653382761815484,-0.1124362139917695,0.1,6,回撤不明显,买一异常溢价(不作为可成交退出价),40,0,0
339,USP-S | Serum (Factory New),590.0,575.0,164,16,0.0976,0.9746,steamdt-live,669.0,46,610.89,77,,7,12,7,2,10,0,2,0,-0.004262295081967293,-0.02866315442871248,-0.016113163115534124,-0.03280327868852462,0.0483878772238262,0.0008312128922816076,0.08667451004675064,-0.08738089345378053,-0.24068211068211065,0.21,9,可能加速下跌,,40,0,0
340,M4A4 | Griffin (Factory New),495.99,484.0,459,43,0.0937,0.9758,steamdt-live,479.5,67,496.88,149,,7,12,9,2,10,0,0,0,-0.010583991958531214,-0.07171314741035861,-0.042499386665156846,-0.08153812799337767,0.1205721942289909,0.0,0.16487455197132617,-0.15755220103046186,-0.42996941896024465,0.4,13,长期阴跌,,40,0,0
341,FAMAS | Commemoration (Factory New),369.0,355.0,338,29,0.0858,0.9621,steamdt-live,350.0,179,369.64,119,,7,12,9,2,10,0,0,0,-0.006794182651641223,-0.038461538461538436,-0.01742674066328853,-0.04499440639580887,0.0616370412075391,0.0,0.0915697674418604,-0.09161692187905535,-0.292128468570504,0.39,5,可能加速下跌,,40,0,0
342,Glock-18 | Franklin (Factory New),695.0,688.0,460,36,0.0783,0.9899,steamdt-live,753.38,90,709.36,155,,7,12,9,2,10,0,0,0,-0.013103562186863371,-0.030683403068340276,0.0020965517241378073,-0.04338490337499312,0.047945205479452024,0.0,0.09090909090909094,-0.07085561497326198,-0.35046728971962615,0.4,14,长期阴跌,,40,0,0
343,AWP | Atheris (Factory New),166.88,158.0,574,44,0.0767,0.9468,steamdt-live,169.0,332,172.16,250,,7,9,12,2,10,0,0,0,-0.02506963788300831,-0.0464,-0.021798365122615793,-0.0703064066852368,0.09304347826086956,0.024557956777996104,0.1630053164810914,-0.14200514138817488,-0.44163014019473357,0.3,12,长期阴跌,,40,0,0
344,AWP | Fade (Factory New),4033.5,4550.0,478,35,0.0732,1.1281,steamdt-live,4090.0,339,4098.0,198,"溢价求购:买一高于卖一,多为定向收特定图案,买一价不可作退出价",7,0,9,2,8,3,6,5,-0.0027093596059113434,-0.0038281057051123835,-0.009514515735545293,-0.006527093596059075,0.01597950719687724,0.01650705645161299,0.05748335085874523,-0.05748335085874523,-0.177172582619339,0.4,5,暂未减速,买一异常溢价(不作为可成交退出价),40,0,0
345,M4A1-S | Briefing (Factory New),369.0,359.0,292,21,0.0719,0.9729,steamdt-live,388.5,60,373.44,115,,7,12,9,2,8,0,2,0,-0.007832898172323799,-0.02894736842105261,0.007894736842105177,-0.036553524804177506,0.0390625,0.0,0.05360348807386506,-0.04404145077720212,-0.3196777226718781,0.39,10,长期阴跌,,40,0,0
346,USP-S | Cortex (Factory New),159.97,152.0,461,33,0.0716,0.9502,steamdt-live,158.3,178,167.0,238,,7,9,9,2,10,0,0,3,-0.015213043214740374,-0.025726243229935886,-0.04353623188405786,-0.04054791199466634,0.08231884057971006,0.01866151866151866,0.12040895704839694,-0.11261842031503999,-0.33201114018060585,0.4,10,长期阴跌,,40,0,0
347,FAMAS | Eye of Athena (Factory New),175.0,170.0,338,24,0.071,0.9714,steamdt-live,184.0,96,178.8,113,,7,12,9,2,10,0,0,0,-0.007824317980282713,-0.08001682351085637,-0.04144999999999999,-0.08721506442021798,0.12505,0.0,0.18415776959298802,-0.15687786075644428,-0.40276450511945394,0.4,11,长期阴跌,,40,0,0
348,Tec-9 | Avalanche (Factory New),64.0,63.0,470,32,0.0681,0.9844,steamdt-live,69.49,154,72.08,152,,7,12,9,2,10,0,0,0,-0.010485492674518926,-0.07112788503411238,-0.014160294534126261,-0.08086756679115203,0.09388275276125746,0.0,0.10976627712854747,-0.10976627712854747,-0.39224997625605473,0.14,7,长期阴跌,,40,0,0
349,M4A1-S | Moss Quartz (Factory New),484.5,476.0,486,32,0.0658,0.9825,steamdt-live,497.91,128,502.93,193,,7,12,9,2,8,0,2,0,-0.008978315764158973,-0.020222446916076886,-0.023503395369772417,-0.029019199166299248,0.05184054482475198,0.0,0.0700575815738963,-0.06454540188828595,-0.2973168963016679,0.4,11,可能加速下跌,,40,0,0
350,MP9 | Latte Rush (Factory New),327.5,311.0,522,33,0.0632,0.9496,steamdt-live,345.0,177,331.0,255,,7,9,12,2,8,0,2,0,-0.007092198581560183,-0.02529761904761907,0.0,-0.032210401891252904,0.042397660818713434,3.053528352015e-05,0.05728267127230857,-0.03192432751995278,-0.2777912541072177,0.4,13,可能加速下跌,,40,0,0
351,USP-S | Lead Conduit (Factory New),78.99,73.0,520,26,0.05,0.9242,steamdt-live,82.77,110,80.74,110,,3,6,12,2,10,7,0,0,-0.0050000000000001155,-0.0076633165829145256,-0.047505655435170824,-0.012625000000000108,0.05953089653530186,0.039342105263157734,0.08966232568860211,-0.0863983344899375,-0.39313153042409343,0.4,7,长期阴跌,,40,0,0
352,Tec-9 | Blue Titanium (Factory New),198.4,186.0,586,24,0.041,0.9375,steamdt-live,186.8,52,185.04,123,,3,9,12,2,10,0,4,0,-0.020989893754858713,-0.020434092112228797,-0.020060944641950296,-0.040995076444674816,0.06023362112747599,0.004233148811461973,0.10939981710545321,-0.10939981710545321,-0.36844260896276326,0.18,6,长期阴跌,,40,0,0
353,Desert Eagle | Printstream (Factory New),463.5,458.0,1252,46,0.0367,0.9881,steamdt-live,459.0,998,467.9,497,,3,12,15,2,4,0,4,0,0.008704103671706154,-0.017193756289745732,-0.0005612399084746755,-0.008639308855291628,0.02027748132337248,0.0,0.02545701607252815,-0.011840688912809427,-0.08383233532934131,0.4,15,可能加速下跌,,40,0,0
354,AK-47 | Legion of Anubis (Factory New),343.15,340.0,794,28,0.0353,0.9908,steamdt-live,348.24,336,353.66,223,,3,15,12,2,4,0,4,0,-0.0006322020747723256,-0.013715961698823831,-0.0008326633742964384,-0.014339492514152785,0.01859799713876964,0.0029239766081872176,0.01859799713876964,0.0029239766081872176,-0.042915341257882655,0.4,12,可能加速下跌,,40,0,0
355,Desert Eagle | Mulberry (Factory New),82.61,80.0,1036,35,0.0338,0.9684,steamdt-live,82.5,548,82.9,262,,3,12,15,2,2,0,6,0,-0.0012049644535485626,-0.004705030763662688,0.007160194174757217,-0.005904325822388201,0.005904325822388201,0.0060975609756097615,0.009484932164725679,0.05905006418485237,-0.1032608695652174,0.34,13,回撤不明显,,40,0,0
356,Five-SeveN | Kami (Factory New),25.81,24.1,831,26,0.0313,0.9337,steamdt-live,26.78,403,28.83,180,,3,9,12,2,10,1,0,3,-0.0037037037037037646,-0.04052044609665428,-0.06380027739251037,-0.044074074074074154,0.10938578329882687,0.0,0.12419409569053275,-0.11549006168608644,-0.373847646773411,0.4,13,长期阴跌,,40,0,0
357,AK-47 | Ice Coaled (Factory New),84.39,83.0,1657,29,0.0175,0.9835,steamdt-live,89.0,1259,88.56,712,,3,12,15,2,8,0,0,0,-0.006683280471227904,-0.03763256927813885,-0.008089887640449378,-0.044064340734028096,0.049448073890515865,0.0,0.060244988864142535,-0.05709497206703906,-0.12093750000000003,0.39,14,可能加速下跌,,40,0,0
358,M4A4 | Tooth Fairy (Factory New),83.9,81.0,1604,26,0.0162,0.9654,steamdt-live,84.5,452,85.85,586,,3,12,15,2,6,0,2,0,-0.003504672897196248,-0.016412661195779554,0.007058823529411784,-0.019859813084112,0.023282887077997638,0.0,0.046590909090909016,-0.04528903049613098,-0.2316146167231431,0.29,10,可能加速下跌,,40,0,0
359,AWP | Duality (Factory New),62.0,60.0,993,14,0.0141,0.9677,steamdt-live,61.4,678,64.37,520,,3,12,15,2,8,0,0,0,-0.0078037904124861335,-0.014446227929374,-0.004912836767036466,-0.022137283006848252,0.02647851593467576,0.023333333333333206,0.05465742879137803,-0.05334566759173609,-0.25185816985500176,0.35,9,可能加速下跌,,40,0,0
360,★ Specialist Gloves | Big Swell (Minimal Wear),2490.0,2800.0,39,25,0.641,1.1245,steamdt-live,2544.0,54,2507.2,37,"溢价求购:买一高于卖一,多为定向收特定图案,买一价不可作退出价",20,0,4,5,4,0,6,0,0.0,-0.011218107812965394,-0.003659742828882262,-0.011218107812965394,0.014836795252225476,0.0,0.02007083825265643,-0.002004008016032066,-0.011904761904761862,0.4,4,可能加速下跌,买一异常溢价(不作为可成交退出价),39,0,0
361,★ Driver Gloves | Dragon Fists (Minimal Wear),1269.5,1790.0,41,22,0.5366,1.41,steamdt-live,1274.5,42,1283.6,41,"溢价求购:买一高于卖一,多为定向收特定图案,买一价不可作退出价",20,0,4,5,4,0,6,0,0.00275590551181093,-0.003140950137416554,-0.006259780907668211,-0.0003937007874015297,0.0070394994133750055,0.0035573122529644063,0.027947932618683002,-0.027575641516660254,-0.05928121526491292,0.4,4,回撤不明显,买一异常溢价(不作为可成交退出价),39,0,0
362,★ Driver Gloves | Brocade Flowers (Field-Tested),818.0,1440.0,94,32,0.3404,1.7604,steamdt-live,800.0,89,834.0,96,"溢价求购:买一高于卖一,多为定向收特定图案,买一价不可作退出价",20,0,4,5,4,0,6,0,0.02712933753943214,-0.017199017199017175,0.003291555893150999,0.009463722397476282,0.017199017199017175,0.013427919939194455,0.017802332719459746,-0.0031152647975077885,-0.16230366492146597,0.4,5,可能加速下跌,买一异常溢价(不作为可成交退出价),39,0,0
363,★ Sport Gloves | Ultra Violent (Minimal Wear),11199.0,12480.0,278,58,0.2086,1.1144,steamdt-live,11400.0,309,11498.5,85,"溢价求购:买一高于卖一,多为定向收特定图案,买一价不可作退出价",17,0,9,5,4,0,4,0,0.0134396756852031,-0.026131570937866888,0.004168178479455609,-0.013043095091213486,0.026131570937866888,0.0,0.026131570937866888,-0.016596417281348752,-0.06667222268522377,0.15,4,可能加速下跌,买一异常溢价(不作为可成交退出价),39,0,0
364,AWP | The End (Factory New),298.0,237.0,69,14,0.2029,0.7953,steamdt-live,299.0,74,300.61,142,,17,1,4,2,6,0,4,5,-0.007169524564707541,-0.009983361064891838,-0.007639344262295067,-0.017081309677206225,0.03503081414206943,0.0,0.03659326424870468,0.02586206896551735,-0.15960451977401124,0.26,8,可能加速下跌,,39,0,0
365,★ Specialist Gloves | Buckshot (Minimal Wear),397.99,511.0,141,26,0.1844,1.284,steamdt-live,414.0,100,413.0,65,"溢价求购:买一高于卖一,多为定向收特定图案,买一价不可作退出价",14,0,7,5,4,0,6,3,0.0,-0.005024999999999946,-0.007444168734491274,-0.005024999999999946,0.012431761786600437,0.000980885311871127,0.026681340180973234,-0.026681340180973234,-0.1036261261261261,0.4,9,可能加速下跌,买一异常溢价(不作为可成交退出价),39,0,0
366,★ Hydra Gloves | Emerald (Minimal Wear),290.99,316.0,84,15,0.1786,1.0859,steamdt-live,287.5,59,305.0,65,"溢价求购:买一高于卖一,多为定向收特定图案,买一价不可作退出价",14,0,4,5,2,10,4,0,-0.01388888888888884,0.012323943661971759,0.010526315789473717,-0.0017361111111111605,0.008620689655172376,0.02678571428571419,0.008620689655172376,0.04579680622749249,-0.051155115511551164,0.33,9,回撤不明显,买一异常溢价(不作为可成交退出价),39,0,0
367,★ Bloodhound Gloves | Guerrilla (Minimal Wear),1215.0,1140.0,135,23,0.1704,0.9383,steamdt-live,1242.98,21,1206.74,58,,14,9,7,5,4,0,0,0,-0.005054127812543663,0.0,0.0,-0.005054127812543663,0.005054127812543663,0.0,0.026029265772927968,-0.026029265772927968,-0.21385016286644953,0.4,1,价格更新稀疏,,39,0,0
368,Glock-18 | Mirror Mosaic (Factory New),150.99,146.0,362,24,0.0663,0.967,steamdt-live,157.0,217,155.18,146,,7,12,9,2,4,0,2,3,0.009706840390879545,-0.02580811665268723,0.019933554817275656,-0.01635179153094457,0.025870967741935424,0.0,0.025870967741935424,0.014172487909726028,-0.08396529757932414,0.39,6,可能加速下跌,,39,0,0
369,M4A4 | Spider Lily (Factory New),389.9,379.0,889,51,0.0574,0.972,steamdt-live,395.99,179,402.0,148,,3,12,12,2,10,0,0,0,0.0,-0.041975308641975295,-0.013398294762484775,-0.041975308641975295,0.054811205846528654,0.0,0.09239766081871348,-0.07619047619047614,-0.2623574144486692,0.4,17,可能加速下跌,,39,0,0
370,Galil AR | Vandal (Factory New),69.0,65.0,270,15,0.0556,0.942,steamdt-live,65.0,82,69.28,86,,3,9,9,2,10,1,0,5,0.0,-0.05660377358490576,-0.07665505226480829,-0.05660377358490576,0.12880310950274765,0.0,0.14854597851716012,-0.14865749836280284,-0.4237588652482269,0.46,4,长期阴跌,,39,0,0
371,P250 | Steel Disruption (Factory New),34.28,31.2,254,12,0.0472,0.9102,steamdt-live,35.74,137,34.94,102,,3,6,9,2,8,7,4,0,-0.0376674107142857,-0.012177442737025257,-0.013758943313153527,-0.04938616071428581,0.06246560264171719,0.0,0.06529492455418384,-0.00612602100350057,-0.43602052640291333,0.4,4,长期阴跌,,39,0,0
372,AK-47 | The Outsiders (Factory New),350.0,335.0,957,45,0.047,0.9571,steamdt-live,340.0,208,342.84,305,,3,9,15,2,10,0,0,0,-0.01840490797546024,-0.03409090909090906,-0.030810810810810718,-0.05186837702175129,0.08108108108108103,0.033434650455927084,0.11573472041612487,-0.11573472041612487,-0.3089430894308943,0.4,16,长期阴跌,,39,0,0
373,★ Hand Wraps | Cobalt Skulls (Field-Tested),1252.5,1630.0,902,41,0.0455,1.3014,steamdt-live,1248.5,695,1252.0,197,"溢价求购:买一高于卖一,多为定向收特定图案,买一价不可作退出价",3,0,15,5,0,10,6,0,-0.01453161980306783,0.02336065573770485,0.0048620129870129425,0.00848956776710641,0.0,0.02336065573770485,0.0011999999999999789,0.0028112449799195804,-0.06057185854025582,0.4,8,回撤不明显,买一异常溢价(不作为可成交退出价),39,0,0
374,M4A1-S | Guardian (Factory New),409.5,395.0,695,31,0.0446,0.9646,steamdt-live,410.0,326,420.23,217,,3,12,12,2,10,0,0,0,-0.01062426383981152,-0.02497678516155144,-0.024137931034482807,-0.035335689045936425,0.06506849315068497,0.011111111111111072,0.10065227417477429,-0.10065227417477429,-0.2674418604651163,0.4,13,可能加速下跌,,39,0,0
375,M4A4 | Urban DDPAT (Factory New),129.0,124.0,521,23,0.0441,0.9612,steamdt-live,134.5,109,131.27,153,,3,12,12,2,10,0,0,0,-0.010941236142308464,-0.05494505494505497,-0.007122302158273475,-0.06528512426635746,0.07194244604316546,0.0,0.14851485148514854,-0.11643835616438358,-0.38638633877182127,0.4,3,长期阴跌,,39,0,0
376,AK-47 | Emerald Pinstripe (Factory New),80.0,75.0,806,35,0.0434,0.9375,steamdt-live,80.49,222,81.3,271,,3,9,12,2,10,0,0,3,-0.006129807692307754,-0.032531140403918246,-0.004784688995215225,-0.03846153846153855,0.04306220095693769,0.0012515644555692873,0.10813823857302118,-0.10813823857302118,-0.40476190476190477,0.38,11,长期阴跌,,39,0,0
377,Tec-9 | Bamboozle (Factory New),38.99,36.2,717,31,0.0432,0.9284,steamdt-live,36.76,206,37.65,170,,3,6,12,2,10,1,0,5,-0.0033333333333334103,-0.0542835091330075,-0.0714285714285714,-0.0574358974358975,0.12476190476190485,0.0,0.15649380449747596,-0.15358047432650246,-0.43472243579886205,0.4,4,长期阴跌,,39,0,0
378,M4A1-S | Cyrex (Factory New),1240.0,1220.0,547,23,0.042,0.9839,steamdt-live,1270.0,239,1250.0,144,,3,12,12,2,6,0,4,0,-0.0039137561863230586,-0.023622047244094446,0.003929133858267653,-0.027443352496882345,0.030492572322126654,0.0,0.030492572322126654,-0.004016064257028162,-0.0552380952380952,0.39,10,可能加速下跌,,39,0,0
379,AWP | Capillary (Factory New),37.3,35.2,775,30,0.0387,0.9437,steamdt-live,37.0,178,38.74,222,,3,9,12,2,10,3,0,0,-0.015231092436974736,-0.013333333333333308,-0.039596469104665855,-0.028361344537815136,0.06683480453972257,0.05714285714285716,0.11249700167905963,-0.11567877629063106,-0.4245723172628305,0.36,6,长期阴跌,,39,0,0
380,Five-SeveN | Orange Peel (Factory New),20.58,17.8,543,18,0.0331,0.8649,steamdt-live,19.68,111,19.78,179,,3,3,12,2,10,5,4,0,-0.02826510721247555,-0.013039117352056206,-0.030245746691871522,-0.040935672514619825,0.06774040738986264,0.0,0.1151079136690647,-0.09600367478180982,-0.3848077524226321,0.38,10,长期阴跌,,39,0,0
381,M4A4 | Turbine (Factory New),73.0,70.0,1174,33,0.0281,0.9589,steamdt-live,75.0,227,76.0,324,,3,9,15,2,10,0,0,0,-0.0016666666666665941,-0.06254013098754341,-0.035608308605341144,-0.0641025641025641,0.09742828882294752,0.0,0.1330166270783848,-0.13198573127229485,-0.4251968503937008,0.4,8,长期阴跌,,39,0,0
382,Desert Eagle | Blaze (Factory New),3889.5,3840.0,516,14,0.0271,0.9873,steamdt-live,3989.99,426,3918.78,129,,3,12,12,2,6,0,4,0,-0.00025278250340621256,-0.016680278232198975,-0.005287905456374253,-0.016928844253116138,0.02237059419455545,0.0,0.03560978029063133,-0.03560978029063133,-0.06738609112709837,0.22,3,可能加速下跌,,39,0,0
383,M4A4 | Etch Lord (Factory New),19.34,18.7,775,21,0.0271,0.9669,steamdt-live,19.95,366,19.91,459,,3,12,12,2,10,0,0,0,-0.0005086469989827869,-0.08396946564885488,0.0005089058524174739,-0.08443540183112919,0.09365558912386707,0.0,0.09864797195793684,-0.09319899244332497,-0.4581577363034316,0.17,9,长期阴跌,,39,0,0
384,AK-47 | Safety Net (Factory New),73.88,70.0,1911,46,0.0241,0.9475,steamdt-live,74.8,401,72.98,552,,3,9,15,2,10,0,0,0,-0.013157894736842146,-0.026933333333333254,-0.02962206332992845,-0.03973684210526307,0.06818181818181801,0.01361111111111124,0.13530805687203795,-0.13108703417073453,-0.4311769290724864,0.4,10,长期阴跌,,39,0,0
385,AK-47 | Steel Delta (Factory New),56.5,54.0,1929,38,0.0197,0.9558,steamdt-live,57.34,344,57.14,442,,3,9,15,2,10,0,0,0,-0.011864406779661052,-0.030874785591766707,-0.02382528127068162,-0.0423728813559322,0.06704095112285335,0.008928571428571397,0.11275125628140703,-0.11275125628140703,-0.4694835680751174,0.38,12,长期阴跌,,39,0,0
386,M4A4 | Evil Daimyo (Factory New),52.68,49.0,1822,33,0.0181,0.9301,steamdt-live,53.0,954,53.08,690,,3,9,15,2,8,0,2,0,-0.0018691588785046953,-0.013483146067415741,-0.0092592592592593,-0.01532710280373828,0.02444444444444449,0.013076923076922986,0.07449051300070275,-0.055744757124932764,-0.24742857142857144,0.4,11,可能加速下跌,,39,0,0
387,M4A1-S | Welcome to the Jungle (Factory New),9899.9,12380.0,36,16,0.4444,1.2505,steamdt-live,10290.0,42,9800.0,39,"溢价求购:买一高于卖一,多为定向收特定图案,买一价不可作退出价",20,0,4,2,6,0,6,0,0.05523484378232979,-0.03920626672810512,0.0,0.013863025036209287,0.039215686274509776,0.013863025036209287,0.039215686274509776,0.010527010458954544,-0.07090510907384406,0.4,4,可能加速下跌,买一异常溢价(不作为可成交退出价),38,0,0
388,M4A4 | Red DDPAT (Factory New),824.8,780.0,135,60,0.4444,0.9457,steamdt-live,855.0,35,811.18,60,,20,9,7,2,0,0,0,0,0.05517241379310356,0.060366013071895264,-0.006849315068493178,0.11886896551724124,0.0,0.12977715877437324,0.0,0.1096853625170997,-0.3821934501142422,0.4,11,长期阴跌,,38,0,0
389,★ Driver Gloves | Hand Sweaters (Field-Tested),676.5,950.0,98,40,0.4082,1.4043,steamdt-live,678.0,85,681.49,52,"溢价求购:买一高于卖一,多为定向收特定图案,买一价不可作退出价",20,0,4,5,0,0,4,5,0.0007385524372229835,0.0,0.01195814648729443,0.0007385524372229835,0.0,0.04230769230769238,0.0,0.04471858134155737,-0.04307909604519777,0.4,7,回撤不明显,买一异常溢价(不作为可成交退出价),38,0,0
390,USP-S | Ancient Visions (Factory New),284.98,265.0,66,12,0.1818,0.9299,steamdt-live,307.46,29,288.12,78,,14,6,4,2,8,0,4,0,-6.957005704755215e-05,-0.00862728727475115,-0.0018055555555555047,-0.008696257130930807,0.010486111111111085,0.0,0.05940986203709819,-0.05940986203709819,-0.18572489856563235,0.4,2,可能加速下跌,,38,0,0
391,AK-47 | Hydroponic (Factory New),24475.0,25700.0,224,36,0.1607,1.0501,steamdt-live,25000.0,123,24869.26,82,"溢价求购:买一高于卖一,多为定向收特定图案,买一价不可作退出价",14,0,7,2,6,0,4,5,-7.702613000559744e-05,-0.012900652433346038,-0.004145381526104441,-0.012976684876020106,0.017068273092369468,0.0,0.03633271739999222,-0.03633271739999222,-0.1188118811881188,0.4,4,可能加速下跌,买一异常溢价(不作为可成交退出价),38,0,0
392,M4A4 | Bullet Rain (Factory New),1459.0,2000.0,309,47,0.1521,1.3708,steamdt-live,1491.21,69,1435.78,143,"溢价求购:买一高于卖一,多为定向收特定图案,买一价不可作退出价",14,0,9,2,10,1,2,0,-0.03412162162162158,-0.027632039174536605,-0.03204708960104641,-0.060810810810810856,0.08250825082508251,0.0,0.10466988727858295,-0.10148674854557205,-0.23315421875517206,0.21,7,可能加速下跌,买一异常溢价(不作为可成交退出价),38,0,0
393,★ Hand Wraps | Desert Shamagh (Minimal Wear),384.5,441.0,142,19,0.1338,1.1469,steamdt-live,400.0,52,384.99,110,"溢价求购:买一高于卖一,多为定向收特定图案,买一价不可作退出价",11,0,7,5,4,0,6,5,0.0,0.0,-0.001272760331437195,0.0,0.006459948320413411,0.013175230566534912,0.02658227848101269,-0.02658227848101269,-0.12114285714285711,0.31,2,回撤不明显,买一异常溢价(不作为可成交退出价),38,0,0
394,FAMAS | Waters of Nephthys (Factory New),922.0,1141.0,172,23,0.1337,1.2375,steamdt-live,975.0,73,980.0,68,"溢价求购:买一高于卖一,多为定向收特定图案,买一价不可作退出价",11,0,7,2,8,3,4,3,-0.0058201058201058364,-0.018626929217668953,-0.03982930298719778,-0.024338624338624326,0.04554865424430643,0.0,0.07568922305764414,-0.07522567703109329,-0.31168346397909663,0.35,4,长期阴跌,买一异常溢价(不作为可成交退出价),38,0,0
395,★ Hand Wraps | Duct Tape (Field-Tested),260.9,295.0,201,24,0.1194,1.1307,steamdt-live,269.9,157,268.79,174,"溢价求购:买一高于卖一,多为定向收特定图案,买一价不可作退出价",11,0,7,5,6,0,6,3,0.0019091256204657459,-0.005716463414634165,-0.0038037276530999975,-0.0038182512409316027,0.007607455306200106,0.015214599789874939,0.04432234432234439,-0.02649253731343293,-0.10497427101200696,0.39,9,回撤不明显,买一异常溢价(不作为可成交退出价),38,0,0
396,★ Driver Gloves | Racing Green (Minimal Wear),243.0,403.0,157,16,0.1019,1.6584,steamdt-live,260.0,66,259.99,111,"溢价求购:买一高于卖一,多为定向收特定图案,买一价不可作退出价",11,0,7,5,8,0,4,3,0.0,-0.01619433198380571,0.0,-0.01619433198380571,0.028000000000000025,0.0020618556701030855,0.06325893373424318,-0.029862663685723323,-0.1533101045296167,0.39,8,可能加速下跌,买一异常溢价(不作为可成交退出价),38,0,0
397,USP-S | Sleeping Potion (Factory New),46.9,45.5,233,22,0.0944,0.9701,steamdt-live,43.9,183,47.16,107,,7,12,7,2,10,0,0,0,0.0006362672322375307,-0.06952098346757107,-0.0010593220338983578,-0.06892895015906686,0.07383966244725737,0.0022831050228311334,0.09260024803637878,-0.08503543142976233,-0.13921568627450986,0.37,9,可能加速下跌,,38,0,0
398,Galil AR | Phoenix Blacklight (Factory New),915.0,893.0,451,38,0.0843,0.976,steamdt-live,961.0,144,931.96,135,,7,12,9,2,8,0,0,0,-0.02394586153045286,-0.02400000000000002,-0.014346112798620858,-0.04737116085372206,0.06103768163533374,0.016666666666666607,0.0776209677419355,-0.07481369882405287,-0.31196799711252143,0.4,12,长期阴跌,,38,0,0
399,Glock-18 | Steel Disruption (Factory New),226.0,217.0,369,26,0.0705,0.9602,steamdt-live,225.0,77,227.1,103,,7,12,9,2,8,0,0,0,-0.002580645161290307,-0.02975420439844767,-0.012571137348169614,-0.032258064516129004,0.04442368130468022,0.022727272727272707,0.06832298136645965,-0.05857740585774063,-0.296875,0.4,10,可能加速下跌,,38,0,0
400,Glock-18 | Sacrifice (Factory New),46.5,42.7,438,26,0.0594,0.9183,steamdt-live,45.96,118,45.58,164,,3,6,9,2,8,6,4,0,-0.04836065573770487,-0.01851851851851849,-0.009137055837563524,-0.065983606557377,0.074517766497462,0.0,0.074517766497462,-0.026068376068376087,-0.39153651047924176,0.37,6,长期阴跌,,38,0,0
401,AK-47 | Safari Mesh (Factory New),36.75,33.9,612,32,0.0523,0.9224,steamdt-live,39.54,181,37.81,197,,3,6,12,2,8,0,2,5,-0.0015932023366966863,-0.022606382978723416,-0.004756871035941024,-0.024163568773234112,0.0334034718569175,0.0,0.06202143950995409,-0.05478395061728403,-0.28944315545243615,0.4,10,可能加速下跌,,38,0,0
402,★ Sport Gloves | Blaze (Minimal Wear),1480.0,1960.0,31,22,0.7097,1.3243,steamdt-live,1497.5,42,1524.5,34,"溢价求购:买一高于卖一,多为定向收特定图案,买一价不可作退出价",20,0,4,5,8,0,0,0,-0.0006671114076051143,-0.012016021361815787,-0.029132501716343517,-0.012675116744496284,0.03708523096942096,0.0,0.06847935548841888,-0.022457067371202122,-0.0948731905108463,0.15,1,价格更新稀疏,买一异常溢价(不作为可成交退出价),37,0,0
403,★ Sport Gloves | Red Racer (Minimal Wear),1839.0,2430.0,45,26,0.5778,1.3214,steamdt-live,1819.5,54,1887.36,29,"溢价求购:买一高于卖一,多为定向收特定图案,买一价不可作退出价",20,0,4,5,2,0,6,0,0.0,-0.0013721185510428002,0.03552145495879522,-0.0013721185510428002,0.01114130434782612,0.0341005967604433,0.011409942950285301,-0.014088322947710674,-0.03628177966101698,0.15,4,可能加速下跌,买一异常溢价(不作为可成交退出价),37,0,0
404,P250 | Kintsugi (Factory New),120.0,236.0,102,35,0.3431,1.9667,steamdt-live,124.51,120,127.6,59,"溢价求购:买一高于卖一,多为定向收特定图案,买一价不可作退出价",20,0,7,2,6,0,2,0,0.0,-0.020408163265306145,-0.008899676375404453,-0.020408163265306145,0.03218001451729979,0.0,0.032258064516129004,-0.032258064516129004,-0.032258064516129004,0.4,4,可能加速下跌,买一异常溢价(不作为可成交退出价),37,0,0
405,Glock-18 | Ifrit Lattice (Factory New),72.0,70.0,63,15,0.2381,0.9722,steamdt-live,71.0,71,72.0,96,,17,12,4,2,2,0,0,0,-0.01388888888888884,0.0,0.004324173524898889,-0.01388888888888884,0.01388888888888884,0.0,0.01388888888888884,0.012838801711840375,-0.14817036592681454,0.14,1,价格更新稀疏,,37,0,0
406,★ Sport Gloves | Pandora's Box (Minimal Wear),33900.0,56290.0,191,37,0.1937,1.6605,steamdt-live,34100.0,200,34000.0,52,"溢价求购:买一高于卖一,多为定向收特定图案,买一价不可作退出价",14,0,7,5,0,0,6,5,0.007410611901425002,-0.0029118503485396907,-0.007356098708785508,0.004477182960037185,0.002941176470588225,0.011970506582285934,0.002941176470588225,-0.0029118503485396907,-0.046520785284356214,0.3,3,回撤不明显,买一异常溢价(不作为可成交退出价),37,0,0
407,★ Moto Gloves | Smoke Out (Minimal Wear),1165.0,2020.0,148,28,0.1892,1.7339,steamdt-live,1164.9,126,1215.0,61,"溢价求购:买一高于卖一,多为定向收特定图案,买一价不可作退出价",14,0,7,5,2,0,6,3,0.004347826086956497,0.008225108225108135,-0.007765314926660882,0.012608695652173818,0.004190182999829095,0.02149122807017534,0.011040339702760082,-0.010191331843024565,-0.08817564657703714,0.17,4,回撤不明显,买一异常溢价(不作为可成交退出价),37,0,0
408,USP-S | Overgrowth (Factory New),527.0,406.0,28,5,0.1786,0.7704,steamdt-live,568.9,16,537.54,30,,14,1,2,2,8,3,4,3,-0.0037037037037036535,-0.020446096654275103,-0.04407859798194369,-0.024074074074074026,0.06709152062311907,0.0,0.07365090525575668,-0.07365090525575668,-0.06890459363957602,0.17,21,可能加速下跌,,37,0,0
409,AK-47 | The Oligarch (Factory New),1687.5,1650.0,199,34,0.1709,0.9778,steamdt-live,1681.0,174,1753.88,90,,14,12,7,2,2,0,0,0,-0.0005922416345869319,-0.003851851851851884,0.0,-0.004441812259401878,0.004441812259401878,0.0,0.01059446733372571,-0.01059446733372571,-0.06115610164758445,0.4,1,价格更新稀疏,,37,0,0
410,Five-SeveN | Hyper Beast (Factory New),2450.0,2360.0,42,6,0.1429,0.9633,steamdt-live,2830.0,36,2640.98,47,,11,12,4,2,8,0,0,0,0.0,-0.07406707533692625,-0.0010948023315514588,-0.07406707533692625,0.07415455194748755,0.0,0.07510173880873106,-0.07416854667135253,-0.10810495966450184,0.33,1,价格更新稀疏,,37,0,0
411,AK-47 | Green Laminate (Factory New),244.0,234.0,342,29,0.0848,0.959,steamdt-live,252.0,121,246.9,156,,7,9,9,2,10,0,0,0,-0.008417704332984277,-0.04545810186996324,0.03530120481927712,-0.05349315334186744,0.0792452830188679,0.029535864978903037,0.09619587361558701,-0.09428359317000734,-0.3378561736770692,0.4,13,长期阴跌,,37,0,0
412,FAMAS | Valence (Factory New),164.5,156.0,281,21,0.0747,0.9483,steamdt-live,178.88,100,165.49,124,,7,9,9,2,10,0,0,0,-0.022434973181844287,-0.03244837758112096,-0.009200000000000097,-0.0541553722821384,0.06285714285714283,0.0,0.1453882230328296,-0.14239397584061075,-0.31666666666666665,0.4,6,长期阴跌,,37,0,0
413,M4A4 | Global Offensive (Factory New),299.9,279.0,338,24,0.071,0.9303,steamdt-live,314.5,96,310.3,151,,7,9,9,2,10,0,0,0,0.007559808612440211,-0.05055877417925103,-0.020251265704106514,-0.04338118022328552,0.061815679159106685,0.0,0.08488953985109249,-0.05394321766561516,-0.3105747126436782,0.29,11,长期阴跌,,37,0,0
414,Tec-9 | Phoenix Chalk (Factory New),65.0,61.0,436,30,0.0688,0.9385,steamdt-live,69.0,108,65.9,131,,7,9,9,2,10,0,0,0,-0.014792032806092648,-0.033744611268024305,-0.05166666666666664,-0.04803749267721147,0.09722222222222221,0.0,0.1333333333333333,-0.1333333333333333,-0.510910458991723,0.4,6,长期阴跌,,37,0,0
415,M4A1-S | Printstream (Factory New),2678.29,3690.0,641,43,0.0671,1.3777,steamdt-live,2696.0,474,2725.0,185,"溢价求购:买一高于卖一,多为定向收特定图案,买一价不可作退出价",7,0,12,2,4,3,4,5,-0.0001853568118628246,-0.006937337782721542,-0.010418577350599811,-0.007121408711770139,0.01746579111486124,0.0,0.023946793002915467,-0.021629223744292214,-0.0794672624162227,0.4,4,可能加速下跌,买一异常溢价(不作为可成交退出价),37,0,0
416,★ Sport Gloves | Omega (Field-Tested),1118.0,2020.0,889,57,0.0641,1.8068,steamdt-live,1125.9,752,1142.22,240,"溢价求购:买一高于卖一,多为定向收特定图案,买一价不可作退出价",7,0,12,5,4,0,6,3,-0.0005357621216180997,-0.0011614401858304202,0.00421449067431845,-0.0016965800517904084,0.0016965800517904084,0.007751937984496138,0.022299956274595578,0.0,-0.0972951150585386,0.4,5,回撤不明显,买一异常溢价(不作为可成交退出价),37,0,0
417,Galil AR | Stone Cold (Factory New),130.7,125.0,372,23,0.0618,0.9564,steamdt-live,125.71,153,128.61,116,,7,9,9,2,10,0,0,0,-0.02134487648331973,-0.045146038282620315,-0.019322257190953596,-0.0655272781550863,0.08291218047315618,0.0,0.11499858637263216,-0.08938181818181823,-0.34445026178010474,0.23,10,长期阴跌,,37,0,0
418,P250 | Wingshot (Factory New),40.43,38.2,225,13,0.0578,0.9448,steamdt-live,42.0,123,41.75,124,,3,9,7,2,6,4,6,0,-0.005393478793822015,-0.0034508257333004666,-0.008507535245503184,-0.008825692571708732,0.017258142926592113,0.0,0.039211026615969535,0.032167475108501264,-0.4075322391559203,0.21,3,长期阴跌,,37,0,0
419,Galil AR | Chromatic Aberration (Factory New),119.5,116.0,621,35,0.0564,0.9707,steamdt-live,122.0,195,124.0,192,,3,12,12,2,8,0,0,0,-0.016000000000000014,-0.028455284552845517,-0.007857766489403839,-0.04400000000000004,0.05771960258634279,0.004201680672268893,0.07148407148407143,-0.048415352763178876,-0.33389074693422527,0.4,11,长期阴跌,,37,0,0
420,P250 | Undertow (Factory New),264.3,231.0,142,8,0.0563,0.874,steamdt-live,268.93,87,266.43,106,,3,3,7,2,6,10,6,0,-0.019797904191616644,0.009125272040013677,-0.01033371606355793,-0.010853293413173537,0.01747211895910772,0.009125272040013677,0.04259943490545526,-0.038349585213214854,-0.337593984962406,0.27,10,长期阴跌,,37,0,0
421,M4A1-S | Icarus Fell (Factory New),2866.9,2820.0,608,24,0.0395,0.9836,steamdt-live,2929.0,402,2917.9,184,,3,12,12,2,4,0,4,0,0.01993006993006996,-0.017175179979430855,3.4965157220678833e-06,0.0024125874125875413,0.021535836177474343,0.013038869257950614,0.027510176390773355,-0.024366173217628018,-0.11774119095245417,0.4,9,可能加速下跌,,37,0,0
422,USP-S | 27 (Factory New),27.99,26.4,521,18,0.0345,0.9432,steamdt-live,25.66,95,28.09,208,,3,9,12,2,10,1,0,0,-0.06864436012418074,-0.04962962962962958,-0.02587365591397861,-0.11486719558468428,0.13776881720430112,0.0,0.13776881720430112,-0.13016949152542368,-0.486594637855142,0.11,6,长期阴跌,,37,0,0
423,AWP | Fever Dream (Factory New),110.5,106.0,1195,33,0.0276,0.9593,steamdt-live,112.0,476,111.88,466,,3,9,15,2,8,0,0,0,-0.006600369620698765,-0.02551381998582558,-0.011913043478260943,-0.03194578896418199,0.049183161898176175,0.00917431192660545,0.05982905982905984,-0.043145441892832204,-0.25093632958801493,0.21,14,可能加速下跌,,37,0,0
424,M4A4 | Sheet Lightning (Factory New),26.8,23.3,1098,20,0.0182,0.8694,steamdt-live,26.37,551,26.27,643,,3,3,15,2,8,0,6,0,0.0,-0.01462865716429107,-0.0014981273408238849,-0.01462865716429107,0.01647323099962561,0.010384615384615437,0.06145051804215784,-0.059434300035803855,-0.325372367745249,0.32,10,长期阴跌,,37,0,0
425,Glock-18 | Ghost Protocol (Factory New),3279.0,3000.0,10,18,1.8,0.9149,steamdt-live,3426.0,13,3422.0,15,,20,6,2,2,6,0,0,0,0.0,-0.006363636363636349,-0.017857142857142905,-0.006363636363636349,0.029738126941855292,0.0,0.04402332361516037,-0.04402332361516037,-0.015312358295370143,0.59,1,价格更新稀疏,,36,0,0
426,Tec-9 | Terrace (Factory New),788.4,649.0,18,6,0.3333,0.8232,steamdt-live,774.9,14,724.5,31,,20,3,2,2,2,0,2,5,-0.0006834335702570193,-0.009027492819039806,-0.0013650013650013948,-0.00970475669764903,0.011056511056511065,0.06575463371579882,0.011056511056511065,0.013428451531682706,-0.08695652173913049,0.18,3,可能加速下跌,,36,0,0
427,AK-47 | Asiimov (Factory New),1950.0,3000.0,234,68,0.2906,1.5385,steamdt-live,2000.0,87,2068.14,86,"溢价求购:买一高于卖一,多为定向收特定图案,买一价不可作退出价",17,0,7,2,10,0,0,0,-0.009569377990430672,-0.05797101449275366,-0.004761904761904745,-0.06698564593301437,0.10550458715596334,0.005154639175257714,0.12907548012505587,-0.12907548012505587,-0.2351441459109629,0.4,10,可能加速下跌,买一异常溢价(不作为可成交退出价),36,0,0
428,AK-47 | Wild Lotus (Factory New),94887.5,100250.0,111,19,0.1712,1.0565,steamdt-live,94887.5,107,97600.0,35,"溢价求购:买一高于卖一,多为定向收特定图案,买一价不可作退出价",14,0,7,2,2,0,6,5,0.0,-0.0011737027426749203,-0.005209642288682259,-0.0011737027426749203,0.006377230459914562,0.0023345234825598027,0.01043926247288507,-0.00814291388790167,-0.021783505154639227,0.17,2,回撤不明显,买一异常溢价(不作为可成交退出价),36,0,0
429,★ Sport Gloves | Occult (Field-Tested),3129.5,4380.0,271,45,0.1661,1.3996,steamdt-live,3158.0,315,3153.45,113,"溢价求购:买一高于卖一,多为定向收特定图案,买一价不可作退出价",14,0,9,5,2,0,6,0,0.017609046849757615,-0.0063502143197332606,0.0017802233371095877,0.011147011308562105,0.0063502143197332606,0.012947078815342294,0.0063502143197332606,0.0144246353322528,-0.051206645646374005,0.4,4,回撤不明显,买一异常溢价(不作为可成交退出价),36,0,0
430,★ Sport Gloves | Arid (Minimal Wear),7088.0,7650.0,167,27,0.1617,1.0793,steamdt-live,7250.0,41,7414.38,38,"溢价求购:买一高于卖一,多为定向收特定图案,买一价不可作退出价",14,0,7,5,10,0,0,0,-0.00521405049396273,-0.022344827586206928,-0.028137084944659274,-0.027442371020856227,0.05480730764101882,0.027247865576616848,0.09128205128205125,-0.061192052980132416,-0.21719433526126475,0.4,7,可能加速下跌,买一异常溢价(不作为可成交退出价),36,0,0
431,Glock-18 | Night (Factory New),189.99,171.0,32,5,0.1562,0.9,steamdt-live,320.0,24,201.7,43,,14,6,4,2,10,0,0,0,0.0022528735632183494,-0.12844625900270656,-0.002293577981651418,-0.12648275862068958,0.12848623853211005,0.0,0.14109403254972863,-0.05004999999999993,-0.3152773272786248,0.23,5,长期阴跌,,36,0,0
432,★ Broken Fang Gloves | Unhinged (Field-Tested),322.0,396.0,105,16,0.1524,1.2298,steamdt-live,310.0,126,306.45,97,"溢价求购:买一高于卖一,多为定向收特定图案,买一价不可作退出价",14,0,7,5,4,0,6,0,0.0,0.0,-0.0032679738562091387,0.0,0.006514657980456029,0.01836393989983298,0.016129032258064502,0.013289036544850585,-0.08496339853594137,0.18,10,回撤不明显,买一异常溢价(不作为可成交退出价),36,0,0
433,★ Moto Gloves | Blood Pressure (Field-Tested),715.0,1010.0,235,28,0.1191,1.4126,steamdt-live,709.9,230,725.0,130,"溢价求购:买一高于卖一,多为定向收特定图案,买一价不可作退出价",11,0,7,5,4,0,4,5,-0.0015577190542419572,-0.013762745862818337,0.006298110566830051,-0.015299026425591111,0.027472527472527486,0.0,0.027472527472527486,0.004968062455642297,-0.07692307692307687,0.4,10,可能加速下跌,买一异常溢价(不作为可成交退出价),36,0,0
434,★ Sport Gloves | Bronze Morph (Minimal Wear),801.0,1050.0,187,21,0.1123,1.3109,steamdt-live,789.5,113,810.27,91,"溢价求购:买一高于卖一,多为定向收特定图案,买一价不可作退出价",11,0,7,5,2,0,6,5,-0.0019047619047618536,0.004452926208651453,0.005747126436781658,0.0025396825396826195,0.006293266205160464,0.025324675324675416,0.010527635041985173,-0.00816582914572861,-0.05853873764294837,0.31,5,回撤不明显,买一异常溢价(不作为可成交退出价),36,0,0
435,★ Specialist Gloves | Marble Fade (Field-Tested),832.5,1280.0,377,41,0.1088,1.5375,steamdt-live,836.5,329,857.95,157,"溢价求购:买一高于卖一,多为定向收特定图案,买一价不可作退出价",11,0,9,5,4,0,4,3,-0.004778972520907976,-0.0006002400960384291,0.008433734939758963,-0.005376344086021501,0.008810572687224627,0.009090909090909038,0.01827830188679247,-0.008338296605122086,-0.07589330314029774,0.4,14,回撤不明显,买一异常溢价(不作为可成交退出价),36,0,0
436,Tec-9 | Snek-9 (Factory New),27.78,25.5,410,30,0.0732,0.9179,steamdt-live,29.16,109,29.43,121,,7,6,9,2,8,0,4,0,-0.010567101091933817,-0.014595941616233565,-0.006995452955578796,-0.025008805917576593,0.03182931094788388,0.0,0.05593451568894958,-0.05593451568894958,-0.37488708220415534,0.4,7,长期阴跌,,36,0,0
437,USP-S | Blueprint (Factory New),627.99,612.0,203,13,0.064,0.9745,steamdt-live,644.5,96,644.77,83,,7,12,7,2,8,0,0,0,-0.002307692307692344,-0.031626831148804935,-0.014389907352651332,-0.0338615384615385,0.04774974222114392,0.0,0.062001493651979045,-0.062001493651979045,-0.13678350515463922,0.32,6,可能加速下跌,,36,0,0
438,AWP | Elite Build (Factory New),419.0,388.0,367,23,0.0627,0.926,steamdt-live,424.66,86,426.06,131,,7,6,9,2,10,0,2,0,-0.0011732682560540164,-0.015646290466569623,-0.00662004662004656,-0.01680120142669428,0.025581395348837188,0.0,0.09659335920655454,-0.09659335920655454,-0.2775862068965518,0.39,5,可能加速下跌,,36,0,0
439,Glock-18 | Ironwork (Factory New),200.0,191.0,683,40,0.0586,0.955,steamdt-live,199.9,92,196.76,153,,3,9,12,2,10,0,0,0,-0.019230769230769273,-0.0354901960784314,0.017114914425427896,-0.05403846153846159,0.058564593301435486,0.03557894736842093,0.08483720930232563,-0.08056074766355148,-0.4178698224852071,0.36,15,长期阴跌,,36,0,0
440,Glock-18 | Bunsen Burner (Factory New),26.38,24.6,539,31,0.0575,0.9325,steamdt-live,25.95,210,28.07,164,,3,9,12,2,10,0,0,0,-0.0022222222222221255,-0.07572383073496669,-0.048960901725959904,-0.07777777777777783,0.11702127659574468,0.0,0.18092105263157898,-0.11071428571428577,-0.4238778343359556,0.22,9,长期阴跌,,36,0,0
441,Glock-18 | Snack Attack (Factory New),683.0,657.0,381,21,0.0551,0.9619,steamdt-live,713.0,71,696.6,107,,3,12,9,2,8,0,2,0,-0.0035714285714285587,-0.02078853046594986,0.007194244604316502,-0.024285714285714244,0.030504336470354443,0.0,0.0579310344827586,-0.0579310344827586,-0.22031963470319638,0.35,8,可能加速下跌,,36,0,0
442,Tec-9 | Remote Control (Factory New),169.0,160.0,586,32,0.0546,0.9467,steamdt-live,178.0,71,176.18,133,,3,9,12,2,10,0,0,0,-0.014044943820224698,-0.03703703703703709,-0.027269249685775265,-0.050561797752809,0.07645226515110115,0.0,0.10106382978723405,-0.061111111111111116,-0.2808510638297872,0.4,12,可能加速下跌,,36,0,0
443,★ Sport Gloves | Nocts (Field-Tested),3737.0,4230.0,999,52,0.0521,1.1319,steamdt-live,3789.0,833,3770.0,142,"溢价求购:买一高于卖一,多为定向收特定图案,买一价不可作退出价",3,0,15,5,2,0,6,5,0.002291105121293713,0.005244050020169366,-0.0077242382745635885,0.007547169811320753,0.0005347593582887278,0.010270270270270165,0.007303146992431286,0.010270270270270165,-0.028712485383915798,0.17,4,回撤不明显,买一异常溢价(不作为可成交退出价),36,0,0
444,★ Specialist Gloves | Tiger Strike (Field-Tested),998.5,1500.0,982,50,0.0509,1.5023,steamdt-live,998.0,827,1006.09,296,"溢价求购:买一高于卖一,多为定向收特定图案,买一价不可作退出价",3,0,15,5,2,0,6,5,0.0024040404040404084,0.005663153227594364,0.0,0.008080808080808133,0.0,0.01836734693877551,0.007360254625024876,0.0030150753768845018,-0.06685366993922393,0.4,13,回撤不明显,买一异常溢价(不作为可成交退出价),36,0,0
445,FAMAS | Neural Net (Factory New),40.88,37.4,529,23,0.0435,0.9149,steamdt-live,37.79,145,40.05,312,,3,6,12,2,10,0,0,3,-0.002172863351038279,-0.08565206871521891,-0.04606172270842934,-0.08763882182520533,0.12926267281105985,0.0026532236667551334,0.1716352476983779,-0.1716352476983779,-0.45998856816233213,0.31,5,长期阴跌,,36,0,0
446,Tec-9 | Jambiya (Factory New),35.6,33.1,305,13,0.0426,0.9298,steamdt-live,39.13,97,37.28,83,,3,6,9,2,10,1,2,3,-0.017232094776521323,-0.024657534246575352,-0.04915514592933956,-0.04146472805600432,0.08834827144686286,0.0,0.11398705823792932,-0.11398705823792932,-0.4774695435197416,0.18,9,长期阴跌,,36,0,0
447,AK-47 | Head Shot (Factory New),537.99,530.0,376,12,0.0319,0.9851,steamdt-live,529.0,202,557.68,131,,3,12,9,2,6,0,4,0,-0.002780006343638619,-0.010252956144289782,-0.004698235840297049,-0.013004459204806307,0.018534666691404356,0.0,0.036412320807300724,-0.036412320807300724,-0.14608555286521385,0.4,9,可能加速下跌,,36,0,0
448,★ Sport Gloves | Creme Pinstripe (Minimal Wear),1070.0,1270.0,41,17,0.4146,1.1869,steamdt-live,1059.5,41,1099.0,35,"溢价求购:买一高于卖一,多为定向收特定图案,买一价不可作退出价",20,0,4,5,6,0,0,0,-0.0092592592592593,-0.00981308411214954,0.023211747986736198,-0.018981481481481488,0.03197807217907722,0.038725490196078516,0.03197807217907722,-0.01716141001855287,-0.05401785714285712,0.15,7,可能加速下跌,买一异常溢价(不作为可成交退出价),35,0,0
449,★ Sport Gloves | Violet Beadwork (Field-Tested),1394.0,2580.0,152,42,0.2763,1.8508,steamdt-live,1406.0,158,1427.0,58,"溢价求购:买一高于卖一,多为定向收特定图案,买一价不可作退出价",17,0,7,5,2,0,4,0,-0.0007755302421219579,-0.0074052976360011735,-0.000718094560966942,-0.008175084845854497,0.008887308922858161,0.0032385750269880997,0.01134751773049647,0.07354639969195231,-0.03762512944425267,0.15,5,回撤不明显,买一异常溢价(不作为可成交退出价),35,0,0
450,Galil AR | Aqua Terrace (Factory New),876.7,784.0,29,7,0.2414,0.8943,steamdt-live,928.4,26,871.59,37,,17,6,2,2,2,0,6,0,-0.0022841740997499027,-0.0022894034959191067,0.012242774566473935,-0.004568348199499805,0.006961376324484458,0.007618497109826539,0.008091498805052888,-0.008091498805052888,-0.06491792726102352,0.4,2,回撤不明显,,35,0,0
451,★ Driver Gloves | Queen Jaguar (Minimal Wear),676.5,940.0,102,24,0.2353,1.3895,steamdt-live,677.5,62,679.48,74,"溢价求购:买一高于卖一,多为定向收特定图案,买一价不可作退出价",17,0,7,5,0,0,6,0,0.0,0.0,-0.0022123893805309214,0.0,0.0022123893805309214,0.0,0.0042831280081246925,0.0038432431630337494,-0.03632478632478631,0.4,4,回撤不明显,买一异常溢价(不作为可成交退出价),35,0,0
452,★ Hydra Gloves | Emerald (Field-Tested),200.0,196.0,113,15,0.1327,0.98,steamdt-live,198.0,100,196.44,484,,11,12,7,5,0,0,0,0,0.015625,0.007384615384615323,-0.004975124378109541,0.023125000000000062,0.0,0.06183783783783792,0.004358844399391826,-0.0003053435114503955,-0.09072394001110906,0.4,7,回撤不明显,,35,0,0
453,★ Driver Gloves | Rezan the Red (Minimal Wear),784.0,930.0,150,16,0.1067,1.1862,steamdt-live,829.0,77,791.95,74,"溢价求购:买一高于卖一,多为定向收特定图案,买一价不可作退出价",11,0,7,5,6,0,6,0,0.0,-0.020000000000000018,-0.012345679012345734,-0.020000000000000018,0.032098765432098775,0.0,0.032098765432098775,-0.014456316781898182,-0.11412429378531075,0.4,5,可能加速下跌,买一异常溢价(不作为可成交退出价),35,0,0
454,★ Hydra Gloves | Mangrove (Minimal Wear),213.79,232.0,133,13,0.0977,1.0852,steamdt-live,220.99,51,219.6,88,"溢价求购:买一高于卖一,多为定向收特定图案,买一价不可作退出价",7,0,7,5,4,1,6,5,-0.004633920296570948,-0.004702048417132287,-0.010091743119265972,-0.009314179796107602,0.019311926605504626,0.00844339622641499,0.023700794593113472,-0.0039601192694744825,-0.06641921397379913,0.4,5,暂未减速,买一异常溢价(不作为可成交退出价),35,0,0
455,★ Sport Gloves | Amphibious (Field-Tested),1859.99,2870.0,1078,75,0.0696,1.543,steamdt-live,1865.0,958,1849.48,253,"溢价求购:买一高于卖一,多为定向收特定图案,买一价不可作退出价",7,0,15,5,2,0,6,0,-0.0008702326385885417,0.0038193749425199375,0.0008547470922368738,0.0029458185591975106,0.007451349587581424,0.014460821833927495,0.007451349587581424,0.017565122018097012,-0.06522418136020147,0.4,14,回撤不明显,买一异常溢价(不作为可成交退出价),35,0,0
456,M4A1-S | Electrum (Factory New),35.6,47.0,515,35,0.068,1.3202,steamdt-live,37.38,479,35.2,202,"溢价求购:买一高于卖一,多为定向收特定图案,买一价不可作退出价",7,0,12,2,8,0,6,0,-0.0011191941801902416,-0.01680672268907568,-0.008599167822468612,-0.0179071068830442,0.029045643153526868,0.0028571428571428914,0.05645161290322587,-0.04929577464788737,-0.0847457627118644,0.4,19,可能加速下跌,买一异常溢价(不作为可成交退出价),35,0,0
457,★ Hand Wraps | CAUTION! (Field-Tested),787.99,851.0,598,40,0.0669,1.08,steamdt-live,798.99,491,795.38,217,"溢价求购:买一高于卖一,多为定向收特定图案,买一价不可作退出价",7,0,12,5,0,0,6,5,0.0064102564102563875,0.003808917197452244,0.0,0.010243589743589743,0.0024306566570874155,0.03005228758169931,0.0024306566570874155,0.029379490529066077,-0.047481475213654534,0.4,16,回撤不明显,买一异常溢价(不作为可成交退出价),35,0,0
458,Five-SeveN | Scumbria (Factory New),30.15,27.7,353,22,0.0623,0.9187,steamdt-live,30.88,69,30.58,126,,7,6,9,2,8,0,0,3,-0.014303877940241572,-0.02773298935827162,-0.01779581642210426,-0.041640178003814476,0.05869497346237906,0.0,0.06337371854613227,-0.0625,-0.4219708588957055,0.4,10,长期阴跌,,35,0,0
459,USP-S | Caiman (Factory New),424.5,401.0,248,15,0.0605,0.9446,steamdt-live,496.8,53,450.65,103,,7,9,7,2,10,0,0,0,-0.004302249399432134,-0.0689360208803983,-0.023459159735551238,-0.07294169032539854,0.09468969929622517,0.0,0.11279704056680673,-0.1048458521361394,-0.3131067961165048,0.4,10,长期阴跌,,35,0,0
460,Glock-18 | Reactor (Factory New),448.5,420.0,221,11,0.0498,0.9365,steamdt-live,465.0,54,449.0,109,,3,9,7,2,10,0,4,0,-0.007469900694261455,-0.007216221002302126,0.012591768631813105,-0.01463221724228847,0.016792353560154405,0.0,0.10299999999999998,-0.10299999999999998,-0.1776979208683216,0.4,9,可能加速下跌,,35,0,0
461,★ Specialist Gloves | Fade (Field-Tested),1045.5,1990.0,1106,42,0.038,1.9034,steamdt-live,1029.99,988,1067.59,413,"溢价求购:买一高于卖一,多为定向收特定图案,买一价不可作退出价",3,0,15,5,8,0,4,0,-0.009442433293320396,-0.017185114503816767,-0.01536528617961841,-0.02646527849979674,0.040977653631284916,0.009794117647058842,0.05201104463874828,-0.04885954381752711,-0.13203333698500852,0.4,11,可能加速下跌,买一异常溢价(不作为可成交退出价),35,0,0
462,FAMAS | Rapid Eye Movement (Factory New),99.29,93.0,370,14,0.0378,0.9367,steamdt-live,99.9,157,101.55,156,,3,9,9,2,8,0,4,0,-0.010503582997938632,-0.014980158730158677,-0.010970873786407709,-0.02532639638755274,0.03601941747572812,0.0,0.07594229874360159,-0.07162225338943429,-0.17078670452647393,0.28,10,可能加速下跌,,35,0,0
463,M4A1-S | Party Animal (Factory New),146.0,140.0,386,14,0.0363,0.9589,steamdt-live,150.0,257,150.87,462,,3,9,9,2,10,0,2,0,0.0005333333333334966,-0.027185501066098183,0.016949152542372836,-0.026666666666666616,0.04512753433616745,0.0,0.09820877084620139,-0.09541511771995048,-0.2150115597612775,0.4,13,可能加速下跌,,35,0,0
464,AWP | Lightning Strike (Factory New),2988.5,2930.0,595,15,0.0252,0.9804,steamdt-live,2999.49,472,3039.0,147,,3,12,12,2,2,0,4,0,-0.0040000000000000036,0.00016733601070950677,-0.0016638935108153063,-0.0038333333333333552,0.005457752337848176,0.01305084745762719,0.00990591041611455,-0.005517323998029955,-0.0287617809554761,0.29,6,回撤不明显,,35,0,0
465,Galil AR | Orange DDPAT (Factory New),559.9,451.0,9,3,0.3333,0.8055,steamdt-live,787.9,9,565.6,11,,8,3,2,2,10,0,6,3,0.0,0.0,0.0,0.0,0.01077738515901061,0.0,0.17284680159550891,0.0,-0.1867828612926652,0.23,2,暂未减速,,34,0,0
466,Desert Eagle | Sunset Storm 弐 (Factory New),3099.0,2950.0,50,10,0.2,0.9519,steamdt-live,3049.0,34,3333.0,46,,17,9,4,2,2,0,0,0,0.0,-0.0001639613051319655,-0.006353861192570864,-0.0001639613051319655,0.006516780710329129,0.0,0.006840390879478853,-0.009576154465840259,-0.04205049578363984,0.27,0,价格更新稀疏,,34,0,0
467,★ Hand Wraps | Arboreal (Minimal Wear),434.0,487.0,119,19,0.1597,1.1221,steamdt-live,446.5,97,441.4,109,"溢价求购:买一高于卖一,多为定向收特定图案,买一价不可作退出价",14,0,7,5,6,0,2,0,-0.004524886877828038,-0.013636363636363669,-0.003157419936851591,-0.018099547511312264,0.024719101123595544,0.014018691588784993,0.04299889746416763,-0.04405286343612336,-0.12676056338028174,0.31,11,可能加速下跌,买一异常溢价(不作为可成交退出价),34,0,0
468,★ Sport Gloves | Scarlet Shamagh (Minimal Wear),1964.0,2800.0,175,27,0.1543,1.4257,steamdt-live,1988.0,164,2049.46,64,"溢价求购:买一高于卖一,多为定向收特定图案,买一价不可作退出价",14,0,7,5,2,0,6,0,-4.568527918780152e-05,-0.0030001370620993395,-0.005050505050505083,-0.003045685279187804,0.008080808080808133,0.0020408163265306367,0.008080808080808133,0.012371134020618513,-0.09908256880733946,0.4,5,回撤不明显,买一异常溢价(不作为可成交退出价),34,0,0
469,AK-47 | Panthera onca (Factory New),2260.0,2080.0,116,13,0.1121,0.9204,steamdt-live,2299.0,32,2290.28,57,,11,6,7,2,6,0,2,0,-0.0008788340221883573,-0.01588518079843937,-0.013006754580704993,-0.016750054383293467,0.0295389451174215,0.0,0.04599486694583277,-0.017391304347826098,-0.21228830248129194,0.4,2,可能加速下跌,,34,0,0
470,AK-47 | Fire Serpent (Factory New),14750.0,13460.0,63,7,0.1111,0.9125,steamdt-live,14650.0,53,14790.0,36,,11,6,4,2,6,1,4,0,-0.008724832214765055,-0.008124576844956044,0.0,-0.016778523489932917,0.0298013245033113,0.0,0.03364116094986802,-0.013468013468013518,-0.03287562714549774,0.37,5,可能加速下跌,,34,0,0
471,MP9 | Deadly Poison (Factory New),58.0,54.0,163,18,0.1104,0.931,steamdt-live,58.41,60,56.3,50,,11,9,7,2,2,0,3,0,0.01426024955436711,-0.010544815465729385,0.08092485549132955,0.0035650623885916666,0.010544815465729385,0.09129676293855393,0.010544815465729385,0.03321710405579004,0.165631469979296,0.4,4,可能加速下跌,,34,0,0
472,★ Driver Gloves | Queen Jaguar (Field-Tested),292.0,403.0,249,22,0.0884,1.3801,steamdt-live,300.0,191,297.0,103,"溢价求购:买一高于卖一,多为定向收特定图案,买一价不可作退出价",7,0,7,5,4,0,6,5,0.0034482758620688614,0.0017182130584192379,0.00034494653328742686,0.005172413793103514,0.001712328767123239,0.010398613518197486,0.025018395879323085,0.015679442508710784,-0.05510534846029169,0.4,3,回撤不明显,买一异常溢价(不作为可成交退出价),34,0,0
473,★ Moto Gloves | Turtle (Field-Tested),352.5,495.0,335,28,0.0836,1.4043,steamdt-live,350.0,310,363.0,143,"溢价求购:买一高于卖一,多为定向收特定图案,买一价不可作退出价",7,0,9,5,2,0,6,5,0.0014347202295552641,0.002865329512893977,0.010144927536231974,0.004304160688665792,0.0,0.01449275362318847,0.014084507042253502,-0.008498583569405138,-0.06291834002677377,0.4,4,回撤不明显,买一异常溢价(不作为可成交退出价),34,0,0
474,★ Sport Gloves | Bronze Morph (Field-Tested),439.5,520.0,321,23,0.0717,1.1832,steamdt-live,447.5,228,456.25,173,"溢价求购:买一高于卖一,多为定向收特定图案,买一价不可作退出价",7,0,9,5,4,0,4,5,0.004509582863585049,-0.013468013468013518,0.009101251422070522,-0.009019165727170209,0.016778523489932917,0.02209302325581386,0.016778523489932917,-0.010112840379287835,-0.15317919075144504,0.4,17,可能加速下跌,买一异常溢价(不作为可成交退出价),34,0,0
475,Five-SeveN | Retrobution (Factory New),66.99,62.0,471,32,0.0679,0.9255,steamdt-live,67.0,131,67.86,97,,7,6,9,2,6,0,4,0,-0.001321779997062733,-0.016176470588235237,-0.002782659636789697,-0.017476868850051397,0.020354371064577492,0.0,0.03463203463203446,-0.04154727793696267,-0.29198857021907065,0.23,10,可能加速下跌,,34,0,0
476,AWP | Safari Mesh (Factory New),40.5,37.4,484,32,0.0661,0.9235,steamdt-live,42.44,116,41.78,166,,7,6,9,2,6,0,4,0,0.013671389510315768,-0.006866110838646411,0.01335012594458429,0.006711409395973256,0.006866110838646411,0.020408163265306145,0.03295128939828085,0.02583586626139822,-0.3082835183603757,0.4,5,长期阴跌,,34,0,0
477,MP9 | Food Chain (Factory New),98.43,93.0,197,13,0.066,0.9448,steamdt-live,99.85,128,102.6,99,,7,9,7,2,2,0,4,3,0.0,-0.00010159504216200599,0.004387755102040813,-0.00010159504216200599,0.001116411245306037,0.005311542390193935,0.007562770999294144,0.0262773722627736,-0.11643774126941375,0.4,4,回撤不明显,,34,0,0
478,MP9 | Music Box (Factory New),41.67,38.1,272,16,0.0588,0.9143,steamdt-live,41.65,94,41.2,114,,3,6,9,2,10,0,4,0,-0.005988023952095856,-0.0072289156626504925,-0.005952380952380931,-0.013173652694610682,0.01904761904761898,0.0,0.08015181960258977,-0.08015181960258977,-0.536036036036036,0.28,7,长期阴跌,,34,0,0
479,USP-S | Jawbreaker (Factory New),104.99,100.0,397,21,0.0529,0.9525,steamdt-live,107.5,220,111.63,185,,3,9,9,2,4,0,4,3,-0.0043441307016715,-0.004173385184482736,0.0050303720577069555,-0.008499386155444433,0.009434852344560762,0.009519230769230669,0.02651831247102454,-0.018785046728971966,-0.19775349583556212,0.4,8,回撤不明显,,34,0,0
480,★ Sport Gloves | Vice (Field-Tested),2621.5,5130.0,1491,75,0.0503,1.9569,steamdt-live,2656.0,1373,2655.71,297,"溢价求购:买一高于卖一,多为定向收特定图案,买一价不可作退出价",3,0,15,5,4,0,4,3,0.0003783579265985715,-0.008509833585476523,-0.004519774011299438,-0.008134695421869065,0.012989457831325324,0.0,0.017244611059044068,-0.015953453453453448,-0.07164105106593954,0.32,5,可能加速下跌,买一异常溢价(不作为可成交退出价),34,0,0
481,★ Driver Gloves | Brocade Crane (Minimal Wear),2540.0,3070.0,23,21,0.913,1.2087,steamdt-live,2489.99,25,2669.53,15,"溢价求购:买一高于卖一,多为定向收特定图案,买一价不可作退出价",20,0,2,5,0,0,6,0,0.01174089068825901,-0.0036054421768708655,0.008163265306122547,0.008093117408906725,0.0036054421768708655,0.020487704918032756,0.0036054421768708655,-4.016064257150731e-06,0.006666666666666599,0.15,5,回撤不明显,买一异常溢价(不作为可成交退出价),33,0,0
482,★ Specialist Gloves | Blackbook (Minimal Wear),3145.0,4040.0,42,22,0.5238,1.2846,steamdt-live,3229.5,59,3291.78,32,"溢价求购:买一高于卖一,多为定向收特定图案,买一价不可作退出价",20,0,4,5,4,0,0,0,-0.00031766200762384234,-0.0006355258976803446,0.01893510276743804,-0.000952986022871638,0.0014287982219399753,0.0015923566878981443,0.025863404057611894,-0.026014245896562427,-0.05555555555555558,0.15,0,价格更新稀疏,买一异常溢价(不作为可成交退出价),33,0,0
483,★ Sport Gloves | Violet Beadwork (Minimal Wear),3698.8,4380.0,57,23,0.4035,1.1842,steamdt-live,3697.5,72,3688.0,29,"溢价求购:买一高于卖一,多为定向收特定图案,买一价不可作退出价",20,0,4,5,2,0,2,0,-0.0030054054054053925,-0.00023855479169831995,-0.003769520732364029,-0.00324324324324321,0.007000538502961784,0.01878453038674044,0.010862277055115999,-0.00778597448438767,-0.06344595006399456,0.15,3,回撤不明显,买一异常溢价(不作为可成交退出价),33,0,0
484,Glock-18 | Synth Leaf (Factory New),2154.0,1930.0,25,5,0.2,0.896,steamdt-live,2097.98,27,2220.0,34,,17,6,2,2,6,0,0,0,0.0,-0.00024303189436203354,-0.0004810669206954943,-0.00024303189436203354,0.0007239819004525305,0.0,0.04507055075102406,-0.04528782707622292,-0.2080105700264251,0.14,0,价格更新稀疏,,33,0,0
485,P250 | Contamination (Factory New),50.5,39.0,65,6,0.0923,0.7723,steamdt-live,38.38,36,39.15,45,,7,1,4,2,6,4,4,5,-0.0030951766830024097,-0.006985769728331093,-0.017237008871989867,-0.010059324219757526,0.02440264361972544,0.0,0.045273631840796025,-0.04551106689878137,-0.3912767644726407,0.22,4,长期阴跌,,33,0,0
486,P250 | Mint Kimono (Factory New),83.65,65.0,182,11,0.0604,0.777,steamdt-live,77.18,92,80.87,81,,7,1,7,2,10,1,0,5,-0.01476377952755914,-0.03746253746253747,-0.07489187343501025,-0.05167322834645671,0.12249544626593811,0.0,0.1684108318049412,-0.17020131338141886,-0.4410847654267276,0.21,13,长期阴跌,,33,0,0
487,Galil AR | Sugar Rush (Factory New),869.5,830.0,322,19,0.059,0.9546,steamdt-live,899.1,72,899.9,95,,3,9,9,2,10,0,0,0,-0.022815465385493283,-0.03281423804226924,-0.01918997004232459,-0.05488103131555777,0.07251354695566836,0.01104651162790704,0.08472720765481745,-0.05949161709031914,-0.29538087520259315,0.27,8,可能加速下跌,,33,0,0
488,Five-SeveN | Buddy (Factory New),23.1,20.8,433,24,0.0554,0.9004,steamdt-live,23.38,147,23.05,182,,3,6,9,2,4,0,4,5,-0.0008576329331045907,-0.010729613733905574,-0.007659574468085073,-0.011578044596912473,0.020399490012749655,0.0021739130434783593,0.024545069826491628,-0.006037084950409666,-0.4373932145472297,0.4,4,长期阴跌,,33,0,0
489,Glock-18 | Wraiths (Factory New),34.6,32.2,404,22,0.0545,0.9306,steamdt-live,34.94,147,33.52,141,,3,9,9,2,10,0,0,0,0.0,-0.04064109902690316,-0.011598302687411688,-0.04064109902690316,0.07454445057979009,0.01024713682941547,0.09965081923180219,-0.09965081923180219,-0.42973800612453206,0.3,2,长期阴跌,,33,0,0
490,Galil AR | Dusk Ruins (Factory New),230.0,218.0,291,15,0.0515,0.9478,steamdt-live,268.96,48,245.17,97,,3,9,9,2,10,0,0,0,-0.024480651731160874,-0.03962587164390996,-0.0040567951318458695,-0.06313645621181263,0.06693711967545635,0.0,0.10676142762825747,-0.0980392156862745,-0.3570030752026838,0.4,4,长期阴跌,,33,0,0
491,★ Specialist Gloves | Fade (Minimal Wear),2932.5,5070.0,597,27,0.0452,1.7289,steamdt-live,2979.5,603,2963.99,165,"溢价求购:买一高于卖一,多为定向收特定图案,买一价不可作退出价",3,0,12,5,4,0,4,5,-0.0020418580908626582,0.0006820119352088927,-0.007263513513513509,-0.0013612387272418092,0.008246307749501525,0.011896551724137838,0.02183333333333337,-0.021344005336001337,-0.10927303080892392,0.17,6,回撤不明显,买一异常溢价(不作为可成交退出价),33,0,0
492,M4A1-S | Boreal Forest (Factory New),58.0,53.0,612,23,0.0376,0.9138,steamdt-live,55.0,115,58.34,120,,3,6,12,2,10,0,0,0,-0.011164274322169154,-0.11290322580645162,-0.020312499999999956,-0.1228070175438597,0.140625,0.0,0.22926008968609868,-0.23076923076923073,-0.485981308411215,0.31,7,长期阴跌,,33,0,0
493,★ Driver Gloves | King Snake (Field-Tested),826.1,1700.0,1605,41,0.0255,2.0579,steamdt-live,852.4,1455,840.0,291,"溢价求购:买一高于卖一,多为定向收特定图案,买一价不可作退出价",3,0,15,5,6,0,4,0,0.0049107677566175845,-0.015375446960667394,-0.009608540925266973,-0.010540184453227908,0.02004744958481608,0.0,0.043312101910828016,-0.025825471698113223,-0.08798851843674094,0.4,8,可能加速下跌,买一异常溢价(不作为可成交退出价),33,0,0
494,Tec-9 | Flash Out (Factory New),22.8,19.6,906,20,0.0221,0.8596,steamdt-live,19.08,209,19.92,114,,3,3,15,2,10,0,0,0,0.0,-0.09186101856258944,-0.04413102820746129,-0.09186101856258944,0.1343012704174229,0.0,0.2013394725826707,-0.2013394725826707,-0.535427319211103,0.37,7,长期阴跌,,33,0,0
495,Five-SeveN | Nightshade (Factory New),94.87,87.0,644,11,0.0171,0.917,steamdt-live,98.88,61,92.0,43,,3,6,12,2,8,0,2,0,-0.005495086124907456,-0.022420571671448286,0.02948215839860735,-0.02779245482405157,0.029842876726774215,0.0,0.0595931718286824,-0.060553456550597407,-0.4220016334736445,0.33,9,长期阴跌,,33,0,0
496,AWP | Queen's Gambit (Factory New),1345.0,2420.0,98,34,0.3469,1.7993,steamdt-live,1337.66,107,1400.0,53,"溢价求购:买一高于卖一,多为定向收特定图案,买一价不可作退出价",20,0,4,2,0,0,6,0,0.002996254681647992,-0.0010007468259894958,0.0083081570996979,0.00199250936329598,0.0017462686567163432,0.018006088280061006,0.0017462686567163432,0.007653483992467125,-0.009140740740740672,0.36,7,回撤不明显,买一异常溢价(不作为可成交退出价),32,0,0
497,★ Broken Fang Gloves | Unhinged (Minimal Wear),477.01,663.0,59,17,0.2881,1.3899,steamdt-live,497.9,61,483.1,60,"溢价求购:买一高于卖一,多为定向收特定图案,买一价不可作退出价",17,0,4,5,2,0,4,0,0.006269526745088072,-0.006022087934986375,0.01470212765957446,0.00020968316873193338,0.010352697095435737,0.014914893617021363,0.010352697095435737,-0.002071129707112984,-0.09227402473834445,0.19,10,可能加速下跌,买一异常溢价(不作为可成交退出价),32,0,0
498,M4A4 | Howl (Factory New),44950.0,52050.0,90,19,0.2111,1.158,steamdt-live,44999.5,107,45926.0,42,"溢价求购:买一高于卖一,多为定向收特定图案,买一价不可作退出价",17,0,4,5,0,0,6,0,0.0011123470522802492,-0.0011111111111110628,0.0,0.0,0.0011111111111110628,0.0,0.0011111111111110628,0.0033482142857141906,0.024174622342728158,0.4,2,回撤不明显,买一异常溢价(不作为可成交退出价),32,0,0
499,★ Broken Fang Gloves | Jade (Minimal Wear),737.9,880.0,76,16,0.2105,1.1926,steamdt-live,725.0,32,767.34,73,"溢价求购:买一高于卖一,多为定向收特定图案,买一价不可作退出价",17,0,4,5,6,0,0,0,0.0,0.0,-0.02671499530138266,0.0,0.0,0.007070328235473822,0.03410604849453769,0.00554785020804438,-0.09375,0.34,0,价格更新稀疏,买一异常溢价(不作为可成交退出价),32,0,0
500,★ Driver Gloves | Overtake (Minimal Wear),510.0,720.0,99,20,0.202,1.4118,steamdt-live,494.5,70,535.0,56,"溢价求购:买一高于卖一,多为定向收特定图案,买一价不可作退出价",17,0,4,5,4,0,2,0,0.0,-0.01100000000000001,-0.008900077305794007,-0.01100000000000001,0.028487229862475427,0.009183673469387754,0.028487229862475427,-0.02079207920792081,-0.10659439927732606,0.31,4,可能加速下跌,买一异常溢价(不作为可成交退出价),32,0,0
501,★ Sport Gloves | Superconductor (Minimal Wear),17149.5,31000.0,176,35,0.1989,1.8076,steamdt-live,17400.0,154,17188.0,42,"溢价求购:买一高于卖一,多为定向收特定图案,买一价不可作退出价",14,0,7,5,2,0,4,0,-0.0007267441860464574,-0.002210909090909041,-0.005780346820809301,-0.002936046511627932,0.008699421965317922,0.00879411764705873,0.01425492168414999,-0.01425492168414999,-0.107819165539486,0.38,5,回撤不明显,买一异常溢价(不作为可成交退出价),32,0,0
502,MP9 | Stained Glass (Factory New),879.5,790.0,50,8,0.16,0.8982,steamdt-live,893.98,25,848.0,58,,14,6,4,2,0,0,6,0,-0.0019335347432024586,0.026758687492432598,-0.0024110910186859735,0.02477341389728105,0.0,0.026758687492432598,0.0,0.022919179734619988,-0.030857142857142805,0.35,7,回撤不明显,,32,0,0
503,★ Moto Gloves | 3rd Commando Company (Minimal Wear),475.0,501.0,117,18,0.1538,1.0547,steamdt-live,477.5,43,480.67,80,"溢价求购:买一高于卖一,多为定向收特定图案,买一价不可作退出价",14,0,7,5,0,0,6,0,0.013015184381778733,0.017130620985010614,0.014859658778205942,0.030368763557483636,0.0,0.05030403537866235,0.0,0.09447004608294929,0.09447004608294929,0.31,10,回撤不明显,买一异常溢价(不作为可成交退出价),32,0,0
504,Desert Eagle | Fennec Fox (Factory New),2400.0,2820.0,438,63,0.1438,1.175,steamdt-live,2400.0,124,2394.5,96,"溢价求购:买一高于卖一,多为定向收特定图案,买一价不可作退出价",11,0,9,2,8,0,2,0,0.0019399262401671447,0.018936170212765946,-0.006581984675919861,0.020912831226417294,0.0,0.045866109919676434,0.05355731225296445,-0.010537190082644643,-0.26323076923076927,0.4,17,回撤不明显,买一异常溢价(不作为可成交退出价),32,0,0
505,M4A4 | Eye of Horus (Factory New),4050.0,5100.0,303,38,0.1254,1.2593,steamdt-live,4199.99,137,4099.5,97,"溢价求购:买一高于卖一,多为定向收特定图案,买一价不可作退出价",11,0,9,2,8,0,2,0,-0.007384987893462425,-0.01207464324917673,-0.006485508640929893,-0.01937046004842613,0.024801348422826885,0.012502531256328275,0.05813953488372092,-0.0294426364651581,-0.22547332185886404,0.39,7,可能加速下跌,买一异常溢价(不作为可成交退出价),32,0,0
506,★ Driver Gloves | Snow Leopard (Field-Tested),1644.5,2510.0,527,48,0.0911,1.5263,steamdt-live,1655.0,495,1667.95,178,"溢价求购:买一高于卖一,多为定向收特定图案,买一价不可作退出价",7,0,12,5,2,0,6,0,-0.0014568410829185474,0.0,0.0045121951219513345,-0.0014568410829185474,0.0024257125530624535,0.003109945728398067,0.008737571557698054,-0.008737571557698054,-0.0532319610472578,0.1,5,回撤不明显,买一异常溢价(不作为可成交退出价),32,0,0
507,★ Hand Wraps | Desert Shamagh (Field-Tested),229.66,257.0,249,20,0.0803,1.119,steamdt-live,225.0,217,230.47,217,"溢价求购:买一高于卖一,多为定向收特定图案,买一价不可作退出价",7,0,7,5,6,0,4,3,-0.006564551422319487,-0.010308370044052828,-0.0021834061135370675,-0.016805251641137886,0.027445887445887496,0.0,0.03579399141630901,-0.032055148642826325,-0.10344001915555912,0.18,11,可能加速下跌,买一异常溢价(不作为可成交退出价),32,0,0
508,FAMAS | Djinn (Factory New),235.99,214.0,139,10,0.0719,0.9068,steamdt-live,222.76,43,218.97,122,,7,6,7,2,8,0,2,0,-0.01444203251672349,-0.01573245830898551,-0.020013892506729247,-0.02994728215124265,0.04936181297212816,0.0,0.07805987116331936,-0.0765824653143845,-0.33645454545454545,0.23,12,长期阴跌,,32,0,0
509,★ Specialist Gloves | Crimson Web (Field-Tested),770.0,1200.0,578,38,0.0657,1.5584,steamdt-live,779.5,485,785.7,205,"溢价求购:买一高于卖一,多为定向收特定图案,买一价不可作退出价",7,0,12,5,6,0,2,0,0.0013904657422407762,-0.019108280254777066,0.0005232929164007416,-0.017744383921623585,0.023462270133164265,0.0032573289902280145,0.03737967245905738,-0.03737967245905738,-0.07894736842105265,0.4,11,可能加速下跌,买一异常溢价(不作为可成交退出价),32,0,0
510,AK-47 | Nightwish (Factory New),727.5,1100.0,886,35,0.0395,1.512,steamdt-live,748.29,218,759.51,133,"溢价求购:买一高于卖一,多为定向收特定图案,买一价不可作退出价",3,0,12,2,8,0,4,3,-0.006711409395973145,-0.01621621621621616,-0.01715039577836408,-0.02281879194630876,0.03703703703703709,0.0,0.054545454545454564,-0.053315994798439514,-0.1077337909057482,0.27,13,可能加速下跌,买一异常溢价(不作为可成交退出价),32,0,0
511,Glock-18 | Trace Lock (Factory New),34.9,32.0,305,10,0.0328,0.9169,steamdt-live,33.76,241,36.15,110,,3,6,9,2,10,0,2,0,-0.002866150759530006,-0.029606208680655444,0.07818294190358466,-0.03238750358268849,0.040363843092666385,0.04975124378109452,0.101410700026617,-0.052749719416386176,-0.19427207637231503,0.15,12,可能加速下跌,,32,0,0
512,FAMAS | Sundown (Factory New),680.99,577.0,14,6,0.4286,0.8473,steamdt-live,785.0,11,722.41,18,,20,3,2,2,4,0,0,0,0.0,0.0,0.0,0.0,0.0,0.0,0.024369627507163316,-0.024369627507163316,-0.1015963060686016,1.4,0,价格更新稀疏,,31,0,0
513,Glock-18 | Pink DDPAT (Factory New),518.49,414.0,19,6,0.3158,0.7985,steamdt-live,509.5,15,520.05,29,,20,1,2,2,0,0,6,0,0.009721039814686527,-0.0009803921568627416,-0.0020153721522989665,0.00873111722663289,0.0009803921568627416,0.011153449233944679,0.0009803921568627416,0.06145833333333339,-0.029523809523809508,0.4,3,回撤不明显,,31,0,0
514,AK-47 | X-Ray (Factory New),12200.0,15000.0,170,29,0.1706,1.2295,steamdt-live,12998.5,64,12548.25,58,"溢价求购:买一高于卖一,多为定向收特定图案,买一价不可作退出价",14,0,7,2,8,0,0,0,-0.00446901093731622,-0.0391809411301437,-0.00031351647920996317,-0.04347485201301504,0.04377473840968771,0.0,0.06128573077366983,-0.06128573077366983,-0.24364538127712332,0.39,4,可能加速下跌,买一异常溢价(不作为可成交退出价),31,0,0
515,AWP | Corticera (Factory New),868.38,1000.0,182,29,0.1593,1.1516,steamdt-live,933.59,49,888.88,62,"溢价求购:买一高于卖一,多为定向收特定图案,买一价不可作退出价",14,0,7,2,8,0,0,0,-0.00439560439560438,-0.04152317880794698,-0.010869565217391353,-0.045736263736263716,0.05559543230016317,0.0,0.07757512667169453,-0.045736263736263716,-0.2105636363636364,0.4,11,可能加速下跌,买一异常溢价(不作为可成交退出价),31,0,0
516,★ Sport Gloves | Hedge Maze (Minimal Wear),45998.0,67920.0,224,32,0.1429,1.4766,steamdt-live,46659.5,183,46602.9,53,"溢价求购:买一高于卖一,多为定向收特定图案,买一价不可作退出价",11,0,7,5,2,0,6,0,0.0,-4.347826086958939e-05,0.002178649237472685,-4.347826086958939e-05,0.006265122709989579,0.00039147455415400323,0.006265122709989579,-0.002201759238169565,-0.021319148936170262,0.29,4,回撤不明显,买一异常溢价(不作为可成交退出价),31,0,0
517,★ Specialist Gloves | Mogul (Minimal Wear),894.95,1430.0,184,23,0.125,1.5979,steamdt-live,908.5,160,940.0,66,"溢价求购:买一高于卖一,多为定向收特定图案,买一价不可作退出价",11,0,7,5,4,0,4,0,-0.00444080222372345,-0.0039266724509999795,-0.004421168687982369,-0.008350037098971197,0.012734288864387988,0.008957746478873263,0.015989010989010954,0.0175568181818182,-0.05343551797040169,0.13,17,暂未减速,买一异常溢价(不作为可成交退出价),31,0,0
518,★ Specialist Gloves | Lt. Commander (Minimal Wear),1064.5,1750.0,224,26,0.1161,1.644,steamdt-live,1083.3,191,1073.99,90,"溢价求购:买一高于卖一,多为定向收特定图案,买一价不可作退出价",11,0,7,5,6,0,2,0,-0.006046511627906925,-0.017313991576977106,-0.007286058602443579,-0.023255813953488413,0.029404424067072776,0.0,0.03669724770642202,-0.0318118948824343,-0.14545913260032717,0.18,7,可能加速下跌,买一异常溢价(不作为可成交退出价),31,0,0
519,AWP | Gungnir (Factory New),77777.0,77070.0,133,11,0.0827,0.9909,steamdt-live,77776.5,169,78199.0,40,,7,15,7,2,0,0,0,0,-6.428635714983422e-06,0.0,0.0,-6.428635714983422e-06,6.428635714983422e-06,0.0,6.428635714983422e-06,0.0012422760041195247,0.014684759083063659,0.35,0,价格更新稀疏,,31,0,0
520,P250 | Hive (Factory New),50.75,44.0,166,13,0.0783,0.867,steamdt-live,43.06,94,44.14,136,,7,3,7,2,10,0,2,0,0.0,-0.01987662782727906,-0.01618341200269724,-0.01987662782727906,0.0357383681726231,0.0,0.08723404255319156,-0.0868454661558109,-0.5124445959768156,0.4,5,长期阴跌,,31,0,0
521,★ Specialist Gloves | Mogul (Field-Tested),640.0,690.0,326,22,0.0675,1.0781,steamdt-live,639.0,269,634.0,208,"溢价求购:买一高于卖一,多为定向收特定图案,买一价不可作退出价",7,0,9,5,6,0,4,0,-0.00852713178294573,-0.008600469116497256,0.0078125,-0.01705426356589146,0.01705426356589146,0.0,0.03790706849980274,-0.02520026445671053,-0.0942857142857143,0.4,15,可能加速下跌,买一异常溢价(不作为可成交退出价),31,0,0
522,Tec-9 | Safety Net (Factory New),83.0,69.0,459,28,0.061,0.8313,steamdt-live,80.0,111,82.88,95,,7,3,9,2,10,0,0,0,-0.014000000000000012,-0.04545996897744897,-0.03398113421979765,-0.05882352941176472,0.09080577338333895,0.0,0.11002336188675044,-0.1097262408190518,-0.3984962406015038,0.32,8,长期阴跌,,31,0,0
523,★ Sport Gloves | Amphibious (Minimal Wear),4000.0,7490.0,534,31,0.0581,1.8725,steamdt-live,4023.0,467,4040.0,125,"溢价求购:买一高于卖一,多为定向收特定图案,买一价不可作退出价",3,0,12,5,2,0,6,3,-0.0028637383489428236,-0.0035537419179217933,-0.0010621890547263257,-0.00640730327985195,0.012251546606130925,0.0,0.01384083044982698,-0.006102877070618962,-0.06117647058823528,0.06,5,可能加速下跌,买一异常溢价(不作为可成交退出价),31,0,0
524,P250 | Inferno (Factory New),47.99,45.5,350,20,0.0571,0.9481,steamdt-live,48.0,112,50.58,98,,3,9,9,2,8,0,0,0,-0.01807228915662651,-0.018609406952965202,0.061833688699360234,-0.03634538152610434,0.05064292779426305,0.043260869565217464,0.05064292779426305,-0.017805976258698286,-0.39997499374843715,0.4,5,长期阴跌,,31,0,0
525,M4A1-S | Fade (Factory New),1153.5,1520.0,1790,85,0.0475,1.3177,steamdt-live,1154.0,1446,1166.88,950,"溢价求购:买一高于卖一,多为定向收特定图案,买一价不可作退出价",3,0,15,2,6,1,4,0,-0.008577715130470676,-0.007368877329865575,-0.0072696245733788745,-0.015883384329769323,0.025531914893617058,0.008810572687224738,0.03253062948880436,-0.012845934994396124,-0.13290420295342675,0.14,15,可能加速下跌,买一异常溢价(不作为可成交退出价),31,0,0
526,P250 | Visions (Factory New),49.8,46.5,423,15,0.0355,0.9337,steamdt-live,51.0,347,51.38,251,,3,9,9,2,8,0,0,0,0.0,-0.0041999999999999815,-0.05838041431261776,-0.0041999999999999815,0.06233521657250474,0.0,0.07367441860465118,0.04821052631578948,-0.1936842105263158,0.15,1,价格更新稀疏,,31,0,0
527,MP9 | Hypnotic (Factory New),92.9,85.0,533,16,0.03,0.915,steamdt-live,90.82,205,95.0,261,,3,6,12,2,8,0,0,0,-0.00339316987740812,-0.004722679846238198,0.02180964097975613,-0.008099824868651462,0.03194103194103193,0.07880952380952388,0.07123091114071933,-0.0705641025641025,-0.2384873949579831,0.4,11,可能加速下跌,,31,0,0
528,AWP | Medusa (Factory New),29500.0,26280.0,10,12,1.2,0.8908,steamdt-live,31000.0,22,30116.89,13,,20,6,2,2,0,0,0,0,0.0,0.0,0.0,0.0,0.0,0.0,0.0,0.0535714285714286,-0.032786885245901676,0.4,0,价格更新稀疏,,30,0,0
529,P250 | Apep's Curse (Factory New),698.49,600.0,67,7,0.1045,0.859,steamdt-live,700.0,40,701.98,62,,11,3,4,2,4,0,6,0,0.0,-0.0021571428571428575,0.0,-0.0021571428571428575,0.0021571428571428575,0.0,0.01621126760563374,-0.01621126760563374,-0.16637028726921188,0.4,3,回撤不明显,,30,0,0
530,Five-SeveN | Triumvirate (Factory New),79.89,72.0,232,23,0.0991,0.9012,steamdt-live,82.27,180,82.51,228,,7,6,7,2,8,0,0,0,-0.004941545136796344,-0.03234011627906974,-0.006941950927588203,-0.03712185127154388,0.04380610412926389,0.0,0.0706142391810144,-0.0706142391810144,-0.3761030847325264,0.4,5,长期阴跌,,30,0,0
531,★ Sport Gloves | Ultra Violent (Field-Tested),5730.0,7420.0,536,50,0.0933,1.2949,steamdt-live,5785.0,573,5980.2,156,"溢价求购:买一高于卖一,多为定向收特定图案,买一价不可作退出价",7,0,12,5,2,0,4,0,-0.004160166406656285,-0.0026109660574412663,-0.003024280653244671,-0.006760270410816394,0.009849663037843404,0.005439550798385762,0.009849663037843404,0.011384696849351394,-0.05756578947368418,0.3,12,回撤不明显,买一异常溢价(不作为可成交退出价),30,0,0
532,AWP | Pink DDPAT (Factory New),848.0,700.0,33,3,0.0909,0.8255,steamdt-live,988.98,16,830.46,43,,7,3,4,2,6,0,3,5,0.02564102564102555,0.03807500000000008,-0.006369426751592355,0.06469230769230783,0.0,0.06469230769230783,0.039930635838150264,-0.039930635838150264,-0.17036963036963038,0.4,2,回撤不明显,,30,0,0
533,★ Specialist Gloves | Lt. Commander (Field-Tested),644.5,821.0,509,36,0.0707,1.2739,steamdt-live,674.5,444,670.69,189,"溢价求购:买一高于卖一,多为定向收特定图案,买一价不可作退出价",7,0,12,5,6,0,0,0,0.008915304606240682,-0.030927835051546393,-0.008836524300441795,-0.022288261515601815,0.03221061920870716,0.02094647013188511,0.032352941176470584,-0.028782287822878283,-0.1037009793905711,0.14,8,可能加速下跌,买一异常溢价(不作为可成交退出价),30,0,0
534,P250 | Black & Tan (Factory New),57.27,52.0,63,4,0.0635,0.908,steamdt-live,57.07,56,56.9,56,,7,6,4,2,4,3,4,0,-0.005226480836236891,-0.00350262697022774,-0.005199306759098854,-0.008710801393728262,0.013864818024263537,0.0,0.018965517241379293,0.016071428571428514,-0.24625778248774666,0.4,5,暂未减速,,30,0,0
535,★ Moto Gloves | Transport (Field-Tested),212.9,252.0,265,16,0.0604,1.1837,steamdt-live,213.49,202,217.3,222,"溢价求购:买一高于卖一,多为定向收特定图案,买一价不可作退出价",7,0,9,5,4,0,2,3,-0.002331002331002363,-0.005140186915887801,-0.0023255813953488857,-0.007459207459207473,0.014351851851851838,0.014292520247737084,0.01889400921658979,-0.007459207459207473,-0.045291479820627756,0.4,8,可能加速下跌,买一异常溢价(不作为可成交退出价),30,0,0
536,Glock-18 | Gamma Doppler (Factory New),611.26,2400.0,1723,98,0.0569,3.9263,steamdt-live,621.44,625,625.0,470,"溢价求购:买一高于卖一,多为定向收特定图案,买一价不可作退出价",3,0,15,2,8,0,2,0,-0.011111111111111072,-0.0160513643659711,-0.020979020979020935,-0.026984126984127,0.046656298600311064,0.005923956743628889,0.056923076923076965,-0.04961240310077519,-0.24784353182247632,0.17,18,可能加速下跌,买一异常溢价(不作为可成交退出价),30,0,0
537,★ Hand Wraps | Constrictor (Field-Tested),258.0,309.0,460,25,0.0543,1.1977,steamdt-live,264.3,318,260.0,200,"溢价求购:买一高于卖一,多为定向收特定图案,买一价不可作退出价",3,0,9,5,2,0,6,5,-0.0013993625126331732,0.004281821720513834,-0.0005439005439005218,0.0028764673870793622,0.0,0.03614457831325302,0.006928406466512715,0.0003877471888329431,-0.08510638297872342,0.39,10,回撤不明显,买一异常溢价(不作为可成交退出价),30,0,0
538,USP-S | Blood Tiger (Factory New),98.25,90.0,376,20,0.0532,0.916,steamdt-live,89.5,82,100.05,134,,3,6,9,2,10,0,0,0,-0.0010020040080159776,-0.10230692076228687,-0.008149473265752438,-0.10320641282565124,0.11386138613861385,0.0,0.138594802694899,-0.10499999999999998,-0.36012011153213697,0.31,7,长期阴跌,,30,0,0
539,Tec-9 | Mummy's Rot (Factory New),64.0,58.0,464,22,0.0474,0.9062,steamdt-live,58.88,84,64.9,105,,3,6,9,2,10,0,0,0,-0.04492753623188395,-0.10652503793626711,-0.011319673305631217,-0.1466666666666666,0.15632612122080536,0.0,0.1588571428571428,-0.1588571428571428,-0.4695495495495495,0.4,10,长期阴跌,,30,0,0
540,★ Specialist Gloves | Crimson Kimono (Minimal Wear),17128.0,20250.0,365,17,0.0466,1.1823,steamdt-live,17000.0,355,18180.0,77,"溢价求购:买一高于卖一,多为定向收特定图案,买一价不可作退出价",3,0,9,5,2,0,6,5,-5.882352941177782e-05,5.882698982295764e-05,0.011904761904761862,0.0,0.01154170421839118,0.011964997916542597,0.011627906976744207,-0.011627906976744207,5.882698982295764e-05,0.4,2,可能加速下跌,买一异常溢价(不作为可成交退出价),30,0,0
541,★ Specialist Gloves | Field Agent (Field-Tested),752.0,1160.0,733,34,0.0464,1.5426,steamdt-live,748.49,576,758.55,178,"溢价求购:买一高于卖一,多为定向收特定图案,买一价不可作退出价",3,0,12,5,4,0,6,0,0.0,-0.0013475650433621977,-0.0033244680851063357,-0.0013475650433621977,0.004654317211665093,0.025328767123287577,0.02717702105536779,-0.03295865633074935,-0.07944999938506192,0.4,7,回撤不明显,买一异常溢价(不作为可成交退出价),30,0,0
542,Galil AR | Firefight (Factory New),64.9,57.0,584,27,0.0462,0.8783,steamdt-live,65.2,116,66.96,207,,3,3,12,2,6,0,4,0,-0.004573170731707266,-0.006125574272587975,-0.0015220700152208666,-0.010670731707316916,0.0121765601217656,0.0,0.04530744336569581,-0.04263165658651724,-0.34444444444444444,0.33,3,长期阴跌,,30,0,0
543,Desert Eagle | Heat Treated (Factory New),193.0,3400.0,1592,71,0.0446,17.6166,steamdt-live,209.5,315,199.0,364,"溢价求购:买一高于卖一,多为定向收特定图案,买一价不可作退出价",3,0,15,2,10,0,0,0,-0.01667616875712652,-0.06749770498139829,-0.032809484422387736,-0.08304827061953624,0.11313298410072603,0.018577158539159866,0.16982105987611829,-0.16982105987611829,-0.38730158730158726,0.4,13,长期阴跌,买一异常溢价(不作为可成交退出价),30,0,0
544,P250 | Vino Primo (Factory New),114.49,103.0,413,13,0.0315,0.8996,steamdt-live,122.21,112,134.66,87,,3,6,9,2,8,0,2,0,-0.016584715392949367,-0.029745762711864465,0.054486334475788656,-0.045837153096091376,0.0675191399250693,0.015252283408707878,0.0675191399250693,-0.025368179109559907,-0.1912263351229161,0.34,4,可能加速下跌,,30,0,0
545,AWP | Exothermic (Factory New),55.0,51.0,424,13,0.0307,0.9273,steamdt-live,54.99,258,54.47,316,,3,6,9,2,4,0,6,0,0.0010869565217390686,-0.014296055012667397,0.01377410468319562,-0.013224637681159446,0.022082585278276556,0.047499999999999876,0.022082585278276556,0.07097915847424296,-0.1497034030596316,0.4,13,可能加速下跌,,30,0,0
546,★ Driver Gloves | Wave Chaser (Minimal Wear),3030.0,3340.0,40,25,0.625,1.1023,steamdt-live,3044.88,53,3167.01,17,"溢价求购:买一高于卖一,多为定向收特定图案,买一价不可作退出价",20,0,4,5,0,0,0,0,0.0,0.010677153692974395,0.0,0.010677153692974395,0.003289473684210509,0.04482758620689653,0.003289473684210509,-0.0009891196834816984,-0.017668990111849525,0.35,6,回撤不明显,买一异常溢价(不作为可成交退出价),29,0,0
547,★ Specialist Gloves | Pillow Punchers (Minimal Wear),8493.0,11130.0,69,37,0.5362,1.3105,steamdt-live,8585.5,85,8658.96,32,"溢价求购:买一高于卖一,多为定向收特定图案,买一价不可作退出价",20,0,4,5,0,0,0,0,0.002715466351830065,0.0,0.0024855012427507095,0.002715466351830065,0.0,0.006756756756756799,0.0,0.01469534050179222,-0.0004707543839002071,0.4,1,价格更新稀疏,买一异常溢价(不作为可成交退出价),29,0,0
548,★ Sport Gloves | Occult (Minimal Wear),5997.5,7020.0,87,32,0.3678,1.1705,steamdt-live,6080.0,94,6018.63,34,"溢价求购:买一高于卖一,多为定向收特定图案,买一价不可作退出价",20,0,4,5,0,0,0,0,0.0006672226855712893,-0.0002500416736123112,-0.0006667777962994226,0.0004170141784820558,0.0004166666666666208,0.007983193277310896,0.0004166666666666208,0.021894700971204717,-0.030785391079508728,0.4,1,价格更新稀疏,买一异常溢价(不作为可成交退出价),29,0,0
549,★ Specialist Gloves | Sunburst (Field-Tested),1019.5,1480.0,144,42,0.2917,1.4517,steamdt-live,1010.0,185,1032.97,66,"溢价求购:买一高于卖一,多为定向收特定图案,买一价不可作退出价",17,0,7,5,0,0,0,0,0.0,0.0004952947003467045,0.0,0.0004952947003467045,0.0,0.00899100899100902,0.0049261083743842304,0.005575467941059342,-0.05515641371052238,0.15,1,价格更新稀疏,买一异常溢价(不作为可成交退出价),29,0,0
550,Desert Eagle | Sunset Storm 壱 (Factory New),3179.47,3010.0,46,8,0.1739,0.9467,steamdt-live,3188.0,33,3195.37,48,,14,9,4,2,0,0,0,0,-0.0002263994314858353,-0.0001572574304136154,-0.0014757042563079414,-0.0003836212589065635,0.001858759403689958,0.0,0.0020342303200773237,0.03285378247365056,0.009526833915528776,0.4,0,价格更新稀疏,,29,0,0
551,USP-S | Royal Blue (Factory New),577.5,520.0,45,6,0.1333,0.9004,steamdt-live,606.5,39,610.0,45,,11,6,4,2,6,0,0,0,0.0,-0.004310344827586188,-0.01561439239646989,-0.004310344827586188,0.019024970273484043,0.0,0.036536536536536546,-0.037339556592765444,-0.05405405405405406,0.17,1,价格更新稀疏,,29,0,0
552,MP9 | Setting Sun (Factory New),270.5,243.0,83,9,0.1084,0.8983,steamdt-live,268.97,22,275.0,64,,11,6,4,2,0,0,6,0,0.001206045302076575,0.012497647280256263,-0.0020686023770122297,0.01371876531112215,0.0,0.014215686274509975,0.0001115241635686326,0.02464761904761925,-0.05458699472759221,0.4,4,回撤不明显,,29,0,0
553,★ Specialist Gloves | Field Agent (Minimal Wear),1808.9,2780.0,332,29,0.0873,1.5368,steamdt-live,1750.0,258,1782.24,73,"溢价求购:买一高于卖一,多为定向收特定图案,买一价不可作退出价",7,0,9,5,6,0,2,0,-0.0022222222222222365,-0.025612472160356337,-0.004424778761061954,-0.02777777777777779,0.03207964601769908,0.0,0.047359825802939626,-0.03314917127071826,-0.07894736842105265,0.4,8,可能加速下跌,买一异常溢价(不作为可成交退出价),29,0,0
554,★ Sport Gloves | Big Game (Minimal Wear),1239.0,1610.0,234,19,0.0812,1.2994,steamdt-live,1283.0,186,1271.0,75,"溢价求购:买一高于卖一,多为定向收特定图案,买一价不可作退出价",7,0,7,5,8,0,2,0,-0.01175563842458871,-0.02394063290241777,-0.000389108086444212,-0.03541483390294986,0.03579016179114236,0.0,0.05165023574796401,-0.008006405124099225,-0.09488048623692369,0.4,16,可能加速下跌,买一异常溢价(不作为可成交退出价),29,0,0
555,Tec-9 | Rust Leaf (Factory New),87.19,80.0,118,5,0.0424,0.9175,steamdt-live,114.0,26,87.49,44,,3,6,7,2,0,0,6,5,0.005533141210374737,-0.0004585578356071096,0.0020792422317201797,0.005072046109509953,0.0011456065986941155,0.02891196601368895,0.0011456065986941155,0.025885398282150973,-0.22566607460035526,0.14,6,回撤不明显,,29,0,0
556,M4A4 | Zirka (Factory New),577.9,443.0,10,4,0.4,0.7666,steamdt-live,575.0,9,522.88,21,,8,1,2,2,10,3,2,0,-0.02559976594499702,-0.01876595105839962,-0.031865174904404436,-0.043885313048566466,0.07435207477694372,0.0,0.09045365989423881,-0.09045365989423881,-0.11675675675675679,0.4,10,可能加速下跌,,28,0,0
557,M4A1-S | Imminent Danger (Factory New),8447.5,10430.0,33,12,0.3636,1.2347,steamdt-live,8499.5,30,8887.9,25,"溢价求购:买一高于卖一,多为定向收特定图案,买一价不可作退出价",20,0,4,2,2,0,0,0,0.0,-0.0060595364160489495,-0.00011764705882355564,-0.0060595364160489495,0.006176470588235339,0.0,0.006176470588235339,-0.006118006941584819,-0.10797254487856389,0.4,1,价格更新稀疏,买一异常溢价(不作为可成交退出价),28,0,0
558,FAMAS | Prime Conspiracy (Factory New),565.0,417.0,25,5,0.2,0.7381,steamdt-live,507.0,25,519.3,38,,17,1,2,2,0,0,6,0,0.0009852216748769127,-0.0019685039370078705,0.0,-0.0009852216748768017,0.0019685039370078705,0.0,0.0019685039370078705,0.0,-0.1105263157894737,1.4,3,回撤不明显,,28,0,0
559,MP9 | Pandora's Box (Factory New),810.5,713.0,48,7,0.1458,0.8797,steamdt-live,879.8,42,831.13,51,,11,3,4,2,2,0,6,0,-0.0012285012285012664,-0.0030750307503074614,-0.003671970624234966,-0.004299754299754266,0.00795593635250913,0.0,0.00916870415647919,-0.003687768899815591,-0.14814230910715231,0.22,7,回撤不明显,,28,0,0
560,MP9 | Dart (Factory New),21.37,19.3,111,14,0.1261,0.9031,steamdt-live,20.89,96,21.1,119,,11,6,7,2,2,0,0,0,-0.0004761904761905189,-0.004764173415912287,0.11111111111111116,-0.005238095238095264,0.005238095238095264,0.11117021276595751,0.005238095238095264,0.15542035398230092,-0.513053613053613,0.4,6,长期阴跌,,28,0,0
561,P250 | Digital Architect (Factory New),235.0,216.0,25,3,0.12,0.9191,steamdt-live,287.5,20,244.4,39,,8,6,2,2,10,0,0,0,0.00042571306939120923,0.0,-0.02206494587843455,0.00042571306939120923,0.02164862614487917,0.004702864471996637,0.10168195718654438,-0.10168195718654438,-0.28981565427621636,0.4,0,价格更新稀疏,,28,0,0
562,FAMAS | Night Borre (Factory New),67.79,62.0,246,18,0.0732,0.9146,steamdt-live,71.76,85,68.01,107,,7,6,7,2,2,0,4,0,-0.0017618558214653746,-0.0029416090601557254,-0.0014660606949127297,-0.004698282190573999,0.006157454918633398,0.011791044776119586,0.006157454918633398,0.043083551315587165,-0.44104551451187335,0.4,8,长期阴跌,,28,0,0
563,Tec-9 | Blast From the Past (Factory New),44.47,41.6,69,5,0.0725,0.9355,steamdt-live,45.7,35,47.19,53,,7,9,4,2,2,0,4,0,0.0,-0.00714445188658186,-0.00022321428571425717,-0.00714445188658186,0.007366071428571375,0.0,0.011777777777777776,-0.0067009157918249684,-0.37366197183098593,0.4,3,长期阴跌,,28,0,0
564,★ Sport Gloves | Big Game (Field-Tested),839.5,953.0,759,41,0.054,1.1352,steamdt-live,835.0,581,845.0,174,"溢价求购:买一高于卖一,多为定向收特定图案,买一价不可作退出价",3,0,12,5,4,0,4,0,0.0,-0.010727056019070313,0.012062726176115701,-0.010727056019070313,0.011316259678380014,0.0012062726176116367,0.016587677725118488,0.0018105009052504784,-0.08163491115094379,0.18,13,可能加速下跌,买一异常溢价(不作为可成交退出价),28,0,0
565,Glock-18 | Red Tire (Factory New),72.5,61.0,318,15,0.0472,0.8414,steamdt-live,80.2,77,73.46,168,,3,3,9,2,8,0,0,3,-0.009617918313570506,-0.03551948915790881,0.05402027496181083,-0.044795783926218746,0.05709455065678237,0.006804610470767969,0.05709455065678237,-0.005623371279659839,-0.4926522043386984,0.84,13,长期阴跌,,28,0,0
566,AK-47 | Vulcan (Factory New),3649.5,5710.0,859,35,0.0407,1.5646,steamdt-live,3650.0,706,3690.0,185,"溢价求购:买一高于卖一,多为定向收特定图案,买一价不可作退出价",3,0,12,2,0,0,6,5,0.00643646408839782,0.0017017539044272834,-0.004126547455295726,0.008149171270718236,0.0001369863013698236,0.010941828254847685,0.0028688524590163578,0.0044034677308379955,-0.04438334642576591,0.4,3,回撤不明显,买一异常溢价(不作为可成交退出价),28,0,0
567,★ Driver Gloves | Plum Quill (Minimal Wear),1040.0,1230.0,11,12,1.0909,1.1827,steamdt-live,1040.0,16,1118.26,20,"溢价求购:买一高于卖一,多为定向收特定图案,买一价不可作退出价",20,0,2,5,0,0,0,0,0.0004810004810005264,0.0,0.0,0.0004810004810005264,0.0,0.004830917874396157,0.0,0.009708737864077666,-0.05946190368528148,0.4,1,价格更新稀疏,买一异常溢价(不作为可成交退出价),27,0,0
568,Tec-9 | Brass (Factory New),450.0,361.0,10,5,0.5,0.8022,steamdt-live,480.0,9,474.13,39,,20,3,2,2,0,0,0,0,0.0,0.0,0.006959206963682352,0.0,0.0,0.006959206963682352,0.0,0.00222717149220486,-0.1477272727272727,0.4,0,价格更新稀疏,,27,0,0
569,Five-SeveN | Crimson Blossom (Factory New),573.49,464.0,14,5,0.3571,0.8091,steamdt-live,544.5,27,622.2,25,,20,3,2,2,0,0,0,0,0.0,0.0,0.0,0.0,0.0,0.0,0.0009174311926605228,-0.0009174311926605228,-0.04973821989528793,0.33,0,价格更新稀疏,,27,0,0
570,Desert Eagle | Hand Cannon (Factory New),2648.5,2230.0,20,7,0.35,0.842,steamdt-live,2977.5,30,2665.66,33,,20,3,2,2,0,0,0,0,0.005883000824151718,0.0,0.022377280246022035,0.005883000824151718,0.0,0.028527712190878685,0.0,0.02757397873075118,-0.04386281588447649,0.23,1,价格更新稀疏,,27,0,0
571,★ Broken Fang Gloves | Needle Point (Minimal Wear),369.5,415.0,98,16,0.1633,1.1231,steamdt-live,359.9,57,378.8,52,"溢价求购:买一高于卖一,多为定向收特定图案,买一价不可作退出价",14,0,4,5,4,0,0,0,-0.0002777777777778212,0.0,-0.024152232251768768,-0.0002777777777778212,0.024423301076143322,0.0,0.024423301076143322,-0.01666666666666672,-0.0700258397932817,0.4,0,价格更新稀疏,买一异常溢价(不作为可成交退出价),27,0,0
572,MP9 | Dark Age (Factory New),498.5,430.0,29,3,0.1034,0.8626,steamdt-live,524.8,32,508.44,33,,8,3,2,2,8,0,4,0,0.006054490413723412,0.0,-0.006018054162487463,0.006054490413723412,0.0,0.0173469387755103,0.059433962264150986,-0.05925646348367608,0.003018108651911433,0.22,3,回撤不明显,,27,0,0
573,★ Specialist Gloves | Tiger Strike (Minimal Wear),2050.0,3390.0,314,30,0.0955,1.6537,steamdt-live,2084.5,254,2109.5,95,"溢价求购:买一高于卖一,多为定向收特定图案,买一价不可作退出价",7,0,9,5,6,0,0,0,0.0,-0.008943678994440374,-0.02406227883934886,-0.008943678994440374,0.03279075253597552,0.00024396194193698761,0.046511627906976716,-0.01483987543731502,-0.11599827511858563,0.4,1,价格更新稀疏,买一异常溢价(不作为可成交退出价),27,0,0
574,★ Moto Gloves | POW! (Minimal Wear),998.0,1680.0,299,28,0.0936,1.6834,steamdt-live,998.0,291,1003.72,84,"溢价求购:买一高于卖一,多为定向收特定图案,买一价不可作退出价",7,0,9,5,2,0,4,0,-0.0005002501250624958,-0.0010010010010009784,-0.004482071713147406,-0.0015007503751875984,0.008248037364603,0.008590197069226813,0.011881188118811892,0.0,-0.06685366993922393,0.4,12,回撤不明显,买一异常溢价(不作为可成交退出价),27,0,0
575,★ Sport Gloves | Vice (Minimal Wear),8124.0,19580.0,995,41,0.0412,2.4101,steamdt-live,8179.0,956,8270.0,215,"溢价求购:买一高于卖一,多为定向收特定图案,买一价不可作退出价",3,0,15,5,4,0,0,0,-0.0006184823131238915,-0.002448446329417875,-0.0037312794180573983,-0.0030654143217924146,0.006785255822483016,0.00012310722639408134,0.018425663021808703,-0.00830078125,-0.09102097902097905,0.4,1,价格更新稀疏,买一异常溢价(不作为可成交退出价),27,0,0
576,★ Hydra Gloves | Case Hardened (Field-Tested),348.0,370.0,368,13,0.0353,1.0632,steamdt-live,348.98,405,348.08,153,"溢价求购:买一高于卖一,多为定向收特定图案,买一价不可作退出价",3,0,9,5,2,0,3,5,0.0011661807580174433,0.013395457192778126,-0.006373117033603659,0.014577259475218707,0.0008039508441483045,0.07241910631741133,0.013884953244545084,-0.002865329512893977,-0.042772658506395334,0.4,12,回撤不明显,买一异常溢价(不作为可成交退出价),27,0,0
577,P250 | Cyber Shell (Factory New),22.22,19.4,342,11,0.0322,0.8731,steamdt-live,21.4,103,21.54,106,,3,3,9,2,10,0,0,0,-0.0046511627906977715,0.0,-0.024058102587380947,-0.0046511627906977715,0.028597367226509407,0.0,0.09932659932659949,-0.09970551114850656,-0.403567447045708,0.38,1,价格更新稀疏,,27,0,0
578,P250 | Iron Clad (Factory New),43.59,36.4,286,7,0.0245,0.8351,steamdt-live,37.9,27,39.35,78,,3,3,9,2,10,0,0,0,-0.0026315789473684292,0.0,-0.12643678160919536,-0.0026315789473684292,0.12873563218390804,0.0,0.146011716989635,-0.146011716989635,-0.3109090909090909,0.4,1,价格更新稀疏,,27,0,0
579,Glock-18 | Fully Tuned (Factory New),1060.0,2420.0,60,38,0.6333,2.283,steamdt-live,1059.0,53,1124.58,24,"溢价求购:买一高于卖一,多为定向收特定图案,买一价不可作退出价",20,0,4,2,0,0,0,0,-0.00047192071731949614,0.0,0.0,-0.00047192071731949614,0.00047192071731949614,0.0004723665564478896,0.0009433962264151496,0.000945179584120881,-0.017971401546764687,0.15,0,价格更新稀疏,买一异常溢价(不作为可成交退出价),26,0,0
580,Five-SeveN | Anodized Gunmetal (Factory New),93.99,86.0,130,14,0.1077,0.915,steamdt-live,91.98,73,90.49,89,,11,6,7,2,0,0,0,0,0.0,0.0,0.0,0.0,0.0,0.0,0.00011049723756906271,0.03571019800846953,-0.28307716685152906,0.4,0,价格更新稀疏,,26,0,0
581,P250 | Whiteout (Factory New),1800.0,1600.0,38,4,0.1053,0.8889,steamdt-live,1998.8,31,1868.05,36,,8,6,4,2,6,0,0,0,0.0,0.0,-0.02356993680327646,0.0,0.02356993680327646,0.0,0.04887714663143994,-0.04912836767036455,-0.07168643630737492,0.23,0,价格更新稀疏,,26,0,0
582,AK-47 | Jaguar (Factory New),2787.0,2490.0,145,7,0.0483,0.8934,steamdt-live,2788.0,42,2800.07,49,,3,6,7,2,8,0,0,0,0.0,-0.004642857142857171,-0.028769242509382842,-0.004642857142857171,0.03373770503170603,0.0,0.07378482030694378,-0.05109190823476539,-0.26269841269841265,0.38,1,价格更新稀疏,,26,0,0
583,AWP | Snake Camo (Factory New),3500.0,980.0,2,5,2.5,0.28,steamdt-live,2600.0,5,2394.0,23,,20,1,2,2,0,0,0,0,0.0,-0.002084201750729431,0.22108263558394614,-0.002084201750729431,0.002084201750729431,0.21853765301707684,0.002084201750729431,0.24372681649574512,-0.0473537604456824,0.35,1,价格更新稀疏,,25,0,0
584,AK-47 | Jungle Spray (Factory New),1150.0,660.0,5,5,1.0,0.5739,steamdt-live,999.0,6,1029.02,15,,20,1,2,2,0,0,0,0,0.0,0.0,0.0,0.0,0.0,0.0,0.0,0.0,-0.0876712328767123,0.39,0,价格更新稀疏,,25,0,0
585,AK-47 | Red Laminate (Factory New),3036.59,1690.0,7,6,0.8571,0.5565,steamdt-live,3999.99,8,3132.35,9,,20,1,2,2,0,0,0,0,0.0,0.0,-0.00013170935696182884,0.0,0.00013170935696182884,0.0,0.00046083100997684756,-0.00046083100997684756,-0.07421036585365848,0.38,0,价格更新稀疏,,25,0,0
586,Desert Eagle | Night (Factory New),570.0,470.0,25,4,0.16,0.8246,steamdt-live,600.0,27,541.84,64,,8,3,2,2,6,0,4,0,0.0,-0.014657210401891163,0.00018188432157151269,-0.014657210401891163,0.014657210401891163,0.0,0.04336158192090389,-0.04472770226194889,-0.20294204177699315,0.23,8,可能加速下跌,,25,0,0
587,Five-SeveN | Candy Apple (Factory New),499.41,424.0,32,5,0.1562,0.849,steamdt-live,502.0,40,504.0,58,,14,3,4,2,2,0,0,0,0.0010021847627827984,0.0,-0.009076825295940227,0.0010021847627827984,0.009107142857142758,0.0010021847627827984,0.009107142857142758,-0.009107142857142758,-0.1638874937217477,0.33,1,价格更新稀疏,,25,0,0
588,AWP | BOOM (Factory New),2200.0,2600.0,43,6,0.1395,1.1818,steamdt-live,2300.0,24,2300.0,34,"溢价求购:买一高于卖一,多为定向收特定图案,买一价不可作退出价",11,0,4,2,8,0,0,0,-0.004386926957666182,-0.0306234853491959,-0.028760119301235565,-0.03487606931344589,0.06263314870046865,0.0,0.06343124733929328,-0.06343124733929328,-0.11075181891673402,0.4,4,可能加速下跌,买一异常溢价(不作为可成交退出价),25,0,0
589,P250 | Mehndi (Factory New),199.3,161.0,37,4,0.1081,0.8078,steamdt-live,182.5,45,186.13,71,,8,3,4,2,8,0,0,0,0.0,0.0,-0.06097247234370973,0.0,0.06082750102923007,0.0,0.06649616368286448,-0.0641025641025641,-0.08745437271863599,0.22,0,价格更新稀疏,,25,0,0
590,★ Driver Gloves | Imperial Plaid (Minimal Wear),1737.0,2770.0,212,21,0.0991,1.5947,steamdt-live,1749.5,165,1745.5,73,"溢价求购:买一高于卖一,多为定向收特定图案,买一价不可作退出价",7,0,7,5,6,0,0,0,-0.010356731875719172,0.009883720930232487,-0.012219380505825495,-0.0005753739930954849,0.012787723785166238,0.010524111210010956,0.044554455445544594,-0.026890756302521024,-0.09766233766233767,0.32,1,价格更新稀疏,买一异常溢价(不作为可成交退出价),25,0,0
591,★ Hydra Gloves | Rattler (Minimal Wear),224.4,242.0,120,11,0.0917,1.0784,steamdt-live,221.5,62,225.9,68,"溢价求购:买一高于卖一,多为定向收特定图案,买一价不可作退出价",7,0,7,5,0,0,6,0,-0.002262443438914019,0.0045351473922903285,-0.0022573363431150906,0.002262443438914019,0.0,0.006818181818181834,0.004494382022471877,0.013729977116704761,-0.012483281319661255,0.4,4,回撤不明显,买一异常溢价(不作为可成交退出价),25,0,0
592,★ Hand Wraps | Giraffe (Field-Tested),239.0,268.0,338,24,0.071,1.1213,steamdt-live,240.5,269,249.48,148,"溢价求购:买一高于卖一,多为定向收特定图案,买一价不可作退出价",7,0,9,5,0,0,4,0,0.007899159663865563,-0.003668500917125228,0.002105263157894832,0.004201680672268893,0.004166666666666652,0.025751072961373467,0.004166666666666652,0.004201680672268893,-0.09125475285171103,0.39,11,回撤不明显,买一异常溢价(不作为可成交退出价),25,0,0
593,FAMAS | Hexane (Factory New),57.0,49.0,313,10,0.0319,0.8596,steamdt-live,62.85,114,58.0,74,,3,3,9,2,8,0,0,0,-0.003374957813027213,-0.03487978327124963,-0.007370184254606449,-0.038137023287208915,0.045226130653266416,0.0,0.050000000000000044,-0.03764983960830659,-0.460125023678727,0.23,8,长期阴跌,,25,0,0
594,Desert Eagle | Urban DDPAT (Factory New),147.49,101.0,26,6,0.2308,0.6848,steamdt-live,146.0,17,149.72,38,,17,1,2,2,2,0,0,0,0.0,-0.010102379822360952,0.0,-0.010102379822360952,0.010102379822360952,0.0,0.010102379822360952,0.08148148148148149,0.08156159715534472,0.23,1,价格更新稀疏,,24,0,0
595,Five-SeveN | Neon Kimono (Factory New),3624.4,2800.0,36,8,0.2222,0.7725,steamdt-live,3199.9,26,3199.3,41,,17,1,4,2,0,0,0,0,0.0,0.0,0.0,0.0,3.1255860473811126e-05,0.0,0.00021874999999993427,-0.0001875058595580681,0.015973324865036664,0.33,0,价格更新稀疏,,24,0,0
596,AWP | The Prince (Factory New),16477.0,18300.0,68,12,0.1765,1.1106,steamdt-live,16880.0,69,16831.73,38,"溢价求购:买一高于卖一,多为定向收特定图案,买一价不可作退出价",14,0,4,2,4,0,0,0,6.0694343287259755e-05,0.0,-6.069065970748522e-05,6.0694343287259755e-05,0.0,6.0694343287259755e-05,0.019226190476190452,-0.017762773942367804,-0.027819571053485537,0.34,0,价格更新稀疏,买一异常溢价(不作为可成交退出价),24,0,0
597,FAMAS | Macabre (Factory New),63.0,52.0,70,7,0.1,0.8254,steamdt-live,70.92,38,64.07,66,,11,3,4,2,4,0,0,0,0.0,0.0,0.0,0.0,0.0,0.0001587553579933676,0.02762772032721106,-0.02762772032721106,-0.17105263157894735,0.4,0,价格更新稀疏,,24,0,0
598,P250 | Dark Filigree (Factory New),51.58,37.0,91,6,0.0659,0.7173,steamdt-live,51.0,63,52.32,100,,7,1,4,2,8,0,2,0,-0.0027016595908915253,-0.013157894736842146,-0.0009639483323693465,-0.01582400617522195,0.01677270098322725,0.0,0.06951286261631096,-0.0681527498629636,-0.29215822345593334,0.4,4,可能加速下跌,,24,0,0
599,Glock-18 | Brass (Factory New),768.48,650.0,65,4,0.0615,0.8458,steamdt-live,719.5,22,736.9,52,,7,3,4,2,8,0,0,0,0.0,0.0,0.0,0.0,0.0,0.0,0.07255829541499625,-0.07255829541499625,-0.1983197584374199,0.4,0,价格更新稀疏,,24,0,0
600,P250 | Epicenter (Factory New),125.9,115.0,182,6,0.033,0.9134,steamdt-live,128.0,71,128.0,100,,3,6,7,2,4,0,2,0,-0.0020249221183802346,-0.01748088028718575,0.023189098732966817,-0.01947040498442365,0.01947040498442365,0.003347146955690272,0.01947040498442365,0.023826949662519414,-0.1463828056139399,0.2,3,可能加速下跌,,24,0,0
601,Galil AR | Winter Forest (Factory New),4900.0,140.0,2,2,1.0,0.0286,steamdt-live,5200.0,1,3520.6,2,,8,1,2,2,10,0,0,0,0.0,0.0,0.0,0.0,0.0,0.0,0.21764444444444442,0.0,0.29760610360650896,0.23,0,价格更新稀疏,,23,0,0
602,P250 | Nuclear Threat (Factory New),11488.88,700.0,3,2,0.6667,0.0609,steamdt-live,2300.0,2,11888.0,1,,8,1,2,2,10,0,0,0,0.0,-0.668999024266689,0.0,-0.668999024266689,0.668999024266689,0.0,0.668999024266689,-0.668999024266689,-0.8849942497124856,0.4,1,价格更新稀疏,,23,0,0
603,P250 | Splash (Factory New),336.5,284.0,8,4,0.5,0.844,steamdt-live,298.28,14,316.5,18,,8,3,2,2,8,0,0,0,0.0,0.0,-0.0378064516129033,0.0,0.0378064516129033,0.0,0.06641627543036,-0.06641627543036,-0.13037900874635577,0.4,0,价格更新稀疏,,23,0,0
604,Glock-18 | Sand Dune (Factory New),3499.0,560.0,4,2,0.5,0.16,steamdt-live,0.0,0,1849.54,3,,8,1,2,2,10,0,0,0,0.0,0.0,0.0,0.0,0.16278964497978887,0.0,0.16468021877272299,0.2755448275862069,-0.04492548565999155,0.4,0,价格更新稀疏,,23,0,0
605,P250 | Gunsmoke (Factory New),116.0,35.0,6,2,0.3333,0.3017,steamdt-live,90.0,10,108.2,11,,8,1,2,2,10,0,0,0,0.0,0.0,0.05882352941176472,0.0,0.23728813559322037,0.05882352941176472,0.23728813559322037,0.0,-0.32330827067669177,0.22,0,价格更新稀疏,,23,0,0
606,M4A4 | Tornado (Factory New),741.0,651.0,15,3,0.2,0.8785,steamdt-live,744.5,21,741.9,15,,8,3,2,2,2,0,6,0,0.0,-0.0012131014961584974,-0.0041610738255033475,-0.0012131014961584974,0.005369127516778538,0.0,0.005369127516778538,0.015068493150685036,-0.17666666666666664,0.29,2,回撤不明显,,23,0,0
607,AK-47 | Black Laminate (Factory New),1366.0,1040.0,15,3,0.2,0.7613,steamdt-live,1388.0,18,1427.87,22,,8,1,2,2,10,0,0,0,-0.02323918484090093,0.0,-0.06504880331595131,-0.02323918484090093,0.0867763069929135,0.0,0.23172103487064122,-0.23172103487064122,-0.2760957927704969,0.38,1,价格更新稀疏,,23,0,0
608,Tec-9 | Orange Murano (Factory New),94.38,85.0,74,10,0.1351,0.9006,steamdt-live,96.61,23,96.4,26,,11,6,4,2,0,0,0,0,-0.0011641443538998875,0.0,0.035847401885551466,-0.0011641443538998875,0.0012698412698413097,0.03725684141114405,0.0012698412698413097,0.025981084900532636,-0.08368932038834953,0.14,1,价格更新稀疏,,23,0,0
609,★ Hand Wraps | Overprint (Minimal Wear),874.0,1100.0,351,15,0.0427,1.2586,steamdt-live,880.0,293,880.0,92,"溢价求购:买一高于卖一,多为定向收特定图案,买一价不可作退出价",3,0,9,5,2,0,4,0,-0.002263962047349799,-0.0034207525655644,0.014847655663699388,-0.005676970158932426,0.011312217194570096,0.009237875288683695,0.011312217194570096,-0.006253553155201819,-0.07532797291578508,0.4,12,可能加速下跌,买一异常溢价(不作为可成交退出价),23,0,0
610,P250 | Forest Night (Factory New),84.46,74.0,147,5,0.034,0.8762,steamdt-live,91.0,15,79.45,35,,3,3,7,2,2,0,6,0,-0.0026296018031554125,-0.0025109855618330457,-0.004611741243923828,-0.005133984472827424,0.009722049108812136,0.0,0.012920859734128376,0.05511288180610907,-0.16465145620860056,0.4,4,回撤不明显,,23,0,0
611,Glock-18 | Fade (Factory New),9049.5,9830.0,129,17,0.1318,1.0862,steamdt-live,9649.0,137,9259.99,79,"溢价求购:买一高于卖一,多为定向收特定图案,买一价不可作退出价",11,0,7,2,2,0,0,0,1.1111123456863936e-06,0.00550000000000006,-0.004425884955752246,0.005501117223463581,0.0,0.005667611268544759,0.010983606557377068,-0.010983606557377068,-0.12884891961671086,0.4,1,价格更新稀疏,买一异常溢价(不作为可成交退出价),22,0,0
612,Galil AR | Urban Rubble (Factory New),92.8,75.0,82,4,0.0488,0.8082,steamdt-live,80.0,25,84.72,22,,3,3,4,2,10,0,0,0,0.0,-0.05682622023107753,-0.05755555555555558,-0.05682622023107753,0.11111111111111116,0.0,0.14612018358416046,-0.14612018358416046,-0.3597438975590236,0.4,1,价格更新稀疏,,22,0,0
613,Five-SeveN | Jungle (Factory New),345.0,223.0,11,4,0.3636,0.6464,steamdt-live,370.0,5,352.27,7,,8,1,2,2,8,0,0,0,0.0,0.0014513788098693414,0.0,0.0014513788098693414,0.0,0.0014513788098693414,0.06630581867388363,-0.06630581867388363,-0.1309823677581864,0.4,1,价格更新稀疏,,21,0,0
614,FAMAS | Spitfire (Factory New),3098.5,750.0,6,2,0.3333,0.2421,steamdt-live,2800.0,3,2488.63,10,,8,1,2,2,2,0,6,0,0.0020091375576121173,-0.0020051090177772846,-0.004002193201874671,0.0,0.004002193201874671,0.0,0.005991300631483121,0.10852115812917607,-0.07200229703324723,0.38,2,回撤不明显,,21,0,0
615,P250 | Red Rock (Factory New),244.9,126.0,8,2,0.25,0.5145,steamdt-live,244.69,9,259.6,14,,8,1,2,2,2,0,6,0,0.0016373311502251298,-4.08663669799747e-05,-0.0028571428571427804,0.0015963978714694793,0.001265306122449017,0.0015963978714694793,0.01334677419354835,-0.01334677419354835,-0.10020592777818638,0.22,12,回撤不明显,,21,0,0
616,AK-47 | First Class (Factory New),1983.44,1090.0,9,2,0.2222,0.5496,steamdt-live,1399.9,18,1342.33,16,,8,1,2,2,4,0,4,0,0.0006955801064087996,-0.007394644798237149,-0.003296800554629442,-0.006704208259643907,0.009978906376764574,0.0,0.01722724144495047,-0.012920067652033351,-0.09179296346414079,0.4,2,回撤不明显,,21,0,0
617,M4A4 | Desert Storm (Factory New),429.5,343.0,16,3,0.1875,0.7986,steamdt-live,399.5,13,431.83,9,,8,1,2,2,8,0,0,0,-0.0012499999999999734,0.0,0.0,-0.0012499999999999734,0.0012499999999999734,0.0,0.07538130395537757,-0.07538130395537757,-0.051068883610451254,0.29,0,价格更新稀疏,,21,0,0
618,Tec-9 | Cut Out (Factory New),91.8,77.0,22,4,0.1818,0.8388,steamdt-live,95.1,27,98.2,27,,8,3,2,2,6,0,0,0,-0.002821180555555469,-0.0010881392818281599,-0.007858757670362815,-0.00390625,0.011734309398212961,0.0,0.04035124398912815,-0.002065441895858222,-0.3121019108280254,0.4,1,价格更新稀疏,,21,0,0
619,AK-47 | Wasteland Rebel (Factory New),2351.3,2010.0,20,3,0.15,0.8548,steamdt-live,2300.0,17,2274.48,33,,8,3,2,2,0,0,6,0,-0.0005261009569595965,0.032099975496201916,-0.000815697648071656,0.03155698671141538,0.0,0.032263920595083206,0.0,0.08993674525589412,-0.047497801415469665,0.38,2,回撤不明显,,21,0,0
620,MP9 | Storm (Factory New),185.59,112.0,23,3,0.1304,0.6035,steamdt-live,238.0,13,195.15,12,,8,1,2,2,8,0,0,0,0.0,0.0,-0.005412647374062107,0.0,0.004292075755137015,0.0,0.06262942572857222,-0.06262942572857222,0.031055555555555614,0.23,0,价格更新稀疏,,21,0,0
621,P250 | Bengal Tiger (Factory New),337.8,205.0,25,3,0.12,0.6069,steamdt-live,295.5,24,300.5,26,,8,1,2,2,4,0,4,0,-0.002013422818792021,-0.006388702084734299,-0.004010695187165791,-0.008389261744966459,0.013026052104208374,0.0003385240352065111,0.02987524622455684,-0.029556650246305383,-0.11314525810324128,0.4,3,暂未减速,,21,0,0
622,Desert Eagle | Pilot (Factory New),1129.3,930.0,38,5,0.1316,0.8235,steamdt-live,1327.5,50,1051.9,37,,11,3,4,2,0,0,0,0,0.0,0.0,0.004871990829193873,0.0,0.0,0.004871990829193873,9.505703422041378e-05,-9.505703422041378e-05,-0.024383457461115365,0.27,0,价格更新稀疏,,20,0,0
623,Glock-18 | Blue Fissure (Factory New),220.99,182.0,47,6,0.1277,0.8236,steamdt-live,250.0,29,219.33,59,,11,3,4,2,0,0,0,0,0.0,0.0,0.0032017563920780923,0.0,0.0,0.0032017563920780923,0.0,0.0007756889943422163,-0.05745595186935959,0.23,0,价格更新稀疏,,20,0,0
624,USP-S | Business Class (Factory New),656.56,476.0,13,3,0.2308,0.725,steamdt-live,685.0,13,586.41,32,,8,1,2,2,0,0,6,0,0.003667314843243563,-0.003398990499821508,0.010061679473484686,0.0002558591751100625,0.003398990499821508,0.013813491926282007,0.003398990499821508,0.05659459459459448,-0.1433016800584369,0.18,2,回撤不明显,,19,0,0
625,★ Sport Gloves | Nocts (Minimal Wear),5449.99,6500.0,368,21,0.0571,1.1927,steamdt-live,5487.5,312,5476.74,75,"溢价求购:买一高于卖一,多为定向收特定图案,买一价不可作退出价",3,0,9,5,2,0,0,0,1.831505185956317e-06,-0.0018333333333333535,0.011483882919599786,-0.001831505185906912,0.002929015733626139,0.009257407407407436,0.0062016776075857205,0.0023891852124333646,-0.0715519591141397,0.39,1,价格更新稀疏,买一异常溢价(不作为可成交退出价),19,0,0
626,Five-SeveN | Nitro (Factory New),420.0,162.0,8,3,0.375,0.3857,steamdt-live,399.0,6,411.61,16,,8,1,2,2,4,0,0,0,0.0,-0.02564102564102566,0.0,-0.02564102564102566,0.02564102564102566,0.0,0.02564102564102566,-0.02564102564102566,-0.004937902139757644,0.33,1,价格更新稀疏,,17,0,0
627,M4A4 | Radiation Hazard (Factory New),2421.0,1930.0,10,3,0.3,0.7972,steamdt-live,2388.0,8,2347.0,11,,8,1,2,2,4,0,0,0,0.0,0.0,-0.02147175317907024,0.0,0.02147175317907024,0.0,0.021675698207586525,0.0,-0.10326066191360439,0.29,0,价格更新稀疏,,17,0,0
628,P250 | Bone Mask (Factory New),440.0,0.01,1,1,1.0,0.0,steamdt-live,0.0,0,188.57,1,,8,1,2,2,0,0,3,0,0.07766687461010613,0.0,-0.0038322112894871863,0.07766687461010613,0.002502165335386275,0.07800312012480504,0.002502165335386275,0.07010117695643192,-0.22747260937616443,0.22,3,回撤不明显,,16,0,0
629,M4A4 | Modern Hunter (Factory New),4400.0,1300.0,1,4,4.0,0.2955,steamdt-live,4299.5,3,4025.88,7,,8,1,2,2,0,0,0,0,0.0,0.0,0.0,0.0,0.0,0.0,0.0,0.0,-6.706158488878344e-05,0.4,0,价格更新稀疏,,13,0,0
630,MP9 | Bulldozer (Factory New),7499.5,3730.0,6,4,0.6667,0.4974,steamdt-live,6799.0,5,7094.37,6,,8,1,2,2,0,0,0,0,0.0,0.0,0.0,0.0,0.0,0.0,0.0,0.0,0.0,0.3,0,价格更新稀疏,,13,0,0
631,Five-SeveN | Contractor (Factory New),240.0,35.0,3,2,0.6667,0.1458,steamdt-live,229.0,7,265.35,1,,8,1,2,2,0,0,0,0,0.0,0.0,0.0,0.0,0.0,0.0,0.0,0.0,0.0,0.33,0,价格更新稀疏,,13,0,0
632,Five-SeveN | Fall Hazard (Factory New),1819.99,1000.0,5,3,0.6,0.5495,steamdt-live,2356.5,7,1707.0,16,,8,1,2,2,0,0,0,0,-0.0008666424631383896,0.0007912041541147108,-0.000789894037177663,-7.612400014056497e-05,0.0008659579074243862,0.001184340902561587,0.003687431808767072,0.00415750291084005,-0.056954615240178086,0.4,0,价格更新稀疏,,13,0,0
633,M4A4 | Jungle Tiger (Factory New),665.5,400.0,8,4,0.5,0.6011,steamdt-live,519.5,10,551.53,9,,8,1,2,2,0,0,0,0,0.0,0.0,0.0,0.0,0.0,0.0,0.0,0.0,-0.21938392186326072,0.4,0,价格更新稀疏,,13,0,0
634,AK-47 | Predator (Factory New),666.0,281.0,6,3,0.5,0.4219,steamdt-live,1001.0,5,721.92,6,,8,1,2,2,0,0,0,0,0.0,0.0,0.0,0.0,0.0,0.0,0.0,0.0,0.003012048192771122,0.39,0,价格更新稀疏,,13,0,0
635,M4A4 | Faded Zebra (Factory New),408.0,216.0,13,4,0.3077,0.5294,steamdt-live,520.0,10,420.31,7,,8,1,2,2,0,0,0,0,0.0,0.0,0.0,0.0,0.0,0.0,0.0,0.0,0.11934156378600824,0.29,0,价格更新稀疏,,13,0,0
636,Galil AR | Shattered (Factory New),499.99,73.0,10,3,0.3,0.146,steamdt-live,399.0,4,506.25,2,,8,1,2,2,0,0,0,0,0.0,0.0,0.0,0.0,0.0,0.0,0.0,0.0,0.015706539724562818,0.23,0,价格更新稀疏,,13,0,0
637,Galil AR | Hunting Blind (Factory New),39.26,20.1,15,4,0.2667,0.512,steamdt-live,65.78,18,43.34,13,,8,1,2,2,0,0,0,0,0.0,0.0,0.028017805708300703,0.0,0.0,0.028017805708300703,0.0,0.028017805708300703,0.017362010883648527,0.4,0,价格更新稀疏,,13,0,0
638,Glock-18 | Groundwater (Factory New),579.0,83.0,4,1,0.25,0.1434,steamdt-live,666.0,7,640.17,2,,8,1,2,2,0,0,0,0,0.0,0.0,0.0,0.0,0.0,0.0,0.0,0.0,-0.24805194805194808,0.3,0,价格更新稀疏,,13,0,0
639,MP9 | Green Plaid (Factory New),60.99,41.0,13,2,0.1538,0.6722,steamdt-live,70.0,5,63.94,5,,8,1,2,2,0,0,0,0,0.0,0.0,0.0,0.0,0.0,0.0,0.0,0.0,0.00809917355371903,0.4,0,价格更新稀疏,,13,0,0
640,P250 | Facets (Factory New),500.0,0.0,2,0,0.0,,steamdt-live,2499.48,3,229.07,11,缺买一价,3,0,2,2,0,0,0,5,0.1267584849975405,0.0,-0.002453385672227637,0.1267584849975405,0.0,0.13305633872483558,0.0,0.11518426561511119,-0.03153933961865307,0.4,2,悠悠盘口不足,,12,0,0
641,P250 | Modern Hunter (Factory New),,,0,0,,,,8000.0,2,1998.48,1,无悠悠数据,0,0,0,2,10,0,0,0,0.0,0.0,-0.32711111111111113,0.0,0.32711111111111113,0.0,0.32711111111111113,-0.32711111111111113,-0.001892851613418789,0.4,0,悠悠盘口不足,,12,0,0
642,FAMAS | Contrast Spray (Factory New),0.0,248.0,0,2,,,steamdt-live,810.0,2,760.49,6,缺卖一价,0,0,0,2,0,0,0,0,-0.0004472330742012476,0.0007895879666794947,-0.0013267826178340325,0.0003420017626245553,0.0009852346172034565,0.0007895879666794947,0.00300217625003274,-0.0022173239917079313,-0.012337822569124302,0.4,0,悠悠盘口不足,,2,0,0
643,Tec-9 | Nuclear Threat (Factory New),,,0,0,,,,0.0,0,,0,无悠悠数据,0,0,0,2,0,0,0,0,0.0,0.0,0.0,0.0,0.0,0.0,0.0,1.1293801537630097,0.1446814293127907,0.4,0,悠悠盘口不足,,2,0,0
