排名,marketHashName,youpin_sell,youpin_buy,youpin_sell_count,youpin_buy_count,挂买/挂卖,买一/卖一,数据来源,buff_sell,buff_sell_count,c5_sell,c5_sell_count,备注,盘口深度分,盘口紧密度分,流动性分,品质分,回撤位置分,跌速减弱分,低点企稳分,下行跌幅收敛分,前12h涨跌,近12h涨跌,前24h涨跌,近24h涨跌,48h回撤,距48h低点,5日回撤,5日涨跌,30日涨跌,K线时效(小时),24h变价次数,信号状态,报价风险,V2.6总分,建议资金,实际获批
1,AK-47 | AUTOEXEC (Factory New),4000.0,3820.0,23,34,1.4783,0.955,steamdt-live,4288.88,20,3956.0,38,,20,9,2,2,10,20,6,5,-0.012820512820512775,0.02753246753246752,-0.05337737960295241,0.014358974358974264,0.035121951219512226,0.02753246753246752,0.08626651176004563,-0.08626651176004563,-0.10890866088523488,0.38,3,减速明显,,74,10000,10000
2,★ Driver Gloves | Black Tie (Field-Tested),729.99,1080.0,697,38,0.0545,1.4795,steamdt-live,724.5,650,749.5,143,"溢价求购:买一高于卖一,多为定向收特定图案,买一价不可作退出价",3,0,12,5,6,20,6,5,-0.006896551724137945,0.006250000000000089,-0.022107123106597015,-0.0006896551724138167,0.024899057873485897,0.006250000000000089,0.03400000000000003,-0.032710280373831724,-0.09377462568951933,0.39,4,减速明显,买一异常溢价(不作为可成交退出价),57,0,0
3,AWP | Exothermic (Factory New),50.0,47.0,392,16,0.0408,0.94,steamdt-live,48.12,301,50.99,367,,3,9,9,2,10,13,6,5,-0.012510254306808855,-0.0006230529595016021,-0.020293349407273564,-0.01312551271534046,0.05572998430141296,0.004592901878914368,0.12093533065400086,-0.11657793280704976,-0.2406501499132081,0.35,6,减速明显,,57,0,0
4,★ Hand Wraps | Giraffe (Minimal Wear),400.0,532.0,173,23,0.1329,1.33,steamdt-live,415.0,95,442.0,94,"溢价求购:买一高于卖一,多为定向收特定图案,买一价不可作退出价",11,0,7,5,10,12,6,3,-0.03147699757869249,0.0012499999999999734,-0.042873696407879525,-0.030266343825665842,0.06643356643356646,0.0025031289111390187,0.11686879823594265,-0.11686879823594265,-0.19090909090909092,0.19,13,减速明显,买一异常溢价(不作为可成交退出价),54,0,0
5,Tec-9 | Whiteout (Factory New),1056.99,1010.0,157,14,0.0892,0.9555,steamdt-live,1072.84,64,1062.27,105,,7,9,7,2,10,13,6,0,-0.010280373831775713,-0.0018980169971671845,-0.024167806657546698,-0.012158878504672899,0.036472196900638076,0.006657142857142917,0.08722797927461134,-0.08722797927461134,-0.2710413793103448,0.15,4,减速明显,,54,0,0
6,★ Moto Gloves | Finish Line (Minimal Wear),922.0,1330.0,210,30,0.1429,1.4425,steamdt-live,930.0,152,944.0,85,"溢价求购:买一高于卖一,多为定向收特定图案,买一价不可作退出价",11,0,7,5,6,15,6,3,-0.008064516129032251,-0.0005420054200542257,-0.01898734177215189,-0.008602150537634357,0.02742616033755274,0.002718868950516651,0.048012390294269514,-0.048012390294269514,-0.09430255402750487,0.39,11,减速明显,买一异常溢价(不作为可成交退出价),53,0,0
7,★ Specialist Gloves | Foundation (Minimal Wear),5573.0,5560.0,174,31,0.1782,0.9977,steamdt-live,5682.47,43,5601.83,52,,14,15,7,5,8,18,4,5,-0.03536977491961413,0.032037037037037086,-0.022659699465238714,-0.004465880671668421,0.06107003982828674,0.04168224299065426,0.06107003982828674,-0.035813148788927385,-0.21942077744177868,0.38,5,左侧观察,,76,25000,25000
8,AK-47 | Aquamarine Revenge (Factory New),1168.5,1140.0,362,84,0.232,0.9756,steamdt-live,1216.0,125,1199.98,112,,17,12,9,2,8,17,4,5,-0.008057675996607339,-0.0008550662676357623,-0.054151624548736454,-0.008905852417302795,0.061822561220393424,0.008370728339661682,0.06652180512394446,-0.04960593416782566,0.017440594878403326,0.39,7,左侧观察,,74,10000,10000
9,M4A4 | Red DDPAT (Factory New),855.0,840.0,174,68,0.3908,0.9825,steamdt-live,960.0,25,864.0,52,,20,12,7,2,10,17,0,5,-0.01622988505747125,-0.0010281815207738854,-0.08324552160168597,-0.017241379310344862,0.11855670103092786,0.031363088057901,0.16869227029654832,0.05928266121538761,-0.1266598569969356,0.28,12,左侧观察,,73,10000,10000
10,USP-S | Orange Anolis (Factory New),451.5,446.0,249,53,0.2129,0.9878,steamdt-live,457.0,60,455.0,74,,17,12,7,2,10,18,2,5,-0.02608695652173909,0.0078125,-0.07630522088353409,-0.018478260869565166,0.11470588235294121,0.027303754266211566,0.15019762845849793,0.0888963920509358,-0.24750000000000005,0.35,14,左侧观察,,73,10000,10000
11,★ Hand Wraps | Slaughter (Field-Tested),2808.0,2690.0,280,48,0.1714,0.958,steamdt-live,2970.9,47,2899.0,95,,14,9,9,5,10,10,6,5,-0.000355871886120962,-0.0003559985760056561,-0.0726072607260726,-0.000711743772242035,0.07326732673267322,0.02109090909090905,0.08813405208806913,-0.07499217630491006,-0.2322624743677375,0.39,4,左侧观察,,68,10000,10000
12,Five-SeveN | Angry Mob (Factory New),513.0,503.0,244,52,0.2131,0.9805,steamdt-live,540.0,78,515.54,100,,17,12,7,2,8,10,6,5,-0.0049261083743842304,0.015841584158415856,-0.046052631578947345,0.010837438423645374,0.0320754716981132,0.018867924528301883,0.0748422001803426,0.08917197452229297,0.07479572595851658,0.33,9,左侧观察,,67,10000,10000
13,FAMAS | Styx (Factory New),730.0,716.0,349,73,0.2092,0.9808,steamdt-live,790.49,68,755.0,67,,17,12,9,2,10,13,0,3,-0.02483221476510067,0.004817618719889838,-0.03372243839169908,-0.020134228187919434,0.04575163398692805,0.04285714285714293,0.08635794743429281,0.15873015873015883,-0.013513513513513487,0.38,17,左侧观察,,66,10000,10000
14,Desert Eagle | Mecha Industries (Factory New),154.14,153.0,965,106,0.1098,0.9926,steamdt-live,155.98,371,156.8,191,,11,15,15,2,8,6,4,5,0.0,-0.01663492063492067,-0.03893092506712226,-0.01663492063492067,0.055609756097561025,0.003238761497603271,0.0780952380952381,-0.02713567839195974,-0.09421603602549866,0.39,14,左侧观察,,66,10000,10000
15,★ Driver Gloves | Convoy (Field-Tested),2788.0,2730.0,195,60,0.3077,0.9792,steamdt-live,2831.84,21,2803.94,44,,20,12,7,5,10,4,4,3,0.02591036414565817,-0.04846416382252561,-0.05186522941475258,-0.023809523809523836,0.0767783937003702,0.0,0.09480519480519478,-0.0777373470062851,-0.22983425414364644,0.16,15,左侧观察,,65,10000,10000
16,Glock-18 | Weasel (Factory New),258.5,255.0,484,102,0.2107,0.9865,steamdt-live,261.0,86,263.0,64,,17,12,9,2,10,10,0,5,0.05521472392638027,0.0019379844961240345,-0.059615384615384626,0.05725971370143146,0.0596580574754455,0.05725971370143146,0.10243055555555558,0.19410569105691056,0.20512820512820507,0.28,16,左侧观察,,65,10000,10000
17,M4A4 | Full Throttle (Factory New),1039.49,990.0,242,30,0.124,0.9524,steamdt-live,1049.5,143,1085.0,120,,11,9,7,2,10,17,4,5,-0.009528437622083108,0.0,-0.036723267553923855,-0.009528437622083108,0.04590178981184023,0.00921359223300966,0.1104065040650406,-0.1104065040650406,-0.23204391317838613,0.39,4,左侧观察,,65,10000,10000
18,AK-47 | The Oligarch (Factory New),1558.5,1510.0,197,34,0.1726,0.9689,steamdt-live,1617.5,179,1625.5,103,,14,12,7,2,8,10,6,5,0.0128967741935484,-0.007318517952343617,-0.04094840921184528,0.005483870967741833,0.04033251231527091,0.01564689245286699,0.07287328970850682,-0.07287328970850682,-0.11780189175879219,0.39,6,左侧观察,,64,10000,10000
19,★ Hand Wraps | Spruce DDPAT (Minimal Wear),2180.0,2160.0,190,31,0.1632,0.9908,steamdt-live,2231.46,32,2199.0,53,,14,15,7,5,10,4,4,5,-0.01118125808169157,-0.013574660633484115,-0.06230359682650233,-0.02460413693126129,0.08537480753013427,0.0,0.12237971972511963,-0.12273288826111972,-0.24554421180134967,0.21,10,左侧观察,,64,10000,10000
20,Tec-9 | Decimator (Factory New),649.5,626.0,215,43,0.2,0.9638,steamdt-live,650.0,55,686.87,54,,17,12,7,2,10,10,2,3,-0.10639030337803912,0.04256958489839158,-0.017406624383368596,-0.06834970953166464,0.0852112676056338,0.04424579568474862,0.09540389972144847,-0.07081545064377681,-0.0053598774885145195,0.39,14,左侧观察,,63,10000,10000
21,★ Moto Gloves | Boom! (Field-Tested),2733.0,2620.0,246,48,0.1951,0.9587,steamdt-live,2989.9,35,2829.0,61,,14,9,7,5,10,10,6,0,0.003875968992248069,0.004964147821290732,-0.08107814736670715,0.008859357696566983,0.0729370899790368,0.03132075471698115,0.1119126535387015,-0.098019801980198,-0.24178110694964627,0.39,14,左侧观察,,61,10000,10000
22,M4A1-S | Nightmare (Factory New),1496.0,1470.0,401,59,0.1471,0.9826,steamdt-live,1483.0,72,1504.99,71,,11,12,9,2,10,8,4,5,-0.02376302083333337,-0.011003667889296409,-0.050515540390178804,-0.03450520833333337,0.06984037382005204,0.0,0.08327769947827812,-0.06799899446958269,-0.11338295519086483,0.39,6,左侧观察,,61,10000,10000
23,AK-47 | Phantom Disruptor (Factory New),120.43,118.0,1556,51,0.0328,0.9798,steamdt-live,119.0,322,119.52,567,,3,12,15,2,10,9,6,3,-0.036212597790144296,-0.004184100418409997,-0.044024672320740144,-0.04024518106298891,0.08108108108108103,0.0,0.08391070053887606,-0.06958561376075068,-0.28742514970059885,0.38,5,左侧观察,,60,10000,10000
24,FAMAS | Mecha Industries (Factory New),642.0,632.0,1334,125,0.0937,0.9844,steamdt-live,624.5,181,642.29,168,,7,12,15,2,10,10,0,3,-0.029389600602863553,-0.004673913043478195,-0.045323741007194274,-0.033926149208741485,0.08430000000000004,0.02640512409927953,0.09846694796061883,-0.01537634408602151,-0.2546541238851614,0.39,18,左侧观察,,59,0,0
25,M4A4 | Falak (Factory New),840.0,825.0,71,37,0.5211,0.9821,steamdt-live,858.0,53,842.0,111,,20,12,4,2,6,5,4,5,-0.0005910165484633856,-0.006505026611472453,-0.014560279557367495,-0.007092198581560294,0.03224691528704249,0.0,0.03224691528704249,-0.0117647058823529,-0.07233572611816674,0.39,4,左侧观察,,58,0,0
26,★ Hydra Gloves | Rattler (Field-Tested),175.0,169.0,114,15,0.1316,0.9657,steamdt-live,175.0,122,172.49,205,,11,12,7,5,4,10,6,3,0.010394889663182472,-0.009195930800620866,-0.018803418803418848,0.001103368176538888,0.020010232505258463,0.006950934579439183,0.020010232505258463,-0.009252873563218467,-0.0603913446340002,0.13,11,左侧观察,,58,0,0
27,Tec-9 | Bamboo Forest (Factory New),178.5,178.0,1427,96,0.0673,0.9972,steamdt-live,183.0,311,179.89,233,,7,15,15,2,10,4,2,3,-0.010923913043478173,-0.01642947414693119,-0.06361323155216281,-0.02717391304347827,0.08905852417302795,0.00561797752808979,0.09137055837563457,-0.05789473684210522,-0.24789915966386555,0.39,17,左侧观察,,58,0,0
28,★ Specialist Gloves | Big Swell (Minimal Wear),2350.0,2820.0,41,31,0.7561,1.2,steamdt-live,2400.0,56,2438.15,42,"溢价求购:买一高于卖一,多为定向收特定图案,买一价不可作退出价",20,0,4,5,8,8,6,5,-0.011932175005233359,-0.004237288135593209,-0.020102564102564058,-0.016118903077245172,0.03589743589743588,0.0,0.05622489959839361,-0.05622489959839361,-0.059247397918334666,0.33,2,左侧观察,买一异常溢价(不作为可成交退出价),56,0,0
29,USP-S | Overgrowth (Factory New),498.0,444.0,24,5,0.2083,0.8916,steamdt-live,567.5,10,483.82,38,,17,6,2,2,8,10,6,5,0.014282722513089041,-0.0010323752890650795,-0.011387163561076608,0.013235602094240795,0.014863984362273985,0.023957671957671955,0.06778420038535649,-0.06957692307692309,-0.1450432938681746,0.17,8,左侧观察,,56,0,0
30,FAMAS | Roll Cage (Factory New),857.5,839.0,99,17,0.1717,0.9784,steamdt-live,874.5,43,873.48,69,,14,12,4,2,6,7,6,5,0.0,-0.0026750407071411963,-0.010586881472957499,-0.0026750407071411963,0.013233601841196818,0.0,0.036300292200494466,-0.018878718535469075,-0.11597026773471897,0.39,3,左侧观察,,56,0,0
31,★ Bloodhound Gloves | Charred (Field-Tested),1359.0,1260.0,229,39,0.1703,0.9272,steamdt-live,1599.5,23,1348.83,66,,14,6,7,5,8,10,6,0,-0.02807775377969768,-0.0008666666666666822,-0.02320675105485237,-0.02892008639308863,0.05145569620253165,5.1899522524267994e-05,0.06600422393795669,-0.06600422393795669,-0.17652840694025573,0.39,3,左侧观察,,56,0,0
32,AK-47 | Searing Rage (Factory New),106.5,101.0,1327,36,0.0271,0.9484,steamdt-live,108.0,406,113.45,400,,3,9,15,2,6,10,6,5,0.004830917874396157,0.024038461538461453,-0.031805425631431294,0.02898550724637672,0.030054644808743092,0.029084935742583973,0.03181818181818186,-0.03181818181818186,-0.19318181818181823,0.39,10,左侧观察,,56,0,0
33,★ Hand Wraps | Leather (Field-Tested),3239.5,3140.0,296,58,0.1959,0.9693,steamdt-live,3300.0,32,3286.53,70,,14,12,9,5,10,5,0,0,0.014696969696969653,-0.035388980140361403,-0.078083531219444,-0.021212121212121238,0.10432282091170508,0.025396825396825307,0.12702702702702706,-0.12655489453758784,-0.2901098901098901,0.18,12,左侧观察,,55,0,0
34,★ Bloodhound Gloves | Bronzed (Field-Tested),1158.0,1120.0,238,45,0.1891,0.9672,steamdt-live,1200.0,19,1203.86,68,,14,12,7,5,10,4,0,3,0.022912457912457995,-0.04708612432316783,-0.060869565217391286,-0.025252525252525304,0.0845849802371541,0.0,0.1371087928464978,-0.1125212673012369,-0.275797373358349,0.16,3,左侧观察,,55,0,0
35,USP-S | Cortex (Factory New),157.0,153.0,442,37,0.0837,0.9745,steamdt-live,162.99,161,163.0,272,,7,12,9,2,8,8,4,5,-0.03599755948749239,-0.006329113924050667,-0.03246753246753242,-0.0420988407565589,0.07319952774498228,0.0,0.07592701589170103,0.06802721088435382,-0.2846402697407391,0.39,10,左侧观察,,55,0,0
36,Glock-18 | Off World (Factory New),42.0,39.6,704,45,0.0639,0.9429,steamdt-live,40.5,245,40.78,112,,7,9,12,2,6,10,6,3,0.030000000000000027,-0.010194174757281571,-0.04761904761904767,0.019500000000000073,0.040018832391713666,0.024623115577889543,0.04563538497542696,0.10845338407175875,-0.1378435517970401,0.39,12,左侧观察,,55,0,0
37,★ Sport Gloves | Blaze (Field-Tested),710.0,940.0,95,38,0.4,1.3239,steamdt-live,718.5,121,724.9,53,"溢价求购:买一高于卖一,多为定向收特定图案,买一价不可作退出价",20,0,4,5,6,10,4,5,0.0,0.0,-0.018659295093296446,0.0,0.017980636237897696,0.014430632947564082,0.035823895271463124,-0.0227116311080523,-0.12321865197954995,0.14,6,左侧观察,买一异常溢价(不作为可成交退出价),54,0,0
38,USP-S | Whiteout (Factory New),2619.99,2460.0,151,20,0.1325,0.9389,steamdt-live,2739.47,56,2633.09,62,,11,9,7,2,4,10,6,5,0.014423076923076872,-0.006638862559241843,-0.018682770334025323,0.007688461538461366,0.011137950556708853,0.007688461538461366,0.0172580645161291,-0.013903264293752549,-0.15456921587608918,0.39,3,左侧观察,,54,0,0
39,AK-47 | Midnight Laminate (Factory New),78.0,74.0,1522,29,0.0191,0.9487,steamdt-live,79.9,1013,80.56,710,,3,9,15,2,6,10,6,3,0.03192307692307694,-0.018511616349857096,-0.017632241813602123,0.012820512820512775,0.023485784919653918,0.012820512820512775,0.03658536585365857,-0.030674846625766916,-0.14130434782608692,0.39,12,左侧观察,,54,0,0
40,★ Driver Gloves | Plum Quill (Field-Tested),618.0,686.0,45,42,0.9333,1.11,steamdt-live,624.5,38,640.0,39,"溢价求购:买一高于卖一,多为定向收特定图案,买一价不可作退出价",20,0,4,5,6,7,6,5,-0.00403212851405621,-0.003209729189180499,-0.02352941176470591,-0.0072289156626506035,0.030588235294117694,0.0016207455429497752,0.034073147858705743,0.0032467532467532756,-0.041860465116279055,0.39,7,左侧观察,买一异常溢价(不作为可成交退出价),53,0,0
41,Five-SeveN | Fairy Tale (Factory New),1580.0,1530.0,205,52,0.2537,0.9684,steamdt-live,1648.0,50,1607.67,61,,17,12,7,2,10,5,0,0,0.0036809815950920033,-0.03422982885085579,-0.09444444444444444,-0.030674846625766916,0.12222222222222223,0.007010834926704845,0.16973636502172873,-0.16258559647225934,-0.1408374116367591,0.39,11,左侧观察,,53,0,0
42,Glock-18 | Neo-Noir (Factory New),1088.0,1040.0,384,52,0.1354,0.9559,steamdt-live,1115.46,87,1109.5,132,,11,9,9,2,8,10,4,0,0.006352087114337657,0.00045085662759247747,-0.04844962913712847,0.0068058076225046005,0.041973560369912954,0.01976102941176472,0.05814940577249572,-0.05814940577249572,-0.17108703772880085,0.39,13,左侧观察,,53,0,0
43,Glock-18 | Bullet Queen (Factory New),666.0,660.0,468,45,0.0962,0.991,steamdt-live,695.49,96,699.99,138,,7,15,9,2,10,4,6,0,0.0117647058823529,-0.03197674418604646,-0.04345257353458343,-0.020588235294117685,0.06314619702063606,0.016793893129771087,0.08842047632083228,-0.08842047632083228,-0.2045861698316015,0.32,11,左侧观察,,53,0,0
44,Glock-18 | Vogue (Factory New),68.98,65.0,865,37,0.0428,0.9423,steamdt-live,67.77,308,70.39,617,,3,9,12,2,6,10,6,5,0.03946971979511904,-0.01782608695652177,-0.025113819944191595,0.020940042181379903,0.01782608695652177,0.020940042181379903,0.03185714285714292,-0.03735795454545465,-0.1986520042568286,0.28,8,左侧观察,,53,0,0
45,★ Hand Wraps | Duct Tape (Field-Tested),269.5,291.0,148,24,0.1622,1.0798,steamdt-live,268.0,134,271.48,152,"溢价求购:买一高于卖一,多为定向收特定图案,买一价不可作退出价",14,0,7,5,4,15,2,5,-0.011131725417439675,0.0056285178236397115,-0.011009174311926606,-0.005565862708719838,0.016513761467889854,0.03076923076923066,0.016513761467889854,0.027213491759294772,-0.06293706293706292,0.39,13,左侧观察,买一异常溢价(不作为可成交退出价),52,0,0
46,★ Moto Gloves | Polygon (Minimal Wear),1020.0,1450.0,132,15,0.1136,1.4216,steamdt-live,1040.0,132,1058.88,70,"溢价求购:买一高于卖一,多为定向收特定图案,买一价不可作退出价",11,0,7,5,6,14,4,5,-0.00873672241712753,0.0,-0.013772810918570633,-0.00873672241712753,0.023325290129840193,0.0019646365422396617,0.03728173666823975,-0.03728173666823975,-0.11993097497842964,0.39,7,左侧观察,买一异常溢价(不作为可成交退出价),52,0,0
47,Desert Eagle | Conspiracy (Factory New),142.0,140.0,1473,63,0.0428,0.9859,steamdt-live,142.5,886,141.84,347,,3,12,15,2,4,10,6,0,0.006241134751773014,-0.00028192839018881255,-0.017284638974072952,0.005957446808510625,0.018408304498269912,0.027826086956521667,0.018408304498269912,-0.00435209883476062,-0.09650296197210018,0.39,12,左侧观察,,52,0,0
48,Desert Eagle | Printstream (Factory New),456.0,450.0,1495,43,0.0288,0.9868,steamdt-live,462.99,953,458.26,443,,3,12,15,2,4,10,6,0,0.009419496166484187,-0.01041666666666674,-0.02202322293157366,-0.0010952902519167917,0.02204683880929903,0.01333333333333342,0.023554603854389677,-0.006535947712418277,-0.07033639143730885,0.39,18,左侧观察,,52,0,0
49,M4A1-S | Black Lotus (Factory New),70.0,67.0,1499,34,0.0227,0.9571,steamdt-live,70.0,1066,71.91,531,,3,9,15,2,6,10,4,3,-0.011301031219098867,0.00014287755393627144,-0.008404538450763388,-0.01115976832886012,0.019607843137254943,0.01449275362318847,0.03448275862068961,-0.02777777777777779,-0.18224299065420557,0.39,15,左侧观察,,52,0,0
50,Galil AR | Rainbow Spoon (Factory New),158.49,151.0,921,19,0.0206,0.9527,steamdt-live,162.0,405,161.98,669,,3,9,15,2,8,8,4,3,0.0062893081761006275,-0.009437499999999988,-0.01851851851851849,-0.003207547169811309,0.021666666666666612,0.0063496094990158625,0.05038945476333134,-0.04408926417370329,-0.18930946291560102,0.39,10,左侧观察,,52,0,0
51,M4A4 | The Emperor (Factory New),1460.0,1370.0,393,56,0.1425,0.9384,steamdt-live,1500.0,130,1500.0,141,,11,9,9,2,4,10,6,0,0.027787426189649134,-0.013180128421764081,-0.02074829931972788,0.014241055922195267,0.025367156208277675,0.017421602787456525,0.025367156208277675,0.016720172146045487,-0.16566660952054413,0.39,8,左侧观察,,51,0,0
52,AWP | Crakow! (Factory New),470.5,440.0,848,30,0.0354,0.9352,steamdt-live,464.0,385,479.0,254,,3,9,12,2,8,8,4,5,0.006668100666810117,-0.008547008547008517,-0.010851063829787289,-0.0019359001935900233,0.016907496080342477,0.009793253536452662,0.07566038487589155,-0.07567879838243796,-0.21013209859730364,0.39,12,左侧观察,,51,0,0
53,Desert Eagle | Directive (Factory New),608.0,555.0,97,20,0.2062,0.9128,steamdt-live,628.01,17,612.67,42,,17,6,4,2,10,4,2,5,0.0,-0.026270656686274818,-0.06610283661402583,-0.026270656686274818,0.09063692837362469,0.0,0.09063692837362469,-0.020161290322580627,0.25257731958762886,0.39,11,左侧观察,,50,0,0
54,★ Specialist Gloves | Cloud Chaser (Field-Tested),2719.5,3360.0,159,33,0.2075,1.2355,steamdt-live,2665.99,153,2735.0,54,"溢价求购:买一高于卖一,多为定向收特定图案,买一价不可作退出价",17,0,7,5,4,10,6,0,-0.01240604706814985,-3.7509377345257278e-06,-0.0111758241758243,-0.012409751471574304,0.023446886446886528,0.0022556475776225327,0.026829811388251135,-0.022730938416422375,-0.07075984663645873,0.39,3,左侧观察,买一异常溢价(不作为可成交退出价),49,0,0
55,MP9 | Hot Rod (Factory New),1268.0,1240.0,256,26,0.1016,0.9779,steamdt-live,1299.49,116,1299.46,134,,11,12,9,2,8,4,0,3,0.014843750000000044,-0.0238645111624326,-0.015377041361856691,-0.009375000000000022,0.05018726591760303,0.007148530579825341,0.05018726591760303,0.030098704252812913,-0.11136029154110316,0.28,7,左侧观察,,49,0,0
56,USP-S | Blueprint (Factory New),592.0,551.0,192,19,0.099,0.9307,steamdt-live,599.0,92,613.84,86,,7,9,7,2,8,10,6,0,-0.013377926421404673,0.003389830508474523,-0.007435931483202762,-0.010033444816053505,0.017394768291063678,0.003389830508474523,0.056558670257693344,-0.0573098297743595,-0.20749665327978584,0.38,7,左侧观察,,49,0,0
57,USP-S | Monster Mashup (Factory New),429.0,411.0,571,43,0.0753,0.958,steamdt-live,443.0,141,437.4,175,,7,9,12,2,10,5,4,0,-0.0003217355333915428,-0.01379310344827589,-0.027272320829793917,-0.014110401250172377,0.043563561778213855,0.0,0.08917197452229297,-0.08917197452229297,-0.2603448275862069,0.39,8,左侧观察,,49,0,0
58,★ Specialist Gloves | Crimson Web (Field-Tested),739.4,1150.0,579,36,0.0622,1.5553,steamdt-live,734.0,514,765.0,245,"溢价求购:买一高于卖一,多为定向收特定图案,买一价不可作退出价",7,0,12,5,6,10,4,5,0.014403292181069949,-0.007437457741717335,-0.014864864864864824,0.006858710562414272,0.01410342511752849,0.020152883947185618,0.04675324675324677,-0.04662943239381734,-0.11352657004830913,0.39,10,左侧观察,买一异常溢价(不作为可成交退出价),49,0,0
59,★ Sport Gloves | Bronze Morph (Field-Tested),423.0,509.0,343,31,0.0904,1.2033,steamdt-live,426.0,242,429.8,177,"溢价求购:买一高于卖一,多为定向收特定图案,买一价不可作退出价",7,0,9,5,8,10,6,3,0.009456264775413725,-0.00936768149882905,-0.017421602787456414,0.0,0.03203661327231122,0.003558718861210064,0.055782495144980904,-0.04729729729729726,-0.15094339622641506,0.39,17,左侧观察,买一异常溢价(不作为可成交退出价),48,0,0
60,Glock-18 | Wasteland Rebel (Factory New),758.0,732.0,467,35,0.0749,0.9657,steamdt-live,762.0,100,753.77,159,,7,12,9,2,4,10,4,0,-0.012269372693726854,0.005710549840558299,-0.006806282722513157,-0.006628887717448517,0.012743942370661454,0.019986468200270613,0.02423332340871731,-0.02423332340871731,-0.053647206528562474,0.32,11,左侧观察,,48,0,0
61,MP9 | Airlock (Factory New),144.47,139.0,274,14,0.0511,0.9621,steamdt-live,149.19,106,153.0,115,,3,12,9,2,6,10,6,0,-0.030201342281879207,-0.00020761245674738582,-0.013245033112582738,-0.030402684563758386,0.043245033112582765,0.0,0.043245033112582765,-0.009733360751250864,-0.16640701632912125,0.39,9,左侧观察,,48,0,0
62,★ Broken Fang Gloves | Unhinged (Field-Tested),317.5,373.0,104,21,0.2019,1.1748,steamdt-live,323.0,124,333.58,80,"溢价求购:买一高于卖一,多为定向收特定图案,买一价不可作退出价",17,0,7,5,4,7,2,5,0.0015673981191222097,-0.006259780907668211,-0.01843133634881078,-0.00470219435736674,0.023046862980399374,0.011146496815286566,0.023076923076923106,0.03605808451623438,-0.052238805970149294,0.39,14,左侧观察,买一异常溢价(不作为可成交退出价),47,0,0
63,★ Bloodhound Gloves | Bronzed (Minimal Wear),1277.5,1160.0,142,18,0.1268,0.908,steamdt-live,1370.0,21,1325.0,55,,11,6,7,5,8,7,0,3,0.0007704160246533309,-0.016551193225558092,-0.058396808124773325,-0.01579352850539295,0.0732680449764237,0.02200000000000002,0.07927927927927925,-0.0641025641025641,-0.23227163461538458,0.39,7,左侧观察,,47,0,0
64,★ Sport Gloves | Vice (Field-Tested),2529.0,5120.0,1545,65,0.0421,2.0245,steamdt-live,2533.0,1421,2559.8,313,"溢价求购:买一高于卖一,多为定向收特定图案,买一价不可作退出价",3,0,15,5,6,9,4,5,0.0041428289603471224,-0.0066797642436149385,-0.02424657745199199,-0.0025646084040245043,0.026749002879714157,0.007171314741035939,0.03566660308983405,-0.03566660308983405,-0.08933717579250722,0.39,7,左侧观察,买一异常溢价(不作为可成交退出价),47,0,0
65,MP9 | Mount Fuji (Factory New),87.56,80.0,1221,32,0.0262,0.9137,steamdt-live,86.0,550,89.68,314,,3,6,15,2,8,7,6,0,0.0011641443538998875,-0.011627906976744207,-0.03807390817469192,-0.010477299185098987,0.0513392857142857,0.0,0.06695938529088907,-0.06593406593406592,-0.2158671586715868,0.39,11,左侧观察,,47,0,0
66,M4A4 | Evil Daimyo (Factory New),49.55,46.0,1827,26,0.0142,0.9284,steamdt-live,48.9,1008,50.2,785,,3,6,15,2,8,9,4,0,-0.019803960792158515,-0.0020408163265306367,-0.00019999999999997797,-0.021804360872174522,0.03702244978337932,0.004106776180698102,0.07175398633257402,-0.07175398633257402,-0.23474178403755874,0.28,13,左侧观察,,47,0,0
67,★ Hand Wraps | Duct Tape (Minimal Wear),391.48,503.0,212,31,0.1462,1.2849,steamdt-live,410.0,67,404.5,65,"溢价求购:买一高于卖一,多为定向收特定图案,买一价不可作退出价",11,0,7,5,8,6,4,5,-0.002531709663535775,-0.005101652326201189,-0.01858523616667085,-0.0076204460872426605,0.027272501675062677,0.0012772044548892136,0.06110325995832233,-0.05546987951807225,-0.13660792951541845,0.39,9,左侧观察,买一异常溢价(不作为可成交退出价),46,0,0
68,★ Bloodhound Gloves | Charred (Minimal Wear),1439.0,1330.0,124,17,0.1371,0.9243,steamdt-live,1594.5,21,1504.0,36,,11,6,7,5,8,4,2,3,-0.002741603838245399,-0.010996563573883122,-0.021462105969148215,-0.013708019191226883,0.034875922199865905,0.0062937062937062915,0.06223525578364286,-0.06223525578364286,-0.19111860595840358,0.39,6,左侧观察,,46,0,0
69,Tec-9 | Titanium Bit (Factory New),510.0,471.0,642,14,0.0218,0.9235,steamdt-live,507.69,13,492.11,45,,3,6,12,2,8,9,6,0,-0.06958126918947427,-0.0038262982083206998,0.01027612323735938,-0.07314132871216261,0.07314132871216261,0.0,0.07314132871216261,-0.07026924893717523,-0.0452481664014901,0.1,7,左侧观察,,46,0,0
70,Glock-18 | Ironwork (Factory New),226.5,209.0,655,62,0.0947,0.9227,steamdt-live,215.0,69,222.77,100,,7,6,12,2,10,6,2,0,-0.04157549234135671,-0.018310502283104935,-0.03259949195596945,-0.05912472647702405,0.10844322800033168,0.004626168224299176,0.12248979591836728,0.09265094531408824,-0.24564912280701756,0.22,10,左侧观察,,45,0,0
71,AWP | Elite Build (Factory New),374.5,352.0,366,24,0.0656,0.9399,steamdt-live,381.5,81,397.17,130,,7,9,9,2,10,6,2,0,-0.03700887198986069,-0.014214266912345286,-0.006297229219143552,-0.05069708491761726,0.05786163522012577,0.0,0.10620525059665875,-0.10620525059665875,-0.29737335834896805,0.39,12,左侧观察,,45,0,0
72,★ Moto Gloves | Smoke Out (Minimal Wear),1134.97,2010.0,158,29,0.1835,1.771,steamdt-live,1135.0,126,1145.0,69,"溢价求购:买一高于卖一,多为定向收特定图案,买一价不可作退出价",14,0,7,5,4,5,4,5,-0.002640350877192943,-0.001776620726655409,-0.008695652173912993,-0.0044122807017543675,0.013069565217391332,0.0052878653675818565,0.02535852297123231,-0.02535852297123231,-0.10898885225310095,0.33,4,左侧观察,买一异常溢价(不作为可成交退出价),44,0,0
73,AWP | BOOM (Factory New),2190.0,2020.0,40,6,0.15,0.9224,steamdt-live,2639.5,23,2244.5,34,,14,6,4,2,4,8,6,0,-0.022666666666666613,-0.004092769440654842,0.0,-0.026666666666666616,0.026666666666666616,0.0,0.026666666666666616,-0.004545454545454519,-0.10466067048242023,0.35,3,左侧观察,,44,0,0
74,Desert Eagle | Golden Koi (Factory New),1244.99,1170.0,493,47,0.0953,0.9398,steamdt-live,1268.47,185,1240.0,168,,7,9,9,2,10,5,2,0,-0.015372487189594053,-0.007205764611689314,-0.020463320463320445,-0.022467481277098966,0.0424710424710425,0.016393442622950838,0.0948905109489051,-0.09158174665387064,-0.17327821854790326,0.39,9,左侧观察,,44,0,0
75,P250 | Epicenter (Factory New),114.5,110.0,198,7,0.0354,0.9607,steamdt-live,120.0,76,120.21,97,,3,12,7,2,10,4,6,0,-0.007594062823610637,-0.004347826086956497,-0.00017256255392583686,-0.011908871246116615,0.012845934994396013,0.0,0.09054805401111998,-0.09054805401111998,-0.25402306339175196,0.39,2,左侧观察,,44,0,0
76,★ Moto Gloves | Smoke Out (Field-Tested),644.0,900.0,305,50,0.1639,1.3975,steamdt-live,674.5,286,649.65,132,"溢价求购:买一高于卖一,多为定向收特定图案,买一价不可作退出价",14,0,9,5,6,5,4,0,-0.017383016384514116,-0.008468052347959998,-0.007522522522522501,-0.025703868439764577,0.033033033033033066,0.0,0.043090638930163405,-0.04023845007451565,-0.11416781292984868,0.39,11,左侧观察,买一异常溢价(不作为可成交退出价),43,0,0
77,Desert Eagle | Fennec Fox (Factory New),2250.0,2440.0,436,64,0.1468,1.0844,steamdt-live,2298.5,131,2293.03,103,"溢价求购:买一高于卖一,多为定向收特定图案,买一价不可作退出价",11,0,9,2,10,4,2,5,-0.0013179700651154702,-0.020017770344431085,-0.04852974650801867,-0.02130935758746222,0.08163265306122447,0.0,0.08163265306122447,-0.06034662768845267,-0.23076923076923073,0.39,5,左侧观察,买一异常溢价(不作为可成交退出价),43,0,0
78,FAMAS | Macabre (Factory New),59.34,42.0,69,6,0.087,0.7078,steamdt-live,66.96,40,60.77,65,,7,1,4,2,8,10,6,5,-0.006666666666666599,-0.004362416107382527,-0.03194578896418199,-0.010999999999999899,0.04259438528557591,0.0,0.05809523809523809,-0.05809523809523809,-0.24771805273833658,0.39,4,左侧观察,,43,0,0
79,Five-SeveN | Case Hardened (Factory New),212.62,254.0,224,17,0.0759,1.1946,steamdt-live,215.9,156,225.52,125,"溢价求购:买一高于卖一,多为定向收特定图案,买一价不可作退出价",7,0,7,2,8,8,6,5,-0.0030476369092273803,-4.70300522033007e-05,-0.01487297921478059,-0.003094523630907675,0.033545454545454545,0.0029245283018868307,0.05080357142857139,-0.05080357142857139,-0.29835329835329827,0.38,5,左侧观察,买一异常溢价(不作为可成交退出价),43,0,0
80,AK-47 | Slate (Factory New),88.45,82.0,1947,18,0.0092,0.9271,steamdt-live,89.5,1425,89.97,748,,3,6,15,2,4,4,6,3,-0.0025871766029247345,-0.002593887447840393,-0.008918617614269708,-0.005174353205849358,0.022762430939226586,0.004999999999999893,0.02491730981256901,-0.015144766146993338,-0.11560000000000004,0.18,10,左侧观察,,43,0,0
81,★ Hand Wraps | Desert Shamagh (Field-Tested),231.5,255.0,250,25,0.1,1.1015,steamdt-live,237.87,194,236.99,200,"溢价求购:买一高于卖一,多为定向收特定图案,买一价不可作退出价",11,0,7,5,2,10,4,3,0.03768888888888888,-0.00848038375878013,-0.03632002741134144,0.028888888888888964,0.01059919651252239,0.028888888888888964,0.014893617021276562,0.008714596949890963,-0.06449527196314564,0.3,14,左侧观察,买一异常溢价(不作为可成交退出价),42,0,0
82,★ Driver Gloves | Queen Jaguar (Field-Tested),292.5,387.0,241,21,0.0871,1.3231,steamdt-live,289.0,209,300.0,87,"溢价求购:买一高于卖一,多为定向收特定图案,买一价不可作退出价",7,0,7,5,6,8,4,5,0.0,-0.0017271157167529916,-0.008561643835616417,-0.0017271157167529916,0.010273972602739767,0.01403508771929829,0.030201342281879207,-0.00857632933104635,-0.025130713442401698,0.39,5,左侧观察,买一异常溢价(不作为可成交退出价),42,0,0
83,★ Sport Gloves | Omega (Field-Tested),1118.0,1950.0,879,60,0.0683,1.7442,steamdt-live,1129.49,717,1130.0,227,"溢价求购:买一高于卖一,多为定向收特定图案,买一价不可作退出价",7,0,12,5,2,10,6,0,-0.013274336283185861,0.0026905829596413078,0.027272727272727337,-0.010619469026548645,0.010619469026548645,0.016363636363636358,0.010619469026548645,-0.0017857142857142794,-0.07091155377161706,0.18,8,左侧观察,买一异常溢价(不作为可成交退出价),42,0,0
84,Galil AR | Crimson Tsunami (Factory New),41.5,39.6,692,32,0.0462,0.9542,steamdt-live,38.0,273,42.33,236,,3,9,12,2,6,10,0,0,-0.03498190591073591,-0.000500000000000056,0.040672859653527516,-0.03546441495778063,0.04536771728748823,0.052105263157894655,0.04536771728748823,0.027763496143958788,-0.2534080298786181,0.22,7,左侧观察,,42,0,0
85,USP-S | Road Rash (Factory New),910.0,835.0,162,16,0.0988,0.9176,steamdt-live,933.18,57,924.0,64,,7,6,7,2,6,4,4,5,-0.0016286644951140072,-0.010331702011962984,-0.02021276595744681,-0.011943539630836053,0.03191489361702127,0.0,0.04058029077797343,0.0,-0.18091809180918095,0.38,4,左侧观察,,41,0,0
86,★ Driver Gloves | Racing Green (Minimal Wear),244.5,331.0,170,16,0.0941,1.3538,steamdt-live,247.74,73,255.0,116,"溢价求购:买一高于卖一,多为定向收特定图案,买一价不可作退出价",7,0,7,5,6,10,6,0,0.03504166666666664,-0.01574010708103535,-0.03420523138832998,0.018750000000000044,0.01807228915662651,0.021516607478587968,0.043052837573385516,0.006172839506172867,-0.0842696629213483,0.39,11,左侧观察,买一异常溢价(不作为可成交退出价),41,0,0
87,★ Driver Gloves | Rezan the Red (Field-Tested),340.0,456.0,225,23,0.1022,1.3412,steamdt-live,359.0,202,367.0,118,"溢价求购:买一高于卖一,多为定向收特定图案,买一价不可作退出价",11,0,7,5,4,9,2,0,0.0014285714285713347,-0.0028530670470755526,-0.018232819074333828,-0.0014285714285714457,0.016877637130801704,0.027941176470588136,0.029166666666666674,-0.0014285714285714457,-0.06523308994624089,0.05,7,左侧观察,买一异常溢价(不作为可成交退出价),38,0,0
88,★ Hand Wraps | Cobalt Skulls (Field-Tested),1212.99,1620.0,941,47,0.0499,1.3355,steamdt-live,1223.0,718,1228.77,213,"溢价求购:买一高于卖一,多为定向收特定图案,买一价不可作退出价",3,0,15,5,4,4,6,0,-0.005727124183006582,-0.003286797755117088,-0.006090133982947665,-0.008995098039215721,0.014229987809833422,0.010825000000000085,0.02883106485188147,-0.029607999999999968,-0.07722327881323698,0.39,10,左侧观察,买一异常溢价(不作为可成交退出价),37,0,0
89,AK-47 | Jaguar (Factory New),2787.0,2240.0,142,6,0.0423,0.8037,steamdt-live,2540.0,40,2625.9,46,,3,3,7,2,10,10,2,0,-0.023076923076923106,0.0,-0.018867924528301883,-0.023076923076923106,0.059259259259259234,0.016000000000000014,0.08862576246860421,-0.08862576246860421,-0.22995300894345916,0.39,4,左侧观察,,37,0,0
90,P250 | Bengal Tiger (Factory New),298.5,204.0,23,2,0.087,0.6834,steamdt-live,272.4,25,289.5,28,,7,1,2,2,8,7,4,5,-0.0025463805020007335,-0.006564551422319487,-0.026902654867256737,-0.00909421607857408,0.035752212389380644,0.0,0.07817258883248734,-0.07817258883248734,-0.12411575562700972,0.39,4,左侧观察,,36,0,0
91,★ Sport Gloves | Omega (Minimal Wear),2749.0,4650.0,442,38,0.086,1.6915,steamdt-live,2756.5,378,2720.0,103,"溢价求购:买一高于卖一,多为定向收特定图案,买一价不可作退出价",7,0,9,5,6,5,4,0,-0.005226166876914795,-0.003985507246376807,-0.01224678699846915,-0.00919084519733282,0.0213250738723344,0.010661764705882426,0.0403211729795776,-0.019964349376114132,-0.09854074438432525,0.39,6,左侧观察,买一异常溢价(不作为可成交退出价),36,0,0
92,★ Hand Wraps | Cobalt Skulls (Minimal Wear),2296.5,3170.0,384,21,0.0547,1.3804,steamdt-live,2420.0,306,2368.7,97,"溢价求购:买一高于卖一,多为定向收特定图案,买一价不可作退出价",3,0,9,5,4,4,6,5,-0.00324324324324321,-0.0036876355748373113,-0.011118238186871965,-0.006918918918918937,0.02193356047700168,0.0,0.023023712892768722,-0.023023712892768722,-0.10780885780885785,0.31,4,左侧观察,买一异常溢价(不作为可成交退出价),36,0,0
93,Glock-18 | Gamma Doppler (Factory New),569.0,2270.0,1681,81,0.0482,3.9895,steamdt-live,589.5,647,589.89,499,"溢价求购:买一高于卖一,多为定向收特定图案,买一价不可作退出价",3,0,15,2,8,5,2,0,-0.007785467128027634,-0.007846556233653046,-0.02855510176641629,-0.01557093425605538,0.0436814064101918,0.016071428571428514,0.06837382932739533,-0.06837382932739533,-0.2473445415944655,0.39,14,左侧观察,买一异常溢价(不作为可成交退出价),35,0,0
94,MP9 | Dry Season (Factory New),2300.0,55.0,2,4,2.0,0.0239,steamdt-live,3888.0,1,689.0,2,,8,1,2,2,6,5,6,0,-0.0057553956834532904,-0.0028943560057886897,-0.0028694404591105283,-0.008633093525179825,0.026134645012650393,0.0,0.04147132065497139,0.0,-0.014306151645207432,0.22,6,左侧观察,,30,0,0
95,AK-47 | Vulcan (Factory New),3489.9,6600.0,888,35,0.0394,1.8912,steamdt-live,3557.0,724,3562.22,183,"溢价求购:买一高于卖一,多为定向收特定图案,买一价不可作退出价",3,0,12,2,6,5,0,0,-0.0008815192743764078,-0.009926550899460596,-0.01972770213948316,-0.010799319727891166,0.030313976104473395,0.0264411764705883,0.04123362976271905,-0.04123362976271905,-0.08986830095188414,0.38,4,左侧观察,买一异常溢价(不作为可成交退出价),28,0,0
96,★ Hand Wraps | Constrictor (Minimal Wear),651.43,652.0,105,18,0.1714,1.0009,steamdt-live,658.5,57,656.8,81,,14,15,7,5,6,10,6,5,-0.0015527950310558758,0.013110419906687376,-0.019786910197869156,0.011537267080745206,0.008477929984779364,0.015479345284489465,0.03134525880656058,-0.03022047548866369,-0.05998556998557003,0.38,8,回撤不明显,,68,0,0
97,Glock-18 | Steel Disruption (Factory New),244.4,237.0,334,37,0.1108,0.9697,steamdt-live,261.4,71,246.97,93,,11,12,9,2,8,10,6,5,0.02083333333333326,-0.002448979591836764,-0.043824701195219085,0.018333333333333313,0.05083692570585263,0.04444444444444451,0.05083692570585263,0.0862222222222222,-0.31536780772032047,0.39,9,长期阴跌,,63,0,0
98,★ Moto Gloves | Eclipse (Field-Tested),2840.0,2820.0,298,69,0.2315,0.993,steamdt-live,3239.5,24,3102.27,71,,17,15,9,5,10,0,0,5,-0.003924836601307269,-0.04264777771580608,-0.04225352112676062,-0.04640522875816988,0.09631464849798699,0.0,0.09631464849798699,-0.09378881987577636,-0.20706521739130435,0.13,6,可能加速下跌,,61,0,0
99,★ Hand Wraps | Badlands (Minimal Wear),2487.88,2390.0,158,36,0.2278,0.9607,steamdt-live,2863.5,23,2566.76,51,,17,12,7,5,10,3,4,3,-0.01716403354788376,-0.01255010914864052,-0.03081285444234405,-0.029498732202067446,0.05940264650283544,0.0,0.12506418146650256,-0.11147142857142855,-0.19211560318233478,0.39,3,暂未减速,,61,0,0
100,Desert Eagle | Hypnotic (Factory New),988.0,953.0,209,41,0.1962,0.9646,steamdt-live,998.5,77,992.61,89,,14,12,7,2,4,10,6,5,0.022279792746114024,0.001520527116066983,-0.023259580153444426,0.023834196891191706,0.005245617744485065,0.023834196891191706,0.02268208481299394,-0.008032128514056214,-0.137117903930131,0.39,12,回撤不明显,,60,0,0
101,AK-47 | Leet Museo (Factory New),3226.0,3160.0,536,95,0.1772,0.9795,steamdt-live,3333.0,62,3290.0,83,,14,12,12,2,10,3,2,5,-0.0058567352455323185,-0.025377643504531755,-0.06065735646776693,-0.03108574861090252,0.08608014504865646,0.0,0.08985752574411054,-0.05117647058823527,-0.15770234986945175,0.39,8,可能加速下跌,,60,0,0
102,AWP | Atheris (Factory New),164.45,158.0,578,48,0.083,0.9608,steamdt-live,168.89,303,167.38,284,,7,12,12,2,8,17,2,0,-0.02043269230769229,0.00889570552147223,-0.038150289017340966,-0.011718750000000111,0.07058890019215558,0.025313298834091835,0.07058890019215558,-0.014561361457334665,-0.4264839227174444,0.29,14,长期阴跌,,60,0,0
103,AK-47 | Neon Revolution (Factory New),1470.0,1450.0,544,113,0.2077,0.9864,steamdt-live,1535.0,116,1512.3,144,,17,12,12,2,8,1,4,3,-0.010568031704095149,-0.01869158878504673,-0.03258785942492015,-0.029062087186261576,0.0625,0.0,0.07079646017699115,-0.057390189163193384,-0.09962882657748706,0.37,9,可能加速下跌,,59,0,0
104,★ Driver Gloves | Racing Green (Field-Tested),177.47,178.0,185,16,0.0865,1.003,steamdt-live,175.99,116,176.47,158,,7,15,7,5,4,10,6,5,0.029294117647058693,0.005772088238656048,-0.03409090909090906,0.03523529411764703,0.00514414923685691,0.03523529411764703,0.01670577718180788,0.02918128654970764,-0.0638829787234042,0.2,3,回撤不明显,,59,0,0
105,AK-47 | Asiimov (Factory New),1820.0,1790.0,230,85,0.3696,0.9835,steamdt-live,1867.08,80,1848.69,87,,20,12,7,2,10,0,2,5,-0.016051677029097267,-0.02621722846441943,-0.028667126895246864,-0.041848075009607855,0.10762004226546829,0.0027548209366390353,0.10762004226546829,-0.07824765763484431,-0.1978845306302336,0.38,8,可能加速下跌,,58,0,0
106,AWP | Printstream (Factory New),1009.0,980.0,442,143,0.3235,0.9713,steamdt-live,1022.9,346,1028.22,171,,20,12,9,2,6,0,4,5,-0.000990099009900991,0.0,-0.007273442107332384,-0.000990099009900991,0.008646099430143384,0.008999999999999897,0.04794255574112338,-0.048113207547169856,-0.11491228070175441,0.39,6,回撤不明显,,58,0,0
107,★ Specialist Gloves | Foundation (Field-Tested),4350.0,4270.0,312,69,0.2212,0.9816,steamdt-live,4650.0,41,4587.5,75,,17,12,9,5,10,1,0,3,-0.017576457590518735,-0.0332237653600741,-0.06397097894951975,-0.05021626684774416,0.11097486204782347,0.0,0.12790347996583784,-0.12799263905510483,-0.35035842293906805,0.39,5,长期阴跌,,57,0,0
108,Glock-18 | Franklin (Factory New),648.11,610.0,443,35,0.079,0.9412,steamdt-live,688.84,86,649.5,157,,7,9,9,2,8,11,6,5,-0.006702290076335826,-0.003842547762868742,-0.029629629629629672,-0.010519083969465659,0.03589491848149473,0.0,0.06746762589928057,-0.06746762589928057,-0.3177071270660069,0.39,8,长期阴跌,,57,0,0
109,AK-47 | The Empress (Factory New),1549.5,1540.0,350,78,0.2229,0.9939,steamdt-live,1606.34,174,1619.9,121,,17,15,9,2,8,0,2,3,-0.007502344482650858,-0.02393700787401576,-0.030606060606060637,-0.03125976867771174,0.06090909090909091,0.0,0.07712924359737938,-0.07712924359737938,0.01606557377049178,0.39,5,可能加速下跌,,56,0,0
110,★ Hand Wraps | Spruce DDPAT (Field-Tested),2030.0,2010.0,292,60,0.2055,0.9901,steamdt-live,2453.84,27,2174.0,75,,17,15,9,5,10,0,0,0,-0.0009090909090908594,-0.07643312101910826,-0.0393013100436681,-0.07727272727272727,0.11739130434782608,0.0,0.11739130434782608,-0.10097431355181574,-0.23106060606060608,0.39,11,可能加速下跌,,56,0,0
111,★ Hydra Gloves | Case Hardened (Minimal Wear),516.91,534.0,123,20,0.1626,1.0331,steamdt-live,508.47,116,539.99,84,,14,15,7,5,4,0,6,5,-0.0010216110019646285,-1.9666456891109796e-05,-0.005839957811676011,-0.0010412573673870273,0.006875134279966333,0.0,0.021231953801732373,-0.021231953801732373,-0.13598980458793541,0.39,5,回撤不明显,,56,0,0
112,★ Hand Wraps | Badlands (Field-Tested),2398.0,2320.0,311,75,0.2412,0.9675,steamdt-live,2794.5,22,2470.92,69,,17,12,9,5,10,0,2,0,-0.019607843137254943,-0.0212244897959184,-0.024643462105895853,-0.040416166466586634,0.07733743747595234,0.0,0.09132247063281551,-0.09132247063281551,-0.15563380281690142,0.39,2,可能加速下跌,,55,0,0
113,M4A4 | Poseidon (Factory New),8288.0,8370.0,198,30,0.1515,1.0099,steamdt-live,8599.0,108,8499.0,84,,14,15,7,2,8,2,2,5,-0.007058823529411784,-0.018010663507109004,-0.03398113421979776,-0.024942352941176527,0.06456094808126411,0.0,0.06561555806087938,-0.013334523809523824,-0.2382362132352941,0.39,7,可能加速下跌,,55,0,0
114,Five-SeveN | Triumvirate (Factory New),67.68,61.0,227,19,0.0837,0.9013,steamdt-live,71.77,175,68.24,220,,7,6,7,2,10,12,6,5,-0.027185577335813504,-0.004559494043241519,-0.060365689701532554,-0.031621118901130285,0.08995562726906003,0.0,0.1507089973647885,-0.15177340518862015,-0.42644067796610163,0.33,6,长期阴跌,,55,0,0
115,★ Broken Fang Gloves | Unhinged (Minimal Wear),481.5,667.0,55,27,0.4909,1.3853,steamdt-live,472.0,64,480.04,61,"溢价求购:买一高于卖一,多为定向收特定图案,买一价不可作退出价",20,0,4,5,4,10,6,5,0.03178155774395708,0.02386117136659438,-0.032900432900432874,0.056401074306177135,0.0010582010582010914,0.056401074306177135,0.020746887966805017,-0.020746887966805017,-0.10436432637571158,0.39,8,回撤不明显,买一异常溢价(不作为可成交退出价),54,0,0
116,★ Sport Gloves | Frosty (Minimal Wear),2288.5,3110.0,49,16,0.3265,1.359,steamdt-live,2296.5,48,2297.5,28,"溢价求购:买一高于卖一,多为定向收特定图案,买一价不可作退出价",20,0,4,5,4,10,6,5,-0.008373732921992061,0.017111111111111077,0.008444444444444477,0.00859409431467606,0.0,0.04022727272727278,0.026170212765957435,-0.04086336965632853,-0.08460000000000001,0.14,2,回撤不明显,买一异常溢价(不作为可成交退出价),54,0,0
117,★ Moto Gloves | Eclipse (Minimal Wear),2930.0,2820.0,136,34,0.25,0.9625,steamdt-live,3399.5,23,3111.7,48,,17,12,7,5,10,0,0,3,-0.0019393352694417887,-0.052696581624900096,-0.043223217042297035,-0.054533720555017706,0.09526015130461629,3.4129809316496562e-06,0.10383850741703626,-0.10397553516819569,-0.2228116710875332,0.37,7,可能加速下跌,,54,0,0
118,AK-47 | Aphrodite (Factory New),1669.0,1620.0,378,59,0.1561,0.9706,steamdt-live,1710.0,215,1701.33,196,,14,12,9,2,8,0,4,5,-0.0031272126504602316,-0.012133767386800831,-0.005690818421824617,-0.015223035166391341,0.05626236923946848,0.0,0.05626236923946848,-0.04683038263849226,-0.12111637704054767,0.38,8,可能加速下跌,,54,0,0
119,★ Driver Gloves | Lunar Weave (Field-Tested),3699.5,3560.0,295,44,0.1492,0.9623,steamdt-live,3874.25,19,3849.13,75,,11,12,9,5,10,2,0,5,-0.0014379084967319766,-0.03141772483309335,-0.04850746268656714,-0.03281045751633982,0.08027774393957843,0.00013517166801846336,0.10072073605017207,-0.07926600115978377,-0.3298007246376812,0.37,2,长期阴跌,,54,0,0
120,Desert Eagle | The Bronze (Factory New),123.5,117.0,582,47,0.0808,0.9474,steamdt-live,125.5,171,123.44,193,,7,9,12,2,10,11,0,3,-0.03125,-0.008064516129032251,-0.07313540912382333,-0.0390625,0.10934105720492393,0.03370031095050008,0.11504424778761069,-0.08536585365853655,-0.3892750744786495,0.39,14,长期阴跌,,54,0,0
121,FAMAS | Valence (Factory New),158.87,150.0,294,20,0.068,0.9442,steamdt-live,176.83,99,161.09,119,,7,9,9,2,6,10,6,5,0.0,0.005506329113924124,-0.036526617476675516,0.005506329113924124,0.03122141593999639,0.008762461108641872,0.03715151515151516,-0.03128048780487802,-0.30621424516354423,0.39,9,长期阴跌,,54,0,0
122,★ Bloodhound Gloves | Guerrilla (Field-Tested),1007.0,970.0,204,51,0.25,0.9633,steamdt-live,1238.84,30,1043.55,79,,17,12,7,5,10,0,2,0,-0.0101058710298364,-0.020904229460379176,-0.01784701478428563,-0.030798845043310874,0.04764606858461495,0.00800800800800805,0.09968708091193568,-0.1000893655049151,-0.2537977028529085,0.31,8,可能加速下跌,,53,0,0
123,M4A4 | Dark Operative (Factory New),39.16,38.0,100,23,0.23,0.9704,steamdt-live,40.0,79,40.58,94,,17,12,7,2,4,0,6,5,-0.002540005080010066,-0.002801120448179484,0.0,-0.005334010668021305,0.005334010668021305,0.004102564102564044,0.028287841191066976,-0.028046661702655795,-0.18058171165515802,0.29,2,回撤不明显,,53,0,0
124,★ Moto Gloves | Cool Mint (Field-Tested),5390.0,5270.0,303,68,0.2244,0.9777,steamdt-live,5733.71,48,5677.22,92,,17,12,9,5,10,0,0,0,-0.033154895527542694,-0.037328094302554016,-0.016307117377271974,-0.06924538076325337,0.08442330558858502,9.277298450682814e-05,0.10166666666666668,-0.10166666666666668,-0.334485738980121,0.36,14,长期阴跌,,53,0,0
125,M4A1-S | Player Two (Factory New),946.0,932.0,441,80,0.1814,0.9852,steamdt-live,950.0,133,961.34,162,,14,12,9,2,6,3,2,5,-0.0026141078838174403,-0.01610017889087656,-0.02626262626262621,-0.018672199170124526,0.04202531645569618,0.0,0.04886386487029959,-0.030737704918032738,-0.06704274246040354,0.39,10,可能加速下跌,,53,0,0
126,★ Bloodhound Gloves | Snakebite (Field-Tested),1088.49,1060.0,238,37,0.1555,0.9738,steamdt-live,1170.2,19,1120.0,93,,14,12,7,5,10,3,2,0,-0.028045574057844025,-0.018494138863841325,0.0008771929824560321,-0.046021034180543374,0.08027883396704694,0.0,0.08886284685891266,-0.08144303797468355,-0.1996397058823529,0.39,5,可能加速下跌,,53,0,0
127,M4A1-S | Flashback (Factory New),655.0,640.0,682,92,0.1349,0.9771,steamdt-live,683.1,69,658.41,117,,11,12,12,2,10,6,0,0,-0.046414948784982646,-0.01872659176029967,-0.05278755074424901,-0.06427234674781068,0.12374581939799334,0.0234375,0.16666666666666663,-0.1680004064730839,-0.34434434434434436,0.36,19,长期阴跌,,53,0,0
128,M4A1-S | Leaded Glass (Factory New),240.5,239.0,1117,68,0.0609,0.9938,steamdt-live,257.98,212,246.6,229,,7,15,15,2,10,1,0,3,-0.007827788649706457,-0.05128205128205132,-0.07721756717711648,-0.05870841487279843,0.12545454545454549,0.002083333333333437,0.13799283154121866,-0.12859161563824784,-0.2777777777777778,0.34,9,可能加速下跌,,53,0,0
129,AWP | Acheron (Factory New),41.29,40.5,2618,60,0.0229,0.9809,steamdt-live,42.26,584,41.68,562,,3,12,15,2,10,6,2,3,-0.04229538180155468,-0.01671043208402967,-0.06137339055793989,-0.05829903978052131,0.12118625986771925,0.0,0.1536881035545511,-0.1536881035545511,-0.5154117647058825,0.17,15,长期阴跌,,53,0,0
130,★ Moto Gloves | 3rd Commando Company (Minimal Wear),519.5,508.0,103,30,0.2913,0.9779,steamdt-live,498.0,42,508.8,69,,17,12,7,5,0,0,6,5,0.0,0.0010050251256281673,0.03501362681257403,0.0010050251256281673,0.0,0.039665970772442494,0.0,0.04842105263157892,0.07559395248380119,0.39,4,回撤不明显,,52,0,0
131,★ Driver Gloves | Convoy (Minimal Wear),2879.99,2740.0,126,28,0.2222,0.9514,steamdt-live,3136.0,35,2973.19,33,,17,9,7,5,10,2,2,0,-0.00016949152542378165,-0.023566706221393563,-0.032786885245901676,-0.02373220338983062,0.0672097165991904,0.028567857142857145,0.08861075949367092,-0.07987539936102239,-0.22162432432432433,0.21,11,可能加速下跌,,52,0,0
132,★ Driver Gloves | Crimson Weave (Field-Tested),6290.0,6030.0,239,51,0.2134,0.9587,steamdt-live,6997.5,22,6487.0,60,,17,9,7,5,10,0,4,0,-0.018181818181818188,-0.029320987654321007,-0.03480549868382565,-0.046969696969696995,0.079669324749433,0.0,0.11413067206356853,-0.08845467706804122,-0.27584618927008975,0.39,8,可能加速下跌,,52,0,0
133,★ Specialist Gloves | Emerald Web (Field-Tested),7100.0,6950.0,376,58,0.1543,0.9789,steamdt-live,7777.0,84,7312.0,93,,14,12,9,5,10,0,2,0,-0.020132026842702433,-0.033882160838209274,-0.02305718379575361,-0.05333207110942817,0.07515956753940345,0.0,0.10410094637223977,-0.10410094637223977,-0.28992899289929,0.39,9,可能加速下跌,,52,0,0
134,USP-S | Pathfinder (Factory New),182.7,170.0,124,18,0.1452,0.9305,steamdt-live,181.24,71,186.28,92,,11,9,7,2,8,4,6,5,-0.001645729332382384,-0.0041211055552502485,-0.009831613253666549,-0.005760052663338566,0.01553503530689837,0.0,0.05751430057202289,-0.05751430057202289,-0.43975270479134465,0.39,5,长期阴跌,,52,0,0
135,AK-47 | Frontside Misty (Factory New),683.5,680.0,414,51,0.1232,0.9949,steamdt-live,730.0,98,723.5,192,,11,15,9,2,10,3,2,0,-0.028591352859135277,-0.01866475233309406,-0.04400000000000004,-0.04672245467224545,0.08866666666666667,0.0,0.08866666666666667,-0.07455047660311953,-0.1863095238095238,0.39,16,暂未减速,,52,0,0
136,Desert Eagle | Mudder (Factory New),36.79,34.8,325,33,0.1015,0.9459,steamdt-live,35.42,71,36.5,136,,11,9,9,2,10,0,6,5,-0.0025309336332959287,-0.0014096419509443958,0.01658090337335638,-0.003937007874015741,0.0050561797752809445,0.023995374385660462,0.08711340206185558,-0.08711340206185558,-0.47911764705882354,0.39,4,长期阴跌,,52,0,0
137,Galil AR | Amber Fade (Factory New),115.0,110.0,524,44,0.084,0.9565,steamdt-live,115.0,136,127.99,98,,7,9,12,2,10,9,0,3,-0.09062499999999996,-0.012027491408934776,-0.07907043672206637,-0.1015625,0.17260234549248155,0.045454545454545414,0.20343561681789846,0.10269440981877453,-0.36813186813186816,0.34,14,长期阴跌,,52,0,0
138,MP9 | Music Box (Factory New),42.0,36.3,270,17,0.063,0.8643,steamdt-live,42.04,82,40.02,112,,7,3,9,2,10,10,6,5,0.00749999999999984,-0.006947890818858382,-0.08403938630638885,0.000500000000000167,0.083581405999542,0.005527638190955031,0.083581405999542,-0.02864077669902909,-0.5307223264540337,0.23,8,长期阴跌,,52,0,0
139,M4A1-S | Solitude (Factory New),66.77,64.0,5021,45,0.009,0.9585,steamdt-live,69.17,2676,69.99,2391,,3,9,15,2,8,9,6,0,-0.016176470588235237,-0.0019431988041854753,-0.0061385559777843435,-0.018088235294117738,0.02411575562700974,0.0,0.055453388032253526,-0.055453388032253526,-0.33230000000000004,0.39,8,长期阴跌,,52,0,0
140,AWP | Silk Tiger (Factory New),2825.0,2740.0,322,44,0.1366,0.9699,steamdt-live,2949.5,71,2987.0,78,,11,12,9,2,8,2,2,5,-0.00017241379310339866,-0.025694085187101257,-0.03941702550513415,-0.025862068965517238,0.06425968863862208,0.0,0.07377049180327866,-0.05801933977992668,-0.22940534642662302,0.39,7,可能加速下跌,,51,0,0
141,AWP | Hyper Beast (Factory New),912.0,895.0,375,42,0.112,0.9814,steamdt-live,964.5,100,958.5,94,,11,12,9,2,8,0,4,5,-0.010160708358761927,-0.013520822065981597,-0.02200000000000002,-0.023544149294960293,0.052959501557632405,0.0,0.053941908713692976,-0.03949447077409163,-0.12223291626564003,0.38,6,暂未减速,,51,0,0
142,AWP | LongDog (Factory New),2499.5,2410.0,350,38,0.1086,0.9642,steamdt-live,2566.0,131,2568.0,173,,11,12,9,2,10,0,2,5,-0.0038117647058822923,-0.01605334844977724,-0.019230769230769273,-0.019803921568627425,0.03865384615384615,0.0,0.09438405797101446,-0.09438405797101446,-0.30162056440346463,0.35,9,长期阴跌,,51,0,0
143,Desert Eagle | Eastern Enigma (Factory New),386.5,372.0,75,30,0.4,0.9625,steamdt-live,394.99,67,391.0,142,,20,12,4,2,8,0,4,0,-0.011338670168438592,-0.012771392081736943,-0.006298619824341212,-0.02396525164776886,0.03615960099750626,0.0,0.055889393717328595,-0.039751552795031064,-0.14111111111111108,1.39,10,可能加速下跌,,50,0,0
144,AWP | Black Box (Factory New),147.7,141.0,52,18,0.3462,0.9546,steamdt-live,144.67,65,156.95,62,,20,9,4,2,10,3,2,0,0.002819170358437484,-0.03165997322623837,-0.051082802547770756,-0.028930057725869207,0.07853503184713384,0.0,0.09862928348909661,-0.09012578616352207,-0.13105892245780537,0.34,11,可能加速下跌,,50,0,0
145,Desert Eagle | Code Red (Factory New),1025.05,1010.0,262,57,0.2176,0.9853,steamdt-live,1032.27,69,1036.37,122,,17,12,9,2,8,0,2,0,-0.016084507042253615,-0.021777510569059078,-0.010682768230376172,-0.03751173708920197,0.051204679878189774,0.0,0.0586198662846229,-0.01390091390091397,-0.013416876004581413,0.39,14,可能加速下跌,,50,0,0
146,M4A1-S | Chantico's Fire (Factory New),1589.0,1540.0,265,53,0.2,0.9692,steamdt-live,1668.5,70,1570.0,87,,17,12,9,2,8,0,2,0,-0.015711645101663563,-0.017214397496087663,-0.007339449541284404,-0.03265557609365377,0.03975535168195721,0.0,0.05106709620487282,-0.05106709620487282,-0.0869438790346031,0.39,9,可能加速下跌,,50,0,0
147,AK-47 | Neon Rider (Factory New),1288.0,1270.0,468,90,0.1923,0.986,steamdt-live,1380.0,190,1350.0,119,,14,12,9,2,10,0,0,3,-0.011677500955966758,-0.04166666666666663,-0.02566454109049221,-0.05285760508280146,0.10306406685236769,0.0,0.10306406685236769,-0.07999999999999996,-0.1046228710462287,0.39,12,可能加速下跌,,50,0,0
148,★ Specialist Gloves | Forest DDPAT (Field-Tested),1539.5,1490.0,286,48,0.1678,0.9678,steamdt-live,1729.0,31,1596.7,70,,14,12,9,5,10,0,0,0,-0.0021417706114997825,-0.0612690398663398,-0.032666274278987606,-0.0632795862488591,0.09361201059758606,0.0,0.11293575338519157,-0.11293575338519157,-0.29895264116575593,0.32,4,可能加速下跌,,50,0,0
149,AWP | Wildfire (Factory New),888.0,881.0,502,55,0.1096,0.9921,steamdt-live,930.5,170,900.4,178,,11,15,12,2,8,0,2,0,-0.01588683351468989,-0.018133569217160472,-0.011827956989247324,-0.03373231773667029,0.05178857447944474,0.0,0.07015706806282718,-0.06329113924050633,-0.10834421126619131,0.39,16,可能加速下跌,,50,0,0
150,AK-47 | B the Monster (Factory New),2135.5,2060.0,541,48,0.0887,0.9646,steamdt-live,2130.0,274,2141.2,164,,7,12,12,2,8,0,4,5,-0.0023255813953488857,-0.006993006993006978,0.010571043144332881,-0.009302325581395321,0.01388888888888884,0.014285714285714235,0.057480419487587975,-0.057480419487587975,-0.17265488444358124,0.38,4,可能加速下跌,,50,0,0
151,USP-S | Printstream (Factory New),593.5,585.0,522,38,0.0728,0.9857,steamdt-live,598.0,423,601.56,158,,7,12,12,2,8,0,4,5,-0.005657237936771975,-0.006860776439089777,-0.008250825082508295,-0.012479201331114798,0.035743298131600376,0.0,0.05115907274180653,-0.0504,-0.09802431610942253,0.39,10,暂未减速,,50,0,0
152,Galil AR | Phoenix Blacklight (Factory New),835.0,803.0,452,31,0.0686,0.9617,steamdt-live,835.0,147,860.0,141,,7,12,9,2,10,3,2,5,-0.0052508751458576475,-0.02052785923753664,-0.04777777777777781,-0.025670945157526215,0.08892525913802507,0.0,0.10403879994849563,-0.08743169398907102,-0.301255230125523,0.38,14,长期阴跌,,50,0,0
153,AK-47 | Safari Mesh (Factory New),32.36,31.8,573,29,0.0506,0.9827,steamdt-live,32.4,201,32.85,222,,3,12,12,2,10,5,6,0,-0.009146341463414531,-0.004307692307692346,-0.0060606060606061,-0.013414634146341364,0.019393939393939408,0.0009279307145066973,0.1180158081221041,-0.1180158081221041,-0.44042884316098907,0.39,15,长期阴跌,,50,0,0
154,Galil AR | Blue Titanium (Factory New),91.5,83.0,919,38,0.0413,0.9071,steamdt-live,94.99,131,91.29,246,,3,6,15,2,10,9,2,3,-0.018144946098836656,-0.00760952277421445,-0.04738179969496692,-0.025616394492475103,0.07169005491153135,0.01557459116698201,0.09218377088305485,-0.09146098726114649,-0.45982248520710056,0.28,9,长期阴跌,,50,0,0
155,Five-SeveN | Orange Peel (Factory New),18.99,15.7,513,14,0.0273,0.8268,steamdt-live,17.46,109,17.02,129,,3,3,12,2,10,9,6,5,-0.005837711617046049,-0.0005871990604815469,0.020858164481525554,-0.006421482778750653,0.007580174927113603,0.02530120481927689,0.13516260162601623,-0.13516260162601623,-0.4647798742138365,0.39,5,长期阴跌,,50,0,0
156,AK-47 | Steel Delta (Factory New),45.9,43.0,1757,36,0.0205,0.9368,steamdt-live,48.9,643,48.37,430,,3,9,15,2,10,2,4,5,-0.0041753653444676075,-0.037735849056603876,-0.0788461538461539,-0.04175365344467641,0.11730769230769234,0.0,0.18761061946902657,-0.18761061946902657,-0.5064516129032258,0.39,8,长期阴跌,,50,0,0
157,★ Driver Gloves | Hand Sweaters (Field-Tested),673.5,954.0,100,50,0.5,1.4165,steamdt-live,659.0,87,692.76,58,"溢价求购:买一高于卖一,多为定向收特定图案,买一价不可作退出价",20,0,7,5,6,0,6,5,0.006106870229007688,0.0,-0.006069802731411222,0.006106870229007688,0.0,0.006875477463712754,0.030882352941176472,-0.02730627306273059,-0.08725761772853191,0.39,3,回撤不明显,买一异常溢价(不作为可成交退出价),49,0,0
158,Desert Eagle | Light Rail (Factory New),83.0,81.0,378,50,0.1323,0.9759,steamdt-live,88.86,138,85.0,107,,11,12,9,2,8,0,2,5,0.027970356203681712,-0.03488372093023251,0.04574999999999996,-0.007889074826679332,0.07777777777777772,0.03750000000000009,0.07777777777777772,0.26331811263318117,-0.12262156448202954,0.3,13,可能加速下跌,,49,0,0
159,Tec-9 | Fuel Injector (Factory New),237.0,230.0,425,53,0.1247,0.9705,steamdt-live,239.5,142,248.0,201,,11,12,9,2,8,0,2,5,-0.016367346938775507,-0.016556703597659705,-0.03314917127071826,-0.03265306122448974,0.07058823529411762,0.0,0.07058823529411762,-0.055776892430278835,-0.18752142612272882,0.39,10,暂未减速,,49,0,0
160,AK-47 | Orbit Mk01 (Factory New),529.0,519.0,909,51,0.0561,0.9811,steamdt-live,549.5,170,546.18,167,,3,12,15,2,10,2,2,3,-0.026149684400360695,-0.020370370370370372,-0.04118826947018961,-0.04598737601442737,0.10262934690415604,0.0009460737937558861,0.11316010058675607,-0.11316010058675607,-0.2601398601398601,0.39,11,暂未减速,,49,0,0
161,USP-S | Purple DDPAT (Factory New),135.1,134.0,980,54,0.0551,0.9919,steamdt-live,139.63,178,138.6,265,,3,15,15,2,10,4,0,0,-0.047945205479452024,-0.02302158273381283,-0.0363036303630363,-0.06986301369863002,0.10898235023948555,0.008915304606240904,0.11818181818181805,-0.0885294315054701,-0.4490872210953346,0.39,15,长期阴跌,,49,0,0
162,Desert Eagle | Mulberry (Factory New),78.9,77.0,1063,32,0.0301,0.9759,steamdt-live,78.24,550,78.54,256,,3,12,15,2,6,2,4,5,-0.010415359518132772,-0.007862033984275985,-0.002628285356696014,-0.01819550759191868,0.02200000000000002,0.0,0.048869438366156204,-0.05117632791656557,-0.1342259599424589,0.33,6,可能加速下跌,,49,0,0
163,Desert Eagle | Blaze (Factory New),3830.0,3750.0,496,14,0.0282,0.9791,steamdt-live,3959.5,426,3989.99,124,,3,12,9,2,2,10,6,5,0.01407894736842108,-0.003635655897236356,-0.014011416709911795,0.010392105263157925,0.0040233463035019845,0.010392105263157925,0.01260383181175262,-0.012730779120596614,-0.07471020604892165,0.22,4,回撤不明显,,49,0,0
164,AWP | Sovereign Flame (Factory New),2784.48,2720.0,22,29,1.3182,0.9768,steamdt-live,3029.5,14,2906.0,52,,20,12,2,2,10,0,2,0,-0.014173299691930263,-0.015670900484656025,-0.010182821662642283,-0.029622091807574913,0.03933758840779711,0.0,0.08705573770491803,-0.07106588824020021,-0.11166693252512361,0.35,6,可能加速下跌,,48,0,0
165,M4A1-S | Fatal Glitch (Factory New),583.0,565.0,32,15,0.4688,0.9691,steamdt-live,590.0,43,598.8,71,,20,12,4,2,4,0,6,0,-0.002198401472417677,-0.004269854824935915,-0.0020578231292517346,-0.006458869442219517,0.008503401360544172,0.0,0.02589807852965753,-0.026711185308848084,-0.14073899394243095,0.29,5,回撤不明显,,48,0,0
166,USP-S | Ancient Visions (Factory New),259.4,234.0,68,14,0.2059,0.9021,steamdt-live,254.5,31,256.0,85,,17,6,4,2,10,9,0,0,-0.037735849056603765,-0.0019607843137254832,0.04334816331351621,-0.03962264150943395,0.03962264150943395,0.06041666666666656,0.10695487402624748,-0.10695487402624748,-0.3027397260273973,0.26,5,长期阴跌,,48,0,0
167,★ Bloodhound Gloves | Guerrilla (Minimal Wear),1129.0,1050.0,129,24,0.186,0.93,steamdt-live,1242.0,21,1200.84,47,,14,9,7,5,8,0,2,3,-0.01323105436573313,-0.018277942992295793,-0.027584480600750916,-0.03126716090060411,0.05798915310805175,0.0,0.06442149924590224,-0.06442149924590224,-0.19299499642601858,0.16,10,可能加速下跌,,48,0,0
168,Tec-9 | Sultan (Factory New),36.9,34.6,146,25,0.1712,0.9377,steamdt-live,37.89,117,36.46,91,,14,9,7,2,4,10,2,0,-0.02857142857142858,0.07235294117647051,0.0,0.041714285714285815,0.002735229759299851,0.07869822485207112,0.01751549447588252,-0.009239130434782528,0.07235294117647051,0.39,9,回撤不明显,,48,0,0
169,★ Specialist Gloves | Forest DDPAT (Minimal Wear),1600.0,1570.0,160,25,0.1562,0.9812,steamdt-live,1800.0,22,1626.58,48,,14,12,7,5,10,0,0,0,-0.011253678634490782,-0.04755101554872976,-0.015939577879202083,-0.058269570335491516,0.07666560867934324,0.0,0.12039582188015396,-0.12039582188015396,-0.3289997903124344,0.39,10,长期阴跌,,48,0,0
170,Tec-9 | Toxic (Factory New),163.9,152.0,240,33,0.1375,0.9274,steamdt-live,169.0,82,158.13,133,,11,6,7,2,4,10,3,5,0.0032236400268637055,0.05857544517338331,-0.06516825715720742,0.061987911349899116,0.02388888888888896,0.06341627437794228,0.02388888888888896,0.061275167785234785,-0.3313742071881607,0.39,8,长期阴跌,,48,0,0
171,M4A1-S | Mecha Industries (Factory New),1323.5,1310.0,575,68,0.1183,0.9898,steamdt-live,1359.07,173,1330.0,145,,11,12,12,2,8,0,0,3,-0.01023402275817642,-0.04302241503976867,-0.022183344996501098,-0.05281614542331636,0.07382785164450667,0.0,0.07382785164450667,-0.0699226985242446,-0.10913814921515308,0.39,11,可能加速下跌,,48,0,0
172,P250 | Hive (Factory New),41.89,36.3,198,13,0.0657,0.8666,steamdt-live,42.1,89,40.72,135,,7,3,7,2,8,12,6,3,-0.00994421537715251,-0.002694757471827569,-0.02298578199052148,-0.012612175600290931,0.035308056872037974,0.0,0.05104895104895102,-0.05104895104895102,-0.5210588235294118,0.39,9,长期阴跌,,48,0,0
173,P250 | Mint Kimono (Factory New),74.5,62.0,167,10,0.0599,0.8322,steamdt-live,67.39,91,69.07,81,,3,3,7,2,10,14,6,3,-0.04056411747601052,0.0212153356569178,-0.05470038482682793,-0.020209363186972973,0.07240192704748805,0.02276521475185911,0.12480519480519481,-0.12560010380173858,-0.489469696969697,0.28,7,长期阴跌,,48,0,0
174,Tec-9 | Safety Net (Factory New),76.66,64.0,442,23,0.052,0.8349,steamdt-live,68.52,114,70.86,107,,3,3,9,2,10,10,6,5,0.05769230769230771,-0.0033454545454546514,-0.05591866376180099,0.054153846153846,0.004793028322440107,0.054153846153846,0.14350000000000007,-0.14350000000000007,-0.46047244094488193,0.39,3,长期阴跌,,48,0,0
175,MP9 | Goo (Factory New),19.33,16.2,500,18,0.036,0.8381,steamdt-live,19.19,301,19.34,529,,3,3,9,2,10,10,6,5,0.016492578339746933,0.037858301784748694,-0.04363827549947419,0.054975261132490294,0.005184033177812242,0.054975261132490294,0.12454379562043794,-0.12454379562043794,-0.5378131021194605,0.39,8,长期阴跌,,48,0,0
176,★ Sport Gloves | Violet Beadwork (Minimal Wear),3621.5,4770.0,51,25,0.4902,1.3171,steamdt-live,3695.38,71,3759.38,24,"溢价求购:买一高于卖一,多为定向收特定图案,买一价不可作退出价",20,0,4,5,4,10,4,0,-0.006624344465912202,0.006251736593498203,0.0008287292817679148,-0.0004140215291195126,0.004809013465237655,0.006251736593498203,0.018265706664353454,-0.018031453362255978,-0.07986605146550674,0.39,2,回撤不明显,买一异常溢价(不作为可成交退出价),47,0,0
177,Desert Eagle | Heirloom (Factory New),648.0,615.0,116,32,0.2759,0.9491,steamdt-live,658.0,40,662.55,53,,17,9,7,2,6,0,6,0,-0.013167739039353532,-0.01743745261561791,0.020305343511450413,-0.030375579829417854,0.03066566940912485,0.0,0.03139013452914796,-0.027027027027026973,-0.05598531532712725,0.39,10,可能加速下跌,,47,0,0
178,★ Sport Gloves | Arid (Field-Tested),5378.99,5120.0,338,58,0.1716,0.9519,steamdt-live,5500.0,62,5399.5,94,,14,9,9,5,10,0,0,0,-0.0067078078883821,-0.03133621465874303,-0.019038427794349833,-0.03783382523924517,0.05465905096660817,0.018748106060606062,0.09830338568514152,-0.09830338568514152,-0.27774555219872443,0.39,11,可能加速下跌,,47,0,0
179,AWP | Containment Breach (Factory New),2350.0,2400.0,145,20,0.1379,1.0213,steamdt-live,2444.62,63,2420.53,91,,11,15,7,2,10,0,2,0,-0.01632653061224487,-0.024896265560165998,-0.014481094127111849,-0.04081632653061229,0.05470635559131132,0.0,0.08203125,-0.08203125,-0.2100840336134454,0.35,8,可能加速下跌,,47,0,0
180,Desert Eagle | Naga (Factory New),143.0,136.0,280,37,0.1321,0.951,steamdt-live,157.1,70,148.05,112,,11,9,9,2,10,3,0,3,0.006779661016949046,-0.03703703703703709,-0.05762841809353447,-0.03050847457627115,0.08917197452229297,0.0,0.11728395061728392,-0.11728395061728392,-0.4041666666666667,0.39,13,长期阴跌,,47,0,0
181,M4A1-S | Control Panel (Factory New),840.0,825.0,748,73,0.0976,0.9821,steamdt-live,899.0,74,857.16,138,,7,12,12,2,10,1,0,3,-0.02391546162402669,-0.042735042735042694,-0.07794871794871794,-0.06562847608453837,0.13357400722021662,0.0,0.14348641814177343,-0.1295336787564767,-0.22150139017608894,0.39,20,可能加速下跌,,47,0,0
182,AWP | Sun in Leo (Factory New),403.0,389.0,1125,51,0.0453,0.9653,steamdt-live,413.99,461,396.0,364,,3,12,15,2,10,0,0,5,-0.0048299845440494815,-0.0390215492137449,-0.04809195402298849,-0.0436630602782071,0.10161301299938752,0.0,0.13138846238210133,-0.13138846238210133,-0.3142857142857143,0.39,11,长期阴跌,,47,0,0
183,AK-47 | Inheritance (Factory New),652.98,651.0,838,37,0.0442,0.997,steamdt-live,654.3,710,668.0,258,,3,15,12,2,8,0,4,3,-0.0037586040333292825,-0.010621373051106775,-0.0060315078769692665,-0.014340055548846764,0.021019490254872486,0.0,0.06717142857142855,-0.06650464617583984,-0.16230917254650412,0.39,10,可能加速下跌,,47,0,0
184,USP-S | 27 (Factory New),28.95,27.7,527,22,0.0417,0.9568,steamdt-live,27.6,88,28.63,217,,3,9,12,2,0,10,6,5,0.002231312755671233,0.024118738404452778,-0.015018315018315076,0.026403867608776554,0.0003621876131835178,0.026403867608776554,0.0003621876131835178,0.018074511250461223,-0.412640987444137,0.1,7,长期阴跌,,47,0,0
185,★ Specialist Gloves | Cloud Chaser (Minimal Wear),4943.5,5940.0,49,32,0.6531,1.2016,steamdt-live,5049.0,59,5101.0,32,"溢价求购:买一高于卖一,多为定向收特定图案,买一价不可作退出价",20,0,4,5,6,0,6,5,-0.0018150650398306434,-0.0012122436609758314,-0.006113449589095987,-0.003025108399717702,0.00912006414111044,0.0,0.03068627450980388,-0.03991066226451734,-0.03274974172745204,0.14,2,回撤不明显,买一异常溢价(不作为可成交退出价),46,0,0
186,USP-S | Spiral Glitch (Factory New),465.0,450.0,34,17,0.5,0.9677,steamdt-live,494.95,54,485.0,72,,20,12,4,2,8,0,0,0,-0.011244897959183708,-0.04022786848025761,-0.007836070220908375,-0.05102040816326525,0.058456678883106905,0.0,0.06981396279255847,-0.06906906906906907,-0.16741271262309754,0.32,6,可能加速下跌,,46,0,0
187,★ Specialist Gloves | Chocolate Chesterfield (Field-Tested),519.48,660.0,120,28,0.2333,1.2705,steamdt-live,520.5,106,548.43,64,"溢价求购:买一高于卖一,多为定向收特定图案,买一价不可作退出价",17,0,7,5,6,2,6,3,-0.005714285714285672,-0.004827586206896495,-0.011299435028248594,-0.010514285714285698,0.02169491525423728,0.0,0.03352558139534878,-0.033327750795511535,-0.07399418884472098,0.37,5,暂未减速,买一异常溢价(不作为可成交退出价),46,0,0
188,★ Moto Gloves | Blood Pressure (Field-Tested),688.4,1000.0,234,49,0.2094,1.4526,steamdt-live,706.5,223,707.0,133,"溢价求购:买一高于卖一,多为定向收特定图案,买一价不可作退出价",17,0,7,5,6,0,6,5,-0.0007246376811593791,-0.0015953589557651249,-0.007051374298460145,-0.002318840579710213,0.009353863865304346,0.0005959388944605237,0.03720279720279729,-0.03720279720279729,-0.1003659174072139,0.39,3,回撤不明显,买一异常溢价(不作为可成交退出价),46,0,0
189,AK-47 | Hydroponic (Factory New),24199.5,24510.0,213,38,0.1784,1.0128,steamdt-live,24999.5,121,24475.13,86,,14,15,7,2,4,0,4,0,-4.0817159533856895e-05,-0.012204828867073525,0.00046961777196985466,-0.0122451478601604,0.012265306122449027,8.265316664934907e-05,0.0202433247636592,-0.011236184600298293,-0.06925000000000003,0.31,5,可能加速下跌,,46,0,0
190,M4A4 | The Coalition (Factory New),6387.0,6120.0,309,51,0.165,0.9582,steamdt-live,6998.0,47,6923.34,64,,14,9,9,2,10,2,0,0,-0.015451561974430206,-0.017082179132040576,-0.04181475029036008,-0.032269794756953796,0.07273519163763065,0.02110311750599525,0.10042253521126765,-0.08757142857142852,-0.26754587155963305,0.32,7,暂未减速,,46,0,0
191,AK-47 | Fire Serpent (Factory New),14445.0,13470.0,60,7,0.1167,0.9325,steamdt-live,14399.0,51,14678.75,38,,11,9,4,2,4,10,6,0,-0.02557102871557415,0.021241888010213206,-0.0006906315825823128,-0.004872317633643153,0.005559584239787307,0.021241888010213206,0.020476190476190426,-0.017133105802047743,-0.04003466782226073,0.36,2,回撤不明显,,46,0,0
192,M4A1-S | Atomic Alloy (Factory New),1074.0,1050.0,545,53,0.0972,0.9777,steamdt-live,1080.0,84,1094.67,86,,7,12,12,2,2,0,6,5,-0.000326923076922947,0.03351095550468419,0.0004906252104397435,0.033173076923076916,0.014220183486238547,0.03616200578592088,0.014220183486238547,0.10313744815407988,0.028721876495931165,0.23,10,暂未减速,,46,0,0
193,★ Driver Gloves | Black Tie (Minimal Wear),1788.0,3390.0,328,29,0.0884,1.896,steamdt-live,1822.0,318,1881.47,82,"溢价求购:买一高于卖一,多为定向收特定图案,买一价不可作退出价",7,0,9,5,6,8,6,5,-0.005557099194220649,-0.0008382229673092878,-0.003152022778765695,-0.006390664073353758,0.009522543333388755,0.004494382022471877,0.03919008237816579,-0.04014945323949559,-0.08728943338437978,0.38,2,回撤不明显,买一异常溢价(不作为可成交退出价),46,0,0
194,AK-47 | Breakthrough (Factory New),49.89,48.2,426,29,0.0681,0.9661,steamdt-live,48.89,381,54.0,311,,7,12,9,2,10,0,6,0,-0.004263093788063332,-0.003261977573904118,-0.00020296326364943607,-0.007511165245635332,0.013518966908797503,0.008041237113401989,0.08273921200750467,-0.08049652059432011,-0.25141632215587206,0.38,10,可能加速下跌,,46,0,0
195,M4A4 | Buzz Kill (Factory New),2677.0,2640.0,1072,69,0.0644,0.9862,steamdt-live,2730.0,146,2848.68,149,,7,12,15,2,10,0,0,0,-0.010752688172043001,-0.02898550724637683,-0.03460207612456745,-0.03942652329749108,0.0726643598615917,0.0018691588785046953,0.09649317987202566,-0.09649317987202566,-0.22543352601156075,0.39,14,可能加速下跌,,46,0,0
196,USP-S | Jawbreaker (Factory New),97.99,94.0,396,25,0.0631,0.9593,steamdt-live,98.0,219,106.0,193,,7,9,9,2,8,0,6,5,0.004089979550102374,-0.002138492871690545,-0.0060975609756098725,0.0019427402862985943,0.004166666666666763,0.020729166666666687,0.0666730164777598,-0.0666730164777598,-0.22106518282988874,0.36,7,回撤不明显,,46,0,0
197,P250 | Inferno (Factory New),45.48,42.2,353,21,0.0595,0.9279,steamdt-live,44.68,122,45.36,136,,3,6,9,2,8,9,6,3,-0.015138218516893343,-0.004678102027177555,-0.024609458591910993,-0.019745502413339167,0.043869034881232505,0.0,0.06916666666666671,-0.06897270264638466,-0.3666902905740609,0.39,4,长期阴跌,,46,0,0
198,M4A4 | In Living Color (Factory New),512.5,505.0,845,43,0.0509,0.9854,steamdt-live,537.87,174,513.96,235,,3,12,12,2,10,2,2,3,-0.016997167138810165,-0.015369836695485084,-0.037272727272727235,-0.032105760151085905,0.06818181818181823,0.004901960784313708,0.0831842576028623,-0.08236347358997309,-0.21153846153846156,0.39,12,暂未减速,,46,0,0
199,Tec-9 | Brother (Factory New),16.2,15.4,233,11,0.0472,0.9506,steamdt-live,16.09,200,15.8,1419,,3,9,7,2,10,6,4,5,-0.006211180124223725,-0.012499999999999956,-0.04451038575667654,-0.018633540372670843,0.06231454005934722,0.0,0.10734463276836148,-0.09662664379645503,-0.5111386138613861,0.39,8,长期阴跌,,46,0,0
200,AWP | POP AWP (Factory New),162.0,161.0,1318,61,0.0463,0.9938,steamdt-live,174.99,338,165.23,309,,3,15,15,2,10,1,0,0,-0.04788732394366202,-0.041420118343195256,-0.04312668463611857,-0.08732394366197183,0.13738019169329074,0.003095975232198178,0.1851106639839034,-0.18552036199095023,-0.4774193548387097,0.35,15,长期阴跌,,46,0,0
201,Galil AR | Urban Rubble (Factory New),69.9,65.0,83,3,0.0361,0.9299,steamdt-live,59.99,28,62.06,20,,3,6,4,2,10,10,6,5,0.0,-0.0001666666666666483,-0.05630701478452338,-0.0001666666666666483,0.05646429694872601,0.0016697278343629218,0.25012499999999993,-0.25012499999999993,-0.4667081518357187,0.39,2,长期阴跌,,46,0,0
202,M4A1-S | Nitro (Factory New),58.39,56.0,1291,44,0.0341,0.9591,steamdt-live,59.9,484,61.59,413,,3,9,15,2,10,2,0,5,-0.0066225165562913135,-0.026833333333333376,-0.05031446540880502,-0.03327814569536425,0.08191823899371076,0.006724137931034546,0.1347065797273267,-0.13342238052834665,-0.4491509433962264,0.39,11,长期阴跌,,46,0,0
203,M4A4 | Magnesium (Factory New),36.0,33.5,1254,40,0.0319,0.9306,steamdt-live,36.58,544,37.71,276,,3,9,15,2,6,0,6,5,0.0068643602416254,-0.01827106626670305,-0.006546644844517058,-0.011532125205930832,0.03794762159273124,0.0,0.03794762159273124,-0.024390243902438935,-0.18107370336669704,0.39,6,可能加速下跌,,46,0,0
204,AWP | Duality (Factory New),56.43,50.0,959,14,0.0146,0.8861,steamdt-live,55.0,658,57.15,544,,3,6,15,2,10,3,2,5,0.00035460992907809796,-0.025168380007089763,-0.04406779661016946,-0.024822695035460973,0.06621392190152797,0.0,0.12140575079872207,-0.10569105691056913,-0.30379746835443033,0.35,6,长期阴跌,,46,0,0
205,★ Driver Gloves | Lunar Weave (Minimal Wear),3944.5,3710.0,154,26,0.1688,0.9406,steamdt-live,4493.5,21,3996.5,55,,14,9,7,5,8,2,0,0,-0.008436724565756837,-0.012887887887887861,-0.030784030784030803,-0.021215880893300287,0.05134680134680136,0.024545454545454648,0.07828017291739686,-0.07828017291739686,-0.31394034263849036,0.27,11,长期阴跌,,45,0,0
206,M4A1-S | Golden Coil (Factory New),1467.5,1430.0,330,54,0.1636,0.9744,steamdt-live,1538.88,99,1489.92,144,,14,12,9,2,6,0,2,0,-0.00666666666666671,-0.015100671140939603,0.0016694490818029983,-0.021666666666666612,0.027823782709506473,0.0,0.04892449076144367,-0.015100671140939603,-0.12440334128878283,0.39,8,可能加速下跌,,45,0,0
207,★ Moto Gloves | Boom! (Minimal Wear),2849.5,2720.0,159,26,0.1635,0.9546,steamdt-live,3104.38,30,3030.0,51,,14,9,7,5,10,0,0,0,-0.0004905968928863302,-0.06757198952879584,-0.011483921862774915,-0.06802943581357324,0.07873211295109639,0.0,0.1053375196232339,-0.06573770491803277,-0.2499341932087391,0.38,7,可能加速下跌,,45,0,0
208,★ Driver Gloves | Diamondback (Field-Tested),2349.5,2250.0,312,45,0.1442,0.9577,steamdt-live,2757.5,23,2453.9,56,,11,9,9,5,10,1,0,0,0.012155591572123203,-0.0594475580464372,-0.057655593738067945,-0.048014586709886564,0.1029018709431081,0.012715517241379315,0.11255901794145418,-0.11255901794145418,-0.2858662613981763,0.39,10,可能加速下跌,,45,0,0
209,Desert Eagle | Emerald Jörmungandr (Factory New),2647.9,2740.0,316,41,0.1297,1.0348,steamdt-live,2799.5,105,2712.22,130,,11,15,9,2,8,0,0,0,-0.018633540372670843,-0.04235081374321881,-0.0077478429300933405,-0.060195208518189824,0.06747666842754008,0.0,0.06747666842754008,-0.05093189964157707,-0.2115825517344052,0.39,11,可能加速下跌,,45,0,0
210,M4A4 | Eye of Horus (Factory New),3950.0,4050.0,288,33,0.1146,1.0253,steamdt-live,4055.0,142,4010.28,104,,11,15,9,2,4,0,4,0,0.0012556737153155417,-0.011239330145936144,-0.0010290435653480534,-0.009997769362062536,0.01126408010012514,0.0,0.024691358024691357,-0.024691358024691357,-0.2066680056236192,0.38,4,可能加速下跌,,45,0,0
211,★ Driver Gloves | Snow Leopard (Field-Tested),1600.0,2480.0,518,57,0.11,1.55,steamdt-live,1638.99,477,1679.9,181,"溢价求购:买一高于卖一,多为定向收特定图案,买一价不可作退出价",11,0,12,5,6,2,4,5,-0.006307785362481666,-0.006211180124223614,-0.015961129668994767,-0.012479786695633988,0.028241724870938345,0.0,0.033232628398791486,-0.027355623100303927,-0.065267683967004,0.39,7,暂未减速,买一异常溢价(不作为可成交退出价),45,0,0
212,Glock-18 | Water Elemental (Factory New),262.0,257.0,644,70,0.1087,0.9809,steamdt-live,267.96,269,275.16,342,,11,12,12,2,8,0,0,0,-0.001857923497267766,-0.043760721194204155,-0.03341666960104228,-0.04553734061930781,0.07902137232845896,0.01158301158301156,0.07902137232845896,-0.03641044501655011,-0.3212435233160622,0.39,14,长期阴跌,,45,0,0
213,Five-SeveN | Retrobution (Factory New),70.9,63.0,438,35,0.0799,0.8886,steamdt-live,70.0,117,71.22,81,,7,6,9,2,0,10,6,5,-0.015142857142857125,0.015375689004931914,0.015522994342086038,0.0,0.0,0.0599636583888552,0.0,0.046337817638266054,-0.20454545454545459,0.32,2,回撤不明显,,45,0,0
214,AK-47 | Legion of Anubis (Factory New),339.5,339.0,787,32,0.0407,0.9985,steamdt-live,349.5,314,341.48,248,,3,15,12,2,2,0,6,5,-0.002954209748892156,0.00592592592592589,-0.007302266928648993,0.002954209748892156,0.010204081632653073,0.00592592592592589,0.011644832605531286,-0.010204081632653073,-0.03960396039603964,0.39,2,暂未减速,,45,0,0
215,AK-47 | Ice Coaled (Factory New),84.8,82.0,1627,30,0.0184,0.967,steamdt-live,84.9,1238,85.39,671,,3,12,15,2,6,0,2,5,-0.003967327887981376,-0.006560449859418949,-0.010392609699768962,-0.010501750291715406,0.01965317919075149,0.02168674698795181,0.03405854880965953,0.004858395544495853,-0.10736842105263156,0.29,14,暂未减速,,45,0,0
216,★ Driver Gloves | Hand Sweaters (Minimal Wear),1438.5,1950.0,37,34,0.9189,1.3556,steamdt-live,1421.0,36,1455.84,51,"溢价求购:买一高于卖一,多为定向收特定图案,买一价不可作退出价",20,0,4,5,4,0,6,5,-0.002797202797202747,-0.0038569424964937093,-0.00694444444444442,-0.00664335664335669,0.013541666666666674,0.01464285714285718,0.020344827586206926,-0.020344827586206926,-0.09866751269035534,0.14,3,暂未减速,买一异常溢价(不作为可成交退出价),44,0,0
217,★ Driver Gloves | Queen Jaguar (Minimal Wear),665.0,910.0,102,24,0.2353,1.3684,steamdt-live,666.87,61,678.12,80,"溢价求购:买一高于卖一,多为定向收特定图案,买一价不可作退出价",17,0,7,5,4,0,6,5,-0.001689708141321078,0.02323434374519162,0.0015384615384614886,0.021505376344086002,0.0028190978886756257,0.02405371277218271,0.016999260901699897,-0.016999260901699897,-0.050406968442096134,0.39,5,回撤不明显,买一异常溢价(不作为可成交退出价),44,0,0
218,★ Moto Gloves | Blood Pressure (Minimal Wear),1157.5,1590.0,128,25,0.1953,1.3737,steamdt-live,1229.0,90,1199.49,75,"溢价求购:买一高于卖一,多为定向收特定图案,买一价不可作退出价",14,0,7,5,8,1,4,5,0.0017152658662091813,-0.008989726027397227,-0.008503401360544172,-0.007289879931389409,0.01656754460492782,0.006521739130434856,0.07399999999999995,-0.05886657451825361,-0.15201465201465203,0.38,4,可能加速下跌,买一异常溢价(不作为可成交退出价),44,0,0
219,M4A1-S | Hyper Beast (Factory New),1690.0,1610.0,249,40,0.1606,0.9527,steamdt-live,1700.0,55,1720.0,88,,14,9,7,2,8,0,4,0,-0.005229815182170916,-0.011695906432748537,-0.011506612995974663,-0.01686455418588828,0.028177113283496258,0.0,0.05586064726618589,-0.05454016525966576,-0.08127208480565373,0.39,7,可能加速下跌,,44,0,0
220,★ Hydra Gloves | Emerald (Field-Tested),198.5,194.0,112,8,0.0714,0.9773,steamdt-live,194.0,101,198.88,338,,7,12,7,5,4,2,2,5,-0.009474590869939736,-0.007672634271099765,-0.004689863842662678,-0.01707453007042614,0.026446529833893728,0.02645502645502651,0.026446529833893728,-0.012421095499898227,-0.07530981887511923,0.39,13,可能加速下跌,,44,0,0
221,Desert Eagle | Heat Treated (Factory New),184.98,3370.0,1416,69,0.0487,18.2182,steamdt-live,191.2,332,188.47,393,"溢价求购:买一高于卖一,多为定向收特定图案,买一价不可作退出价",3,0,15,2,8,7,4,5,0.019648562300319528,-0.03399655334482232,-0.05850503835163179,-0.015015974440894642,0.07841769629334405,0.0,0.07841769629334405,-0.04155440414507783,-0.3529000209892955,0.39,10,长期阴跌,买一异常溢价(不作为可成交退出价),44,0,0
222,P250 | Dark Filigree (Factory New),44.9,41.5,106,5,0.0472,0.9243,steamdt-live,49.78,61,46.97,96,,3,6,7,2,10,10,6,0,-0.11504424778761069,-0.0022222222222222365,-0.002354326074161195,-0.1170108161258604,0.11908966058465764,0.0,0.11960784313725492,-0.11960784313725492,-0.3728174326023188,0.39,3,长期阴跌,,44,0,0
223,★ Hydra Gloves | Case Hardened (Field-Tested),337.5,370.0,362,17,0.047,1.0963,steamdt-live,340.0,415,351.87,168,"溢价求购:买一高于卖一,多为定向收特定图案,买一价不可作退出价",3,0,9,5,6,10,6,5,0.009090909090909038,0.013513513513513598,-0.02941176470588236,0.022727272727272707,0.007352941176470562,0.022727272727272707,0.030172413793103425,-0.030172413793103425,-0.05726256983240219,0.23,9,回撤不明显,买一异常溢价(不作为可成交退出价),44,0,0
224,M4A1-S | Fizzy POP (Factory New),58.8,55.0,2730,43,0.0158,0.9354,steamdt-live,57.89,473,58.9,552,,3,9,15,2,10,0,0,5,-0.01944762216048368,-0.03516666666666668,-0.024705132291998777,-0.053930380781173404,0.07891805887032621,0.0,0.13790022338049146,-0.13790022338049146,-0.4687528677617693,0.39,6,长期阴跌,,44,0,0
225,USP-S | Guardian (Factory New),29.99,28.0,1143,18,0.0157,0.9336,steamdt-live,29.4,657,29.79,541,,3,9,15,2,8,0,4,3,-0.0033624747814390288,-0.00809716599190291,0.013633265167007469,-0.01143241425689312,0.014745308310991967,0.002044989775051187,0.05920000000000003,-0.05920000000000003,-0.33029612756264237,0.39,6,长期阴跌,,44,0,0
226,★ Specialist Gloves | Pillow Punchers (Field-Tested),2430.0,5400.0,197,66,0.335,2.2222,steamdt-live,2430.0,213,2435.0,141,"溢价求购:买一高于卖一,多为定向收特定图案,买一价不可作退出价",20,0,7,5,2,0,6,3,-0.0004098360655737654,-0.0036900369003689537,-0.0016366612111292644,-0.004098360655737654,0.008163265306122436,0.008298755186721962,0.008163265306122436,0.0016488046166529546,-0.027221777421937543,0.2,7,回撤不明显,买一异常溢价(不作为可成交退出价),43,0,0
227,★ Specialist Gloves | Sunburst (Field-Tested),1010.0,1340.0,147,46,0.3129,1.3267,steamdt-live,1010.0,187,1037.2,68,"溢价求购:买一高于卖一,多为定向收特定图案,买一价不可作退出价",20,0,7,5,2,0,4,5,0.0,-0.012707722385141729,0.004911591355599265,-0.012707722385141729,0.013190034196384981,0.010000000000000009,0.013190034196384981,0.004975124378109541,-0.07972665148063784,0.39,2,可能加速下跌,买一异常溢价(不作为可成交退出价),43,0,0
228,Five-SeveN | Fowl Play (Factory New),459.0,442.0,161,30,0.1863,0.963,steamdt-live,486.9,48,474.94,50,,14,12,7,2,8,0,0,0,-0.008298755186721962,-0.04079497907949792,0.004166666666666652,-0.04875518672199175,0.07373737373737377,0.0,0.07373737373737377,0.0010917030567685337,-0.003260869565217428,0.15,13,可能加速下跌,,43,0,0
229,★ Hand Wraps | Slaughter (Minimal Wear),3199.0,3010.0,185,33,0.1784,0.9409,steamdt-live,3433.5,34,3262.46,71,,14,9,7,5,8,0,0,0,0.009900020204122839,-0.030312215822976607,-0.01576981018379031,-0.02071228716793294,0.050178147268408524,0.031935483870967785,0.05438959503399354,-0.030606060606060637,-0.2097332015810277,0.39,6,可能加速下跌,,43,0,0
230,★ Driver Gloves | Crimson Weave (Minimal Wear),6997.98,6330.0,152,20,0.1316,0.9045,steamdt-live,7149.0,24,6969.32,35,,11,6,7,5,10,0,4,0,-0.0023594405594405954,-0.022964673292089177,0.021659174499387035,-0.025269930069930058,0.032843509358186695,0.017420463387537888,0.08766473054683932,-0.08766473054683932,-0.2340564897241455,0.39,18,可能加速下跌,,43,0,0
231,★ Hydra Gloves | Mangrove (Field-Tested),173.3,171.0,111,13,0.1171,0.9867,steamdt-live,177.47,122,172.97,317,,11,12,7,5,2,0,6,0,0.005803830528148479,-0.004789382573571865,0.0011621150493899002,0.000986651189785137,0.004789382573571865,0.003315881326352521,0.010499139414802183,-0.003005954101393149,-0.05027533039647569,0.39,9,回撤不明显,,43,0,0
232,M4A1-S | Hot Rod (Factory New),8074.5,8100.0,334,32,0.0958,1.0032,steamdt-live,8198.88,186,8350.0,136,,7,15,9,2,6,0,4,0,-0.0012242899118510842,-0.010235351801912262,-0.007473115013062803,-0.011447110675808059,0.01889428918590519,0.0,0.038635551851410876,-0.023167190902492085,-0.15439636394101874,0.39,6,可能加速下跌,,43,0,0
233,M4A4 | Griffin (Factory New),388.48,380.0,472,44,0.0932,0.9782,steamdt-live,411.4,48,402.19,147,,7,12,9,2,10,3,0,0,-0.04435928143712575,-0.026317108626998875,-0.04804250176710667,-0.06950898203592815,0.11421209841074398,0.009301117173291962,0.1663519313304721,-0.1663519313304721,-0.42869748084530657,0.39,15,长期阴跌,,43,0,0
234,M4A4 | Hellfire (Factory New),1714.99,1670.0,610,55,0.0902,0.9738,steamdt-live,2037.5,86,1806.84,109,,7,12,12,2,10,0,0,0,-0.02186389723968296,-0.04191673651858063,-0.057230902419920016,-0.06286417053839843,0.11649729974852618,0.0,0.1239192641798671,-0.1239192641798671,-0.3168001593943016,0.39,10,长期阴跌,,43,0,0
235,Glock-18 | Gold Toof (Factory New),724.0,705.0,539,44,0.0816,0.9738,steamdt-live,770.0,112,756.19,167,,7,12,12,2,10,0,0,0,-0.016634676903390933,-0.057905009759271264,-0.016981132075471694,-0.07357645553422909,0.08930817610062891,0.0,0.14319526627218937,-0.14319526627218937,-0.29365164538190613,0.39,16,可能加速下跌,,43,0,0
236,AK-47 | Green Laminate (Factory New),223.5,212.0,336,26,0.0774,0.9485,steamdt-live,233.0,121,233.65,146,,7,9,9,2,10,0,6,0,-0.0021834061135370675,-0.021881838074398252,0.0014869238170209798,-0.024017467248908297,0.04487179487179482,0.011312217194570096,0.08588957055214719,-0.0840163934426229,-0.3605150214592274,0.38,9,长期阴跌,,43,0,0
237,Desert Eagle | Night Heist (Factory New),435.0,420.0,774,59,0.0762,0.9655,steamdt-live,474.99,145,445.49,167,,7,12,12,2,10,0,0,0,-0.02569280343716429,-0.04087842307183498,-0.04805725971370145,-0.06552094522019336,0.11042944785276076,0.011627906976744207,0.14251921939680667,-0.14251921939680667,-0.43499155734510975,0.39,15,长期阴跌,,43,0,0
238,FAMAS | Eye of Athena (Factory New),174.9,164.0,318,24,0.0755,0.9377,steamdt-live,184.7,84,185.62,102,,7,9,9,2,8,1,2,5,-0.006444444444444475,-0.022030865578170467,-0.03132063287051978,-0.02833333333333332,0.0760697305863709,0.0,0.0760697305863709,-0.000514315103720242,-0.34738805970149256,0.39,7,长期阴跌,,43,0,0
239,★ Moto Gloves | Finish Line (Field-Tested),437.0,657.0,444,32,0.0721,1.5034,steamdt-live,464.5,436,454.9,220,"溢价求购:买一高于卖一,多为定向收特定图案,买一价不可作退出价",7,0,9,5,10,3,4,5,0.0011286681715576563,-0.01465614430665163,-0.019911504424778736,-0.013544018058690765,0.0331858407079646,0.0,0.08193277310924374,-0.05816935709821336,-0.1822604790419161,0.39,17,可能加速下跌,买一异常溢价(不作为可成交退出价),43,0,0
240,M4A4 | Desolate Space (Factory New),434.4,421.0,639,46,0.072,0.9692,steamdt-live,429.5,179,456.14,177,,7,12,12,2,10,0,0,0,-0.028384279475982543,-0.03483146067415732,-0.025531914893617058,-0.06222707423580787,0.08617021276595749,0.0,0.11076604554865421,-0.11076604554865421,-0.21120293847566574,0.39,15,可能加速下跌,,43,0,0
241,AWP | Ice Coaled (Factory New),166.5,156.0,362,26,0.0718,0.9369,steamdt-live,180.0,242,178.0,160,,7,9,9,2,8,2,6,0,-0.00591715976331364,-0.008928571428571397,-0.01966471373049472,-0.014792899408283988,0.03416671500667079,0.003012048192771122,0.05932203389830504,-0.06197183098591552,-0.09999999999999998,0.38,12,暂未减速,,43,0,0
242,M4A1-S | Basilisk (Factory New),147.8,143.0,565,37,0.0655,0.9675,steamdt-live,162.9,196,151.1,196,,7,12,12,2,10,0,0,0,-0.024390243902439046,-0.05256410256410249,-0.022018348623853212,-0.07567229518449026,0.09602446483180416,0.0,0.13058823529411756,-0.10151975683890568,-0.3093457943925233,0.39,14,长期阴跌,,43,0,0
243,M4A1-S | Vaporwave (Factory New),882.0,862.0,562,34,0.0605,0.9773,steamdt-live,900.0,233,912.0,166,,7,12,12,2,8,0,2,0,-0.0005167845008631211,-0.02970297029702973,-0.015064220580909282,-0.030204404763213732,0.04338394793926248,0.0,0.06716023268112115,-0.04130434782608694,-0.13470028450897675,0.39,13,可能加速下跌,,43,0,0
244,Glock-18 | Nuclear Garden (Factory New),216.5,212.0,2459,102,0.0415,0.9792,steamdt-live,218.0,299,218.0,288,,3,12,15,2,10,1,0,0,-0.021739130434782594,-0.033777777777777795,-0.06754236600989216,-0.0547826086956521,0.11848187494931472,0.03277909738717333,0.1467817896389325,-0.10901639344262293,-0.38660346481575536,0.16,18,长期阴跌,,43,0,0
245,AK-47 | Emerald Pinstripe (Factory New),67.0,62.0,828,31,0.0374,0.9254,steamdt-live,69.89,229,69.0,276,,3,6,12,2,10,6,4,0,-0.03142857142857147,-0.01179941002949847,-0.0008564087924636254,-0.042857142857142816,0.07279269305286473,0.0,0.16249999999999998,-0.16249999999999998,-0.4122807017543859,0.38,3,长期阴跌,,43,0,0
246,P250 | Steel Disruption (Factory New),32.08,27.0,246,9,0.0366,0.8416,steamdt-live,31.42,137,30.98,99,,3,3,7,2,10,9,6,3,-0.019230769230769162,-0.004500160720025681,-0.031746031746031744,-0.023644388398486815,0.05319474166921434,0.0,0.09072225484439234,-0.09098914000587033,-0.4892810026385225,0.11,9,长期阴跌,,43,0,0
247,AK-47 | Bloodsport (Factory New),1006.0,1000.0,1571,57,0.0363,0.994,steamdt-live,999.0,1115,1017.4,366,,3,15,15,2,4,0,4,0,0.006429277942631151,-0.018181818181818188,0.001982160555004997,-0.011869436201780381,0.018181818181818188,0.0,0.01962708537782143,-0.010401188707280795,-0.039423076923076894,0.39,12,可能加速下跌,,43,0,0
248,AWP | Black Nile (Factory New),74.2,71.0,1046,32,0.0306,0.9569,steamdt-live,80.94,263,80.76,428,,3,9,15,2,10,4,0,0,-0.0772014475271412,-0.030065359477124187,-0.03973126375535729,-0.10494571773220751,0.14050735549635118,0.004059539918809252,0.16722783389450047,-0.16722783389450047,-0.535756741537884,0.39,14,长期阴跌,,43,0,0
249,P250 | Visions (Factory New),47.08,45.6,437,13,0.0297,0.9686,steamdt-live,48.28,349,49.95,261,,3,12,9,2,8,2,2,5,0.0,-0.019166666666666665,-0.024390243902439046,-0.019166666666666665,0.043089430894309055,0.02347826086956517,0.05271629778672038,-0.05271629778672038,-0.2155948017327558,0.32,9,可能加速下跌,,43,0,0
250,P250 | Forest Night (Factory New),70.0,46.0,151,4,0.0265,0.6571,steamdt-live,96.0,14,68.84,35,,3,1,7,2,10,9,6,5,-0.004913294797687873,-0.0002904443799012224,-0.040221914008321646,-0.005202312138728349,0.04521497919556161,0.0,0.1335431088735053,-0.1335431088735053,-0.478445336767937,0.39,2,长期阴跌,,43,0,0
251,Glock-18 | Ghost Protocol (Factory New),3270.0,3150.0,7,22,3.1429,0.9633,steamdt-live,3399.99,11,3404.76,12,,20,12,2,2,2,0,4,0,-3.030303030393533e-06,-0.00908790632698886,0.03141115799343641,-0.009090909090909038,0.009090909090909038,0.022197631127324646,0.009090909090909038,-0.0027447392497712553,-0.074964639321075,0.39,2,回撤不明显,,42,0,0
252,★ Sport Gloves | Red Racer (Minimal Wear),1799.5,2490.0,48,26,0.5417,1.3837,steamdt-live,1800.0,60,1877.77,23,"溢价求购:买一高于卖一,多为定向收特定图案,买一价不可作退出价",20,0,4,5,4,0,6,3,0.005557099194220649,-0.00552638850511189,-0.005801104972375737,0.0,0.011263736263736224,0.005307262569832494,0.019880174291939,-0.01099203077768618,-0.08955223880597019,0.14,5,可能加速下跌,买一异常溢价(不作为可成交退出价),42,0,0
253,★ Specialist Gloves | Chocolate Chesterfield (Minimal Wear),1069.5,1290.0,36,18,0.5,1.2062,steamdt-live,1103.0,39,1113.25,35,"溢价求购:买一高于卖一,多为定向收特定图案,买一价不可作退出价",20,0,4,5,4,0,6,3,-0.0046511627906976605,-0.00046728971962617383,-0.004168596572487249,-0.005116279069767415,0.009722222222222188,0.010869565217391353,0.02150045745654161,-0.02150045745654161,-0.08511548331907615,0.39,4,回撤不明显,买一异常溢价(不作为可成交退出价),42,0,0
254,★ Driver Gloves | Brocade Flowers (Field-Tested),809.0,1480.0,85,41,0.4824,1.8294,steamdt-live,801.5,95,825.0,129,"溢价求购:买一高于卖一,多为定向收特定图案,买一价不可作退出价",20,0,4,5,2,0,6,5,0.0031269543464664817,0.0,0.0025078369905955356,0.0031269543464664817,0.001245330012453305,0.008805031446540879,0.013530135301353052,-0.012923076923076926,-0.14680851063829792,0.14,6,回撤不明显,买一异常溢价(不作为可成交退出价),42,0,0
255,USP-S | Target Acquired (Factory New),2000.0,1880.0,155,30,0.1935,0.94,steamdt-live,2290.0,46,2143.64,57,,14,9,7,2,10,0,0,0,-0.00046511627906975495,-0.060027919962773346,0.012980282221018324,-0.06046511627906981,0.094166341553101,0.010000000000000009,0.094166341553101,-0.055854171535405506,-0.22127987663839632,0.09,11,可能加速下跌,,42,0,0
256,Desert Eagle | Sunset Storm 弐 (Factory New),3000.0,2920.0,50,9,0.18,0.9733,steamdt-live,3035.0,31,3299.5,55,,14,12,4,2,6,0,4,0,0.019604612850082415,-0.030538051381483244,0.00016477179106932915,-0.011532125205930832,0.030538051381483244,0.0,0.030538051381483244,-0.016070842899311266,-0.055811011131988164,0.39,3,可能加速下跌,,42,0,0
257,★ Hand Wraps | Leather (Minimal Wear),3488.0,3320.0,192,28,0.1458,0.9518,steamdt-live,3660.0,37,3500.0,42,,11,9,7,5,8,0,2,0,-0.010317902955939817,-0.017187940264863366,-0.02155525238744882,-0.02732849972113771,0.0482946793997272,0.0,0.06986666666666663,-0.06986666666666663,-0.2577144073207065,0.39,3,可能加速下跌,,42,0,0
258,★ Moto Gloves | Cool Mint (Minimal Wear),6199.5,5900.0,154,22,0.1429,0.9517,steamdt-live,6580.0,36,6349.5,50,,11,9,7,5,10,0,0,0,-0.0012316275804522547,-0.04438864457176683,-0.01583787878787879,-0.045565601873305606,0.07168794220042674,0.0,0.09691601078544054,-0.09691601078544054,-0.2989370123261337,0.39,5,可能加速下跌,,42,0,0
259,★ Bloodhound Gloves | Snakebite (Minimal Wear),1149.0,1080.0,147,21,0.1429,0.9399,steamdt-live,1398.0,17,1172.51,50,,11,9,7,5,8,0,2,0,-0.02520661157024795,-0.025858414582450195,-0.01224489795918371,-0.0504132231404959,0.06204081632653058,0.0,0.06509357200976407,-0.0654737698251322,-0.26815286624203827,0.16,4,可能加速下跌,,42,0,0
260,★ Driver Gloves | Diamondback (Minimal Wear),2480.0,2330.0,189,24,0.127,0.9395,steamdt-live,2830.0,30,2658.53,46,,11,9,7,5,10,0,0,0,-0.019323671497584516,-0.060250094732853365,-0.01320132013201325,-0.07840951319212186,0.09057572423909055,0.0,0.1292134831460674,-0.1292134831460674,-0.3108239544254551,0.39,10,长期阴跌,,42,0,0
261,Glock-18 | Royal Legion (Factory New),235.0,227.0,407,46,0.113,0.966,steamdt-live,256.0,57,241.14,101,,11,12,9,2,8,0,0,0,-0.018775510204081636,-0.022462562396006636,0.0,-0.04081632653061229,0.0766208251473477,0.012931034482758674,0.0766208251473477,0.049107142857142794,-0.1797556719022687,0.39,10,可能加速下跌,,42,0,0
262,Glock-18 | Ramese's Reach (Factory New),381.0,343.0,519,47,0.0906,0.9003,steamdt-live,415.0,89,396.0,167,,7,6,12,2,10,0,0,5,-0.006150615061506048,-0.04150943396226414,-0.00010000000000010001,-0.0474047404740473,0.08101980269664,0.002631578947368318,0.08101980269664,0.007936507936507908,-0.24404761904761907,0.39,14,可能加速下跌,,42,0,0
263,AWP | CMYK (Factory New),3568.99,3410.0,271,21,0.0775,0.9555,steamdt-live,3600.0,86,3595.0,86,,7,9,9,2,8,3,4,0,0.005554320644623356,-0.013816009439097665,-0.011263736263736224,-0.008338427340928045,0.03148168249660788,0.0,0.0705755208333334,-0.060421218902198315,-0.2291598272138229,0.39,12,可能加速下跌,,42,0,0
264,AK-47 | Nouveau Rouge (Factory New),400.0,380.0,405,31,0.0765,0.95,steamdt-live,387.3,260,385.9,149,,7,9,9,2,4,0,6,5,-0.00023196474135944722,-0.005155968032998226,-0.0051538461538461755,-0.005386736771566314,0.018865046272755093,0.0,0.02055837563451779,0.07194444444444437,-0.042431761786600575,0.38,12,暂未减速,,42,0,0
265,AK-47 | Baroque Purple (Factory New),341.5,335.0,295,20,0.0678,0.981,steamdt-live,353.08,104,349.88,146,,7,12,9,2,10,0,2,0,-0.004412607449856831,-0.01715305358890229,0.010890974394623942,-0.021489971346704828,0.032303768773023434,0.0,0.11067708333333337,-0.11067708333333337,-0.327755905511811,0.39,5,长期阴跌,,42,0,0
266,Desert Eagle | Cobalt Disruption (Factory New),560.0,556.0,605,35,0.0579,0.9929,steamdt-live,599.0,284,589.99,247,,3,15,12,2,10,0,0,0,-0.020746395250212046,-0.02991667677170129,0.014804613530728261,-0.05004240882103472,0.05882352941176472,0.0,0.08544551868304162,-0.07212566069623705,-0.24731182795698925,0.39,14,可能加速下跌,,42,0,0
267,M4A4 | X-Ray (Factory New),724.99,711.0,1038,58,0.0559,0.9807,steamdt-live,768.5,270,727.0,251,,3,12,15,2,10,0,0,0,-0.020012828736369448,-0.050935986385652554,-0.04589963280293763,-0.06992944194996786,0.1120759338640539,0.0013674033149171372,0.14151568975725282,-0.13988610748606,-0.28922549019607846,0.3,18,可能加速下跌,,42,0,0
268,M4A1-S | Boreal Forest (Factory New),50.77,46.0,609,27,0.0443,0.906,steamdt-live,47.92,108,49.56,130,,3,6,12,2,10,2,2,5,-0.017061421116017716,-0.021441698999387304,-0.057866868381240555,-0.03813729425933354,0.09379727685325268,0.019574468085106433,0.1287272727272727,-0.1287272727272727,-0.5347121079716477,0.39,9,长期阴跌,,42,0,0
269,USP-S | Cyrex (Factory New),171.0,165.0,3107,132,0.0425,0.9649,steamdt-live,173.5,451,172.0,529,,3,12,15,2,10,0,0,0,-0.024657534246575352,-0.050561797752809,-0.0641025641025641,-0.07397260273972606,0.1333333333333333,0.01807228915662651,0.17961165048543692,-0.17560975609756102,-0.4670450961841691,0.15,15,长期阴跌,,42,0,0
270,Galil AR | Rocket Pop (Factory New),53.69,52.0,563,22,0.0391,0.9685,steamdt-live,54.0,257,55.38,234,,3,12,12,2,2,0,6,5,0.0,-0.003711263685284849,0.0007428040854224882,-0.003711263685284849,0.005740740740740824,0.013018867924528221,0.005740740740740824,0.013018867924528221,-0.2371412333049161,0.39,7,回撤不明显,,42,0,0
271,AK-47 | Blue Laminate (Factory New),135.5,132.0,1318,51,0.0387,0.9742,steamdt-live,141.0,689,147.5,409,,3,12,15,2,10,0,0,0,-0.03401360544217691,-0.045774647887323994,-0.04234527687296419,-0.07823129251700678,0.1190429750991483,0.005491243692490322,0.18813660874775318,-0.18862275449101795,-0.4057017543859649,0.38,16,长期阴跌,,42,0,0
272,M4A1-S | Decimator (Factory New),245.5,241.0,1142,44,0.0385,0.9817,steamdt-live,252.5,333,256.84,398,,3,12,15,2,10,0,0,0,-0.028846153846153855,-0.027722772277227747,-0.032306089027839824,-0.05576923076923079,0.08627363406282573,0.0020408163265306367,0.09242144177449163,-0.08566108007448792,-0.21440000000000003,0.39,14,可能加速下跌,,42,0,0
273,AWP | Green Energy (Factory New),182.4,178.0,747,28,0.0375,0.9759,steamdt-live,188.0,342,189.8,575,,3,12,12,2,8,0,2,3,0.005362217813287495,-0.02981492346258474,0.01868137870759834,-0.024612579762990028,0.029866666666666597,0.010836343428730189,0.07664974619289333,-0.07660287324229653,-0.254660930137267,0.26,11,可能加速下跌,,42,0,0
274,Desert Eagle | Trigger Discipline (Factory New),34.0,31.8,708,26,0.0367,0.9353,steamdt-live,36.57,440,36.24,367,,3,9,12,2,10,0,6,0,-0.019444444444444486,-0.03682719546742197,-0.010717230008243983,-0.05555555555555558,0.10526315789473684,0.0,0.10526315789473684,-0.0835579514824798,-0.3186372745490982,0.39,14,长期阴跌,,42,0,0
275,AK-47 | Point Disarray (Factory New),362.0,340.0,1084,38,0.0351,0.9392,steamdt-live,376.0,349,376.55,284,,3,9,15,2,8,0,2,3,-0.001380243572395079,-0.01894360280766416,-0.014666666666666717,-0.020297699594046037,0.047368421052631615,0.0,0.0785521559843202,-0.0785521559843202,-0.21132897603485834,0.39,14,可能加速下跌,,42,0,0
276,M4A4 | Polysoup (Factory New),114.0,110.0,1265,26,0.0206,0.9649,steamdt-live,130.49,296,121.08,442,,3,12,15,2,10,0,0,0,-0.0077099236641220426,-0.12300946226632825,0.00940052396363078,-0.1297709923664122,0.13307984790874527,0.0,0.13636363636363635,-0.12307692307692308,-0.3837504729985405,0.39,11,长期阴跌,,42,0,0
277,AK-47 | Consequence of the Jinn (Factory New),3548.0,3310.0,24,24,1.0,0.9329,steamdt-live,3619.0,26,3635.99,40,,20,9,2,2,2,0,6,0,-0.002523128679562614,-0.0028105677346823565,-0.0041876046901172526,-0.005326604990187778,0.009491903964265802,0.00014094432699085502,0.009491903964265802,-0.009491903964265802,-0.10131712259371839,0.38,2,回撤不明显,,41,0,0
278,★ Sport Gloves | Creme Pinstripe (Minimal Wear),1043.5,1170.0,41,23,0.561,1.1212,steamdt-live,1025.0,40,1069.33,44,"溢价求购:买一高于卖一,多为定向收特定图案,买一价不可作退出价",20,0,4,5,6,0,6,0,0.0038647342995168366,-0.013474494706448459,-0.003370245546461259,-0.009661835748792313,0.019607843137254943,0.0,0.04872389791183296,-0.03256252949504479,-0.0831842576028623,0.39,5,可能加速下跌,买一异常溢价(不作为可成交退出价),41,0,0
279,★ Hand Wraps | Desert Shamagh (Minimal Wear),375.5,450.0,142,26,0.1831,1.1984,steamdt-live,419.5,56,382.5,93,"溢价求购:买一高于卖一,多为定向收特定图案,买一价不可作退出价",14,0,7,5,4,0,6,5,-0.0013262599469495706,-0.0026560424966799445,-0.00527704485488123,-0.003978779840848823,0.010540184453227908,0.02876712328767117,0.023407022106632036,-0.023407022106632036,-0.1646273637374861,0.3,3,暂未减速,买一异常溢价(不作为可成交退出价),41,0,0
280,AK-47 | Panthera onca (Factory New),2049.0,1860.0,115,18,0.1565,0.9078,steamdt-live,2142.68,33,2121.57,68,,14,6,7,2,10,0,2,0,-0.023033969288040912,-0.02429149797570851,-0.00046511627906975495,-0.04676593764541648,0.047209302325581404,0.0,0.09358407079646014,-0.09358407079646014,-0.2411557695869605,0.39,2,可能加速下跌,,41,0,0
281,M4A4 | Bullet Rain (Factory New),1361.5,1290.0,311,42,0.135,0.9475,steamdt-live,1350.0,68,1366.26,154,,11,9,9,2,8,0,2,0,-0.018976011457214503,-0.029197080291970767,-0.012376237623762387,-0.04761904761904767,0.05640297978006381,0.0,0.0736742397860396,-0.0736742397860396,-0.19345057610673133,0.22,6,可能加速下跌,,41,0,0
282,Glock-18 | Reactor (Factory New),398.06,390.0,211,19,0.09,0.9798,steamdt-live,448.9,56,404.5,113,,7,12,7,2,10,1,2,0,-0.023751259536490488,-0.021773321537402968,-0.029500104775431413,-0.0450074372630872,0.07427906976744181,0.0,0.11097710776102732,-0.11147321428571433,-0.2545692883895131,0.37,21,可能加速下跌,,41,0,0
283,AWP | Chrome Cannon (Factory New),424.5,421.0,369,32,0.0867,0.9918,steamdt-live,438.46,308,447.55,140,,7,15,9,2,6,0,2,0,-0.005790214307135111,-0.015035500487261655,-0.0023015489424382807,-0.020738656024360425,0.02299247393495829,0.010714285714285676,0.046067415730337125,-0.03412969283276446,-0.060840707964601726,0.38,11,可能加速下跌,,41,0,0
284,★ Specialist Gloves | Buckshot (Field-Tested),252.99,295.0,307,26,0.0847,1.1661,steamdt-live,254.5,303,255.48,161,"溢价求购:买一高于卖一,多为定向收特定图案,买一价不可作退出价",7,0,9,5,4,10,6,0,0.0004764173415912065,0.0019444444444445264,-0.010294695481335991,0.0024217881530887997,0.009843137254901935,0.014016064257028171,0.026863485701071332,-0.00594488188976372,-0.0818545454545454,0.1,14,回撤不明显,买一异常溢价(不作为可成交退出价),41,0,0
285,★ Hand Wraps | Arboreal (Field-Tested),239.88,275.0,361,29,0.0803,1.1464,steamdt-live,245.5,330,240.67,184,"溢价求购:买一高于卖一,多为定向收特定图案,买一价不可作退出价",7,0,9,5,4,10,6,0,0.004273504273504258,0.020765957446808425,-0.02377972465581968,0.025128205128205128,0.0,0.04295652173913034,0.028432563791008558,0.0016284604785168355,-0.08113077453458972,0.39,13,回撤不明显,买一异常溢价(不作为可成交退出价),41,0,0
286,USP-S | Stainless (Factory New),257.0,238.0,315,22,0.0698,0.9261,steamdt-live,259.0,232,272.0,107,,7,6,9,2,6,0,6,5,0.0019455252918287869,-0.001941747572815511,-0.007722007722007707,0.0,0.007722007722007707,0.00390625,0.03564727954971858,-0.03564727954971858,-0.2728815956995332,0.39,4,回撤不明显,,41,0,0
287,Galil AR | Stone Cold (Factory New),116.94,116.0,335,22,0.0657,0.992,steamdt-live,122.0,134,119.0,125,,7,15,9,2,8,0,0,0,-0.024471544715447213,-0.025418784898741498,-0.01481778133760503,-0.04926829268292687,0.06335602723267919,0.0,0.07286133354475544,-0.06597444089456872,-0.3298567335243553,0.39,11,长期阴跌,,41,0,0
288,M4A1-S | Guardian (Factory New),350.0,330.0,683,43,0.063,0.9429,steamdt-live,373.0,323,370.7,244,,7,9,12,2,10,1,0,0,-0.04347826086956519,-0.03581267217630857,-0.044080604534005086,-0.07773386034255603,0.11838790931989929,0.0014306151645206988,0.14634146341463417,-0.14634146341463417,-0.3137254901960784,0.39,11,长期阴跌,,41,0,0
289,Five-SeveN | Anodized Gunmetal (Factory New),79.8,68.0,142,8,0.0563,0.8521,steamdt-live,85.12,73,83.78,90,,3,3,7,2,10,10,6,0,-0.0601176470588235,-0.0011265490048817384,0.0,-0.06117647058823528,0.06117647058823528,0.0,0.11813460050834346,-0.11813460050834346,-0.35032158267524227,0.39,2,长期阴跌,,41,0,0
290,USP-S | Forest Leaves (Factory New),24.0,23.2,524,20,0.0382,0.9667,steamdt-live,24.0,93,25.02,120,,3,12,12,2,6,0,6,0,-0.0008445945945946276,0.014370245139475823,-0.005042016806722782,0.013513513513513598,0.0,0.018675721561969505,0.030303030303030276,-0.014373716632443578,-0.3993993993993994,0.37,2,长期阴跌,,41,0,0
291,AWP | Neo-Noir (Factory New),312.0,299.0,1034,38,0.0368,0.9583,steamdt-live,309.99,617,319.7,261,,3,9,15,2,6,0,6,0,-0.005968253968253956,-0.00999616760347466,0.0,-0.015904761904761866,0.015904761904761866,0.0,0.03279251170046804,-0.027634880803011352,-0.04706424838610512,0.39,9,可能加速下跌,,41,0,0
292,USP-S | Royal Guard (Factory New),30.37,28.5,1069,31,0.029,0.9384,steamdt-live,29.4,638,30.33,795,,3,9,15,2,10,0,2,0,0.012044161927065922,-0.04132231404958675,-0.020000000000000018,-0.029775844764135195,0.06692406692406683,0.0,0.08198797087685972,-0.05228758169934644,-0.20110192837465557,0.39,17,可能加速下跌,,41,0,0
293,M4A1-S | Liquidation (Factory New),55.99,53.0,1200,26,0.0217,0.9466,steamdt-live,59.4,533,60.89,258,,3,9,15,2,2,10,0,0,-0.01697792869269954,0.024179620034542326,0.005119453924914641,0.00679117147707986,0.0,0.07818181818181813,0.011666666666666714,-0.010016694490818101,-0.08346213292117477,0.14,10,回撤不明显,,41,0,0
294,M4A4 | Sheet Lightning (Factory New),25.73,23.0,1056,18,0.017,0.8939,steamdt-live,25.88,519,25.5,637,,3,6,15,2,6,0,4,5,-0.0042951971885981655,0.0,0.02031872509960153,-0.0042951971885981655,0.0042951971885981655,0.020000000000000018,0.03262518968133532,-0.028941355674029,-0.31999999999999995,0.31,4,长期阴跌,,41,0,0
295,MP9 | Arctic Tri-Tone (Factory New),30.59,29.0,2168,26,0.012,0.948,steamdt-live,33.6,898,31.08,1330,,3,9,15,2,10,0,2,0,-0.009584664536741228,-0.013225806451612865,-0.006349206349206327,-0.02268370607028758,0.028888888888888853,0.01966666666666672,0.0838574423480084,-0.07387223735997583,-0.21664532650448143,0.34,13,可能加速下跌,,41,0,0
296,★ Driver Gloves | Brocade Crane (Minimal Wear),2557.5,3090.0,21,25,1.1905,1.2082,steamdt-live,2479.5,25,2630.0,18,"溢价求购:买一高于卖一,多为定向收特定图案,买一价不可作退出价",20,0,2,5,2,0,6,5,0.008064516129032251,-0.008199999999999985,0.0024252223120453387,-0.00020161290322584513,0.008199999999999985,0.013281569268492,0.008199999999999985,-0.004212868324772301,0.0002016942315450354,0.39,2,回撤不明显,买一异常溢价(不作为可成交退出价),40,0,0
297,★ Sport Gloves | Violet Beadwork (Field-Tested),1387.5,2530.0,161,64,0.3975,1.8234,steamdt-live,1379.5,169,1430.0,60,"溢价求购:买一高于卖一,多为定向收特定图案,买一价不可作退出价",20,0,7,5,2,0,6,0,0.008550724637681029,-0.008837476648943743,-0.007408472991440651,-0.00036231884057968955,0.014502071724531995,0.0,0.014502071724531995,-0.010046645138141352,-0.07260504201680673,0.14,3,可能加速下跌,买一异常溢价(不作为可成交退出价),40,0,0
298,★ Specialist Gloves | Lime Polycam (Field-Tested),1529.5,2140.0,123,44,0.3577,1.3992,steamdt-live,1547.5,138,1580.0,69,"溢价求购:买一高于卖一,多为定向收特定图案,买一价不可作退出价",20,0,7,5,2,0,6,0,0.0016329196603526164,-0.002608412129116444,0.0009807126511931497,-0.0009797517962116808,0.003258390355164509,0.0029508196721310664,0.012269938650306789,-0.012269938650306789,-0.06709362610551994,0.14,4,回撤不明显,买一异常溢价(不作为可成交退出价),40,0,0
299,★ Driver Gloves | Garden (Field-Tested),1099.0,1810.0,162,50,0.3086,1.647,steamdt-live,1109.99,158,1111.01,122,"溢价求购:买一高于卖一,多为定向收特定图案,买一价不可作退出价",20,0,7,5,4,0,4,0,0.009099181073703333,-0.00901713255184855,0.008256880733944927,0.0,0.00901713255184855,0.008256880733944927,0.018750000000000044,0.001823154056517673,-0.11939102564102566,0.39,8,回撤不明显,买一异常溢价(不作为可成交退出价),40,0,0
300,★ Specialist Gloves | Blackbook (Field-Tested),1582.96,2050.0,150,45,0.3,1.295,steamdt-live,1584.45,160,1591.38,60,"溢价求购:买一高于卖一,多为定向收特定图案,买一价不可作退出价",20,0,7,5,2,0,6,0,0.014404609475032082,-0.0009719154307352706,0.007741935483871032,0.013418693982074181,0.0012870662460567894,0.02159406260083907,0.005865728819945959,-0.005678391959799023,-0.050698650674662615,0.39,7,回撤不明显,买一异常溢价(不作为可成交退出价),40,0,0
301,★ Specialist Gloves | Marble Fade (Minimal Wear),2215.5,4820.0,226,28,0.1239,2.1756,steamdt-live,2258.5,177,2277.0,67,"溢价求购:买一高于卖一,多为定向收特定图案,买一价不可作退出价",11,0,7,5,6,0,6,5,0.0033936651583710287,-0.0009019165727169876,-0.0042802432980401095,0.002488687782805421,0.0018022077044379525,0.0027155465037338455,0.03506097560975607,-0.03527106466361851,-0.06320956959648871,0.39,3,回撤不明显,买一异常溢价(不作为可成交退出价),40,0,0
302,★ Specialist Gloves | Marble Fade (Field-Tested),815.8,1200.0,388,47,0.1211,1.4709,steamdt-live,838.0,336,847.27,150,"溢价求购:买一高于卖一,多为定向收特定图案,买一价不可作退出价",11,0,9,5,4,0,6,5,-0.0039024390243902474,-0.0018364348677767373,-0.0036452004860266785,-0.005731707317073176,0.014719388988253534,0.019124999999999837,0.02650746268656723,-0.020660660660660746,-0.08549443646805455,0.06,8,暂未减速,买一异常溢价(不作为可成交退出价),40,0,0
303,★ Moto Gloves | POW! (Minimal Wear),969.0,1630.0,298,32,0.1074,1.6821,steamdt-live,984.0,291,988.0,79,"溢价求购:买一高于卖一,多为定向收特定图案,买一价不可作退出价",11,0,9,5,6,0,4,5,-0.0034546904065905215,-0.006153846153846176,-0.0016530612244898268,-0.009587276927165322,0.01574403250380907,0.009374999999999911,0.031000000000000028,-0.029058116232464903,-0.08064516129032262,0.36,6,可能加速下跌,买一异常溢价(不作为可成交退出价),40,0,0
304,FAMAS | Afterimage (Factory New),250.48,234.0,85,7,0.0824,0.9342,steamdt-live,280.0,39,251.91,55,,7,9,4,2,10,1,4,3,-0.005492565420377349,-0.011874235670046196,-0.019616139082272444,-0.017301581074188888,0.03657832993576682,0.0,0.100093410936265,-0.100093410936265,-0.27981598619896497,0.22,5,可能加速下跌,,40,0,0
305,M4A4 | Cyber Security (Factory New),750.0,736.0,419,32,0.0764,0.9813,steamdt-live,815.0,66,793.0,132,,7,12,9,2,10,0,0,0,-0.03763109191856884,-0.038461538461538436,-0.02934131736526946,-0.07464528069093157,0.10597210632971743,0.0,0.17987971569163475,-0.1794310722100656,-0.25807217473884136,0.33,16,可能加速下跌,,40,0,0
306,M4A4 | Urban DDPAT (Factory New),128.0,122.0,486,37,0.0761,0.9531,steamdt-live,124.5,111,125.0,138,,7,9,9,2,8,0,2,3,0.0,-0.02734375,-0.026615969581749055,-0.02734375,0.05323193916349811,0.0,0.05681818181818177,-0.03488372093023251,-0.3447368421052631,0.39,3,长期阴跌,,40,0,0
307,Desert Eagle | Midnight Storm (Factory New),444.99,425.0,759,54,0.0711,0.9551,steamdt-live,470.0,149,464.88,134,,7,9,12,2,10,0,0,0,-0.05403999999999998,-0.059177977927185044,-0.00572701240852691,-0.11002,0.11511692650334071,0.013921800947867435,0.1749972190292558,-0.1749972190292558,-0.4269137646816402,0.39,17,长期阴跌,,40,0,0
308,FAMAS | Pulse (Factory New),146.99,140.0,598,42,0.0702,0.9524,steamdt-live,148.0,243,148.5,164,,7,9,12,2,10,0,0,0,-0.018389758918708088,-0.026942936581490717,-0.03818750000000004,-0.04483722139190316,0.0821156488072935,0.013724137931034441,0.0821156488072935,-0.04854683151013006,-0.35812227074235803,0.39,15,长期阴跌,,40,0,0
309,MP9 | Latte Rush (Factory New),306.0,291.0,523,32,0.0612,0.951,steamdt-live,314.49,176,309.99,268,,7,9,12,2,8,0,2,0,0.0003208213025345241,-0.018601667735728022,0.01862745098039209,-0.018286814244465766,0.02080000000000004,0.0,0.06422018348623848,-0.06564885496183204,-0.28337236533957844,0.27,6,可能加速下跌,,40,0,0
310,Galil AR | Vandal (Factory New),67.8,58.0,267,15,0.0562,0.8555,steamdt-live,70.28,63,68.33,54,,3,3,9,2,4,8,6,5,-0.0014708045300778627,-0.0013256738842245541,-0.017343546755311467,-0.002794528607148128,0.021503824505700764,0.04307692307692301,0.021503824505700764,0.04307692307692301,-0.36635514018691595,1.39,6,长期阴跌,,40,0,0
311,M4A4 | Neo-Noir (Factory New),580.0,568.0,911,48,0.0527,0.9793,steamdt-live,572.0,262,590.0,212,,3,12,15,2,8,0,0,0,-0.013266998341625258,-0.03865546218487392,0.011235955056179803,-0.051409618573797666,0.061525840853158376,0.0,0.0744336569579288,-0.0744336569579288,-0.17101449275362324,0.39,12,可能加速下跌,,40,0,0
312,M4A4 | Temukau (Factory New),593.0,588.0,761,38,0.0499,0.9916,steamdt-live,606.5,670,599.5,382,,3,15,12,2,4,0,4,0,-0.00199667221297839,-0.011337112370790159,-0.003977461054027187,-0.01331114808652245,0.01804934591819829,0.0,0.01886168100595631,-0.015440810227461355,-0.15091638029782362,0.39,14,可能加速下跌,,40,0,0
313,FAMAS | Rapid Eye Movement (Factory New),87.99,83.0,376,18,0.0479,0.9433,steamdt-live,86.0,172,91.37,164,,3,9,9,2,10,0,2,5,-0.011936936936936982,-0.01983131980852515,-0.0011248593925760053,-0.03153153153153154,0.04338153503893216,0.0,0.1337630942788074,-0.1337630942788074,-0.2613587563342782,0.39,5,可能加速下跌,,40,0,0
314,AWP | Lightning Strike (Factory New),2889.5,2860.0,596,18,0.0302,0.9898,steamdt-live,2945.0,469,3008.4,153,,3,12,12,2,6,0,2,3,-0.0030415680973301384,-0.02050847457627114,-0.0037037037037036535,-0.02348766475160524,0.03036912751677856,0.0,0.03328872532619609,-0.03328872532619609,-0.06169832765059258,0.39,7,可能加速下跌,,40,0,0
315,★ Driver Gloves | Brocade Flowers (Minimal Wear),2449.5,3390.0,43,30,0.6977,1.384,steamdt-live,2499.99,50,2526.0,36,"溢价求购:买一高于卖一,多为定向收特定图案,买一价不可作退出价",20,0,4,5,4,0,6,0,0.034782608695652195,-0.019807923169267716,0.0,0.014285714285714235,0.020199999999999996,0.014285714285714235,0.020199999999999996,0.03570749032789999,-0.06845407872219056,0.39,2,可能加速下跌,买一异常溢价(不作为可成交退出价),39,0,0
316,★ Sport Gloves | Creme Pinstripe (Field-Tested),527.27,745.0,104,50,0.4808,1.4129,steamdt-live,519.5,105,532.82,78,"溢价求购:买一高于卖一,多为定向收特定图案,买一价不可作退出价",20,0,7,5,4,1,2,0,-0.010377358490566091,-0.009532888465204947,0.0,-0.019811320754717032,0.027153558052434468,0.01862745098039209,0.028971962616822444,-0.010457342044610352,-0.07232142857142854,0.29,10,可能加速下跌,买一异常溢价(不作为可成交退出价),39,0,0
317,★ Driver Gloves | Garden (Minimal Wear),2670.0,3360.0,50,20,0.4,1.2584,steamdt-live,2635.0,55,2688.23,52,"溢价求购:买一高于卖一,多为定向收特定图案,买一价不可作退出价",20,0,4,5,4,0,6,0,-0.004465947152958671,-0.01495327102803734,-0.003888800329194808,-0.01935243766282102,0.023165980226061977,0.0019011406844107182,0.024074074074074026,-0.012923768495972987,-0.10677966101694913,0.29,7,可能加速下跌,买一异常溢价(不作为可成交退出价),39,0,0
318,★ Sport Gloves | Occult (Minimal Wear),5824.5,6440.0,89,34,0.382,1.1057,steamdt-live,5894.5,101,5899.0,32,"溢价求购:买一高于卖一,多为定向收特定图案,买一价不可作退出价",20,0,4,5,4,0,6,0,-0.0015466575012889061,0.002495697074010428,0.0035353970854530292,0.000945179584120881,0.0008577064928381173,0.004483918254720942,0.028845352230095878,-0.028845352230095878,-0.054233985548428953,0.14,2,回撤不明显,买一异常溢价(不作为可成交退出价),39,0,0
319,★ Sport Gloves | Frosty (Field-Tested),1080.0,1650.0,185,45,0.2432,1.5278,steamdt-live,1107.5,197,1109.5,94,"溢价求购:买一高于卖一,多为定向收特定图案,买一价不可作退出价",17,0,7,5,6,0,4,0,0.01630736748527606,-0.015936363884864524,0.0022088167053364582,0.00011112345816188807,0.015945330296127547,0.0046511627906977715,0.03957314361938635,-0.039145907473309594,-0.12519440124416792,0.14,3,可能加速下跌,买一异常溢价(不作为可成交退出价),39,0,0
320,P250 | Lotus Imprint (Factory New),78.89,67.0,75,18,0.24,0.8493,steamdt-live,80.77,83,79.59,89,,17,3,4,2,6,3,4,0,-0.012048192771084376,-0.008171988936384267,-0.004820766378244801,-0.0201217240094399,0.0201217240094399,0.007020679091141124,0.04433676559660804,-0.04433676559660804,-0.11459034792368117,0.19,8,可能加速下跌,,39,0,0
321,★ Hand Wraps | Arboreal (Minimal Wear),400.0,487.0,126,26,0.2063,1.2175,steamdt-live,409.5,88,420.0,112,"溢价求购:买一高于卖一,多为定向收特定图案,买一价不可作退出价",17,0,7,5,10,0,0,0,-0.0002195121951218404,-0.02417603864262896,-0.020310633213859064,-0.024390243902439046,0.0430622009569378,0.012658227848101333,0.08673714011735434,-0.08045977011494254,-0.20062351365934572,0.29,6,可能加速下跌,买一异常溢价(不作为可成交退出价),39,0,0
322,★ Sport Gloves | Superconductor (Minimal Wear),16449.5,30240.0,186,38,0.2043,1.8384,steamdt-live,16998.0,145,16979.0,44,"溢价求购:买一高于卖一,多为定向收特定图案,买一价不可作退出价",17,0,7,5,6,0,4,0,-0.005273250239693161,-0.009066265060240997,0.0013801380138014352,-0.01429170661553214,0.023768545994065304,0.0,0.04084548104956265,-0.04084548104956265,-0.1342368421052632,0.37,7,可能加速下跌,买一异常溢价(不作为可成交退出价),39,0,0
323,FAMAS | Bad Trip (Factory New),494.9,479.0,132,26,0.197,0.9679,steamdt-live,500.0,51,502.63,78,,14,12,7,2,4,0,0,0,0.0,-0.0012108980827447713,-0.002014098690835797,-0.0012108980827447713,0.003222557905337431,0.0,0.01883425852498022,-0.01883425852498022,-0.0011907404791217102,0.39,1,价格更新稀疏,,39,0,0
324,★ Specialist Gloves | Buckshot (Minimal Wear),390.0,620.0,163,29,0.1779,1.5897,steamdt-live,398.5,95,409.9,70,"溢价求购:买一高于卖一,多为定向收特定图案,买一价不可作退出价",14,0,7,5,6,0,4,3,-0.0050887364237068855,-0.007583083108555155,-0.007313395325458605,-0.01263323122104354,0.02497562439060974,0.0012836970474967568,0.03703703703703709,-0.019607843137254943,-0.1369772073467581,0.39,15,可能加速下跌,买一异常溢价(不作为可成交退出价),39,0,0
325,Desert Eagle | Sunset Storm 壱 (Factory New),3000.0,2820.0,53,9,0.1698,0.94,steamdt-live,3136.0,37,3202.06,55,,14,9,4,2,8,0,2,0,0.01637291445663136,-0.04245132460900092,-0.017050382653061136,-0.02677346205876352,0.04336734693877553,0.0,0.05630404625368424,-0.05630404625368424,-0.058528165699042844,0.39,4,可能加速下跌,,39,0,0
326,M4A4 | Royal Paladin (Factory New),1224.49,1160.0,300,44,0.1467,0.9473,steamdt-live,1250.0,81,1288.88,79,,11,9,9,2,8,0,0,0,-0.008219178082191747,-0.03355169692186266,-0.0011727912431587217,-0.041495107632093964,0.05444787644787641,0.0036803278688524177,0.05444787644787641,-0.05444787644787641,-0.17124196277495773,0.39,7,可能加速下跌,,39,0,0
327,USP-S | The Traitor (Factory New),615.99,590.0,311,42,0.135,0.9578,steamdt-live,651.8,84,629.4,128,,11,9,9,2,4,0,4,0,1.6000256004122804e-05,-0.015199999999999991,0.011310679611650443,-0.015184242947887228,0.020684168655529023,0.0008130081300812275,0.029944838455476797,-0.03142555903504496,-0.20322593172727155,0.06,8,可能加速下跌,,39,0,0
328,Desert Eagle | Ocean Drive (Factory New),1347.49,1270.0,247,28,0.1134,0.9425,steamdt-live,1368.21,54,1354.23,80,,11,9,7,2,10,0,0,0,-0.020890410958904093,-0.057369709688702364,-0.02341137123745818,-0.07706164383561642,0.10755750418904697,0.0,0.15596186610543195,-0.15596186610543195,-0.2676644981766205,0.28,7,可能加速下跌,,39,0,0
329,★ Specialist Gloves | Field Agent (Minimal Wear),1730.0,2920.0,333,32,0.0961,1.6879,steamdt-live,1734.5,276,1797.99,63,"溢价求购:买一高于卖一,多为定向收特定图案,买一价不可作退出价",7,0,9,5,4,10,4,0,0.007514450867051936,-0.007458405048766492,-0.008658479981204614,0.0,0.008658479981204614,0.011695906432748648,0.0293114283149295,-0.011428571428571455,-0.08946889194153651,0.39,7,回撤不明显,买一异常溢价(不作为可成交退出价),39,0,0
330,Galil AR | Cerberus (Factory New),949.0,879.0,283,27,0.0954,0.9262,steamdt-live,1000.0,67,965.49,104,,7,6,9,2,8,0,4,3,0.012041666666666506,-0.023220387829881783,-0.010309278350515427,-0.011458333333333348,0.054771461867150095,0.0,0.054771461867150095,-0.0005265929436545358,-0.25830402500976946,0.38,11,可能加速下跌,,39,0,0
331,AWP | Electric Hive (Factory New),438.0,408.0,496,40,0.0806,0.9315,steamdt-live,464.39,223,440.03,212,,7,9,9,2,10,0,2,0,-0.017467248908296984,-0.026666666666666616,-0.017378245011800075,-0.04366812227074235,0.06026733034392495,0.0,0.13267326732673268,-0.09876543209876543,-0.31390977443609025,0.39,11,长期阴跌,,39,0,0
332,M4A4 | Hellish (Factory New),683.0,668.0,636,44,0.0692,0.978,steamdt-live,688.0,184,693.9,230,,7,12,12,2,4,0,2,0,0.001151079136690658,-0.018396090830698375,-0.0056086533508841185,-0.01726618705035976,0.024118420300622945,0.0,0.024285714285714244,-0.01866406126524811,-0.2914864262077408,0.28,14,可能加速下跌,,39,0,0
333,Five-SeveN | Scumbria (Factory New),30.39,26.4,296,18,0.0608,0.8687,steamdt-live,30.5,58,29.82,114,,7,3,9,2,2,10,6,0,0.013591573224600806,-0.00033523298692583747,-0.010423671822461289,0.013251783893985847,0.0006702412868632157,0.028275862068965596,0.007653910149750476,-0.007653910149750476,-0.40950495049504954,0.39,3,长期阴跌,,39,0,0
334,M4A4 | Spider Lily (Factory New),349.0,341.0,876,52,0.0594,0.9771,steamdt-live,375.0,186,366.93,139,,3,12,12,2,10,0,0,0,-0.004210526315789553,-0.07769556025369972,-0.012987012987012991,-0.08157894736842108,0.09232769830949283,0.0014347202295552641,0.10420944558521561,-0.09350649350649354,-0.24752048296679607,0.3,12,可能加速下跌,,39,0,0
335,P250 | Muertos (Factory New),111.79,103.0,261,15,0.0575,0.9214,steamdt-live,108.5,154,114.78,187,,3,6,9,2,10,0,4,5,0.004291453615777874,-0.013546686062369306,-0.004363636363636347,-0.009313367421475482,0.027864886658901522,0.0,0.0805084745762712,-0.07169746748802186,-0.32060112711333744,0.39,3,长期阴跌,,39,0,0
336,AK-47 | Cartel (Factory New),290.38,283.0,890,51,0.0573,0.9746,steamdt-live,289.5,288,300.89,269,,3,12,12,2,8,0,2,0,-0.018333333333333313,-0.02037351443123936,-0.0228013029315961,-0.03833333333333333,0.06026058631921827,0.0,0.0797448165869219,-0.07827476038338654,-0.2059997247832669,0.23,14,可能加速下跌,,39,0,0
337,FAMAS | Night Borre (Factory New),64.38,56.0,228,13,0.057,0.8698,steamdt-live,64.95,81,63.15,111,,3,3,7,2,8,10,6,0,-0.05809389229078343,0.052508751458576475,-0.0048437500000000355,-0.008635578583765069,0.013437499999999991,0.052508751458576475,0.06859418793332361,-0.06859418793332361,-0.3946308724832215,0.39,8,长期阴跌,,39,0,0
338,Desert Eagle | Starcade (Factory New),1040.0,1000.0,597,33,0.0553,0.9615,steamdt-live,1098.0,148,1089.0,177,,3,12,12,2,10,0,0,0,0.0092592592592593,-0.04587155963302747,-0.018181818181818188,-0.03703703703703709,0.054545454545454564,0.0,0.10073497622135752,-0.10073497622135752,-0.2827586206896552,0.39,10,可能加速下跌,,39,0,0
339,FAMAS | ZX Spectron (Factory New),121.5,117.0,658,36,0.0547,0.963,steamdt-live,128.0,140,124.91,181,,3,12,12,2,10,0,0,0,-0.03007518796992481,-0.05813953488372092,-0.036231884057971064,-0.0864661654135338,0.13516976297245364,0.008298755186721962,0.15554628857381148,-0.15554628857381148,-0.3489792637839575,0.39,9,长期阴跌,,39,0,0
340,M4A1-S | Blue Phosphor (Factory New),3277.5,3160.0,539,29,0.0538,0.9641,steamdt-live,3360.0,313,3388.88,171,,3,12,12,2,6,0,4,0,-0.00030312215822980715,-0.006215888417222537,0.0003032140691328067,-0.006517126401940021,0.006667676920745547,0.0035211267605634866,0.0411059098888239,-0.03258655804480659,-0.11406946884714153,0.39,6,回撤不明显,,39,0,0
341,M4A4 | 龍王 (Dragon King) (Factory New),311.99,304.0,821,43,0.0524,0.9744,steamdt-live,338.0,206,321.96,207,,3,12,12,2,10,0,0,0,-0.003089382123575235,-0.06282155429190361,-0.00179640718562879,-0.06571685662867421,0.07017910447761189,0.008058252427184387,0.10747851002865327,-0.10747851002865327,-0.22707196029776677,0.39,13,可能加速下跌,,39,0,0
342,AK-47 | The Outsiders (Factory New),329.49,310.0,955,50,0.0524,0.9408,steamdt-live,334.49,173,336.7,313,,3,9,15,2,6,0,4,0,0.002994101619808953,-0.01641840054927013,-0.005241995532390131,-0.0134734572891404,0.021122994652406413,0.0,0.03700131521262595,-0.030911764705882305,-0.28835853131749456,0.39,5,可能加速下跌,,39,0,0
343,Tec-9 | Remote Control (Factory New),146.0,142.0,562,29,0.0516,0.9726,steamdt-live,155.0,72,147.31,126,,3,12,12,2,10,0,0,0,-0.01910501346326443,-0.04575163398692805,-0.00012820512820521657,-0.06398256186690598,0.0641025641025641,0.028241425452496527,0.13095238095238093,-0.13095238095238093,-0.3720430107526882,0.39,12,长期阴跌,,39,0,0
344,USP-S | Orion (Factory New),518.5,506.0,531,27,0.0508,0.9759,steamdt-live,563.8,189,530.0,263,,3,12,12,2,10,0,0,0,-0.0027877697841726112,-0.06483902966904143,-0.015057573073516406,-0.06744604316546765,0.08148804251550046,0.0009652509652509078,0.11063464837049741,-0.11139674378748932,-0.30866666666666664,0.27,13,长期阴跌,,39,0,0
345,Glock-18 | Shinobu (Factory New),105.0,100.0,977,48,0.0491,0.9524,steamdt-live,111.79,340,112.42,211,,3,9,15,2,10,0,0,0,-0.0001777777777777212,-0.06650071123755341,0.022727272727272707,-0.06666666666666665,0.07488986784140972,0.0,0.11764705882352944,-0.10256410256410253,-0.23071287273792962,0.31,17,可能加速下跌,,39,0,0
346,Galil AR | Black Sand (Factory New),74.0,73.0,790,31,0.0392,0.9865,steamdt-live,79.9,183,75.59,119,,3,12,12,2,10,0,0,0,-0.0012499999999999734,-0.07384230287859828,-0.014899642901120447,-0.07499999999999996,0.08889436099482884,0.0,0.08889436099482884,-0.013201760234697879,-0.39344262295081966,0.23,6,长期阴跌,,39,0,0
347,Five-SeveN | Boost Protocol (Factory New),56.7,53.0,1342,51,0.038,0.9347,steamdt-live,59.84,276,57.73,283,,3,9,15,2,10,0,0,0,0.008333333333333304,-0.06280991735537189,0.016949152542372836,-0.05499999999999994,0.07804878048780484,0.0024752475247524774,0.09569377990430616,-0.09569377990430616,-0.32499999999999996,0.39,12,长期阴跌,,39,0,0
348,Glock-18 | Green Line (Factory New),34.5,32.5,1391,42,0.0302,0.942,steamdt-live,33.8,251,34.92,486,,3,9,15,2,10,0,0,0,-0.009784735812133127,-0.04573687182382846,0.04407472270869839,-0.05507408442829198,0.058495821727019504,0.0,0.10794404856162587,-0.10817941952506605,-0.46246819338422396,0.24,10,长期阴跌,,39,0,0
349,MP9 | Sand Scale (Factory New),28.9,27.6,935,25,0.0267,0.955,steamdt-live,30.12,232,27.57,208,,3,9,15,2,10,0,0,0,-0.023865546218487466,-0.050619834710743716,-0.04647435897435892,-0.07327731092436973,0.11634615384615377,0.0,0.1302839116719242,-0.1302839116719242,-0.45503063846610003,0.39,21,长期阴跌,,39,0,0
350,Desert Eagle | Sputnik (Factory New),44.99,42.3,2195,58,0.0264,0.9402,steamdt-live,46.0,512,45.89,564,,3,9,15,2,10,0,0,0,-0.012658227848101333,-0.040598290598290565,0.0050890585241729624,-0.052742616033755296,0.055333473595623905,0.0,0.16542750929368033,-0.1310238049158119,-0.4155167925019526,0.18,14,长期阴跌,,39,0,0
351,AWP | Fever Dream (Factory New),104.0,99.0,1191,31,0.026,0.9519,steamdt-live,109.88,491,109.0,443,,3,9,15,2,8,0,2,0,-0.00558139534883717,-0.027128157156220856,-0.00462962962962965,-0.032558139534883734,0.054545454545454564,0.0,0.06726457399103136,-0.04587155963302747,-0.2490974729241877,0.37,11,可能加速下跌,,39,0,0
352,FAMAS | Decommissioned (Factory New),22.02,20.1,627,16,0.0255,0.9128,steamdt-live,21.9,100,22.31,133,,3,6,12,2,10,1,2,3,-0.004460303300624524,-0.018817204301075363,-0.028175119202427323,-0.023193577163247214,0.046582498911623915,0.0,0.09987669543773114,-0.10172272354388845,-0.4856740253640207,0.37,5,长期阴跌,,39,0,0
353,AK-47 | Safety Net (Factory New),61.8,59.0,1872,39,0.0208,0.9547,steamdt-live,64.8,438,63.24,545,,3,9,15,2,10,0,0,0,-0.016666666666666607,-0.04776579352850552,0.0,-0.06363636363636371,0.09635911682994591,0.0,0.16146540027137046,-0.15307660682472246,-0.4461869343131105,0.38,13,长期阴跌,,39,0,0
354,FAMAS | Survivor Z (Factory New),19.9,18.6,1068,20,0.0187,0.9347,steamdt-live,21.8,264,20.98,387,,3,9,15,2,10,0,0,0,-0.06575576430401375,-0.09049360146252283,-0.013479359730412699,-0.15029888983774564,0.16175231676495372,0.0,0.2538432695913012,-0.25412293853073464,-0.5635964912280702,0.29,10,长期阴跌,,39,0,0
355,M4A1-S | Glitched Paint (Factory New),34.5,32.1,1424,24,0.0169,0.9304,steamdt-live,35.7,806,34.0,673,,3,9,15,2,6,0,4,0,0.02811845647621891,-0.03986034332266508,0.012416717141126465,-0.01286269817529162,0.04013961605584648,0.0,0.04013961605584648,-0.0030211480362538623,-0.12790697674418616,0.39,12,可能加速下跌,,39,0,0
356,Glock-18 | Ifrit Lattice (Factory New),72.7,68.0,55,12,0.2182,0.9354,steamdt-live,72.0,76,72.96,108,,17,9,4,2,0,0,6,0,0.012748669094984733,-0.00401161986443499,-0.0016783216783217147,0.008685906416363132,0.00401161986443499,0.02857142857142847,0.00401161986443499,0.014084507042253502,-0.13978494623655913,0.39,7,回撤不明显,,38,0,0
357,★ Sport Gloves | Pandora's Box (Minimal Wear),32499.0,56690.0,188,26,0.1383,1.7444,steamdt-live,32444.0,204,33200.0,53,"溢价求购:买一高于卖一,多为定向收特定图案,买一价不可作退出价",11,0,7,5,6,0,4,5,-0.0011250988262482275,-0.01232914243964811,-0.0031222528721694953,-0.01344036976220886,0.01652065840128525,0.010401744004982838,0.04153618906942391,-0.042610953729933954,-0.08479548660084624,0.29,4,可能加速下跌,买一异常溢价(不作为可成交退出价),38,0,0
358,USP-S | Serum (Factory New),550.0,501.0,166,18,0.1084,0.9109,steamdt-live,648.98,50,568.99,76,,11,6,7,2,8,0,4,0,0.005423521144525045,-0.014336917562724039,-0.0017985934998830944,-0.008991152993747642,0.016979445933869575,0.0,0.06778080984423462,-0.06778080984423462,-0.30721753369441995,0.39,3,长期阴跌,,38,0,0
359,FAMAS | Commemoration (Factory New),366.5,351.0,329,32,0.0973,0.9577,steamdt-live,377.49,152,366.0,124,,7,9,9,2,4,0,2,5,-0.004005340453938633,-0.018766756032171594,-0.00702638207609696,-0.022696929238985364,0.0295638340182951,0.006517614058246135,0.0295638340182951,0.04571428571428582,-0.19294377067254687,0.38,11,可能加速下跌,,38,0,0
360,Glock-18 | Snack Attack (Factory New),607.58,580.0,376,29,0.0771,0.9546,steamdt-live,658.0,77,612.98,114,,7,9,9,2,10,1,0,0,-0.013343923749007058,-0.021767831267106685,-0.03819709702062646,-0.03482128673550433,0.07239694656488538,0.02114285714285713,0.110424597364568,-0.110424597364568,-0.22650541056651807,0.39,15,可能加速下跌,,38,0,0
361,AWP | Chromatic Aberration (Factory New),422.0,407.0,294,22,0.0748,0.9645,steamdt-live,429.48,185,439.99,173,,7,12,9,2,4,0,4,0,-0.0011717834544175965,-0.009854528390426998,-0.00628784350256173,-0.011014764471525607,0.018604651162790753,0.004761904761904745,0.029885057471264354,-0.0174621653084982,-0.11430130546110895,0.39,10,可能加速下跌,,38,0,0
362,Desert Eagle | Kumicho Dragon (Factory New),399.5,380.0,503,36,0.0716,0.9512,steamdt-live,410.0,127,428.8,141,,7,9,12,2,6,0,2,0,-0.01092233009708743,-0.020858895705521463,0.030000000000000027,-0.03155339805825241,0.045454545454545414,0.0,0.045454545454545414,-0.03966496582266299,-0.22659430122116686,0.39,9,可能加速下跌,,38,0,0
363,FAMAS | Faulty Wiring (Factory New),17.1,16.0,452,13,0.0288,0.9357,steamdt-live,17.16,81,17.66,136,,3,9,9,2,4,0,6,5,0.0,-0.004656577415599439,0.012374779021803173,-0.004656577415599439,0.01041666666666663,0.015439429928741255,0.02840909090909094,-0.02840909090909094,-0.5053514608041654,0.39,4,长期阴跌,,38,0,0
364,FAMAS | Hexane (Factory New),50.76,46.0,330,8,0.0242,0.9062,steamdt-live,53.77,107,50.0,64,,3,6,9,2,10,6,2,0,-0.0449438202247191,-0.019607843137254943,-0.0074349442379182396,-0.06367041198501866,0.07063197026022305,0.0,0.1228070175438597,-0.12126537785588754,-0.5145631067961165,0.39,3,长期阴跌,,38,0,0
365,★ Specialist Gloves | Crimson Kimono (Field-Tested),10494.9,11380.0,902,20,0.0222,1.0843,steamdt-live,10449.0,771,10738.36,183,"溢价求购:买一高于卖一,多为定向收特定图案,买一价不可作退出价",3,0,15,5,4,0,6,5,-0.0009996567909470455,0.011205617615436037,0.014073529411764651,0.010194759052743141,0.0,0.024411764705882355,0.028000000000000025,-0.028000000000000025,-0.0403196179279941,0.39,3,回撤不明显,买一异常溢价(不作为可成交退出价),38,0,0
366,AWP | The End (Factory New),287.49,261.0,61,18,0.2951,0.9079,steamdt-live,287.5,75,297.34,131,,17,6,4,2,6,0,2,0,-3.4424592929127584e-05,-0.010293307628752468,0.0016896551724139286,-0.010327377878756594,0.012061855670103094,0.005209790209790288,0.03361457527984135,-0.03364705882352936,-0.1926025781447468,0.35,6,可能加速下跌,,37,0,0
367,★ Sport Gloves | Ultra Violent (Minimal Wear),11088.0,12870.0,284,59,0.2077,1.1607,steamdt-live,10998.5,299,11446.75,81,"溢价求购:买一高于卖一,多为定向收特定图案,买一价不可作退出价",17,0,9,5,6,0,0,0,0.0,-0.00013636363636360116,-0.013408673034665197,-0.00013636363636360116,0.013543208215615055,0.0,0.04344233779787787,-0.017903384230734898,-0.06622235428959544,0.14,0,价格更新稀疏,买一异常溢价(不作为可成交退出价),37,0,0
368,Galil AR | Aqua Terrace (Factory New),819.5,744.0,30,6,0.2,0.9079,steamdt-live,896.4,29,877.9,31,,17,6,4,2,8,0,0,0,0.0,-0.0006097560975609762,-0.055734684477199425,-0.0006097560975609762,0.05565798571099323,0.0,0.06471125313855286,-0.0597643387372504,-0.11739364566505117,0.22,1,价格更新稀疏,,37,0,0
369,Desert Eagle | Crimson Web (Factory New),894.0,850.0,94,16,0.1702,0.9508,steamdt-live,986.5,57,938.0,60,,14,9,4,2,2,0,6,0,-0.0011148272017836858,-0.0022321428571429047,0.0,-0.0033444816053511683,0.0033444816053511683,0.006756756756756799,0.005561735261401579,-0.005561735261401579,-0.14816579323487378,0.39,5,回撤不明显,,37,0,0
370,★ Moto Gloves | Spearmint (Field-Tested),10554.99,12200.0,412,58,0.1408,1.1559,steamdt-live,10930.0,188,10777.0,110,"溢价求购:买一高于卖一,多为定向收特定图案,买一价不可作退出价",11,0,9,5,10,0,2,0,-0.00847033107154238,-0.03045055803058838,-0.0017728884444040416,-0.03866296279429848,0.04806998556998554,0.005238095238095264,0.0853552859618717,-0.0853552859618717,-0.2181481481481482,0.39,12,可能加速下跌,买一异常溢价(不作为可成交退出价),37,0,0
371,MP9 | Setting Sun (Factory New),247.9,228.0,92,10,0.1087,0.9197,steamdt-live,260.0,23,259.98,69,,11,6,4,2,10,0,4,0,-0.003968253968253954,-0.012350597609561698,-0.011377010592389158,-0.016269841269841212,0.02746174970576698,0.0,0.08185185185185184,-0.07833587388928143,-0.16812080536912755,0.21,4,可能加速下跌,,37,0,0
372,Galil AR | Sugar Rush (Factory New),769.5,726.0,341,33,0.0968,0.9435,steamdt-live,793.9,70,778.48,98,,7,9,9,2,10,0,0,0,-0.0012531328320801727,-0.03450439146800499,-0.015422578655151176,-0.0357142857142857,0.050586057988895705,0.0,0.11500862564692349,-0.11500862564692349,-0.2991803278688525,0.39,13,可能加速下跌,,37,0,0
373,AK-47 | Rat Rod (Factory New),426.0,397.0,452,38,0.0841,0.9319,steamdt-live,425.0,51,430.0,147,,7,9,9,2,10,0,0,0,-0.011376564277588153,-0.021864211737629424,-0.03497793294249396,-0.0329920364050057,0.06681597611048895,0.01192885544893918,0.10612880158162619,-0.10791125291240744,-0.24778761061946908,0.38,11,可能加速下跌,,37,0,0
374,M4A4 | Global Offensive (Factory New),266.0,254.0,328,27,0.0823,0.9549,steamdt-live,279.0,101,274.69,155,,7,9,9,2,10,0,0,0,-0.019505300353356847,-0.04137235116044402,-0.017326990520504237,-0.060070671378091856,0.07635681794506755,0.0,0.11333333333333329,-0.11303767922640873,-0.306930693069307,0.39,11,长期阴跌,,37,0,0
375,M4A1-S | Briefing (Factory New),289.0,275.0,354,29,0.0819,0.9516,steamdt-live,334.0,68,290.0,109,,7,9,9,2,10,0,0,0,-0.005585557784292594,-0.10315292949354526,-0.018030303030302952,-0.10816232062953246,0.12933449823758025,0.03398926654740597,0.21680216802168017,-0.21680216802168017,-0.4224274037212463,0.38,11,长期阴跌,,37,0,0
376,★ Hand Wraps | CAUTION! (Field-Tested),767.4,830.0,592,46,0.0777,1.0816,steamdt-live,776.0,512,762.2,237,"溢价求购:买一高于卖一,多为定向收特定图案,买一价不可作退出价",7,0,12,5,6,0,4,3,-0.00013005592404735644,-0.008584807492195479,0.005098039215686301,-0.00871374691117166,0.022820512820512784,0.004480759093305364,0.04005037783375309,-0.0327288417365702,-0.08389423076923075,0.39,8,可能加速下跌,买一异常溢价(不作为可成交退出价),37,0,0
377,Galil AR | Dusk Ruins (Factory New),200.0,188.0,285,20,0.0702,0.94,steamdt-live,227.67,53,214.05,98,,7,9,9,2,10,0,0,0,-0.019636363636363563,-0.07270029673590506,-0.03508771929824561,-0.09090909090909094,0.12399807279576014,0.0,0.13043478260869568,-0.13043478260869568,-0.4277539341917024,0.39,19,长期阴跌,,37,0,0
378,Glock-18 | Twilight Galaxy (Factory New),2794.5,2620.0,289,20,0.0692,0.9376,steamdt-live,2931.3,77,2902.42,110,,7,9,9,2,10,0,0,0,-0.008831521739130488,-0.04232350925291295,-0.0003395585738540374,-0.05078125,0.05110356536502547,0.0,0.09811198967242218,-0.09811198967242218,-0.20134324092597888,0.39,9,可能加速下跌,,37,0,0
379,Tec-9 | Isaac (Factory New),94.78,86.0,290,20,0.069,0.9074,steamdt-live,96.85,103,95.0,157,,7,6,9,2,6,3,4,0,-0.016309365063083336,-0.011678832116788329,-0.005204081632653068,-0.027797722843368455,0.03285714285714281,0.0,0.04657479126848396,-0.04657479126848396,-0.40194346289752647,0.39,7,长期阴跌,,37,0,0
380,★ Sport Gloves | Amphibious (Field-Tested),1799.4,2760.0,1062,72,0.0678,1.5338,steamdt-live,1833.0,993,1840.0,244,"溢价求购:买一高于卖一,多为定向收特定图案,买一价不可作退出价",7,0,15,5,4,0,6,0,-0.005110362074589592,-0.012021857923497303,-0.0027649769585252892,-0.01707078395128847,0.019788560585524584,0.004444444444444473,0.027956989247311825,-0.02533692722371972,-0.07471852610030705,0.39,14,可能加速下跌,买一异常溢价(不作为可成交退出价),37,0,0
381,Glock-18 | Trace Lock (Factory New),33.4,30.5,310,16,0.0516,0.9132,steamdt-live,31.12,257,31.23,97,,3,6,9,2,8,0,6,3,0.038661468486029804,-0.02658742571160455,0.0,0.011046133853151341,0.02749999999999997,0.011046133853151341,0.07792592592592584,-0.07518573551262997,-0.21215189873417717,0.39,8,可能加速下跌,,37,0,0
382,Glock-18 | AXIA (Factory New),270.0,262.0,701,35,0.0499,0.9704,steamdt-live,269.0,269,281.0,610,,3,12,12,2,8,0,0,0,-0.012391351196034739,-0.019893079245008605,0.008768115942028976,-0.03203792830974794,0.03203792830974794,0.016981132075471805,0.07068965517241377,-0.07068965517241377,-0.2745625841184388,0.39,11,可能加速下跌,,37,0,0
383,M4A1-S | Cyrex (Factory New),1234.0,1200.0,547,27,0.0494,0.9724,steamdt-live,1240.46,241,1245.7,159,,3,12,12,2,2,0,6,0,-0.0028144409937888026,0.0008110300081103361,-0.0016310052482841897,-0.0020056935817805988,0.0036334275333064214,0.004477004477004387,0.008835341365461824,-0.004838709677419395,-0.055766405484818926,0.39,3,回撤不明显,,37,0,0
384,M4A1-S | Icarus Fell (Factory New),2749.3,2660.0,617,27,0.0438,0.9675,steamdt-live,2788.0,404,2810.72,193,,3,12,12,2,6,0,2,0,-0.006031260316862963,-0.018107142857142766,0.006463253420986748,-0.024029194281839694,0.028515901060070625,0.0,0.04084929126880843,-0.04084929126880843,-0.12428730689600254,0.38,3,可能加速下跌,,37,0,0
385,Five-SeveN | Buddy (Factory New),22.18,20.7,413,18,0.0436,0.9333,steamdt-live,21.7,159,22.14,191,,3,9,9,2,8,0,1,5,-0.016014234875444844,-0.018987341772152,0.021353930031803747,-0.034697508896797236,0.037267080745341574,0.08554277138569288,0.05856832971800441,-0.05856832971800441,-0.42562202223398626,0.39,9,长期阴跌,,37,0,0
386,Tec-9 | Re-Entry (Factory New),39.0,38.6,828,29,0.035,0.9897,steamdt-live,41.6,196,40.14,229,,3,12,12,2,8,0,0,0,-0.023500611995104004,-0.02231135622963154,-0.01732018282415204,-0.04528763769889843,0.06474820143884896,0.026315789473684292,0.06474820143884896,0.029567053854276493,-0.28044280442804437,0.27,9,可能加速下跌,,37,0,0
387,★ Broken Fang Gloves | Jade (Minimal Wear),692.83,860.0,79,15,0.1899,1.2413,steamdt-live,715.65,34,728.06,86,"溢价求购:买一高于卖一,多为定向收特定图案,买一价不可作退出价",14,0,4,5,6,3,4,0,-0.013360609480812524,-0.009294610555817706,-0.013912075681691727,-0.022531038374717705,0.03612966054535327,0.005733944954128489,0.044372413793103416,-0.044372413793103416,-0.11628826530612235,0.39,8,可能加速下跌,买一异常溢价(不作为可成交退出价),36,0,0
388,★ Sport Gloves | Arid (Minimal Wear),6800.0,8100.0,187,34,0.1818,1.1912,steamdt-live,7296.5,48,7011.2,42,"溢价求购:买一高于卖一,多为定向收特定图案,买一价不可作退出价",14,0,7,5,6,0,4,0,-0.008635578583765069,-0.012775842044134733,-0.0030133448127421802,-0.021301093839953933,0.02425025111206769,0.0,0.040632054176072185,-0.040632054176072185,-0.20449134825847948,0.39,8,可能加速下跌,买一异常溢价(不作为可成交退出价),36,0,0
389,★ Specialist Gloves | Emerald Web (Minimal Wear),8498.99,12260.0,201,35,0.1741,1.4425,steamdt-live,8800.0,106,8582.5,76,"溢价求购:买一高于卖一,多为定向收特定图案,买一价不可作退出价",14,0,7,5,10,0,0,0,-0.011236580074539648,-0.043714205344585144,-0.0010557901755945398,-0.054459587250375474,0.05556284031559067,0.0,0.10442676501580617,-0.09834606407808189,-0.25444055342875294,0.39,8,可能加速下跌,买一异常溢价(不作为可成交退出价),36,0,0
390,M4A1-S | Master Piece (Factory New),1844.5,1790.0,79,13,0.1646,0.9705,steamdt-live,1880.0,25,1921.97,65,,14,12,4,2,4,0,0,0,-0.0002702702702702675,-0.002703433360367713,-0.015957446808510634,-0.0029729729729729426,0.024074074074074026,0.0,0.028699315429173256,-0.028443508032657383,-0.2726735015772871,0.29,1,价格更新稀疏,,36,0,0
391,★ Sport Gloves | Occult (Field-Tested),3055.0,4150.0,282,44,0.156,1.3584,steamdt-live,3050.0,310,3062.0,92,"溢价求购:买一高于卖一,多为定向收特定图案,买一价不可作退出价",14,0,9,5,4,0,4,0,-0.0017886178861789004,-0.006352826193191108,-0.00646203554119551,-0.008130081300813052,0.014380352237841287,0.0,0.025091897075275704,-0.025091897075275704,-0.08380895163712831,0.14,6,暂未减速,买一异常溢价(不作为可成交退出价),36,0,0
392,★ Moto Gloves | Polygon (Field-Tested),638.5,868.0,310,46,0.1484,1.3594,steamdt-live,648.5,272,639.8,197,"溢价求购:买一高于卖一,多为定向收特定图案,买一价不可作退出价",11,0,9,5,6,3,2,0,-0.022607385079125852,-0.01619121048573635,0.010200974421437303,-0.038432554634513894,0.04132231404958675,0.0,0.04132231404958675,-0.03260045489006824,-0.11388888888888893,0.39,12,可能加速下跌,买一异常溢价(不作为可成交退出价),36,0,0
393,★ Moto Gloves | Turtle (Minimal Wear),727.3,950.0,138,19,0.1377,1.3062,steamdt-live,730.0,126,728.8,81,"溢价求购:买一高于卖一,多为定向收特定图案,买一价不可作退出价",11,0,7,5,4,0,4,5,0.0005559416261291528,0.009584664536741228,-0.000694444444444442,0.01014593467685887,0.004110715264456055,0.03977110157367658,0.020485175202156425,-0.01982467970330415,-0.09514205323572633,0.12,6,回撤不明显,买一异常溢价(不作为可成交退出价),36,0,0
394,★ Sport Gloves | Hedge Maze (Minimal Wear),44997.5,60650.0,212,24,0.1132,1.3479,steamdt-live,45886.5,178,47000.0,47,"溢价求购:买一高于卖一,多为定向收特定图案,买一价不可作退出价",11,0,7,5,4,0,4,5,-0.004308071039212269,-0.006677704194260503,-0.003722682082950124,-0.010957007209425051,0.014628110937140781,0.0,0.021793478260869525,-0.021750945693291057,-0.06341062359503791,0.29,3,可能加速下跌,买一异常溢价(不作为可成交退出价),36,0,0
395,★ Sport Gloves | Ultra Violent (Field-Tested),5670.0,7200.0,557,62,0.1113,1.2698,steamdt-live,5767.0,597,5750.0,179,"溢价求购:买一高于卖一,多为定向收特定图案,买一价不可作退出价",11,0,12,5,4,0,4,0,-0.00017482517482514393,-0.008567931456548328,0.012389380530973382,-0.00874125874125875,0.00874125874125875,0.0,0.015454071887480492,-0.010471204188481686,-0.06280991735537189,0.3,4,回撤不明显,买一异常溢价(不作为可成交退出价),36,0,0
396,MP9 | Stained Glass (Factory New),809.5,760.0,49,5,0.102,0.9389,steamdt-live,839.98,25,845.5,53,,11,9,4,2,6,0,4,0,-0.00012211503236048138,-0.011358085002442508,-0.0013414634146341475,-0.011478813041885472,0.0128048780487805,0.0,0.04540094339622647,-0.04540094339622647,-0.06362058993637942,0.34,2,可能加速下跌,,36,0,0
397,★ Specialist Gloves | Crimson Web (Minimal Wear),1750.0,3530.0,286,29,0.1014,2.0171,steamdt-live,1769.0,221,1793.0,72,"溢价求购:买一高于卖一,多为定向收特定图案,买一价不可作退出价",11,0,9,5,4,0,4,3,-0.00028409090909087276,-0.005399261153736901,-0.004524886877828038,-0.005681818181818232,0.010460842521911262,0.005747126436781658,0.025775204587207057,-0.025775204587207057,-0.08854166666666663,0.39,11,可能加速下跌,买一异常溢价(不作为可成交退出价),36,0,0
398,★ Sport Gloves | Scarlet Shamagh (Field-Tested),1050.0,1480.0,424,43,0.1014,1.4095,steamdt-live,1075.0,328,1088.0,134,"溢价求购:买一高于卖一,多为定向收特定图案,买一价不可作退出价",11,0,9,5,4,0,4,3,0.0,-0.007095553453169368,-0.007045561296383229,-0.007095553453169368,0.01409112259276657,0.0004766444232602307,0.02678993685030473,-0.02678993685030473,-0.11284868977176665,0.39,3,可能加速下跌,买一异常溢价(不作为可成交退出价),36,0,0
399,USP-S | Caiman (Factory New),415.0,398.0,243,24,0.0988,0.959,steamdt-live,455.69,50,423.37,117,,7,9,7,2,8,0,0,3,0.0,-0.042455006922011984,-0.02986076912745672,-0.042455006922011984,0.07115199534456906,0.0,0.07115199534456906,-0.0223792697290931,-0.24544082619683993,0.31,8,可能加速下跌,,36,0,0
400,MP9 | Pandora's Box (Factory New),765.5,716.0,42,4,0.0952,0.9353,steamdt-live,801.0,41,803.99,61,,7,9,4,2,8,0,6,0,-0.0013020833333333703,-0.001955671447196883,-0.0013003901170350884,-0.0032552083333333703,0.004551365409622865,0.0,0.05493827160493825,-0.05493827160493825,-0.1494444444444445,0.39,7,回撤不明显,,36,0,0
401,★ Moto Gloves | Transport (Field-Tested),206.46,258.0,266,22,0.0827,1.2496,steamdt-live,213.48,197,211.01,225,"溢价求购:买一高于卖一,多为定向收特定图案,买一价不可作退出价",7,0,9,5,4,0,6,5,0.0057543520309477625,-0.007356122890523564,-0.007677543186180413,-0.0016441005802707576,0.009736678018130385,0.027828944093194696,0.016857142857142793,-0.016857142857142793,-0.08390646492434661,0.39,5,回撤不明显,买一异常溢价(不作为可成交退出价),36,0,0
402,M4A1-S | Printstream (Factory New),2589.4,3850.0,647,43,0.0665,1.4868,steamdt-live,2590.0,479,2595.15,196,"溢价求购:买一高于卖一,多为定向收特定图案,买一价不可作退出价",7,0,12,2,6,0,4,5,-0.00362666015140356,-0.00788891911463252,-0.0033861032799546997,-0.011486968837445377,0.014834176054542847,0.003643410852713247,0.03614368136981194,-0.033189087066747724,-0.07504911591355601,0.39,5,可能加速下跌,买一异常溢价(不作为可成交退出价),36,0,0
403,USP-S | Black Lotus (Factory New),127.0,121.0,619,36,0.0582,0.9528,steamdt-live,120.0,133,127.54,194,,3,9,12,2,10,0,0,0,-0.06235752628869773,-0.05889734138498948,-0.049020979020978905,-0.1175821751599383,0.16083916083916083,0.0,0.16666666666666663,-0.16666666666666663,-0.48051948051948057,0.39,7,长期阴跌,,36,0,0
404,M4A4 | The Battlestar (Factory New),475.0,445.0,683,39,0.0571,0.9368,steamdt-live,501.79,88,498.89,208,,3,9,12,2,10,0,0,0,-0.010521291195131233,-0.045226130653266305,-0.02161899202179407,-0.0552715845581655,0.07569566063436461,0.0,0.11380597014925375,-0.11380597014925375,-0.2578125,0.36,9,可能加速下跌,,36,0,0
405,Galil AR | Firefight (Factory New),54.6,51.0,659,28,0.0425,0.9341,steamdt-live,57.66,113,54.0,203,,3,9,12,2,10,0,0,0,-0.004145793746761162,-0.06331309627059845,-0.025420875420875344,-0.06719640697875284,0.08937605396290049,0.0,0.16666666666666663,-0.16666666666666663,-0.4034467520989836,0.32,9,长期阴跌,,36,0,0
406,P250 | Cyber Shell (Factory New),20.49,20.1,323,13,0.0402,0.981,steamdt-live,20.0,117,20.44,99,,3,12,9,2,8,0,2,0,0.0,-0.026290165530671872,-0.004844961240310197,-0.026290165530671872,0.03100775193798455,0.0,0.06976744186046513,-0.06542056074766345,-0.4869163673678809,0.37,4,长期阴跌,,36,0,0
407,M4A4 | Desert-Strike (Factory New),413.0,395.0,895,36,0.0402,0.9564,steamdt-live,419.5,136,410.0,218,,3,9,12,2,10,0,0,0,0.009237875288683695,-0.06178489702517165,-0.03240223463687153,-0.053117782909930744,0.08379888268156421,0.009852216748768461,0.11351351351351346,-0.11351351351351346,-0.2591254065775207,0.39,11,可能加速下跌,,36,0,0
408,AWP | Capillary (Factory New),33.7,32.3,806,29,0.036,0.9585,steamdt-live,38.15,171,38.97,226,,3,9,12,2,10,0,0,0,-0.01114206128133699,-0.05070422535211261,-0.002777777777777768,-0.06128133704735361,0.07136952328465129,0.0,0.08918918918918917,-0.08918918918918917,-0.40773286467486813,0.35,4,长期阴跌,,36,0,0
409,AWP | Mortis (Factory New),63.0,58.0,1004,31,0.0309,0.9206,steamdt-live,65.89,339,67.0,427,,3,6,15,2,10,0,0,0,-0.005542590431738548,-0.07597535934291588,0.0008759124087591719,-0.08109684947491247,0.08748551564310558,0.0,0.09090909090909083,-0.09638554216867468,-0.33600337268128155,0.35,11,长期阴跌,,36,0,0
410,M4A1-S | Blood Tiger (Factory New),85.9,80.0,825,23,0.0279,0.9313,steamdt-live,90.62,245,91.68,228,,3,9,12,2,10,0,0,0,-0.007543103448275912,-0.06731813246471219,-0.033333333333333326,-0.07435344827586199,0.10520833333333324,0.0,0.13668341708542708,-0.11351909184726516,-0.41164383561643836,0.39,8,长期阴跌,,36,0,0
411,AWP | Phobos (Factory New),31.9,29.2,1468,32,0.0218,0.9154,steamdt-live,32.5,396,34.0,538,,3,6,15,2,10,0,0,0,-0.005882352941176561,-0.056213017751479244,-0.02298850574712641,-0.061764705882352944,0.08333333333333326,0.0,0.10115525500140898,-0.09887005649717517,-0.29236912156166817,0.35,6,可能加速下跌,,36,0,0
412,M4A4 | Tooth Fairy (Factory New),73.98,68.0,1595,27,0.0169,0.9192,steamdt-live,78.38,469,77.22,591,,3,6,15,2,10,0,0,0,-0.010659297275957158,-0.01729183293429115,-0.002755905511811152,-0.02776681142255555,0.03298429319371743,0.026111111111110974,0.11942789034564971,-0.11942789034564971,-0.28202137998056376,0.39,14,可能加速下跌,,36,0,0
413,AK-47 | Crossfade (Factory New),22.9,20.2,2736,27,0.0099,0.8821,steamdt-live,26.2,1176,25.33,879,,3,6,15,2,10,0,0,0,-0.00891472868217058,-0.10441924129839664,-0.031167855801727318,-0.11240310077519389,0.14006759294029292,0.04138244656662127,0.14135733033370834,-0.07549454985870008,-0.3381502890173411,0.38,8,长期阴跌,,36,0,0
414,★ Driver Gloves | Seigaiha (Minimal Wear),950.72,1240.0,28,18,0.6429,1.3043,steamdt-live,960.0,31,1019.32,25,"溢价求购:买一高于卖一,多为定向收特定图案,买一价不可作退出价",20,0,2,5,2,0,6,0,-0.0031645569620253333,0.006052910052910088,0.0,0.0028691983122364206,0.0,0.006052910052910088,0.0075991649269310235,0.009792883696229548,-0.038705763397371085,0.39,3,回撤不明显,买一异常溢价(不作为可成交退出价),35,0,0
415,★ Driver Gloves | Wave Chaser (Field-Tested),998.0,2030.0,80,43,0.5375,2.0341,steamdt-live,993.0,85,1019.98,50,"溢价求购:买一高于卖一,多为定向收特定图案,买一价不可作退出价",20,0,4,5,0,0,6,0,0.0,-0.001006036217303774,-0.0010050251256281673,-0.001006036217303774,0.0020100502512563345,0.0,0.004990079961522342,-0.0042617197292554865,-0.05111372301694239,0.14,2,回撤不明显,买一异常溢价(不作为可成交退出价),35,0,0
416,★ Driver Gloves | Brocade Crane (Field-Tested),1039.5,1700.0,83,39,0.4699,1.6354,steamdt-live,1029.5,84,1079.99,40,"溢价求购:买一高于卖一,多为定向收特定图案,买一价不可作退出价",20,0,4,5,4,0,2,0,0.0,0.0,0.0,0.0,0.0,0.030015007503751967,0.022781205505458035,-0.022781205505458035,-0.07252252252252256,0.39,3,回撤不明显,买一异常溢价(不作为可成交退出价),35,0,0
417,★ Specialist Gloves | Pillow Punchers (Minimal Wear),8250.0,10590.0,85,36,0.4235,1.2836,steamdt-live,8432.0,107,8319.0,33,"溢价求购:买一高于卖一,多为定向收特定图案,买一价不可作退出价",20,0,4,5,4,0,2,0,-0.005341246290801238,-0.015513126491646823,-0.0017772511848340722,-0.020771513353115778,0.02251184834123221,0.0,0.028611797951254014,-0.028611797951254014,-0.04800369259173787,0.39,8,可能加速下跌,买一异常溢价(不作为可成交退出价),35,0,0
418,★ Specialist Gloves | Sunburst (Minimal Wear),2098.49,2540.0,61,20,0.3279,1.2104,steamdt-live,2144.99,48,2143.0,25,"溢价求购:买一高于卖一,多为定向收特定图案,买一价不可作退出价",20,0,4,5,6,0,0,0,-0.00024291497975714726,-0.0002382098056684656,-0.0214219794356455,-0.0004810669206954943,0.02166473966880511,4.765353970315189e-06,0.041128626913411126,-0.028472354038676095,-0.06733363259392267,0.25,0,价格更新稀疏,买一异常溢价(不作为可成交退出价),35,0,0
419,★ Specialist Gloves | Big Swell (Field-Tested),1135.0,1670.0,113,31,0.2743,1.4714,steamdt-live,1134.0,135,1200.0,101,"溢价求购:买一高于卖一,多为定向收特定图案,买一价不可作退出价",17,0,7,5,2,0,4,0,0.014579606440071613,-0.0002644802962178394,-0.0008936550491510653,0.014311270125223707,0.0052631578947368585,0.015219337511190645,0.0052631578947368585,-0.0030593944508914284,-0.027444253859348233,0.14,5,回撤不明显,买一异常溢价(不作为可成交退出价),35,0,0
420,★ Broken Fang Gloves | Jade (Field-Tested),419.5,511.0,133,31,0.2331,1.2181,steamdt-live,429.0,119,421.5,95,"溢价求购:买一高于卖一,多为定向收特定图案,买一价不可作退出价",17,0,7,5,4,0,2,0,0.006308626515133531,-0.015027001643578286,-0.002756833176248752,-0.00881317486945632,0.018713450292397682,0.0035885167464115852,0.019584930354304975,0.0011933174224343368,-0.012220678612635094,0.39,6,可能加速下跌,买一异常溢价(不作为可成交退出价),35,0,0
421,★ Broken Fang Gloves | Needle Point (Field-Tested),266.0,286.0,91,13,0.1429,1.0752,steamdt-live,273.99,92,277.2,109,"溢价求购:买一高于卖一,多为定向收特定图案,买一价不可作退出价",11,0,4,5,4,0,6,5,0.001879699248120259,-0.0037523452157598447,-0.003334707182734431,-0.001879699248120259,0.005617977528089901,0.00045218177707440077,0.01666666666666672,0.023121387283236983,-0.034545454545454546,0.09,5,回撤不明显,买一异常溢价(不作为可成交退出价),35,0,0
422,Galil AR | CAUTION! (Factory New),372.0,319.0,50,7,0.14,0.8575,steamdt-live,400.0,32,383.61,46,,11,3,4,2,4,0,6,5,0.0,0.0,-0.006675567423230944,0.0,0.006675567423230944,0.0013458950201883368,0.02617801047120416,-0.02617801047120416,-0.2794328439158563,1.39,2,回撤不明显,,35,0,0
423,★ Moto Gloves | Spearmint (Minimal Wear),16796.5,26090.0,198,25,0.1263,1.5533,steamdt-live,16998.5,163,17299.0,59,"溢价求购:买一高于卖一,多为定向收特定图案,买一价不可作退出价",11,0,7,5,8,0,4,0,-0.009269988412514474,-0.017748538011695958,-0.0034642032332563577,-0.02685399768250285,0.030225173210161715,0.0,0.050401402080506585,-0.050401402080506585,-0.16000700140028,0.38,10,可能加速下跌,买一异常溢价(不作为可成交退出价),35,0,0
424,★ Sport Gloves | Superconductor (Field-Tested),10350.0,12300.0,488,52,0.1066,1.1884,steamdt-live,10599.0,292,10624.25,121,"溢价求购:买一高于卖一,多为定向收特定图案,买一价不可作退出价",11,0,9,5,8,0,2,0,-0.01283893395133251,-0.02807775377969768,-0.0010649134179090414,-0.04055619930475085,0.041577923881840895,0.0,0.058650186223550116,-0.058650186223550116,-0.16194331983805665,0.39,13,可能加速下跌,买一异常溢价(不作为可成交退出价),35,0,0
425,FAMAS | Cyanospatter (Factory New),36.5,34.6,270,26,0.0963,0.9479,steamdt-live,41.79,54,38.16,89,,7,9,9,2,8,0,0,0,-0.002605523710265789,-0.04649947753396033,-0.009803921568627305,-0.04898384575299641,0.058307533539731615,0.01671309192200554,0.058307533539731615,0.0524798154555941,-0.43672839506172834,0.39,6,长期阴跌,,35,0,0
426,M4A4 | Dark Blossom (Factory New),285.0,266.0,227,21,0.0925,0.9333,steamdt-live,323.7,87,284.9,139,,7,9,7,2,10,0,0,0,0.0,-0.05033333333333345,-0.016393442622950838,-0.05033333333333345,0.06590163934426241,0.0,0.09555555555555562,-0.09698890649762293,-0.3759036144578314,0.28,1,价格更新稀疏,,35,0,0
427,FAMAS | Djinn (Factory New),201.9,181.0,130,12,0.0923,0.8965,steamdt-live,212.7,45,205.86,107,,7,6,7,2,8,3,2,0,-0.02072489374910469,-0.01545813624615977,-0.016254051768685107,-0.035862661764003545,0.05211267605633796,0.0,0.0779558843677216,-0.0779558843677216,-0.35794695668765497,0.39,5,长期阴跌,,35,0,0
428,Tec-9 | Cracked Opal (Factory New),49.0,47.0,419,34,0.0811,0.9592,steamdt-live,48.0,136,50.61,53,,7,9,9,2,8,0,0,0,-0.00800961153384061,-0.031085991118288248,0.008888888888888946,-0.03884661593912686,0.056974459724950854,0.0,0.05882352941176472,0.07406578652942497,-0.030303030303030276,0.39,14,可能加速下跌,,35,0,0
429,★ Sport Gloves | Slingshot (Field-Tested),2060.5,3760.0,1079,68,0.063,1.8248,steamdt-live,2074.0,888,2072.12,261,"溢价求购:买一高于卖一,多为定向收特定图案,买一价不可作退出价",7,0,15,5,4,0,4,0,-0.0019152501795547394,-0.011513552410649996,0.021771037181996133,-0.013406751256882954,0.01880952380952383,0.008072407045009777,0.026872579578728684,-0.017874165872259318,-0.10409148223835818,0.39,7,可能加速下跌,买一异常溢价(不作为可成交退出价),35,0,0
430,Five-SeveN | Hot Shot (Factory New),219.99,210.0,146,9,0.0616,0.9546,steamdt-live,256.26,72,235.72,83,,7,9,7,2,10,0,0,0,-0.004110221029232974,-0.073531269740998,-0.004467640918580318,-0.07733926099903532,0.08379492732497607,0.0,0.11700248856064854,-0.11820586820586809,-0.39229281767955804,0.32,5,长期阴跌,,35,0,0
431,Glock-18 | Warhawk (Factory New),37.37,35.5,423,26,0.0615,0.95,steamdt-live,41.73,63,39.71,198,,7,9,9,2,8,0,0,0,0.002757583354224158,-0.07499999999999996,0.08396739130434794,-0.07244923539734272,0.07937297835282409,0.005434782608695787,0.07937297835282409,-0.009900990099009799,-0.4032258064516129,0.39,8,长期阴跌,,35,0,0
432,Tec-9 | Avalanche (Factory New),61.89,58.0,454,27,0.0595,0.9371,steamdt-live,63.7,164,63.36,168,,3,9,9,2,6,0,6,0,-0.006031746031746055,-0.01165761737464066,0.0031847133757962887,-0.017619047619047645,0.01886493341788198,0.014590163934426137,0.03281762775433661,-0.03281762775433661,-0.3619587628865979,0.3,9,长期阴跌,,35,0,0
433,Glock-18 | Mirror Mosaic (Factory New),146.09,132.0,381,22,0.0577,0.9036,steamdt-live,150.0,223,147.66,167,,3,6,9,2,6,0,6,3,0.006091718001369095,-0.006122865501054564,0.01107266435986154,-6.844626967827949e-05,0.006190476190476191,0.011003460207612559,0.03564591722225896,-0.03245248029670844,-0.09815420704981792,0.39,5,回撤不明显,,35,0,0
434,Tec-9 | Mummy's Rot (Factory New),56.0,50.0,461,26,0.0564,0.8929,steamdt-live,58.48,82,56.23,111,,3,6,9,2,8,0,2,5,-0.0017543859649122862,-0.01581722319859402,-0.008523221429813876,-0.01754385964912286,0.056285810583080575,0.0,0.056285810583080575,-0.047294998298741064,-0.4536585365853658,0.37,4,长期阴跌,,35,0,0
435,AWP | Safari Mesh (Factory New),37.69,32.6,441,22,0.0499,0.865,steamdt-live,40.05,133,39.14,180,,3,3,9,2,8,6,4,0,-0.020623872131992682,-0.007896814951303122,0.010682647212089558,-0.028357824181490132,0.03334188253398318,0.0,0.06938271604938273,-0.06938271604938273,-0.356825938566553,0.39,4,长期阴跌,,35,0,0
436,★ Specialist Gloves | Field Agent (Field-Tested),724.0,1110.0,720,28,0.0389,1.5331,steamdt-live,720.0,575,741.13,220,"溢价求购:买一高于卖一,多为定向收特定图案,买一价不可作退出价",3,0,12,5,6,0,4,5,-0.0021917808219178436,-0.01221856123009335,-0.0067756945767232235,-0.014383561643835585,0.021075116668254013,0.0006954102920724292,0.03810160427807485,-0.03810160427807485,-0.1028678304239401,0.18,10,可能加速下跌,买一异常溢价(不作为可成交退出价),35,0,0
437,Five-SeveN | Heat Treated (Factory New),99.3,96.0,722,23,0.0319,0.9668,steamdt-live,100.19,360,105.1,228,,3,12,12,2,6,0,0,0,-0.010406629408363788,-0.0331061343719572,-0.00211538461538463,-0.04316824050876855,0.045192307692307754,0.0,0.045192307692307754,-0.03489163183982902,-0.25617977528089886,0.32,9,可能加速下跌,,35,0,0
438,★ Driver Gloves | King Snake (Field-Tested),816.0,1820.0,1625,46,0.0283,2.2304,steamdt-live,810.0,1463,825.66,321,"溢价求购:买一高于卖一,多为定向收特定图案,买一价不可作退出价",3,0,15,5,6,2,4,0,-0.0006097560975609762,-0.011592434411226371,-0.015606242496998823,-0.012195121951219523,0.027611044417767072,0.0,0.0357142857142857,-0.032835820895522394,-0.09999999999999998,0.39,17,可能加速下跌,买一异常溢价(不作为可成交退出价),35,0,0
439,AWP | Queen's Gambit (Factory New),1344.5,2450.0,90,37,0.4111,1.8222,steamdt-live,1314.0,105,1350.0,49,"溢价求购:买一高于卖一,多为定向收特定图案,买一价不可作退出价",20,0,4,2,4,0,4,0,0.00037636432066245895,-0.011286681715575675,-0.008582089552238825,-0.010914565299209644,0.0194029850746269,0.0,0.02448440214405556,-0.01867064973861088,-0.023048327137546454,0.39,3,可能加速下跌,买一异常溢价(不作为可成交退出价),34,0,0
440,★ Sport Gloves | Scarlet Shamagh (Minimal Wear),1930.0,2960.0,181,30,0.1657,1.5337,steamdt-live,1986.0,156,1979.5,75,"溢价求购:买一高于卖一,多为定向收特定图案,买一价不可作退出价",14,0,7,5,4,0,4,0,-0.0010299874966691602,-0.009987329889662333,0.00591752577319582,-0.01100703056142005,0.01100703056142005,0.0,0.01731160896130346,-0.01731160896130346,-0.08007626310772165,0.33,2,可能加速下跌,买一异常溢价(不作为可成交退出价),34,0,0
441,FAMAS | Waters of Nephthys (Factory New),887.0,1120.0,162,23,0.142,1.2627,steamdt-live,890.0,71,907.25,68,"溢价求购:买一高于卖一,多为定向收特定图案,买一价不可作退出价",11,0,7,2,6,4,4,0,-0.005586592178770999,-0.003370786516853963,0.013590033975084959,-0.00893854748603351,0.00893854748603351,0.005099150141643083,0.037960954446854656,-0.037960954446854656,-0.28061638280616386,0.39,8,回撤不明显,买一异常溢价(不作为可成交退出价),34,0,0
442,★ Moto Gloves | 3rd Commando Company (Field-Tested),238.0,270.0,184,24,0.1304,1.1345,steamdt-live,237.12,191,241.3,163,"溢价求购:买一高于卖一,多为定向收特定图案,买一价不可作退出价",11,0,7,5,2,0,4,5,-0.004721232670930164,0.02251067316400035,-0.00423113086588589,0.017683162367483574,0.0079079497907949,0.033654474911722465,0.0079079497907949,0.0264502164502165,-0.04004048582995945,0.39,11,回撤不明显,买一异常溢价(不作为可成交退出价),34,0,0
443,★ Hydra Gloves | Rattler (Minimal Wear),211.48,232.0,126,12,0.0952,1.097,steamdt-live,219.0,63,226.6,70,"溢价求购:买一高于卖一,多为定向收特定图案,买一价不可作退出价",7,0,7,5,6,0,4,5,-0.010061383671020385,-0.014033288265187238,-0.004182369703097821,-0.02395347763880551,0.02843754306978452,0.031609756097561004,0.045237020316027166,-0.045237020316027166,-0.07000879507475821,0.31,8,可能加速下跌,买一异常溢价(不作为可成交退出价),34,0,0
444,★ Hand Wraps | Giraffe (Field-Tested),240.5,261.0,345,29,0.0841,1.0852,steamdt-live,246.6,269,239.63,125,"溢价求购:买一高于卖一,多为定向收特定图案,买一价不可作退出价",7,0,9,5,4,0,4,5,0.0020746887966804906,-0.0041407867494823725,0.008368200836819994,-0.0020746887966804906,0.015474046176518708,0.010504201680672232,0.015474046176518708,0.006276150627614996,-0.05560354983114735,0.11,16,可能加速下跌,买一异常溢价(不作为可成交退出价),34,0,0
445,★ Specialist Gloves | Lt. Commander (Field-Tested),633.0,802.0,526,39,0.0741,1.267,steamdt-live,657.5,472,633.9,196,"溢价求购:买一高于卖一,多为定向收特定图案,买一价不可作退出价",7,0,12,5,6,0,4,0,-0.003875968992248069,-0.013385214007782142,-0.00462962962962965,-0.017209302325581377,0.021759259259259256,0.0,0.041868198307134286,-0.03808801213960544,-0.13519781718963164,0.39,14,可能加速下跌,买一异常溢价(不作为可成交退出价),34,0,0
446,Glock-18 | Red Tire (Factory New),63.2,56.0,294,20,0.068,0.8861,steamdt-live,61.48,84,63.03,122,,7,6,9,2,10,0,0,0,-0.015083884869939945,-0.039224878887326176,-0.002915899324739124,-0.05371710020009235,0.05662114469848101,0.024666666666666615,0.15200000000000002,-0.15200000000000002,-0.5437138192073624,1.39,7,长期阴跌,,34,0,0
447,P250 | See Ya Later (Factory New),707.5,682.0,273,18,0.0659,0.964,steamdt-live,688.0,119,712.15,97,,7,12,9,2,4,0,0,0,0.0,-0.01644031451036454,0.026126245067406018,-0.01644031451036454,0.017142857142857126,0.009256406871158473,0.017142857142857126,0.002112009321972197,-0.11340206185567014,0.39,1,价格更新稀疏,,34,0,0
448,USP-S | Neo-Noir (Factory New),692.38,677.0,483,25,0.0518,0.9778,steamdt-live,708.0,214,689.0,183,,3,12,9,2,2,0,6,0,0.000726216412490821,0.0,-0.0007256894049346707,0.000726216412490821,0.0,0.002327611288914788,0.009345794392523366,-0.009203336209375856,-0.04899930986887513,0.39,2,回撤不明显,,34,0,0
449,AK-47 | Head Shot (Factory New),523.5,511.0,364,17,0.0467,0.9761,steamdt-live,538.99,196,547.5,133,,3,12,9,2,4,0,4,0,-0.0009460737937558861,-0.008522727272727293,-0.002830188679245338,-0.009460737937559083,0.01226415094339628,0.004798464491362786,0.021495327102803774,-0.010396975425330801,-0.12674317742043106,0.39,6,可能加速下跌,,34,0,0
450,M4A1-S | Stratosphere (Factory New),193.0,186.0,407,19,0.0467,0.9637,steamdt-live,198.5,263,199.39,365,,3,12,9,2,8,0,0,0,0.0,-0.02030456852791873,0.0025445292620864812,-0.02030456852791873,0.05155044473929926,0.015789473684210575,0.07536051358213958,-0.06310679611650483,-0.2969034608378871,0.3,11,可能加速下跌,,34,0,0
451,★ Specialist Gloves | Fade (Field-Tested),1062.4,1890.0,1069,40,0.0374,1.779,steamdt-live,1069.5,969,1075.0,483,"溢价求购:买一高于卖一,多为定向收特定图案,买一价不可作退出价",3,0,15,5,0,0,6,5,-0.0005639097744359889,-0.0014105698702275848,0.04467353951890041,-0.0019736842105262387,0.0019736842105262387,0.03197278911564627,0.0019736842105262387,0.030980883309546847,-0.10198731501057079,0.17,2,回撤不明显,买一异常溢价(不作为可成交退出价),34,0,0
452,M4A4 | Turbine (Factory New),68.0,62.0,1146,34,0.0297,0.9118,steamdt-live,67.6,232,67.8,315,,3,6,15,2,8,0,0,0,0.0030004286326619223,-0.0370370370370372,-0.012556433408577927,-0.034147735390770095,0.04627539503386002,0.04160246533127876,0.07397260273972606,-0.07397260273972606,-0.3882352941176471,0.39,13,长期阴跌,,34,0,0
453,AK-47 | Elite Build (Factory New),49.98,48.1,1146,24,0.0209,0.9624,steamdt-live,50.74,746,51.26,413,,3,12,15,2,2,0,0,0,-0.0026036451031444807,0.0036144578313253017,-0.000400400400400458,0.0010014019627477833,0.006361829025844923,0.04125000000000001,0.011471518987341889,0.034782608695652195,-0.17904073587385028,0.39,8,回撤不明显,,34,0,0
454,★ Specialist Gloves | Lime Polycam (Minimal Wear),3448.0,4680.0,33,41,1.2424,1.3573,steamdt-live,3389.5,36,3431.16,31,"溢价求购:买一高于卖一,多为定向收特定图案,买一价不可作退出价",20,0,4,5,4,0,0,0,0.0,-0.0001474926253687281,-0.01881331403762665,-0.0001474926253687281,0.01753623188405795,0.0,0.021789321789321803,-0.015824622531939614,-0.10802631578947364,0.14,0,价格更新稀疏,买一异常溢价(不作为可成交退出价),33,0,0
455,★ Driver Gloves | Seigaiha (Field-Tested),489.5,715.0,57,49,0.8596,1.4607,steamdt-live,489.5,69,505.0,52,"溢价求购:买一高于卖一,多为定向收特定图案,买一价不可作退出价",20,0,4,5,2,0,2,0,0.0,-0.0010204081632653184,0.002044989775051187,-0.0010204081632653184,0.0010204081632653184,0.019791666666666652,0.010111223458038388,0.017671517671517645,-0.05865384615384617,0.39,5,回撤不明显,买一异常溢价(不作为可成交退出价),33,0,0
456,★ Specialist Gloves | Blackbook (Minimal Wear),3167.5,4240.0,46,27,0.587,1.3386,steamdt-live,3190.0,63,3183.0,43,"溢价求购:买一高于卖一,多为定向收特定图案,买一价不可作退出价",20,0,4,5,4,0,0,0,-0.0003154574132492316,-0.00047333543704641823,-0.0015748031496063408,-0.0007886435331230235,0.0023622047244094,0.0,0.02523465148484383,0.007154213036566048,-0.08953722334004022,0.39,0,价格更新稀疏,买一异常溢价(不作为可成交退出价),33,0,0
457,★ Sport Gloves | Bronze Morph (Minimal Wear),768.0,1030.0,198,25,0.1263,1.3411,steamdt-live,789.5,118,771.31,109,"溢价求购:买一高于卖一,多为定向收特定图案,买一价不可作退出价",11,0,7,5,6,0,4,0,-0.0019379844961240345,-0.005825242718446644,-0.006418485237484006,-0.007751937984496138,0.01285347043701801,0.0,0.03747336758992348,-0.027232425585813846,-0.06341463414634141,0.3,10,暂未减速,买一异常溢价(不作为可成交退出价),33,0,0
458,Desert Eagle | Night (Factory New),500.0,471.0,24,3,0.125,0.942,steamdt-live,480.0,29,478.5,53,,8,9,2,2,10,0,2,0,-0.007327051065475265,-0.018924404896151548,-0.00223382003533501,-0.02611279588056903,0.03397734843437705,0.0,0.11722382112021246,-0.11536328341652802,-0.26497695852534564,0.39,12,可能加速下跌,,33,0,0
459,★ Broken Fang Gloves | Yellow-banded (Minimal Wear),410.0,510.0,131,16,0.1221,1.2439,steamdt-live,453.97,64,443.5,58,"溢价求购:买一高于卖一,多为定向收特定图案,买一价不可作退出价",11,0,7,5,8,0,2,0,-0.003541996269097236,-0.02841299556861543,0.0011583924349882757,-0.03185435311341478,0.0341578327444052,0.0,0.052023121387283267,-0.053117782909930744,-0.15113871635610765,0.33,10,可能加速下跌,买一异常溢价(不作为可成交退出价),33,0,0
460,★ Specialist Gloves | Tiger Strike (Minimal Wear),2019.0,3210.0,314,32,0.1019,1.5899,steamdt-live,2000.0,250,2090.0,81,"溢价求购:买一高于卖一,多为定向收特定图案,买一价不可作退出价",11,0,9,5,6,0,2,0,0.0002457606291472736,-0.017199017199017175,-0.005863669679941341,-0.016957483411157548,0.022721720009772794,0.0,0.033816425120772986,-0.024390243902439046,-0.14493373236425822,0.39,4,可能加速下跌,买一异常溢价(不作为可成交退出价),33,0,0
461,Glock-18 | Bunsen Burner (Factory New),29.0,27.7,484,33,0.0682,0.9552,steamdt-live,29.5,189,31.19,157,,7,9,9,2,4,0,2,0,-0.0033783783783783994,-0.016949152542372836,0.0317183687696061,-0.020270270270270285,0.020270270270270285,0.03571428571428581,0.020270270270270285,0.16465863453815266,-0.32699002088651663,0.29,9,长期阴跌,,33,0,0
462,P250 | Undertow (Factory New),250.35,235.0,129,8,0.062,0.9387,steamdt-live,251.61,94,250.0,141,,7,9,7,2,8,0,0,0,0.0,0.0,-0.011857707509881465,0.0,0.011857707509881465,4.000160006389919e-05,0.05303030303030298,-0.05410518350359439,-0.2857142857142857,0.27,0,价格更新稀疏,,33,0,0
463,Glock-18 | Dragon Tattoo (Factory New),498.5,471.0,351,20,0.057,0.9448,steamdt-live,510.0,262,524.19,221,,3,9,9,2,6,0,4,0,-0.012707722385141729,-0.012871287128712883,-0.0009765625,-0.025415444770283457,0.030909797822705976,0.0010040160642570406,0.04472635290510507,-0.04472635290510507,-0.2034196228827101,0.39,12,可能加速下跌,,33,0,0
464,M4A1-S | Moss Quartz (Factory New),424.99,406.0,469,26,0.0554,0.9553,steamdt-live,458.86,133,434.69,210,,3,9,9,2,10,0,0,0,-0.013325942350332576,-0.044944830220903786,-0.0493855784836541,-0.057671840354767134,0.10326419513430252,0.0,0.1228276573787409,-0.1228276573787409,-0.3242327874065829,0.35,10,长期阴跌,,33,0,0
465,USP-S | Lead Conduit (Factory New),67.0,62.0,510,26,0.051,0.9254,steamdt-live,69.97,112,71.07,114,,3,6,12,2,10,0,0,0,-0.014086491055078199,-0.042720388626946604,-0.0325701826110657,-0.05620509930976192,0.08694467157263552,0.0,0.12975711131315748,-0.12975711131315748,-0.4173913043478261,0.17,5,长期阴跌,,33,0,0
466,★ Sport Gloves | Nocts (Field-Tested),3598.0,4300.0,1029,51,0.0496,1.1951,steamdt-live,3670.0,858,3748.38,158,"溢价求购:买一高于卖一,多为定向收特定图案,买一价不可作退出价",3,0,15,5,6,0,4,0,-0.004233378561736778,-0.019594484111843946,-0.004054054054054013,-0.023744911804613245,0.033968850698174013,0.0004171301446052045,0.04423485653560044,-0.040124016777484894,-0.07122941085351375,0.39,7,可能加速下跌,买一异常溢价(不作为可成交退出价),33,0,0
467,Galil AR | Kami (Factory New),27.9,26.5,496,24,0.0484,0.9498,steamdt-live,28.9,197,30.0,99,,3,9,9,2,6,0,4,0,-0.00387460373370907,-0.013437057991513512,-0.010456605088881132,-0.017259598450158564,0.03091351163598477,0.0,0.04123711340206193,-0.04123711340206193,-0.37986219159813295,0.39,5,长期阴跌,,33,0,0
468,Tec-9 | Phoenix Chalk (Factory New),58.8,54.0,513,24,0.0468,0.9184,steamdt-live,59.79,109,59.22,130,,3,6,12,2,10,0,0,0,0.0,-0.04467912266450036,0.013669301712780024,-0.04467912266450036,0.04622871046228716,0.050000000000000044,0.0953846153846154,-0.0953846153846154,-0.5160493827160494,0.39,4,长期阴跌,,33,0,0
469,★ Specialist Gloves | Tiger Strike (Field-Tested),982.5,1470.0,1025,46,0.0449,1.4962,steamdt-live,990.5,863,989.5,315,"溢价求购:买一高于卖一,多为定向收特定图案,买一价不可作退出价",3,0,15,5,4,0,6,0,-0.0015134739814522957,-0.003051881993896277,-0.003552631578947363,-0.004560737031356399,0.0080971659919028,0.003070624360286489,0.019019019019019034,-0.01754385964912286,-0.08411214953271029,0.39,17,回撤不明显,买一异常溢价(不作为可成交退出价),33,0,0
470,Tec-9 | Bamboozle (Factory New),36.0,33.3,681,30,0.0441,0.925,steamdt-live,37.0,210,36.38,187,,3,6,12,2,8,0,2,0,-0.018617021276595813,-0.024390243902438935,0.022572749524068403,-0.042553191489361764,0.052631578947368474,0.0,0.052631578947368474,-0.020674646354733373,-0.39607448414695523,0.3,8,长期阴跌,,33,0,0
471,Galil AR | Chromatic Aberration (Factory New),110.0,99.0,648,28,0.0432,0.9,steamdt-live,118.0,191,112.26,209,,3,6,12,2,10,0,0,0,-0.004396551724137998,-0.04753658325396137,0.0,-0.051724137931034475,0.06382978723404253,0.0,0.09465020576131689,-0.08333333333333337,-0.3510324483775811,0.39,6,长期阴跌,,33,0,0
472,M4A1-S | Party Animal (Factory New),142.39,133.0,379,15,0.0396,0.9341,steamdt-live,140.0,282,154.0,468,,3,9,9,2,8,0,2,0,-0.0034482758620689724,-0.03460207612456745,-0.006849315068493178,-0.037931034482758585,0.05102040816326525,0.0,0.06294082085040642,-0.04123711340206182,-0.22923918448533076,0.14,9,可能加速下跌,,33,0,0
473,MP9 | Rose Iron (Factory New),49.7,44.9,503,19,0.0378,0.9034,steamdt-live,50.06,186,50.05,182,,3,6,12,2,6,0,4,0,0.00200481154771448,-0.0056022408963584125,0.007676767676767726,-0.0036086607858861752,0.0056022408963584125,0.008113590263691739,0.04202004626060141,-0.025107885445272538,-0.32307273222555155,0.3,7,长期阴跌,,33,0,0
474,Five-SeveN | Copper Galaxy (Factory New),97.99,88.0,631,22,0.0349,0.8981,steamdt-live,103.82,122,99.89,166,,3,6,12,2,10,0,0,0,-0.02358490566037741,-0.05323671497584548,-0.034168564920273314,-0.07556603773584913,0.11561371841155232,0.0,0.11561371841155232,-0.10511415525114165,-0.4039537712895378,0.32,11,长期阴跌,,33,0,0
475,Tec-9 | Rust Leaf (Factory New),83.39,79.0,115,4,0.0348,0.9474,steamdt-live,106.66,27,84.2,39,,3,9,7,2,6,0,6,0,0.0,-0.0023926306974518807,-0.0011948858883975566,-0.0023926306974518807,0.003584657665192892,0.0,0.04358297969950675,-0.04358297969950675,-0.2607269503546099,0.39,2,回撤不明显,,33,0,0
476,Glock-18 | Sacrifice (Factory New),40.0,38.3,405,14,0.0346,0.9575,steamdt-live,43.57,137,43.47,140,,3,9,9,2,10,0,0,0,-0.00254158964879847,-0.07343062311790594,-0.024785939612438024,-0.07578558225508325,0.10132554482138845,0.0,0.12242211496270294,-0.12242211496270294,-0.42693409742120336,0.37,5,长期阴跌,,33,0,0
477,Glock-18 | Grinder (Factory New),48.08,44.0,859,25,0.0291,0.9151,steamdt-live,51.54,329,48.95,277,,3,6,12,2,10,0,0,0,-0.043749999999999956,-0.04793028322440085,-0.013084112149532756,-0.08958333333333324,0.10948499444238602,0.0,0.10948499444238602,-0.03859999999999997,-0.42084337349397594,0.39,16,长期阴跌,,33,0,0
478,Five-SeveN | Nightshade (Factory New),88.0,80.0,629,15,0.0238,0.9091,steamdt-live,83.13,66,81.28,47,,3,6,12,2,10,0,0,0,-0.020278982534286727,-0.033740129217516124,0.006607669616519152,-0.05333489626069621,0.08227272727272716,0.0,0.12217391304347824,-0.12217391304347824,-0.4738762214983713,0.13,10,长期阴跌,,33,0,0
479,USP-S | Desert Tactical (Factory New),15.88,12.9,806,17,0.0211,0.8123,steamdt-live,15.37,145,14.84,321,,3,3,12,2,10,0,3,0,-0.03270440251572326,-0.035110533159948054,-0.024539877300613466,-0.06666666666666665,0.0895705521472393,0.06000000000000005,0.18371837183718376,-0.17555555555555558,-0.5696055684454756,0.39,11,长期阴跌,,33,0,0
480,M4A1-S | Welcome to the Jungle (Factory New),9949.3,12470.0,40,14,0.35,1.2534,steamdt-live,10099.5,42,9999.5,34,"溢价求购:买一高于卖一,多为定向收特定图案,买一价不可作退出价",20,0,4,2,6,0,0,0,0.0,-0.005020251012550658,-0.019608804353154596,-0.005020251012550658,0.024482792430630562,0.0,0.03310981535471336,0.015286494208888168,-0.04333653846153851,0.34,1,价格更新稀疏,买一异常溢价(不作为可成交退出价),32,0,0
481,★ Driver Gloves | Overtake (Minimal Wear),536.38,671.0,97,31,0.3196,1.251,steamdt-live,535.0,67,542.54,53,"溢价求购:买一高于卖一,多为定向收特定图案,买一价不可作退出价",20,0,4,5,0,0,3,0,0.06155006151037745,0.0,-0.0027701927262653303,0.06155006151037745,0.0,0.06275203114757355,0.0,0.08190091001011113,-0.03429602888086647,0.31,9,回撤不明显,买一异常溢价(不作为可成交退出价),32,0,0
482,Desert Eagle | Urban DDPAT (Factory New),147.49,108.0,26,7,0.2692,0.7323,steamdt-live,126.5,16,127.38,42,,17,1,2,2,10,0,0,0,-0.003937007874015741,0.0,-0.12110726643598613,-0.003937007874015741,0.12456747404844293,0.0,0.13356164383561642,-0.13356164383561642,-0.0628241220921617,0.39,1,价格更新稀疏,,32,0,0
483,Galil AR | Orange DDPAT (Factory New),559.9,441.0,9,2,0.2222,0.7876,steamdt-live,787.9,10,619.0,9,,8,1,2,2,10,0,6,3,0.0,0.0,0.0,0.0,0.09911504424778761,0.0,0.09911504424778761,0.0,-0.17963369963369968,0.39,2,暂未减速,,32,0,0
484,★ Moto Gloves | Transport (Minimal Wear),336.5,592.0,152,29,0.1908,1.7593,steamdt-live,361.0,110,352.67,61,"溢价求购:买一高于卖一,多为定向收特定图案,买一价不可作退出价",14,0,7,5,2,0,4,0,0.0,-0.007374631268436627,0.011940298507462588,-0.007374631268436627,0.008836524300441795,0.004477611940298498,0.01461243374622978,-0.002962962962962945,-0.06267409470752094,0.39,6,回撤不明显,买一异常溢价(不作为可成交退出价),32,0,0
485,USP-S | Royal Blue (Factory New),565.0,521.0,43,7,0.1628,0.9221,steamdt-live,578.49,35,605.75,39,,14,6,4,2,6,0,0,0,-0.0011965811965812811,-0.033030977237720305,-0.0022172949002216003,-0.03418803418803418,0.03632952413440216,0.0,0.036493860845838944,-0.02164502164502169,-0.12007475471110418,0.17,4,可能加速下跌,,32,0,0
486,M4A4 | Daybreak (Factory New),4178.0,3860.0,168,25,0.1488,0.9239,steamdt-live,4499.5,46,4289.5,61,,11,6,7,2,4,0,2,0,-0.00023877745940781292,-0.0021495103893002243,-0.00011937447773668897,-0.0023877745940783512,0.002506864032469913,0.019024390243902456,0.02111009582718315,-0.02111009582718315,-0.21979167055712623,0.39,3,回撤不明显,,32,0,0
487,AWP | Oni Taiji (Factory New),3198.0,5440.0,372,48,0.129,1.7011,steamdt-live,3379.5,104,3380.0,100,"溢价求购:买一高于卖一,多为定向收特定图案,买一价不可作退出价",11,0,9,2,10,0,0,0,-0.004477611940298498,-0.04107946026986509,-0.013980868285504044,-0.04537313432835821,0.05871964679911701,0.0,0.08602457845098599,-0.08602457845098599,-0.19847615228451843,0.39,5,可能加速下跌,买一异常溢价(不作为可成交退出价),32,0,0
488,MP9 | Hydra (Factory New),265.9,246.0,133,16,0.1203,0.9252,steamdt-live,274.48,71,278.0,89,,11,6,7,2,2,0,4,0,-0.001231343283581987,-0.006612620017185433,0.0018691588785046953,-0.007835820895522483,0.011524163568773282,0.0,0.011524163568773282,-0.00225140712945604,-0.09711375212224116,0.39,2,可能加速下跌,,32,0,0
489,USP-S | Sleeping Potion (Factory New),49.6,46.7,213,22,0.1033,0.9415,steamdt-live,49.99,186,49.58,98,,11,9,7,2,0,0,3,0,0.0,-0.004417670682730912,0.08260869565217388,-0.004417670682730912,0.004417670682730912,0.07782608695652171,0.004417670682730912,0.129384965831435,-0.024015748031496087,0.39,10,回撤不明显,,32,0,0
490,★ Sport Gloves | Slingshot (Minimal Wear),5149.0,7920.0,344,34,0.0988,1.5382,steamdt-live,5200.0,320,5187.0,90,"溢价求购:买一高于卖一,多为定向收特定图案,买一价不可作退出价",7,0,9,5,4,3,4,0,-0.005102040816326481,-0.0035800677310111606,-0.001153846153846172,-0.00866384289564881,0.015110941086457497,0.009607843137254823,0.019238095238095276,-0.01914468044575679,-0.14822167080231596,0.39,8,可能加速下跌,买一异常溢价(不作为可成交退出价),32,0,0
491,★ Moto Gloves | Turtle (Field-Tested),352.99,502.0,347,32,0.0922,1.4221,steamdt-live,359.5,315,360.81,146,"溢价求购:买一高于卖一,多为定向收特定图案,买一价不可作退出价",7,0,9,5,0,0,6,5,0.001390070921985842,0.0,0.0,0.001390070921985842,0.0028531073446327326,0.008542857142857185,0.0028531073446327326,0.008542857142857185,-0.04468200270635991,0.39,7,回撤不明显,买一异常溢价(不作为可成交退出价),32,0,0
492,★ Sport Gloves | Hedge Maze (Field-Tested),23498.0,35860.0,577,52,0.0901,1.5261,steamdt-live,24150.0,388,24187.5,109,"溢价求购:买一高于卖一,多为定向收特定图案,买一价不可作退出价",7,0,12,5,6,0,2,0,-0.004125588566190164,-0.016819672309486333,-0.011084555793637763,-0.020875869827909455,0.03172902587769899,0.0,0.033004115226337394,-0.03617719442165712,-0.15065423263211164,0.19,6,可能加速下跌,买一异常溢价(不作为可成交退出价),32,0,0
493,Glock-18 | Night (Factory New),180.0,170.0,34,3,0.0882,0.9444,steamdt-live,320.0,25,222.16,36,,7,9,4,2,10,0,0,0,-0.009091322332833274,-0.17427404926831513,0.0041079008626592195,-0.18178099004500203,0.1839695348626349,0.0,0.18404351767905713,-0.05258171482709617,-0.3076923076923077,0.39,6,长期阴跌,,32,0,0
494,★ Sport Gloves | Amphibious (Minimal Wear),3799.0,7700.0,528,41,0.0777,2.0268,steamdt-live,3749.5,475,3936.4,123,"溢价求购:买一高于卖一,多为定向收特定图案,买一价不可作退出价",7,0,12,5,8,0,0,0,-0.001281886937572141,-0.03747914260043639,-0.004339502233567272,-0.03871298551467761,0.044348158531922977,0.0,0.05980441323971919,-0.05897854184966744,-0.11734934086629001,0.39,5,可能加速下跌,买一异常溢价(不作为可成交退出价),32,0,0
495,P250 | Apep's Curse (Factory New),657.9,624.0,65,5,0.0769,0.9485,steamdt-live,640.0,43,681.9,60,,7,9,4,2,10,0,0,0,0.0,0.0,0.0,0.0,0.0,0.0,0.08359345914831462,-0.08373777720511388,-0.19500905614811825,0.32,0,价格更新稀疏,,32,0,0
496,P250 | Wingshot (Factory New),38.78,35.7,189,14,0.0741,0.9206,steamdt-live,39.62,119,39.57,131,,7,6,7,2,6,0,4,0,-0.00760649087221088,-0.010475217169136575,-0.0022767518340501836,-0.018002028397565928,0.021969696969697083,0.0,0.04204798417017075,-0.04204798417017075,-0.40018584481957564,0.39,11,长期阴跌,,32,0,0
497,★ Sport Gloves | Big Game (Field-Tested),818.0,951.0,768,47,0.0612,1.1626,steamdt-live,809.5,593,822.57,169,"溢价求购:买一高于卖一,多为定向收特定图案,买一价不可作退出价",7,0,12,5,6,0,2,0,-0.0030084235860409203,-0.022933011466505726,0.001216882131110042,-0.025872442839951826,0.025872442839951826,0.0,0.03516090584028608,-0.024698795180722932,-0.09350503919372899,0.39,18,可能加速下跌,买一异常溢价(不作为可成交退出价),32,0,0
498,Tec-9 | Snek-9 (Factory New),26.15,22.6,390,22,0.0564,0.8642,steamdt-live,26.87,106,27.51,126,,3,3,9,2,8,0,2,5,-0.0037230081906179935,-0.022795216741405167,0.01896813353566018,-0.026433358153387987,0.03040415276232855,0.005769230769230749,0.05527456647398843,-0.05527456647398843,-0.3835454974068836,0.39,4,长期阴跌,,32,0,0
499,★ Hand Wraps | Constrictor (Field-Tested),249.0,291.0,463,25,0.054,1.1687,steamdt-live,251.0,341,250.84,185,"溢价求购:买一高于卖一,多为定向收特定图案,买一价不可作退出价",3,0,9,5,8,1,6,0,-0.0019483876098453923,-0.007968127490039834,-0.01042732352246789,-0.00990099009900991,0.0216110019646365,0.01632653061224487,0.05323193916349811,-0.03675048355899424,-0.11444626218080944,0.35,18,可能加速下跌,买一异常溢价(不作为可成交退出价),32,0,0
500,★ Moto Gloves | POW! (Field-Tested),406.0,665.0,635,32,0.0504,1.6379,steamdt-live,432.5,707,422.5,328,"溢价求购:买一高于卖一,多为定向收特定图案,买一价不可作退出价",3,0,12,5,10,0,2,0,-0.003629807692307696,-0.024101908369321356,-0.023474178403755874,-0.027644230769230727,0.050469483568075124,0.0,0.10314398474568753,-0.07224770642201839,-0.25298712810947577,0.1,18,可能加速下跌,买一异常溢价(不作为可成交退出价),32,0,0
501,MP9 | Hypnotic (Factory New),87.8,77.0,526,24,0.0456,0.877,steamdt-live,91.47,184,93.9,308,,3,3,12,2,6,0,6,0,0.006367978166932131,-0.007909604519774072,0.001252419446658326,-0.0015919945417329773,0.007909604519774072,0.03294117647058825,0.032186948853615505,-0.032186948853615505,-0.2559322033898306,0.3,11,回撤不明显,,32,0,0
502,USP-S | Bleeding Edge (Factory New),31.36,29.5,829,27,0.0326,0.9407,steamdt-live,31.3,453,31.89,364,,3,9,12,2,4,0,2,0,0.029555050341019795,-0.012618296529968376,-0.0064536947402387135,0.016563819421890225,0.018808777429467072,0.043333333333333446,0.018808777429467072,0.01755526657997386,-0.14667393675027263,0.39,15,可能加速下跌,,32,0,0
503,AWP | PAW (Factory New),44.85,41.7,1260,24,0.019,0.9298,steamdt-live,41.9,1038,45.93,334,,3,6,15,2,6,0,0,0,-0.008191126279863514,-0.020417526955723853,0.0025091240875911858,-0.028441410693970437,0.030206677265500748,0.019093078758950055,0.030206677265500748,0.01666666666666683,-0.10855949895615857,0.19,13,可能加速下跌,,32,0,0
504,Desert Eagle | Calligraffiti (Factory New),28.8,26.5,1172,10,0.0085,0.9201,steamdt-live,29.8,107,31.59,253,,3,6,15,2,6,0,0,0,0.0,-0.03355704697986572,0.07814761215629518,-0.03355704697986572,0.03355704697986572,0.045751633986928164,0.04318936877076418,-0.04318936877076418,-0.3450079599727086,1.31,3,长期阴跌,,32,0,0
505,★ Driver Gloves | Dragon Fists (Minimal Wear),1251.0,1790.0,37,28,0.7568,1.4309,steamdt-live,1286.5,36,1293.85,45,"溢价求购:买一高于卖一,多为定向收特定图案,买一价不可作退出价",20,0,4,5,2,0,0,0,0.0004004805766919528,0.0016012810248198228,0.0,0.002002402883460208,0.00039952057530967533,0.04249999999999998,0.014572666404096046,-0.014572666404096046,-0.09870317002881845,0.39,1,价格更新稀疏,买一异常溢价(不作为可成交退出价),31,0,0
506,★ Sport Gloves | Blaze (Minimal Wear),1486.5,1960.0,31,22,0.7097,1.3185,steamdt-live,1492.0,42,1497.1,34,"溢价求购:买一高于卖一,多为定向收特定图案,买一价不可作退出价",20,0,4,5,2,0,0,0,0.0050675675675675436,-0.0006722689075630006,-0.012675116744496284,0.00439189189189193,0.008338892595063374,0.00439189189189193,0.009000000000000008,-0.006350267379679142,-0.06561735883687758,0.14,1,价格更新稀疏,买一异常溢价(不作为可成交退出价),31,0,0
507,★ Driver Gloves | Dragon Fists (Field-Tested),609.5,767.0,91,42,0.4615,1.2584,steamdt-live,598.0,102,619.46,30,"溢价求购:买一高于卖一,多为定向收特定图案,买一价不可作退出价",20,0,4,5,2,0,0,0,0.0,-0.004975207161636019,0.0016333333333333755,-0.004975207161636019,0.004991763590076359,0.0,0.006644628648316386,-0.0025187656380316614,-0.0721644685802948,0.39,1,价格更新稀疏,买一异常溢价(不作为可成交退出价),31,0,0
508,AK-47 | Crane Flight (Factory New),304.2,337.0,221,41,0.1855,1.1078,steamdt-live,305.0,191,305.25,141,"溢价求购:买一高于卖一,多为定向收特定图案,买一价不可作退出价",14,0,7,2,4,0,4,0,-0.004930966469428033,0.0049554013875123815,-0.0026229508196721207,0.0,0.0026229508196721207,0.010631229235880335,0.026560000000000028,-0.0009852216748769127,-0.09962706446457115,0.39,12,回撤不明显,买一异常溢价(不作为可成交退出价),31,0,0
509,P250 | Kintsugi (Factory New),117.3,165.0,121,22,0.1818,1.4066,steamdt-live,120.0,131,122.49,70,"溢价求购:买一高于卖一,多为定向收特定图案,买一价不可作退出价",14,0,7,2,4,0,4,0,-0.007537688442211143,-0.010126582278481067,-0.0050000000000000044,-0.017587939698492483,0.022500000000000075,0.0,0.022500000000000075,-0.022500000000000075,-0.050202429149797556,0.19,9,可能加速下跌,买一异常溢价(不作为可成交退出价),31,0,0
510,AK-47 | X-Ray (Factory New),11639.5,15800.0,158,28,0.1772,1.3574,steamdt-live,12210.41,65,12199.5,58,"溢价求购:买一高于卖一,多为定向收特定图案,买一价不可作退出价",14,0,7,2,8,0,0,0,-0.009333333333333305,-0.020903432032301494,-0.015707665176557417,-0.030041666666666633,0.045277447401878335,0.016594611118389446,0.06854193341869397,-0.06854193341869397,-0.20003436426116838,0.39,6,可能加速下跌,买一异常溢价(不作为可成交退出价),31,0,0
511,★ Sport Gloves | Red Racer (Field-Tested),799.99,1250.0,229,34,0.1485,1.5625,steamdt-live,807.0,211,812.9,90,"溢价求购:买一高于卖一,多为定向收特定图案,买一价不可作退出价",11,0,7,5,4,0,4,0,-9.900009900010165e-05,-0.009913366336633644,0.004449968924798098,-0.010011385011385099,0.010011385011385099,0.0,0.017211302211302182,-0.02440243902439021,-0.09911036036036036,0.14,6,可能加速下跌,买一异常溢价(不作为可成交退出价),31,0,0
512,★ Specialist Gloves | Mogul (Minimal Wear),884.0,1400.0,182,27,0.1484,1.5837,steamdt-live,885.0,176,933.0,73,"溢价求购:买一高于卖一,多为定向收特定图案,买一价不可作退出价",11,0,7,5,4,0,4,0,0.0010224719101123991,-0.007756114534576919,0.0022522522522523403,-0.006741573033707815,0.021040974529346612,0.00454545454545463,0.02589531680440771,-0.013337797868184675,-0.05353319057815842,0.31,14,可能加速下跌,买一异常溢价(不作为可成交退出价),31,0,0
513,★ Hand Wraps | CAUTION! (Minimal Wear),1125.0,1480.0,244,31,0.127,1.3156,steamdt-live,1130.0,164,1124.92,93,"溢价求购:买一高于卖一,多为定向收特定图案,买一价不可作退出价",11,0,7,5,4,0,4,0,0.004446428571428518,-5.333428149834063e-05,-0.0040017785682525675,0.004392857142857309,0.0022882483370287865,0.013441441441441437,0.021808695652173804,-0.01753711790393009,-0.1238940809968847,0.39,7,回撤不明显,买一异常溢价(不作为可成交退出价),31,0,0
514,★ Broken Fang Gloves | Yellow-banded (Field-Tested),273.5,308.0,143,17,0.1189,1.1261,steamdt-live,274.49,133,290.27,97,"溢价求购:买一高于卖一,多为定向收特定图案,买一价不可作退出价",11,0,7,5,2,0,6,0,-3.6630036630014295e-05,0.003699769222315741,0.001577576402391978,0.00366300366300365,0.0,0.014814814814814836,0.012612612612612595,0.04380952380952374,-0.021428571428571463,0.39,8,回撤不明显,买一异常溢价(不作为可成交退出价),31,0,0
515,AK-47 | Black Laminate (Factory New),1365.5,1030.0,17,2,0.1176,0.7543,steamdt-live,1399.0,19,1352.73,24,,8,1,2,2,2,10,6,0,-0.007250360289420166,0.01223454406680724,0.0021514982319004172,0.004895478924926033,0.0,0.012742286873647757,0.009714494875548985,-0.009714494875548985,-0.3555359695092901,0.37,12,长期阴跌,,31,0,0
516,★ Driver Gloves | Overtake (Field-Tested),259.5,354.0,229,25,0.1092,1.3642,steamdt-live,266.0,206,270.75,182,"溢价求购:买一高于卖一,多为定向收特定图案,买一价不可作退出价",11,0,7,5,2,0,6,0,0.001996314496314433,-0.005747126436781658,0.019491193737769086,-0.003762285012285038,0.005747126436781658,0.01764705882352935,0.007572280862781167,0.015655577299412915,-0.07321428571428568,0.39,5,回撤不明显,买一异常溢价(不作为可成交退出价),31,0,0
517,★ Specialist Gloves | Mogul (Field-Tested),590.0,662.0,332,28,0.0843,1.122,steamdt-live,615.0,277,603.5,213,"溢价求购:买一高于卖一,多为定向收特定图案,买一价不可作退出价",7,0,9,5,8,0,2,0,-0.013168724279835398,-0.016680567139282787,-0.004098360655737654,-0.029629629629629672,0.03676470588235292,0.0,0.07018927444794953,-0.07018927444794953,-0.16371116470421332,0.39,11,可能加速下跌,买一异常溢价(不作为可成交退出价),31,0,0
518,P250 | Cartel (Factory New),191.13,169.0,72,6,0.0833,0.8842,steamdt-live,191.6,49,201.99,69,,7,6,4,2,8,0,4,0,0.0,-0.0075808712809596335,0.002602946535478212,-0.0075808712809596335,0.0075808712809596335,0.0,0.058008871365204606,-0.058008871365204606,-0.2588987979837146,0.39,5,回撤不明显,,31,0,0
519,USP-S | Para Green (Factory New),221.99,208.0,172,13,0.0756,0.937,steamdt-live,231.82,72,229.27,87,,7,9,7,2,4,0,2,0,0.0034921757581114488,-0.022113563279150594,0.0034153914393435514,-0.018698611970648038,0.022113563279150594,0.0,0.022113563279150594,0.02064367816091961,-0.3565507246376811,0.22,4,长期阴跌,,31,0,0
520,P250 | Crimson Kimono (Factory New),128.48,121.0,152,9,0.0592,0.9418,steamdt-live,140.75,61,133.26,98,,3,9,7,2,10,0,0,0,-0.01107174490699736,-0.04105090311986859,-0.015764620414093877,-0.05166814289932098,0.06661823465310579,0.0,0.093615520282187,-0.093615520282187,-0.38378896882494007,0.39,7,长期阴跌,,31,0,0
521,Tec-9 | Ossified (Factory New),59.99,54.0,509,23,0.0452,0.9002,steamdt-live,62.48,73,62.0,185,,3,6,12,2,8,0,0,0,0.0,-0.03241935483870961,-0.012424338961452674,-0.03241935483870961,0.044440904746734566,0.0,0.06513947327411562,-0.06513947327411562,-0.5000416701391782,0.31,4,长期阴跌,,31,0,0
522,Tec-9 | Blue Titanium (Factory New),177.5,162.0,527,23,0.0436,0.9127,steamdt-live,180.0,45,179.97,139,,3,6,12,2,8,0,0,0,-0.01098901098901095,-0.013944444444444426,-0.010869565217391353,-0.024780219780219714,0.03538043478260866,0.01422857142857148,0.054445687496670336,-0.04080198875918706,-0.31471042471042465,0.39,8,长期阴跌,,31,0,0
523,★ Sport Gloves | Vice (Minimal Wear),7959.5,15520.0,1007,40,0.0397,1.9499,steamdt-live,8175.0,981,7980.0,222,"溢价求购:买一高于卖一,多为定向收特定图案,买一价不可作退出价",3,0,15,5,4,0,4,0,-0.005593536357986317,-0.006312500000000054,-0.005562422744128548,-0.01187072715972659,0.017367119901112504,0.0,0.021479566715903453,-0.021419338954884015,-0.10114201718679328,0.08,6,可能加速下跌,买一异常溢价(不作为可成交退出价),31,0,0
524,AWP | Medusa (Factory New),29500.0,26790.0,10,10,1.0,0.9081,steamdt-live,31000.0,22,31283.82,12,,20,6,2,2,0,0,0,0,0.0,0.0,0.0,0.0,0.0,0.0,0.0,0.0,-0.01666666666666672,1.15,0,价格更新稀疏,,30,0,0
525,Glock-18 | Fully Tuned (Factory New),1050.0,2220.0,56,39,0.6964,2.1143,steamdt-live,1041.48,54,1071.89,28,"溢价求购:买一高于卖一,多为定向收特定图案,买一价不可作退出价",20,0,4,2,4,0,0,0,0.00528957528957541,0.0,-0.00574861562970852,0.00528957528957541,0.0004894480753173669,0.005774987928536923,0.016543909348441854,-0.016543909348441854,-0.0008634087376965249,0.14,1,价格更新稀疏,买一异常溢价(不作为可成交退出价),30,0,0
526,M4A1-S | Imminent Danger (Factory New),8218.0,10060.0,33,13,0.3939,1.2241,steamdt-live,8487.5,31,8372.23,20,"溢价求购:买一高于卖一,多为定向收特定图案,买一价不可作退出价",20,0,4,2,4,0,0,0,-0.002427773731488281,0.0,-0.0023614895549500803,-0.002427773731488281,0.004783530124129576,0.0,0.023700623700623646,-0.02375861249703015,-0.13216114895189823,0.11,1,价格更新稀疏,买一异常溢价(不作为可成交退出价),30,0,0
527,MP9 | Wild Lily (Factory New),15295.5,16190.0,29,10,0.3448,1.0585,steamdt-live,15600.0,25,16001.76,25,"溢价求购:买一高于卖一,多为定向收特定图案,买一价不可作退出价",20,0,2,2,6,0,0,0,0.03347972972972979,0.0,-0.03179379824676176,0.03347972972972979,0.0,0.055243412102028655,0.04399480230183772,-0.04399480230183772,-0.07280332191677019,0.39,1,价格更新稀疏,买一异常溢价(不作为可成交退出价),30,0,0
528,★ Broken Fang Gloves | Needle Point (Minimal Wear),359.5,420.0,105,16,0.1524,1.1683,steamdt-live,355.0,54,363.7,56,"溢价求购:买一高于卖一,多为定向收特定图案,买一价不可作退出价",14,0,7,5,2,0,2,0,0.0,0.0,0.00028176951253877647,0.0,0.0,0.02898550724637672,0.01388888888888884,-0.013614893025840402,-0.08740359897172234,0.39,2,回撤不明显,买一异常溢价(不作为可成交退出价),30,0,0
529,AWP | Desert Hydra (Factory New),8550.0,11660.0,285,34,0.1193,1.3637,steamdt-live,8700.0,222,8886.0,84,"溢价求购:买一高于卖一,多为定向收特定图案,买一价不可作退出价",11,0,9,2,6,0,2,0,-0.0029626253418414406,-0.02285714285714291,-0.0003417245699965932,-0.025752051048313573,0.026140440799589992,0.00588235294117645,0.03477082862948744,-0.03477082862948744,-0.1328600405679513,0.39,8,可能加速下跌,买一异常溢价(不作为可成交退出价),30,0,0
530,MP9 | Starlight Protector (Factory New),577.0,962.0,220,26,0.1182,1.6672,steamdt-live,578.5,179,599.2,71,"溢价求购:买一高于卖一,多为定向收特定图案,买一价不可作退出价",11,0,7,2,6,0,4,0,0.000873302625044925,-0.01283147989734812,-0.010186440677966035,-0.01196938303738082,0.02286198137171891,0.0,0.0415282392026578,-0.0415282392026578,-0.06634304207119746,0.39,9,可能加速下跌,买一异常溢价(不作为可成交退出价),30,0,0
531,USP-S | Kill Confirmed (Factory New),1444.0,1570.0,269,31,0.1152,1.0873,steamdt-live,1454.49,122,1467.29,82,"溢价求购:买一高于卖一,多为定向收特定图案,买一价不可作退出价",11,0,9,2,8,0,0,0,-0.00033783783783780663,-0.023994592767827005,-0.009370816599732268,-0.024324324324324298,0.036684701032028255,0.006271777003484358,0.06476683937823835,-0.052431261893825076,-0.1497880357983985,0.39,8,可能加速下跌,买一异常溢价(不作为可成交退出价),30,0,0
532,AK-47 | Gold Arabesque (Factory New),11699.0,13600.0,227,26,0.1145,1.1625,steamdt-live,11899.5,173,11812.0,71,"溢价求购:买一高于卖一,多为定向收特定图案,买一价不可作退出价",11,0,7,2,8,0,2,0,-0.0009322823968133109,-0.0075500508992195625,-0.004303797468354409,-0.008475294516484433,0.015142841749390401,0.008534482758620676,0.05194489465153973,-0.05194489465153973,-0.14094797518082025,0.28,8,可能加速下跌,买一异常溢价(不作为可成交退出价),30,0,0
533,Glock-18 | Fade (Factory New),8800.0,10180.0,140,16,0.1143,1.1568,steamdt-live,9050.0,140,9000.0,87,"溢价求购:买一高于卖一,多为定向收特定图案,买一价不可作退出价",11,0,7,2,8,0,2,0,-0.0025490413388008504,-0.022222222222222254,0.011535745114965135,-0.02471461819793863,0.02751685269090509,0.0,0.05376242340045523,-0.02757058401016632,-0.15383801767324679,0.39,6,可能加速下跌,买一异常溢价(不作为可成交退出价),30,0,0
534,AK-47 | Fuel Injector (Factory New),2193.0,2980.0,448,36,0.0804,1.3589,steamdt-live,2199.0,203,2211.06,138,"溢价求购:买一高于卖一,多为定向收特定图案,买一价不可作退出价",7,0,9,2,6,0,6,0,-0.004570135746606252,-0.003136506204827527,-0.0033821871476887866,-0.007692307692307665,0.01104847801578357,0.0,0.045687753210414184,-0.045687753210414184,-0.1323442136498516,0.39,4,暂未减速,买一异常溢价(不作为可成交退出价),30,0,0
535,Five-SeveN | Berries And Cherries (Factory New),529.0,489.0,274,15,0.0547,0.9244,steamdt-live,546.43,126,532.23,157,,3,6,9,2,8,0,2,0,-0.010100824931255747,-0.020352228744976775,-0.008181818181818179,-0.030247479376718567,0.04177082201210003,0.007619047619047636,0.06619593998234774,-0.06457773376715237,-0.25375239814919304,0.39,7,可能加速下跌,,30,0,0
536,M4A1-S | Fade (Factory New),1098.0,1520.0,1796,88,0.049,1.3843,steamdt-live,1124.49,1468,1135.0,980,"溢价求购:买一高于卖一,多为定向收特定图案,买一价不可作退出价",3,0,15,2,6,0,4,0,0.007174887892376747,-0.022707034728406073,-0.011086474501108667,-0.015695067264574036,0.02703900709219853,0.0,0.04772234273318876,-0.04565217391304344,-0.1622137404580153,0.13,16,可能加速下跌,买一异常溢价(不作为可成交退出价),30,0,0
537,AWP | Graphite (Factory New),798.5,931.0,589,27,0.0458,1.1659,steamdt-live,823.5,425,808.9,358,"溢价求购:买一高于卖一,多为定向收特定图案,买一价不可作退出价",3,0,12,2,6,0,4,3,-0.00800985828712264,-0.008074534161490732,0.020883129953453317,-0.01601971657424528,0.0256253813300793,0.010759493670886133,0.04141656662665061,-0.04141656662665061,-0.13441734417344176,0.39,7,可能加速下跌,买一异常溢价(不作为可成交退出价),30,0,0
538,USP-S | Blood Tiger (Factory New),79.8,73.0,468,21,0.0449,0.9148,steamdt-live,73.86,102,76.47,123,,3,6,9,2,10,0,0,0,-0.001194600406164037,-0.11661284535342664,-0.036487108655616995,-0.11766814000716752,0.16805586843883757,0.0,0.17566964285714282,-0.1747486033519553,-0.4378995433789955,0.39,9,长期阴跌,,30,0,0
539,FAMAS | Neural Net (Factory New),35.97,32.7,483,21,0.0435,0.9091,steamdt-live,34.4,147,35.61,269,,3,6,9,2,10,0,0,0,-0.0019353055017971021,-0.04709141274238238,-0.006318681318681185,-0.04893558197401171,0.060109289617486406,0.042424242424242475,0.0897062715003969,-0.0897062715003969,-0.4647580519682589,0.31,8,长期阴跌,,30,0,0
540,★ Hand Wraps | Overprint (Field-Tested),622.44,660.0,815,27,0.0331,1.0603,steamdt-live,635.8,783,624.2,267,"溢价求购:买一高于卖一,多为定向收特定图案,买一价不可作退出价",3,0,12,5,6,0,4,0,-0.007146245059288514,-0.008821937004363178,-0.00628436763550666,-0.01590513833992091,0.026677091477716908,0.002351122419401719,0.03988894030541401,-0.03944444444444439,-0.10836711598790982,0.39,14,可能加速下跌,买一异常溢价(不作为可成交退出价),30,0,0
541,★ Driver Gloves | Wave Chaser (Minimal Wear),3099.5,4230.0,37,31,0.8378,1.3647,steamdt-live,3040.0,48,3323.23,20,"溢价求购:买一高于卖一,多为定向收特定图案,买一价不可作退出价",20,0,4,5,0,0,0,0,0.013500000000000068,-0.00016444663706627338,-0.013320177602368033,0.01333333333333342,0.00016444663706627338,0.01333333333333342,0.00016444663706627338,0.0033003300330032292,-0.019196644620100067,0.34,1,价格更新稀疏,买一异常溢价(不作为可成交退出价),29,0,0
542,FAMAS | Sundown (Factory New),670.0,535.0,14,5,0.3571,0.7985,steamdt-live,680.0,13,710.73,19,,20,1,2,2,4,0,0,0,0.0,0.0,0.0,0.0,0.0,0.0,0.01613826928442419,-0.01613826928442419,-0.11842105263157898,1.13,0,价格更新稀疏,,29,0,0
543,★ Driver Gloves | Rezan the Red (Minimal Wear),774.5,890.0,141,19,0.1348,1.1491,steamdt-live,805.08,81,822.14,73,"溢价求购:买一高于卖一,多为定向收特定图案,买一价不可作退出价",11,0,7,5,2,0,4,0,0.0,-0.007051282051282026,0.026315789473684292,-0.007051282051282026,0.007051282051282026,0.019078947368420973,0.01211734693877553,-0.01211734693877553,-0.10358796296296291,0.39,7,回撤不明显,买一异常溢价(不作为可成交退出价),29,0,0
544,★ Specialist Gloves | Lt. Commander (Minimal Wear),1040.0,1640.0,215,27,0.1256,1.5769,steamdt-live,1077.91,197,1072.0,99,"溢价求购:买一高于卖一,多为定向收特定图案,买一价不可作退出价",11,0,7,5,6,0,0,0,-0.005596130133737942,-0.008012209080503707,0.004190875321459009,-0.013563501849568338,0.014218009478673022,0.028684470820969254,0.03075489282385835,-0.022556390977443663,-0.14191419141914197,0.39,7,可能加速下跌,买一异常溢价(不作为可成交退出价),29,0,0
545,AWP | Dragon Lore (Factory New),74000.0,78100.0,124,15,0.121,1.0554,steamdt-live,73998.0,156,77472.6,42,"溢价求购:买一高于卖一,多为定向收特定图案,买一价不可作退出价",11,0,7,5,0,0,6,0,-6.756893720871737e-06,0.0,-6.7568480655033625e-06,-6.756893720871737e-06,1.3513696131006725e-05,0.004196160637187862,2.7027027027060058e-05,-2.7027027027060058e-05,-0.010708699314161962,0.39,2,回撤不明显,买一异常溢价(不作为可成交退出价),29,0,0
546,★ Hydra Gloves | Mangrove (Minimal Wear),208.0,270.0,136,15,0.1103,1.2981,steamdt-live,210.0,54,219.94,73,"溢价求购:买一高于卖一,多为定向收特定图案,买一价不可作退出价",11,0,7,5,4,0,2,0,-0.0010747663551401443,-0.026991626514478173,0.0,-0.028037383177570097,0.029352746278407782,0.0,0.029352746278407782,-0.027082651199775487,-0.032558139534883734,0.33,4,可能加速下跌,买一异常溢价(不作为可成交退出价),29,0,0
547,★ Sport Gloves | Pandora's Box (Field-Tested),20499.0,26290.0,460,45,0.0978,1.2825,steamdt-live,21049.5,379,21166.0,94,"溢价求购:买一高于卖一,多为定向收特定图案,买一价不可作退出价",7,0,9,5,8,0,0,0,0.0041509433962263476,-0.037063134160090216,-0.018377637531312385,-0.03306603773584904,0.05083599961105534,0.0,0.06328824712118442,-0.06328824712118442,-0.10178774866357021,0.39,9,可能加速下跌,买一异常溢价(不作为可成交退出价),29,0,0
548,Five-SeveN | Candy Apple (Factory New),487.5,411.0,34,3,0.0882,0.8431,steamdt-live,487.5,39,499.0,50,,7,3,4,2,4,0,6,3,-0.0010204081632653184,-0.0040858018386108474,-0.007092198581560294,-0.005102040816326481,0.012158054711246202,0.0,0.025000000000000022,-0.023848140806151275,-0.13563829787234039,0.39,4,暂未减速,,29,0,0
549,★ Sport Gloves | Nocts (Minimal Wear),5235.5,6580.0,410,28,0.0683,1.2568,steamdt-live,5329.5,340,5639.8,76,"溢价求购:买一高于卖一,多为定向收特定图案,买一价不可作退出价",7,0,9,5,6,0,2,0,-0.008527994067482392,-0.021035901271503343,-0.0008335648791331085,-0.029384501297738175,0.030193572288598647,0.006826923076923119,0.03935603551566147,-0.03935603551566147,-0.09732758620689652,0.39,12,可能加速下跌,买一异常溢价(不作为可成交退出价),29,0,0
550,MP9 | Dart (Factory New),19.29,17.6,98,6,0.0612,0.9124,steamdt-live,19.88,103,19.79,126,,7,6,4,2,8,0,2,0,-0.002019182231196348,-0.02427921092564489,-0.004522613065326642,-0.026249369005552747,0.030653266331658213,0.0,0.07659167065581629,-0.07659167065581629,-0.4842245989304813,0.39,3,长期阴跌,,29,0,0
551,MP9 | Food Chain (Factory New),97.0,93.0,229,10,0.0437,0.9588,steamdt-live,97.4,137,98.69,107,,3,9,7,2,2,0,6,0,-0.0038942406230784155,-0.002057613168724326,-0.0031668198998876518,-0.005943840951014523,0.009193054136874435,0.0,0.014427961796382838,-0.014427961796382838,-0.11818181818181817,0.39,4,回撤不明显,,29,0,0
552,MP9 | Ruby Poison Dart (Factory New),31.93,28.5,537,18,0.0335,0.8926,steamdt-live,29.7,239,29.38,271,,3,6,12,2,4,0,2,0,-0.005018400802944245,-0.012104909213180859,0.00673627484001349,-0.017062562730010056,0.020666666666666722,0.0,0.020666666666666722,0.04555160142348735,-0.2206896551724139,0.39,9,可能加速下跌,,29,0,0
553,Five-SeveN | Kami (Factory New),27.17,26.1,747,21,0.0281,0.9606,steamdt-live,28.0,405,26.45,198,,3,12,12,2,0,0,0,0,0.0,0.0,0.022024729520865538,0.0,0.0,0.05800000000000005,0.0,0.024796590468810553,-0.3285097740543286,0.32,1,价格更新稀疏,,29,0,0
554,P250 | Gunsmoke (Factory New),133.5,35.0,4,2,0.5,0.2622,steamdt-live,130.0,9,146.48,8,,8,1,2,2,0,10,0,5,0.5294117647058822,0.0,-0.05555555555555558,0.5294117647058822,0.0,0.5294117647058822,0.0,0.4444444444444444,-0.02621722846441943,0.39,3,反弹较远,,28,0,0
555,AK-47 | Wild Lotus (Factory New),93999.0,106560.0,110,22,0.2,1.1336,steamdt-live,95997.0,100,94729.23,39,"溢价求购:买一高于卖一,多为定向收特定图案,买一价不可作退出价",17,0,7,2,2,0,0,0,0.0,0.0,-0.008355223597176997,0.0,0.008355223597176997,0.0,0.008438907583413369,-1.0638297872289648e-05,-0.030938144329896944,0.39,0,价格更新稀疏,买一异常溢价(不作为可成交退出价),28,0,0
556,AWP | Corticera (Factory New),858.5,762.0,168,16,0.0952,0.8876,steamdt-live,839.5,52,835.72,59,,7,6,7,2,6,0,0,0,-0.011560693641618491,-0.022549707602339097,0.014436665142079752,-0.033849710982658876,0.048566679569206905,0.01917073170731709,0.048566679569206905,-0.03718894009216589,-0.11092671198629767,0.39,6,可能加速下跌,,28,0,0
557,★ Driver Gloves | Imperial Plaid (Field-Tested),877.0,1270.0,424,37,0.0873,1.4481,steamdt-live,877.0,346,909.5,160,"溢价求购:买一高于卖一,多为定向收特定图案,买一价不可作退出价",7,0,9,5,0,0,4,3,0.0,0.002858776443682043,0.0,0.002858776443682043,0.0,0.008045977011494232,0.002842524161455362,-0.002842524161455362,-0.09307135470527406,0.39,4,回撤不明显,买一异常溢价(不作为可成交退出价),28,0,0
558,Tec-9 | Blast From the Past (Factory New),39.97,32.3,73,6,0.0822,0.8081,steamdt-live,50.0,34,42.39,50,,7,3,4,2,10,0,2,0,-0.014258095698405082,-0.020102966413336643,0.037092731829573955,-0.03407443209279859,0.051720047449584805,0.0017543859649122862,0.1011918147065437,-0.1011918147065437,-0.4180256260920211,0.12,7,长期阴跌,,28,0,0
559,Glock-18 | Wraiths (Factory New),32.89,30.5,401,26,0.0648,0.9273,steamdt-live,32.8,155,33.39,159,,7,6,9,2,4,0,0,0,0.027292241643667614,-0.020895522388059806,0.019062499999999982,0.0058264336093223346,0.02147971360381884,0.09333333333333327,0.02147971360381884,-0.02147971360381884,-0.42456140350877203,0.29,6,长期阴跌,,28,0,0
560,★ Specialist Gloves | Fade (Minimal Wear),2899.0,5110.0,622,36,0.0579,1.7627,steamdt-live,2969.0,625,2932.87,166,"溢价求购:买一高于卖一,多为定向收特定图案,买一价不可作退出价",3,0,12,5,2,0,6,0,-0.0001717032967033516,-0.004293319594710576,-0.002568933036478871,-0.004464285714285698,0.007021750299708862,0.0,0.012097461237008056,-0.012097461237008056,-0.09392092514455386,0.21,5,回撤不明显,买一异常溢价(不作为可成交退出价),28,0,0
561,Tec-9 | Jambiya (Factory New),36.0,28.4,259,14,0.0541,0.7889,steamdt-live,33.88,104,35.57,81,,3,1,9,2,6,0,4,3,-0.006111757857974465,-0.007906295754026238,0.029050613956274285,-0.013969732246798539,0.02671646078713008,0.014675052410901612,0.04293785310734455,-0.04293785310734455,-0.49432835820895515,0.39,6,长期阴跌,,28,0,0
562,★ Driver Gloves | King Snake (Minimal Wear),2849.5,7820.0,889,34,0.0382,2.7443,steamdt-live,2865.0,914,2830.0,176,"溢价求购:买一高于卖一,多为定向收特定图案,买一价不可作退出价",3,0,12,5,4,0,4,0,7.002801120536972e-06,-0.009110580458120077,0.002105263157894832,-0.0091036414565826,0.009284023917213946,0.0,0.02059179788890808,-0.007017543859649145,-0.0712175910731867,0.22,5,回撤不明显,买一异常溢价(不作为可成交退出价),28,0,0
563,P250 | Vino Primo (Factory New),99.9,79.0,393,10,0.0254,0.7908,steamdt-live,105.0,116,107.99,93,,3,1,9,2,10,0,0,3,-0.004771447657219152,-0.04209416051395154,-0.042138939670932296,-0.04666475808760373,0.09132253956703651,0.0,0.13122880250456548,-0.12360733397666457,-0.23153846153846147,0.39,5,可能加速下跌,,28,0,0
564,Tec-9 | Nuclear Threat (Factory New),0.0,500.0,0,1,,,steamdt-live,0.0,0,6161.36,1,缺卖一价,0,0,0,2,10,10,6,0,-0.3685422971159916,-0.0014440210882182836,0.0,-0.36945413535527405,0.36945413535527405,0.0,0.36945413535527405,-0.36945413535527405,-0.27690187987484727,0.39,2,悠悠盘口不足,,28,0,0
565,★ Driver Gloves | Plum Quill (Minimal Wear),1050.0,1230.0,15,13,0.8667,1.1714,steamdt-live,1037.5,17,1123.36,27,"溢价求购:买一高于卖一,多为定向收特定图案,买一价不可作退出价",20,0,2,5,0,0,0,0,0.00048216007714563247,-0.00048192771084332175,-0.00048192771084332175,0.0,0.00048192771084332175,0.0,0.0028846153846153744,-0.0028846153846153744,-0.06153846153846154,0.14,0,价格更新稀疏,买一异常溢价(不作为可成交退出价),27,0,0
566,M4A1-S | Knight (Factory New),16998.5,14920.0,14,7,0.5,0.8777,steamdt-live,17799.5,13,17206.35,27,,20,3,2,2,0,0,0,0,0.019094724220623416,0.0,0.014598540145985384,0.019094724220623416,0.0,0.034601339013998755,0.0,0.04285276073619637,0.03652613587373743,0.39,1,价格更新稀疏,,27,0,0
567,★ Hydra Gloves | Emerald (Minimal Wear),286.0,332.0,89,14,0.1573,1.1608,steamdt-live,281.0,64,292.7,62,"溢价求购:买一高于卖一,多为定向收特定图案,买一价不可作退出价",14,0,4,5,4,0,0,0,-0.006980802792321161,-0.012302284710017597,-0.0006627367539850937,-0.01919720767888311,0.02430555555555558,0.040740740740740744,0.02596277167319494,-0.022608695652173938,-0.018649158343228223,0.39,9,可能加速下跌,买一异常溢价(不作为可成交退出价),27,0,0
568,Tec-9 | Orange Murano (Factory New),91.99,83.0,88,10,0.1136,0.9023,steamdt-live,95.0,21,96.3,27,,11,6,4,2,4,0,0,0,0.0,0.0,0.0,0.0,0.0,0.0,0.025323161686798046,-0.025323161686798046,-0.12390476190476196,0.13,0,价格更新稀疏,,27,0,0
569,Tec-9 | Hades (Factory New),166.0,147.0,41,4,0.0976,0.8855,steamdt-live,177.5,25,169.92,48,,7,6,4,2,4,0,4,0,-0.0029763676409310102,-0.008896053495731193,0.0,-0.011845943210905485,0.014778325123152802,0.0,0.02633585547539452,-0.02347196893934944,-0.09733550842849381,0.17,3,可能加速下跌,,27,0,0
570,★ Sport Gloves | Big Game (Minimal Wear),1206.5,1610.0,240,22,0.0917,1.3344,steamdt-live,1239.9,189,1238.0,64,"溢价求购:买一高于卖一,多为定向收特定图案,买一价不可作退出价",7,0,7,5,6,0,2,0,-0.004975124378109541,-0.019105691056910623,-0.00948725550685492,-0.023985762245682274,0.033640368442130586,0.0004145936981758691,0.04185196950444725,-0.02623083131557713,-0.12413793103448278,0.39,15,可能加速下跌,买一异常溢价(不作为可成交退出价),27,0,0
571,M4A1-S | Electrum (Factory New),36.0,43.0,531,29,0.0546,1.1944,steamdt-live,36.0,478,36.99,201,"溢价求购:买一高于卖一,多为定向收特定图案,买一价不可作退出价",3,0,12,2,8,0,2,0,-0.010928961748633892,-0.03314917127071826,-0.018503620273531696,-0.04371584699453557,0.061410565835344544,0.0,0.06392083444771335,-0.002849002849002913,-0.12038200552902734,0.39,18,可能加速下跌,买一异常溢价(不作为可成交退出价),27,0,0
572,★ Specialist Gloves | Crimson Kimono (Minimal Wear),16578.5,20570.0,361,16,0.0443,1.2408,steamdt-live,16600.0,364,17258.0,87,"溢价求购:买一高于卖一,多为定向收特定图案,买一价不可作退出价",3,0,9,5,4,0,6,0,0.0013280212483399723,-0.000572703158910004,-0.0020181330762975014,0.0007545575274658933,0.0012650983463357024,0.0007545575274658933,0.024794117647058855,-0.024794117647058855,-0.005220365425579798,0.39,2,回撤不明显,买一异常溢价(不作为可成交退出价),27,0,0
573,AK-47 | Nightwish (Factory New),687.5,1010.0,890,36,0.0404,1.4691,steamdt-live,697.97,214,729.5,162,"溢价求购:买一高于卖一,多为定向收特定图案,买一价不可作退出价",3,0,12,2,10,0,0,0,-0.0007291026319174998,-0.017139260064665707,-0.014802816901408389,-0.017855866416960908,0.032394366197183055,0.022321428571428603,0.08030897334636344,-0.05567010309278353,-0.0994769888188336,0.19,9,可能加速下跌,买一异常溢价(不作为可成交退出价),27,0,0
574,Five-SeveN | Hyper Beast (Factory New),2642.5,2320.0,41,6,0.1463,0.878,steamdt-live,2838.84,36,2649.34,43,,11,3,4,2,0,0,6,0,0.0,0.0036080516521077577,-0.0018953752843062777,0.0036080516521077577,0.0,0.004871296616711485,0.00031399787389385647,0.07857142857142851,-0.05574414865106303,0.32,3,回撤不明显,,26,0,0
575,P250 | Whiteout (Factory New),1698.5,1090.0,36,5,0.1389,0.6417,steamdt-live,1998.8,30,1711.84,37,,11,1,4,2,8,0,0,0,0.00028604118993125205,-0.028595939376608537,-0.0005717552887364308,-0.028318077803203612,0.028873642081189255,0.0,0.05612670186162827,-0.05612670186162827,-0.14862155388471177,0.39,1,价格更新稀疏,,26,0,0
576,AWP | Gungnir (Factory New),77499.5,84980.0,139,14,0.1007,1.0965,steamdt-live,77000.0,167,77776.5,36,"溢价求购:买一高于卖一,多为定向收特定图案,买一价不可作退出价",11,0,7,2,2,0,4,0,0.0,-0.007719171638809752,0.005168393782383429,-0.007719171638809752,0.009964641594342627,0.0,0.00998373544708231,-0.00998373544708231,-0.010282776349614386,0.39,2,回撤不明显,买一异常溢价(不作为可成交退出价),26,0,0
577,FAMAS | Meltdown (Factory New),460.0,401.0,140,14,0.1,0.8717,steamdt-live,499.0,49,460.0,91,,11,3,7,2,0,0,3,0,0.03199802951252839,-0.001909390730775895,0.06432316491897039,0.03002754204079805,0.001909390730775895,0.09727589332570008,0.001909390730775895,0.03629277523710828,-0.3423874195854182,0.3,10,长期阴跌,,26,0,0
578,P250 | Contamination (Factory New),46.56,39.0,68,6,0.0882,0.8376,steamdt-live,36.49,41,37.61,42,,7,3,4,2,6,0,4,0,-0.0026997840172786614,-0.012181916621548328,-0.009095773140717078,-0.014848812095032304,0.023809523809523836,0.0,0.049244398124022926,-0.049244398124022926,-0.41848605577689235,0.39,4,长期阴跌,,26,0,0
579,AWP | Fade (Factory New),3950.0,5000.0,466,38,0.0815,1.2658,steamdt-live,4039.5,334,4028.5,191,"溢价求购:买一高于卖一,多为定向收特定图案,买一价不可作退出价",7,0,9,2,4,0,4,0,0.000368083003952524,-0.024568525913139627,0.0,-0.024209486166007932,0.02924551486851812,0.0,0.02924551486851812,-0.020701623899838872,-0.16649082084828026,0.39,10,可能加速下跌,买一异常溢价(不作为可成交退出价),26,0,0
580,M4A4 | Modern Hunter (Factory New),4400.0,1310.0,1,5,5.0,0.2977,steamdt-live,4299.0,4,4025.88,8,,20,1,2,2,0,0,0,0,0.0,0.0,0.0,0.0,0.0,0.0,0.0,0.0,-2.9806259314479888e-05,0.22,0,价格更新稀疏,,25,0,0
581,Desert Eagle | Hand Cannon (Factory New),2648.5,2030.0,19,9,0.4737,0.7665,steamdt-live,2977.5,30,2749.26,30,,20,1,2,2,0,0,0,0,0.0,0.0,0.0,0.0,0.0,0.0,0.0,0.0,-0.008052434456928825,0.39,0,价格更新稀疏,,25,0,0
582,FAMAS | Spitfire (Factory New),2900.0,760.0,6,2,0.3333,0.2621,steamdt-live,2800.0,3,2413.63,10,,8,1,2,2,6,0,6,0,0.0,-0.0020672860255599446,-0.00411754775326012,-0.0020672860255599446,0.006176321629890125,0.0,0.032081744284436775,-0.030137063364180317,-0.12156250454935869,0.39,3,回撤不明显,,25,0,0
583,★ Driver Gloves | Snow Leopard (Minimal Wear),3239.4,6000.0,234,26,0.1111,1.8522,steamdt-live,3250.0,225,3272.83,69,"溢价求购:买一高于卖一,多为定向收特定图案,买一价不可作退出价",11,0,7,5,2,0,0,0,-2.778300852923632e-05,3.087086716258014e-05,-0.002804371248268489,3.0870009477546034e-06,0.0028012929044174406,0.012312499999999948,0.01026581118240144,-0.01026581118240144,-0.11489143116323164,0.39,0,价格更新稀疏,买一异常溢价(不作为可成交退出价),25,0,0
584,★ Driver Gloves | Imperial Plaid (Minimal Wear),1740.57,2440.0,211,19,0.09,1.4018,steamdt-live,1780.0,168,1868.53,56,"溢价求购:买一高于卖一,多为定向收特定图案,买一价不可作退出价",7,0,7,5,4,0,2,0,-0.006469240061869885,-0.011039772727272745,-0.0033980309423347066,-0.017437593849141453,0.020776371308016905,0.017877192982456158,0.022151685393258513,0.002343794989922321,-0.08366938668070545,0.39,11,可能加速下跌,买一异常溢价(不作为可成交退出价),25,0,0
585,★ Hand Wraps | Overprint (Minimal Wear),865.5,1100.0,360,18,0.05,1.2709,steamdt-live,865.0,295,873.3,99,"溢价求购:买一高于卖一,多为定向收特定图案,买一价不可作退出价",3,0,9,5,4,0,4,0,-0.003676975945017258,-0.005507076420745216,0.007513069971955888,-0.009163802978235935,0.009163802978235935,0.0,0.01648664013644119,-0.009730967372638788,-0.08367673386370622,0.39,8,回撤不明显,买一异常溢价(不作为可成交退出价),25,0,0
586,MP9 | Deadly Poison (Factory New),58.9,54.0,384,17,0.0443,0.9168,steamdt-live,58.65,57,58.39,39,,3,6,9,2,0,0,0,5,0.08351851851851855,-0.0020509314647068067,0.022340022718667196,0.0812962962962962,0.0020509314647068067,0.11388782907287287,0.0020509314647068067,0.03712255772646533,0.22668067226890765,0.39,6,回撤不明显,,25,0,0
587,AWP | Snake Camo (Factory New),3500.0,990.0,2,2,1.0,0.2829,steamdt-live,2600.0,5,2394.0,22,,8,1,2,2,0,0,6,5,0.004068279998322266,0.0,-0.006127553147144527,0.004068279998322266,0.002084201750729431,0.004068279998322266,0.002084201750729431,0.0,-0.018900709801157323,0.39,2,回撤不明显,,24,0,0
588,Galil AR | Tornado (Factory New),167.99,119.0,33,9,0.2727,0.7084,steamdt-live,166.0,21,145.62,52,,17,1,4,2,0,0,0,0,0.0,-0.003421845058855788,0.007793640940754409,-0.003421845058855788,0.003421845058855788,0.004345127250155123,0.003421845058855788,0.005107675317504112,-0.21490187621306878,0.39,1,价格更新稀疏,,24,0,0
589,USP-S | Business Class (Factory New),656.56,476.0,13,3,0.2308,0.725,steamdt-live,685.0,13,621.8,30,,8,1,2,2,2,0,4,5,-0.0008594073272433222,-0.009557183816502057,0.03387906211435632,-0.010408377629945731,0.013548243804930804,0.0418726227777686,0.013548243804930804,0.06397905579986651,0.03719766472060049,0.17,5,可能加速下跌,,24,0,0
590,P250 | Black & Tan (Factory New),65.0,55.0,72,5,0.0694,0.8462,steamdt-live,65.5,43,62.0,56,,7,3,4,2,8,0,0,0,-0.008231707317073012,-0.047033507531509366,0.0009154714678056841,-0.05487804878048774,0.06060606060606055,0.0,0.06060606060606055,0.0896309314586996,-0.17333333333333334,0.39,7,可能加速下跌,,24,0,0
591,Glock-18 | Pink DDPAT (Factory New),438.0,350.0,20,1,0.05,0.7991,steamdt-live,512.0,11,464.61,36,,3,1,2,2,10,0,6,0,-0.0011376564277588708,-0.002277904328018221,-0.001136363636363602,-0.0034129692832765013,0.004545454545454519,0.0,0.14453125,-0.14033366045142293,-0.14868804664723034,0.31,3,回撤不明显,,24,0,0
592,Five-SeveN | Fall Hazard (Factory New),2150.0,1000.0,4,2,0.5,0.4651,steamdt-live,2541.0,7,1952.09,11,,8,1,2,2,6,0,4,0,-0.007567769374750899,-0.007625477227783173,-0.01076529950191163,-0.015135538749501798,0.04230444679932499,0.0,0.04230444679932499,0.14317086454166938,0.1016122751872146,0.39,7,暂未减速,,23,0,0
593,M4A4 | Zirka (Factory New),576.9,445.0,9,4,0.4444,0.7714,steamdt-live,575.0,9,506.85,24,,8,1,2,2,4,0,6,0,0.0,-0.004908216354176931,0.0,-0.004908216354176931,0.004908216354176931,0.0,0.026935186607279893,-0.026935186607279893,-0.13226960675215282,0.28,3,回撤不明显,,23,0,0
594,AK-47 | First Class (Factory New),1983.31,1100.0,7,2,0.2857,0.5546,steamdt-live,1399.9,19,1336.88,11,,8,1,2,2,4,0,6,0,0.0,-0.003726115599010371,0.0,-0.003726115599010371,0.01558852766834784,0.0,0.02962909196486896,-0.004060104445255508,-0.10155913978494613,0.38,3,暂未减速,,23,0,0
595,M4A4 | Howl (Factory New),45100.0,52410.0,86,15,0.1744,1.1621,steamdt-live,44999.5,100,46997.5,36,"溢价求购:买一高于卖一,多为定向收特定图案,买一价不可作退出价",14,0,4,5,0,0,0,0,0.0,0.0,0.0,0.0,0.0,7.77846919726155e-05,0.0,0.001101223581757571,0.004453124999999947,0.39,0,价格更新稀疏,买一异常溢价(不作为可成交退出价),23,0,0
596,AK-47 | Case Hardened (Factory New),2749.0,12100.0,507,41,0.0809,4.4016,steamdt-live,2760.0,333,2779.12,202,"溢价求购:买一高于卖一,多为定向收特定图案,买一价不可作退出价",7,0,12,2,2,0,0,0,-0.012035207472606446,-0.0005454545454545157,-0.0011769856249865818,-0.012574097359439596,0.014344629729245106,0.0,0.01452133381140197,-0.011149527431291273,-0.09883768586370267,0.25,1,价格更新稀疏,买一异常溢价(不作为可成交退出价),23,0,0
597,P250 | Iron Clad (Factory New),40.79,35.3,273,6,0.022,0.8654,steamdt-live,43.98,30,43.07,75,,3,3,9,2,6,0,0,0,0.0,0.0,0.01492908683752181,0.0,0.037517697026899555,0.05155968032998204,0.037517697026899555,0.07625329815303439,-0.25836363636363635,0.31,2,可能加速下跌,,23,0,0
598,Tec-9 | Flash Out (Factory New),22.0,20.3,889,14,0.0157,0.9227,steamdt-live,22.74,170,22.07,105,,3,6,12,2,0,0,0,0,-0.0023809523809523725,0.05011933174224348,0.05527638190954787,0.04761904761904767,0.0,0.1055276381909549,0.0,0.15303983228511542,-0.37142857142857144,0.39,3,长期阴跌,,23,0,0
599,AWP | The Prince (Factory New),16476.49,19110.0,69,13,0.1884,1.1598,steamdt-live,16666.0,69,16300.0,39,"溢价求购:买一高于卖一,多为定向收特定图案,买一价不可作退出价",14,0,4,2,2,0,0,0,0.0,-0.01071162608055487,0.0,-0.01071162608055487,0.01071162608055487,0.0,0.01074224676822233,-0.01074224676822233,-0.01807228915662651,0.33,1,价格更新稀疏,买一异常溢价(不作为可成交退出价),22,0,0
600,Glock-18 | Blue Fissure (Factory New),217.99,183.0,47,6,0.1277,0.8395,steamdt-live,230.0,25,219.1,55,,11,3,4,2,2,0,0,0,0.0,0.0,-0.005973552211582356,0.0,0.005973552211582356,0.0,0.0061095153421785175,-0.0061095153421785175,-0.04682990817665056,0.22,0,价格更新稀疏,,22,0,0
601,AK-47 | Jet Set (Factory New),5398.91,4110.0,12,4,0.3333,0.7613,steamdt-live,5480.91,8,5739.95,10,,8,1,2,2,8,0,0,0,0.0,0.0,0.0,0.0,0.0,0.0,0.06889819795426677,-0.06889819795426677,-0.28009733982265483,0.23,0,价格更新稀疏,,21,0,0
602,P250 | Red Rock (Factory New),240.0,56.0,8,2,0.25,0.2333,steamdt-live,240.0,8,228.89,12,,8,1,2,2,8,0,0,0,0.0,-0.0003057302585605104,-0.005818497611810747,-0.0003057302585605104,0.00612244897959191,0.0008745463290917854,0.06575510204081636,-0.06457149863092082,-0.18224365844944623,0.39,0,价格更新稀疏,,21,0,0
603,Tec-9 | Terrace (Factory New),760.0,645.0,17,4,0.2353,0.8487,steamdt-live,713.0,14,697.3,27,,8,3,2,2,6,0,0,0,-0.0001433897332950851,0.0,-0.001002721673112772,-0.0001433897332950851,0.001002865329512992,0.00028690288337385184,0.03474529346622368,-0.03754313319530722,-0.1250941028858219,0.17,0,价格更新稀疏,,21,0,0
604,Tec-9 | Cut Out (Factory New),99.99,61.0,21,4,0.1905,0.6101,steamdt-live,93.19,25,97.0,26,,8,1,2,2,2,0,6,0,-0.0010696331158411843,-0.002141556911875009,0.051986047034994876,-0.003208899347523775,0.005336748852599049,0.048610329695060184,0.005336748852599049,0.01547346627438162,-0.29630748319867106,0.39,3,回撤不明显,,21,0,0
605,Glock-18 | Synth Leaf (Factory New),2110.19,1740.0,25,3,0.12,0.8246,steamdt-live,2003.2,25,2130.1,34,,8,3,2,2,6,0,0,0,-0.000966417008939402,-0.031100362756952826,-0.001919478364874494,-0.03203672384633971,0.03389470841290965,0.0,0.04517678910189804,-0.04517678910189804,-0.21917754823621127,0.39,1,价格更新稀疏,,21,0,0
606,AWP | Pink DDPAT (Factory New),819.5,647.0,37,4,0.1081,0.7895,steamdt-live,937.5,17,850.0,35,,8,1,4,2,2,0,4,0,0.0,-0.013197504997230491,0.0,-0.013197504997230491,0.013197504997230491,0.0,0.013197504997230491,-0.013197504997230491,-0.11601316002373119,0.34,2,可能加速下跌,,21,0,0
607,P250 | Digital Architect (Factory New),233.5,210.0,24,4,0.1667,0.8994,steamdt-live,288.0,19,240.2,36,,8,6,2,2,2,0,0,0,0.0,0.0,-0.002136752136752129,0.0,0.002136752136752129,0.0,0.006382978723404209,-0.006382978723404209,-0.22166666666666668,0.39,0,价格更新稀疏,,20,0,0
608,M4A4 | Tornado (Factory New),732.0,651.0,13,2,0.1538,0.8893,steamdt-live,732.9,21,732.87,15,,8,6,2,2,2,0,0,0,-0.0001364126208956984,-0.001323382948824725,-0.0006271045492344252,-0.0014596150435839395,0.001949742988424208,0.000779295352938858,0.012145748987854255,-0.012145748987854255,-0.18666666666666665,0.28,1,价格更新稀疏,,20,0,0
609,Five-SeveN | Neon Kimono (Factory New),3623.2,2840.0,36,5,0.1389,0.7838,steamdt-live,3199.9,25,3161.8,34,,11,1,4,2,2,0,0,0,-0.00018942383583264721,-0.001610407654172863,-0.0016075143415494875,-0.0017995264404103706,0.003404148017398856,0.0,0.01175220353816342,-0.011721314037445696,-0.011937499999999934,0.39,1,价格更新稀疏,,20,0,0
610,P250 | Mehndi (Factory New),181.48,122.0,42,5,0.119,0.6723,steamdt-live,182.5,48,181.5,75,,11,1,4,2,2,0,0,0,0.0,-0.0028571428571428914,-0.002739726027397249,-0.0028571428571428914,0.0055890410958904235,0.0,0.0055890410958904235,-0.0055890410958904235,-0.09073600881807709,0.39,1,价格更新稀疏,,20,0,0
611,Glock-18 | Brass (Factory New),700.0,602.0,67,4,0.0597,0.86,steamdt-live,704.9,22,708.0,45,,3,3,4,2,4,0,4,0,-0.0008494372478233814,-0.008147360963513983,-0.005729005377100749,-0.008989877539463453,0.014667379859801155,0.0,0.026425591098748313,-0.02710215427380125,-0.22727072018368877,0.22,5,可能加速下跌,,20,0,0
612,M4A4 | Etch Lord (Factory New),23.5,18.5,800,26,0.0325,0.7872,steamdt-live,20.6,399,20.63,449,,3,1,12,2,2,0,0,0,0.03311617806731815,0.08250131371518665,0.0021762785636563198,0.11834961997828453,0.006271104679208883,0.1275314723590586,0.006271104679208883,0.07124284971398853,-0.35584740462789244,0.39,11,长期阴跌,,20,0,0
613,P250 | Contaminant (Factory New),77.0,63.0,564,16,0.0284,0.8182,steamdt-live,67.89,25,69.99,31,,3,3,12,2,0,0,0,0,0.0,0.01328358208955227,0.01669195751138086,0.01328358208955227,0.0,0.038073394495412805,0.0,0.13149999999999995,0.3997938144329898,0.39,1,价格更新稀疏,,20,0,0
614,Five-SeveN | Jungle (Factory New),345.0,235.0,11,4,0.3636,0.6812,steamdt-live,360.0,5,343.0,8,,8,1,2,2,2,0,4,0,0.0,-0.005797101449275366,0.0,-0.005797101449275366,0.005797101449275366,0.0,0.005797101449275366,-0.005797101449275366,-0.13927227101631112,0.32,5,回撤不明显,,19,0,0
615,Desert Eagle | Pilot (Factory New),1126.7,870.0,42,5,0.119,0.7722,steamdt-live,1148.7,51,1051.9,37,,11,1,4,2,0,0,0,0,0.0008848968096140108,0.0,-0.000884114459549501,0.0008848968096140108,0.0,0.0010468214693568623,9.505703422041378e-05,0.0,-0.019207459207459143,0.39,1,价格更新稀疏,,18,0,0
616,P250 | Facets (Factory New),500.0,0.0,2,0,0.0,,steamdt-live,2499.48,3,218.29,10,缺买一价,3,0,2,2,8,0,2,0,-0.011036255651094784,-0.021691390669116628,-0.02312088673363355,-0.03248825458735938,0.054857984066505106,0.0,0.0574697754749568,-0.04705985070065921,-0.07515993729610648,0.21,14,悠悠盘口不足,,17,0,0
617,P250 | Splash (Factory New),336.7,280.0,7,4,0.5714,0.8316,steamdt-live,298.28,13,311.0,15,,8,3,2,2,0,0,0,0,0.0,0.0,0.0,0.0,0.0,0.0,0.0,0.0,-0.08679545663288746,0.21,0,价格更新稀疏,,15,0,0
618,M4A4 | Jungle Tiger (Factory New),600.0,400.0,9,3,0.3333,0.6667,steamdt-live,515.0,12,538.67,7,,8,1,2,2,2,0,0,0,0.0,-0.008662175168431152,0.0,-0.008662175168431152,0.008662175168431152,0.0,0.008662175168431152,-0.008662175168431152,-0.2261457550713749,0.28,1,价格更新稀疏,,15,0,0
619,MP9 | Dark Age (Factory New),498.5,436.0,28,4,0.1429,0.8746,steamdt-live,512.7,35,508.44,36,,8,3,2,2,0,0,0,0,0.0,0.0,0.0,0.0,0.0,0.0010040160642570406,0.0,0.0,-0.006972111553784854,0.21,0,价格更新稀疏,,15,0,0
620,FAMAS | Prime Conspiracy (Factory New),528.0,449.0,26,3,0.1154,0.8504,steamdt-live,507.5,23,519.3,34,,8,3,2,2,0,0,0,0,0.001974333662388972,0.0,-0.0009861932938856066,0.001974333662388972,0.0,0.001974333662388972,0.0,0.0009861932938854956,-0.024038461538461564,1.39,1,价格更新稀疏,,15,0,0
621,AK-47 | Wasteland Rebel (Factory New),2350.3,2000.0,18,2,0.1111,0.851,steamdt-live,2300.0,18,2393.18,31,,8,3,2,2,0,0,0,0,0.0,0.0,0.0,0.0,0.0,0.0,0.0,0.013448014523150587,-0.027401894451962172,0.38,0,价格更新稀疏,,15,0,0
622,Five-SeveN | Contractor (Factory New),239.5,36.0,3,3,1.0,0.1503,steamdt-live,229.0,7,265.35,2,,8,1,2,2,0,0,0,0,0.0,0.0,0.0,0.0,0.0,0.0,0.0,0.0,0.0,0.32,0,价格更新稀疏,,13,0,0
623,Galil AR | Winter Forest (Factory New),4900.0,150.0,2,2,1.0,0.0306,steamdt-live,5200.0,1,3520.6,2,,8,1,2,2,0,0,0,0,0.0,0.0,0.0,0.0,0.0,0.0,0.0,0.0,0.30481996923818167,0.39,0,价格更新稀疏,,13,0,0
624,AK-47 | Jungle Spray (Factory New),1100.0,670.0,5,4,0.8,0.6091,steamdt-live,999.0,6,1029.02,16,,8,1,2,2,0,0,0,0,0.0,0.0,0.0,0.0,0.0,0.0,0.0,0.0,0.0,0.39,0,价格更新稀疏,,13,0,0
625,Glock-18 | Groundwater (Factory New),579.0,260.0,3,2,0.6667,0.4491,steamdt-live,666.0,7,615.23,2,,8,1,2,2,0,0,0,0,0.0,0.0,0.0,0.0,0.0,0.0,0.0,0.0,-0.24805194805194808,0.39,0,价格更新稀疏,,13,0,0
626,AK-47 | Red Laminate (Factory New),3034.98,1630.0,7,4,0.5714,0.5371,steamdt-live,3999.99,8,3029.98,5,,8,1,2,2,0,0,0,0,0.0,-0.0016507467899399275,-0.00032938184908382073,-0.0016507467899399275,0.0019795849129936594,0.0,0.00217678382659503,-0.00217678382659503,-0.07340061162079514,0.38,1,价格更新稀疏,,13,0,0
627,Glock-18 | Sand Dune (Factory New),3499.0,560.0,4,2,0.5,0.16,steamdt-live,0.0,0,1849.54,3,,8,1,2,2,0,0,0,0,0.0,0.0,0.0,0.0,0.0,0.0,0.0,0.0,-0.17013725305443017,0.39,0,价格更新稀疏,,13,0,0
628,Galil AR | Shattered (Factory New),500.0,73.0,10,4,0.4,0.146,steamdt-live,399.0,4,506.25,2,,8,1,2,2,0,0,0,0,0.0,0.0,0.0,0.0,0.0,0.0,0.0,0.0,0.0,0.39,0,价格更新稀疏,,13,0,0
629,Tec-9 | Brass (Factory New),450.0,341.0,11,4,0.3636,0.7578,steamdt-live,479.5,9,454.54,41,,8,1,2,2,0,0,0,0,0.0,0.0,0.0,0.0,0.0,0.0,0.0,0.0,-0.1089108910891089,0.23,0,价格更新稀疏,,13,0,0
630,MP9 | Bulldozer (Factory New),7499.5,3790.0,6,2,0.3333,0.5054,steamdt-live,6799.0,5,7052.84,6,,8,1,2,2,0,0,0,0,0.0,0.0,0.0,0.0,0.0,0.0,0.0,0.0,0.0,0.39,0,价格更新稀疏,,13,0,0
631,AK-47 | Predator (Factory New),666.0,151.0,6,2,0.3333,0.2267,steamdt-live,999.5,7,694.79,4,,8,1,2,2,0,0,0,0,0.0,0.0,0.0,0.0,0.0,0.0,0.0,0.0,0.0,0.38,0,价格更新稀疏,,13,0,0
632,P250 | Nuclear Threat (Factory New),9988.88,670.0,3,1,0.3333,0.0671,steamdt-live,2300.0,2,11888.0,1,,8,1,2,2,0,0,0,0,0.0,0.0,0.0,0.0,0.0,0.0,0.0,0.0,-0.8849942497124856,0.39,0,价格更新稀疏,,13,0,0
633,Five-SeveN | Crimson Blossom (Factory New),574.1,454.0,14,4,0.2857,0.7908,steamdt-live,551.9,28,589.6,20,,8,1,2,2,0,0,0,0,-0.00018115942028984477,0.0,0.0,-0.00018115942028984477,0.00018115942028984477,0.0,0.00018115942028984477,0.013590449954086203,-0.02318584070796459,1.13,0,价格更新稀疏,,13,0,0
634,M4A4 | Faded Zebra (Factory New),408.0,202.0,12,3,0.25,0.4951,steamdt-live,488.0,11,412.6,7,,8,1,2,2,0,0,0,0,0.0,0.0,0.0,0.0,0.0,0.0,0.0,0.0,0.07833809070726283,0.39,0,价格更新稀疏,,13,0,0
635,Five-SeveN | Nitro (Factory New),419.5,162.0,8,2,0.25,0.3862,steamdt-live,399.0,7,412.15,15,,8,1,2,2,0,0,0,0,0.0,0.0,0.0,0.0,0.0,0.0,0.0,0.0,0.033678756476683835,0.32,0,价格更新稀疏,,13,0,0
636,Galil AR | Hunting Blind (Factory New),39.11,20.1,18,4,0.2222,0.5139,steamdt-live,59.88,20,40.76,16,,8,1,2,2,0,0,0,0,0.0,0.0,-0.002550369803621555,0.0,0.002550369803621555,0.0,0.003820682628629557,-0.003820682628629557,0.013474993521637613,0.22,0,价格更新稀疏,,13,0,0
637,M4A4 | Desert Storm (Factory New),429.5,335.0,16,3,0.1875,0.78,steamdt-live,400.0,13,432.47,7,,8,1,2,2,0,0,0,0,0.0,0.0,0.0,0.0,0.0,0.0,0.0,0.0012515644555695093,-0.06866283266199447,0.28,0,价格更新稀疏,,13,0,0
638,M4A4 | Radiation Hazard (Factory New),2403.5,1810.0,11,2,0.1818,0.7531,steamdt-live,2384.0,8,2341.5,7,,8,1,2,2,0,0,0,0,0.0,0.0,0.0,0.0,0.0,0.0,0.0023434171282488148,-0.0023434171282488148,-0.0947715955834596,0.28,0,价格更新稀疏,,13,0,0
639,MP9 | Green Plaid (Factory New),60.99,41.0,12,2,0.1667,0.6722,steamdt-live,70.0,5,77.56,4,,8,1,2,2,0,0,0,0,0.0,0.0,0.0,0.0,0.0,0.0,0.0,0.0,0.0,0.39,0,价格更新稀疏,,13,0,0
640,MP9 | Storm (Factory New),185.59,89.0,18,3,0.1667,0.4796,steamdt-live,237.5,14,188.51,13,,8,1,2,2,0,0,0,0,0.0,0.0,0.0,0.0,0.0,0.0,0.0,0.0,-0.07204999999999995,0.22,0,价格更新稀疏,,13,0,0
641,FAMAS | Contrast Spray (Factory New),0.0,268.0,0,2,,,steamdt-live,810.0,2,557.99,6,缺卖一价,0,0,0,2,10,0,0,0,0.0,-0.00023292481903536277,0.0,-0.00023292481903536277,0.00023292481903536277,0.0,0.2665360954834639,-0.2664107384667972,-0.2753282510162469,0.22,0,悠悠盘口不足,,12,0,0
642,P250 | Bone Mask (Factory New),440.0,0.0,1,0,0.0,,steamdt-live,0.0,0,188.57,1,缺买一价,3,0,2,2,2,0,0,0,-0.0014590020426029637,0.0,0.0007787403874233156,-0.0014590020426029637,0.0014590020426029637,0.0,0.01088736872531082,-0.009551374819102842,-0.23330843913368193,0.39,1,悠悠盘口不足,,9,0,0
643,P250 | Modern Hunter (Factory New),,,0,0,,,,8000.0,2,2361.83,1,无悠悠数据,0,0,0,2,0,0,0,0,0.0,-0.0002285840067389744,0.00022863626933355974,-0.0002285840067389744,0.0002285840067389744,0.0,0.0002285840067389744,0.18181317801529162,0.1801714919600652,0.39,0,悠悠盘口不足,,2,0,0
