排名,marketHashName,youpin_sell,youpin_buy,youpin_sell_count,youpin_buy_count,挂买/挂卖,买一/卖一,数据来源,buff_sell,buff_sell_count,c5_sell,c5_sell_count,备注,盘口深度分,盘口紧密度分,流动性分,品质分,回撤位置分,跌速减弱分,低点企稳分,下行跌幅收敛分,前12h涨跌,近12h涨跌,前24h涨跌,近24h涨跌,48h回撤,距48h低点,5日回撤,5日涨跌,30日涨跌,K线时效(小时),24h变价次数,信号状态,报价风险,V2.6总分,建议资金,实际获批
1,★ Sport Gloves | Frosty (Minimal Wear),2039.5,3150.0,51,20,0.3922,1.5445,steamdt-live,2000.0,61,2037.5,24,"溢价求购:买一高于卖一,多为定向收特定图案,买一价不可作退出价",20,0,4,5,10,20,6,5,-0.02376782586940207,0.02511532547411588,-0.04833333333333334,0.0007505629221915555,0.04761904761904767,0.02511532547411588,0.12261460846676908,-0.12587412587412583,-0.21537857983522946,0.11,3,减速明显,买一异常溢价(不作为可成交退出价),70,0,0
2,MP9 | Arctic Tri-Tone (Factory New),26.89,25.2,2273,37,0.0163,0.9372,steamdt-live,26.96,983,26.83,1303,,3,9,15,2,10,20,6,5,-0.008735282947208378,0.0279693486590038,-0.07775831873905437,0.01898974553740973,0.06515679442508715,0.03391136801541417,0.128613186099383,-0.10566666666666669,-0.29208443271767814,0.31,14,减速明显,,70,10000,10000
3,★ Hand Wraps | Arboreal (Field-Tested),227.0,227.0,393,23,0.0585,1.0,steamdt-live,235.0,332,235.99,130,,3,15,9,5,8,20,6,3,-0.026548672566371723,0.031818181818181746,-0.04196693514200933,0.004424778761061843,0.03772785078423058,0.0365296803652968,0.05171693541649258,-0.05171693541649258,-0.11276138362321675,0.32,15,减速明显,,69,10000,10000
4,AWP | Chrome Cannon (Factory New),381.3,366.0,372,30,0.0806,0.9599,steamdt-live,393.5,326,399.7,154,,7,9,9,2,10,20,6,5,-0.022457067371202122,0.03054054054054056,-0.04177215189873418,0.00739762219286666,0.06083743842364531,0.03054054054054056,0.11428571428571421,-0.10282352941176465,-0.14945349096587102,0.35,10,减速明显,,68,10000,10000
5,AK-47 | Nouveau Rouge (Factory New),358.46,343.0,412,32,0.0777,0.9569,steamdt-live,353.0,276,353.25,139,,7,9,9,2,10,20,6,5,-0.010173913043478255,0.033705232949720276,-0.04166666666666663,0.023188405797101463,0.01671309192200554,0.05530642750373693,0.08406850025947066,-0.08525524747343871,-0.09254498714652959,0.35,10,减速明显,,68,10000,10000
6,★ Driver Gloves | Brocade Crane (Minimal Wear),2340.0,2630.0,23,15,0.6522,1.1239,steamdt-live,2416.5,27,2486.5,13,"溢价求购:买一高于卖一,多为定向收特定图案,买一价不可作退出价",20,0,2,5,8,18,6,5,-0.009112100021190894,0.0008554319931566301,-0.03654552878726014,-0.008264462809917328,0.04431284459873397,0.005154639175257714,0.06396255850234012,-0.056261343012704135,-0.07692307692307687,0.11,7,减速明显,买一异常溢价(不作为可成交退出价),64,0,0
7,★ Hand Wraps | CAUTION! (Field-Tested),720.0,760.0,604,44,0.0728,1.0556,steamdt-live,729.0,534,716.17,231,"溢价求购:买一高于卖一,多为定向收特定图案,买一价不可作退出价",7,0,12,5,8,20,6,5,-0.006555232558139501,0.04781342814086509,-0.07027027027027022,0.040944767441860375,0.025619047619047652,0.05319117647058813,0.0611300471945464,-0.04510666666666674,-0.11255266418835197,0.36,9,减速明显,买一异常溢价(不作为可成交退出价),63,0,0
8,★ Hand Wraps | Desert Shamagh (Field-Tested),223.5,208.0,244,15,0.0615,0.9306,steamdt-live,231.0,204,228.0,188,,7,9,7,5,6,20,6,3,-0.0182648401826484,0.03953488372093017,-0.04157549234135671,0.020547945205479534,0.021881838074398252,0.04195804195804187,0.04036066981537145,-0.03663793103448276,-0.08315215161832878,0.35,13,减速明显,,63,10000,10000
9,★ Specialist Gloves | Buckshot (Minimal Wear),374.49,433.0,147,18,0.1224,1.1562,steamdt-live,386.99,112,391.99,58,"溢价求购:买一高于卖一,多为定向收特定图案,买一价不可作退出价",11,0,7,5,8,19,6,5,-0.005319148936170248,0.0013101604278074053,-0.04079185693512588,-0.0040159574468084935,0.044643996020306664,0.012135135135135089,0.06377500000000003,-0.03730077120822617,-0.1430434782608695,0.36,8,减速明显,买一异常溢价(不作为可成交退出价),61,0,0
10,★ Broken Fang Gloves | Unhinged (Field-Tested),305.5,290.0,102,5,0.049,0.9493,steamdt-live,308.88,143,310.39,78,,3,9,7,5,8,20,6,3,-0.03284180104436929,0.03738666847770711,-0.04248427672955968,0.003317021905481221,0.03779527559055118,0.053448275862068906,0.06717557251908401,-0.03779527559055118,-0.07261247040252572,0.29,9,减速明显,,61,10000,10000
11,Five-SeveN | Anodized Gunmetal (Factory New),74.9,67.0,144,16,0.1111,0.8945,steamdt-live,75.42,66,76.57,79,,11,6,7,2,10,12,6,5,-0.00649953574744655,0.0,-0.00802631578947366,-0.00649953574744655,0.014473684210526194,0.04042228087234356,0.091460456089277,-0.06246088371510816,-0.2986891385767789,0.36,4,减速明显,,59,0,0
12,★ Moto Gloves | Polygon (Field-Tested),572.98,702.0,330,40,0.1212,1.2252,steamdt-live,568.5,292,613.0,173,"溢价求购:买一高于卖一,多为定向收特定图案,买一价不可作退出价",11,0,9,5,10,12,6,5,-0.015544041450777257,-0.0026315789473684292,-0.03015075376884424,-0.01813471502590669,0.05249999999999999,0.0,0.1089341692789969,-0.1089341692789969,-0.20287721364573263,0.36,8,减速明显,买一异常溢价(不作为可成交退出价),58,0,0
13,★ Driver Gloves | Snow Leopard (Minimal Wear),3170.0,5380.0,232,27,0.1164,1.6972,steamdt-live,3150.0,238,3350.0,48,"溢价求购:买一高于卖一,多为定向收特定图案,买一价不可作退出价",11,0,7,5,4,20,6,5,-0.020733652312599715,0.026058631921824116,-0.022347239807151364,0.004784688995215225,0.017516281158769353,0.050000000000000044,0.02777777777777779,-0.027597703278384955,-0.13461538461538458,0.35,6,减速明显,买一异常溢价(不作为可成交退出价),58,0,0
14,★ Sport Gloves | Creme Pinstripe (Minimal Wear),965.0,1290.0,46,19,0.413,1.3368,steamdt-live,966.0,45,990.0,38,"溢价求购:买一高于卖一,多为定向收特定图案,买一价不可作退出价",20,0,4,5,8,12,6,0,-0.030503423853697864,0.015789473684210575,-0.02010999999999996,-0.015195583177703642,0.03451725862931465,0.016324381253291165,0.06310679611650483,-0.05853658536585371,-0.17380136986301364,0.11,6,减速明显,买一异常溢价(不作为可成交退出价),55,0,0
15,★ Driver Gloves | Imperial Plaid (Minimal Wear),1695.0,2250.0,200,21,0.105,1.3274,steamdt-live,1700.0,175,1788.0,52,"溢价求购:买一高于卖一,多为定向收特定图案,买一价不可作退出价",11,0,7,5,6,17,6,0,-0.02588996763754048,0.02385986106916338,-0.009274750642703555,-0.0026478375992938785,0.011898030208521648,0.039877300613496924,0.03142857142857147,-0.026181078612178776,-0.09090909090909094,0.27,11,减速明显,买一异常溢价(不作为可成交退出价),52,0,0
16,★ Moto Gloves | Polygon (Minimal Wear),1007.0,1240.0,128,12,0.0938,1.2314,steamdt-live,987.0,135,1011.82,57,"溢价求购:买一高于卖一,多为定向收特定图案,买一价不可作退出价",7,0,7,5,6,12,6,0,-0.03469079939668174,0.028124999999999956,-0.009955201592832252,-0.007541478129713397,0.017421602787456414,0.028124999999999956,0.037533276775005175,-0.032352941176470584,-0.09904153354632583,0.28,4,减速明显,买一异常溢价(不作为可成交退出价),43,0,0
17,★ Driver Gloves | Queen Jaguar (Minimal Wear),639.5,646.0,108,23,0.213,1.0102,steamdt-live,608.48,74,664.09,82,,17,15,7,5,10,17,2,5,-0.014563106796116498,-0.0008538587848931911,-0.06289804088069395,-0.015404530744336564,0.07733365682052529,0.014979149291076022,0.08755829472011034,-0.08499248120300751,-0.11102020541440827,0.36,9,左侧观察,,78,25000,25000
18,★ Sport Gloves | Occult (Minimal Wear),5296.5,5120.0,85,30,0.3529,0.9667,steamdt-live,5148.0,98,5300.0,33,,20,12,4,5,10,10,6,5,0.00970683400333372,-0.0001942124684404245,-0.06594010440516529,0.009510736346700632,0.046666666666666634,0.019405940594059423,0.11614730878186974,-0.11614730878186974,-0.15461039494211348,0.11,3,左侧观察,,72,10000,10000
19,Tec-9 | Toxic (Factory New),148.5,146.0,221,24,0.1086,0.9832,steamdt-live,165.0,85,147.5,117,,11,12,7,2,10,20,3,5,-0.017314487632508757,0.06076950737144893,-0.06754530477759468,0.042402826855123754,0.023178807947019875,0.06076950737144893,0.08385093167701863,-0.06722317080882811,-0.28536821705426363,0.27,10,左侧观察,,70,10000,10000
20,★ Driver Gloves | Garden (Minimal Wear),2399.0,2460.0,51,17,0.3333,1.0254,steamdt-live,2400.0,62,2459.5,41,,20,15,4,5,8,10,6,0,-0.011532125205930832,-0.0004166666666666208,-0.004101722723543921,-0.011943986820428298,0.01599671862182117,0.04327027614698853,0.07713021734949033,-0.08956356736242888,-0.18664180369554162,0.26,4,左侧观察,,68,10000,10000
21,★ Hand Wraps | Constrictor (Minimal Wear),616.5,607.0,109,18,0.1651,0.9846,steamdt-live,643.8,54,618.0,69,,14,12,7,5,8,20,2,0,-0.01218167072181664,0.01233189379135946,-0.0159616919393456,0.0,0.01674641148325362,0.029215358931552693,0.05289355230209081,-0.05289355230209081,-0.12406581228154934,0.36,13,左侧观察,,68,10000,10000
22,AK-47 | Ice Coaled (Factory New),76.99,74.0,1667,29,0.0174,0.9612,steamdt-live,79.36,1254,78.82,792,,3,12,15,2,10,20,4,0,-0.01041666666666663,0.013026315789473664,-0.027848101265822822,0.0024739583333333037,0.03278894472361804,0.026533333333333298,0.0919919801863428,-0.0919919801863428,-0.1622415669205659,0.35,16,左侧观察,,66,10000,10000
23,AK-47 | The Empress (Factory New),1615.0,1590.0,335,77,0.2299,0.9845,steamdt-live,1618.0,173,1668.88,103,,17,12,9,2,4,10,6,5,0.04406005221932108,0.009684276336355158,-0.03555600322320707,0.05417101827676252,0.02652802893309225,0.05623937213865271,0.02652802893309225,0.027020667726550096,0.0572765957446808,0.36,11,左侧观察,,65,10000,10000
24,M4A4 | Howl (Factory New),43900.0,45280.0,85,17,0.2,1.0314,steamdt-live,44444.0,109,46036.34,23,,17,15,4,5,4,9,6,5,-1.1366348787733571e-05,-0.0020232330809974997,-0.013688340807174848,-0.002034576433012414,0.015695067264574036,0.0022831050228311334,0.0244336048178313,-0.0244336048178313,-0.030883683966533515,0.34,3,左侧观察,,65,10000,10000
25,AWP | Black Box (Factory New),140.0,134.0,46,23,0.5,0.9571,steamdt-live,143.0,68,148.72,75,,20,9,4,2,8,10,6,5,0.0029285714285713915,-0.0029200199415996275,-0.014084507042253502,0.0,0.014084507042253502,0.0,0.07596858293181963,-0.03221346605834363,-0.14893617021276595,0.36,2,左侧观察,,64,10000,10000
26,Desert Eagle | Directive (Factory New),570.0,555.0,99,29,0.2929,0.9737,steamdt-live,666.0,18,620.0,26,,17,12,4,2,8,10,6,5,0.05269090909090912,-0.015510034888942648,-0.06462585034013602,0.036363636363636376,0.030612244897959218,0.036363636363636376,0.06172839506172845,-0.06172839506172845,0.24047878128400435,0.36,10,左侧观察,,64,10000,10000
27,★ Moto Gloves | Eclipse (Field-Tested),3197.5,3090.0,259,63,0.2432,0.9664,steamdt-live,3100.0,18,3295.82,41,,17,12,9,5,8,10,3,0,-0.006986331647345634,0.0,0.040603333333333325,-0.006986331647345634,0.06485671191553544,0.06529209621993126,0.06485671191553544,0.0625535561268209,-0.0801186943620178,0.27,14,左侧观察,,64,10000,10000
28,★ Bloodhound Gloves | Guerrilla (Minimal Wear),1170.0,1130.0,129,30,0.2326,0.9658,steamdt-live,1240.0,20,1241.71,39,,17,12,7,5,8,10,0,5,0.08280254777070062,-0.01680672268907568,-0.012134831460674178,0.06460418562329395,0.052585550715014584,0.10429447852760743,0.052585550715014584,0.03677447939743028,-0.11864406779661019,0.36,9,左侧观察,,64,10000,10000
29,AK-47 | Wild Lotus (Factory New),92698.9,93880.0,110,24,0.2182,1.0127,steamdt-live,93887.0,99,95886.5,21,,17,15,7,2,2,10,6,5,0.011964156497042966,-0.0032269164184561827,-0.021169064939768,0.008698632745553603,0.012654574115692374,0.008698632745553603,0.013841489361702153,-0.013830998202108646,-0.036262433739656985,0.31,3,左侧观察,,64,10000,10000
30,M4A4 | Full Throttle (Factory New),969.0,936.0,244,41,0.168,0.9659,steamdt-live,970.0,146,1009.88,101,,14,12,7,2,8,10,6,5,0.009374999999999911,0.0,-0.040000000000000036,0.009374999999999911,0.04011887072808318,0.036363636363636376,0.06692344727973043,-0.06781210016450379,-0.24883720930232556,0.26,4,左侧观察,,64,10000,10000
31,★ Hand Wraps | Duct Tape (Minimal Wear),364.0,381.0,209,27,0.1292,1.0467,steamdt-live,369.0,68,397.5,59,,11,15,7,5,8,17,0,0,-0.01621621621621616,0.005494505494505475,-0.03893607626172113,-0.010810810810810811,0.04935064935064937,0.04571428571428582,0.07101883344332205,-0.06627889178019286,-0.20087336244541487,0.36,12,左侧观察,,63,10000,10000
32,★ Moto Gloves | POW! (Minimal Wear),878.0,1450.0,299,35,0.1171,1.6515,steamdt-live,900.0,282,892.92,69,"溢价求购:买一高于卖一,多为定向收特定图案,买一价不可作退出价",11,0,9,5,10,20,3,5,-0.011350059737156526,0.06102719033232629,-0.056369785794814,0.04898446833930703,0.01237345331833517,0.06102719033232629,0.09948717948717944,-0.09391124871001033,-0.14798641436196025,0.36,10,左侧观察,买一异常溢价(不作为可成交退出价),63,0,0
33,Desert Eagle | Mulberry (Factory New),70.0,68.0,1101,38,0.0345,0.9714,steamdt-live,67.34,590,72.08,304,,3,12,15,2,10,10,6,5,-0.0001488095238095788,0.002232475070695239,-0.055914582747963015,0.002083333333333437,0.0496754163138583,0.03600000000000003,0.1388746803069053,-0.13821346301510107,-0.2114754098360656,0.3,9,左侧观察,,63,10000,10000
34,AWP | PAW (Factory New),41.5,40.6,1281,30,0.0234,0.9783,steamdt-live,40.49,1062,42.88,317,,3,12,15,2,10,10,6,5,0.02564102564102555,0.012250000000000094,-0.05339805825242727,0.038205128205128336,0.02574590952839273,0.038205128205128336,0.08393665158371044,-0.051756440281030436,-0.07196882878753152,0.36,10,左侧观察,,63,10000,10000
35,★ Bloodhound Gloves | Snakebite (Field-Tested),1147.21,1120.0,242,49,0.2025,0.9763,steamdt-live,1350.0,19,1230.1,64,,17,12,7,5,8,10,3,0,0.09799160502192872,-0.0166715238372791,-0.03076796774517232,0.07968641180567326,0.0669296461976413,0.09258095238095243,0.0669296461976413,0.0539462925704417,-0.044230609014413,0.14,18,左侧观察,,62,10000,10000
36,AK-47 | Aphrodite (Factory New),1660.0,1640.0,357,56,0.1569,0.988,steamdt-live,1780.0,214,1700.03,195,,14,12,9,2,4,10,6,5,0.06920798244014104,-0.023546643294530045,-0.03899063161075855,0.04403172346995898,0.023546643294530045,0.04403172346995898,0.023546643294530045,-0.005392450569203122,-0.08791208791208793,0.36,6,左侧观察,,62,10000,10000
37,Glock-18 | Weasel (Factory New),275.0,267.0,477,85,0.1782,0.9709,steamdt-live,285.0,62,280.0,41,,14,12,9,2,8,10,6,0,0.05267073352179752,-0.028268551236749095,-0.015238095238095384,0.022913256955810146,0.05982905982905984,0.05162523900573612,0.05982905982905984,0.06796116504854366,0.3826738398109508,0.36,21,左侧观察,,61,10000,10000
38,Five-SeveN | Fowl Play (Factory New),405.0,377.0,171,27,0.1579,0.9309,steamdt-live,486.35,46,428.98,34,,14,9,7,2,10,10,6,3,0.03195922876079549,-0.014718404087094017,-0.012837670384138855,0.016770435830488095,0.0357142857142857,0.04516129032258065,0.11668484187568162,-0.11668484187568162,-0.016990291262135915,0.36,10,左侧观察,,61,10000,10000
39,Five-SeveN | Angry Mob (Factory New),504.5,491.0,260,33,0.1269,0.9732,steamdt-live,520.0,79,528.16,95,,11,12,9,2,8,8,6,5,0.019607843137254832,-0.029807692307692313,-0.06422018348623848,-0.010784313725490158,0.07431192660550456,0.0,0.07561793429466623,-0.016569200779727122,0.11025528169014098,0.36,8,左侧观察,,61,10000,10000
40,AWP | Fever Dream (Factory New),98.5,96.0,1179,41,0.0348,0.9746,steamdt-live,97.9,493,100.76,458,,3,12,15,2,10,10,6,3,0.030967741935483906,0.0012515644555695093,-0.06626506024096379,0.032258064516129004,0.036144578313252906,0.03336921420882666,0.08996113375675419,-0.07692307692307687,-0.26436781609195403,0.36,17,左侧观察,,61,10000,10000
41,★ Specialist Gloves | Lime Polycam (Minimal Wear),3100.0,4280.0,33,35,1.0606,1.3806,steamdt-live,3080.0,34,3386.0,23,"溢价求购:买一高于卖一,多为定向收特定图案,买一价不可作退出价",20,0,4,5,10,10,6,5,0.030100334448160515,0.0,-0.06504065040650409,0.030100334448160515,0.03704861653900271,0.030100334448160515,0.09385113268608414,-0.09131140286177908,-0.18486171761280934,0.11,6,左侧观察,买一异常溢价(不作为可成交退出价),60,0,0
42,★ Sport Gloves | Red Racer (Minimal Wear),1635.0,2130.0,50,18,0.36,1.3028,steamdt-live,1649.5,69,1778.5,29,"溢价求购:买一高于卖一,多为定向收特定图案,买一价不可作退出价",20,0,4,5,10,10,6,5,-0.0003106554830692998,0.01615910503418272,-0.052956751985878237,0.01584342963653307,0.0379523389232127,0.02187500000000009,0.09141428174492916,-0.08913649025069637,-0.1502079002079002,0.36,8,左侧观察,买一异常溢价(不作为可成交退出价),60,0,0
43,★ Specialist Gloves | Lime Polycam (Field-Tested),1358.5,1900.0,140,43,0.3071,1.3986,steamdt-live,1385.0,153,1487.5,54,"溢价求购:买一高于卖一,多为定向收特定图案,买一价不可作退出价",20,0,7,5,10,9,4,5,-0.004392386530014614,-0.0011029411764705843,-0.08730105702029856,-0.005490483162518323,0.0931241655540721,0.007042253521126751,0.1132448645226144,-0.11092931937172779,-0.18162650602409636,0.11,12,左侧观察,买一异常溢价(不作为可成交退出价),60,0,0
44,Desert Eagle | Code Red (Factory New),1114.5,1090.0,246,63,0.2561,0.978,steamdt-live,1148.88,63,1134.51,98,,17,12,7,2,4,10,3,5,0.028639846743295116,0.03780612719992549,-0.021555763823805085,0.06752873563218387,0.01568544327274657,0.0836169178415167,0.01568544327274657,0.08944281524926678,0.04647887323943656,0.36,12,左侧观察,,60,10000,10000
45,★ Specialist Gloves | Blackbook (Field-Tested),1400.0,2130.0,170,40,0.2353,1.5214,steamdt-live,1396.98,184,1461.92,65,"溢价求购:买一高于卖一,多为定向收特定图案,买一价不可作退出价",17,0,7,5,10,10,6,5,-0.0003741007194244528,0.005397702737714782,-0.04137931034482756,0.005021582733812924,0.036233183856502205,0.03479999999999994,0.11387250237868696,-0.11719875635095167,-0.15051383399209484,0.11,6,左侧观察,买一异常溢价(不作为可成交退出价),60,0,0
46,★ Sport Gloves | Arid (Minimal Wear),7299.0,7130.0,159,35,0.2201,0.9768,steamdt-live,7150.0,35,7396.5,32,,17,12,7,5,6,10,3,0,0.09160305343511443,0.0,-0.010499282423143796,0.09160305343511443,0.0337824780844298,0.09160305343511443,0.0337824780844298,0.05147058823529416,-0.11597428288822953,0.35,6,左侧观察,,60,10000,10000
47,MP9 | Hydra (Factory New),243.9,225.0,126,19,0.1508,0.9225,steamdt-live,258.3,78,254.2,83,,14,6,7,2,10,10,6,5,0.002049180327868827,-0.0024539877300613355,-0.06477577615944796,-0.0004098360655737654,0.06372360844529745,0.0020542317173377622,0.08992537313432836,-0.08273787138021804,-0.15224191866527625,0.19,8,左侧观察,,60,10000,10000
48,Desert Eagle | Mecha Industries (Factory New),160.0,158.0,1019,98,0.0962,0.9875,steamdt-live,163.85,356,162.36,146,,7,12,15,2,8,10,3,3,0.07261437908496737,-0.025044177685698665,-0.01916789537790886,0.045751633986928164,0.05815870025900638,0.08843537414965996,0.05815870025900638,0.03305785123966953,0.032258064516129004,0.3,20,左侧观察,,60,10000,10000
49,AK-47 | The Oligarch (Factory New),1426.57,1380.0,200,36,0.18,0.9674,steamdt-live,1430.0,175,1468.0,94,,14,12,7,2,10,5,4,5,-0.006896551724137945,-0.009326388888888926,-0.03204272363150873,-0.016158620689655234,0.047683578104138924,0.0,0.08465190888675012,-0.08465190888675012,-0.1838844393592678,0.36,4,左侧观察,,59,0,0
50,AK-47 | Crane Flight (Factory New),294.0,278.0,242,40,0.1653,0.9456,steamdt-live,290.0,199,294.0,122,,14,9,7,2,8,10,6,3,-0.0066564260112647045,-0.0034364261168384758,-0.020234113712374602,-0.010069977811913211,0.03494176372712143,0.01754385964912286,0.054543083493626354,-0.046052631578947345,-0.12624284423018972,0.36,15,左侧观察,,59,0,0
51,M4A1-S | Control Panel (Factory New),928.0,910.0,718,109,0.1518,0.9806,steamdt-live,950.0,70,950.0,108,,14,12,12,2,6,10,3,0,0.08882521489971351,-0.023157894736842155,-0.016901408450704203,0.06361031518624638,0.047130095492350366,0.09305064782096584,0.047130095492350366,0.10541989279332942,-0.20343347639484977,0.36,20,左侧观察,,59,0,0
52,FAMAS | Valence (Factory New),173.99,170.0,250,31,0.124,0.9771,steamdt-live,174.0,98,173.99,94,,11,12,7,2,6,10,6,5,0.05914893617021266,-0.0013774895253400032,-0.08351440191654136,0.05768996960486317,0.027880210079338386,0.05775427077633899,0.030642375619811646,0.09517215333291373,-0.16949880668257755,0.32,6,左侧观察,,59,0,0
53,Glock-18 | Ramese's Reach (Factory New),391.5,371.0,541,58,0.1072,0.9476,steamdt-live,390.0,103,389.0,140,,11,9,12,2,6,10,6,3,0.04574468085106376,-0.010681586978636748,-0.04616945712836118,0.034574468085106336,0.018023930933508292,0.05420054200542013,0.03950617283950619,0.02233902759526929,-0.19793814432989687,0.36,14,左侧观察,,59,0,0
54,MP9 | Airlock (Factory New),133.19,129.0,262,20,0.0763,0.9685,steamdt-live,136.14,108,142.13,95,,7,12,9,2,8,10,6,5,0.01798201798201804,0.005435192873858297,-0.059346537516264286,0.02351494659186959,0.04069432440218956,0.02453846153846162,0.07487671042578314,-0.07487671042578314,-0.21652941176470586,0.36,5,左侧观察,,59,0,0
55,★ Sport Gloves | Bronze Morph (Field-Tested),411.0,414.0,334,20,0.0599,1.0073,steamdt-live,414.4,252,423.0,142,,3,15,9,5,6,10,6,5,0.026119402985074647,-0.0036363636363636598,-0.028962052223483692,0.02238805970149249,0.021428571428571463,0.02238805970149249,0.04971098265895957,-0.028368794326241176,-0.15082644628099173,0.32,16,左侧观察,,59,0,0
56,AWP | Graphite (Factory New),774.65,801.0,594,22,0.037,1.034,steamdt-live,775.0,423,789.12,339,,3,15,12,2,6,10,6,5,0.0005239030779304876,0.014059431862809335,-0.03533930534322216,0.014590700720366723,0.021264229850784022,0.01658792650918639,0.043654320987654316,-0.03109443402126333,-0.12470056497175142,0.36,9,左侧观察,,59,0,0
57,AWP | Neo-Noir (Factory New),299.5,294.0,1040,38,0.0365,0.9816,steamdt-live,300.0,615,310.51,265,,3,12,15,2,6,10,6,5,0.0345423143350605,0.0,-0.050819672131147575,0.0345423143350605,0.0180327868852459,0.0345423143350605,0.043100418543723484,-0.04006410256410253,-0.05520504731861198,0.32,15,左侧观察,,59,0,0
58,★ Specialist Gloves | Pillow Punchers (Minimal Wear),7588.0,9530.0,93,36,0.3871,1.2559,steamdt-live,7849.0,98,7739.0,27,"溢价求购:买一高于卖一,多为定向收特定图案,买一价不可作退出价",20,0,4,5,8,10,6,5,-0.00013422818791941626,0.0186602228487045,-0.05095541401273884,0.018523489932885884,0.033375796178343964,0.027070925825663172,0.07912621359223304,-0.07912621359223304,-0.11767441860465111,0.11,5,左侧观察,买一异常溢价(不作为可成交退出价),58,0,0
59,★ Sport Gloves | Violet Beadwork (Minimal Wear),3210.0,4570.0,55,20,0.3636,1.4237,steamdt-live,3449.0,59,3318.1,24,"溢价求购:买一高于卖一,多为定向收特定图案,买一价不可作退出价",20,0,4,5,10,10,6,3,-0.038358208955223905,-0.0035697656371255215,-0.06044033094937595,-0.04179104477611939,0.09957924263674611,0.0,0.11325966850828728,-0.11350455675227833,-0.18693009118541037,0.11,6,左侧观察,买一异常溢价(不作为可成交退出价),58,0,0
60,AK-47 | Asiimov (Factory New),2045.0,1990.0,227,76,0.3348,0.9731,steamdt-live,2290.0,79,2098.17,77,,20,12,7,2,4,10,0,3,0.10810810810810811,-0.0024390243902439046,-0.0250277998830033,0.10540540540540544,0.021273540883964603,0.14984537531627784,0.021273540883964603,0.12362637362637363,-0.09892046706322977,0.36,19,左侧观察,,58,0,0
61,P250 | Lotus Imprint (Factory New),74.9,66.0,79,20,0.2532,0.8812,steamdt-live,74.61,91,75.9,92,,17,6,4,2,8,10,6,5,0.0108108108108107,-0.002540106951871679,-0.038961038961038974,0.008243243243243326,0.041002570694087415,0.02655476059438633,0.05556962025316459,-0.05437262357414452,-0.1463386727688788,0.36,6,左侧观察,,58,0,0
62,★ Specialist Gloves | Foundation (Minimal Wear),5849.0,5710.0,168,34,0.2024,0.9762,steamdt-live,6380.0,35,5900.0,35,,17,12,7,5,4,10,0,3,0.1344894026974952,-0.006623641304347783,-0.03888888888888886,0.12697495183044305,0.024922897391014387,0.14238281249999996,0.024922897391014387,0.04952637632581447,-0.11887437670417744,0.36,11,左侧观察,,58,0,0
63,★ Driver Gloves | Garden (Field-Tested),973.4,1520.0,180,34,0.1889,1.5615,steamdt-live,989.5,175,998.0,108,"溢价求购:买一高于卖一,多为定向收特定图案,买一价不可作退出价",14,0,7,5,10,15,4,3,-0.005102040816326481,-0.0016410256410256396,-0.037328094302554016,-0.00673469387755099,0.04941406250000002,0.024631578947368338,0.11428571428571432,-0.11428571428571432,-0.1985179086043639,0.36,10,左侧观察,买一异常溢价(不作为可成交退出价),58,0,0
64,M4A4 | Bullet Rain (Factory New),1369.0,1330.0,317,46,0.1451,0.9715,steamdt-live,1430.5,65,1400.0,129,,11,12,9,2,6,10,3,5,0.06351726875744346,0.022023142963792486,-0.051224105461393554,0.08693926161175058,0.03216684340756448,0.09519999999999995,0.03216684340756448,0.02932330827067675,-0.135016964787798,0.35,13,左侧观察,,58,0,0
65,AWP | Hyper Beast (Factory New),925.0,912.0,364,52,0.1429,0.9859,steamdt-live,943.82,90,938.54,90,,11,12,9,2,6,10,3,5,0.042873051224944225,-0.012279765082754968,-0.02125340599455039,0.030066815144766057,0.03645833333333337,0.06334061386366252,0.03645833333333337,0.014254385964912242,-0.059959349593495914,0.36,14,左侧观察,,58,0,0
66,USP-S | Whiteout (Factory New),2425.99,2290.0,153,18,0.1176,0.9439,steamdt-live,2468.84,58,2444.5,43,,11,9,7,2,8,10,6,5,0.01770000000000005,-0.007156660443483731,-0.0695510583856711,0.01041666666666674,0.05985888191052191,0.01041666666666674,0.07442748091603058,-0.07442748091603058,-0.17796610169491522,0.36,5,左侧观察,,58,0,0
67,Glock-18 | Bullet Queen (Factory New),688.0,670.0,465,52,0.1118,0.9738,steamdt-live,720.0,85,700.0,117,,11,12,9,2,6,10,3,5,0.06386292834890961,0.007320644216691097,-0.04606240713224363,0.07165109034267902,0.030985915492957705,0.08346456692913384,0.030985915492957705,0.033033033033033066,-0.11511254019292605,0.29,16,左侧观察,,58,0,0
68,★ Hand Wraps | CAUTION! (Minimal Wear),1038.0,1420.0,249,27,0.1084,1.368,steamdt-live,1042.0,164,1064.29,79,"溢价求购:买一高于卖一,多为定向收特定图案,买一价不可作退出价",11,0,7,5,8,20,4,3,-0.015165048543689275,0.023285159407717027,-0.018580276322058165,0.007766990291262044,0.010957598856598416,0.038000000000000034,0.077267716815418,-0.077267716815418,-0.15403422982885084,0.36,11,左侧观察,买一异常溢价(不作为可成交退出价),58,0,0
69,★ Sport Gloves | Omega (Field-Tested),1006.5,1640.0,913,69,0.0756,1.6294,steamdt-live,1000.0,773,1049.0,235,"溢价求购:买一高于卖一,多为定向收特定图案,买一价不可作退出价",7,0,15,5,10,10,6,5,0.020618556701030855,0.010101010101010166,-0.052271617000488546,0.030927835051546282,0.022960429897410872,0.04166666666666674,0.10634495084897233,-0.10554561717352418,-0.1663192997082118,0.36,10,左侧观察,买一异常溢价(不作为可成交退出价),58,0,0
70,★ Hand Wraps | Giraffe (Field-Tested),225.5,222.0,382,18,0.0471,0.9845,steamdt-live,225.0,303,237.09,100,,3,12,9,5,8,10,6,5,0.013408071748878925,-0.00659321208903052,-0.054122836783169315,0.006726457399103047,0.04776043434000676,0.011261261261261257,0.0723140495867769,-0.06846473029045641,-0.09929789368104314,0.36,14,左侧观察,,58,0,0
71,M4A1-S | Cyrex (Factory New),1175.98,1150.0,557,26,0.0467,0.9779,steamdt-live,1170.0,236,1179.5,121,,3,12,12,2,8,10,6,5,0.017419798391057117,0.02676612549363755,-0.06628595248020008,0.04465218439450358,0.024593580658607728,0.04716727826009137,0.05186385737439225,-0.05186385737439225,-0.0859375,0.36,7,左侧观察,,58,0,0
72,Desert Eagle | Blaze (Factory New),3600.0,3470.0,497,14,0.0282,0.9639,steamdt-live,3588.0,449,3797.5,130,,3,12,9,2,8,19,2,3,-0.027642728156688445,0.025142857142857133,-0.027162162162162162,-0.0031948881789137795,0.0398689854669132,0.025289327046720933,0.06562500000000004,-0.06550088683653288,-0.12466455232983653,0.36,7,左侧观察,,58,0,0
73,M4A1-S | Liquidation (Factory New),55.5,52.0,1230,25,0.0203,0.9369,steamdt-live,57.0,576,57.94,275,,3,9,15,2,8,10,6,5,-0.005424954792043302,0.0072727272727273196,0.007285974499089187,0.001808318264014508,0.014234875444839923,0.00910746812386165,0.06576728499156825,-0.06576728499156825,-0.12893081761006298,0.36,12,左侧观察,,58,0,0
74,★ Specialist Gloves | Sunburst (Minimal Wear),1897.5,2300.0,60,16,0.2667,1.2121,steamdt-live,1886.5,57,2014.5,19,"溢价求购:买一高于卖一,多为定向收特定图案,买一价不可作退出价",17,0,4,5,10,10,6,5,-0.0007944915254237683,0.0,-0.050540608498868544,-0.0007944915254237683,0.05129494593915007,0.008823529411764675,0.10102025742319465,-0.10102025742319465,-0.15365634813817852,0.36,3,左侧观察,买一异常溢价(不作为可成交退出价),57,0,0
75,★ Moto Gloves | Smoke Out (Minimal Wear),1030.0,1790.0,144,27,0.1875,1.7379,steamdt-live,1050.0,120,1080.0,59,"溢价求购:买一高于卖一,多为定向收特定图案,买一价不可作退出价",14,0,7,5,10,10,6,5,0.02020202020202011,0.01980198019801982,-0.0730337078651685,0.04040404040404044,0.03738317757009346,0.053169734151329306,0.09248702608879533,-0.09248702608879533,-0.14166666666666672,0.36,7,左侧观察,买一异常溢价(不作为可成交退出价),57,0,0
76,★ Sport Gloves | Red Racer (Field-Tested),725.0,930.0,248,39,0.1573,1.2828,steamdt-live,719.5,207,757.5,104,"溢价求购:买一高于卖一,多为定向收特定图案,买一价不可作退出价",14,0,7,5,10,10,6,5,-0.00070175438596487,0.010533707865168607,-0.056291390728476776,0.009824561403508847,0.047019867549668914,0.027857142857142803,0.10842627013630735,-0.10062499999999996,-0.1869137755678607,0.36,11,左侧观察,买一异常溢价(不作为可成交退出价),57,0,0
77,M4A1-S | Mecha Industries (Factory New),1366.5,1350.0,566,75,0.1325,0.9879,steamdt-live,1395.5,161,1385.5,101,,11,12,12,2,4,10,6,0,0.04949487276870501,-0.01205795926638975,-0.01642161257545871,0.03684010634257495,0.022206303724928378,0.050000000000000044,0.022206303724928378,0.03135625236116368,-0.03191489361702127,0.36,15,左侧观察,,57,0,0
78,USP-S | The Traitor (Factory New),587.0,554.0,302,35,0.1159,0.9438,steamdt-live,598.87,90,608.0,123,,11,9,9,2,8,10,3,5,0.028154121863799286,0.02316501368287116,-0.05341905715109674,0.051971326164874654,0.013445378151260456,0.06727272727272737,0.059294871794871806,-0.04551293516967758,-0.1995418160991641,0.36,13,左侧观察,,57,0,0
79,USP-S | Blueprint (Factory New),561.48,554.0,212,19,0.0896,0.9867,steamdt-live,570.29,94,585.5,70,,7,12,7,2,8,10,6,5,-0.0009261238156300644,0.000926982316029612,-0.017188867495186333,0.0,0.017188867495186333,0.020872727272727376,0.051554054054054,-0.051554054054054,-0.20238653313445565,0.36,5,左侧观察,,57,0,0
80,Glock-18 | Wasteland Rebel (Factory New),731.5,719.0,457,39,0.0853,0.9829,steamdt-live,729.5,103,732.39,153,,7,12,9,2,6,10,6,5,0.03642857142857148,0.005513439007581056,-0.05787348586810226,0.04214285714285704,0.01816958277254377,0.04214285714285704,0.031157033574160664,-0.029920212765957466,-0.05977728514718772,0.36,6,左侧观察,,57,0,0
81,★ Broken Fang Gloves | Needle Point (Minimal Wear),328.0,323.0,105,8,0.0762,0.9848,steamdt-live,369.5,57,385.0,26,,7,12,7,5,10,11,2,3,-0.023668639053254448,-0.0060606060606061,-0.05451900752468608,-0.029585798816568087,0.10164060146257292,0.009230769230769154,0.10748299319727894,-0.07605633802816902,-0.14674436148903525,0.36,8,左侧观察,,57,0,0
82,M4A4 | The Battlestar (Factory New),481.0,464.0,673,50,0.0743,0.9647,steamdt-live,510.91,89,496.37,184,,7,12,12,2,6,10,3,5,0.037841880341880296,-0.009697144386568102,-0.01473684210526316,0.02777777777777768,0.035105315947843496,0.07486033519553081,0.035105315947843496,0.008449168710820354,-0.226862121065998,0.33,8,左侧观察,,57,0,0
83,AK-47 | Elite Build (Factory New),44.39,42.6,1105,23,0.0208,0.9597,steamdt-live,42.5,770,45.25,405,,3,9,15,2,10,10,3,5,0.07499999999999996,-0.0023255813953488857,-0.08883826879271073,0.07250000000000001,0.046666666666666745,0.07250000000000001,0.14337060702875404,-0.13993584603047315,-0.25391304347826094,0.36,7,左侧观察,,57,0,0
84,★ Sport Gloves | Blaze (Minimal Wear),1398.5,1570.0,35,21,0.6,1.1226,steamdt-live,1400.0,43,1443.4,25,"溢价求购:买一高于卖一,多为定向收特定图案,买一价不可作退出价",20,0,4,5,8,10,6,3,-0.021126760563380254,0.006115107913668982,0.0,-0.01514084507042257,0.01514084507042257,0.0064771500539761995,0.06704469646430955,-0.05919946182307434,-0.1340557275541796,0.36,4,左侧观察,买一异常溢价(不作为可成交退出价),56,0,0
85,★ Driver Gloves | Wave Chaser (Minimal Wear),3050.0,4600.0,46,20,0.4348,1.5082,steamdt-live,3000.0,56,3164.54,16,"溢价求购:买一高于卖一,多为定向收特定图案,买一价不可作退出价",20,0,4,5,6,10,6,5,0.00034494653328742686,0.034482758620689724,-0.06181229773462782,0.03483959986202145,0.029126213592232997,0.03878116343490312,0.036918138041733495,-0.013157894736842146,-0.04761904761904767,0.36,3,左侧观察,买一异常溢价(不作为可成交退出价),56,0,0
86,M4A1-S | Nightmare (Factory New),1548.0,1530.0,404,56,0.1386,0.9884,steamdt-live,1600.0,55,1604.14,67,,11,12,9,2,6,10,3,3,0.06928502659556313,-0.011494252873563204,-0.048388564002599055,0.05699439410595897,0.041129831516352855,0.06324523325457432,0.041129831516352855,0.04383007417397167,-0.03114360104145808,0.36,16,左侧观察,,56,0,0
87,AWP | Wildfire (Factory New),922.5,905.0,476,63,0.1324,0.981,steamdt-live,970.0,162,949.36,157,,11,12,9,2,4,10,3,5,0.061955953544398756,-0.012841091492776902,-0.01897435897435895,0.048319279983636054,0.018617021276595702,0.07267441860465107,0.018617021276595702,0.038851351351351315,-0.05287474332648867,0.36,13,左侧观察,,56,0,0
88,Glock-18 | Gold Toof (Factory New),799.0,777.0,476,61,0.1282,0.9725,steamdt-live,825.0,104,810.0,137,,11,12,9,2,4,10,3,5,0.06400000000000006,0.0012406015037593754,-0.049429657794676785,0.06532000000000004,0.02917375455650062,0.08411126187245599,0.02917375455650062,0.10357734806629826,-0.19456653225806453,0.12,15,左侧观察,,56,0,0
89,★ Moto Gloves | Smoke Out (Field-Tested),581.8,681.0,306,39,0.1275,1.1705,steamdt-live,590.0,323,584.88,111,"溢价求购:买一高于卖一,多为定向收特定图案,买一价不可作退出价",11,0,9,5,10,10,6,5,0.004604149026248949,0.021615831709072886,-0.06145695364238413,0.02631950324583676,0.03515754560530693,0.038928571428571423,0.09093750000000012,-0.0965838509316771,-0.18969359331476332,0.36,10,左侧观察,买一异常溢价(不作为可成交退出价),56,0,0
90,Desert Eagle | Golden Koi (Factory New),1232.5,1200.0,468,55,0.1175,0.9736,steamdt-live,1289.5,168,1270.0,148,,11,12,9,2,4,10,3,5,0.038600836309044206,0.006533278889342631,-0.018734914689970905,0.04538630522735554,0.019490851233094686,0.07173913043478253,0.019490851233094686,-0.006048387096774244,-0.14171309192200554,0.36,11,左侧观察,,56,0,0
91,AWP | Sun in Leo (Factory New),424.5,417.0,1146,65,0.0567,0.9823,steamdt-live,449.5,459,445.0,294,,3,12,15,2,8,10,3,3,0.06475716064757164,-0.007017543859649145,-0.02784503631961255,0.05728518057285181,0.05624722098710544,0.0926640926640927,0.05624722098710544,0.07196969696969702,-0.19660093114803734,0.36,18,左侧观察,,56,0,0
92,★ Driver Gloves | King Snake (Field-Tested),777.0,1550.0,1641,66,0.0402,1.9949,steamdt-live,760.0,1489,782.33,339,"溢价求购:买一高于卖一,多为定向收特定图案,买一价不可作退出价",3,0,15,5,8,16,4,5,-0.007055134570159383,0.0,-0.016195372750642756,-0.007055134570159383,0.023136246786632397,0.01333333333333342,0.06114885731933295,-0.06114885731933295,-0.1449914499144992,0.36,8,左侧观察,买一异常溢价(不作为可成交退出价),56,0,0
93,★ Broken Fang Gloves | Unhinged (Minimal Wear),445.0,468.0,63,22,0.3492,1.0517,steamdt-live,448.99,62,458.63,57,"溢价求购:买一高于卖一,多为定向收特定图案,买一价不可作退出价",20,0,4,5,8,10,3,5,0.004728132387706863,0.04705882352941182,-0.08540540540540542,0.05200945626477549,0.03679653679653683,0.07358262967430629,0.06512605042016806,-0.05720338983050843,-0.14175506268081006,0.15,7,左侧观察,买一异常溢价(不作为可成交退出价),55,0,0
94,★ Sport Gloves | Superconductor (Minimal Wear),15500.0,24030.0,185,43,0.2324,1.5503,steamdt-live,15999.5,135,16000.0,31,"溢价求购:买一高于卖一,多为定向收特定图案,买一价不可作退出价",17,0,7,5,8,10,3,5,0.0877683754108678,-0.0035360678925034916,-0.05927631578947368,0.08392195258409685,0.021527777777777812,0.08392195258409685,0.057782911334691045,-0.057782911334691045,-0.15743408534927972,0.17,12,左侧观察,买一异常溢价(不作为可成交退出价),55,0,0
95,M4A1-S | Hyper Beast (Factory New),1686.0,1640.0,230,45,0.1957,0.9727,steamdt-live,1720.0,52,1750.0,71,,14,12,7,2,4,10,3,3,0.024367088607594845,0.0417052826691382,-0.041843541540327434,0.06708860759493662,0.023174971031286185,0.06810262907823894,0.023174971031286185,-0.008235294117647007,-0.05810055865921793,0.36,12,左侧观察,,55,0,0
96,★ Specialist Gloves | Cloud Chaser (Field-Tested),2499.5,3200.0,159,31,0.195,1.2803,steamdt-live,2579.99,161,2650.0,54,"溢价求购:买一高于卖一,多为定向收特定图案,买一价不可作退出价",14,0,7,5,8,10,6,5,-0.00040363595266157404,0.009295451608734906,-0.008809761952390471,0.00888806367760786,0.030825901512213982,0.011943319838056743,0.06244959658513338,-0.06244959658513338,-0.146462231935528,0.36,5,左侧观察,买一异常溢价(不作为可成交退出价),55,0,0
97,★ Moto Gloves | Turtle (Minimal Wear),688.0,970.0,141,22,0.156,1.4099,steamdt-live,686.5,131,680.0,67,"溢价求购:买一高于卖一,多为定向收特定图案,买一价不可作退出价",14,0,7,5,8,10,6,5,-0.004787878787878785,0.035259728396565215,-0.04139433551198257,0.030303030303030276,0.012345679012345734,0.03861192570869987,0.060306229616936546,-0.05581782838100535,-0.14465408805031443,0.36,9,左侧观察,买一异常溢价(不作为可成交退出价),55,0,0
98,AWP | CMYK (Factory New),3425.0,3330.0,261,36,0.1379,0.9723,steamdt-live,3488.0,72,3580.0,58,,11,12,9,2,6,10,0,5,0.08801612903225808,0.015461701528381111,-0.04098994586233562,0.10483870967741926,0.02128875553650522,0.10841423948220075,0.04034743625665449,-0.04034474739352023,-0.22842982653750843,0.36,9,左侧观察,,55,0,0
99,M4A4 | Cyber Security (Factory New),772.0,750.0,397,48,0.1209,0.9715,steamdt-live,787.62,63,779.86,111,,11,12,9,2,6,10,0,5,0.07946684201153431,-0.02030456852791873,-0.03757465490645884,0.057548733544295017,0.03379224030037542,0.1052254831782391,0.03379224030037542,0.030020013342228147,-0.19076719881759763,0.36,13,左侧观察,,55,0,0
100,★ Specialist Gloves | Lt. Commander (Field-Tested),589.0,703.0,515,50,0.0971,1.1935,steamdt-live,575.0,488,581.5,170,"溢价求购:买一高于卖一,多为定向收特定图案,买一价不可作退出价",7,0,12,5,10,10,6,5,0.0108108108108107,0.024955436720142554,-0.041450777202072575,0.03603603603603611,0.012027491408934665,0.03603603603603611,0.09291686385865272,-0.09291686385865272,-0.1895701198026779,0.36,12,左侧观察,买一异常溢价(不作为可成交退出价),55,0,0
101,★ Driver Gloves | Snow Leopard (Field-Tested),1457.5,2030.0,534,49,0.0918,1.3928,steamdt-live,1494.5,488,1530.0,212,"溢价求购:买一高于卖一,多为定向收特定图案,买一价不可作退出价",7,0,12,5,10,10,6,5,0.01286318876434156,0.0,-0.05173640856672157,0.01286318876434156,0.03953871499176276,0.04107142857142865,0.10030864197530864,-0.10030864197530864,-0.14239482200647247,0.36,9,左侧观察,买一异常溢价(不作为可成交退出价),55,0,0
102,★ Sport Gloves | Ultra Violent (Field-Tested),5039.99,6300.0,562,49,0.0872,1.25,steamdt-live,4999.5,580,5184.0,159,"溢价求购:买一高于卖一,多为定向收特定图案,买一价不可作退出价",7,0,12,5,10,10,6,5,0.03157894736842115,0.020306122448979558,-0.06853613099323463,0.052526315789473754,0.019609765663300305,0.052637119696810286,0.11825396825396828,-0.11825396825396828,-0.1692422731804586,0.36,6,左侧观察,买一异常溢价(不作为可成交退出价),55,0,0
103,USP-S | Neo-Noir (Factory New),673.0,662.0,467,39,0.0835,0.9837,steamdt-live,678.0,242,684.0,136,,7,12,9,2,4,10,6,5,0.026575550493545874,-0.004437869822485174,-0.033039647577092546,0.022019741837509432,0.011747430249632873,0.03538461538461535,0.023222060957910018,-0.023222060957910018,-0.07042914957388913,0.36,9,左侧观察,,55,0,0
104,★ Moto Gloves | 3rd Commando Company (Field-Tested),223.5,230.0,195,15,0.0769,1.0291,steamdt-live,224.0,194,231.32,116,,7,15,7,5,8,10,3,0,-0.004555808656036442,0.022883295194507935,-0.022271714922049046,0.018223234624145768,0.024017467248908297,0.06428571428571428,0.05739951921049302,-0.05739951921049302,-0.09146341463414631,0.36,12,左侧观察,,55,0,0
105,M4A4 | X-Ray (Factory New),767.0,756.0,911,67,0.0735,0.9857,steamdt-live,815.0,256,800.0,206,,7,12,15,2,6,10,3,0,0.05585158871126894,0.024032042723631575,-0.01951624049758116,0.08122585920099246,0.04158544509421702,0.09651317388382963,0.04158544509421702,0.05502063273727642,-0.21494370522006145,0.36,17,左侧观察,,55,0,0
106,AK-47 | Head Shot (Factory New),518.5,500.0,358,24,0.067,0.9643,steamdt-live,517.5,212,540.0,104,,7,12,9,2,6,10,6,3,-0.016374787841382465,0.014725778936841794,-0.005790987535953973,-0.001890140410430563,0.030880728103522603,0.018720840961436336,0.032710280373831724,-0.010516252390057379,-0.12540138583741767,0.36,6,左侧观察,,55,0,0
107,P250 | Muertos (Factory New),115.88,112.0,252,16,0.0635,0.9665,steamdt-live,115.0,137,120.49,173,,7,12,9,2,4,10,6,5,0.041474654377880116,0.017699115044247815,-0.03982300884955747,0.05990783410138256,0.020442930153321992,0.05990783410138256,0.020442930153321992,0.05990783410138256,-0.22766957689724654,0.36,7,左侧观察,,55,0,0
108,M4A1-S | Fatal Glitch (Factory New),574.5,555.0,30,23,0.7667,0.9661,steamdt-live,545.0,36,579.86,55,,20,12,4,2,8,4,4,0,0.017985611510791477,-0.03710247349823326,-0.03135888501742157,-0.01978417266187049,0.05307966293110933,0.0,0.06837606837606836,-0.06837606837606836,-0.1816202417598919,0.36,5,左侧观察,,54,0,0
109,★ Driver Gloves | Seigaiha (Field-Tested),485.0,583.0,68,24,0.3529,1.2021,steamdt-live,485.0,68,488.0,43,"溢价求购:买一高于卖一,多为定向收特定图案,买一价不可作退出价",20,0,4,5,4,10,6,5,0.01991614255765195,-0.0030832476875641834,-0.028315339172947596,0.016771488469601747,0.016227180527383367,0.016771488469601747,0.02020202020202022,-0.009193054136874323,-0.052549326040242206,0.36,6,左侧观察,买一异常溢价(不作为可成交退出价),54,0,0
110,★ Sport Gloves | Creme Pinstripe (Field-Tested),503.0,670.0,116,34,0.2931,1.332,steamdt-live,504.0,115,518.0,44,"溢价求购:买一高于卖一,多为定向收特定图案,买一价不可作退出价",17,0,7,5,6,10,6,3,0.011122345803842304,0.006000000000000005,-0.01100000000000001,0.01718907987866536,0.023300970873786353,0.02862985685071573,0.04734848484848486,-0.031761308950914335,-0.08545454545454545,0.25,14,左侧观察,买一异常溢价(不作为可成交退出价),54,0,0
111,Tec-9 | Decimator (Factory New),638.99,609.0,209,56,0.2679,0.9531,steamdt-live,650.0,57,679.33,43,,17,9,7,2,4,10,0,5,0.09744270328211924,-0.009317829457364368,-0.04743922204213935,0.08721691933370757,0.013904320987654262,0.11713491494606543,0.01618167821401073,-0.01618167821401073,-0.03838976674191119,0.36,15,左侧观察,,54,0,0
112,★ Moto Gloves | Blood Pressure (Minimal Wear),1140.0,1610.0,111,27,0.2432,1.4123,steamdt-live,1180.0,82,1218.0,37,"溢价求购:买一高于卖一,多为定向收特定图案,买一价不可作退出价",17,0,7,5,6,10,4,5,0.03642987249544616,0.0017574692442883233,-0.06949152542372883,0.03825136612021862,0.022298456260720356,0.03825136612021862,0.04920767306088403,-0.04920767306088403,-0.1334093500570125,0.35,8,左侧观察,买一异常溢价(不作为可成交退出价),54,0,0
113,★ Sport Gloves | Frosty (Field-Tested),980.0,1410.0,203,39,0.1921,1.4388,steamdt-live,983.0,213,1019.0,100,"溢价求购:买一高于卖一,多为定向收特定图案,买一价不可作退出价",14,0,7,5,10,10,3,5,0.021505376344086002,0.03157894736842115,-0.06720160481444337,0.053763440860215006,0.017051153460381108,0.0652173913043479,0.10502283105022836,-0.10502283105022836,-0.19507186858316217,0.36,10,左侧观察,买一异常溢价(不作为可成交退出价),54,0,0
114,M4A4 | Daybreak (Factory New),4000.0,3800.0,161,24,0.1491,0.95,steamdt-live,4179.9,47,3999.5,44,,11,9,7,2,6,10,6,3,0.029380018428327048,0.022863865374287196,-0.050137534383595916,0.05291562458865351,0.023535730852804027,0.05583421330517413,0.04272379128769743,-0.04272379128769743,-0.19364919354838706,0.35,13,左侧观察,,54,0,0
115,M4A4 | Royal Paladin (Factory New),1239.0,1200.0,306,44,0.1438,0.9685,steamdt-live,1260.0,87,1265.34,57,,11,12,9,2,2,10,3,5,0.04661016949152552,0.0032388663967610754,-0.03238238935948634,0.050000000000000044,0.014711729622266412,0.07272727272727275,0.014711729622266412,0.011849831358361484,-0.12868585573738212,0.35,13,左侧观察,,54,0,0
116,Glock-18 | Neo-Noir (Factory New),1117.0,1080.0,377,54,0.1432,0.9669,steamdt-live,1187.93,80,1156.5,110,,11,12,9,2,4,10,3,3,0.07071591959896839,0.015454545454545388,-0.04786839666357745,0.0872633474473159,0.02349896842326127,0.08943723788159574,0.02349896842326127,0.006759801712483027,-0.11092362061829408,0.3,11,左侧观察,,54,0,0
117,Glock-18 | Steel Disruption (Factory New),252.3,244.0,336,35,0.1042,0.9671,steamdt-live,265.0,62,254.31,76,,11,12,9,2,2,10,3,5,0.03167364016736407,0.023238836841464883,-0.047808764940239,0.055648535564853496,0.011750881316098694,0.0759061833688699,0.014453124999999956,0.03232405891980372,-0.18660132826100972,0.36,15,左侧观察,,54,0,0
118,M4A4 | Desert-Strike (Factory New),430.0,416.0,848,64,0.0755,0.9674,steamdt-live,454.5,130,455.0,167,,7,12,12,2,8,10,3,0,0.06390977443609014,0.012956419316843437,-0.022058823529411797,0.07769423558897248,0.05494505494505497,0.09833971902937422,0.05494505494505497,0.04878048780487809,-0.2117323556370303,0.36,15,左侧观察,,54,0,0
119,AWP | Crakow! (Factory New),428.0,421.0,705,53,0.0752,0.9836,steamdt-live,449.5,371,453.76,248,,7,12,12,2,8,10,3,0,0.008827238335435084,0.07000000000000006,-0.03292682926829271,0.07944514501891553,0.044642857142857095,0.08491761723700897,0.07853944195659668,-0.0795698924731183,-0.2329749103942652,0.36,14,左侧观察,,54,0,0
120,AWP | Ice Coaled (Factory New),158.0,149.0,443,32,0.0722,0.943,steamdt-live,160.08,247,167.0,157,,7,9,9,2,10,10,2,5,0.009490445859872576,-0.0030916777083728197,-0.030864197530864224,0.006369426751592355,0.053892215568862256,0.025974025974025983,0.09398474683181368,-0.053892215568862256,-0.12947658402203854,0.35,12,左侧观察,,54,0,0
121,★ Hand Wraps | Cobalt Skulls (Field-Tested),1099.5,1430.0,978,59,0.0603,1.3006,steamdt-live,1089.5,777,1093.0,228,"溢价求购:买一高于卖一,多为定向收特定图案,买一价不可作退出价",7,0,15,5,10,10,2,5,0.001941747572815622,0.05571705426356588,-0.07871198568872984,0.05776699029126209,0.02549194991055459,0.06813725490196076,0.10180628034856021,-0.10180628034856021,-0.16894865712171714,0.36,12,左侧观察,买一异常溢价(不作为可成交退出价),54,0,0
122,M4A1-S | Leaded Glass (Factory New),255.0,245.0,1039,60,0.0577,0.9608,steamdt-live,260.0,185,258.9,226,,3,12,15,2,4,10,3,5,0.04522633744855975,0.0020079530690184644,-0.02008226469876595,0.0473251028806585,0.02089023967991388,0.08528784648187626,0.02089023967991388,0.052087639520463025,-0.18035426731078907,0.14,15,左侧观察,,54,0,0
123,AK-47 | Legion of Anubis (Factory New),328.0,323.0,864,28,0.0324,0.9848,steamdt-live,326.0,310,327.54,234,,3,12,12,2,6,10,6,3,0.003166243455907658,0.018750000000000044,-0.03189681335356598,0.021975610520705846,0.012121212121212088,0.023580018210932918,0.042556315897676944,-0.042556315897676944,-0.06857142857142862,0.34,15,左侧观察,,54,0,0
124,AWP | Corticera (Factory New),840.0,802.0,170,30,0.1765,0.9548,steamdt-live,872.38,52,863.79,55,,14,9,7,2,6,10,0,5,0.07244594594594589,0.05845440455639417,-0.0691823899371069,0.1351351351351351,0.03945111492281306,0.1351351351351351,0.03945111492281306,0.005121332503709386,-0.09677419354838712,0.36,14,左侧观察,,53,0,0
125,★ Sport Gloves | Occult (Field-Tested),2778.0,3900.0,286,46,0.1608,1.4039,steamdt-live,2799.0,332,2849.5,83,"溢价求购:买一高于卖一,多为定向收特定图案,买一价不可作退出价",14,0,9,5,10,10,0,5,0.04071146245059287,0.05507026205848842,-0.12758620689655176,0.09802371541501986,0.04157322753148185,0.11119999999999997,0.08918032786885244,-0.08903098868666992,-0.15291965238603444,0.11,7,左侧观察,买一异常溢价(不作为可成交退出价),53,0,0
126,★ Hand Wraps | Leather (Minimal Wear),3896.5,3660.0,181,29,0.1602,0.9393,steamdt-live,4236.0,23,4181.5,22,,14,9,7,5,8,10,0,0,0.08879551820728282,0.002444044250064392,-0.008333333333333304,0.09145658263305312,0.06536339649796119,0.10132843414358406,0.06536339649796119,0.11711582568807333,-0.10322209436133489,0.36,13,左侧观察,,53,0,0
127,USP-S | Orange Anolis (Factory New),475.36,453.0,272,40,0.1471,0.953,steamdt-live,485.0,54,488.5,40,,11,9,9,2,6,10,6,0,0.032923076923077055,-0.01059619558279079,-0.010869565217391353,0.0219780219780219,0.047131147540983576,0.034482758620689724,0.04884634266077559,0.029900332225913706,-0.14833605011080786,0.36,19,左侧观察,,53,0,0
128,M4A4 | The Emperor (Factory New),1435.0,1400.0,378,49,0.1296,0.9756,steamdt-live,1499.5,196,1485.0,130,,11,12,9,2,6,10,0,3,0.06060606060606055,0.02499999999999991,-0.04541509979751224,0.08712121212121215,0.043333333333333335,0.10691998549819104,0.043333333333333335,-0.017123287671232834,-0.14988151658767768,0.36,15,左侧观察,,53,0,0
129,MP9 | Food Chain (Factory New),87.15,81.0,227,17,0.0749,0.9294,steamdt-live,81.9,136,89.38,110,,7,6,7,2,10,10,6,5,0.01948842874543244,-0.021505376344086002,-0.07545045045045051,-0.0024360535931788885,0.07770270270270263,0.02375000000000016,0.1556701030927834,-0.1556701030927834,-0.24159644411519576,0.23,5,左侧观察,,53,0,0
130,★ Sport Gloves | Slingshot (Field-Tested),1900.0,3210.0,1060,78,0.0736,1.6895,steamdt-live,1879.5,886,1994.0,256,"溢价求购:买一高于卖一,多为定向收特定图案,买一价不可作退出价",7,0,15,5,8,10,3,5,0.0053087454596256745,0.05614230127848807,-0.07757731958762881,0.06174909192511868,0.020618556701030966,0.0674157303370786,0.07766990291262132,-0.07699781394219096,-0.15910599690196947,0.36,10,左侧观察,买一异常溢价(不作为可成交退出价),53,0,0
131,AK-47 | Point Disarray (Factory New),355.0,346.0,1040,50,0.0481,0.9746,steamdt-live,370.0,325,360.73,260,,3,12,15,2,6,10,0,5,0.09034810126582271,0.0187200696560732,-0.08644116796762069,0.110759493670886,0.02364394993045893,0.11251980982567344,0.043596730245231585,-0.03038674033149169,-0.19495412844036697,0.23,15,左侧观察,,53,0,0
132,AK-47 | Phantom Disruptor (Factory New),120.88,118.0,1547,54,0.0349,0.9762,steamdt-live,120.0,322,123.41,574,,3,12,15,2,6,10,0,5,0.0713068436631088,0.0046885465505692725,-0.04300429184549359,0.07632971566956681,0.040000000000000036,0.10091743119266061,0.040000000000000036,0.008403361344537785,-0.2497655517349171,0.36,11,左侧观察,,53,0,0
133,M4A1-S | Black Lotus (Factory New),65.9,63.0,1501,33,0.022,0.956,steamdt-live,65.35,1070,68.9,501,,3,9,15,2,8,10,6,0,-0.05918057663125953,0.0532258064516129,0.0019765850691806364,-0.009104704097116945,0.025373134328358304,0.0532258064516129,0.07099160620287392,-0.06714285714285717,-0.1898263027295285,0.13,16,左侧观察,,53,0,0
134,M4A4 | Evil Daimyo (Factory New),45.73,44.9,1853,35,0.0189,0.9818,steamdt-live,45.0,1020,48.02,742,,3,12,15,2,10,9,2,0,0.0,-0.0022222222222222365,-0.02386117136659438,-0.0022222222222222365,0.026030368763557576,0.04418604651162794,0.08179959100204504,-0.08179959100204504,-0.25649942043384666,0.36,21,左侧观察,,53,0,0
135,★ Driver Gloves | Seigaiha (Minimal Wear),899.5,1260.0,30,13,0.4333,1.4008,steamdt-live,900.0,39,963.47,15,"溢价求购:买一高于卖一,多为定向收特定图案,买一价不可作退出价",20,0,4,5,8,6,4,5,0.005494505494505475,-0.016939890710382488,-0.030470914127423865,-0.011538461538461497,0.04165778819518429,0.0,0.0533771126686452,-0.0533771126686452,-0.0630208333333333,0.36,5,左侧观察,买一异常溢价(不作为可成交退出价),52,0,0
136,M4A4 | Poseidon (Factory New),8479.0,8330.0,188,37,0.1968,0.9824,steamdt-live,8800.0,97,8649.5,55,,14,12,7,2,4,10,3,0,0.03925515853044792,0.026513317191283248,-0.030672601987926096,0.06680926019124311,0.01971212208798201,0.07329113924050623,0.01971212208798201,0.023046601166266,-0.18471153846153843,0.33,18,左侧观察,,52,0,0
137,AK-47 | Hydroponic (Factory New),23588.0,23200.0,211,32,0.1517,0.9836,steamdt-live,24200.0,121,24118.0,76,,14,12,7,2,4,7,6,0,0.004197890295358775,-0.00888632487502894,-0.016597510373444035,-0.00472573839662449,0.021244813278008312,0.008034188034188094,0.02930041152263374,-0.02526911713051927,-0.09276923076923071,0.36,5,左侧观察,,52,0,0
138,★ Sport Gloves | Scarlet Shamagh (Minimal Wear),1800.0,2490.0,179,25,0.1397,1.3833,steamdt-live,1788.0,168,1899.0,60,"溢价求购:买一高于卖一,多为定向收特定图案,买一价不可作退出价",11,0,7,5,8,10,6,5,0.0,0.01016949152542379,-0.06793048973143756,0.01016949152542379,0.05845181674565558,0.011026293469041493,0.07835051546391758,-0.07357512953367873,-0.12567237163814182,0.3,8,左侧观察,买一异常溢价(不作为可成交退出价),52,0,0
139,★ Specialist Gloves | Marble Fade (Minimal Wear),2045.0,3700.0,224,25,0.1116,1.8093,steamdt-live,2125.0,197,2180.0,60,"溢价求购:买一高于卖一,多为定向收特定图案,买一价不可作退出价",11,0,7,5,8,10,6,5,0.010356150543066489,0.022499999999999964,-0.07930232558139538,0.03308916393028549,0.0488372093023256,0.03308916393028549,0.07674943566591419,-0.07674943566591419,-0.11643601830208805,0.36,4,左侧观察,买一异常溢价(不作为可成交退出价),52,0,0
140,Desert Eagle | Kumicho Dragon (Factory New),409.0,403.0,483,47,0.0973,0.9853,steamdt-live,419.0,123,413.0,132,,7,12,9,2,4,10,3,5,0.05691489361702118,0.019124308002013146,-0.03465982028241332,0.0771276595744681,0.01937046004842613,0.0946241790318656,0.01937046004842613,0.015037593984962516,-0.15887850467289721,0.36,12,左侧观察,,52,0,0
141,★ Sport Gloves | Omega (Minimal Wear),2464.0,4100.0,421,36,0.0855,1.664,steamdt-live,2540.0,384,2576.7,99,"溢价求购:买一高于卖一,多为定向收特定图案,买一价不可作退出价",7,0,9,5,10,10,6,5,-0.0004169272461955753,0.027737226277372296,-0.06290291072475096,0.02730873462580785,0.0337254901960784,0.027737226277372296,0.08723837747731056,-0.09908592321755028,-0.1692515171948753,0.36,3,左侧观察,买一异常溢价(不作为可成交退出价),52,0,0
142,M4A1-S | Basilisk (Factory New),155.0,151.0,535,42,0.0785,0.9742,steamdt-live,157.75,170,156.5,179,,7,12,12,2,4,10,0,5,0.04700000000000015,0.05744303452039823,-0.06040268456375841,0.1071428571428572,0.015873015873015928,0.1071428571428572,0.015873015873015928,0.048714479025710355,-0.2583732057416268,0.36,10,左侧观察,,52,0,0
143,★ Hand Wraps | Cobalt Skulls (Minimal Wear),2100.0,2880.0,391,30,0.0767,1.3714,steamdt-live,2049.0,331,2104.24,100,"溢价求购:买一高于卖一,多为定向收特定图案,买一价不可作退出价",7,0,9,5,10,10,6,5,-0.002962962962962945,0.014858841010401136,-0.031100478468899517,0.01185185185185178,0.031205673758865293,0.030684104627766606,0.10874293170943894,-0.10874293170943894,-0.19647058823529406,0.36,7,左侧观察,买一异常溢价(不作为可成交退出价),52,0,0
144,AK-47 | Orbit Mk01 (Factory New),554.0,535.0,817,59,0.0722,0.9657,steamdt-live,559.99,144,569.14,112,,7,12,12,2,6,10,0,3,0.047220619349875204,0.017356965745247477,-0.015340909090909127,0.06539719176764769,0.033333333333333326,0.11002004008016031,0.033333333333333326,0.04706994328922498,-0.16956521739130437,0.36,19,左侧观察,,52,0,0
145,★ Specialist Gloves | Field Agent (Minimal Wear),1520.0,2660.0,325,23,0.0708,1.75,steamdt-live,1579.5,274,1614.94,63,"溢价求购:买一高于卖一,多为定向收特定图案,买一价不可作退出价",7,0,9,5,10,10,6,5,0.01632653061224487,0.01740294511378848,-0.069620253164557,0.03401360544217691,0.03767014878125985,0.048275862068965614,0.12341407151095729,-0.12138728323699421,-0.18187200602831155,0.35,4,左侧观察,买一异常溢价(不作为可成交退出价),52,0,0
146,★ Hand Wraps | Overprint (Minimal Wear),779.0,920.0,357,24,0.0672,1.181,steamdt-live,799.5,305,811.0,95,"溢价求购:买一高于卖一,多为定向收特定图案,买一价不可作退出价",7,0,9,5,10,10,6,5,0.01383399209486158,0.012345679012345734,-0.07439024390243898,0.026350461133069825,0.050000000000000044,0.03866666666666663,0.09942196531791903,-0.09942196531791903,-0.14956331877729256,0.36,9,左侧观察,买一异常溢价(不作为可成交退出价),52,0,0
147,M4A1-S | Decimator (Factory New),249.0,243.0,1103,68,0.0617,0.9759,steamdt-live,257.5,315,259.29,386,,7,12,15,2,6,10,0,0,0.109375,0.0,-0.01754385964912286,0.109375,0.036821705426356544,0.13990825688073394,0.036821705426356544,0.010984540276647525,-0.1558816535887767,0.18,20,左侧观察,,52,0,0
148,Desert Eagle | Conspiracy (Factory New),144.0,142.0,1478,66,0.0447,0.9861,steamdt-live,144.0,811,142.95,266,,3,12,15,2,2,10,3,5,0.022284327425167394,0.024820143884892065,-0.011055349479962229,0.04765757152312999,0.010763888888889017,0.07916666666666661,0.010763888888889017,0.01387900355871885,-0.03717472118959109,0.15,15,左侧观察,,52,0,0
149,AWP | Lightning Strike (Factory New),2850.0,2700.0,590,22,0.0373,0.9474,steamdt-live,2800.0,475,2780.0,155,,3,9,12,2,8,10,3,5,0.036437246963562764,0.034226190476190466,-0.0961840041819132,0.07191054559475618,0.029499039972071928,0.09019607843137245,0.05216178711826491,-0.037729318103149834,-0.09150326797385622,0.36,8,左侧观察,,52,0,0
150,★ Hydra Gloves | Case Hardened (Field-Tested),329.14,306.0,378,12,0.0317,0.9297,steamdt-live,322.0,430,333.68,125,,3,6,9,5,8,10,6,5,0.02499999999999991,-0.01676829268292679,-0.0445194231286018,0.0078125,0.03705473112179403,0.00784399512484768,0.05147058823529416,-0.04302670623145399,-0.10164628541184995,0.17,10,左侧观察,,52,0,0
151,USP-S | Bleeding Edge (Factory New),30.5,29.0,820,25,0.0305,0.9508,steamdt-live,30.0,470,31.6,372,,3,9,12,2,8,10,3,5,0.05633802816901423,0.0,-0.08387096774193548,0.05633802816901423,0.032258064516129004,0.060070671378091856,0.06220693966864643,-0.038461538461538436,-0.1832289681459297,0.36,11,左侧观察,,52,0,0
152,M4A1-S | Glitched Paint (Factory New),30.3,28.1,1352,33,0.0244,0.9274,steamdt-live,29.99,760,31.3,635,,3,6,15,2,10,10,3,3,0.02758620689655178,0.0063758389261743265,-0.08430691506157251,0.034137931034482705,0.05304704767919177,0.07107142857142845,0.15923745444351,-0.11794117647058833,-0.206193753308629,0.36,12,左侧观察,,52,0,0
153,P250 | Kintsugi (Factory New),112.2,175.0,113,29,0.2566,1.5597,steamdt-live,109.9,115,118.64,59,"溢价求购:买一高于卖一,多为定向收特定图案,买一价不可作退出价",17,0,7,2,10,8,4,3,-0.03493449781659386,-0.005429864253393646,-0.032939189189189255,-0.04017467248908291,0.0945790080738177,0.0,0.0945790080738177,-0.06068376068376069,-0.11227786752827129,0.36,8,左侧观察,买一异常溢价(不作为可成交退出价),51,0,0
154,AWP | LongDog (Factory New),2660.0,2620.0,306,42,0.1373,0.985,steamdt-live,2600.0,124,2650.0,134,,11,12,9,2,2,10,0,5,0.07930959143543803,0.05263157894736836,-0.04246861924686196,0.13611535940572428,0.013282732447817858,0.14060100899320016,0.013282732447817858,0.0402080416083217,-0.19753086419753085,0.36,13,左侧观察,,51,0,0
155,★ Sport Gloves | Scarlet Shamagh (Field-Tested),980.0,1250.0,430,48,0.1116,1.2755,steamdt-live,999.0,359,990.0,137,"溢价求购:买一高于卖一,多为定向收特定图案,买一价不可作退出价",11,0,9,5,8,10,3,5,0.01098901098901095,0.0652173913043479,-0.08954477238619307,0.07692307692307687,0.018036072144288595,0.07692307692307687,0.07547169811320753,-0.06622201048118148,-0.1327433628318584,0.35,9,左侧观察,买一异常溢价(不作为可成交退出价),51,0,0
156,Glock-18 | Mirror Mosaic (Factory New),134.5,123.0,364,32,0.0879,0.9145,steamdt-live,138.0,230,140.0,164,,7,6,9,2,8,10,6,3,0.053906250000000044,-0.002965159377316562,-0.07239655047467208,0.05078125,0.025291687803464136,0.059055118110236116,0.0793346567184613,-0.0793346567184613,-0.16454438163861118,0.36,12,左侧观察,,51,0,0
157,★ Moto Gloves | POW! (Field-Tested),385.0,563.0,659,51,0.0774,1.4623,steamdt-live,407.88,763,405.0,277,"溢价求购:买一高于卖一,多为定向收特定图案,买一价不可作退出价",7,0,12,5,8,10,4,5,0.005270092226614009,0.00917431192660545,-0.0481565086531226,0.01449275362318847,0.03314917127071826,0.026666666666666616,0.07892533314194117,-0.051724137931034475,-0.2595584275713517,0.36,15,左侧观察,买一异常溢价(不作为可成交退出价),51,0,0
158,Galil AR | Amber Fade (Factory New),127.99,121.0,564,41,0.0727,0.9454,steamdt-live,129.5,128,131.8,85,,7,9,12,2,8,10,3,0,0.06473594548551964,0.015919999999999934,-0.09692307692307689,0.08168654173764889,0.04410989838163337,0.08168654173764889,0.06625000000000003,0.1042608695652174,-0.253,0.36,17,左侧观察,,51,0,0
159,M4A1-S | Party Animal (Factory New),129.98,121.0,411,23,0.056,0.9309,steamdt-live,130.0,272,136.62,460,,3,9,9,2,10,10,3,5,0.05624489795918364,0.004559857794265376,-0.08239700374531833,0.061061224489795896,0.026367041198501973,0.08316666666666661,0.08458342136770203,-0.06824372759856634,-0.23536678628154606,0.36,8,左侧观察,,51,0,0
160,★ Hand Wraps | Constrictor (Field-Tested),239.0,265.0,475,19,0.04,1.1088,steamdt-live,247.69,341,251.49,142,"溢价求购:买一高于卖一,多为定向收特定图案,买一价不可作退出价",3,0,9,5,8,20,1,5,-0.014705882352941124,0.017057569296375252,-0.02857142857142858,0.0021008403361344463,0.036363636363636376,0.06000000000000005,0.06653620352250489,-0.04600000000000004,-0.12650161148549666,0.13,12,左侧观察,买一异常溢价(不作为可成交退出价),51,0,0
161,★ Sport Gloves | Violet Beadwork (Field-Tested),1344.0,2200.0,179,48,0.2682,1.6369,steamdt-live,1323.5,177,1410.0,81,"溢价求购:买一高于卖一,多为定向收特定图案,买一价不可作退出价",17,0,7,5,6,9,6,0,-0.015601783060921193,-0.0011320754716981352,-0.00993012136815008,-0.01671619613670139,0.03316531521659738,0.0,0.04059441826748822,-0.03394160583941608,-0.08724137931034481,0.11,6,左侧观察,买一异常溢价(不作为可成交退出价),50,0,0
162,Galil AR | Sugar Rush (Factory New),835.0,802.0,308,34,0.1104,0.9605,steamdt-live,935.0,70,880.0,78,,11,12,9,2,6,10,0,0,0.08395081615120259,0.034055727554179516,-0.019789473684210468,0.12086554982817854,0.03912543153049486,0.12914131169709253,0.03912543153049486,0.08582574772431739,-0.18536585365853664,0.23,11,左侧观察,,50,0,0
163,FAMAS | Eye of Athena (Factory New),172.0,163.0,324,35,0.108,0.9477,steamdt-live,188.88,96,174.38,83,,11,9,9,2,4,10,0,5,0.08674171357098182,-0.010185877884560157,-0.030909090909090886,0.07567229518449037,0.011437438933272093,0.11398963730569944,0.01658090337335627,-0.01658090337335627,-0.2847043167262746,0.35,6,左侧观察,,50,0,0
164,AK-47 | Rat Rod (Factory New),452.0,435.0,497,50,0.1006,0.9624,steamdt-live,519.99,50,473.0,102,,11,12,9,2,6,10,0,0,0.06806486066608408,0.027272727272727337,-0.02878562840370613,0.09719390232061365,0.0423728813559322,0.10787029093850342,0.0423728813559322,0.06352941176470583,-0.14525065713583318,0.36,16,左侧观察,,50,0,0
165,★ Specialist Gloves | Mogul (Minimal Wear),846.5,1350.0,202,18,0.0891,1.5948,steamdt-live,844.5,183,857.0,63,"溢价求购:买一高于卖一,多为定向收特定图案,买一价不可作退出价",7,0,7,5,8,18,2,3,-0.005186232909005106,0.0005924170616113944,-0.022580645161290325,-0.004596888260254617,0.027073732718894017,0.01746987951807233,0.05111293385318938,-0.04414261460101865,-0.09193548387096773,0.28,13,左侧观察,买一异常溢价(不作为可成交退出价),50,0,0
166,★ Broken Fang Gloves | Jade (Field-Tested),426.5,420.0,140,12,0.0857,0.9848,steamdt-live,421.0,111,474.87,52,,7,12,7,5,2,10,2,5,0.002418379685610539,0.01568154402895061,-0.014913283781208264,0.018137847642079707,0.014028431579193867,0.03950617283950608,0.014605374028649032,0.0035756853396902155,-0.017502917152858788,0.36,10,左侧观察,,50,0,0
167,★ Specialist Gloves | Crimson Web (Minimal Wear),1629.5,3110.0,294,24,0.0816,1.9086,steamdt-live,1631.3,228,1738.54,56,"溢价求购:买一高于卖一,多为定向收特定图案,买一价不可作退出价",7,0,9,5,8,10,6,5,-0.0009375000000000355,0.01939318110728805,-0.030303030303030276,0.018437500000000107,0.04118858487790522,0.05811688311688301,0.06885714285714284,-0.06885714285714284,-0.1468586387434555,0.36,5,左侧观察,买一异常溢价(不作为可成交退出价),50,0,0
168,Tec-9 | Avalanche (Factory New),62.88,61.0,401,32,0.0798,0.9701,steamdt-live,63.99,166,61.92,157,,7,12,9,2,4,10,6,0,0.011725293132328174,0.00513245033112586,-0.018092105263157854,0.016917922948073594,0.019541343669250644,0.020336134453781574,0.020648491692208393,-0.019066084989497467,-0.29242424242424236,0.36,11,左侧观察,,50,0,0
169,AK-47 | Cartel (Factory New),291.98,282.0,845,63,0.0746,0.9658,steamdt-live,299.97,279,299.78,230,,7,12,12,2,4,10,0,3,0.095166163141994,0.006827586206896719,-0.04404332129963895,0.102643504531722,0.026733333333333276,0.11442748091603061,0.026733333333333276,0.01735191637630673,-0.14500732064421662,0.36,13,左侧观察,,50,0,0
170,P250 | Visions (Factory New),43.5,41.3,413,23,0.0557,0.9494,steamdt-live,43.2,356,44.65,265,,3,9,9,2,10,10,4,3,0.03533487297921489,-0.036359580637965516,-0.0560279049487683,-0.002309468822170757,0.058207979071288274,0.005820721769499437,0.08629441624365475,-0.08241291418861507,-0.19523099850968695,0.29,13,左侧观察,,50,0,0
171,AK-47 | Midnight Laminate (Factory New),72.67,69.0,1595,32,0.0201,0.9495,steamdt-live,72.46,1084,74.09,763,,3,9,15,2,10,6,2,3,0.00041225779854348055,-0.004670329670329765,-0.0108739975533505,-0.004259997251614744,0.02067847006352208,0.03514285714285714,0.0911827417534179,-0.07102564102564113,-0.2045229992315294,0.36,12,左侧观察,,50,0,0
172,★ Driver Gloves | Brocade Flowers (Minimal Wear),2364.0,3080.0,45,22,0.4889,1.3029,steamdt-live,2347.5,57,2436.87,27,"溢价求购:买一高于卖一,多为定向收特定图案,买一价不可作退出价",20,0,4,5,6,10,4,0,-0.00021276595744679216,-0.0008512449457331872,-0.02509852727649864,-0.0010638297872340718,0.026135656502800253,0.020652173913043415,0.04144548795426706,-0.04144548795426706,-0.14589776241586316,0.36,6,左侧观察,买一异常溢价(不作为可成交退出价),49,0,0
173,★ Sport Gloves | Hedge Maze (Field-Tested),23347.0,31420.0,550,76,0.1382,1.3458,steamdt-live,24000.0,397,23888.0,116,"溢价求购:买一高于卖一,多为定向收特定图案,买一价不可作退出价",11,0,12,5,2,10,6,3,0.024192840849271757,-2.1415569118721223e-05,-0.01313881252840976,0.024170907176697565,0.01347925293670249,0.037667503722304874,0.014894514767932465,-0.013506764368102608,-0.11886475572245392,0.35,10,左侧观察,买一异常溢价(不作为可成交退出价),49,0,0
174,Glock-18 | Fade (Factory New),8300.0,9500.0,133,18,0.1353,1.1446,steamdt-live,8332.5,145,8596.0,77,"溢价求购:买一高于卖一,多为定向收特定图案,买一价不可作退出价",11,0,7,2,8,10,6,5,0.016281480578083984,-0.003960158406336234,-0.022589104780069147,0.0122568449295688,0.010609131004887362,0.024691358024691468,0.05681818181818177,-0.05681818181818177,-0.19256773189357457,0.36,4,左侧观察,买一异常溢价(不作为可成交退出价),49,0,0
175,AWP | Electric Hive (Factory New),436.5,420.0,464,40,0.0862,0.9622,steamdt-live,465.5,216,449.71,186,,7,12,9,2,4,10,0,5,0.0983677744003677,0.015116279069767424,-0.06898929845422119,0.11497100819944306,0.02937448577972468,0.11497100819944306,0.02937448577972468,-0.003424657534246589,-0.2718932443703086,0.36,15,左侧观察,,49,0,0
176,Desert Eagle | Midnight Storm (Factory New),512.0,503.0,752,62,0.0824,0.9824,steamdt-live,531.0,147,517.91,101,,7,12,12,2,6,10,0,0,0.13608895334783666,-0.013539651837524147,-0.019224552253281346,0.12070670446304965,0.039367112450555575,0.1383928571428572,0.039367112450555575,0.13590805826540153,-0.2714077545072716,0.18,22,左侧观察,,49,0,0
177,M4A4 | Neo-Noir (Factory New),587.0,566.0,875,50,0.0571,0.9642,steamdt-live,600.0,252,593.96,194,,3,12,12,2,2,10,3,5,0.05506445672191518,0.024611625065456444,-0.043171806167400906,0.08103130755064458,0.01475352053575918,0.08302583025830268,0.01475352053575918,0.02622377622377625,-0.1106060606060606,0.36,16,左侧观察,,49,0,0
178,★ Sport Gloves | Vice (Field-Tested),2348.5,4560.0,1542,81,0.0525,1.9417,steamdt-live,2396.5,1458,2399.0,303,"溢价求购:买一高于卖一,多为定向收特定图案,买一价不可作退出价",3,0,15,5,8,10,3,5,0.04269662921348316,0.012284482758620596,-0.06942701798410711,0.05550561797752818,0.016541038525963114,0.06774266878836088,0.07283853138570862,-0.071004746835443,-0.14600000000000002,0.18,11,左侧观察,买一异常溢价(不作为可成交退出价),49,0,0
179,★ Sport Gloves | Nocts (Field-Tested),3420.0,3900.0,1049,55,0.0524,1.1404,steamdt-live,3390.0,857,3514.0,168,"溢价求购:买一高于卖一,多为定向收特定图案,买一价不可作退出价",3,0,15,5,8,10,3,5,-0.0030117647058822694,0.06674218823751521,-0.059179456906729655,0.06352941176470583,0.013071705144254597,0.0977979274611398,0.06816932380428808,-0.057547956630525476,-0.114396927819431,0.35,12,左侧观察,买一异常溢价(不作为可成交退出价),49,0,0
180,Five-SeveN | Boost Protocol (Factory New),59.0,57.0,1288,65,0.0505,0.9661,steamdt-live,59.84,268,60.87,250,,3,12,15,2,4,10,0,3,0.12390891840607199,-0.00388316731386118,-0.027495847942424656,0.11954459203036039,0.01666666666666672,0.13461538461538458,0.01666666666666672,0.040564373897707284,-0.24261874197689348,0.36,14,左侧观察,,49,0,0
181,Glock-18 | Trace Lock (Factory New),29.6,27.0,302,13,0.043,0.9122,steamdt-live,28.48,251,28.46,128,,3,6,9,2,10,10,6,3,0.024285714285714244,-0.007670850767085069,-0.056285810583080575,0.01642857142857146,0.0407819346140883,0.01642857142857146,0.08576935432059096,-0.0854755784061697,-0.2739795918367347,1.36,9,左侧观察,,49,0,0
182,★ Hand Wraps | Overprint (Field-Tested),539.0,580.0,812,31,0.0382,1.0761,steamdt-live,558.0,794,553.6,282,"溢价求购:买一高于卖一,多为定向收特定图案,买一价不可作退出价",3,0,12,5,10,10,6,3,0.0,-0.000926784059314234,-0.05184534270650265,-0.000926784059314234,0.0527240773286467,0.007476635514018781,0.13335691545808281,-0.13335691545808281,-0.21923661910625047,0.36,12,左侧观察,买一异常溢价(不作为可成交退出价),49,0,0
183,Galil AR | Tornado (Factory New),135.49,118.0,34,6,0.1765,0.8709,steamdt-live,151.87,23,136.56,47,,14,3,4,2,8,8,4,5,0.0021899408715964075,-0.013110933061402763,-0.056022601984564435,-0.01094970435798237,0.06635887541345087,0.0,0.06956462024447185,-0.06956462024447185,-0.14775443452006531,1.36,4,左侧观察,,48,0,0
184,★ Moto Gloves | Blood Pressure (Field-Tested),666.0,740.0,225,34,0.1511,1.1111,steamdt-live,655.0,242,671.9,129,"溢价求购:买一高于卖一,多为定向收特定图案,买一价不可作退出价",14,0,7,5,6,10,6,0,0.0361538461538462,-0.027468448403860424,-0.008360285592237782,0.007692307692307665,0.027468448403860424,0.0234375,0.04796511627906974,-0.04796511627906974,-0.10823689584751528,0.36,16,左侧观察,买一异常溢价(不作为可成交退出价),48,0,0
185,AK-47 | Green Laminate (Factory New),226.99,213.0,320,32,0.1,0.9384,steamdt-live,229.48,125,233.0,120,,11,9,9,2,2,10,0,5,0.0030444964871194635,0.05995797338314257,-0.01839080459770115,0.063185011709602,0.01089372085929674,0.10726829268292692,0.01089372085929674,0.02017977528089898,-0.28731554160125583,0.34,10,左侧观察,,48,0,0
186,★ Specialist Gloves | Marble Fade (Field-Tested),808.5,1130.0,383,36,0.094,1.3976,steamdt-live,800.0,364,821.47,149,"溢价求购:买一高于卖一,多为定向收特定图案,买一价不可作退出价",7,0,9,5,6,10,6,5,0.0,0.0018785222291797243,-0.015886318539789723,0.0018785222291797243,0.01599015990159902,0.023017902813299296,0.04477611940298509,-0.019367492032360767,-0.07908368826982848,0.35,4,左侧观察,买一异常溢价(不作为可成交退出价),48,0,0
187,★ Moto Gloves | Finish Line (Field-Tested),402.0,602.0,443,40,0.0903,1.4975,steamdt-live,419.0,451,428.5,197,"溢价求购:买一高于卖一,多为定向收特定图案,买一价不可作退出价",7,0,9,5,8,10,6,3,-0.0012437810945273853,0.0037359900373599153,-0.038277511961722466,0.0024875621890547706,0.03588516746411485,0.0221940393151554,0.07990867579908678,-0.07990867579908678,-0.23739237392373935,0.12,15,左侧观察,买一异常溢价(不作为可成交退出价),48,0,0
188,Desert Eagle | The Bronze (Factory New),139.0,133.0,747,59,0.079,0.9568,steamdt-live,130.0,101,135.0,142,,7,9,12,2,8,10,0,0,0.1607910576096303,-0.03703703703703709,-0.025963149078726988,0.1177987962166811,0.06943450250536853,0.1353711790393013,0.06943450250536853,0.05314322747893718,-0.2777777777777778,0.36,14,左侧观察,,48,0,0
189,USP-S | Sleeping Potion (Factory New),43.67,37.5,242,18,0.0744,0.8587,steamdt-live,41.5,211,43.7,164,,7,3,7,2,10,10,6,3,0.05296714075527209,-0.033768048439683174,-0.040470588235294036,0.01741049534085337,0.033768048439683174,0.02444444444444449,0.16317063331988702,-0.16317063331988702,-0.13831775700934568,0.36,13,左侧观察,,48,0,0
190,★ Specialist Gloves | Fade (Minimal Wear),2565.0,4500.0,621,34,0.0548,1.7544,steamdt-live,2570.0,630,2550.0,165,"溢价求购:买一高于卖一,多为定向收特定图案,买一价不可作退出价",3,0,12,5,10,10,3,5,0.00612244897959191,0.034482758620689724,-0.06488549618320616,0.04081632653061229,0.026717557251908386,0.0625,0.12008281573498969,-0.12023460410557185,-0.21174652241112824,0.35,7,左侧观察,买一异常溢价(不作为可成交退出价),48,0,0
191,M4A4 | Spider Lily (Factory New),365.5,359.0,776,41,0.0528,0.9822,steamdt-live,378.5,160,385.0,138,,3,12,12,2,6,10,3,0,0.02282857142857142,0.020978239615631722,-0.03581267217630857,0.04428571428571426,0.03562005277044855,0.06559766763848396,0.03562005277044855,0.04727793696275073,-0.1664766248574686,0.36,13,左侧观察,,48,0,0
192,Galil AR | Rocket Pop (Factory New),48.8,46.0,612,26,0.0425,0.9426,steamdt-live,50.0,255,52.03,221,,3,9,12,2,8,8,6,0,-0.012096774193548376,-0.0020408163265306367,-0.004016064257028051,-0.014112903225806495,0.048638132295719894,0.018750000000000044,0.07735849056603772,-0.08921586887688582,-0.267854469231921,0.23,12,左侧观察,,48,0,0
193,★ Driver Gloves | Brocade Crane (Field-Tested),998.5,1450.0,78,26,0.3333,1.4522,steamdt-live,988.5,78,1034.5,49,"溢价求购:买一高于卖一,多为定向收特定图案,买一价不可作退出价",20,0,4,5,6,10,2,0,-0.0015151515151514694,0.0,-0.0317848410757946,-0.0015151515151514694,0.033251833740831294,0.023821853961677908,0.0398251578436134,-0.0398251578436134,-0.10945945945945945,0.36,9,左侧观察,买一异常溢价(不作为可成交退出价),47,0,0
194,Five-SeveN | Fall Hazard (Factory New),1941.52,600.0,6,2,0.3333,0.309,steamdt-live,2541.0,7,1923.86,11,,8,1,2,2,10,16,3,5,-0.007890134759798495,-0.0025922047219600897,-0.09530013959981387,-0.010461886637177287,0.1047650069799907,0.06881111111111116,0.1047650069799907,-0.014461423397486795,0.1180227456313161,0.29,6,左侧观察,,47,0,0
195,★ Broken Fang Gloves | Needle Point (Field-Tested),264.66,247.0,101,8,0.0792,0.9333,steamdt-live,264.94,94,259.99,81,,7,9,7,5,6,4,4,5,0.00861807137433579,-0.02137990740392215,-0.022634508348794102,-0.012946089597570154,0.03528756957328383,0.0,0.03707407407407404,-0.020753295668549887,-0.052030919565375866,0.36,8,左侧观察,,47,0,0
196,M4A4 | 龍王 (Dragon King) (Factory New),325.0,309.0,760,55,0.0724,0.9508,steamdt-live,328.0,192,324.99,190,,7,9,12,2,2,10,0,5,0.05050505050505061,0.04163461538461544,-0.021416803953871466,0.09424242424242424,0.013627534296467236,0.13040000000000007,0.013627534296467236,0.048354838709677495,-0.1388712241653417,0.36,16,左侧观察,,47,0,0
197,MP9 | Deadly Poison (Factory New),54.4,49.0,375,13,0.0347,0.9007,steamdt-live,55.78,58,59.73,45,,3,6,9,2,8,10,6,3,0.0,0.04615384615384621,-0.054545454545454564,0.04615384615384621,0.04561403508771933,0.04615384615384621,0.07262188885100573,-0.0702444026662109,0.20969535245719362,0.36,8,左侧观察,,47,0,0
198,USP-S | Serum (Factory New),544.0,507.0,147,20,0.1361,0.932,steamdt-live,548.52,42,540.0,58,,11,9,7,2,2,10,0,5,0.04081632653061229,0.05882352941176472,-0.04854368932038833,0.1020408163265305,0.01098901098901095,0.1020408163265305,0.01098901098901095,-0.00917431192660545,-0.28759894459102897,0.35,6,左侧观察,,46,0,0
199,Glock-18 | Franklin (Factory New),655.9,626.0,425,40,0.0941,0.9544,steamdt-live,674.5,83,670.17,121,,7,9,9,2,4,10,0,5,0.04418985270049092,0.028056426332288442,-0.024989627549229176,0.07348608837970527,0.027042261878272744,0.11358234295415959,0.027042261878272744,0.012019564580086683,-0.25372624871999094,0.36,7,左侧观察,,46,0,0
200,★ Sport Gloves | Bronze Morph (Minimal Wear),757.5,870.0,179,16,0.0894,1.1485,steamdt-live,750.0,113,790.0,73,"溢价求购:买一高于卖一,多为定向收特定图案,买一价不可作退出价",7,0,7,5,6,10,6,5,0.0,0.0,-0.031633311814073584,0.0,0.031633311814073584,0.009421265141319024,0.03288201160541582,-0.027628320649284888,-0.07407407407407407,0.27,2,左侧观察,买一异常溢价(不作为可成交退出价),46,0,0
201,Galil AR | Kami (Factory New),30.19,27.6,488,30,0.0615,0.9142,steamdt-live,26.8,197,28.83,110,,7,6,9,2,8,8,6,0,0.05169207883971749,-0.052333804809052364,-0.015018315018315076,-0.0033469691335068497,0.07522429261559693,0.0,0.07522429261559693,-0.03942652329749097,-0.29100529100529093,0.36,8,左侧观察,,46,0,0
202,★ Driver Gloves | Black Tie (Minimal Wear),1750.0,3050.0,329,19,0.0578,1.7429,steamdt-live,1698.97,329,1698.0,88,"溢价求购:买一高于卖一,多为定向收特定图案,买一价不可作退出价",3,0,9,5,8,10,6,5,0.007446428571428632,0.0032437031391248095,-0.06119027661357923,0.010714285714285676,0.051131601005867555,0.010714285714285676,0.05535465924895688,-0.05033557046979864,-0.12429087158329033,0.35,8,左侧观察,买一异常溢价(不作为可成交退出价),46,0,0
203,USP-S | Orion (Factory New),549.0,530.0,506,28,0.0553,0.9654,steamdt-live,555.0,179,564.98,206,,3,12,12,2,4,10,0,3,0.03667334669338662,0.0612797216315486,-0.03556242752222649,0.1002004008016033,0.019642857142857184,0.1002004008016033,0.019642857142857184,0.05882352941176472,-0.22674967253059908,0.36,12,左侧观察,,46,0,0
204,AK-47 | Nightwish (Factory New),683.5,854.0,890,44,0.0494,1.2495,steamdt-live,719.0,244,709.5,136,"溢价求购:买一高于卖一,多为定向收特定图案,买一价不可作退出价",3,0,12,2,8,10,6,5,0.03993971363978899,-0.009420289855072483,-0.04942693409742116,0.03014318010550121,0.02077363896848139,0.03247734138972813,0.06112637362637363,-0.004369992716678817,-0.1315120711562897,0.36,17,左侧观察,买一异常溢价(不作为可成交退出价),46,0,0
205,★ Driver Gloves | King Snake (Minimal Wear),2649.0,6820.0,862,33,0.0383,2.5746,steamdt-live,2700.0,890,2669.7,157,"溢价求购:买一高于卖一,多为定向收特定图案,买一价不可作退出价",3,0,12,5,8,10,3,5,0.011836734693877471,0.0685760387252925,-0.09259259259259256,0.08122448979591845,0.018888888888888844,0.08166598611678233,0.05053763440860215,-0.06379218943276199,-0.12357320099255586,0.35,8,左侧观察,买一异常溢价(不作为可成交退出价),46,0,0
206,M4A4 | Magnesium (Factory New),35.5,33.3,1232,44,0.0357,0.938,steamdt-live,35.72,509,35.88,298,,3,9,15,2,2,10,0,5,0.08871473354231973,0.022171033688453967,-0.08491107286288013,0.11285266457680265,0.01114206128133699,0.11285266457680265,0.01388888888888884,-0.01388888888888884,-0.10556815318720081,0.29,11,左侧观察,,46,0,0
207,M4A4 | Eye of Horus (Factory New),3950.0,4330.0,280,43,0.1536,1.0962,steamdt-live,4010.0,135,4189.0,74,"溢价求购:买一高于卖一,多为定向收特定图案,买一价不可作退出价",14,0,9,2,2,10,3,5,0.05988914424766789,0.007397959183673475,-0.044312776002005116,0.06773016087603079,0.012750000000000039,0.08206603644334831,0.012750000000000039,-0.00012406665164355068,-0.1667000774426618,0.36,9,左侧观察,买一异常溢价(不作为可成交退出价),45,0,0
208,Glock-18 | Twilight Galaxy (Factory New),2897.5,2670.0,256,27,0.1055,0.9215,steamdt-live,3079.0,73,3008.0,73,,11,6,9,2,4,10,3,0,0.11555218791437771,-0.015961962981830502,-0.04487063506423017,0.09774578518658839,0.01729693064269966,0.09795377036756348,0.01729693064269966,0.03704366499642098,-0.14020771513353114,0.36,13,左侧观察,,45,0,0
209,★ Specialist Gloves | Fade (Field-Tested),992.0,1640.0,1109,55,0.0496,1.6532,steamdt-live,990.0,1065,1000.0,485,"溢价求购:买一高于卖一,多为定向收特定图案,买一价不可作退出价",3,0,15,5,8,10,4,0,-0.0005102040816326037,0.0,-0.026812313803376342,-0.0005102040816326037,0.03923491907797938,0.022442588726513613,0.07941729323308266,-0.07759676052358988,-0.14677700348432055,0.17,13,左侧观察,买一异常溢价(不作为可成交退出价),45,0,0
210,M4A4 | Dark Blossom (Factory New),304.9,284.0,222,25,0.1126,0.9315,steamdt-live,287.06,86,289.46,92,,11,9,7,2,2,10,0,3,0.02846498842592604,0.009530508176542885,-0.008996738234345325,0.03826678240740744,0.014386266094420619,0.10885352286773808,0.014386266094420619,0.00793539325842696,-0.2730817928589516,0.36,14,左侧观察,,44,0,0
211,★ Specialist Gloves | Buckshot (Field-Tested),235.0,259.0,303,15,0.0495,1.1021,steamdt-live,238.0,309,243.0,152,"溢价求购:买一高于卖一,多为定向收特定图案,买一价不可作退出价",3,0,9,5,10,10,4,3,0.015452538631346657,0.017391304347825987,-0.07168326570761097,0.0331125827814569,0.040944300995942484,0.04231625835189301,0.08235294117647063,-0.06212424849699394,-0.1348073652296088,0.36,16,左侧观察,买一异常溢价(不作为可成交退出价),44,0,0
212,P250 | Contaminant (Factory New),61.79,56.0,596,12,0.0201,0.9063,steamdt-live,62.43,31,60.84,42,,3,6,12,2,10,11,0,0,-0.03005725190839692,-0.0024594195769798155,-0.04043949336181896,-0.03244274809160308,0.07100320659642678,0.031186440677966054,0.10384445426425093,-0.10384445426425093,0.26750000000000007,0.32,8,左侧观察,,44,0,0
213,AK-47 | Vulcan (Factory New),3248.9,6620.0,879,49,0.0557,2.0376,steamdt-live,3300.0,753,3349.99,190,"溢价求购:买一高于卖一,多为定向收特定图案,买一价不可作退出价",3,0,12,2,8,10,3,5,0.02589576547231265,0.03032227337672655,-0.06966877784175285,0.05700325732899025,0.021116138763197623,0.06463254593175849,0.07911913275441285,-0.07017393048511422,-0.1467060750846062,0.36,11,左侧观察,买一异常溢价(不作为可成交退出价),43,0,0
214,★ Specialist Gloves | Crimson Web (Field-Tested),700.49,930.0,593,32,0.054,1.3276,steamdt-live,700.0,523,723.98,218,"溢价求购:买一高于卖一,多为定向收特定图案,买一价不可作退出价",3,0,12,5,8,10,4,0,-0.018323943661971764,0.004318569850356502,-0.0056022408963585235,-0.014084507042253502,0.026425591098748313,0.016142143769596995,0.05136197316709579,-0.0463215258855586,-0.15662650602409633,0.36,14,左侧观察,买一异常溢价(不作为可成交退出价),42,0,0
215,AK-47 | Gold Arabesque (Factory New),11330.0,13500.0,210,31,0.1476,1.1915,steamdt-live,11400.0,174,11700.0,56,"溢价求购:买一高于卖一,多为定向收特定图案,买一价不可作退出价",11,0,7,2,6,10,0,5,0.06796116504854366,0.030000000000000027,-0.04181589841387967,0.10000000000000009,0.010480349344978213,0.10000000000000009,0.03149976492712736,-0.03149976492712736,-0.1351145038167939,0.36,13,左侧观察,买一异常溢价(不作为可成交退出价),41,0,0
216,Glock-18 | Gamma Doppler (Factory New),607.0,2190.0,1585,122,0.077,3.6079,steamdt-live,615.0,556,625.0,424,"溢价求购:买一高于卖一,多为定向收特定图案,买一价不可作退出价",7,0,15,2,4,10,0,3,0.08175337762185575,0.047111387120702286,-0.030940885006962127,0.13271627976412637,0.020177562550443895,0.14097744360902253,0.020177562550443895,0.08392857142857135,-0.16502744267301273,0.36,19,左侧观察,买一异常溢价(不作为可成交退出价),41,0,0
217,★ Broken Fang Gloves | Yellow-banded (Minimal Wear),370.0,402.0,134,9,0.0672,1.0865,steamdt-live,402.38,69,404.59,61,"溢价求购:买一高于卖一,多为定向收特定图案,买一价不可作退出价",7,0,7,5,10,6,6,0,-0.0026773761713521083,-0.006711409395973145,-0.022251308900523514,-0.009370816599732268,0.03141361256544506,0.005434782608695565,0.12114014251781469,-0.106280193236715,-0.1947769314472253,0.36,9,左侧观察,买一异常溢价(不作为可成交退出价),41,0,0
218,M4A1-S | Electrum (Factory New),33.7,43.0,590,34,0.0576,1.276,steamdt-live,35.25,496,33.7,201,"溢价求购:买一高于卖一,多为定向收特定图案,买一价不可作退出价",3,0,12,2,10,9,2,3,-0.020005798782255835,-0.002958579881656598,-0.0031791907514450157,-0.022905189910118806,0.05865921787709483,0.024316109422492627,0.08869659275283925,-0.03714285714285703,-0.1246753246753246,0.36,12,左侧观察,买一异常溢价(不作为可成交退出价),41,0,0
219,★ Driver Gloves | Black Tie (Field-Tested),715.0,990.0,699,30,0.0429,1.3846,steamdt-live,700.0,674,732.83,133,"溢价求购:买一高于卖一,多为定向收特定图案,买一价不可作退出价",3,0,12,5,6,10,2,3,0.0,0.0021474588403722628,-0.019649122807017583,0.0021474588403722628,0.03621093212171278,0.032448377581120846,0.036979969183358996,-0.03448275862068961,-0.0911569571934927,0.35,8,左侧观察,买一异常溢价(不作为可成交退出价),41,0,0
220,★ Sport Gloves | Big Game (Minimal Wear),1157.5,1370.0,228,17,0.0746,1.1836,steamdt-live,1192.0,188,1185.15,52,"溢价求购:买一高于卖一,多为定向收特定图案,买一价不可作退出价",7,0,7,5,6,10,0,5,0.08571428571428563,0.015350877192982448,-0.1112991959373677,0.10238095238095246,0.017402376910017003,0.10395803528850744,0.040605392502217175,-0.04013599800978529,-0.12310606060606055,0.36,11,左侧观察,买一异常溢价(不作为可成交退出价),40,0,0
221,★ Specialist Gloves | Field Agent (Field-Tested),700.0,952.0,734,43,0.0586,1.36,steamdt-live,698.0,607,712.34,189,"溢价求购:买一高于卖一,多为定向收特定图案,买一价不可作退出价",3,0,12,5,6,9,4,0,-0.0028571428571428914,0.0,-0.03114186851211076,-0.0028571428571428914,0.03457814661134162,0.026470588235294024,0.035111971246889695,-0.030555555555555558,-0.09819121447028423,0.07,12,左侧观察,买一异常溢价(不作为可成交退出价),39,0,0
222,★ Hydra Gloves | Emerald (Minimal Wear),259.5,311.0,84,12,0.1429,1.1985,steamdt-live,250.0,60,300.0,54,"溢价求购:买一高于卖一,多为定向收特定图案,买一价不可作退出价",11,0,4,5,8,7,2,0,0.009541984732824416,-0.018903591682419618,-0.029629629629629672,-0.009541984732824416,0.03888888888888886,0.038000000000000034,0.07651245551601427,-0.07651245551601427,-0.11388082636161867,0.36,13,左侧观察,买一异常溢价(不作为可成交退出价),37,0,0
223,P250 | Bengal Tiger (Factory New),276.2,153.0,23,3,0.1304,0.5539,steamdt-live,253.4,23,269.3,25,,8,1,2,2,8,7,4,5,-0.002346499804458335,-0.006664053312426477,-0.031072375899962035,-0.00899491591709023,0.039787798408488007,0.0,0.06975036710719518,-0.06975036710719518,-0.16333740548750286,0.35,3,左侧观察,,37,0,0
224,Galil AR | Hunting Blind (Factory New),38.79,20.6,15,4,0.2667,0.5311,steamdt-live,48.71,24,38.42,20,,8,1,2,2,4,10,6,3,-0.006978547428275972,0.0,-0.0076942805847654006,-0.006978547428275972,0.014619133111054117,0.0028713129731141596,0.017642546663257375,-0.017642546663257375,0.0015641293013557434,0.19,8,左侧观察,,36,0,0
225,Tec-9 | Terrace (Factory New),757.0,551.0,18,3,0.1667,0.7279,steamdt-live,713.0,14,691.9,14,,8,1,2,2,4,7,6,5,0.0,-0.005890804597701194,-0.018999830862039824,-0.005890804597701194,0.024778711168743417,0.0,0.024778711168743417,-0.0077441560304029045,-0.11365324998078452,0.14,4,左侧观察,,35,0,0
226,P250 | Iron Clad (Factory New),40.69,32.1,256,8,0.0312,0.7889,steamdt-live,40.0,32,42.4,67,,3,1,9,2,4,10,0,5,0.1000270343336036,-0.016957483411157437,-0.023495248152059167,0.08137334414706676,0.019367492032360878,0.1428571428571428,0.019367492032360878,-0.019367492032360878,-0.19175591028490613,0.36,4,左侧观察,,34,0,0
227,AWP | Snake Camo (Factory New),3500.0,800.0,2,1,0.5,0.2286,steamdt-live,2600.0,4,2354.0,20,,8,1,2,2,4,10,6,0,-0.008424599831508006,0.0,-0.006278777731268281,-0.008424599831508006,0.01875781575656521,0.0,0.01875781575656521,-0.01670843776106934,-0.02969848107005224,0.36,6,左侧观察,,33,0,0
228,Tec-9 | Brass (Factory New),450.0,309.0,11,3,0.2727,0.6867,steamdt-live,479.5,9,442.85,57,,8,1,2,2,4,6,6,0,-0.005600985773496103,-0.0022530134054297157,-0.004460800713728119,-0.007841380082894589,0.012267201962752328,0.0,0.01588888888888884,-0.01588888888888884,-0.10984924623115577,0.2,8,左侧观察,,29,0,0
229,AWP | Printstream (Factory New),945.0,930.0,450,156,0.3467,0.9841,steamdt-live,956.0,355,952.14,166,,20,12,9,2,8,10,6,5,0.029510022271714842,0.02217414818820984,-0.05313215027573048,0.0523385300668151,0.00358498523829609,0.0523385300668151,0.06342913776015857,-0.06342913776015857,-0.11599625818521986,0.36,13,回撤不明显,,72,0,0
230,USP-S | Printstream (Factory New),573.0,556.0,513,54,0.1053,0.9703,steamdt-live,568.5,416,579.0,173,,11,12,12,2,6,20,3,5,-0.013035381750465591,0.07169811320754715,-0.04448398576512458,0.05772811918063314,0.0008795074758135568,0.07372400756143671,0.04296545914069083,-0.042158516020236125,-0.1361216730038023,0.14,14,回撤不明显,,71,0,0
231,AK-47 | Inheritance (Factory New),638.9,628.0,830,60,0.0723,0.9829,steamdt-live,630.0,713,644.3,219,,7,12,12,2,6,20,6,3,-0.006320453508829038,0.032786885245901676,-0.024038155802861727,0.026259203753176585,0.0,0.03618421052631571,0.03076923076923077,-0.03076923076923077,-0.18181818181818177,0.36,16,回撤不明显,,68,0,0
232,Glock-18 | Vogue (Factory New),64.99,64.0,841,28,0.0333,0.9848,steamdt-live,64.49,328,67.98,602,,3,12,12,2,6,20,6,5,-0.007874015748031482,0.023650793650793478,-0.013822022053113892,0.015590551181102308,0.0,0.023650793650793478,0.04839899660616798,-0.04839899660616798,-0.2016588264421887,0.36,6,回撤不明显,,66,0,0
233,M4A4 | Falak (Factory New),869.0,854.0,58,47,0.8103,0.9827,steamdt-live,884.38,43,843.51,77,,20,12,4,2,4,10,6,5,0.00363196125907983,0.015090470446320836,-0.016081000595592587,0.018777239709443005,0.007079562483038537,0.02623170731707325,0.021499999999999964,0.0017976190476189924,-0.05395165823496351,0.36,12,回撤不明显,,63,0,0
234,M4A1-S | Vaporwave (Factory New),846.5,828.0,557,64,0.1149,0.9781,steamdt-live,852.98,248,865.0,152,,11,12,12,2,8,10,3,5,0.0012210012210012167,0.032317073170731625,-0.040961146631068646,0.03357753357753368,0.005871990604815025,0.07219759341355281,0.06618863761720906,-0.03970504821327281,-0.15349999999999997,0.36,8,回撤不明显,,63,0,0
235,Five-SeveN | Berries And Cherries (Factory New),510.9,475.0,266,20,0.0752,0.9297,steamdt-live,490.87,133,503.4,126,,7,6,9,2,8,20,6,5,-0.005246589716684125,0.03559071729957797,-0.026557711950970342,0.03015739769150061,0.0,0.03559071729957797,0.07120151371807004,-0.02217131474103584,-0.2745048773278156,0.36,13,回撤不明显,,63,0,0
236,USP-S | Forest Leaves (Factory New),25.9,23.8,577,23,0.0399,0.9189,steamdt-live,25.68,62,25.63,98,,3,6,12,2,8,20,6,5,-0.014949494949494935,0.05127153404429863,-0.08604135893648446,0.03555555555555556,0.05354505169867063,0.05299917830731293,0.05528934758569848,0.06791666666666663,-0.3176251331203409,0.36,11,长期阴跌,,62,0,0
237,★ Moto Gloves | 3rd Commando Company (Minimal Wear),572.0,540.0,106,16,0.1509,0.9441,steamdt-live,559.48,41,557.0,59,,14,9,7,5,8,10,3,5,0.0323809523809524,0.027675276752767486,-0.056315496198299675,0.06095238095238087,0.0015237070897194949,0.06095238095238087,0.0715119186531088,0.11847389558232924,0.20588872050227325,0.27,7,回撤不明显,,61,0,0
238,AK-47 | Baroque Purple (Factory New),310.0,300.0,303,25,0.0825,0.9677,steamdt-live,300.0,103,318.94,145,,7,12,9,2,10,10,6,5,0.03409168081494074,-0.014907729690681104,-0.08682170542635659,0.018675721561969505,0.07120743034055732,0.05263157894736836,0.12023460410557185,-0.12152269399707172,-0.3589743589743589,0.35,8,长期阴跌,,61,0,0
239,M4A1-S | Player Two (Factory New),950.98,944.0,432,74,0.1713,0.9927,steamdt-live,966.0,131,957.79,160,,14,15,9,2,2,10,3,5,0.037367540435025104,0.023096774193548386,-0.035502958579881616,0.06132738427216955,0.006691791333033992,0.06132738427216955,0.008874999999999966,0.005792811839323564,-0.007323943661971866,0.36,16,回撤不明显,,60,0,0
240,★ Specialist Gloves | Mogul (Field-Tested),550.0,577.0,319,30,0.094,1.0491,steamdt-live,549.5,301,561.24,203,,7,15,9,5,8,10,3,3,0.009689922480620172,0.05566218809980805,-0.02824858757062143,0.06589147286821695,0.0,0.06796116504854366,0.06700593723494486,-0.06700593723494486,-0.2028985507246377,0.36,18,回撤不明显,,60,0,0
241,AK-47 | Safari Mesh (Factory New),30.79,30.2,565,39,0.069,0.9808,steamdt-live,31.2,181,32.96,201,,7,12,12,2,6,10,6,5,0.07294117647058829,-0.035401002506265766,-0.0668130489335006,0.034957983193277364,0.03781250000000003,0.045145960624575654,0.04969135802469138,-0.04969135802469138,-0.38048289738430585,0.36,15,长期阴跌,,60,0,0
242,P250 | See Ya Later (Factory New),678.98,653.0,291,18,0.0619,0.9617,steamdt-live,685.0,125,688.99,75,,7,12,9,2,6,20,4,0,-0.008655766812162513,0.013388059701492594,-0.01335766423357665,0.004616408966486629,0.008802919708029155,0.01947447447447459,0.03004285714285715,-0.013124999999999942,-0.09590007856296356,0.14,7,回撤不明显,,60,0,0
243,★ Hand Wraps | Arboreal (Minimal Wear),397.29,395.0,113,22,0.1947,0.9942,steamdt-live,392.0,86,406.86,102,,14,15,7,5,4,10,4,0,-0.018848437903434045,0.03157894736842115,0.011227154046997478,0.012135295636457544,0.0,0.03703703703703698,0.027295285359801524,-0.020000000000000018,-0.22376237623762374,0.27,12,回撤不明显,,59,0,0
244,Glock-18 | Shinobu (Factory New),104.0,99.0,953,56,0.0588,0.9519,steamdt-live,103.5,362,107.8,220,,3,9,15,2,2,20,3,5,-0.009710743801652821,0.07969956186104743,-0.06833493743984609,0.06921487603305798,0.0038498556304139564,0.08947368421052637,0.009569377990430672,-0.009569377990430672,-0.2038461538461539,0.28,7,回撤不明显,,59,0,0
245,M4A1-S | Solitude (Factory New),63.7,62.0,5026,49,0.0097,0.9733,steamdt-live,67.77,2831,67.43,2253,,3,12,15,2,6,10,6,5,0.029344262295081913,0.017677974199713287,-0.06009244992295848,0.04754098360655745,0.015408320493066396,0.056198347107438096,0.04341317365269459,-0.04140414041404139,-0.334375,0.36,16,长期阴跌,,59,0,0
246,★ Sport Gloves | Hedge Maze (Minimal Wear),43000.0,58360.0,206,48,0.233,1.3572,steamdt-live,41999.0,183,43944.5,32,"溢价求购:买一高于卖一,多为定向收特定图案,买一价不可作退出价",17,0,7,5,8,10,6,5,0.025008336112037455,0.012048483095978169,-0.02442168674698797,0.03735813172291991,0.0,0.03735813172291991,0.06663703539085508,-0.06663703539085508,-0.10621408810385191,0.26,6,回撤不明显,买一异常溢价(不作为可成交退出价),58,0,0
247,Desert Eagle | Emerald Jörmungandr (Factory New),2768.0,2690.0,288,54,0.1875,0.9718,steamdt-live,2788.0,97,2810.0,106,,14,12,9,2,2,10,6,3,0.01935243766282091,0.01058780576852869,-0.022553655874863576,0.030145143282471087,0.0007220216606498298,0.04472541989054535,0.005747126436781658,0.04535669776048934,-0.13445903689806127,0.36,12,回撤不明显,,58,0,0
248,AK-47 | The Outsiders (Factory New),307.5,296.0,988,53,0.0536,0.9626,steamdt-live,307.98,170,308.17,296,,3,12,15,2,8,10,3,5,0.04237288135593231,0.0,-0.01663388779625985,0.04237288135593231,0.008799922638042745,0.06770833333333326,0.0653211343809843,-0.066739506510061,-0.245398773006135,0.36,13,回撤不明显,,58,0,0
249,AK-47 | Bloodsport (Factory New),957.49,946.0,1561,72,0.0461,0.988,steamdt-live,970.0,1118,980.0,341,,3,12,15,2,8,10,3,5,0.027624309392265234,0.029559139784946176,-0.03672166045769021,0.05800000000000005,0.0,0.066841225626741,0.051990099009901036,-0.04774738935852807,-0.05944007858546163,0.36,15,回撤不明显,,58,0,0
250,Desert Eagle | Printstream (Factory New),425.0,418.0,1191,51,0.0428,0.9835,steamdt-live,429.5,929,438.88,359,,3,12,15,2,8,10,3,5,0.008838383838383868,0.07509386733416767,-0.030599755201958345,0.08459595959595956,0.0,0.08734177215189876,0.05604395604395607,-0.05604395604395607,-0.10892116182572609,0.36,13,回撤不明显,,58,0,0
251,Five-SeveN | Kami (Factory New),24.9,24.2,683,23,0.0337,0.9719,steamdt-live,24.84,421,25.06,226,,3,12,12,2,8,10,6,5,0.02183039462636449,0.020542317173377178,-0.04183427192276745,0.04282115869017633,0.001607717041800627,0.05747126436781613,0.07760861492759008,-0.060869565217391286,-0.3094245204336947,0.36,11,长期阴跌,,58,0,0
252,Desert Eagle | Eastern Enigma (Factory New),369.48,353.0,76,41,0.5395,0.9554,steamdt-live,367.99,55,377.55,116,,20,9,4,2,6,10,3,3,-0.0031999999999999806,0.0547752808988764,-0.03843512184400677,0.05140000000000011,0.0,0.06392390424424654,0.04789133247089261,-0.04789133247089261,-0.15888000000000002,1.36,11,回撤不明显,,57,0,0
253,M4A1-S | Golden Coil (Factory New),1478.0,1450.0,330,50,0.1515,0.9811,steamdt-live,1488.0,94,1473.13,109,,14,12,9,2,2,10,3,5,0.05688729874776377,-0.0026201760324982004,-0.026132404181184676,0.054118067978533135,0.009993279569892377,0.06171531531531538,0.009993279569892377,0.004178595773687954,-0.07727528969621045,0.36,10,回撤不明显,,57,0,0
254,MP9 | Hot Rod (Factory New),1245.0,1210.0,249,31,0.1245,0.9719,steamdt-live,1279.99,124,1246.64,128,,11,12,7,2,4,10,6,5,0.04096989966555187,0.0,-0.03626107977437554,0.04096989966555187,0.0013155361612013916,0.04271356783919589,0.02734375,-0.017363851617995252,-0.06390273611079789,0.25,7,回撤不明显,,57,0,0
255,FAMAS | Faulty Wiring (Factory New),15.7,15.3,459,14,0.0305,0.9745,steamdt-live,16.0,80,15.76,140,,3,12,9,2,10,10,6,5,0.03200000000000003,0.014211886304909438,-0.04882688649334177,0.046666666666666634,0.010712035286704502,0.046666666666666634,0.08187134502923987,-0.08187134502923987,-0.4766666666666667,0.35,7,长期阴跌,,57,0,0
256,★ Specialist Gloves | Cloud Chaser (Minimal Wear),4910.0,5250.0,39,26,0.6667,1.0692,steamdt-live,4788.0,49,4873.0,21,"溢价求购:买一高于卖一,多为定向收特定图案,买一价不可作退出价",20,0,4,5,6,10,6,5,0.010647451064745184,0.019048632542300714,-0.031458333333333366,0.029898902989890397,0.0024999999999999467,0.04086956521739138,0.031455446545969434,-0.031455446545969434,-0.09146110056925993,0.36,3,回撤不明显,买一异常溢价(不作为可成交退出价),56,0,0
257,★ Broken Fang Gloves | Jade (Minimal Wear),679.5,730.0,68,24,0.3529,1.0743,steamdt-live,668.38,44,705.0,69,"溢价求购:买一高于卖一,多为定向收特定图案,买一价不可作退出价",20,0,4,5,6,10,6,5,0.0015254237288135908,0.028292742965276396,-0.02259036144578308,0.029861325115562387,0.0,0.02989306296033778,0.035290042290316626,-0.035290042290316626,-0.15287705956907482,0.36,3,回撤不明显,买一异常溢价(不作为可成交退出价),56,0,0
258,★ Specialist Gloves | Sunburst (Field-Tested),947.3,1310.0,157,28,0.1783,1.3829,steamdt-live,950.0,197,988.0,66,"溢价求购:买一高于卖一,多为定向收特定图案,买一价不可作退出价",14,0,7,5,8,20,2,0,-0.016042780748663055,0.029673913043478217,-0.02298850574712641,0.01315508021390377,0.002842105263157979,0.05255555555555547,0.06485686080947684,-0.062079207920792134,-0.1084235294117647,0.11,12,回撤不明显,买一异常溢价(不作为可成交退出价),56,0,0
259,M4A4 | Hellish (Factory New),710.0,701.0,600,71,0.1183,0.9873,steamdt-live,727.5,169,719.0,186,,11,12,12,2,4,10,0,5,0.033350555842597274,0.14516129032258074,-0.050423359974677506,0.18335305588426465,0.01994616605700883,0.1912951559589926,0.01994616605700883,0.039531478770131745,-0.1839080459770115,0.36,12,反弹较远,,56,0,0
260,Five-SeveN | Scumbria (Factory New),28.16,26.6,292,26,0.089,0.9446,steamdt-live,29.2,70,28.32,134,,7,9,9,2,8,10,6,5,-0.0035727045373347144,0.00968088920760124,-0.017550017550017505,0.006073597713469159,0.01158301158301156,0.043349388662467625,0.06538333886491865,-0.0556673373574782,-0.34496394510351247,0.29,4,长期阴跌,,56,0,0
261,M4A4 | Urban DDPAT (Factory New),120.0,116.0,461,39,0.0846,0.9667,steamdt-live,117.99,103,118.11,135,,7,12,9,2,8,10,3,5,0.02602263612868727,0.024841483540345655,-0.06312098188194037,0.05151056055610015,0.014861818485430445,0.078125,0.06357142857142861,-0.05228915662650602,-0.3018343195266272,0.33,5,长期阴跌,,56,0,0
262,★ Hydra Gloves | Mangrove (Field-Tested),168.0,165.0,113,9,0.0796,0.9821,steamdt-live,172.0,116,175.0,247,,7,12,7,5,6,10,6,3,0.0007322431047107614,0.024390243902439046,-0.012235549394249867,0.025140346595069696,0.0,0.025140346595069696,0.030582804385458795,-0.02873330635370297,-0.07238694715918514,0.36,6,回撤不明显,,56,0,0
263,★ Driver Gloves | Overtake (Field-Tested),259.4,250.0,227,14,0.0617,0.9638,steamdt-live,265.0,209,268.55,115,,7,12,7,5,4,10,6,5,0.009338521400778177,0.0,-0.011538461538461497,0.009338521400778177,0.002307692307692344,0.017254901960784164,0.02105819307117529,-0.0003853564547207089,-0.08339222614841002,0.36,8,回撤不明显,,56,0,0
264,★ Sport Gloves | Big Game (Field-Tested),750.0,800.0,778,37,0.0476,1.0667,steamdt-live,747.0,616,767.0,174,"溢价求购:买一高于卖一,多为定向收特定图案,买一价不可作退出价",3,0,12,5,10,20,3,3,-0.013203613620569876,0.05211267605633796,-0.040026684456304196,0.0382209867963863,0.0033355570380253496,0.06790564689063627,0.08902439024390241,-0.08287292817679559,-0.15113636363636362,0.36,12,回撤不明显,买一异常溢价(不作为可成交退出价),56,0,0
265,★ Driver Gloves | Convoy (Field-Tested),3098.21,3030.0,182,64,0.3516,0.978,steamdt-live,3300.0,17,3079.5,32,,20,12,7,5,8,0,3,0,0.041420118343195256,-0.00016233766233764158,0.01982758620689662,0.04125105663567208,0.05231574088321278,0.08110290400494291,0.05231574088321278,0.10455523672883782,-0.09025110782865586,0.13,15,可能加速下跌,,55,0,0
266,Tec-9 | Sultan (Factory New),35.6,32.0,154,27,0.1753,0.8989,steamdt-live,34.0,118,35.89,101,,14,6,7,2,8,10,3,5,0.005589879376286966,0.011995318899941543,-0.020178725857595725,0.017652250661959412,0.0028826751225135006,0.08432601880877755,0.051289083927591794,-0.051289083927591794,-0.16246973365617423,0.11,5,回撤不明显,,55,0,0
267,USP-S | Pathfinder (Factory New),173.0,168.0,120,17,0.1417,0.9711,steamdt-live,181.48,56,171.1,80,,11,12,7,2,8,10,0,5,0.026129426129426037,0.017967634459781,-0.030654515327257492,0.04456654456654441,0.0,0.10387096774193538,0.05594791436768931,-0.05594791436768931,-0.3751825883727724,0.36,7,长期阴跌,,55,0,0
268,Galil AR | Phoenix Blacklight (Factory New),820.0,792.0,439,52,0.1185,0.9659,steamdt-live,830.0,151,807.63,108,,11,12,9,2,6,10,0,5,0.045394736842105265,0.016526117054751488,-0.031847133757961776,0.06267105263157902,0.0,0.10710075394105556,0.04535460992907803,-0.032198921509886125,-0.2756616651270415,0.36,12,回撤不明显,,55,0,0
269,★ Sport Gloves | Amphibious (Field-Tested),1650.0,2300.0,1078,83,0.077,1.3939,steamdt-live,1659.0,1001,1669.24,232,"溢价求购:买一高于卖一,多为定向收特定图案,买一价不可作退出价",7,0,15,5,10,10,3,5,0.032163742690058506,0.03871576959395662,-0.06721619492090436,0.0721247563352827,0.0,0.0721247563352827,0.0843507214206437,-0.0843507214206437,-0.14463452566096424,0.36,10,回撤不明显,买一异常溢价(不作为可成交退出价),55,0,0
270,AWP | Safari Mesh (Factory New),34.73,32.6,438,29,0.0662,0.9387,steamdt-live,34.99,116,35.0,174,,7,9,9,2,8,20,0,0,-0.006637806637806554,0.009006391632771393,-0.01980198019801993,0.0023088023088022602,0.017538896746817634,0.15766666666666662,0.0785354205359512,-0.0785354205359512,-0.3719710669077758,0.36,10,长期阴跌,,55,0,0
271,★ Specialist Gloves | Tiger Strike (Field-Tested),895.0,1270.0,1018,67,0.0658,1.419,steamdt-live,899.0,897,894.5,304,"溢价求购:买一高于卖一,多为定向收特定图案,买一价不可作退出价",7,0,15,5,10,10,3,5,0.013885563801771639,0.05608028335301052,-0.0665921787709497,0.07074455350730191,0.0005586592178771221,0.07836045810729364,0.08631256384065378,-0.08724489795918366,-0.13357225881441315,0.23,15,回撤不明显,买一异常溢价(不作为可成交退出价),55,0,0
272,AWP | Fade (Factory New),3887.5,4010.0,441,29,0.0658,1.0315,steamdt-live,4000.0,337,3870.0,167,,7,15,9,2,4,10,3,5,0.04252012996185894,0.04878048780487809,-0.043378378378378324,0.0933747704478034,0.0,0.0933747704478034,0.027638190954773822,-0.020253164556962022,-0.14945054945054947,0.36,12,回撤不明显,,55,0,0
273,★ Sport Gloves | Pandora's Box (Minimal Wear),31799.5,44050.0,170,43,0.2529,1.3852,steamdt-live,31499.5,196,31800.0,36,"溢价求购:买一高于卖一,多为定向收特定图案,买一价不可作退出价",17,0,7,5,4,10,6,5,0.015384726965354645,0.022711038961038987,-0.036945423373654585,0.03844516905990858,0.0,0.04346169772256725,0.025778616274394595,-0.025778616274394595,-0.1125901510029299,0.36,8,回撤不明显,买一异常溢价(不作为可成交退出价),54,0,0
274,FAMAS | Roll Cage (Factory New),837.27,791.0,94,17,0.1809,0.9447,steamdt-live,850.0,46,858.1,45,,14,9,4,2,4,10,6,5,0.0012531328320801727,0.047897371714643366,-0.050000000000000044,0.04921052631578937,0.003249999999999975,0.04921052631578937,0.02393331778969454,-0.023591836734693894,-0.11772516043372427,0.33,3,回撤不明显,,54,0,0
275,★ Hydra Gloves | Case Hardened (Minimal Wear),519.41,516.0,122,20,0.1639,0.9934,steamdt-live,514.0,126,581.85,57,,14,15,7,5,2,0,6,5,0.0019455252918287869,-0.001941747572815511,0.0,0.0,0.005802707930367523,0.007843137254901933,0.005802707930367523,0.01087576454854755,-0.09106984969053933,0.35,3,回撤不明显,,54,0,0
276,Desert Eagle | Fennec Fox (Factory New),2336.0,2330.0,411,59,0.1436,0.9974,steamdt-live,2356.0,117,2344.5,84,,11,15,9,2,2,10,0,5,0.06979990693345739,0.01609395389299695,-0.04062500000000002,0.08701721731037693,0.005110732538330498,0.10335446206746712,0.005534269902085942,0.03822222222222216,-0.15362318840579714,0.35,12,回撤不明显,,54,0,0
277,AK-47 | Frontside Misty (Factory New),718.5,700.0,403,55,0.1365,0.9743,steamdt-live,729.5,81,729.84,162,,11,12,9,2,2,10,3,5,0.08152823819687272,0.005612394855071479,-0.05218077474892402,0.08759820171654331,0.006636250518456954,0.08759820171654331,0.006636250518456954,0.05120702267739574,-0.06444094324144845,0.36,10,回撤不明显,,54,0,0
278,M4A4 | Global Offensive (Factory New),268.0,260.0,316,34,0.1076,0.9701,steamdt-live,275.0,101,271.0,119,,11,12,9,2,2,10,3,5,0.0343083003952569,0.02415163558544786,-0.05154639175257736,0.059288537549407216,0.0,0.0763052208835342,0.007407407407407418,0.007518796992481258,-0.24695832982101207,0.25,11,回撤不明显,,54,0,0
279,★ Hydra Gloves | Rattler (Field-Tested),170.0,163.0,103,11,0.1068,0.9588,steamdt-live,174.0,123,172.56,185,,11,9,7,5,6,10,3,3,0.017956656346749256,0.03406326034063256,-0.015243902439024404,0.05263157894736836,0.0,0.0625,0.03409090909090906,-0.02573213364662741,-0.039005087620124446,0.28,11,回撤不明显,,54,0,0
280,M4A4 | Temukau (Factory New),565.0,550.0,713,56,0.0785,0.9735,steamdt-live,564.0,622,577.48,333,,7,12,12,2,6,10,0,5,0.02452654455138159,0.06818181818181812,-0.027622641509433943,0.0943806271344303,0.0,0.10696761530912657,0.04729729729729726,-0.04890387858347389,-0.16008935219657483,0.33,12,回撤不明显,,54,0,0
281,M4A1-S | Blue Phosphor (Factory New),3178.35,3070.0,499,39,0.0782,0.9659,steamdt-live,3198.0,328,3177.0,172,,7,12,9,2,6,10,3,5,0.054789858771482125,0.025004032908533702,-0.0785512699905927,0.0811638591117918,0.0037629350893697566,0.0811638591117918,0.030811470408785846,-0.030663615560640678,-0.14088464273835244,0.28,8,回撤不明显,,54,0,0
282,Tec-9 | Brother (Factory New),13.39,13.2,227,13,0.0573,0.9858,steamdt-live,13.37,208,12.72,1037,,3,12,7,2,10,11,4,5,-0.0273141122913505,-0.007800312012480437,-0.07183098591549297,-0.03490136570561453,0.10106007067137812,0.0,0.19238095238095232,-0.19493670886075953,-0.52,0.24,6,长期阴跌,,54,0,0
283,Galil AR | Crimson Tsunami (Factory New),40.38,39.6,672,36,0.0536,0.9807,steamdt-live,39.92,265,41.05,204,,3,12,12,2,4,10,6,5,0.027511030365948708,0.008335438241980242,-0.009511568123393266,0.03607578510251752,0.0,0.053298153034300855,0.02634146341463406,-0.023960880195598944,-0.16642305282940073,0.35,9,回撤不明显,,54,0,0
284,M4A4 | Polysoup (Factory New),115.0,108.0,1268,44,0.0347,0.9391,steamdt-live,114.48,296,119.49,440,,3,9,15,2,10,10,0,5,0.012796208530805542,0.07140851661207304,-0.0786026200873362,0.08511848341232242,0.0,0.14480000000000004,0.10492572322126659,-0.04599999999999993,-0.32654862050708866,0.3,13,长期阴跌,,54,0,0
285,USP-S | Guardian (Factory New),29.8,28.2,1135,22,0.0194,0.9463,steamdt-live,29.35,654,28.3,493,,3,9,15,2,6,10,4,5,-0.0036496350364962904,0.03663003663003672,-0.017921146953404965,0.03284671532846728,0.007017543859649145,0.04814814814814827,0.04067796610169494,-0.04067796610169494,-0.30449741951339393,0.28,11,长期阴跌,,54,0,0
286,AK-47 | Crossfade (Factory New),20.69,20.0,2979,27,0.0091,0.9667,steamdt-live,20.9,1225,23.5,900,,3,12,15,2,10,9,0,3,0.004784688995215447,-0.014761904761904754,-0.0873362445414847,-0.010047846889951972,0.1195744680851063,0.034499999999999975,0.18059405940594053,-0.09254385964912282,-0.31033333333333324,0.36,17,长期阴跌,,54,0,0
287,AK-47 | AUTOEXEC (Factory New),4178.88,3710.0,21,34,1.619,0.8878,steamdt-live,3929.0,16,3910.0,22,,20,6,2,2,2,10,6,5,0.00013161358252178346,0.029082774049216997,-0.010290478051322105,0.02921821531982105,0.0,0.039893617021276695,0.011627906976744207,-0.011627906976744207,-0.1309179817737275,0.35,4,回撤不明显,,53,0,0
288,★ Moto Gloves | Boom! (Minimal Wear),3263.0,3070.0,151,33,0.2185,0.9409,steamdt-live,3400.0,23,3281.0,31,,17,9,7,5,0,10,0,5,0.046226756094622345,0.043825975687779906,-0.023568627450980317,0.09207866447113,0.0009185548071034555,0.10273741128759717,0.0009185548071034555,0.1451131777504826,-0.06771428571428573,0.35,8,回撤不明显,,53,0,0
289,★ Hand Wraps | Slaughter (Minimal Wear),3437.5,3270.0,178,32,0.1798,0.9513,steamdt-live,3588.0,30,3448.0,52,,14,9,7,5,0,10,3,5,0.0725552050473186,0.011029411764705843,-0.027607361963190136,0.08438485804416396,0.000581479866259671,0.09619051870938122,0.000581479866259671,0.07489055659787369,-0.09240924092409242,0.36,6,回撤不明显,,53,0,0
290,M4A1-S | Atomic Alloy (Factory New),1229.0,1190.0,504,56,0.1111,0.9683,steamdt-live,1299.5,74,1263.5,55,,11,12,12,2,6,10,0,0,0.0651204281891169,0.029313232830820768,-0.01189951520493604,0.0963425512934879,0.03546566838540566,0.17047619047619045,0.03546566838540566,0.14967259120673537,0.2802083333333334,0.36,12,反弹较远,,53,0,0
291,USP-S | Overgrowth (Factory New),447.0,381.0,18,2,0.1111,0.8523,steamdt-live,550.0,11,475.28,22,,8,3,2,2,10,20,3,5,-0.0225653206650831,0.08626974483596594,-0.062360801781737196,0.061757719714964354,0.00666666666666671,0.0875912408759123,0.0942249240121581,-0.07610268281592325,-0.2102473498233216,0.36,14,回撤不明显,,53,0,0
292,USP-S | Purple DDPAT (Factory New),178.0,174.0,884,92,0.1041,0.9775,steamdt-live,186.88,123,180.5,172,,11,12,12,2,6,10,0,0,0.1383433582143634,0.13318054494525078,-0.03503496503496495,0.28994854699615913,0.034864176110177336,0.31890930646117366,0.034864176110177336,0.28705712219811996,-0.21287697886265144,0.36,17,反弹较远,,53,0,0
293,P250 | Wingshot (Factory New),37.97,37.1,187,14,0.0749,0.9771,steamdt-live,37.82,98,37.89,123,,7,12,7,2,4,10,6,5,0.011332973556394954,0.009071504802561359,-0.024736842105263057,0.020507285483000404,0.00473684210526315,0.020507285483000404,0.0234959979344177,-0.0234959979344177,-0.3222222222222222,0.36,5,长期阴跌,,53,0,0
294,Glock-18 | AXIA (Factory New),262.0,254.0,710,40,0.0563,0.9695,steamdt-live,259.0,254,268.0,575,,3,12,12,2,6,10,3,5,0.01632653061224487,0.04016064257028118,-0.04835890464167791,0.05714285714285716,0.0019267822736031004,0.08368200836820083,0.038961038961038974,-0.038961038961038974,-0.23031203566121838,0.36,15,回撤不明显,,53,0,0
295,Five-SeveN | Buddy (Factory New),21.11,20.6,395,19,0.0481,0.9758,steamdt-live,20.7,137,20.61,195,,3,12,9,2,6,10,6,5,0.00048496605237624557,-0.0009694619486184664,-0.011505273250239645,-0.0004849660523763566,0.010561689870379198,0.03049999999999997,0.04583333333333339,-0.04583333333333339,-0.37145471180237877,0.34,8,长期阴跌,,53,0,0
296,M4A1-S | Blood Tiger (Factory New),82.0,79.0,742,33,0.0445,0.9634,steamdt-live,83.85,238,87.15,203,,3,12,12,2,6,10,3,5,0.0960784313725489,-0.022063208109719623,-0.06192519926425499,0.07189542483660127,0.023228111971411614,0.07189542483660127,0.0454016298020955,-0.0454016298020955,-0.4014598540145985,0.36,10,长期阴跌,,53,0,0
297,M4A1-S | Icarus Fell (Factory New),2627.5,2560.0,604,25,0.0414,0.9743,steamdt-live,2690.0,406,2698.87,188,,3,12,12,2,6,10,3,5,0.0554547287759628,0.004012227741688967,-0.046346153846153815,0.059689453518854574,0.0003804451207912729,0.07244897959183683,0.044545454545454555,-0.04433347033341939,-0.13852459016393448,0.36,12,回撤不明显,,53,0,0
298,MP9 | Mount Fuji (Factory New),82.39,81.0,1202,45,0.0374,0.9831,steamdt-live,83.1,529,85.0,440,,3,12,15,2,6,10,0,5,0.05125495376486122,0.03531037949233484,-0.05137844611528819,0.08837516512549537,0.0,0.12863013698630144,0.03070588235294114,-0.03070588235294114,-0.19225490196078432,0.36,9,回撤不明显,,53,0,0
299,AK-47 | Searing Rage (Factory New),101.4,99.0,1340,41,0.0306,0.9763,steamdt-live,102.9,398,101.26,435,,3,12,15,2,6,10,0,5,0.04589114194236932,0.033265306122449045,-0.056394763343403764,0.08068303094983986,0.0,0.10184983677910764,0.04920187793427222,-0.04291115311909255,-0.21192310685656468,0.35,12,回撤不明显,,53,0,0
300,★ Hand Wraps | Badlands (Field-Tested),2630.0,2570.0,320,66,0.2062,0.9772,steamdt-live,2788.0,22,2749.75,47,,17,12,9,5,6,0,3,0,0.06302901208369716,-0.00941619585687381,0.01942040816326518,0.053019322704377814,0.043636363636363584,0.08587943848059454,0.043636363636363584,0.09674728940783983,-0.010534236267870534,0.36,16,可能加速下跌,,52,0,0
301,★ Hand Wraps | Desert Shamagh (Minimal Wear),377.0,381.0,144,26,0.1806,1.0106,steamdt-live,386.99,68,381.0,81,,14,15,7,5,0,0,6,5,0.018918918918918948,0.0,-0.006711409395973145,0.018918918918918948,0.002645502645502673,0.020297699594046037,0.002645502645502673,0.003994673768308976,-0.13729977116704806,0.36,12,回撤不明显,,52,0,0
302,USP-S | Kill Confirmed (Factory New),1438.5,1400.0,239,40,0.1674,0.9732,steamdt-live,1431.98,115,1430.0,76,,14,12,7,2,2,10,0,5,0.039677160988232485,0.059259259259259345,-0.03709306637004073,0.10128765941716478,0.0,0.10131310408564054,0.006254343293954134,-0.006254343293954134,-0.1298527443105757,0.36,5,回撤不明显,,52,0,0
303,Desert Eagle | Light Rail (Factory New),86.4,85.0,350,56,0.16,0.9838,steamdt-live,88.0,130,85.54,103,,14,12,9,2,0,10,0,5,0.07641196013289031,0.056049382716049534,-0.07827045565899071,0.13674418604651173,0.003959012575686871,0.13674418604651173,0.003959012575686871,0.006352941176470672,0.00884538271022528,0.27,16,回撤不明显,,52,0,0
304,M4A1-S | Hot Rod (Factory New),8178.5,8020.0,306,47,0.1536,0.9806,steamdt-live,8199.9,165,8289.0,115,,14,12,9,2,0,10,0,5,0.03066666666666662,0.05808538163001287,-0.04085816338405701,0.09053333333333335,6.112843083316832e-05,0.1127891156462586,6.112843083316832e-05,0.012941977831444573,-0.11849975750390684,0.18,11,回撤不明显,,52,0,0
305,★ Sport Gloves | Pandora's Box (Field-Tested),19766.0,23780.0,425,65,0.1529,1.2031,steamdt-live,20388.0,360,20660.0,87,"溢价求购:买一高于卖一,多为定向收特定图案,买一价不可作退出价",14,0,9,5,6,10,3,5,0.05672972972972978,0.011074452032021176,-0.02054214315967806,0.06843243243243236,0.0,0.07135694734274645,0.04442832970751753,-0.036650745686714115,-0.11758928571428573,0.36,7,回撤不明显,买一异常溢价(不作为可成交退出价),52,0,0
306,AWP | Silk Tiger (Factory New),2910.0,2840.0,297,43,0.1448,0.9759,steamdt-live,2908.27,70,2999.5,59,,11,12,9,2,0,10,3,5,0.08315456238361274,0.0,-0.04107142857142854,0.08315456238361274,0.0,0.08517537313432832,0.0,0.029840651558073583,-0.15457267441860467,0.35,4,回撤不明显,,52,0,0
307,★ Specialist Gloves | Lt. Commander (Minimal Wear),996.5,1410.0,203,22,0.1084,1.415,steamdt-live,988.0,209,1036.0,84,"溢价求购:买一高于卖一,多为定向收特定图案,买一价不可作退出价",11,0,7,5,8,10,6,5,0.042553191489361764,0.00867346938775504,-0.019812304483837306,0.05159574468085104,0.0015151515151514694,0.05159574468085104,0.054971319311663436,-0.054971319311663436,-0.16582278481012658,0.36,14,回撤不明显,买一异常溢价(不作为可成交退出价),52,0,0
308,MP9 | Dart (Factory New),18.99,18.1,105,8,0.0762,0.9531,steamdt-live,19.62,108,19.65,121,,7,9,7,2,6,10,6,5,0.011116993118051921,-0.005759162303665022,-0.03671596124426313,0.0052938062466911795,0.03161652218255995,0.006359300476947327,0.03701825557809335,-0.015552099533437058,-0.3610363391655451,0.36,6,长期阴跌,,52,0,0
309,★ Sport Gloves | Vice (Minimal Wear),7510.0,18760.0,1001,53,0.0529,2.498,steamdt-live,7398.5,999,7793.5,206,"溢价求购:买一高于卖一,多为定向收特定图案,买一价不可作退出价",3,0,15,5,8,10,6,5,0.002269986521955092,0.04727864675490134,-0.04232206837237551,0.04965595516776622,6.757669955403944e-05,0.057155104665285394,0.0693125353795836,-0.06925399421310852,-0.14749092585124157,0.35,8,回撤不明显,买一异常溢价(不作为可成交退出价),52,0,0
310,Glock-18 | Green Line (Factory New),34.8,34.1,1398,64,0.0458,0.9799,steamdt-live,34.99,214,35.3,423,,3,12,15,2,2,10,3,5,0.016044340723453843,0.004593741027849596,-0.028895184135977248,0.02071178529754958,0.008781869688385124,0.09343750000000006,0.008781869688385124,0.035207100591716056,-0.38059833598867054,0.36,11,长期阴跌,,52,0,0
311,Tec-9 | Remote Control (Factory New),145.0,140.0,589,24,0.0407,0.9655,steamdt-live,155.0,75,150.98,116,,3,12,12,2,4,10,6,3,0.027857142857142803,0.007644197359277127,-0.03114186851211076,0.03571428571428581,0.020270270270270285,0.03942652329749108,0.020270270270270285,-0.006849315068493178,-0.34090909090909094,0.36,13,长期阴跌,,52,0,0
312,MP9 | Rose Iron (Factory New),45.98,43.0,490,16,0.0327,0.9352,steamdt-live,45.0,187,49.33,186,,3,9,9,2,10,10,6,3,-0.021739130434782594,0.0,-0.021068312406895107,-0.021739130434782594,0.04458598726114649,0.00222717149220486,0.09456740442655942,-0.09456740442655942,-0.3182851083169217,0.36,6,长期阴跌,,52,0,0
313,★ Driver Gloves | Plum Quill (Minimal Wear),1072.0,1060.0,14,10,0.7143,0.9888,steamdt-live,997.5,16,1112.54,11,,20,12,2,5,6,0,6,0,0.0,0.0,0.0,0.0,0.0,0.0005015045135405849,0.03809064609450341,-0.03809064609450341,-0.10135135135135132,0.11,2,回撤不明显,,51,0,0
314,★ Sport Gloves | Blaze (Field-Tested),690.0,726.0,95,28,0.2947,1.0522,steamdt-live,698.5,116,711.0,43,"溢价求购:买一高于卖一,多为定向收特定图案,买一价不可作退出价",17,0,4,5,6,10,6,3,-0.004392386530014614,0.014705882352941124,-0.00942712110224797,0.01024890190336758,0.0014471780028944004,0.022979985174203188,0.04166666666666663,-0.026798307475317307,-0.13207547169811318,0.11,12,回撤不明显,买一异常溢价(不作为可成交退出价),51,0,0
315,FAMAS | Bad Trip (Factory New),496.5,480.0,137,31,0.2263,0.9668,steamdt-live,505.0,52,496.5,68,,17,12,7,2,4,0,6,3,0.0010020040080160886,-0.006006006006005982,0.017848036715961246,-0.00501002004008011,0.016598003485976842,0.023732448091713154,0.016598003485976842,0.003232976358860329,0.021625959381880167,1.08,11,可能加速下跌,,51,0,0
316,★ Hand Wraps | Leather (Field-Tested),3690.0,3600.0,283,63,0.2226,0.9756,steamdt-live,3785.44,29,3748.15,47,,17,12,9,5,8,0,0,0,0.0955198647506339,-0.05105452674897115,0.03183602267771479,0.03958861651169343,0.06594936708860755,0.10134328358208955,0.06594936708860755,0.1422600619195047,-0.1131009615384615,0.36,15,可能加速下跌,,51,0,0
317,★ Moto Gloves | Finish Line (Minimal Wear),910.0,1380.0,183,30,0.1639,1.5165,steamdt-live,900.0,146,920.93,93,"溢价求购:买一高于卖一,多为定向收特定图案,买一价不可作退出价",14,0,7,5,4,10,6,5,0.034482758620689724,0.0,-0.020270270270270285,0.034482758620689724,0.008810572687224627,0.034482758620689724,0.027027027027026973,-0.02386117136659438,-0.10358565737051795,0.36,9,回撤不明显,买一异常溢价(不作为可成交退出价),51,0,0
318,AK-47 | B the Monster (Factory New),2160.0,2100.0,490,66,0.1347,0.9722,steamdt-live,2189.5,258,2199.0,145,,11,12,9,2,2,10,0,5,0.07494529540481398,0.0992366412213741,-0.046923879040667416,0.1816192560175054,0.013698630136986356,0.2067039106145252,0.013698630136986356,0.018867924528301883,-0.11836734693877549,0.35,13,反弹较远,,51,0,0
319,Glock-18 | Snack Attack (Factory New),660.0,640.0,333,40,0.1201,0.9697,steamdt-live,668.0,64,665.0,72,,11,12,9,2,2,10,0,5,0.0947562564510398,0.020108502449806,-0.026696310935441447,0.11677016531582596,0.007070859034150834,0.13795065432162623,0.007070859034150834,0.09181141439205964,-0.13082413675033588,0.36,11,回撤不明显,,51,0,0
320,Glock-18 | Bunsen Burner (Factory New),30.99,30.1,419,46,0.1098,0.9713,steamdt-live,31.7,183,31.19,134,,11,12,9,2,2,10,0,5,0.019744058500914097,0.11115095016134813,-0.01936177841520259,0.13308957952468004,0.006412311638345769,0.14777777777777779,0.006412311638345769,0.06862068965517243,-0.15235229759299795,0.26,15,回撤不明显,,51,0,0
321,P250 | Hive (Factory New),41.49,36.8,161,16,0.0994,0.887,steamdt-live,40.5,90,38.4,124,,7,6,7,2,8,10,6,5,0.0,0.042628292153136016,-0.015503875968992165,0.042628292153136016,0.0038910505836575737,0.042628292153136016,0.056974459724950854,-0.056742815033161476,-0.5317073170731708,0.23,5,长期阴跌,,51,0,0
322,Five-SeveN | Hot Shot (Factory New),208.48,186.0,142,14,0.0986,0.8922,steamdt-live,241.38,73,218.05,72,,7,6,7,2,8,10,6,5,0.020001000050002604,0.02201088288641584,-0.019608804353154596,0.042452122606130294,0.007143537479759932,0.042452122606130294,0.05232056002545582,-0.05232056002545582,-0.3866431303324507,0.36,4,长期阴跌,,51,0,0
323,M4A1-S | Boreal Forest (Factory New),54.6,54.0,553,40,0.0723,0.989,steamdt-live,67.0,90,59.63,82,,7,12,12,2,8,10,0,0,0.12992700729926998,0.007751937984496138,-0.02738336713995937,0.13868613138686126,0.07441939311747758,0.13868613138686126,0.07441939311747758,0.13963681903569203,-0.37241379310344824,0.36,12,长期阴跌,,51,0,0
324,Tec-9 | Bamboozle (Factory New),36.29,35.6,617,32,0.0519,0.981,steamdt-live,35.33,199,35.29,161,,3,12,12,2,4,10,3,5,0.06579745300181927,0.003982930298719767,-0.04461181923522617,0.07004244996967857,0.004513399153737718,0.07264437689969605,0.019722222222222197,-0.019722222222222197,-0.33276611835885805,0.36,9,长期阴跌,,51,0,0
325,P250 | Vino Primo (Factory New),81.98,75.0,405,15,0.037,0.9149,steamdt-live,82.62,134,81.78,884,,3,6,9,2,10,10,6,5,0.033500000000000085,-0.010885341074020394,-0.06965926270496559,0.022250000000000103,0.09022138168873062,0.022250000000000103,0.2021463414634146,-0.18138138138138138,-0.3776255707762557,0.31,8,长期阴跌,,51,0,0
326,AWP | Sovereign Flame (Factory New),2699.0,2420.0,21,28,1.3333,0.8966,steamdt-live,2706.99,22,2750.0,47,,20,6,2,2,4,10,3,3,0.05709240729841092,0.004821826280623442,-0.05610761521338958,0.06218952324896998,0.0,0.062193691166141596,0.027829253576969526,-0.027829253576969526,-0.11766661560174574,0.2,6,回撤不明显,,50,0,0
327,USP-S | Spiral Glitch (Factory New),448.0,439.0,31,22,0.7097,0.9799,steamdt-live,476.0,45,461.48,61,,20,12,4,2,8,0,4,0,0.012101210121012063,-0.02608695652173909,-0.01088139281828071,-0.014301430143014326,0.02608695652173909,0.0,0.06664722181712124,-0.03655913978494618,-0.18543973526791402,0.29,3,可能加速下跌,,50,0,0
328,M4A1-S | Knight (Factory New),16879.5,14830.0,15,6,0.4,0.8786,steamdt-live,17788.0,13,17687.39,15,,20,3,2,2,2,10,6,5,0.016898608349900535,0.0,-0.016646919431279605,0.016898608349900535,2.9620853080558618e-05,0.018248175182481674,0.0070006177015619064,-0.0070006177015619064,0.048448709587254335,0.36,3,回撤不明显,,50,0,0
329,★ Driver Gloves | Convoy (Minimal Wear),3240.0,3070.0,120,43,0.3583,0.9475,steamdt-live,3499.48,28,3200.0,20,,20,9,7,5,4,0,0,5,0.038914907651715014,0.015876240876955272,0.014725568942436373,0.0554089709762533,0.025875190258751957,0.12280701754385959,0.025875190258751957,0.11265646731571621,-0.06130830155470812,0.36,9,可能加速下跌,,50,0,0
330,M4A1-S | Chantico's Fire (Factory New),1629.0,1560.0,235,58,0.2468,0.9576,steamdt-live,1667.97,66,1633.69,70,,17,9,7,2,0,10,0,5,0.04506756756756758,0.05321006012801455,-0.018124883899901745,0.1006756756756757,0.0,0.1006756756756757,0.0,0.03757961783439501,-0.034380557202133954,0.36,12,回撤不明显,,50,0,0
331,★ Moto Gloves | Boom! (Field-Tested),3055.0,3010.0,231,56,0.2424,0.9853,steamdt-live,3400.0,27,3120.0,38,,17,12,7,5,6,0,0,3,0.05505540166204992,0.0024614374794880156,0.015828350334154084,0.05765235457063711,0.041845729163399126,0.10428227978525317,0.041845729163399126,0.1176362971094036,-0.08807284669353632,0.15,13,可能加速下跌,,50,0,0
332,AK-47 | Neon Revolution (Factory New),1566.0,1550.0,533,108,0.2026,0.9898,steamdt-live,1580.0,103,1560.0,125,,17,12,12,2,4,0,3,0,0.025654599233736697,0.006451612903225712,0.008158772515010071,0.03227172568040593,0.016703435234793562,0.061224489795918435,0.016703435234793562,0.061224489795918435,-0.024317021915340797,0.36,16,可能加速下跌,,50,0,0
333,FAMAS | Mecha Industries (Factory New),734.0,728.0,1277,168,0.1316,0.9918,steamdt-live,744.0,163,736.0,141,,11,15,15,2,4,0,3,0,0.01412429378531077,0.022284122562674202,0.04888888888888898,0.03672316384180796,0.021333333333333315,0.0963405526512322,0.021333333333333315,0.14278596895483364,-0.08819875776397512,0.3,20,可能加速下跌,,50,0,0
334,★ Driver Gloves | Rezan the Red (Minimal Wear),787.99,770.0,145,18,0.1241,0.9772,steamdt-live,775.0,83,811.0,88,,11,12,7,5,4,0,6,5,0.0,0.026490066225165476,-0.005924950625411429,0.026490066225165476,0.005134788189987138,0.034837296871453205,0.017806222672834382,0.0012919896640826156,-0.09462616822429903,0.32,4,回撤不明显,,50,0,0
335,★ Sport Gloves | Amphibious (Minimal Wear),3599.5,6730.0,501,46,0.0918,1.8697,steamdt-live,3727.99,466,3700.0,119,"溢价求购:买一高于卖一,多为定向收特定图案,买一价不可作退出价",7,0,12,5,8,10,3,5,0.06000000000000005,0.029016580903373335,-0.06779661016949157,0.09075757575757581,0.0001388888888889106,0.09075757575757581,0.05226434965771454,-0.05201474848564658,-0.136810551558753,0.36,12,回撤不明显,买一异常溢价(不作为可成交退出价),50,0,0
336,Galil AR | Firefight (Factory New),57.0,54.0,523,48,0.0918,0.9474,steamdt-live,53.81,115,53.91,143,,7,9,12,2,2,10,3,5,0.06666666666666665,0.012989457831325435,-0.01775147928994092,0.08052208835341368,0.0,0.0981632653061224,0.009023941068139862,-0.0035185185185184764,-0.35487351636494424,0.29,8,长期阴跌,,50,0,0
337,MP9 | Latte Rush (Factory New),287.66,272.0,488,44,0.0902,0.9456,steamdt-live,292.0,169,286.65,220,,7,9,9,2,8,10,0,5,0.03250478011472269,0.06162962962962948,-0.06440071556350624,0.0961376673040153,0.0035112115418042267,0.1110077519379844,0.06479608482871135,-0.06326797385620919,-0.29049504950495053,0.2,12,回撤不明显,,50,0,0
338,M4A1-S | Guardian (Factory New),348.0,333.0,650,48,0.0738,0.9569,steamdt-live,380.0,314,353.55,191,,7,9,12,2,4,10,3,3,0.06356589147286829,0.014577259475218707,-0.05976676384839652,0.07906976744186056,0.019718309859154903,0.07906976744186056,0.019718309859154903,-0.005714285714285672,-0.3163064833005894,0.36,14,长期阴跌,,50,0,0
339,Tec-9 | Blue Titanium (Factory New),167.0,158.0,481,31,0.0644,0.9461,steamdt-live,180.0,45,164.71,109,,7,9,9,2,8,10,0,5,0.15538461538461545,-0.0030867933664204816,-0.0914866581956798,0.15181818181818185,0.009143957167779493,0.15181818181818185,0.07200405656656717,-0.07200405656656717,-0.21191387559808605,0.36,8,反弹较远,,50,0,0
340,★ Driver Gloves | Racing Green (Field-Tested),177.47,175.0,180,11,0.0611,0.9861,steamdt-live,176.99,103,195.24,88,,7,12,7,5,0,10,6,3,0.008424068767908244,0.005796442575439098,-0.013957167881561872,0.014269340974212064,0.0027046824815460946,0.04111764705882348,0.0027046824815460946,0.014269340974212064,-0.016722222222222194,0.27,11,回撤不明显,,50,0,0
341,Galil AR | Chromatic Aberration (Factory New),102.97,97.0,611,34,0.0556,0.942,steamdt-live,106.4,187,108.11,200,,3,9,12,2,8,10,3,3,0.030208333333333393,0.0411526794742163,-0.06796116504854366,0.07260416666666658,0.019333333333333313,0.08389473684210524,0.07234234234234238,-0.06390909090909092,-0.35643749999999996,0.23,14,长期阴跌,,50,0,0
342,M4A4 | Turbine (Factory New),67.9,64.0,1095,48,0.0438,0.9426,steamdt-live,64.74,205,64.9,278,,3,9,15,2,6,10,0,5,0.138421052631579,-0.002311604253351862,-0.1200987959246681,0.13578947368421046,0.01909090909090916,0.13578947368421046,0.04933920704845818,-0.04230769230769227,-0.3652941176470589,0.36,10,长期阴跌,,50,0,0
343,AWP | The End (Factory New),279.0,252.0,60,19,0.3167,0.9032,steamdt-live,269.48,72,288.68,117,,20,6,4,2,8,0,4,5,-0.0034981598221768273,-0.01459026584268841,-0.014578620417250221,-0.0180373865830995,0.03235304678803541,0.005522388059701511,0.0643055555555555,-0.06264565724025184,-0.20594041901169813,0.36,6,可能加速下跌,,49,0,0
344,★ Moto Gloves | Eclipse (Minimal Wear),3299.0,3100.0,129,35,0.2713,0.9397,steamdt-live,3260.0,19,3357.9,23,,17,9,7,5,6,0,0,5,0.012278124999999918,0.006393376326293776,0.032591158438205925,0.018750000000000044,0.03264094955489616,0.1241418073855427,0.03264094955489616,0.11281788701143536,-0.05342624854819977,0.34,11,可能加速下跌,,49,0,0
345,★ Specialist Gloves | Pillow Punchers (Field-Tested),2249.5,4960.0,218,54,0.2477,2.2049,steamdt-live,2200.0,233,2298.0,139,"溢价求购:买一高于卖一,多为定向收特定图案,买一价不可作退出价",17,0,7,5,10,3,4,3,-0.013109638184655048,-0.009009009009009028,-0.021535450195737327,-0.022000542345153695,0.061833688699360345,0.00022732439190731313,0.09465020576131689,-0.09465020576131689,-0.16110581506196375,0.36,8,暂未减速,买一异常溢价(不作为可成交退出价),49,0,0
346,★ Hand Wraps | Spruce DDPAT (Field-Tested),2385.0,2300.0,291,67,0.2302,0.9644,steamdt-live,2578.08,23,2505.99,50,,17,12,9,5,6,0,0,0,0.03947368421052633,0.006329113924050667,0.036363636363636376,0.046052631578947345,0.03166869671132766,0.13571428571428568,0.03166869671132766,0.18069306930693063,-0.02254098360655743,0.32,14,可能加速下跌,,49,0,0
347,★ Specialist Gloves | Foundation (Field-Tested),5300.0,5210.0,296,67,0.2264,0.983,steamdt-live,5700.0,35,5314.9,42,,17,12,9,5,6,0,0,0,0.08083333333333331,0.021588280647648395,0.032258064516129004,0.10416666666666674,0.031078610603290646,0.1830357142857142,0.031078610603290646,0.20482201596275518,-0.1311475409836066,0.36,16,反弹较远,,49,0,0
348,Five-SeveN | Fairy Tale (Factory New),1738.0,1700.0,215,47,0.2186,0.9781,steamdt-live,1887.9,44,1885.68,32,,17,12,7,2,8,0,3,0,0.10111662531017362,-0.02084507042253525,-0.004938271604938316,0.07816377171215882,0.05543478260869561,0.07983845914880394,0.05543478260869561,0.10000000000000009,-0.08742452087161989,0.28,15,可能加速下跌,,49,0,0
349,★ Bloodhound Gloves | Bronzed (Field-Tested),1300.0,1280.0,242,48,0.1983,0.9846,steamdt-live,1380.0,16,1370.0,48,,14,12,7,5,8,0,3,0,0.07008323786481663,-0.02673484513854063,0.014829388856820058,0.041474728215152634,0.05450419654675842,0.08378491037932467,0.05450419654675842,0.12262521588946451,-0.09690864883640149,0.36,15,可能加速下跌,,49,0,0
350,AK-47 | Aquamarine Revenge (Factory New),1229.0,1220.0,379,74,0.1953,0.9927,steamdt-live,1257.57,118,1244.67,94,,14,15,9,2,6,0,3,0,0.046237915090374004,-0.012454801124949788,0.005494505494505475,0.033207229928541304,0.039843749999999956,0.06869565217391305,0.039843749999999956,0.05993962915049589,0.0880920761398849,0.36,15,可能加速下跌,,49,0,0
351,AWP | Gungnir (Factory New),74799.0,71540.0,142,24,0.169,0.9564,steamdt-live,73997.0,173,75418.0,25,,14,9,7,2,6,0,6,5,0.004547614199416294,-4.0540540540590086e-05,-0.004513574507763574,0.004506889296137961,0.013366755778371875,0.01789644547155267,0.039000000000000035,-0.039000000000000035,-0.03271895424836602,0.36,7,暂未减速,,49,0,0
352,AK-47 | Neon Rider (Factory New),1359.0,1330.0,456,77,0.1689,0.9787,steamdt-live,1450.0,185,1428.72,106,,14,12,9,2,6,0,6,0,0.03474320241691853,-0.008029197080291928,0.0007558578987150177,0.02643504531722063,0.03274021352313172,0.05594405594405605,0.03274021352313172,0.053896859247770434,-0.06211180124223603,0.36,15,可能加速下跌,,49,0,0
353,Desert Eagle | Naga (Factory New),144.5,137.0,279,41,0.147,0.9481,steamdt-live,159.0,69,151.36,91,,11,9,9,2,8,10,0,0,0.09016000000000002,0.05672561825787037,-0.09051222351571597,0.1519999999999999,0.05244456142659737,0.1707317073170731,0.05244456142659737,0.006993006993007089,-0.33487297921478065,0.24,17,长期阴跌,,49,0,0
354,Glock-18 | Ironwork (Factory New),275.0,273.0,620,83,0.1339,0.9927,steamdt-live,287.99,55,274.5,46,,11,15,12,2,6,0,0,3,0.032755298651252485,0.025746268656716254,0.054878048780487854,0.05934489402697496,0.03374340949033405,0.12295751633986907,0.03374340949033405,0.309047619047619,0.06964980544747079,0.14,17,可能加速下跌,,49,0,0
355,Glock-18 | Royal Legion (Factory New),246.0,230.0,355,42,0.1183,0.935,steamdt-live,242.82,53,244.89,89,,11,9,9,2,0,10,3,5,0.06537777777777776,0.012974010262400304,-0.056564216528995015,0.07919999999999994,0.0,0.07919999999999994,0.0027926078028748247,0.03327659574468078,-0.1758476733530191,0.32,11,回撤不明显,,49,0,0
356,USP-S | Cortex (Factory New),165.0,159.0,399,44,0.1103,0.9636,steamdt-live,165.0,142,165.79,230,,11,12,9,2,0,10,0,5,0.09796584801687169,0.022368176466943446,-0.03543539602336099,0.12252534185999031,0.0,0.15384615384615374,0.0,0.05095541401273884,-0.19271980038162329,0.36,12,反弹较远,,49,0,0
357,Tec-9 | Fuel Injector (Factory New),242.0,232.0,404,43,0.1064,0.9587,steamdt-live,238.0,144,237.5,181,,11,9,9,2,0,10,3,5,0.056099652480029016,0.014957264957264904,-0.046764756496300186,0.0718960148034482,0.004151117447272479,0.0718960148034482,0.004192872117400381,0.032608695652173836,-0.1753185874509532,0.36,10,回撤不明显,,49,0,0
358,M4A4 | Griffin (Factory New),461.0,442.0,434,46,0.106,0.9588,steamdt-live,497.99,42,490.08,92,,11,9,9,2,8,10,0,0,0.1234000977039571,0.002348234475560984,-0.03557126030624269,0.12603810454323416,0.07429718875502012,0.15683814303638655,0.07429718875502012,0.18515090750167107,-0.2682539682539683,0.25,14,反弹较远,,49,0,0
359,Glock-18 | Water Elemental (Factory New),305.0,296.0,681,72,0.1057,0.9705,steamdt-live,304.99,240,311.5,255,,11,12,12,2,6,0,3,3,0.03624161073825505,-0.01233808290155436,0.06618962432915931,0.023456375838926125,0.037613202486510455,0.09511669658886901,0.037613202486510455,0.1618666666666666,-0.1320470132900765,0.23,12,可能加速下跌,,49,0,0
360,FAMAS | Djinn (Factory New),194.0,186.0,141,14,0.0993,0.9588,steamdt-live,205.61,54,191.0,93,,7,9,7,2,8,10,6,0,-0.04022398027329699,0.02231975592784874,0.0032986290073186986,-0.018802013767594716,0.030456852791878153,0.02231975592784874,0.05389340202100257,-0.053940264500470514,-0.3246587935789548,0.19,8,长期阴跌,,49,0,0
361,Tec-9 | Cracked Opal (Factory New),56.5,56.0,314,31,0.0987,0.9912,steamdt-live,54.0,106,58.0,31,,7,15,9,2,6,10,0,0,0.26,-0.012522045855379194,-0.025552187093980105,0.24422222222222234,0.032987910189982705,0.24422222222222234,0.032987910189982705,0.16645833333333337,0.19892933618843678,0.18,12,反弹较远,,49,0,0
362,★ Specialist Gloves | Tiger Strike (Minimal Wear),1899.0,2680.0,310,29,0.0935,1.4113,steamdt-live,1847.49,253,1833.0,87,"溢价求购:买一高于卖一,多为定向收特定图案,买一价不可作退出价",7,0,9,5,10,10,3,5,0.0038419382751659903,0.053351415961750526,-0.036944444444444446,0.05739832708393422,0.0,0.06569767441860463,0.08783279422741974,-0.08350000000000002,-0.19816272965879267,0.35,7,回撤不明显,买一异常溢价(不作为可成交退出价),49,0,0
363,USP-S | Stainless (Factory New),238.88,231.0,308,21,0.0682,0.967,steamdt-live,238.99,215,248.06,90,,7,12,9,2,8,10,1,0,0.028634361233480066,0.023040685224839486,-0.031982942430703654,0.05233480176211458,0.002547079209987979,0.0858181818181818,0.06504892367906068,-0.0705058365758755,-0.2497487437185929,0.36,11,回撤不明显,,49,0,0
364,P250 | Steel Disruption (Factory New),30.49,29.2,206,10,0.0485,0.9577,steamdt-live,29.38,106,27.87,86,,3,9,7,2,10,10,3,5,0.084857921370183,0.0,-0.008873456790123524,0.084857921370183,0.0,0.08697347893915763,0.09980620155038755,-0.10009686793671291,-0.3946568201563857,0.18,6,长期阴跌,,49,0,0
365,Galil AR | Rainbow Spoon (Factory New),149.49,143.0,874,38,0.0435,0.9566,steamdt-live,156.0,381,153.0,669,,3,9,12,2,8,10,0,5,0.030303030303030276,0.0991911764705884,-0.053763440860215006,0.13250000000000006,0.0,0.13853769992383858,0.05380087347300466,-0.05678591709256109,-0.19844504021447718,0.28,12,回撤不明显,,49,0,0
366,Five-SeveN | Orange Peel (Factory New),17.71,14.9,516,16,0.031,0.8413,steamdt-live,15.7,102,16.01,137,,3,3,12,2,8,10,6,5,0.020779220779220786,-0.0012722646310433516,-0.03749999999999998,0.01948051948051943,0.018750000000000044,0.020806241872561637,0.07755581668625144,-0.07755581668625144,-0.46671195652173914,0.36,7,长期阴跌,,49,0,0
367,Tec-9 | Flash Out (Factory New),20.99,18.5,869,25,0.0288,0.8814,steamdt-live,18.15,176,18.77,114,,3,6,12,2,10,10,3,3,0.0,0.06796116504854366,-0.027222222222222148,0.06796116504854366,0.0,0.07409534750143587,0.15000000000000002,-0.15000000000000002,-0.36155684533970645,0.1,9,长期阴跌,,49,0,0
368,AK-47 | Slate (Factory New),83.89,82.0,1887,23,0.0122,0.9775,steamdt-live,85.5,1459,86.55,638,,3,12,15,2,8,2,4,3,-0.014738307995822209,-0.011896348645465293,-0.020795454545454506,-0.026459324590924926,0.0467045454545455,0.0010739856801909031,0.055292792792792755,-0.05155455059355574,-0.14082343301925437,0.32,13,可能加速下跌,,49,0,0
369,★ Driver Gloves | Dragon Fists (Minimal Wear),1249.5,1350.0,33,15,0.4545,1.0804,steamdt-live,1250.0,32,1338.2,24,"溢价求购:买一高于卖一,多为定向收特定图案,买一价不可作退出价",20,0,4,5,0,10,6,3,-0.009869109526186137,0.01585365853658538,0.002728270696112478,0.005828087517910863,0.00039999999999995595,0.01585365853658538,0.0011990407673860837,-0.0011990407673860837,-0.1010791366906475,0.36,2,回撤不明显,买一异常溢价(不作为可成交退出价),48,0,0
370,★ Driver Gloves | Hand Sweaters (Field-Tested),657.5,860.0,105,29,0.2762,1.308,steamdt-live,659.0,91,680.87,39,"溢价求购:买一高于卖一,多为定向收特定图案,买一价不可作退出价",17,0,7,5,0,10,6,3,0.014843750000000044,0.011547344110854452,-0.018404907975460127,0.026562500000000044,0.0037907505686125553,0.026562500000000044,0.004545454545454519,-0.001519756838905817,-0.07268877911079741,0.1,11,回撤不明显,买一异常溢价(不作为可成交退出价),48,0,0
371,M4A4 | Red DDPAT (Factory New),868.0,842.0,216,59,0.2731,0.97,steamdt-live,899.5,25,923.47,43,,17,12,7,2,8,0,2,0,0.023112196695624032,-0.022522522522522515,-6.912442396311835e-05,6.912920247947874e-05,0.04562946673996704,0.059182428309945134,0.05801662578950795,0.009302325581395321,-0.0805084745762712,0.25,13,可能加速下跌,,48,0,0
372,★ Hand Wraps | Badlands (Minimal Wear),2788.0,2680.0,143,38,0.2657,0.9613,steamdt-live,2868.0,17,2900.0,35,,17,12,7,5,4,0,0,3,0.07505863956215797,0.013454545454545386,0.0033339870562856255,0.08952306489444872,0.02210526315789474,0.11103581067343837,0.02210526315789474,0.12023087930286014,-0.018489170628631757,0.36,9,可能加速下跌,,48,0,0
373,AK-47 | X-Ray (Factory New),11539.9,11720.0,144,30,0.2083,1.0156,steamdt-live,11999.0,60,11969.12,46,,17,15,7,2,2,0,0,5,0.035919212995275895,0.023040780141843964,0.0035834101382488104,0.05978759982661219,8.665511265215642e-06,0.13136274509803925,0.00851447718876197,-0.00851447718876197,-0.1986737032150545,0.36,12,回撤不明显,,48,0,0
374,★ Specialist Gloves | Chocolate Chesterfield (Field-Tested),494.0,610.0,122,25,0.2049,1.2348,steamdt-live,508.49,108,520.5,52,"溢价求购:买一高于卖一,多为定向收特定图案,买一价不可作退出价",17,0,7,5,8,0,6,5,0.01836734693877551,-0.01002004008016033,0.002044989775051187,0.008163265306122547,0.01200000000000001,0.012295081967213184,0.050000000000000044,-0.049049049049049054,-0.09771689497716896,0.36,15,可能加速下跌,买一异常溢价(不作为可成交退出价),48,0,0
375,★ Driver Gloves | Lunar Weave (Field-Tested),4288.0,4220.0,279,55,0.1971,0.9841,steamdt-live,4665.0,18,4602.38,59,,14,12,9,5,8,0,0,0,0.08531682273968233,-0.00044295239427416533,0.040192130543492466,0.08483607905450374,0.06793478260869568,0.1433363822303526,0.06793478260869568,0.15909705325763723,-0.12455334354262382,0.36,18,可能加速下跌,,48,0,0
376,★ Hand Wraps | Duct Tape (Field-Tested),254.0,270.0,172,16,0.093,1.063,steamdt-live,261.0,159,264.0,119,"溢价求购:买一高于卖一,多为定向收特定图案,买一价不可作退出价",7,0,7,5,8,10,6,5,-0.0045199999999999685,0.020613171535339703,-0.025341130604288553,0.016000000000000014,0.00974658869395717,0.04312114989733051,0.051247572090243665,-0.05046728971962622,-0.08468468468468471,0.36,7,回撤不明显,买一异常溢价(不作为可成交退出价),48,0,0
377,FAMAS | Cyanospatter (Factory New),36.5,35.4,259,24,0.0927,0.9699,steamdt-live,39.93,58,36.69,93,,7,12,9,2,0,10,3,5,0.03529411764705892,0.03693181818181812,-0.02857142857142858,0.07352941176470584,0.0,0.07669616519174038,0.0,0.0027472527472527375,-0.2528147389969294,0.35,8,回撤不明显,,48,0,0
378,Glock-18 | Dragon Tattoo (Factory New),480.0,444.0,350,28,0.08,0.925,steamdt-live,487.91,237,497.7,201,,7,6,9,2,6,10,3,5,0.025358324145534628,0.032258064516129004,-0.06394484808454426,0.058434399117971436,0.009247027741083214,0.0786516853932584,0.040000000000000036,-0.035175879396984966,-0.20661157024793386,0.36,11,回撤不明显,,48,0,0
379,Tec-9 | Isaac (Factory New),91.59,79.0,227,14,0.0617,0.8625,steamdt-live,88.17,115,91.47,140,,7,3,7,2,8,10,6,5,-0.0012687427912341231,0.018246910728721533,-0.03655961773530381,0.01695501730103799,0.020333333333333314,0.03729411764705892,0.06895459345300947,-0.06895459345300947,-0.38126315789473686,0.24,5,长期阴跌,,48,0,0
380,★ Specialist Gloves | Crimson Kimono (Minimal Wear),14700.0,19360.0,355,19,0.0535,1.317,steamdt-live,15000.0,354,16055.8,75,"溢价求购:买一高于卖一,多为定向收特定图案,买一价不可作退出价",3,0,9,5,10,10,6,5,0.034965034965035,-0.006756756756756799,-0.046666666666666634,0.027972027972027913,0.006756756756756799,0.028007972306723916,0.11330940676176982,-0.11330940676176982,-0.15468660149511215,0.35,3,回撤不明显,买一异常溢价(不作为可成交退出价),48,0,0
381,AWP | Black Nile (Factory New),87.8,84.0,979,51,0.0521,0.9567,steamdt-live,89.41,258,87.49,386,,3,9,15,2,4,10,0,5,0.14697554697554693,-0.018289946140035984,-0.01869158878504673,0.12599742599742592,0.022676496872207297,0.16777896422851035,0.022676496872207297,0.1791105121293799,-0.38813903070144773,0.36,15,长期阴跌,,48,0,0
382,AWP | Green Energy (Factory New),167.5,165.0,730,37,0.0507,0.9851,steamdt-live,167.5,347,174.95,526,,3,12,12,2,8,10,1,0,0.022188980304163497,0.021341463414634054,-0.0463623395149787,0.04400398903016711,0.007348583619770088,0.06687898089171984,0.07911375006872279,-0.07662624035281151,-0.27110530896431684,0.32,18,回撤不明显,,48,0,0
383,M4A4 | Sheet Lightning (Factory New),23.46,21.4,1130,29,0.0257,0.9122,steamdt-live,25.58,510,24.4,630,,3,6,15,2,10,7,2,3,-0.004662992793556531,-0.005110732538330498,-0.03280032800328003,-0.009749894022891059,0.042230422304223136,0.01565217391304352,0.08785630613041784,-0.07301587301587298,-0.3088757396449704,0.11,9,长期阴跌,,48,0,0
384,AWP | Duality (Factory New),57.35,52.0,941,23,0.0244,0.9067,steamdt-live,59.4,625,61.79,512,,3,6,15,2,6,10,6,0,0.004385964912280604,0.0017467248908296096,-0.011789181692094308,0.006140350877193113,0.005721220527045712,0.042727272727272725,0.04080949991637395,0.04462659380692169,-0.20347222222222217,0.36,13,回撤不明显,,48,0,0
385,AK-47 | Safety Net (Factory New),68.5,67.0,2128,51,0.024,0.9781,steamdt-live,69.5,402,68.54,564,,3,12,15,2,6,10,0,0,0.1499999999999999,-0.007246376811594235,-0.04549793191218576,0.1416666666666666,0.03507536272714462,0.14567653453754814,0.03507536272714462,0.11021069692058338,-0.35377358490566035,0.31,16,长期阴跌,,48,0,0
386,AK-47 | Steel Delta (Factory New),48.0,46.7,1992,47,0.0236,0.9729,steamdt-live,49.0,660,49.35,427,,3,12,15,2,6,10,0,0,0.14868105515587526,0.0020876826722338038,-0.05011389521640086,0.15107913669064743,0.038076152304609145,0.15662650602409633,0.038076152304609145,0.069042316258352,-0.43329397874852427,0.36,17,长期阴跌,,48,0,0
387,Desert Eagle | Calligraffiti (Factory New),26.4,25.1,1075,20,0.0186,0.9508,steamdt-live,25.8,109,25.29,280,,3,9,15,2,10,0,6,3,0.008814102564102422,0.004368546465448819,-0.0008006405124099114,0.013221153846153744,0.022041763341067333,0.053749999999999964,0.12491349480968861,-0.12187500000000007,-0.3291777188328914,1.36,9,长期阴跌,,48,0,0
388,M4A4 | Dark Operative (Factory New),38.84,35.3,107,22,0.2056,0.9089,steamdt-live,36.0,82,40.0,91,,17,6,7,2,10,0,2,3,-0.01305483028720622,-0.04761904761904756,-0.017948717948717996,-0.06005221932114879,0.07692307692307687,0.0,0.08069458631256377,-0.08069458631256377,-0.18181818181818177,0.26,8,可能加速下跌,,47,0,0
389,AK-47 | Leet Museo (Factory New),3444.0,3340.0,552,95,0.1721,0.9698,steamdt-live,3540.0,55,3500.0,59,,14,12,12,2,4,0,3,0,0.02182024830041418,0.013424043220593207,0.023326153846153774,0.03553720747727618,0.02985915492957747,0.08643533123028391,0.02985915492957747,0.07624999999999993,-0.10066588327457893,0.36,14,可能加速下跌,,47,0,0
390,MP9 | Music Box (Factory New),50.0,46.0,251,34,0.1355,0.92,steamdt-live,59.7,66,51.49,60,,11,6,9,2,4,10,0,5,0.14971910112359543,0.22159784998778398,-0.13905683192261187,0.4044943820224718,0.019607843137254943,0.4285714285714286,0.019607843137254943,0.24937531234382804,-0.21875,0.24,15,反弹较远,,47,0,0
391,FAMAS | Afterimage (Factory New),228.0,214.0,75,10,0.1333,0.9386,steamdt-live,276.84,39,241.28,40,,11,9,4,2,10,0,6,5,0.0,0.0066225165562914245,-0.00439560439560438,0.0066225165562914245,0.0,0.0066225165562914245,0.0897476844458639,-0.0897476844458639,-0.29846153846153844,0.36,2,回撤不明显,,47,0,0
392,M4A1-S | Master Piece (Factory New),1930.0,1800.0,71,9,0.1268,0.9326,steamdt-live,1888.0,18,1977.99,58,,11,9,4,2,0,10,6,5,0.016498881431767254,0.038789546079780024,-0.02826086956521734,0.055928411633109576,0.0,0.055928411633109576,0.0,0.023583626999186702,-0.19659574468085106,0.26,4,回撤不明显,,47,0,0
393,Glock-18 | Reactor (Factory New),390.0,356.0,205,25,0.122,0.9128,steamdt-live,386.06,59,386.06,75,,11,6,7,2,6,10,0,5,0.0,0.1405022156573117,-0.04256823645877528,0.1405022156573117,0.0025835787733168303,0.14218934911242598,0.043198096607103054,-0.030146209114203848,-0.23324726911618665,0.36,8,回撤不明显,,47,0,0
394,USP-S | Para Green (Factory New),214.0,198.0,168,19,0.1131,0.9252,steamdt-live,221.32,74,213.5,80,,11,6,7,2,6,10,0,5,0.14774193548387093,9.368559115618957e-05,-0.10131903174373103,0.1478494623655915,0.025425663030081647,0.15094339622641506,0.038244965989459034,-0.038244965989459034,-0.33798449612403103,0.36,12,长期阴跌,,47,0,0
395,P250 | Mint Kimono (Factory New),69.0,63.0,160,17,0.1062,0.913,steamdt-live,64.9,78,67.07,71,,11,6,7,2,6,10,0,5,0.010001666944490673,0.07113385047037468,-0.029288025889967595,0.08184697449574929,0.0,0.11896551724137949,0.03694910224068848,-0.03694910224068848,-0.4658436213991769,0.36,4,长期阴跌,,47,0,0
396,★ Sport Gloves | Nocts (Minimal Wear),4998.5,7060.0,386,28,0.0725,1.4124,steamdt-live,4899.0,331,5288.0,64,"溢价求购:买一高于卖一,多为定向收特定图案,买一价不可作退出价",7,0,9,5,8,10,3,5,-0.0029787234042553123,0.045454545454545414,-0.03796950158632684,0.04234042553191486,0.0,0.06499999999999995,0.06409399178527075,-0.06418338108882526,-0.13893863949141305,0.35,8,回撤不明显,买一异常溢价(不作为可成交退出价),47,0,0
397,AK-47 | Blue Laminate (Factory New),164.99,158.0,1182,83,0.0702,0.9576,steamdt-live,164.0,658,164.2,297,,7,9,15,2,4,10,0,0,0.1338725527250737,0.09333333333333327,-0.034379562043795664,0.23970065764608073,0.029585798816568087,0.25766871165644156,0.029585798816568087,0.2148148148148148,-0.23660568821859151,0.34,19,反弹较远,,47,0,0
398,Desert Eagle | Starcade (Factory New),1063.0,1000.0,574,40,0.0697,0.9407,steamdt-live,1130.0,129,1082.99,151,,7,9,12,2,4,10,0,3,0.0990099009900991,0.06406406406406417,-0.028846153846153855,0.16941694169416932,0.02477064220183489,0.16941694169416932,0.02477064220183489,0.022115384615384537,-0.20314842578710646,0.33,14,反弹较远,,47,0,0
399,AWP | Elite Build (Factory New),380.0,368.0,361,25,0.0693,0.9684,steamdt-live,372.83,84,396.0,114,,7,12,9,2,2,10,0,5,0.09150717703349298,0.021452054794520503,-0.06981919332406128,0.11492224880382773,0.00795593635250924,0.12257617728531844,0.00795593635250924,-0.003128342245989346,-0.24604651162790703,0.36,18,回撤不明显,,47,0,0
400,AK-47 | Breakthrough (Factory New),46.0,45.0,420,29,0.069,0.9783,steamdt-live,48.4,367,48.99,344,,7,12,9,2,8,3,6,0,-0.03490759753593431,-0.021276595744680882,-0.006122448979591799,-0.05544147843942515,0.061224489795918324,0.022222222222222143,0.061224489795918324,-0.05891980360065474,-0.2539734025300032,0.36,10,可能加速下跌,,47,0,0
401,Galil AR | Blue Titanium (Factory New),99.7,94.0,863,58,0.0672,0.9428,steamdt-live,115.0,127,101.37,185,,7,9,12,2,4,10,0,3,0.23308641975308642,-0.0018021625951140097,-0.03329752953813114,0.2308641975308643,0.02731707317073173,0.24625000000000008,0.02731707317073173,0.09212400043816404,-0.31003460207612454,0.36,14,长期阴跌,,47,0,0
402,Desert Eagle | Cobalt Disruption (Factory New),558.0,532.0,567,38,0.067,0.9534,steamdt-live,561.0,285,561.0,208,,7,9,12,2,2,10,0,5,0.00980353634577602,0.08562423393451235,-0.02115384615384619,0.09626719056974453,0.007435340993987571,0.11823647294589179,0.007435340993987571,-0.0035714285714285587,-0.22499999999999998,0.36,12,回撤不明显,,47,0,0
403,FAMAS | Survivor Z (Factory New),19.27,18.2,914,34,0.0372,0.9445,steamdt-live,19.28,256,18.98,366,,3,9,15,2,8,10,0,0,0.10146627565982413,0.010649627263045858,-0.030147895335608466,0.1131964809384165,0.010427528675703845,0.12042502951593859,0.050999999999999934,-0.04623115577889436,-0.4399527884331661,0.26,14,长期阴跌,,47,0,0
404,AK-47 | Consequence of the Jinn (Factory New),3545.0,3400.0,20,26,1.3,0.9591,steamdt-live,3660.0,18,3500.0,23,,20,9,2,2,2,0,6,5,0.005780346820809301,0.005747126436781658,-0.005598537712531715,0.011560693641618602,0.0,0.01185313674472388,0.013528748590755368,-0.013528748590755368,-0.07846234860452872,0.36,3,回撤不明显,,46,0,0
405,Desert Eagle | Heirloom (Factory New),618.0,577.0,103,26,0.2524,0.9337,steamdt-live,650.0,34,633.7,45,,17,9,7,2,6,0,0,5,0.10116876879013748,-0.001615508885298822,-0.007311000052978245,0.09938982085994352,0.026771653543307128,0.12599070784367306,0.04629629629629628,-0.04629629629629628,0.03171953255425719,0.36,12,可能加速下跌,,46,0,0
406,★ Hand Wraps | Slaughter (Field-Tested),3088.0,2940.0,284,59,0.2077,0.9521,steamdt-live,3197.23,39,3100.0,68,,17,9,9,5,6,0,0,0,0.06543169337823307,0.012462335942085234,0.019291436709987453,0.0787094610644572,0.03409446355958712,0.1249544626593806,0.03409446355958712,0.09971509971509973,-0.06395877538648076,0.32,12,可能加速下跌,,46,0,0
407,★ Sport Gloves | Arid (Field-Tested),5989.5,5790.0,319,58,0.1818,0.9667,steamdt-live,6030.0,53,5900.0,66,,14,12,9,5,6,0,0,0,0.035360182504167836,0.0,0.05537354315484189,0.035360182504167836,0.032786885245901676,0.13472449273968645,0.032786885245901676,0.09706210487169953,-0.14715235617230416,0.36,14,可能加速下跌,,46,0,0
408,★ Driver Gloves | Diamondback (Field-Tested),2609.5,2510.0,308,56,0.1818,0.9619,steamdt-live,3178.5,15,2570.0,35,,14,12,9,5,6,0,0,0,0.05098598280352018,-0.009633911368015391,0.02410203235172137,0.040860876996164475,0.03564727954971858,0.10182207931404075,0.03564727954971858,0.07531380753138084,-0.13468013468013473,0.36,16,可能加速下跌,,46,0,0
409,★ Specialist Gloves | Forest DDPAT (Minimal Wear),1838.0,1750.0,150,27,0.18,0.9521,steamdt-live,1980.0,19,1888.88,30,,14,9,7,5,8,0,3,0,0.02649142857142861,0.023180208866819596,0.0127314814814814,0.05028571428571427,0.06104245743273273,0.06365740740740744,0.06104245743273273,0.13945630947583765,-0.1488297566894201,0.13,14,暂未减速,,46,0,0
410,★ Bloodhound Gloves | Charred (Field-Tested),1431.21,1390.0,233,41,0.176,0.9712,steamdt-live,1550.0,23,1512.91,31,,14,12,7,5,8,0,0,0,0.06748902858498407,-0.006104166666666688,0.021939393939393925,0.06097289763966307,0.05400189039665282,0.11378210116731524,0.05400189039665282,0.05964535593973275,-0.06905299309860335,0.14,14,可能加速下跌,,46,0,0
411,FAMAS | Styx (Factory New),789.5,770.0,376,62,0.1649,0.9753,steamdt-live,800.0,66,817.7,35,,14,12,9,2,6,0,3,0,0.04373757455268379,-0.00952380952380949,0.0006631299734747298,0.03379721669980129,0.039408866995073843,0.06849315068493156,0.039408866995073843,0.06995884773662553,0.1703101321850291,0.36,18,可能加速下跌,,46,0,0
412,★ Specialist Gloves | Forest DDPAT (Field-Tested),1749.5,1700.0,278,43,0.1547,0.9717,steamdt-live,1819.35,26,1789.78,48,,14,12,9,5,6,0,0,0,0.07214105673089555,-0.0253481894150418,0.02407545600234884,0.044964222145237764,0.03342541436464086,0.10100692259282562,0.03342541436464086,0.1079797340088664,-0.12085427135678395,0.36,14,可能加速下跌,,46,0,0
413,AWP | Containment Breach (Factory New),2286.93,2250.0,147,20,0.1361,0.9839,steamdt-live,2320.76,62,2296.99,83,,11,12,7,2,6,0,3,5,0.046431838975297346,-0.0002491803278689142,0.016791478673426674,0.046171088746568945,0.00046765734265741266,0.0892736365801381,0.031491261132685966,-0.02683829787234049,-0.21653648509763623,0.36,4,回撤不明显,,46,0,0
414,★ Sport Gloves | Slingshot (Minimal Wear),4900.0,7350.0,346,41,0.1185,1.5,steamdt-live,4980.0,323,5090.02,73,"溢价求购:买一高于卖一,多为定向收特定图案,买一价不可作退出价",11,0,9,5,6,10,0,5,0.011563264398487982,0.09584524071224454,-0.04319148936170214,0.10851678897042483,0.0,0.13321209365764952,0.03185084482423772,-0.03185084482423772,-0.1503323674791205,0.36,10,回撤不明显,买一异常溢价(不作为可成交退出价),46,0,0
415,FAMAS | Pulse (Factory New),157.5,152.0,567,55,0.097,0.9651,steamdt-live,158.9,221,157.66,136,,7,12,12,2,0,10,0,3,0.09898107714701587,0.04304635761589415,-0.0445062586926287,0.14628820960698685,0.00417298937784516,0.16666666666666674,0.00417298937784516,0.0752321135991263,-0.264018691588785,0.24,16,反弹较远,,46,0,0
416,USP-S | Lead Conduit (Factory New),69.7,66.0,454,37,0.0815,0.9469,steamdt-live,67.52,97,67.94,113,,7,9,9,2,4,10,0,5,0.03185550082101818,0.07447485677912136,-0.05581395348837215,0.10870279146141204,0.0,0.10870279146141204,0.021449275362318887,0.00776119402985076,-0.3630188679245283,0.36,9,长期阴跌,,46,0,0
417,AWP | Chromatic Aberration (Factory New),418.5,407.0,292,22,0.0753,0.9725,steamdt-live,422.0,185,428.23,159,,7,12,9,2,0,10,6,0,-0.015079862954205492,0.025207613728228218,-0.0012049354154617387,0.009747623413598472,0.0023837902264600697,0.025207613728228218,0.0047562425683710385,-0.007117437722419906,-0.10653287788215193,0.36,12,回撤不明显,,46,0,0
418,P250 | Inferno (Factory New),46.99,44.0,326,24,0.0736,0.9364,steamdt-live,44.0,123,45.36,132,,7,9,9,2,4,10,0,5,0.09749999999999992,0.002277904328018332,-0.07343062311790594,0.10000000000000009,0.0,0.10000000000000009,0.015219337511190645,-0.015219337511190645,-0.2560027054447075,0.36,8,回撤不明显,,46,0,0
419,Tec-9 | Phoenix Chalk (Factory New),57.0,54.0,474,31,0.0654,0.9474,steamdt-live,61.61,103,59.43,91,,7,9,9,2,6,10,3,0,0.0706482155863073,-0.030612244897959107,-0.01928571428571424,0.03787327021121634,0.049524762381190524,0.07547169811320753,0.049524762381190524,-0.030612244897959107,-0.4570394360830634,0.36,9,长期阴跌,,46,0,0
420,M4A4 | Tooth Fairy (Factory New),70.9,69.0,1613,36,0.0223,0.9732,steamdt-live,70.5,461,72.61,574,,3,12,15,2,6,0,3,5,0.028358208955223896,0.023222060957909907,-0.005934718100890302,0.052238805970149294,0.0012749681257968604,0.06818181818181812,0.045749864645370786,-0.04445649227432913,-0.28643724696356276,0.25,11,回撤不明显,,46,0,0
421,Glock-18 | Fully Tuned (Factory New),1034.99,1900.0,51,38,0.7451,1.8358,steamdt-live,1034.0,46,1064.0,17,"溢价求购:买一高于卖一,多为定向收特定图案,买一价不可作退出价",20,0,4,2,6,10,3,0,-0.035363457760314354,0.05295315682281054,0.05745359357633295,0.015717092337917515,0.0,0.07463182947234936,0.038139534883720905,-0.007182087029995787,-0.038139534883720905,1.3,8,回撤不明显,买一异常溢价(不作为可成交退出价),45,0,0
422,★ Driver Gloves | Crimson Weave (Field-Tested),7044.0,6790.0,196,54,0.2755,0.9639,steamdt-live,7600.61,19,7317.2,37,,17,12,7,5,4,0,0,0,0.06465715774292669,-0.0008510638297872797,0.05125416732814747,0.06375106654484775,0.021598722133481463,0.13247588424437295,0.021598722133481463,0.11987281399046101,-0.10835443037974679,0.36,15,可能加速下跌,,45,0,0
423,★ Moto Gloves | Cool Mint (Field-Tested),6414.5,6240.0,281,65,0.2313,0.9728,steamdt-live,6665.0,40,6454.0,70,,17,12,9,5,2,0,0,0,0.04583723105706272,0.04317775248007805,0.0517889087656529,0.0909941321540948,0.01244432538454554,0.14854545031325594,0.01244432538454554,0.17697247706422026,-0.12130136986301365,0.3,11,暂未减速,,45,0,0
424,★ Bloodhound Gloves | Snakebite (Minimal Wear),1291.21,1210.0,137,26,0.1898,0.9371,steamdt-live,1398.0,12,1295.43,33,,14,9,7,5,0,10,0,0,0.07238605898123329,0.07600833333333346,-0.017559262510974505,0.15389633601429842,0.003257605582702272,0.15389633601429842,0.003257605582702272,0.12376849434290693,-0.07770714285714286,0.14,10,反弹较远,,45,0,0
425,Tec-9 | Whiteout (Factory New),1057.5,980.0,131,17,0.1298,0.9267,steamdt-live,1160.0,64,1018.99,85,,11,6,7,2,6,10,3,0,0.001536098310291889,0.04191206543967274,-0.0166163141993958,0.04351254480286748,0.0,0.0614479166666666,0.03549489346799306,-0.03595114428707935,-0.29481660899653983,0.12,11,回撤不明显,,45,0,0
426,M4A1-S | Printstream (Factory New),2479.5,3350.0,629,55,0.0874,1.3511,steamdt-live,2500.0,474,2486.0,199,"溢价求购:买一高于卖一,多为定向收特定图案,买一价不可作退出价",7,0,12,2,6,10,3,5,0.03982300884955747,0.0551063829787235,-0.05833333333333335,0.09712389380530984,0.0,0.09882561489031683,0.03521400778210115,-0.03521400778210115,-0.11730153079387684,0.36,12,回撤不明显,买一异常溢价(不作为可成交退出价),45,0,0
427,USP-S | Monster Mashup (Factory New),462.5,438.0,575,47,0.0817,0.947,steamdt-live,470.88,141,454.05,155,,7,9,12,2,0,10,0,5,0.08853535353535347,0.05333364264835527,-0.04578313253012045,0.14659090909090922,0.0,0.1494936708860759,0.0,0.059626604434072306,-0.18041516245487366,0.36,11,回撤不明显,,45,0,0
428,Galil AR | Stone Cold (Factory New),130.0,126.0,306,24,0.0784,0.9692,steamdt-live,128.0,137,127.17,99,,7,12,9,2,0,10,0,5,0.02720613882106715,0.07954159592529719,-0.04033472803347271,0.10891175444715717,0.0007857311228097741,0.11572205650114054,0.0007857311228097741,0.0874807593637763,-0.17422077922077917,0.35,12,回撤不明显,,45,0,0
429,USP-S | Cyrex (Factory New),226.2,225.0,2674,199,0.0744,0.9947,steamdt-live,228.0,372,235.59,394,,7,15,15,2,6,0,0,0,0.05271055179090034,0.040507609545266554,0.062210796915167066,0.09535333978702809,0.045147679324894496,0.20372340425531932,0.045147679324894496,0.3233918128654971,-0.2289608177172061,0.12,20,反弹较远,,45,0,0
430,M4A1-S | Fade (Factory New),1064.0,1390.0,1727,110,0.0637,1.3064,steamdt-live,1098.5,1401,1053.89,987,"溢价求购:买一高于卖一,多为定向收特定图案,买一价不可作退出价",7,0,15,2,6,10,0,5,0.05610735418427737,0.054417208604302214,-0.05312656328164089,0.11357776838546085,0.0,0.12295151838039442,0.04191818181818174,-0.03886000911992693,-0.15518485266296844,0.35,17,回撤不明显,买一异常溢价(不作为可成交退出价),45,0,0
431,MP9 | Goo (Factory New),17.48,16.5,573,19,0.0332,0.9439,steamdt-live,16.79,259,17.22,560,,3,9,12,2,10,2,2,5,0.0017371163867980766,-0.029479768786127236,-0.04215196894065454,-0.02779386218876667,0.06825749167591566,0.0,0.12460896767466112,-0.12460896767466112,-0.5921787709497207,0.31,10,长期阴跌,,45,0,0
432,M4A4 | Etch Lord (Factory New),17.97,17.6,870,24,0.0276,0.9794,steamdt-live,18.36,411,18.38,439,,3,12,12,2,10,1,2,3,-0.01711229946524062,-0.022306855277475557,-0.045431342521694784,-0.03903743315508024,0.07798871216008207,0.0,0.10150000000000003,-0.12766990291262148,-0.3694736842105264,0.25,10,长期阴跌,,45,0,0
433,Five-SeveN | Heat Treated (Factory New),99.0,94.0,735,18,0.0245,0.9495,steamdt-live,96.59,361,99.5,225,,3,9,12,2,4,10,0,5,0.04193181818181824,0.05344094230559504,-0.07853403141361259,0.0976136363636364,0.00010351966873700658,0.13635294117647057,0.024343434343434334,-0.026310483870967682,-0.21789473684210525,0.29,6,回撤不明显,,45,0,0
434,Desert Eagle | Crimson Web (Factory New),893.0,828.0,91,16,0.1758,0.9272,steamdt-live,899.0,52,898.8,50,,14,6,4,2,0,10,3,5,0.06040268456375841,0.027617951668584606,-0.06503137478608101,0.08968883465527755,0.0,0.08968883465527755,0.0011185682326622093,-0.0011185682326622093,-0.044919786096256686,0.36,7,回撤不明显,,44,0,0
435,Desert Eagle | Ocean Drive (Factory New),1498.7,1390.0,212,36,0.1698,0.9275,steamdt-live,1521.8,52,1507.3,64,,14,6,7,2,0,10,0,5,0.025498711814501362,0.07577127926841509,-0.015572576612874034,0.10320206109679808,0.0008000533368891505,0.10320206109679808,0.0008000533368891505,0.11221604613021241,-0.16273275269694243,0.36,7,回撤不明显,,44,0,0
436,Desert Eagle | Hypnotic (Factory New),1000.0,980.0,215,31,0.1442,0.98,steamdt-live,1001.0,77,1040.0,65,,11,12,7,2,6,0,6,0,0.05562301656139357,-0.03334944417593044,-1.0204081632658735e-05,0.02041857569975214,0.04580152671755722,0.030927835051546282,0.04580152671755722,0.012145748987854255,-0.10940909293316103,0.27,11,可能加速下跌,,44,0,0
437,AWP | Desert Hydra (Factory New),8288.0,10230.0,275,36,0.1309,1.2343,steamdt-live,8399.0,208,8721.18,52,"溢价求购:买一高于卖一,多为定向收特定图案,买一价不可作退出价",11,0,9,2,4,10,3,5,0.05744125326370764,0.02444444444444449,-0.04238029753719219,0.08328981723237594,0.00012049644535483406,0.0919139417066912,0.02947368421052632,-0.02947368421052632,-0.15312531255166661,0.27,10,回撤不明显,买一异常溢价(不作为可成交退出价),44,0,0
438,AK-47 | Fuel Injector (Factory New),2150.0,2910.0,412,52,0.1262,1.3535,steamdt-live,2188.0,191,2218.89,110,"溢价求购:买一高于卖一,多为定向收特定图案,买一价不可作退出价",11,0,9,2,4,10,3,5,0.04645161290322597,0.0275380189066996,-0.012836336706985918,0.07526881720430101,0.006928406466512715,0.07526881720430101,0.019294804543173893,-0.01956313557389766,-0.10788381742738584,0.35,12,回撤不明显,买一异常溢价(不作为可成交退出价),44,0,0
439,P250 | Crimson Kimono (Factory New),130.0,109.0,109,12,0.1101,0.8385,steamdt-live,126.79,55,123.84,93,,11,3,7,2,6,10,0,5,0.054277661605600436,0.06795446705760622,-0.1085987519247914,0.12592053823074822,0.0,0.12592053823074822,0.036114570361145626,-0.036114570361145626,-0.3081177719425666,0.36,8,长期阴跌,,44,0,0
440,M4A4 | Hellfire (Factory New),1950.0,1880.0,595,54,0.0908,0.9641,steamdt-live,2039.5,79,2033.48,88,,7,12,12,2,6,0,0,5,0.0637837837837838,-0.004573170731707266,0.04520364521833464,0.05891891891891898,0.039705882352941146,0.137630662020906,0.039705882352941146,0.14261383851757659,-0.1649616368286445,0.36,13,可能加速下跌,,44,0,0
441,Glock-18 | Off World (Factory New),48.5,45.5,608,54,0.0888,0.9381,steamdt-live,49.33,230,48.43,77,,7,9,12,2,4,10,0,0,0.09522587268993843,0.127255683149754,-0.030363364858138397,0.234599589322382,0.02631578947368418,0.2384140061791966,0.02631578947368418,0.17949975478175584,0.08357738229330924,0.36,19,反弹较远,,44,0,0
442,M4A1-S | Stratosphere (Factory New),173.0,169.0,388,24,0.0619,0.9769,steamdt-live,175.49,277,178.55,347,,7,12,9,2,10,4,0,0,-0.01850813236118909,-0.011428571428571455,-0.024617067833697992,-0.029725182277061224,0.0510148107515086,0.029761904761904656,0.12837565497783143,-0.10129870129870133,-0.3335387934355497,0.27,13,长期阴跌,,44,0,0
443,AWP | Mortis (Factory New),66.1,62.0,960,34,0.0354,0.938,steamdt-live,65.48,329,66.77,358,,3,9,15,2,0,10,0,5,0.04542372881355927,0.061608300907911806,-0.04065040650406504,0.10983050847457632,0.0,0.1120923913043479,0.0,0.03936507936507949,-0.24544825996773445,0.32,10,回撤不明显,,44,0,0
444,M4A1-S | Welcome to the Jungle (Factory New),10266.0,10580.0,37,20,0.5405,1.0306,steamdt-live,10249.5,43,10063.25,22,,20,15,4,2,2,0,0,0,-0.00010001000100012813,0.006526305261052245,0.05258171482709617,0.006425642564256373,0.013406862745098058,0.059345228696247254,0.013406862745098058,0.016551508172212515,-0.0309821858449687,0.31,1,价格更新稀疏,,43,0,0
445,★ Driver Gloves | Lunar Weave (Minimal Wear),4500.0,4230.0,144,27,0.1875,0.94,steamdt-live,5099.48,19,4599.0,42,,14,9,7,5,8,0,0,0,0.12056295927263672,0.00033344448149374983,0.0017467248908296096,0.12093660480757262,0.07678104323742119,0.16883116883116878,0.07678104323742119,0.1408290024084169,-0.12612875036411297,0.24,14,反弹较远,,43,0,0
446,M4A4 | The Coalition (Factory New),6730.0,6580.0,290,51,0.1759,0.9777,steamdt-live,7500.0,37,6959.0,38,,14,12,9,2,6,0,0,0,0.04737936507936502,0.01993031739079698,0.016129032258064502,0.06825396825396823,0.032976506932969274,0.10327868852459021,0.032976506932969274,0.05386783589101163,-0.17926829268292688,0.29,14,可能加速下跌,,43,0,0
447,★ Specialist Gloves | Emerald Web (Field-Tested),7997.0,7850.0,313,54,0.1725,0.9816,steamdt-live,8000.0,80,8309.5,62,,14,12,9,5,0,0,0,3,0.06524253350568077,0.021458679269383163,0.0014989439258703552,0.08810123137628412,0.0,0.1184615384615384,0.0,0.1264173533347419,-0.13936719758932414,0.36,16,回撤不明显,,43,0,0
448,★ Driver Gloves | Crimson Weave (Minimal Wear),7400.0,7010.0,138,23,0.1667,0.9473,steamdt-live,8598.9,23,7963.95,17,,14,9,7,5,8,0,0,0,0.06446043165467619,0.0002703433360367047,-0.004939508912592205,0.06474820143884896,0.07499999999999996,0.11019428399969988,0.07499999999999996,0.06050617673192127,-0.12941176470588234,0.36,14,可能加速下跌,,43,0,0
449,USP-S | Target Acquired (Factory New),2040.0,1950.0,153,25,0.1634,0.9559,steamdt-live,2098.88,49,2188.82,33,,14,9,7,2,8,0,3,0,0.09095634095634098,-0.02810862315388285,0.00732984293193728,0.06029106029106024,0.059292255761834944,0.09677419354838701,0.059292255761834944,0.00990099009900991,-0.16496111338518216,0.25,9,可能加速下跌,,43,0,0
450,Five-SeveN | Triumvirate (Factory New),73.56,68.0,197,27,0.1371,0.9244,steamdt-live,85.9,162,71.5,196,,11,6,7,2,2,10,0,5,0.05191171899285063,0.05644208037825038,-0.008934072704867457,0.11128380478706856,0.0072202166064981865,0.1171875,0.0072202166064981865,0.057848794200325404,-0.3643314366998578,0.36,11,长期阴跌,,43,0,0
451,M4A1-S | Flashback (Factory New),739.38,730.0,789,103,0.1305,0.9873,steamdt-live,750.0,55,747.5,87,,11,12,12,2,6,0,0,0,0.049730820040057466,0.0005142083897158312,0.04682527881040888,0.050270600434665136,0.035608076381280274,0.11184962406015031,0.035608076381280274,0.12297808356495188,-0.22170526315789474,0.36,20,可能加速下跌,,43,0,0
452,Galil AR | Cerberus (Factory New),930.0,895.0,267,33,0.1236,0.9624,steamdt-live,1037.0,76,968.36,87,,11,12,9,2,6,0,3,0,0.027315981600985362,0.02310231023102305,0.009457640267415135,0.051049354113219536,0.042125862601709696,0.06896551724137923,0.042125862601709696,-0.02002107481559534,-0.22336907505762105,0.36,16,暂未减速,,43,0,0
453,M4A1-S | Moss Quartz (Factory New),451.5,440.0,460,44,0.0957,0.9745,steamdt-live,447.09,107,445.82,156,,7,12,9,2,0,10,0,3,0.07786467188031287,0.004551599819738517,-0.010834834834834828,0.08277068052654579,0.00284059137981163,0.11734335839598997,0.00284059137981163,0.04901291795101059,-0.23133157468232213,0.32,13,回撤不明显,,43,0,0
454,Galil AR | Vandal (Factory New),64.8,60.0,247,22,0.0891,0.9259,steamdt-live,64.89,73,64.45,54,,7,6,7,2,6,10,0,5,0.1146551724137932,-0.0030935808197989356,-0.01343765946589559,0.11120689655172411,0.004633204633204602,0.15089285714285716,0.04941002949852502,-0.04941002949852502,-0.297164667393675,0.87,6,反弹较远,,43,0,0
455,Glock-18 | Red Tire (Factory New),57.48,56.0,292,25,0.0856,0.9743,steamdt-live,56.34,73,57.85,128,,7,12,9,2,8,0,0,5,-0.0003555555555556644,0.001956251111506324,-0.0075864502470006645,0.0016000000000000458,0.005998588567395879,0.252,0.06876033057851239,-0.08360442420299274,-0.5486661860129776,1.08,8,长期阴跌,,43,0,0
456,★ Specialist Gloves | Crimson Kimono (Field-Tested),9869.0,9600.0,905,22,0.0243,0.9727,steamdt-live,9978.0,812,10199.5,188,,3,12,15,5,8,0,0,0,-0.0011133603238866474,0.0,-0.000910102133683921,-0.0011133603238866474,0.0020224491859641702,0.03884210526315779,0.05550770408651551,-0.05550770408651551,-0.10277739897268057,0.36,3,回撤不明显,,43,0,0
457,★ Bloodhound Gloves | Guerrilla (Field-Tested),1137.2,1070.0,199,42,0.2111,0.9409,steamdt-live,1293.5,19,1155.0,51,,17,9,7,5,4,0,0,0,0.11005240590757515,-0.02387124463519308,0.018932038834951426,0.0835540733682707,0.02387124463519308,0.13719000000000015,0.02387124463519308,0.12984600099354204,-0.07545528455284545,0.1,8,可能加速下跌,,42,0,0
458,Desert Eagle | Urban DDPAT (Factory New),119.99,101.0,25,5,0.2,0.8417,steamdt-live,144.0,14,126.41,25,,17,3,2,2,8,10,0,0,-0.11489361702127665,0.15375000000000005,0.0,0.02119148936170201,0.0,0.15375000000000005,0.051462450592885456,-0.051462450592885456,-0.11098762688004749,0.2,3,反弹较远,,42,0,0
459,★ Hand Wraps | Spruce DDPAT (Minimal Wear),2494.0,2350.0,178,35,0.1966,0.9423,steamdt-live,2700.0,23,2595.25,31,,14,9,7,5,4,0,0,3,0.09084242368686413,-0.00200080032012806,-0.003960869565217462,0.08865986581634222,0.028577883203433796,0.13363636363636355,0.028577883203433796,0.11838565022421532,-0.06396490056034498,0.18,10,可能加速下跌,,42,0,0
460,★ Bloodhound Gloves | Bronzed (Minimal Wear),1392.5,1320.0,135,26,0.1926,0.9479,steamdt-live,1448.5,19,1400.83,38,,14,9,7,5,2,0,0,5,0.11754381766109012,-0.005946474590064366,-0.004376489277204132,0.11089837174608497,0.005946474590064366,0.14186141861418622,0.005946474590064366,0.08959311424100158,-0.08837970540098194,0.36,7,回撤不明显,,42,0,0
461,★ Driver Gloves | Overtake (Minimal Wear),502.0,599.0,96,18,0.1875,1.1932,steamdt-live,514.5,73,520.0,44,"溢价求购:买一高于卖一,多为定向收特定图案,买一价不可作退出价",14,0,4,5,8,0,6,5,-0.002979145978152964,0.0,-0.004940711462450564,-0.002979145978152964,0.011811023622047223,0.0040000000000000036,0.06168224299065417,-0.06168224299065417,-0.06343283582089554,0.36,11,暂未减速,买一异常溢价(不作为可成交退出价),42,0,0
462,Galil AR | CAUTION! (Factory New),454.8,316.0,46,7,0.1522,0.6948,steamdt-live,380.0,34,397.88,29,,14,1,4,2,0,10,6,5,0.0,0.032608695652173836,-0.008086253369272267,0.032608695652173836,0.0,0.032608695652173836,0.0,0.021505376344086002,-0.25090679703516794,1.08,2,回撤不明显,,42,0,0
463,Glock-18 | Sacrifice (Factory New),43.4,41.2,383,32,0.0836,0.9493,steamdt-live,43.58,109,45.16,116,,7,9,9,2,0,10,0,5,0.016165698408688867,0.07879691772309227,-0.011979036685799804,0.096236423339227,0.0,0.11568123393316188,0.0,0.08499999999999996,-0.3111111111111111,0.34,11,长期阴跌,,42,0,0
464,USP-S | Blood Tiger (Factory New),85.99,82.0,336,24,0.0714,0.9536,steamdt-live,83.1,80,82.31,119,,7,9,9,2,0,10,0,5,0.032804373916522245,0.06752743705616537,-0.04714104193138513,0.10254700626750246,0.0,0.12032520325203255,0.0,0.11941510966693758,-0.3420864168059202,0.36,8,长期阴跌,,42,0,0
465,P250 | Forest Night (Factory New),58.99,52.0,145,6,0.0414,0.8815,steamdt-live,90.0,14,57.4,46,,3,6,7,2,10,5,4,5,-0.013559322033898202,-0.013745704467354014,-0.12189313885994935,-0.027118644067796627,0.14570620628069653,0.0,0.16618245206275428,-0.16618245206275428,-0.45328126488236975,0.16,15,长期阴跌,,42,0,0
466,M4A1-S | Briefing (Factory New),374.4,364.0,306,38,0.1242,0.9722,steamdt-live,376.0,49,389.0,49,,11,12,9,2,2,0,0,5,0.006088404728752161,0.014654002713704095,0.03759206798866854,0.02083162694187357,0.005823074264138861,0.17026604068857587,0.005823074264138861,0.29601386481802416,-0.19244060475161995,0.36,7,反弹较远,,41,0,0
467,AWP | Dragon Lore (Factory New),71498.5,70660.0,127,15,0.1181,0.9883,steamdt-live,71665.0,159,71961.4,26,,11,12,7,5,6,0,0,0,0.0,0.021407142857142958,-0.014084507042253502,0.021407142857142958,2.0979020978972862e-05,0.021407142857142958,0.033777939944322766,-0.033777939944322766,-0.03834592028191175,0.35,1,价格更新稀疏,,41,0,0
468,Desert Eagle | Mudder (Factory New),33.7,32.0,329,34,0.1033,0.9496,steamdt-live,34.6,59,33.64,126,,11,9,9,2,8,0,2,0,0.0,0.028790199081164092,0.0,0.028790199081164092,0.003264094955489627,0.04968750000000011,0.05166572557876903,-0.05166572557876903,-0.48163580246913573,0.15,6,长期阴跌,,41,0,0
469,FAMAS | Commemoration (Factory New),375.0,347.0,307,28,0.0912,0.9253,steamdt-live,379.11,149,374.39,83,,7,6,9,2,4,10,0,3,0.18285714285714283,-0.01756458727158161,-0.06259097525473067,0.16208074534161487,0.01756458727158161,0.16570093457943935,0.01756458727158161,0.0223770491803279,-0.1335988330361898,0.36,16,反弹较远,,41,0,0
470,P250 | Undertow (Factory New),235.0,207.0,152,10,0.0658,0.8809,steamdt-live,241.23,93,238.76,97,,7,6,7,2,8,4,4,3,-0.006949386695692228,-0.009316639264786541,-0.02502040816326534,-0.016201281031523407,0.04081632653061229,0.0,0.05943566139683809,-0.05943566139683809,-0.3198263386396527,0.36,8,长期阴跌,,41,0,0
471,Galil AR | Black Sand (Factory New),89.0,85.0,724,44,0.0608,0.9551,steamdt-live,91.85,159,96.45,86,,7,9,12,2,6,0,0,5,0.09816930826882908,-0.00425151040501226,0.01737499999999992,0.09350043002825892,0.031028851388132717,0.20270270270270263,0.031028851388132717,0.1915919132413979,-0.10999999999999999,0.2,11,反弹较远,,41,0,0
472,M4A4 | In Living Color (Factory New),522.89,508.0,842,50,0.0594,0.9715,steamdt-live,540.0,156,542.6,209,,3,12,12,2,6,0,3,3,0.06000000000000005,-0.013415094339622624,-0.0029910269192422456,0.04577999999999993,0.031146933481563943,0.06821246169560768,0.031146933481563943,0.019278752436647117,-0.18093671679197998,0.27,9,可能加速下跌,,41,0,0
473,Glock-18 | Nuclear Garden (Factory New),268.0,265.0,2217,127,0.0573,0.9888,steamdt-live,275.88,227,273.0,208,,3,12,15,2,6,0,0,3,0.04258561231854996,0.03076923076923066,0.03908333333333336,0.07466516962065928,0.03597122302158273,0.18113706478624936,0.03597122302158273,0.2321839080459771,-0.17535924182282536,0.36,18,反弹较远,,41,0,0
474,AWP | Capillary (Factory New),35.0,32.7,730,29,0.0397,0.9343,steamdt-live,34.78,163,34.5,214,,3,9,12,2,2,10,0,3,0.10438144329896915,0.0064177362893815815,-0.055098934550989465,0.1114690721649485,0.006336405529953848,0.13936591809775423,0.006336405529953848,0.023738872403560762,-0.2780916509730069,0.32,13,回撤不明显,,41,0,0
475,USP-S | Royal Guard (Factory New),28.8,26.1,1071,34,0.0317,0.9062,steamdt-live,26.05,718,26.45,801,,3,6,15,2,10,0,0,5,-0.005057803468208166,-0.054103122730573605,-0.04551724137931035,-0.058887283236994215,0.11364409663150732,0.0,0.13941195903534853,-0.12289562289562284,-0.25592687803484715,0.36,11,可能加速下跌,,41,0,0
476,M4A1-S | Imminent Danger (Factory New),8180.0,8050.0,31,11,0.3548,0.9841,steamdt-live,8400.0,30,8260.0,14,,20,12,4,2,2,0,0,0,0.0,-0.0009770395701026446,0.023500000000000076,-0.0009770395701026446,0.0009770395701026446,0.022499999999999964,0.006678809957498477,-0.00462399610610853,-0.13617403241987436,1.36,1,价格更新稀疏,,40,0,0
477,FAMAS | Meltdown (Factory New),458.5,440.0,118,21,0.178,0.9597,steamdt-live,484.45,41,457.74,77,,14,9,7,2,0,0,3,5,0.004334281457402112,0.02886041807147688,-0.0038453754300747933,0.03331978870377883,0.0,0.06451162790697684,0.004913043478260826,-0.004913043478260826,-0.23987445822746978,0.27,6,回撤不明显,,40,0,0
478,AWP | Atheris (Factory New),210.0,206.0,478,68,0.1423,0.981,steamdt-live,215.0,250,216.8,166,,11,12,9,2,6,0,0,0,0.08787878787878789,-0.025069637883008422,0.16470588235294126,0.06060606060606055,0.045454545454545414,0.2727272727272727,0.045454545454545414,0.2769838856795379,-0.19844268865223869,0.32,16,反弹较远,,40,0,0
479,FAMAS | Waters of Nephthys (Factory New),884.0,1120.0,166,23,0.1386,1.267,steamdt-live,987.0,58,896.2,57,"溢价求购:买一高于卖一,多为定向收特定图案,买一价不可作退出价",11,0,7,2,2,10,3,5,0.030989272943980906,0.021965317919075078,-0.024418604651162745,0.05363528009535168,0.0033147676280245175,0.07804878048780495,0.0056242969628796935,-0.0028200789622109257,-0.21526156468321955,0.31,9,回撤不明显,买一异常溢价(不作为可成交退出价),40,0,0
480,AWP | POP AWP (Factory New),207.0,204.0,1273,102,0.0801,0.9855,steamdt-live,217.98,287,210.0,129,,7,12,15,2,4,0,0,0,0.08477087522489168,0.009756097560975618,0.13161676646706577,0.0953540057148905,0.028169014084507005,0.24698795180722888,0.028169014084507005,0.27384615384615385,-0.28249566724436737,0.36,21,反弹较远,,40,0,0
481,M4A4 | Buzz Kill (Factory New),2920.0,2880.0,940,75,0.0798,0.9863,steamdt-live,3050.0,145,3087.99,135,,7,12,15,2,4,0,0,0,0.07116557734204787,-0.0016915311577326841,0.027611940298507553,0.06935366739288318,0.024834437086092676,0.11553030303030298,0.024834437086092676,0.09929078014184389,-0.12869822485207105,0.1,17,可能加速下跌,,40,0,0
482,Tec-9 | Jambiya (Factory New),34.76,30.0,288,22,0.0764,0.8631,steamdt-live,28.88,100,29.65,98,,7,3,9,2,10,4,2,3,-0.022613900897904826,-0.01735284110241586,-0.04781507283090558,-0.03957432657133364,0.08549715009499681,0.003823427181091299,0.14732801889577796,-0.14732801889577796,-0.5012089810017271,0.14,9,长期阴跌,,40,0,0
483,★ Hydra Gloves | Emerald (Field-Tested),187.2,178.0,118,9,0.0763,0.9509,steamdt-live,187.08,97,190.0,287,,7,9,7,5,6,0,6,0,-0.0015549597855227804,0.004672144353149665,0.005390835579514919,0.0031099195710455607,0.003833865814696469,0.03933333333333344,0.03312832704532531,-0.03312832704532531,-0.11775524640414992,0.36,9,回撤不明显,,40,0,0
484,M4A4 | Desolate Space (Factory New),437.0,427.0,616,45,0.0731,0.9771,steamdt-live,447.0,172,448.8,183,,7,12,12,2,4,0,3,0,0.05025125628140703,0.045454545454545414,-0.0050000000000000044,0.09798994974874375,0.017756799280737146,0.09801753812909864,0.017756799280737146,0.017462165308498312,-0.14313725490196083,0.36,16,暂未减速,,40,0,0
485,Tec-9 | Snek-9 (Factory New),22.81,22.3,397,29,0.073,0.9776,steamdt-live,22.5,123,23.09,153,,7,12,9,2,10,0,0,0,-0.016101694915254372,-0.03100775193798444,-0.04761904761904756,-0.04661016949152552,0.09200968523002429,0.0,0.1392501912777353,-0.1392501912777353,-0.34497816593886466,0.36,11,长期阴跌,,40,0,0
486,Tec-9 | Mummy's Rot (Factory New),58.8,54.0,478,29,0.0607,0.9184,steamdt-live,53.33,86,53.23,121,,7,6,9,2,6,10,0,0,0.009034443817052429,-0.007274762171236682,-0.016111111111111076,0.0016939582156971777,0.014444444444444482,0.06440000000000001,0.04964285714285721,-0.04964285714285721,-0.4,0.36,16,长期阴跌,,40,0,0
487,Desert Eagle | Heat Treated (Factory New),183.99,3050.0,1483,83,0.056,16.577,steamdt-live,185.4,345,186.22,350,"溢价求购:买一高于卖一,多为定向收特定图案,买一价不可作退出价",3,0,15,2,2,10,3,5,0.051362318840579846,0.014501543890604207,-0.04853833425262,0.06660869565217387,0.007872741978969922,0.06970930232558148,0.007872741978969922,-0.005351929938371636,-0.31602230483271376,0.29,10,长期阴跌,买一异常溢价(不作为可成交退出价),40,0,0
488,FAMAS | Decommissioned (Factory New),22.81,21.0,589,30,0.0509,0.9206,steamdt-live,23.57,90,21.63,87,,3,6,12,2,2,10,0,5,0.048218029350104885,0.0814999999999999,-0.016494845360824795,0.1336477987421385,0.0,0.138421052631579,0.012328767123287676,-0.012328767123287676,-0.45309734513274336,0.36,11,长期阴跌,,40,0,0
489,★ Driver Gloves | Plum Quill (Field-Tested),610.0,700.0,44,14,0.3182,1.1475,steamdt-live,605.0,49,639.99,21,"溢价求购:买一高于卖一,多为定向收特定图案,买一价不可作退出价",20,0,4,5,4,0,6,0,-0.0024691358024691024,-0.0016501650165016146,0.014190317195325486,-0.004115226337448541,0.004115226337448541,0.01001669449081799,0.021035598705501646,-0.021035598705501646,-0.06635802469135799,0.36,3,回撤不明显,买一异常溢价(不作为可成交退出价),39,0,0
490,★ Driver Gloves | Dragon Fists (Field-Tested),604.5,703.0,94,19,0.2021,1.1629,steamdt-live,596.98,93,608.0,36,"溢价求购:买一高于卖一,多为定向收特定图案,买一价不可作退出价",17,0,4,5,2,0,6,5,0.0008382510729614268,0.0,-0.0016904048603323396,0.0008382510729614268,0.0016889914547065787,0.011830508474576229,0.0066557955339612285,-0.0016889914547065787,-0.06061369000786776,0.18,3,回撤不明显,买一异常溢价(不作为可成交退出价),39,0,0
491,Glock-18 | Ifrit Lattice (Factory New),68.3,65.0,75,13,0.1733,0.9517,steamdt-live,64.0,110,68.0,107,,14,9,4,2,10,0,0,0,-0.009009009009008917,-0.030303030303030276,-0.020588235294117685,-0.039039039039038936,0.05882352941176472,0.0,0.11111111111111116,-0.11111111111111116,-0.1998999874984373,1.36,6,可能加速下跌,,39,0,0
492,Desert Eagle | Night Heist (Factory New),476.0,466.0,742,64,0.0863,0.979,steamdt-live,500.0,138,484.7,131,,7,12,12,2,6,0,0,0,0.12542777739497923,-0.02857142857142858,0.013713620488940537,0.09327269804083693,0.040979973405327,0.13066818689280035,0.040979973405327,0.09425287356321843,-0.3286318758815233,0.36,17,长期阴跌,,39,0,0
493,FAMAS | Rapid Eye Movement (Factory New),87.9,81.0,385,30,0.0779,0.9215,steamdt-live,86.3,193,86.98,174,,7,6,9,2,0,10,0,5,0.0334645669291338,0.027380952380952284,-0.04263839811543002,0.06176181102362199,0.0034642032332563577,0.10471070148489492,0.0034642032332563577,0.0034883720930232176,-0.22780959198282036,0.36,9,回撤不明显,,39,0,0
494,★ Broken Fang Gloves | Yellow-banded (Field-Tested),269.5,259.0,155,11,0.071,0.961,steamdt-live,260.0,133,272.49,79,,7,12,7,5,8,0,0,0,0.0,-0.0423572744014733,-0.012727272727272698,-0.0423572744014733,0.059504431181045314,0.0,0.0714285714285714,-0.051094890510948954,-0.08256880733944949,0.36,11,可能加速下跌,,39,0,0
495,FAMAS | Hexane (Factory New),42.78,40.4,332,22,0.0663,0.9444,steamdt-live,41.97,120,43.13,59,,7,9,9,2,10,0,2,0,-0.008780036968576765,-0.02167832167832162,-0.014123006833712926,-0.030268022181146104,0.04613636363636364,0.0,0.16060000000000008,-0.16060000000000008,-0.5336666666666667,0.19,11,长期阴跌,,39,0,0
496,Tec-9 | Titanium Bit (Factory New),509.5,473.0,573,16,0.0279,0.9284,steamdt-live,530.0,8,515.08,15,,3,6,12,2,8,0,3,5,0.0,0.07376185458377238,0.0027472527472527375,0.07376185458377238,0.07363636363636361,0.0767117497886729,0.07363636363636361,0.035442832174938044,0.018999999999999906,0.36,4,暂未减速,,39,0,0
497,★ Moto Gloves | Cool Mint (Minimal Wear),6888.0,6610.0,139,27,0.1942,0.9596,steamdt-live,7099.0,28,7285.54,27,,14,9,7,5,0,0,0,3,0.06726154337753631,0.031139268172557077,0.01133326654666611,0.10049528678702657,0.002586209393181993,0.1479999999999999,0.002586209393181993,0.11105734333413975,-0.1536960677829491,0.36,12,回撤不明显,,38,0,0
498,★ Moto Gloves | Spearmint (Minimal Wear),16349.0,21030.0,174,32,0.1839,1.2863,steamdt-live,16500.0,152,17384.5,45,"溢价求购:买一高于卖一,多为定向收特定图案,买一价不可作退出价",14,0,7,5,4,0,3,5,0.030963154492566147,0.025079942316132753,0.0047085565838609345,0.056819650937298016,0.0023797900903099745,0.07559210526315785,0.025702177971894447,-0.025702177971894447,-0.16158974358974354,0.36,5,回撤不明显,买一异常溢价(不作为可成交退出价),38,0,0
499,★ Sport Gloves | Ultra Violent (Minimal Wear),9996.5,12000.0,298,54,0.1812,1.2004,steamdt-live,10000.0,313,10400.0,83,"溢价求购:买一高于卖一,多为定向收特定图案,买一价不可作退出价",14,0,9,5,10,0,0,0,0.010000000000000009,-0.0002500250025002648,-0.01975345314124466,0.009747474747474838,0.010198524679439602,0.009747474747474838,0.09118596299831816,-0.0911033322725826,-0.16556761268781306,0.36,1,价格更新稀疏,买一异常溢价(不作为可成交退出价),38,0,0
500,★ Driver Gloves | Diamondback (Minimal Wear),2678.0,2560.0,182,23,0.1264,0.9559,steamdt-live,2999.0,22,2806.0,30,,11,9,7,5,6,0,0,0,0.09092709984152147,-0.027419647721082296,0.010610610610610527,0.06101426307448499,0.045616535994297935,0.10752688172043001,0.045616535994297935,0.11583333333333323,-0.1792401075140292,0.36,15,可能加速下跌,,38,0,0
501,Tec-9 | Bamboo Forest (Factory New),194.5,191.0,1374,106,0.0771,0.982,steamdt-live,195.0,292,194.39,185,,7,12,15,2,2,0,0,0,0.053287797473844156,0.00046320123520326995,0.002554347826086989,0.05377568168265845,0.010385379015425467,0.11080000000000001,0.010385379015425467,0.08597765363128484,-0.10973208152049463,0.28,16,可能加速下跌,,38,0,0
502,★ Driver Gloves | Rezan the Red (Field-Tested),351.0,429.0,222,10,0.045,1.2222,steamdt-live,359.5,202,364.0,92,"溢价求购:买一高于卖一,多为定向收特定图案,买一价不可作退出价",3,0,7,5,2,10,6,5,0.011527377521613813,0.0014245014245013454,-0.01835978386941639,0.012968299711815456,0.005657708628005631,0.012968299711815456,0.011251758087201136,0.0014245014245013454,-0.03434065934065933,0.36,6,回撤不明显,买一异常溢价(不作为可成交退出价),38,0,0
503,★ Specialist Gloves | Big Swell (Minimal Wear),2299.0,2820.0,43,23,0.5349,1.2266,steamdt-live,2369.0,62,2345.5,35,"溢价求购:买一高于卖一,多为定向收特定图案,买一价不可作退出价",20,0,4,5,6,0,2,0,-0.0004268032437046987,-0.0183603757472246,-0.0012787723785165905,-0.018779342723004744,0.020034100596760474,0.0,0.04168403501458939,-0.021702127659574466,-0.10787737679472253,0.36,2,可能加速下跌,买一异常溢价(不作为可成交退出价),37,0,0
504,★ Driver Gloves | Wave Chaser (Field-Tested),978.5,1900.0,79,31,0.3924,1.9417,steamdt-live,938.0,76,1012.3,71,"溢价求购:买一高于卖一,多为定向收特定图案,买一价不可作退出价",20,0,4,5,8,0,0,0,-0.0004262574595055302,0.0,-0.01221052631578945,-0.0004262574595055302,0.012631578947368438,0.0032085561497325887,0.05538771399798592,-0.05491183879093198,-0.07586206896551728,0.36,1,价格更新稀疏,买一异常溢价(不作为可成交退出价),37,0,0
505,★ Driver Gloves | Brocade Flowers (Field-Tested),787.0,1390.0,104,26,0.25,1.7662,steamdt-live,759.5,98,817.73,124,"溢价求购:买一高于卖一,多为定向收特定图案,买一价不可作退出价",17,0,7,5,8,0,0,0,-0.010282776349614386,-0.013636363636363669,-0.02506265664160401,-0.023778920308483276,0.04824561403508776,0.01946308724832213,0.051810237203495646,-0.051810237203495646,-0.15470228158041177,0.36,8,暂未减速,买一异常溢价(不作为可成交退出价),37,0,0
506,Galil AR | Aqua Terrace (Factory New),886.8,715.0,25,6,0.24,0.8063,steamdt-live,887.3,27,874.5,21,,17,3,2,2,0,10,3,0,-0.010990352912443546,0.0797629336955179,-0.0006102025872589678,0.06789595799242898,0.004666514910084296,0.0797629336955179,0.004666514910084296,0.06711409395973145,-0.05856389277640217,0.19,5,回撤不明显,,37,0,0
507,USP-S | Ancient Visions (Factory New),235.0,211.0,64,14,0.2188,0.8979,steamdt-live,254.4,31,237.98,65,,17,6,4,2,8,0,0,0,0.0,-0.012605042016806678,-0.008333333333333304,-0.012605042016806678,0.02083333333333337,0.0,0.0766208251473477,-0.0766208251473477,-0.29850746268656714,0.36,1,价格更新稀疏,,37,0,0
508,AWP | Oni Taiji (Factory New),3368.8,4160.0,346,46,0.1329,1.2349,steamdt-live,3555.0,95,3450.0,85,"溢价求购:买一高于卖一,多为定向收特定图案,买一价不可作退出价",11,0,9,2,0,10,0,5,0.10215495969731858,0.005611940298507534,-0.04699943563052611,0.10834018753084385,0.003313609467455514,0.11181518151815184,0.003313609467455514,0.0534083802376486,-0.10630057036742269,0.36,11,回撤不明显,买一异常溢价(不作为可成交退出价),37,0,0
509,MP9 | Starlight Protector (Factory New),575.0,810.0,206,20,0.0971,1.4087,steamdt-live,569.0,196,590.01,63,"溢价求购:买一高于卖一,多为定向收特定图案,买一价不可作退出价",7,0,7,2,2,10,6,3,0.011638316920322245,0.0070796460176991705,-0.00992731785144485,0.018800358102059045,0.0008779631255487752,0.02522522522522519,0.011294526498696777,-0.013864818024263426,-0.056384742951907096,0.35,7,回撤不明显,买一异常溢价(不作为可成交退出价),37,0,0
510,USP-S | Jawbreaker (Factory New),96.5,91.0,426,31,0.0728,0.943,steamdt-live,93.4,247,101.51,198,,7,9,9,2,8,0,2,0,-0.014373716632443578,-0.027083333333333237,-0.005107252298263587,-0.04106776180698146,0.05436873544598553,0.0,0.05436873544598553,-0.046841514440248866,-0.230515735706047,0.36,10,可能加速下跌,,37,0,0
511,AWP | Queen's Gambit (Factory New),1152.99,2240.0,99,33,0.3333,1.9428,steamdt-live,1130.0,123,1218.0,55,"溢价求购:买一高于卖一,多为定向收特定图案,买一价不可作退出价",20,0,4,2,10,0,0,0,-0.008583690987124415,-0.02164502164502169,-0.012711864406779627,-0.030042918454935674,0.0423728813559322,0.008928571428571397,0.1400304414003044,-0.1400304414003044,-0.16047548291233282,0.36,9,可能加速下跌,买一异常溢价(不作为可成交退出价),36,0,0
512,Five-SeveN | Retrobution (Factory New),79.6,75.0,402,51,0.1269,0.9422,steamdt-live,77.0,102,77.74,69,,11,9,9,2,0,0,0,5,0.029650390913113833,0.1031518624641834,0.0017733116595242127,0.13586074642277612,0.0023322104172066593,0.16684346113047432,0.0023322104172066593,0.10000000000000009,-0.05556236967987249,0.29,13,反弹较远,,36,0,0
513,USP-S | Caiman (Factory New),430.0,404.0,219,25,0.1142,0.9395,steamdt-live,445.6,56,440.0,76,,11,9,7,2,4,0,3,0,0.03959289756855888,0.004696371410547018,0.030771156735102778,0.044475211931307435,0.022616206387089388,0.08745131758636382,0.022616206387089388,0.03614457831325302,-0.14,0.36,10,可能加速下跌,,36,0,0
514,USP-S | Road Rash (Factory New),929.48,857.0,147,16,0.1088,0.922,steamdt-live,960.0,50,961.59,41,,11,6,7,2,0,10,0,0,0.023809523809523725,0.0807906976744186,-0.032815198618307395,0.10652380952380947,0.0005483929934730902,0.14750617283950618,0.0005483929934730902,0.021530075064018828,-0.12313207547169813,0.36,5,回撤不明显,,36,0,0
515,Glock-18 | Wraiths (Factory New),35.0,34.6,363,32,0.0882,0.9886,steamdt-live,34.9,144,34.86,137,,7,12,9,2,0,0,3,3,0.034607282575985776,0.0139616055846421,0.006969696969696848,0.04905206139031004,0.0022896393817972704,0.060541527228475944,0.0022896393817972704,0.06280487804878065,-0.28242074927953886,0.36,15,回撤不明显,,36,0,0
516,FAMAS | ZX Spectron (Factory New),146.89,137.0,536,43,0.0802,0.9327,steamdt-live,146.0,128,142.0,86,,7,9,12,2,6,0,0,0,0.1225444340505144,-0.01388888888888884,-0.00558139534883717,0.1069535391331462,0.04659594467570838,0.1306632693685803,0.04659594467570838,0.15447154471544722,-0.19042189281641964,0.26,15,可能加速下跌,,36,0,0
517,★ Moto Gloves | Turtle (Field-Tested),340.0,435.0,326,24,0.0736,1.2794,steamdt-live,320.0,326,344.54,114,"溢价求购:买一高于卖一,多为定向收特定图案,买一价不可作退出价",7,0,9,5,8,0,4,3,0.0037002775208139216,0.02611367127496167,-0.002153846153846173,0.029910576626580365,0.005952380952380931,0.043749999999999956,0.05355624822895999,-0.05245538880535616,-0.09431097131080857,0.36,13,回撤不明显,买一异常溢价(不作为可成交退出价),36,0,0
518,★ Hydra Gloves | Mangrove (Minimal Wear),215.8,208.0,112,8,0.0714,0.9639,steamdt-live,212.5,49,223.07,58,,7,12,7,5,2,0,3,0,0.0,0.02657004830917864,0.012224938875305513,0.02657004830917864,0.007009345794392496,0.0678391959798994,0.007009345794392496,0.02163461538461542,-0.0658930062859906,0.36,10,回撤不明显,,36,0,0
519,AWP | Exothermic (Factory New),44.0,40.6,381,17,0.0446,0.9227,steamdt-live,42.0,288,45.0,467,,3,6,9,2,10,0,6,0,0.0,-0.0408769125371089,0.0013720557969358893,-0.0408769125371089,0.06604402935290188,0.012048192771084265,0.12536443148688048,-0.1271820448877805,-0.29054054054054057,0.31,14,可能加速下跌,,36,0,0
520,M4A1-S | Nitro (Factory New),67.48,66.0,1242,55,0.0443,0.9781,steamdt-live,69.88,425,68.82,263,,3,12,15,2,4,0,0,0,0.11453817939313105,0.009424083769633551,-0.00033333333333340764,0.12504168056018683,0.019471083987212867,0.17152777777777772,0.019471083987212867,0.15567734201061834,-0.2967903293038765,0.26,15,反弹较远,,36,0,0
521,MP9 | Ruby Poison Dart (Factory New),32.8,27.5,502,16,0.0319,0.8384,steamdt-live,28.35,242,28.52,271,,3,3,12,2,6,10,0,0,0.02264426588750923,0.012499999999999956,-0.02907801418439715,0.03542731921110298,0.0,0.13400000000000012,0.038657171922685585,-0.03505786249149068,-0.21900826446280985,0.36,9,回撤不明显,,36,0,0
522,USP-S | Desert Tactical (Factory New),16.1,15.2,1017,31,0.0305,0.9441,steamdt-live,16.67,130,16.35,255,,3,9,15,2,2,0,0,5,0.07049965776865164,0.02941176470588247,-0.0006839945280437965,0.10198494182067086,0.006172839506172756,0.15000000000000013,0.006172839506172756,0.08490566037735858,-0.46045576407506694,0.36,8,长期阴跌,,36,0,0
523,P250 | Facets (Factory New),500.0,0.0,2,0,0.0,,steamdt-live,2499.48,3,226.82,12,缺买一价,3,0,2,2,8,10,6,5,0.025200356188780138,-0.014939633457830226,-0.06213462502087852,0.00988423864648258,0.05286453983631201,0.016446336544924778,0.07412850028573759,0.0404587155963303,-0.07778003659280341,0.18,20,悠悠盘口不足,,36,0,0
524,★ Driver Gloves | Hand Sweaters (Minimal Wear),1368.5,1800.0,35,20,0.5714,1.3153,steamdt-live,1390.0,36,1430.0,39,"溢价求购:买一高于卖一,多为定向收特定图案,买一价不可作退出价",20,0,4,5,6,0,0,0,-0.014753508456279207,-0.00036523009495981196,-0.011032028469750932,-0.015113350125944613,0.02528490028490027,0.0,0.03660682858148534,-0.03660682858148534,-0.1575869498307172,0.2,1,价格更新稀疏,买一异常溢价(不作为可成交退出价),35,0,0
525,★ Sport Gloves | Superconductor (Field-Tested),10699.0,12260.0,410,66,0.161,1.1459,steamdt-live,10799.5,267,10700.0,90,"溢价求购:买一高于卖一,多为定向收特定图案,买一价不可作退出价",14,0,9,5,2,0,0,5,0.05527915975677167,0.019000904804990615,-0.004054054054054013,0.0753304186140007,0.00815704844446874,0.10870466321243533,0.00815704844446874,0.020118230358505018,-0.11578512396694218,0.36,10,回撤不明显,买一异常溢价(不作为可成交退出价),35,0,0
526,★ Bloodhound Gloves | Charred (Minimal Wear),1459.0,1350.0,117,15,0.1282,0.9253,steamdt-live,1579.0,15,1540.6,20,,11,6,7,5,6,0,0,0,0.06428571428571428,-0.020805369127516737,0.010101010101010166,0.04214285714285704,0.04827136333985649,0.10614101592115244,0.04827136333985649,0.013898540653231484,-0.1415122094733745,0.35,8,可能加速下跌,,35,0,0
527,Galil AR | Dusk Ruins (Factory New),228.0,213.0,268,32,0.1194,0.9342,steamdt-live,227.67,49,222.53,58,,11,9,9,2,4,0,0,0,0.12287878787878803,0.0008995637115998267,-0.005025125628140725,0.12388888888888894,0.022576536214696685,0.2362777777777778,0.022576536214696685,0.11264999999999992,-0.30537520289674114,0.26,15,长期阴跌,,35,0,0
528,★ Moto Gloves | Transport (Minimal Wear),327.0,514.0,152,17,0.1118,1.5719,steamdt-live,330.0,121,348.88,52,"溢价求购:买一高于卖一,多为定向收特定图案,买一价不可作退出价",11,0,7,5,6,0,6,0,0.0030487804878047697,-0.006079027355623046,0.028213166144200663,-0.0030487804878048808,0.02507379028651513,0.03809523809523818,0.03681885125184092,-0.02823179791976227,-0.07102272727272729,0.36,11,可能加速下跌,买一异常溢价(不作为可成交退出价),35,0,0
529,Glock-18 | Warhawk (Factory New),39.99,38.8,361,33,0.0914,0.9702,steamdt-live,40.0,62,39.17,174,,7,12,9,2,0,0,0,5,0.12539454806312755,-0.0012748597654257399,-0.004285714285714226,0.12395982783357251,0.00254647313470846,0.13635044966637655,0.00254647313470846,0.058648648648648605,-0.21660000000000001,0.36,8,回撤不明显,,35,0,0
530,★ Moto Gloves | Transport (Field-Tested),203.0,226.0,258,17,0.0659,1.1133,steamdt-live,206.0,210,210.0,176,"溢价求购:买一高于卖一,多为定向收特定图案,买一价不可作退出价",7,0,9,5,4,10,0,0,0.03050916290167005,0.0,-0.026729249011857692,0.03050916290167005,0.0,0.06842105263157894,0.024038461538461564,-0.016758694178049094,-0.06235565819861433,0.36,10,回撤不明显,买一异常溢价(不作为可成交退出价),35,0,0
531,AWP | Acheron (Factory New),53.9,51.0,2508,81,0.0323,0.9462,steamdt-live,54.9,561,54.4,443,,3,9,15,2,6,0,0,0,0.15875576036866357,0.07178365480214755,0.011655011655011593,0.24193548387096775,0.03749999999999998,0.2833333333333332,0.03749999999999998,0.3085700412721535,-0.276510067114094,0.36,18,反弹较远,,35,0,0
532,M4A1-S | Fizzy POP (Factory New),70.9,68.0,2167,67,0.0309,0.9591,steamdt-live,72.0,410,72.9,425,,3,9,15,2,6,0,0,0,0.16701228266071144,-0.030891197375614965,0.07974509128487761,0.13096187589727237,0.030891197375614965,0.22241379310344844,0.030891197375614965,0.22685585741477765,-0.2616890555034884,0.27,16,反弹较远,,35,0,0
533,M4A4 | Jungle Tiger (Factory New),665.5,400.0,7,3,0.4286,0.6011,steamdt-live,519.5,10,552.34,7,,8,1,2,2,0,10,6,5,0.008823529411764675,0.009718172983479212,-0.008746355685131157,0.01862745098039209,0.0,0.01862745098039209,0.0,0.008737864077669855,-0.21938392186326072,0.36,2,回撤不明显,,34,0,0
534,★ Specialist Gloves | Chocolate Chesterfield (Minimal Wear),999.0,1390.0,47,14,0.2979,1.3914,steamdt-live,1068.0,41,1049.5,24,"溢价求购:买一高于卖一,多为定向收特定图案,买一价不可作退出价",17,0,4,5,8,0,0,0,0.0005007511266901243,0.0,-0.06507490636704116,0.0005007511266901243,0.0646067415730337,0.009090909090909038,0.07499999999999996,-0.06591865357643756,-0.15303094531581174,0.36,1,价格更新稀疏,买一异常溢价(不作为可成交退出价),34,0,0
535,USP-S | Black Lotus (Factory New),150.0,143.0,559,59,0.1055,0.9533,steamdt-live,147.0,96,148.13,165,,11,9,12,2,0,0,0,0,0.14343497199751076,0.0,-0.003410852713178314,0.14343497199751076,0.0,0.18624919302775989,0.0,0.2250000000000001,-0.2829268292682927,0.31,10,反弹较远,,34,0,0
536,★ Driver Gloves | Racing Green (Minimal Wear),229.0,288.0,165,15,0.0909,1.2576,steamdt-live,239.99,74,269.96,66,"溢价求购:买一高于卖一,多为定向收特定图案,买一价不可作退出价",7,0,7,5,8,0,2,5,0.0,-0.021367521367521403,-0.004255319148936176,-0.021367521367521403,0.06339468302658491,0.004385964912280604,0.06339468302658491,-0.0653061224489796,-0.1518518518518519,0.36,10,可能加速下跌,买一异常溢价(不作为可成交退出价),34,0,0
537,Glock-18 | Grinder (Factory New),53.2,52.0,787,45,0.0572,0.9774,steamdt-live,53.45,324,52.3,218,,3,12,12,2,0,0,0,5,0.11873638344226589,0.01850048685491723,0.005256241787122251,0.13943355119825696,0.004188880426504338,0.2162790697674417,0.004188880426504338,0.0939134072369796,-0.31310743367480964,0.28,14,长期阴跌,,34,0,0
538,AWP | Phobos (Factory New),37.0,35.7,1318,50,0.0379,0.9649,steamdt-live,35.6,375,35.75,427,,3,12,15,2,2,0,0,0,0.0575333757151939,0.06702735196874055,-0.007257810034711265,0.12841703750794653,0.01388888888888884,0.12841703750794653,0.01388888888888884,0.11635220125786172,-0.06578947368421051,0.19,14,暂未减速,,34,0,0
539,★ Specialist Gloves | Blackbook (Minimal Wear),3099.5,4180.0,50,19,0.38,1.3486,steamdt-live,3128.0,58,3129.5,34,"溢价求购:买一高于卖一,多为定向收特定图案,买一价不可作退出价",20,0,4,5,4,0,0,0,-0.003215434083601254,-0.0001612903225806095,-0.006389776357827448,-0.0033762057877813056,0.009744408945686955,0.0,0.02115900836886153,-0.02131354594253232,-0.10921109354792358,0.11,1,价格更新稀疏,买一异常溢价(不作为可成交退出价),33,0,0
540,AK-47 | Panthera onca (Factory New),2197.9,1910.0,109,14,0.1284,0.869,steamdt-live,2028.0,34,2155.4,43,,11,3,7,2,2,0,3,5,0.05569308890519342,0.014000000000000012,-0.0021121938372399285,0.07047279214986624,0.0,0.0787234042553191,0.00588235294117645,-0.009765625,-0.24888888888888894,0.35,4,回撤不明显,,33,0,0
541,FAMAS | Macabre (Factory New),49.97,46.1,85,10,0.1176,0.9226,steamdt-live,62.87,44,52.9,61,,11,6,4,2,10,0,0,0,-0.0002000800320127727,0.0,-0.086121777290181,-0.0002000800320127727,0.08630462607423661,0.0,0.15733558178752105,-0.15761968981793661,-0.33814569536423844,0.19,0,价格更新稀疏,,33,0,0
542,P250 | Apep's Curse (Factory New),567.0,450.0,67,4,0.0597,0.7937,steamdt-live,538.9,48,569.9,59,,3,1,4,2,10,10,3,0,0.025475285171102646,-0.0009269558769002817,-0.041894353369763215,0.024524714828897398,0.01839708561020037,0.07779999999999987,0.15796875,-0.15796875,-0.3255319148936171,0.29,4,长期阴跌,,33,0,0
543,P250 | Epicenter (Factory New),99.99,93.0,176,7,0.0398,0.9301,steamdt-live,103.99,73,106.19,100,,3,9,7,2,10,0,2,0,-0.020095238095238055,-0.02818544076197882,0.0,-0.04771428571428571,0.08291295973585255,0.0009009009009008917,0.12289473684210528,-0.1267248908296944,-0.2958450704225353,0.16,5,可能加速下跌,,33,0,0
544,Tec-9 | Re-Entry (Factory New),41.5,39.8,790,31,0.0392,0.959,steamdt-live,41.0,163,40.12,197,,3,9,12,2,2,0,0,5,0.06768558951965065,0.02556237218813906,-0.004077194889915647,0.09497816593886443,0.009627252530239438,0.14628571428571413,0.009627252530239438,0.02871794871794875,-0.14071535660741064,0.36,9,回撤不明显,,33,0,0
545,Five-SeveN | Nightshade (Factory New),85.87,79.0,653,16,0.0245,0.92,steamdt-live,76.98,60,78.65,54,,3,6,12,2,4,0,6,0,0.0,0.03486842105263155,-0.0017076054117955985,0.03486842105263155,0.0,0.03486842105263155,0.026006191950464275,-0.026126795443288775,-0.42591240875912406,0.19,3,长期阴跌,,33,0,0
546,Glock-18 | Ghost Protocol (Factory New),3649.0,2620.0,8,17,2.125,0.718,steamdt-live,3549.5,10,3528.17,11,,20,1,2,2,4,0,3,0,0.08034083992696295,-0.006149295774647845,-0.00030422878004254805,0.07369750456482049,0.019680466796332285,0.07566158536585377,0.019680466796332285,0.07895107033639137,-0.00032017680559892625,0.58,6,可能加速下跌,,32,0,0
547,AWP | Medusa (Factory New),30698.5,27460.0,9,18,2.0,0.8945,steamdt-live,30598.5,20,33049.95,4,,20,6,2,2,2,0,0,0,0.0,0.0,0.0,0.0,0.0,0.0,0.012919771605535701,0.03723728813559313,0.055157074381875226,1.36,0,价格更新稀疏,,32,0,0
548,MP9 | Wild Lily (Factory New),15288.0,13500.0,30,11,0.3667,0.883,steamdt-live,15599.0,26,16908.08,7,,20,6,4,2,0,0,0,0,-6.537656903771172e-05,-0.0004576659038901809,0.0,-0.0005230125523012497,0.0005230125523012497,0.0,0.0005230125523012497,-0.0004903402961655701,-0.07328605200945626,0.16,1,价格更新稀疏,,32,0,0
549,★ Moto Gloves | Spearmint (Field-Tested),11150.0,12030.0,383,70,0.1828,1.0789,steamdt-live,11798.5,171,11394.0,81,"溢价求购:买一高于卖一,多为定向收特定图案,买一价不可作退出价",14,0,9,5,4,0,0,0,0.02857142857142847,0.03240740740740744,0.03194103194103204,0.06190476190476191,0.021500658183413734,0.1206593296145535,0.021500658183413734,0.056371387967787845,-0.14552839298030495,0.2,13,暂未减速,买一异常溢价(不作为可成交退出价),32,0,0
550,MP9 | Pandora's Box (Factory New),717.5,613.0,46,6,0.1304,0.8544,steamdt-live,757.46,49,738.7,54,,11,3,4,2,8,0,4,0,-0.0020618556701030855,-0.011707988980716233,-0.00953029271613337,-0.013745704467353903,0.023144996596324074,0.0,0.061478090255068674,-0.06209150326797386,-0.2023346303501945,0.19,5,可能加速下跌,,32,0,0
551,★ Driver Gloves | Imperial Plaid (Field-Tested),874.5,1180.0,419,34,0.0811,1.3493,steamdt-live,870.0,342,900.0,116,"溢价求购:买一高于卖一,多为定向收特定图案,买一价不可作退出价",7,0,9,5,2,0,4,5,-0.004576659038901587,0.0,-0.0039886039886040114,-0.004576659038901587,0.01134116684470099,0.005780346820809301,0.011363636363636354,-0.007981755986317007,-0.0744582389174353,0.36,4,暂未减速,买一异常溢价(不作为可成交退出价),32,0,0
552,P250 | Cyber Shell (Factory New),21.91,19.3,272,15,0.0551,0.8809,steamdt-live,19.79,110,19.84,95,,3,6,9,2,2,10,0,0,0.0010204081632652073,0.008664627930682789,-0.014084507042253391,0.009693877551020247,0.0075225677031094396,0.043776371308016815,0.013951170901843613,-0.010500000000000065,-0.3890089533806731,0.34,16,长期阴跌,,32,0,0
553,AK-47 | Emerald Pinstripe (Factory New),74.0,68.0,782,43,0.055,0.9189,steamdt-live,83.6,223,75.65,250,,3,6,12,2,4,0,0,5,0.08656582297438975,0.019986216402481105,-0.004918032786885185,0.10828216264789581,0.02181097157964318,0.14197530864197527,0.02181097157964318,0.1212121212121211,-0.27450980392156865,0.24,12,可能加速下跌,,32,0,0
554,Desert Eagle | Sputnik (Factory New),55.49,51.0,2094,90,0.043,0.9191,steamdt-live,54.9,450,54.8,395,,3,6,15,2,6,0,0,0,0.17750929368029733,0.06550907655880023,0.024761904761904763,0.254646840148699,0.03554206108233615,0.3202933985330074,0.03554206108233615,0.2029405212742259,-0.22369177688326625,0.14,19,反弹较远,,32,0,0
555,Tec-9 | Blast From the Past (Factory New),44.99,37.1,52,10,0.1923,0.8246,steamdt-live,49.99,35,48.28,29,,14,3,4,2,8,0,0,0,0.09043387349712506,0.07837967401725798,-0.007780082987551951,0.17590172503920565,0.06775797762121827,0.17620915032679751,0.06775797762121827,0.12559419564673524,-0.2711809492953182,0.09,7,反弹较远,,31,0,0
556,AWP | BOOM (Factory New),2145.0,1670.0,38,6,0.1579,0.7786,steamdt-live,2400.0,24,2244.5,21,,14,1,4,2,4,0,6,0,0.0,0.027298850574712707,-0.004766444232602529,0.027298850574712707,0.0023255813953488857,0.05147058823529416,0.024556616643929052,-0.020547945205479423,-0.12358476304101784,0.36,6,回撤不明显,,31,0,0
557,★ Hand Wraps | Giraffe (Minimal Wear),383.5,404.0,187,21,0.1123,1.0535,steamdt-live,396.0,112,408.0,53,"溢价求购:买一高于卖一,多为定向收特定图案,买一价不可作退出价",11,0,7,5,6,0,2,0,0.0,0.0,-0.002600780234070177,0.0,0.002600780234070177,0.022666666666666613,0.04244694132334581,-0.04244694132334581,-0.2165474974463738,0.33,9,回撤不明显,买一异常溢价(不作为可成交退出价),31,0,0
558,FAMAS | Neural Net (Factory New),37.21,34.2,437,35,0.0801,0.9191,steamdt-live,34.0,111,36.87,203,,7,6,9,2,2,0,0,5,0.04067365745154117,0.03511450381679393,-0.002851711026615966,0.07721639656816004,0.007901668129938644,0.1299999999999999,0.014534883720930258,-0.014534883720930258,-0.3946428571428572,0.19,10,长期阴跌,,31,0,0
559,Tec-9 | Ossified (Factory New),67.29,63.0,453,34,0.0751,0.9362,steamdt-live,71.0,62,67.19,165,,7,9,9,2,4,0,0,0,0.14738292011019283,0.00825330132052815,-0.001547189272821048,0.15685261707988984,0.02609073778808524,0.15884787857882032,0.02609073778808524,0.12002000333388896,-0.36910798122065724,0.27,14,长期阴跌,,31,0,0
560,P250 | Dark Filigree (Factory New),50.02,35.0,101,7,0.0693,0.6997,steamdt-live,41.7,59,41.65,105,,7,1,7,2,8,0,6,0,-0.0009585430146177298,-0.0009594627008875367,-0.002629063097514539,-0.0019170860292355707,0.0045411089866157495,0.0,0.07238307349665929,-0.07238307349665929,-0.3388888888888889,0.31,2,长期阴跌,,31,0,0
561,Tec-9 | Safety Net (Factory New),73.0,70.0,507,24,0.0473,0.9589,steamdt-live,73.0,106,73.0,140,,3,9,12,2,0,0,0,5,0.05846153846153834,0.061046511627907085,-0.005660088725715218,0.12307692307692308,0.0,0.21666666666666656,0.0,0.06538237011091663,-0.2841031675983132,0.28,5,反弹较远,,31,0,0
562,Five-SeveN | Case Hardened (Factory New),214.48,299.0,214,19,0.0888,1.3941,steamdt-live,207.7,162,212.9,102,"溢价求购:买一高于卖一,多为定向收特定图案,买一价不可作退出价",7,0,7,2,4,10,0,0,0.016151460049203203,0.0931578947368421,-0.08562765905423253,0.11081399080115517,0.0013942978027791098,0.15388888888888874,0.023185815736255555,-0.02313987395353223,-0.25821428571428573,0.35,7,反弹较远,买一异常溢价(不作为可成交退出价),30,0,0
563,Desert Eagle | Pilot (Factory New),1126.7,802.0,41,3,0.0732,0.7118,steamdt-live,1139.3,52,1051.9,24,,7,1,4,2,0,10,6,0,-0.04984305146009704,0.05305836420062082,-0.0005703964255158178,0.0005707219632837823,9.505703422041378e-05,0.05305836420062082,9.505703422041378e-05,0.0,0.01095627102354646,0.36,4,回撤不明显,,30,0,0
564,Five-SeveN | Copper Galaxy (Factory New),102.9,95.0,585,35,0.0598,0.9232,steamdt-live,105.0,114,102.0,134,,3,6,12,2,2,0,0,5,0.098901098901099,0.020000000000000018,0.00021982853374358235,0.1208791208791209,0.013348810214741658,0.1345939933259177,0.013348810214741658,0.05154639175257736,-0.33929265448892343,0.36,12,长期阴跌,,30,0,0
565,★ Specialist Gloves | Emerald Web (Minimal Wear),9580.0,10700.0,167,43,0.2575,1.1169,steamdt-live,10800.0,93,9870.0,48,"溢价求购:买一高于卖一,多为定向收特定图案,买一价不可作退出价",17,0,7,5,0,0,0,0,0.0069044879171460405,0.09257142857142853,0.004682351581016153,0.10011507479861903,0.0020876826722338038,0.12642865559090377,0.0020876826722338038,0.13972341440152602,-0.1460473425636445,0.36,14,回撤不明显,买一异常溢价(不作为可成交退出价),29,0,0
566,USP-S | Royal Blue (Factory New),555.0,379.0,32,6,0.1875,0.6829,steamdt-live,537.85,32,572.32,42,,14,1,4,2,6,0,2,0,-0.003618247604501912,-0.018521897810218957,0.0,-0.022073128602338232,0.030900900900900807,0.0,0.048053097345132745,-0.02209090909090905,-0.16612403100775186,0.14,4,可能加速下跌,,29,0,0
567,★ Specialist Gloves | Big Swell (Field-Tested),1130.99,1520.0,128,15,0.1172,1.344,steamdt-live,1100.0,140,1137.0,96,"溢价求购:买一高于卖一,多为定向收特定图案,买一价不可作退出价",11,0,7,5,6,0,0,0,0.0004547521600728466,0.0,-0.01830357142857142,0.0004547521600728466,0.026548672566371723,0.0004547521600728466,0.030238913867583483,-0.029982363315696703,-0.07329401853411965,0.11,0,价格更新稀疏,买一异常溢价(不作为可成交退出价),29,0,0
568,AK-47 | Case Hardened (Factory New),2769.88,12300.0,479,39,0.0814,4.4406,steamdt-live,2774.9,330,2800.0,201,"溢价求购:买一高于卖一,多为定向收特定图案,买一价不可作退出价",7,0,9,2,0,0,6,5,0.02110022607385087,0.0220959409594097,-0.007479431563201189,0.043662396382818436,0.0018090742008720628,0.05508787701027695,0.0018090742008720628,0.007778788430052863,-0.09035139573070605,0.36,9,回撤不明显,买一异常溢价(不作为可成交退出价),29,0,0
569,FAMAS | Night Borre (Factory New),63.31,58.0,234,15,0.0641,0.9161,steamdt-live,63.76,81,62.5,100,,7,6,7,2,4,0,3,0,0.003401360544217802,0.05932203389830515,-0.005076142131979822,0.06292517006802734,0.013105952944891808,0.06292517006802734,0.015437933207309351,-0.010136205258156505,-0.3351063829787234,0.36,7,长期阴跌,,29,0,0
570,MP9 | Hypnotic (Factory New),93.6,85.0,486,28,0.0576,0.9081,steamdt-live,95.0,169,97.78,243,,3,6,9,2,2,0,2,5,0.0,0.023286323384716257,-0.0010920607185759268,0.023286323384716257,0.007423117709438043,0.06363636363636349,0.007423117709438043,0.06605922551252852,-0.1357340720221607,0.27,5,回撤不明显,,29,0,0
571,FAMAS | Spitfire (Factory New),2888.88,620.0,6,3,0.5,0.2146,steamdt-live,2800.0,2,2736.26,2,,8,1,2,2,4,0,6,5,0.0036546234641445796,-0.0036413158258868927,-0.007256209501280697,0.0,0.02276428571428568,0.0,0.02276428571428568,0.13367003227503815,0.05406987942524766,0.36,3,可能加速下跌,,28,0,0
572,AK-47 | First Class (Factory New),1981.85,920.0,8,3,0.375,0.4642,steamdt-live,1398.2,19,1286.88,14,,8,1,2,2,6,3,6,0,-0.0038554068225279403,-0.0038703285134842336,-0.011433972619446897,-0.007710813645055881,0.019056621032411458,0.0,0.037400514631081294,-0.037400514631081294,-0.010092307692307623,0.36,4,暂未减速,,28,0,0
573,Galil AR | Urban Rubble (Factory New),64.81,52.0,83,11,0.1325,0.8023,steamdt-live,56.49,21,61.66,17,,11,3,4,2,8,0,0,0,0.0,0.0,-0.0001769911504424515,0.0,0.0001769911504424515,0.0,0.058343057176196034,-0.058343057176196034,-0.5104428460005199,0.36,0,价格更新稀疏,,28,0,0
574,MP9 | Setting Sun (Factory New),234.5,202.0,91,7,0.0769,0.8614,steamdt-live,254.5,25,242.76,42,,7,3,4,2,8,0,4,0,-0.001702852277564948,0.0,-0.004239084357778755,-0.001702852277564948,0.005934718100890191,0.005014357347961962,0.06907502977371971,-0.05405405405405406,-0.18573561581999376,0.36,5,回撤不明显,,28,0,0
575,Tec-9 | Rust Leaf (Factory New),79.5,70.0,109,7,0.0642,0.8805,steamdt-live,89.9,31,81.21,41,,7,6,7,2,6,0,0,0,-0.00012564392511626998,-0.0010052777079667674,-0.002506579771901274,-0.0011307953260459858,0.003634540669256836,0.06014135218029071,0.04664827917016434,-0.04664827917016434,-0.24985846386110588,0.1,1,价格更新稀疏,,28,0,0
576,MP9 | Sand Scale (Factory New),36.3,34.2,797,42,0.0527,0.9421,steamdt-live,35.58,161,35.82,134,,3,9,12,2,2,0,0,0,0.17204301075268824,0.01978211009174302,-0.007999999999999896,0.19522849462365577,0.005869200670765795,0.19643457786747387,0.005869200670765795,0.2948671277757555,-0.16697892271662773,0.19,16,反弹较远,,28,0,0
577,USP-S | 27 (Factory New),30.12,27.1,422,21,0.0498,0.8997,steamdt-live,29.2,78,29.53,190,,3,6,9,2,0,0,3,5,0.05219282348677057,0.017223561832586887,0.007301935012778316,0.07031533164189918,0.0,0.07931286549707606,0.0,0.06992753623188408,-0.3169095535507749,0.07,9,长期阴跌,,28,0,0
578,Desert Eagle | Sunset Storm 壱 (Factory New),2949.5,2670.0,49,4,0.0816,0.9052,steamdt-live,2900.0,36,3024.48,38,,7,6,4,2,8,0,0,0,0.0,0.0,0.0,0.0,0.0,0.0,0.058441558441558406,-0.033333333333333326,-0.07425142054523393,0.36,0,价格更新稀疏,,27,0,0
579,Glock-18 | Brass (Factory New),768.49,616.0,60,3,0.05,0.8016,steamdt-live,720.0,18,726.98,30,,3,3,4,2,0,10,0,5,0.16422487791056217,0.03078024337866858,-0.14167381974248927,0.20006000300015003,0.0,0.20006000300015003,0.0,0.02857142857142847,-0.19513503845465918,0.19,3,反弹较远,,27,0,0
580,P250 | Mehndi (Factory New),169.48,101.0,41,6,0.1463,0.5959,steamdt-live,177.5,51,173.78,61,,11,1,4,2,8,0,0,0,0.0,0.0,-0.03699073811011999,0.0,0.03699073811011999,0.0,0.0634911863844837,-0.06276613393795294,-0.1193099147786324,0.36,0,价格更新稀疏,,26,0,0
581,USP-S | Business Class (Factory New),656.06,487.0,14,2,0.1429,0.7423,steamdt-live,678.0,14,628.66,22,,8,1,2,2,4,0,4,5,0.0,-0.0063225113014889756,-0.006282788301448128,-0.0063225113014889756,0.015318589060835941,0.0,0.015318589060835941,0.01103248633000975,0.1430181818181817,0.14,2,可能加速下跌,,26,0,0
582,Five-SeveN | Candy Apple (Factory New),469.9,325.0,39,5,0.1282,0.6916,steamdt-live,453.4,42,465.4,48,,11,1,4,2,8,0,0,0,0.0,-0.0032974280061551786,0.011113580795732325,-0.0032974280061551786,0.006573181419807228,0.007779506557012761,0.06994871794871804,-0.06994871794871804,-0.16959706959706966,0.29,1,价格更新稀疏,,26,0,0
583,Desert Eagle | Sunset Storm 弐 (Factory New),3080.0,2680.0,43,4,0.093,0.8701,steamdt-live,3086.0,35,3073.66,38,,7,3,4,2,0,10,0,0,-0.03414970679544671,0.09773571428571426,0.01737146867871564,0.06024836150396684,0.0002634600435196255,0.09773571428571426,0.0002634600435196255,0.02472412068678098,-0.01898415008585641,0.36,3,回撤不明显,,26,0,0
584,P250 | Contamination (Factory New),39.76,30.6,70,6,0.0857,0.7696,steamdt-live,34.85,38,36.45,35,,7,1,4,2,6,0,6,0,-0.0008554319931566301,-0.005422374429223664,-0.006515580736543791,-0.006273167949814584,0.012747875354107485,0.04591836734693877,0.0449438202247191,-0.0449438202247191,-0.4229177016062262,0.36,4,长期阴跌,,26,0,0
585,Desert Eagle | Trigger Discipline (Factory New),36.48,35.0,739,39,0.0528,0.9594,steamdt-live,36.4,421,35.76,364,,3,9,12,2,0,0,0,0,0.04491017964071853,0.024641833810888247,0.034055727554179516,0.07065868263473063,0.0013962580284837545,0.11749999999999994,0.0013962580284837545,0.051764705882352935,-0.24556962025316453,0.36,11,回撤不明显,,26,0,0
586,AK-47 | Fire Serpent (Factory New),13886.0,12540.0,67,6,0.0896,0.9031,steamdt-live,13999.0,57,14763.07,25,,7,6,4,2,6,0,0,0,-7.200720072009226e-05,-3.60061930652078e-05,-0.03535581564963708,-0.00010801080108013839,0.03546000764074597,0.0,0.035627474130147885,-0.035627474130147885,-0.047925298543228356,0.36,0,价格更新稀疏,,25,0,0
587,AK-47 | Jaguar (Factory New),2647.99,2150.0,146,4,0.0274,0.8119,steamdt-live,2687.71,41,2661.23,33,,3,3,7,2,4,0,6,0,0.0039780261413147056,-0.0007584905660378283,0.0,0.003216518279977265,0.0007584905660378283,0.003216518279977265,0.01724649837073111,0.04251574803149594,-0.05412037863904273,0.36,2,回撤不明显,,25,0,0
588,MP9 | Dark Age (Factory New),496.3,301.0,34,5,0.1471,0.6065,steamdt-live,477.5,34,501.68,29,,11,1,4,2,6,0,0,0,0.0,-0.0010460251046024993,-0.0010449320794148065,-0.0010460251046024993,0.002089864158829724,0.0,0.04212637913741224,-0.04212637913741224,-0.04477074497879485,0.36,1,价格更新稀疏,,24,0,0
589,Glock-18 | Blue Fissure (Factory New),215.37,175.0,46,4,0.087,0.8126,steamdt-live,231.0,28,214.39,30,,7,3,4,2,2,0,6,0,0.0,-0.004550308770952416,-0.002362423568649241,-0.004550308770952416,0.004550308770952416,0.0,0.014208203053154289,-0.016514519014633855,-0.03514851485148518,0.19,2,回撤不明显,,24,0,0
590,MP9 | Dry Season (Factory New),2300.0,1.0,2,2,1.0,0.0004,steamdt-live,769.5,2,695.0,2,,8,1,2,2,4,0,6,0,0.002449678295259883,0.0,0.004208654416123281,0.002449678295259883,0.0013084579308724198,0.00666864256075872,0.017841651726331675,-0.014078374455733011,-0.02818311874105872,0.36,2,回撤不明显,,23,0,0
591,P250 | Red Rock (Factory New),230.0,137.0,11,4,0.3636,0.5957,steamdt-live,240.0,8,222.09,15,,8,1,2,2,6,0,4,0,-0.0003117762337432328,-0.010514591222989478,-0.00996560543257774,-0.010823089257081753,0.02068083605256199,0.0,0.030301707199930084,-0.029708593647603587,-0.1765294771968854,0.36,9,可能加速下跌,,23,0,0
592,AK-47 | Jet Set (Factory New),5178.91,3430.0,12,3,0.25,0.6623,steamdt-live,5256.91,10,5506.02,9,,8,1,2,2,10,0,0,0,0.0,0.0,-0.0038469602282016346,0.0,0.0038469602282016346,0.0,0.10669943941354032,-0.040748965994987896,-0.2600500071438777,0.36,0,价格更新稀疏,,23,0,0
593,Glock-18 | Sand Dune (Factory New),3499.0,560.0,4,1,0.25,0.16,steamdt-live,0.0,0,1849.54,4,,8,1,2,2,10,0,0,0,0.0,0.0,0.0,0.0,0.16278964497978887,0.0,0.16278964497978887,0.0,-0.007374092997295079,0.19,0,价格更新稀疏,,23,0,0
594,Galil AR | Orange DDPAT (Factory New),529.9,66.0,10,2,0.2,0.1246,steamdt-live,787.9,10,617.8,10,,8,1,2,2,10,0,0,0,0.0,0.0,-0.053580996606536924,0.0,0.22755102040816333,0.0,0.23601499423298733,-0.053580996606536924,-0.21438102297998518,0.36,0,价格更新稀疏,,23,0,0
595,Five-SeveN | Jungle (Factory New),300.0,91.0,11,2,0.1818,0.3033,steamdt-live,359.5,4,335.02,4,,8,1,2,2,10,0,0,0,-0.0014849132810643706,-0.10772708345726023,-0.005023343774008593,-0.10905203136136854,0.113527569292595,0.0,0.12790697674418605,-0.12408759124087587,-0.23076923076923073,0.36,5,可能加速下跌,,23,0,0
596,Five-SeveN | Hyper Beast (Factory New),2629.5,2110.0,38,6,0.1579,0.8024,steamdt-live,2829.5,36,2721.82,36,,14,3,4,2,0,0,0,0,0.00019018638265499987,0.0,-0.0003802281368820992,0.00019018638265499987,0.0001901140684410496,0.00038044512079138393,0.004919583727530763,-0.004919583727530763,-0.026111111111111085,0.36,0,价格更新稀疏,,23,0,0
597,M4A4 | Tornado (Factory New),700.0,600.0,13,2,0.1538,0.8571,steamdt-live,711.0,20,718.4,14,,8,3,2,2,6,0,2,0,0.005599104143336975,-0.025612472160356337,-0.008466342817487926,-0.02015677491601342,0.0284524635669674,0.0,0.04371584699453557,-0.04371584699453557,-0.11392405063291144,0.36,3,可能加速下跌,,23,0,0
598,P250 | Black & Tan (Factory New),62.9,56.0,54,7,0.1296,0.8903,steamdt-live,65.5,49,61.9,64,,11,6,4,2,0,0,0,0,0.0,0.0,-0.001612903225806428,0.0,0.001612903225806428,0.03166666666666673,0.001612903225806428,-0.001612903225806428,-0.14170826400443715,0.36,2,回撤不明显,,23,0,0
599,Glock-18 | Pink DDPAT (Factory New),400.0,143.0,17,2,0.1176,0.3575,steamdt-live,512.0,12,439.7,21,,8,1,2,2,10,0,0,0,0.0,-0.08571428571428574,-0.0022805017103763037,-0.08571428571428574,0.08883826879271073,0.0,0.08883826879271073,-0.08675799086757996,-0.17184265010351962,0.28,2,可能加速下跌,,23,0,0
600,Tec-9 | Hades (Factory New),159.99,129.0,36,4,0.1111,0.8063,steamdt-live,178.69,24,166.51,32,,8,3,4,2,6,0,0,0,0.0,-0.001560159760359503,-0.00958032016811905,-0.001560159760359503,0.011125533098460871,0.0,0.03620481927710839,-0.03620481927710839,-0.058826989822930775,0.36,1,价格更新稀疏,,23,0,0
601,★ Hydra Gloves | Rattler (Minimal Wear),209.5,220.0,119,8,0.0672,1.0501,steamdt-live,216.5,68,221.89,48,"溢价求购:买一高于卖一,多为定向收特定图案,买一价不可作退出价",7,0,7,5,2,0,2,0,0.0004786979415987158,0.0023923444976077235,-0.0004784688995215225,0.002872187649593183,0.0023809523809523725,0.02195121951219514,0.011745837067786313,-0.009362587478721318,-0.08515283842794763,0.36,9,回撤不明显,买一异常溢价(不作为可成交退出价),23,0,0
602,P250 | Cartel (Factory New),200.49,183.0,71,4,0.0563,0.9128,steamdt-live,221.99,43,199.89,56,,3,6,4,2,2,0,6,0,0.03525510204081628,-0.014883445862697853,0.0,0.019846938775510026,0.014883445862697853,0.01989897443747113,0.014883445862697853,0.04583267932820578,-0.20133450535400355,0.36,9,可能加速下跌,,23,0,0
603,Tec-9 | Cut Out (Factory New),99.99,74.0,21,5,0.2381,0.7401,steamdt-live,92.79,23,97.0,28,,17,1,2,2,0,0,0,0,0.0010788650339843553,0.0,0.05329545454545448,0.0010788650339843553,0.0,0.09164705882352941,0.0032226877215597582,-0.004292306041420613,-0.299275033982782,0.14,1,价格更新稀疏,,22,0,0
604,MP9 | Stained Glass (Factory New),799.0,623.0,48,7,0.1458,0.7797,steamdt-live,820.0,24,797.0,37,,11,1,4,2,4,0,0,0,0.0,-0.0025031289111389077,-0.019631901840490795,-0.0025031289111389077,0.02208588957055213,0.0,0.026743192086945866,-0.015441630636195192,-0.02208588957055213,0.36,1,价格更新稀疏,,22,0,0
605,Tec-9 | Orange Murano (Factory New),88.87,74.0,91,9,0.0989,0.8327,steamdt-live,89.49,21,93.88,23,,7,3,4,2,6,0,0,0,0.0,0.11870594159113801,-0.004136893569010924,0.11870594159113801,0.0,0.12025715366191858,0.032760121898127936,-0.032760121898127936,-0.12357001972386583,0.1,3,回撤不明显,,22,0,0
606,AWP | Pink DDPAT (Factory New),770.0,521.0,33,2,0.0606,0.6766,steamdt-live,799.5,16,770.0,30,,7,1,4,2,8,0,0,0,0.0,0.0,-0.01218729955099418,0.0,0.01218729955099418,0.0,0.05982905982905984,-0.06040268456375841,-0.18904686677198523,0.32,0,价格更新稀疏,,22,0,0
607,P250 | Bone Mask (Factory New),440.0,0.01,1,1,1.0,0.0,steamdt-live,0.0,0,182.28,1,,8,1,2,2,2,0,6,0,-0.00068493150684934,0.0,0.0016661766147212376,-0.00068493150684934,0.001368925393566034,0.0009801038910124404,0.0058405529056752,-0.005162672900837717,-0.040672553071576134,0.18,2,回撤不明显,,21,0,0
608,M4A4 | Zirka (Factory New),549.5,316.0,9,3,0.3333,0.5751,steamdt-live,575.0,9,504.07,29,,8,1,2,2,2,0,6,0,-0.0009919257246017166,0.0009929106181860714,0.0,0.0,0.000990942782963744,0.0009929106181860714,0.0054848574528953975,-0.0054848574528953975,-0.13191657912411525,0.36,3,回撤不明显,,21,0,0
609,AK-47 | Wasteland Rebel (Factory New),2345.96,2000.0,17,2,0.1176,0.8525,steamdt-live,2300.0,24,2358.4,19,,8,3,2,2,0,0,6,0,0.0,0.0,0.0,0.0,0.0,0.002178649237472685,0.0,0.0,-0.03681058670798609,0.36,2,回撤不明显,,21,0,0
610,P250 | Gunsmoke (Factory New),125.0,35.0,4,2,0.5,0.28,steamdt-live,129.5,11,128.0,9,,8,1,2,2,6,0,0,0,0.0,0.0,-0.019607843137254943,0.0,0.017913262099308658,0.0,0.038461538461538436,-0.038461538461538436,0.19047619047619047,0.18,0,价格更新稀疏,,19,0,0
611,M4A4 | Desert Storm (Factory New),429.5,335.0,15,3,0.2,0.78,steamdt-live,388.0,14,388.4,11,,8,1,2,2,6,0,0,0,0.0,0.0,-0.030000000000000027,0.0,0.030000000000000027,0.0,0.030000000000000027,-0.030000000000000027,-0.13547237076648844,0.25,0,价格更新稀疏,,19,0,0
612,AWP | The Prince (Factory New),16298.0,17460.0,68,10,0.1471,1.0713,steamdt-live,16495.0,72,16666.0,22,"溢价求购:买一高于卖一,多为定向收特定图案,买一价不可作退出价",11,0,4,2,2,0,0,0,0.0,0.025805639476334408,-0.02527607361963191,0.025805639476334408,0.00012269938650311119,0.025805639476334408,0.010772372034077327,-0.00012269938650311119,-0.015226586102718986,0.36,1,价格更新稀疏,买一异常溢价(不作为可成交退出价),19,0,0
613,Desert Eagle | Night (Factory New),635.5,371.0,23,3,0.1304,0.5838,steamdt-live,665.0,27,529.12,48,,8,1,2,2,2,0,4,0,-0.0010141225961537437,-0.005301349776290598,0.010072652085665101,-0.006310096153846145,0.011193960120349122,0.0036989965286340354,0.011193960120349122,0.10694560669456066,-0.18092879256965944,0.2,5,可能加速下跌,,19,0,0
614,AK-47 | Black Laminate (Factory New),1297.5,750.0,16,2,0.125,0.578,steamdt-live,1489.0,18,1379.45,20,,8,1,2,2,6,0,0,0,0.0,0.0,-0.00027737968656083023,0.0,0.00027737968656083023,0.0,0.041692824698105535,-0.04131046763360702,-0.2791666666666667,0.34,0,价格更新稀疏,,19,0,0
615,Glock-18 | Night (Factory New),209.48,104.0,33,4,0.1212,0.4965,steamdt-live,320.0,25,214.62,23,,8,1,4,2,4,0,0,0,0.0,0.0,-0.021075751203327386,0.0,0.021075751203327386,0.0,0.02567441860465125,-0.02567441860465125,-0.04781818181818187,0.36,0,价格更新稀疏,,19,0,0
616,FAMAS | Prime Conspiracy (Factory New),525.5,379.0,25,3,0.12,0.7212,steamdt-live,569.0,23,517.3,28,,8,1,2,2,0,0,6,0,0.0009637625289129481,-0.0038513383400732293,-0.0009628345850183351,-0.0028912875867386223,0.0038513383400732293,0.0,0.0038513383400732293,0.0193103448275862,-0.09165935030728722,1.36,2,回撤不明显,,19,0,0
617,★ Driver Gloves | Queen Jaguar (Field-Tested),289.5,350.0,231,11,0.0476,1.209,steamdt-live,291.5,201,297.0,74,"溢价求购:买一高于卖一,多为定向收特定图案,买一价不可作退出价",3,0,7,5,2,0,2,0,0.0003479471120391153,0.006956521739130528,-0.005536332179930881,0.007306889352818535,0.0017241379310344307,0.03392857142857153,0.006861063464837058,0.0,-0.03332442901028454,0.36,12,回撤不明显,买一异常溢价(不作为可成交退出价),19,0,0
618,Glock-18 | Groundwater (Factory New),570.0,260.0,6,2,0.3333,0.4561,steamdt-live,580.0,9,580.0,2,,8,1,2,2,4,0,0,0,0.0,-0.015544041450777257,0.0,-0.015544041450777257,0.015544041450777257,0.0,0.015544041450777257,-0.015544041450777257,-0.032258064516129004,0.36,1,价格更新稀疏,,17,0,0
619,M4A4 | Radiation Hazard (Factory New),2381.5,1330.0,10,2,0.2,0.5585,steamdt-live,2383.0,7,2341.5,9,,8,1,2,2,4,0,0,0,0.0,0.0,-0.01782718120805371,0.0,0.01782718120805371,0.0,0.01782718120805371,0.0,-0.08761826088311853,0.25,0,价格更新稀疏,,17,0,0
620,P250 | Whiteout (Factory New),1659.5,1260.0,23,3,0.1304,0.7593,steamdt-live,1998.8,30,1688.44,20,,8,1,2,2,4,0,0,0,0.0,0.03751172241325418,-0.03644578313253011,0.03751172241325418,0.00030120481927709,0.07133634602969652,0.022961436561672044,0.038485607008760914,-0.13748746121422217,0.19,1,价格更新稀疏,,17,0,0
621,MP9 | Storm (Factory New),179.99,83.0,58,2,0.0345,0.4611,steamdt-live,199.7,17,192.0,13,,3,1,4,2,6,0,0,0,0.0,-0.030174039549544673,0.0,-0.030174039549544673,0.030174039549544673,0.0,0.030174039549544673,-0.030174039549544673,0.011179775280898863,0.19,2,可能加速下跌,,16,0,0
622,FAMAS | Sundown (Factory New),670.0,514.0,13,4,0.3077,0.7672,steamdt-live,680.0,12,712.31,15,,8,1,2,2,2,0,0,0,0.0,0.0,0.0,0.0,0.0,0.0,0.014705882352941124,0.0,-0.11957950065703027,1.36,0,价格更新稀疏,,15,0,0
623,Five-SeveN | Neon Kimono (Factory New),3539.9,2280.0,32,3,0.0938,0.6441,steamdt-live,3199.9,24,3160.0,26,,7,1,4,2,0,0,0,0,0.0,0.0,-0.0003796026825255705,0.0,0.00041122323094933133,0.0,0.000569295970649697,-0.000569295970649697,-0.01018010963194993,0.36,0,价格更新稀疏,,14,0,0
624,P250 | Digital Architect (Factory New),232.0,187.0,23,2,0.087,0.806,steamdt-live,288.0,18,234.06,28,,7,3,2,2,0,0,0,0,0.0,0.0,-0.0042918454935622075,0.0,0.0021505376344086446,0.0,0.0042918454935622075,-0.0064239828693790635,-0.26349206349206344,0.16,0,价格更新稀疏,,14,0,0
625,M4A4 | Modern Hunter (Factory New),4400.0,570.0,1,4,4.0,0.1295,steamdt-live,4299.0,4,4025.38,9,,8,1,2,2,0,0,0,0,0.0,0.0,-0.00012419644897510018,0.0,0.00012419644897510018,0.0,0.00012419644897510018,-0.00012419644897510018,-0.00015399900645796105,0.36,0,价格更新稀疏,,13,0,0
626,Five-SeveN | Contractor (Factory New),239.5,36.0,3,4,1.3333,0.1503,steamdt-live,229.0,7,0.0,0,,8,1,2,2,0,0,0,0,0.0,0.0,0.0,0.0,0.0,0.0,0.0,0.0,0.0,0.29,0,价格更新稀疏,,13,0,0
627,AK-47 | Jungle Spray (Factory New),1028.0,540.0,5,3,0.6,0.5253,steamdt-live,999.0,6,1029.02,16,,8,1,2,2,0,0,0,0,0.0,0.0,0.0,0.0,0.0,0.0,0.0,0.0,0.031098083334193394,0.36,0,价格更新稀疏,,13,0,0
628,AK-47 | Red Laminate (Factory New),3099.0,1370.0,6,3,0.5,0.4421,steamdt-live,3999.99,7,4140.0,1,,8,1,2,2,0,0,0,0,0.0,0.0,0.0,0.0,0.0,0.0,0.0,0.022779028244410915,-0.05229357798165135,0.36,0,价格更新稀疏,,13,0,0
629,Galil AR | Winter Forest (Factory New),4900.0,150.0,2,1,0.5,0.0306,steamdt-live,5200.0,1,3520.6,2,,8,1,2,2,0,0,0,0,0.0,0.0,0.0,0.0,0.0,0.0,0.0,0.0,0.30481996923818167,0.19,0,价格更新稀疏,,13,0,0
630,Galil AR | Shattered (Factory New),500.0,130.0,9,4,0.4444,0.26,steamdt-live,409.5,4,3000.0,2,,8,1,2,2,0,0,0,0,0.0,0.0,0.026315789473684292,0.0,0.0,0.026315789473684292,0.0,0.026315789473684292,0.026315789473684292,0.36,0,价格更新稀疏,,13,0,0
631,MP9 | Bulldozer (Factory New),7499.5,1900.0,5,2,0.4,0.2534,steamdt-live,6799.0,5,7052.84,4,,8,1,2,2,0,0,0,0,0.0,0.0,0.0,0.0,0.0,0.0,0.0,0.0,0.0,0.26,0,价格更新稀疏,,13,0,0
632,P250 | Splash (Factory New),410.0,239.0,6,2,0.3333,0.5829,steamdt-live,298.28,13,305.35,9,,8,1,2,2,0,0,0,0,0.0,0.0,0.0,0.0,0.0,0.0,0.0,0.0,-0.0812542351999016,0.36,0,价格更新稀疏,,13,0,0
633,AK-47 | Predator (Factory New),666.0,134.0,6,2,0.3333,0.2012,steamdt-live,999.5,7,734.72,7,,8,1,2,2,0,0,0,0,0.0,0.0,0.0,0.0,0.0,0.0,0.0,0.0,0.0,0.36,0,价格更新稀疏,,13,0,0
634,P250 | Nuclear Threat (Factory New),7888.88,270.0,3,1,0.3333,0.0342,steamdt-live,2300.0,2,11888.0,1,,8,1,2,2,0,0,0,0,0.0,0.0,0.0,0.0,0.0,0.0,0.0,0.0,-0.668999024266689,0.36,0,价格更新稀疏,,13,0,0
635,Five-SeveN | Crimson Blossom (Factory New),572.99,396.0,13,4,0.3077,0.6911,steamdt-live,552.0,27,575.75,20,,8,1,2,2,0,0,0,0,0.0,0.0,0.041902604756512085,0.0,0.0,0.05585309869931154,0.0,0.00018119224497192832,-0.023008849557522137,0.36,0,价格更新稀疏,,13,0,0
636,MP9 | Green Plaid (Factory New),77.78,42.0,12,3,0.25,0.54,steamdt-live,70.0,5,77.56,6,,8,1,2,2,0,0,0,0,0.0,0.0,0.026543481448892736,0.0,0.0,0.026543481448892736,0.0,0.1477291359239219,0.1477291359239219,0.18,0,价格更新稀疏,,13,0,0
637,Five-SeveN | Nitro (Factory New),419.5,76.0,8,2,0.25,0.1812,steamdt-live,409.5,6,423.0,14,,8,1,2,2,0,0,0,0,0.0,0.0,0.0,0.0,0.0,0.0,0.0,0.026315789473684292,0.08764940239043817,0.36,0,价格更新稀疏,,13,0,0
638,Desert Eagle | Hand Cannon (Factory New),2648.5,2010.0,21,4,0.1905,0.7589,steamdt-live,2977.0,32,2803.67,14,,8,1,2,2,0,0,0,0,0.0,0.0,-0.00018875047187616456,0.0,0.00018875047187616456,0.0,0.00018875047187616456,0.0,0.07270149858242214,0.2,0,价格更新稀疏,,13,0,0
639,M4A4 | Faded Zebra (Factory New),407.0,230.0,12,2,0.1667,0.5651,steamdt-live,488.0,11,419.38,6,,8,1,2,2,0,0,0,0,0.0,0.0,-0.0012269938650306678,0.0,0.0012269938650306678,0.0,0.002450980392156854,-0.002450980392156854,0.01750000000000007,0.36,0,价格更新稀疏,,13,0,0
640,Glock-18 | Synth Leaf (Factory New),2095.99,1600.0,25,2,0.08,0.7634,steamdt-live,1996.48,21,2005.04,23,,7,1,2,2,0,0,0,0,-0.00025538435345195953,0.0,-0.0002553191489361728,-0.00025538435345195953,0.0005106382978723456,0.0,0.0033546325878593963,-0.0033546325878593963,-0.1986835239815372,1.36,0,价格更新稀疏,,12,0,0
641,FAMAS | Contrast Spray (Factory New),0.0,268.0,0,2,,,steamdt-live,810.0,2,497.55,7,缺卖一价,0,0,0,2,10,0,0,0,0.0,0.0,0.0,0.0,0.0,0.00026134855856208006,0.10852504837669319,-0.10831735335758708,-0.3487394957983193,0.36,0,悠悠盘口不足,,12,0,0
642,P250 | Modern Hunter (Factory New),,,0,0,,,,8000.0,2,1942.75,1,无悠悠数据,0,0,0,2,10,0,0,0,0.0,0.0,0.0,0.0,0.0,0.00024198364808381,0.17762670538484648,-0.17743868102276616,-0.03071381173570953,0.36,0,悠悠盘口不足,,12,0,0
643,Tec-9 | Nuclear Threat (Factory New),0.0,500.0,0,1,,,steamdt-live,0.0,0,6157.78,1,缺卖一价,0,0,0,2,0,0,0,0,0.0,-0.0013104416902103289,0.0005062683157166514,-0.0013104416902103289,0.0013104416902103289,0.0,0.0013104416902103289,-0.0005810405494890425,-0.23027750000000002,0.14,1,悠悠盘口不足,,2,0,0
