排名,marketHashName,youpin_sell,youpin_buy,youpin_sell_count,youpin_buy_count,挂买/挂卖,买一/卖一,数据来源,buff_sell,buff_sell_count,c5_sell,c5_sell_count,备注,盘口深度分,盘口紧密度分,流动性分,品质分,回撤位置分,跌速减弱分,低点企稳分,下行跌幅收敛分,前12h涨跌,近12h涨跌,前24h涨跌,近24h涨跌,48h回撤,距48h低点,5日回撤,5日涨跌,30日涨跌,K线时效(小时),24h变价次数,信号状态,报价风险,V2.6总分,建议资金,实际获批
1,AK-47 | Asiimov (Factory New),1870.0,1830.0,229,77,0.3362,0.9786,steamdt-live,1926.46,77,1907.6,95,,20,12,7,2,10,20,6,5,-0.020911528150134084,0.024096385542168752,-0.055457077741200345,0.002680965147453085,0.05292479108635095,0.02775487771365759,0.15384615384615385,-0.15384615384615385,-0.2410714285714286,0.38,10,减速明显,,82,25000,25000
2,AK-47 | Leet Museo (Factory New),3360.0,3310.0,571,108,0.1891,0.9851,steamdt-live,3350.0,58,3400.0,80,,14,12,12,2,8,20,6,5,-0.0060240963855421326,0.015151515151515138,-0.02352941176470591,0.009036144578313143,0.02727689797150934,0.01823708206686936,0.07713498622589532,-0.07713498622589532,-0.17477521862298318,0.37,6,减速明显,,79,25000,25000
3,M4A1-S | Nightmare (Factory New),1567.0,1510.0,404,74,0.1832,0.9636,steamdt-live,1547.31,64,1558.94,67,,14,12,9,2,10,20,6,5,-0.021287581699346414,0.03331040516084216,-0.038461538461538436,0.011313725490196047,0.02758295625942686,0.038463087248322037,0.1302360876897134,-0.12084659090909089,-0.13461409395973156,0.38,9,减速明显,,78,25000,25000
4,★ Hand Wraps | Slaughter (Field-Tested),2888.99,2770.0,292,57,0.1952,0.9588,steamdt-live,2937.91,44,2904.44,90,,14,9,9,5,10,19,6,3,-0.024137931034482807,0.02084452296819772,-0.0446856521667518,-0.003796551724137953,0.06183347405338713,0.02084452296819772,0.11651681957186555,-0.11107726485312264,-0.29536829268292686,0.34,10,减速明显,,75,25000,25000
5,★ Bloodhound Gloves | Bronzed (Minimal Wear),1310.0,1250.0,138,25,0.1812,0.9542,steamdt-live,1546.39,19,1334.14,53,,14,9,7,5,10,20,6,3,-0.015005771450557925,0.0234375,-0.04798534798534804,0.008080030781069558,0.04379562043795615,0.024638247946812575,0.09027777777777779,-0.09027777777777779,-0.28415300546448086,0.15,4,减速明显,,74,10000,10000
6,AWP | Wildfire (Factory New),939.49,925.0,540,76,0.1407,0.9846,steamdt-live,939.0,170,944.69,155,,11,12,12,2,8,20,6,0,-0.01930294906166219,0.026790595954073293,-0.016350210970464185,0.006970509383378065,0.01675392670157072,0.027352297592997843,0.06937561942517345,-0.06937561942517345,-0.12406716417910446,0.38,12,减速明显,,71,10000,10000
7,AWP | Hyper Beast (Factory New),930.0,920.0,367,49,0.1335,0.9892,steamdt-live,939.94,95,930.0,91,,11,12,9,2,10,17,6,0,-0.019796682718031033,0.015283842794759916,-0.01579778830963663,-0.0048154093097912964,0.021052631578947323,0.016393442622950838,0.11301859799713876,-0.11344137273593902,-0.15360672746136628,0.37,17,减速明显,,67,10000,10000
8,★ Sport Gloves | Red Racer (Field-Tested),806.5,1340.0,225,40,0.1778,1.6615,steamdt-live,821.0,200,814.8,85,"溢价求购:买一高于卖一,多为定向收特定图案,买一价不可作退出价",14,0,7,5,6,19,6,3,-0.011145510835913308,0.010018785222291715,-0.015243902439024404,-0.0012383900928792935,0.016463414634146356,0.020886075949366978,0.038163387000596294,-0.016463414634146356,-0.11219479976222446,0.38,10,减速明显,买一异常溢价(不作为可成交退出价),60,0,0
9,M4A4 | Dark Operative (Factory New),39.39,38.0,98,23,0.2347,0.9647,steamdt-live,39.79,84,40.57,95,,17,12,4,2,6,12,6,0,-0.045226130653266305,0.036578947368421044,-0.012161826756018956,-0.010301507537688326,0.022580645161290214,0.036578947368421044,0.03691931540342297,-0.012781954887218006,-0.11023266320307212,0.28,5,减速明显,,59,0,0
10,AWP | Oni Taiji (Factory New),3332.99,5380.0,365,48,0.1315,1.6142,steamdt-live,3548.35,105,3351.2,106,"溢价求购:买一高于卖一,多为定向收特定图案,买一价不可作退出价",11,0,9,2,10,13,6,5,-0.02030008826125329,0.000897897897897737,-0.028579594169762745,-0.01942041776993242,0.047444984281223235,0.000897897897897737,0.09894836442281707,-0.09919189189189193,-0.22271688432835823,0.37,3,减速明显,买一异常溢价(不作为可成交退出价),56,0,0
11,★ Hydra Gloves | Case Hardened (Field-Tested),343.0,370.0,358,16,0.0447,1.0787,steamdt-live,348.0,408,343.92,156,"溢价求购:买一高于卖一,多为定向收特定图案,买一价不可作退出价",3,0,9,5,4,20,6,5,-0.007299270072992692,0.008823529411764675,-0.015804597701149392,0.0014598540145984717,0.014367816091954033,0.023880597014925398,0.015160215918226583,-0.007092198581560294,-0.05298324084044281,0.38,8,减速明显,买一异常溢价(不作为可成交退出价),52,0,0
12,AK-47 | The Empress (Factory New),1633.0,1580.0,349,96,0.2751,0.9675,steamdt-live,1665.0,167,1669.0,111,,17,12,9,2,8,20,4,5,-0.012111801242235987,0.02672115686890919,-0.04109589041095896,0.014285714285714235,0.0273972602739726,0.03583888360291776,0.05058139534883721,-0.053333333333333344,0.03387802391911321,0.33,12,左侧观察,,77,25000,25000
13,AK-47 | Neon Rider (Factory New),1380.0,1330.0,461,101,0.2191,0.9638,steamdt-live,1398.0,190,1417.51,114,,17,12,9,2,10,20,2,3,-0.04080118694362023,0.06728538283062635,-0.037142857142857144,0.023738872403560762,0.014285714285714235,0.07434799532892167,0.10967741935483866,-0.10389610389610393,-0.0938936309914642,0.37,12,左侧观察,,75,25000,25000
14,★ Driver Gloves | Convoy (Field-Tested),2870.0,2730.0,192,68,0.3542,0.9512,steamdt-live,3182.51,17,2870.0,36,,20,9,7,5,10,15,2,5,-0.008448275862068977,-0.0019127108328986786,-0.04068805822031096,-0.010344827586206917,0.06818181818181823,0.02499999999999991,0.11145510835913308,-0.11145510835913308,-0.29828850855745725,0.15,7,左侧观察,,73,10000,10000
15,★ Hand Wraps | Badlands (Field-Tested),2488.0,2400.0,324,97,0.2994,0.9646,steamdt-live,2795.0,22,2529.51,73,,17,12,9,5,10,17,2,0,-0.031361651448987726,0.01967213114754096,-0.045471769609700674,-0.012306470821754623,0.05721864342553995,0.036666666666666625,0.11079342387419588,-0.11079342387419588,-0.23914373088685015,0.37,8,左侧观察,,72,10000,10000
16,AK-47 | Orbit Mk01 (Factory New),579.5,563.0,917,67,0.0731,0.9715,steamdt-live,566.0,165,585.0,155,,7,12,15,2,10,19,4,3,-0.026362038664323406,0.02166064981949467,-0.04610226320201172,-0.005272407732864637,0.05033557046979864,0.030965391621129434,0.09998727897214099,-0.09998727897214099,-0.2722129355792723,0.37,12,左侧观察,,72,10000,10000
17,AK-47 | Aquamarine Revenge (Factory New),1188.0,1170.0,364,101,0.2775,0.9848,steamdt-live,1229.99,128,1217.5,98,,17,12,9,2,10,10,4,5,0.004255319148936065,0.006779661016949046,-0.04431918925733436,0.01106382978723408,0.03374569943635164,0.025021570319240682,0.08544330595308669,-0.08544330595308669,-0.08439306358381504,0.38,12,左侧观察,,69,10000,10000
18,M4A1-S | Hyper Beast (Factory New),1744.0,1700.0,243,51,0.2099,0.9748,steamdt-live,1788.0,54,1798.0,94,,17,12,7,2,10,10,6,5,0.01814516129032251,-0.018953323903818986,-0.028805755556674417,-0.0011520737327188613,0.03127950435477289,0.0,0.08253968253968258,-0.08253968253968258,-0.1282051282051282,0.24,8,左侧观察,,69,10000,10000
19,M4A4 | Buzz Kill (Factory New),2819.0,2770.0,1015,84,0.0828,0.9826,steamdt-live,2858.0,145,2839.0,139,,7,12,15,2,10,18,2,3,-0.010563380281690127,0.00320284697508888,-0.04255247419274355,-0.007394366197183144,0.04963219181314937,0.02995981001096082,0.09064516129032263,-0.0835500650195059,-0.26921581335061573,0.34,11,左侧观察,,69,10000,10000
20,M4A4 | Spider Lily (Factory New),387.88,367.0,801,62,0.0774,0.9462,steamdt-live,389.0,179,378.57,144,,7,9,12,2,10,20,4,5,-0.017094473677181532,0.028750781271230208,-0.02755844155844156,0.01116482812040931,0.02831108829568796,0.04002747252747252,0.1007838479809976,-0.10291469194312797,-0.2563790292482665,0.28,13,左侧观察,,69,10000,10000
21,AK-47 | Neon Revolution (Factory New),1541.95,1510.0,544,126,0.2316,0.9793,steamdt-live,1564.55,106,1520.0,137,,17,12,12,2,8,10,4,3,0.0066269052352552205,0.0006583278472680476,-0.032382173773645384,0.0072895957587806315,0.031847133757961776,0.017062562730010056,0.07288807563281485,-0.07317073170731703,-0.1299370349170006,0.36,11,左侧观察,,68,10000,10000
22,Tec-9 | Decimator (Factory New),691.0,655.0,201,63,0.3134,0.9479,steamdt-live,738.3,54,729.5,52,,20,9,7,2,10,10,6,3,-0.007194244604316502,0.0014492753623187582,-0.005722460658083017,-0.0057553956834532904,0.011444921316165924,0.03134328358208949,0.14480198019801982,-0.14480198019801982,0.10738954149906244,0.38,14,左侧观察,,67,10000,10000
23,Desert Eagle | Heirloom (Factory New),648.0,626.0,119,36,0.3025,0.966,steamdt-live,699.88,34,655.9,54,,20,12,7,2,10,9,2,5,-0.0034307692307692372,0.00035506429751297475,-0.024024024024024038,-0.003076923076923088,0.027027027027026973,0.02909414305679081,0.09749303621169914,-0.08085106382978724,-0.032835820895522394,0.36,9,左侧观察,,67,10000,10000
24,Desert Eagle | Code Red (Factory New),1080.0,1040.0,256,62,0.2422,0.963,steamdt-live,1070.0,65,1100.29,122,,17,12,9,2,8,10,6,3,0.012745098039215641,0.03581800580832528,-0.018759018759018753,0.0490196078431373,0.013815795537286069,0.0490196078431373,0.053097345132743334,-0.053097345132743334,-0.06929814642462628,0.37,6,左侧观察,,67,10000,10000
25,★ Hand Wraps | Spruce DDPAT (Field-Tested),2219.0,2110.0,303,70,0.231,0.9509,steamdt-live,2444.44,24,2263.78,83,,17,9,9,5,10,10,2,5,0.007954545454545547,0.0006764374295378239,-0.025686448184233823,0.008636363636363553,0.02675438596491231,0.018357044515832976,0.10306832283073086,-0.09979716024340768,-0.25524416848464504,0.33,3,左侧观察,,67,10000,10000
26,M4A1-S | Mecha Industries (Factory New),1418.0,1380.0,534,86,0.161,0.9732,steamdt-live,1370.0,172,1402.62,154,,14,12,12,2,10,11,6,0,-0.010439164866810624,-0.0032739177882866732,-0.023893183415319763,-0.01367890568754504,0.037245256500351376,0.007352941176470562,0.08238446081714668,-0.07744107744107742,-0.14813179706882718,0.37,7,左侧观察,,67,10000,10000
27,★ Bloodhound Gloves | Charred (Minimal Wear),1496.0,1440.0,124,19,0.1532,0.9626,steamdt-live,1550.0,16,1505.0,39,,14,12,7,5,8,10,6,5,0.013513513513513598,-0.002666666666666706,-0.03551645487129362,0.0108108108108107,0.024453863710466206,0.0108108108108107,0.07080745341614902,-0.07080745341614902,-0.22083333333333333,0.37,3,左侧观察,,67,10000,10000
28,AK-47 | Aphrodite (Factory New),1707.5,1660.0,366,69,0.1885,0.9722,steamdt-live,1798.49,216,1728.0,193,,14,12,9,2,10,10,6,3,0.005851375073142151,-0.006689936009307784,-0.0239862935465448,-0.0008777062609712782,0.02484294688749289,0.005002942907592622,0.0958336863509277,-0.09560381355932202,-0.17908653846153844,1.38,10,左侧观察,,66,10000,10000
29,USP-S | The Traitor (Factory New),619.0,597.0,304,41,0.1349,0.9645,steamdt-live,629.5,82,618.4,129,,11,12,9,2,8,20,4,0,-0.021138211382113803,0.027242524916943456,-0.03221237823972811,0.005528455284552702,0.026862007647882713,0.03238731218697821,0.07423763828799834,-0.07423763828799834,-0.22291056685809074,0.38,15,左侧观察,,66,10000,10000
30,Tec-9 | Bamboo Forest (Factory New),188.0,188.0,1439,110,0.0764,1.0,steamdt-live,194.5,300,193.79,234,,7,15,15,2,8,10,6,3,0.0010851871947910041,0.01897018970189701,-0.029999999999999916,0.020075963103635353,0.030927835051546393,0.02452316076294281,0.055276381909547756,-0.04858299595141702,-0.2807957153787298,0.29,14,左侧观察,,66,10000,10000
31,M4A4 | Magnesium (Factory New),35.5,35.0,1262,45,0.0357,0.9859,steamdt-live,36.9,545,36.05,275,,3,12,15,2,10,20,4,0,-0.029808773903262198,0.02898550724637672,-0.036314363143631345,-0.0016872890888639525,0.03794037940379402,0.039531478770131745,0.08221302998965874,-0.08221302998965874,-0.257166771291065,0.38,14,左侧观察,,66,10000,10000
32,Desert Eagle | Directive (Factory New),639.0,607.0,102,34,0.3333,0.9499,steamdt-live,620.0,17,609.56,62,,20,9,7,2,10,10,2,5,0.0,0.036666666666666625,-0.05161290322580647,0.036666666666666625,0.023125370598887862,0.05826388888888889,0.1353758865248228,-0.14746853146853156,0.29693617021276575,0.21,6,左侧观察,,65,10000,10000
33,★ Sport Gloves | Arid (Minimal Wear),6988.0,7260.0,177,33,0.1864,1.0389,steamdt-live,7109.0,42,7144.0,38,,14,15,7,5,10,8,6,0,-0.0068813847900113245,-0.0016429744981784067,-0.0056433408577878375,-0.008513053348467636,0.014108352144469483,0.020145985401459843,0.09240741919269979,-0.08653594771241835,-0.23944192364162342,0.38,9,左侧观察,,65,10000,10000
34,M4A1-S | Chantico's Fire (Factory New),1620.0,1590.0,259,58,0.2239,0.9815,steamdt-live,1695.0,70,1652.98,92,,17,12,9,2,8,10,6,0,-0.02026005442999701,0.0,-0.0005983717036669445,-0.02026005442999701,0.02084630309037827,0.0003087372645877995,0.07954545454545459,-0.07954545454545459,-0.1171662125340599,0.34,2,左侧观察,,64,10000,10000
35,★ Bloodhound Gloves | Snakebite (Field-Tested),1149.0,1120.0,226,50,0.2212,0.9748,steamdt-live,1300.0,18,1160.74,93,,17,12,7,5,8,6,6,3,-0.0004312203536006587,-0.008628127696289956,-0.021518987341772156,-0.009055627425614499,0.03821202862763162,0.007894736842105177,0.07600260552790084,-0.07338709677419353,-0.25631067961165044,0.38,8,左侧观察,,64,10000,10000
36,M4A1-S | Control Panel (Factory New),924.0,888.0,824,103,0.125,0.961,steamdt-live,908.59,74,916.44,138,,11,12,12,2,10,10,2,5,-0.0033407572383074013,0.015184357541899507,-0.0694300518134715,0.011792873051224895,0.05845595854922281,0.0324886363636363,0.19200533570475764,-0.1880339588918677,-0.2666747376916868,0.38,13,左侧观察,,64,10000,10000
37,M4A4 | Hellish (Factory New),691.0,682.0,635,49,0.0772,0.987,steamdt-live,700.0,182,700.0,226,,7,12,12,2,10,10,6,5,0.030169242089771897,-0.0128571428571429,-0.023692869150418794,0.016924208977189048,0.0128571428571429,0.016924208977189048,0.09078947368421053,-0.08658294778585596,-0.2712969016936283,0.38,9,左侧观察,,64,10000,10000
38,AK-47 | Frontside Misty (Factory New),742.0,716.0,403,55,0.1365,0.965,steamdt-live,725.0,99,750.83,183,,11,12,9,2,10,10,4,5,0.006206896551724128,-0.006168608636052064,-0.01836005199306756,0.0,0.027498323272971192,0.012569832402234526,0.08459595959595956,-0.08459595959595956,-0.18832077562947125,0.38,15,左侧观察,,63,10000,10000
39,Glock-18 | Neo-Noir (Factory New),1123.45,1090.0,376,49,0.1303,0.9702,steamdt-live,1136.99,89,1149.02,128,,11,12,9,2,10,15,4,0,-0.01754385964912286,0.0030803571428572596,-0.032258064516129004,-0.014517543859649096,0.046307300509337845,0.02131818181818179,0.11538673532862465,-0.11538673532862465,-0.224672187715666,0.38,22,左侧观察,,63,10000,10000
40,Desert Eagle | Mecha Industries (Factory New),159.0,157.0,992,114,0.1149,0.9874,steamdt-live,159.0,372,160.5,183,,11,12,15,2,4,10,6,3,-0.004533678756476811,0.034482758620689724,-0.03015075376884413,0.02979274611398952,0.020453425332676134,0.042622950819672045,0.020453425332676134,-0.0030097817908201208,-0.17001618207443747,0.38,16,左侧观察,,63,10000,10000
41,Glock-18 | Bullet Queen (Factory New),720.0,692.0,453,50,0.1104,0.9611,steamdt-live,731.0,102,711.05,132,,11,12,9,2,10,10,4,5,-0.00207290922087211,0.018623307785975207,-0.04256775253216538,0.01651179413867032,0.026758828360251896,0.03200290275761963,0.08251612903225813,-0.08251612903225813,-0.20993566595184399,0.38,12,左侧观察,,63,10000,10000
42,AK-47 | Searing Rage (Factory New),107.5,103.0,1341,41,0.0306,0.9581,steamdt-live,106.0,399,111.8,279,,3,9,15,2,10,17,4,3,-0.01869158878504673,0.00952380952380949,-0.027272727272727226,-0.009345794392523366,0.036363636363636376,0.019230769230769162,0.08383751080380297,-0.0806591500433651,-0.24404507202966763,0.38,9,左侧观察,,63,10000,10000
43,USP-S | Kill Confirmed (Factory New),1489.9,1520.0,268,24,0.0896,1.0202,steamdt-live,1548.0,117,1517.22,84,,7,15,9,2,8,10,6,5,0.016610169491525495,-0.0064021340446814845,-0.0320887197322659,0.010101694915254367,0.03503886010362689,0.010101694915254367,0.0521239574254212,-0.0521239574254212,-0.11709629629629625,0.38,4,左侧观察,,62,10000,10000
44,AWP | The End (Factory New),287.8,261.0,62,20,0.3226,0.9069,steamdt-live,292.0,72,300.0,128,,20,6,4,2,8,10,6,5,0.006956521739130528,-0.005872193436960216,-0.03361344537815125,0.0010434782608697013,0.032605042016806696,0.013380281690140938,0.06800518134715028,0.027857142857142803,-0.1777142857142857,0.38,9,左侧观察,,61,10000,10000
45,Five-SeveN | Fowl Play (Factory New),459.5,435.0,142,34,0.2394,0.9467,steamdt-live,466.78,46,459.73,47,,17,9,7,2,10,10,6,0,-0.03437587446455859,0.014266607222469752,0.014344978165938826,-0.020599694341003505,0.04566143003964174,0.014266607222469752,0.09900990099009899,-0.04811715481171552,-0.061855670103092786,0.38,11,左侧观察,,61,10000,10000
46,★ Hand Wraps | Slaughter (Minimal Wear),3189.5,3090.0,182,26,0.1429,0.9688,steamdt-live,3480.0,36,3266.0,71,,11,12,7,5,10,10,6,0,-0.035525321239606944,-0.00015673981191222097,0.002272727272727204,-0.035676492819349925,0.057197753473248625,0.0,0.09811960978368439,-0.09594671201814053,-0.26253823725944925,0.38,3,左侧观察,,61,10000,0
47,USP-S | Monster Mashup (Factory New),439.5,434.0,588,48,0.0816,0.9875,steamdt-live,446.0,162,466.19,167,,7,12,12,2,10,9,6,3,-0.013377926421404673,-0.006779661016949157,-0.047770700636942665,-0.02006688963210701,0.06687898089171973,0.0,0.14494163424124518,-0.14494163424124518,-0.2862942513803183,0.38,12,左侧观察,,61,10000,0
48,Desert Eagle | Ocean Drive (Factory New),1499.49,1420.0,233,28,0.1202,0.947,steamdt-live,1549.5,51,1565.59,72,,11,9,7,2,10,10,6,5,-0.030038759689922534,-0.00133866133866134,-0.030366806975345773,-0.03133720930232553,0.06075240529164161,0.0,0.09669277108433738,-0.09640971870706483,-0.22706701030927834,0.38,5,左侧观察,,60,10000,0
49,AK-47 | The Outsiders (Factory New),334.0,319.0,1145,49,0.0428,0.9551,steamdt-live,339.95,184,340.0,297,,3,9,15,2,10,10,6,5,0.018353658536585327,-0.0030537093587209574,-0.03529411764705881,0.015243902439024293,0.026742656729504488,0.015243902439024293,0.11081441922563418,-0.1155378486055777,-0.29374337221633084,0.22,5,左侧观察,,60,10000,0
50,Tec-9 | Titanium Bit (Factory New),522.76,516.0,650,18,0.0277,0.9871,steamdt-live,532.62,12,516.6,40,,3,12,12,2,10,10,6,5,0.007821142313738427,-0.005199306759098632,-0.02641473783656123,0.0025811710365439833,0.023901747756258862,0.009339220819819527,0.12142857142857144,-0.06918918918918915,-0.00472016183411994,0.38,4,左侧观察,,60,10000,0
51,Desert Eagle | Eastern Enigma (Factory New),402.5,391.0,76,26,0.3421,0.9714,steamdt-live,409.99,67,411.4,133,,20,12,4,2,4,10,4,3,-0.019637684716971915,0.007812108768591397,0.012124223602484552,-0.011978987677352837,0.01680590160730855,0.007812108768591397,0.025187696778880997,-0.025187696778880997,-0.10555555555555551,1.38,7,左侧观察,,59,0,0
52,Tec-9 | Sultan (Factory New),36.8,34.3,158,24,0.1519,0.9321,steamdt-live,36.49,114,36.57,95,,14,9,7,2,6,10,6,5,0.0,0.002748007694421517,-0.011141304347826009,0.002748007694421517,0.016707087038534074,0.045558739255014524,0.03132466153437752,-0.016176867080075485,0.09120813397129202,0.38,5,左侧观察,,59,0,0
53,Desert Eagle | Kumicho Dragon (Factory New),400.0,385.0,507,41,0.0809,0.9625,steamdt-live,410.0,125,403.2,144,,7,12,12,2,10,7,4,5,-0.017114914425427896,-0.00497512437810943,-0.015596418600173356,-0.022004889975550168,0.03725811110041399,2.500062501553657e-05,0.11406423034330015,-0.11406423034330015,-0.29065437134243655,0.38,6,左侧观察,,59,0,0
54,★ Moto Gloves | Eclipse (Minimal Wear),3088.0,2960.0,139,40,0.2878,0.9585,steamdt-live,3650.0,21,3061.5,44,,17,9,7,5,10,4,6,0,-0.019145569620253156,-0.012263268269075756,-0.033639143730886834,-0.031174050632911454,0.06376452599388382,0.037793220338983025,0.1222716938505779,-0.1222716938505779,-0.2878599674342871,0.38,6,左侧观察,,58,0,0
55,Desert Eagle | Hypnotic (Factory New),995.5,971.0,224,45,0.2009,0.9754,steamdt-live,1010.93,79,1029.67,85,,17,12,7,2,10,10,0,0,-0.0015408163265305808,0.017383928297683093,-0.016064257028112428,0.015816326530612157,0.015263173513497375,0.0534391534391534,0.1019395579612088,-0.1019395579612088,-0.1991150442477876,0.38,11,左侧观察,,58,0,0
56,★ Bloodhound Gloves | Charred (Field-Tested),1389.99,1310.0,253,47,0.1858,0.9425,steamdt-live,1686.5,21,1409.31,64,,14,9,9,5,10,7,4,0,-0.02608695652173909,-0.00714999999999999,-0.004604784821521379,-0.03305043478260872,0.037503029463698434,0.0,0.11718640838361383,-0.11718640838361383,-0.23542904290429045,0.38,9,左侧观察,,58,0,0
57,Galil AR | Rainbow Spoon (Factory New),162.47,153.0,935,22,0.0235,0.9417,steamdt-live,164.5,403,171.7,602,,3,9,15,2,8,10,6,5,0.031185550903068515,-0.01533333333333331,-0.03492159227985536,0.015374039122554972,0.026542840023966452,0.015374039122554972,0.05934460398332564,-0.05540697674418604,-0.17318066157760814,0.38,9,左侧观察,,58,0,0
58,M4A4 | Evil Daimyo (Factory New),50.0,49.0,1807,34,0.0188,0.98,steamdt-live,50.69,1018,53.79,712,,3,12,15,2,10,10,6,0,-0.03300970873786413,0.004016064257028162,-0.02239939255884582,-0.029126213592232997,0.05087319665907364,0.006036217303822866,0.11190053285968027,-0.10168882500898302,-0.25705794947994054,0.38,9,左侧观察,,58,0,0
59,AWP | Sovereign Flame (Factory New),2939.5,2810.0,22,32,1.4545,0.9559,steamdt-live,3000.0,18,2950.0,51,,20,9,2,2,6,7,6,5,-0.0008476012883539275,-0.004241601628775071,-0.016013344453711387,-0.005085607730123787,0.03786885245901639,0.02964912280701748,0.03786885245901639,-0.014037657747255072,-0.08268208815254763,0.38,3,左侧观察,,57,0,0
60,Tec-9 | Fuel Injector (Factory New),240.0,235.0,416,55,0.1322,0.9792,steamdt-live,240.79,151,238.44,176,,11,12,9,2,10,13,0,0,-0.016460905349794275,-0.0023430962343096162,-0.031872509960159334,-0.018765432098765467,0.05003984063745026,0.0457894736842106,0.14839815707703852,-0.1407567567567568,-0.22078431372549023,0.31,10,左侧观察,,57,0,0
61,★ Hand Wraps | Spruce DDPAT (Minimal Wear),2314.99,2200.0,195,25,0.1282,0.9503,steamdt-live,2414.67,33,2331.51,51,,11,9,7,5,10,9,6,0,-0.01624050632911378,-0.0070855368409316055,-0.04627382806369429,-0.023210970464135117,0.06841073807138054,0.01141174466002881,0.11285390192682077,-0.11285390192682077,-0.2779060119652895,0.38,8,左侧观察,,57,0,0
62,MP9 | Hot Rod (Factory New),1214.99,1180.0,265,25,0.0943,0.9712,steamdt-live,1199.49,127,1221.06,148,,7,12,9,2,8,10,6,3,-0.015188958858447066,0.0,-0.010528453633372625,-0.015188958858447066,0.033448831587429506,3.334861811654655e-05,0.07338797518713935,-0.07338797518713935,-0.13080434782608696,0.27,2,左侧观察,,57,0,0
63,Desert Eagle | Golden Koi (Factory New),1300.0,1240.0,499,46,0.0922,0.9538,steamdt-live,1310.0,178,1312.51,160,,7,9,9,2,8,13,4,5,-0.006823351023502622,-0.003053435114503844,-0.03370671277133497,-0.009855951478392688,0.046715328467153316,0.005001923816852605,0.07961408627384658,-0.07961408627384658,-0.17861635220125782,0.15,4,左侧观察,,57,0,0
64,USP-S | Printstream (Factory New),609.0,604.0,501,39,0.0778,0.9918,steamdt-live,617.88,410,640.0,153,,7,15,12,2,6,9,6,0,-0.006504065040650375,-0.00327332242225864,-0.016000000000000014,-0.009756097560975618,0.026378896882493952,0.0,0.04694835680751175,-0.039432176656151396,-0.10441176470588232,0.38,10,左侧观察,,57,0,0
65,M4A4 | X-Ray (Factory New),805.0,778.0,966,52,0.0538,0.9665,steamdt-live,808.0,258,814.0,248,,3,12,15,2,10,10,2,3,0.0,0.0,-0.04496381539921701,0.0,0.04677323860272353,0.02287166454891998,0.11049723756906082,-0.11049723756906082,-0.2863475177304965,0.38,14,左侧观察,,57,0,0
66,★ Hand Wraps | Badlands (Minimal Wear),2666.0,2540.0,155,31,0.2,0.9527,steamdt-live,2875.0,20,2785.62,53,,17,9,7,5,10,6,2,0,-0.028956834532374076,-0.01240970550101872,-0.0071428571428571175,-0.041007194244604306,0.06242307016001403,0.009848484848484773,0.10326269761183993,-0.096271186440678,-0.2272463768115942,0.38,5,左侧观察,,56,0,0
67,M4A4 | Poseidon (Factory New),8589.9,8500.0,207,36,0.1739,0.9895,steamdt-live,8600.0,103,8807.3,83,,14,12,7,2,10,9,2,0,-0.011494913500775916,-0.001104715390429667,0.0356547619047618,-0.012586930283349673,0.021528647909784704,0.02261904761904754,0.08118515349235211,-0.08118515349235211,-0.2593231299849106,0.18,5,左侧观察,,56,0,0
68,AWP | Elite Build (Factory New),399.0,384.0,371,27,0.0728,0.9624,steamdt-live,415.66,80,420.0,120,,7,12,9,2,10,9,4,3,0.012499999999999956,-0.014814814814814836,-0.04534606205250602,-0.0024999999999999467,0.04773269689737469,0.002512562814070307,0.10518053375196224,-0.10518053375196224,-0.28558639212175474,0.38,14,左侧观察,,56,0,0
69,USP-S | Orion (Factory New),556.88,539.0,550,27,0.0491,0.9679,steamdt-live,558.0,191,578.11,256,,3,12,12,2,10,17,0,0,-0.01598579040852577,0.00519855595667873,-0.03513281919451583,-0.010870337477797531,0.04562125107112258,0.08786872436022675,0.10613162118780095,-0.10613162118780095,-0.2973034360055017,0.38,13,左侧观察,,56,0,0
70,M4A4 | The Coalition (Factory New),6622.0,6430.0,317,51,0.1609,0.971,steamdt-live,6932.52,37,6749.88,64,,14,12,9,2,10,8,0,0,-0.04301315260483951,-0.009994244152582321,-0.0015014285714286535,-0.052577512808516746,0.06732394366197181,0.05027755749405238,0.0903846153846154,-0.09032213750944429,-0.28795698924731183,0.3,11,左侧观察,,55,0,0
71,AK-47 | Rat Rod (Factory New),440.0,431.0,455,51,0.1121,0.9795,steamdt-live,474.99,45,450.94,141,,11,12,9,2,10,4,2,5,-0.005555555555555536,-0.016759776536312887,-0.05543544426019609,-0.022222222222222254,0.07642576772108067,0.0011376564277587597,0.12636009848304341,-0.12636009848304341,-0.25297113752122236,0.38,10,左侧观察,,55,0,0
72,★ Bloodhound Gloves | Guerrilla (Minimal Wear),1150.0,1090.0,133,25,0.188,0.9478,steamdt-live,1198.99,20,1195.28,51,,14,9,7,5,8,4,2,5,0.0,-0.017094017094017144,-0.03044566352321132,-0.017094017094017144,0.04701924192452389,0.004366812227074135,0.06133176616549951,-0.06133176616549951,-0.2527615334632879,0.38,4,左侧观察,,54,0,0
73,M4A4 | The Emperor (Factory New),1440.0,1360.0,397,61,0.1537,0.9444,steamdt-live,1430.0,132,1459.88,129,,14,9,9,2,10,10,0,0,-0.03259515570934246,0.022963015952500054,0.006274416952764206,-0.01038062283737029,0.043977055449330726,0.059259259259259345,0.09493670886075944,-0.09750710003155572,-0.21381054483479034,0.37,8,左侧观察,,54,0,0
74,AWP | CMYK (Factory New),3613.71,3530.0,293,28,0.0956,0.9768,steamdt-live,3675.26,92,3639.05,80,,7,12,9,2,8,7,4,5,-0.008177111716621277,-0.007219800054395709,-0.03382914308279583,-0.015337874659400508,0.05892968749999994,0.00381112169756026,0.07577512985966706,-0.07577749360613806,-0.2566417009336951,0.3,6,左侧观察,,54,0,0
75,USP-S | Blueprint (Factory New),603.99,565.0,205,17,0.0829,0.9354,steamdt-live,635.0,98,636.4,78,,7,9,7,2,10,10,4,5,-0.00251239669421488,0.0008450984291110686,-0.036608863198458574,-0.0016694214876032953,0.037450796028622,0.007506380423359937,0.09037650602409641,-0.09037650602409641,-0.18818548387096778,0.26,7,左侧观察,,54,0,0
76,AWP | Ice Coaled (Factory New),173.9,162.0,364,28,0.0769,0.9316,steamdt-live,179.9,233,183.0,146,,7,9,9,2,6,10,6,5,-0.0028851702250433098,0.0063657407407407,-0.02366197183098584,0.0034622042700518385,0.02028169014084502,0.008115942028985579,0.03388888888888886,-0.006285714285714228,-0.09849663037843437,0.38,11,左侧观察,,54,0,0
77,★ Driver Gloves | Hand Sweaters (Field-Tested),668.0,880.0,103,36,0.3495,1.3174,steamdt-live,660.0,87,680.0,48,"溢价求购:买一高于卖一,多为定向收特定图案,买一价不可作退出价",20,0,7,5,6,9,6,0,0.0,-0.0015174506828528056,-0.02730627306273059,-0.0015174506828528056,0.032352941176470584,0.0,0.032352941176470584,-0.01644245142002987,-0.10109289617486339,0.38,7,左侧观察,买一异常溢价(不作为可成交退出价),53,0,0
78,MP9 | Pandora's Box (Factory New),769.4,735.0,43,6,0.1395,0.9553,steamdt-live,787.9,43,807.8,58,,11,9,4,2,8,10,4,5,0.0,-0.0007792207792207684,-0.04938271604938271,-0.0007792207792207684,0.05012345679012353,0.012368421052631584,0.05826193390452883,-0.05826193390452883,-0.180434388947475,0.38,6,左侧观察,,53,0,0
79,★ Sport Gloves | Hedge Maze (Field-Tested),23555.0,35280.0,581,67,0.1153,1.4978,steamdt-live,24499.5,383,24500.0,125,"溢价求购:买一高于卖一,多为定向收特定图案,买一价不可作退出价",11,0,12,5,8,10,4,3,0.017021276595744705,-0.014435146443514624,-0.03609515996718626,0.002340425531914825,0.033839212469237046,0.013118279569892533,0.06858577670574739,-0.055911823647294634,-0.1832241062450154,0.38,9,左侧观察,买一异常溢价(不作为可成交退出价),53,0,0
80,FAMAS | Mecha Industries (Factory New),687.5,673.0,1378,132,0.0958,0.9789,steamdt-live,708.67,175,700.0,163,,7,12,15,2,4,10,3,0,-0.0003129890453834605,0.07623669380087672,-0.018433179723502335,0.0758998435054774,0.028954802259887003,0.09126984126984117,0.028954802259887003,-0.01715511079342391,-0.28756476683937826,0.31,16,左侧观察,,53,0,0
81,Five-SeveN | Heat Treated (Factory New),102.0,98.0,735,28,0.0381,0.9608,steamdt-live,101.9,370,103.14,226,,3,12,12,2,8,10,6,0,0.002970297029702973,0.005923000987166915,-0.018369132082806883,0.008910891089108919,0.019626707715989955,0.009110714993068036,0.07397310069065799,-0.07397310069065799,-0.2726623840114203,0.31,12,左侧观察,,53,0,0
82,Desert Eagle | Conspiracy (Factory New),144.5,137.0,1355,47,0.0347,0.9481,steamdt-live,139.0,822,140.7,298,,3,9,15,2,4,18,2,0,-0.006303724928366727,0.0019463667820069919,-0.020075810753895973,-0.004369627507163187,0.024357714446160306,0.021985294117647047,0.02804195804195797,-0.02804195804195797,-0.17698957839886298,0.38,15,左侧观察,,53,0,0
83,★ Specialist Gloves | Cloud Chaser (Minimal Wear),4999.5,5880.0,46,31,0.6739,1.1761,steamdt-live,5147.0,60,5218.5,29,"溢价求购:买一高于卖一,多为定向收特定图案,买一价不可作退出价",20,0,4,5,6,10,2,5,0.0019038076152304573,0.0,-0.03087978248203538,0.0019038076152304573,0.01970588235294113,0.020514390691978024,0.036055143160127257,-0.036055143160127257,-0.0014719775029109483,0.13,3,左侧观察,买一异常溢价(不作为可成交退出价),52,0,0
84,★ Specialist Gloves | Pillow Punchers (Minimal Wear),8299.5,11400.0,75,35,0.4667,1.3736,steamdt-live,8499.5,92,8600.0,33,"溢价求购:买一高于卖一,多为定向收特定图案,买一价不可作退出价",20,0,4,5,4,8,6,5,-0.003960158406336234,-6.0240963855373586e-05,-0.018839043918521092,-0.004020160806432305,0.022783468738961532,0.0,0.022783468738961532,-0.017810650887573942,-0.05040045766590384,0.12,2,左侧观察,买一异常溢价(不作为可成交退出价),52,0,0
85,★ Moto Gloves | Blood Pressure (Minimal Wear),1176.5,1820.0,126,33,0.2619,1.547,steamdt-live,1258.5,85,1199.5,75,"溢价求购:买一高于卖一,多为定向收特定图案,买一价不可作退出价",17,0,7,5,8,9,6,0,-0.041056910569105654,-0.0025434506146672087,8.130742336764918e-05,-0.04349593495934956,0.05879999999999996,0.0,0.06552819698173151,-0.06552819698173151,-0.1858131487889273,0.38,5,左侧观察,买一异常溢价(不作为可成交退出价),52,0,0
86,AK-47 | X-Ray (Factory New),11850.0,15500.0,164,36,0.2195,1.308,steamdt-live,12300.0,65,11888.0,64,"溢价求购:买一高于卖一,多为定向收特定图案,买一价不可作退出价",17,0,7,2,8,9,6,3,-8.403361344533344e-05,-0.004117993108664564,-0.047695262483994916,-0.004201680672268893,0.05169654289372594,0.02155172413793105,0.07410301287660959,-0.07410301287660959,-0.23938508938027536,0.38,6,左侧观察,买一异常溢价(不作为可成交退出价),52,0,0
87,★ Sport Gloves | Superconductor (Field-Tested),10800.0,14000.0,478,63,0.1318,1.2963,steamdt-live,10998.5,294,10975.0,114,"溢价求购:买一高于卖一,多为定向收特定图案,买一价不可作退出价",11,0,9,5,6,10,6,5,0.014018691588784993,-0.004608294930875556,-0.02681710073352528,0.009345794392523255,0.017721933450660976,0.018867924528301883,0.04652599982343075,-0.04652599982343075,-0.19702542529771394,0.38,12,左侧观察,买一异常溢价(不作为可成交退出价),52,0,0
88,P250 | See Ya Later (Factory New),676.49,663.0,278,15,0.054,0.9801,steamdt-live,716.9,112,689.49,90,,3,12,9,2,6,9,6,5,-0.0029394821193814424,0.0022074074074074357,-0.013924695943485443,-0.0007385633465782915,0.010805989354857548,0.0032775701488996223,0.045179957657021874,-0.045179957657021874,-0.11512099411379983,0.38,5,左侧观察,,52,0,0
89,★ Hand Wraps | Duct Tape (Minimal Wear),409.0,532.0,106,29,0.2736,1.3007,steamdt-live,432.82,70,420.0,66,"溢价求购:买一高于卖一,多为定向收特定图案,买一价不可作退出价",17,0,7,5,6,10,6,0,0.03083950617283948,-0.02033581642674076,-0.02409638554216864,0.009876543209876631,0.02033581642674076,0.011124845488257096,0.04327485380116958,-0.014457831325301207,-0.1343915343915344,0.38,9,左侧观察,买一异常溢价(不作为可成交退出价),51,0,0
90,★ Broken Fang Gloves | Needle Point (Minimal Wear),374.0,415.0,101,20,0.198,1.1096,steamdt-live,355.0,57,385.36,44,"溢价求购:买一高于卖一,多为定向收特定图案,买一价不可作退出价",14,0,7,5,6,10,6,3,0.008522727272727293,0.0,-0.021950541817171376,0.008522727272727293,0.01388888888888884,0.014285714285714235,0.03770567347049425,-0.03770567347049425,-0.10579345088161207,0.38,4,左侧观察,买一异常溢价(不作为可成交退出价),51,0,0
91,★ Specialist Gloves | Emerald Web (Minimal Wear),9047.5,11640.0,203,35,0.1724,1.2865,steamdt-live,9266.0,99,9343.25,76,"溢价求购:买一高于卖一,多为定向收特定图案,买一价不可作退出价",14,0,7,5,8,10,2,5,-0.01298983640415241,-0.0035792951541849805,-0.024029280712921652,-0.016522637099842363,0.046628029504741875,0.017945544554455406,0.05725747629467537,-0.05720835721356743,-0.2643411798186771,0.32,7,左侧观察,买一异常溢价(不作为可成交退出价),51,0,0
92,★ Moto Gloves | Polygon (Minimal Wear),1044.86,1490.0,129,20,0.155,1.426,steamdt-live,1059.0,130,1068.88,67,"溢价求购:买一高于卖一,多为定向收特定图案,买一价不可作退出价",14,0,7,5,4,10,6,5,0.0,-0.0004783041248948017,-0.013345917885795311,-0.0004783041248948017,0.013817838603114807,0.006608863198458437,0.0224995556220825,-0.013352219074598826,-0.1136992111290187,0.38,3,左侧观察,买一异常溢价(不作为可成交退出价),51,0,0
93,M4A4 | Cyber Security (Factory New),848.5,826.0,425,30,0.0706,0.9735,steamdt-live,888.0,63,860.0,128,,7,12,9,2,10,4,4,3,-0.02285227272727275,-0.013245880287013456,-0.03719912472647702,-0.03579545454545452,0.07217058501913609,0.0,0.12072538860103632,-0.12026956972524627,-0.23524109959441186,0.32,11,左侧观察,,51,0,0
94,Glock-18 | Shinobu (Factory New),111.99,107.0,992,50,0.0504,0.9554,steamdt-live,119.0,358,122.66,184,,3,9,15,2,8,7,4,3,0.017610619469026423,-0.026089225150012996,-0.03418803418803418,-0.008938053097345189,0.05890756302521016,0.004484707148623146,0.06675000000000009,-0.06675000000000009,-0.1884782608695652,0.38,12,左侧观察,,51,0,0
95,M4A1-S | Guardian (Factory New),395.0,369.0,687,33,0.048,0.9342,steamdt-live,382.0,322,403.77,220,,3,9,12,2,10,6,4,5,-0.005134920023620593,-0.014168107564066168,-0.05002439024390237,-0.019230275488459236,0.06829268292682922,0.0,0.1463687150837989,-0.145413870246085,-0.29585253456221194,0.37,8,左侧观察,,51,0,0
96,AWP | Lightning Strike (Factory New),2957.99,2940.0,585,19,0.0325,0.9939,steamdt-live,2980.0,476,3034.4,155,,3,15,12,2,4,9,6,0,-0.008706896840525391,-0.0005103075363299681,-0.0013415858146538229,-0.009212761181779494,0.01037644303162133,0.0066337644656226935,0.018097609561753103,-0.014170000000000127,-0.030013119055428028,0.22,9,左侧观察,,51,0,0
97,AK-47 | Midnight Laminate (Factory New),80.79,76.0,1552,29,0.0187,0.9407,steamdt-live,83.0,1030,84.8,701,,3,9,15,2,6,10,6,0,-0.01842751842751844,0.0012515644555692873,-0.0012269938650305567,-0.017199017199017286,0.024390243902439046,0.0012515644555692873,0.04648390941597147,-0.03846153846153855,-0.14374397944985562,0.38,17,左侧观察,,51,0,0
98,MP9 | Arctic Tri-Tone (Factory New),31.7,30.0,2148,34,0.0158,0.9464,steamdt-live,34.04,884,31.84,1380,,3,9,15,2,8,12,2,0,-0.009009009009009028,-0.0031347962382444194,-0.025431425976385258,-0.012115563839701693,0.04761904761904756,0.02580645161290329,0.06525573192239864,-0.06167010917674831,-0.17871900826446274,0.38,12,左侧观察,,51,0,0
99,★ Specialist Gloves | Buckshot (Minimal Wear),400.0,515.0,144,30,0.2083,1.2875,steamdt-live,407.0,99,415.5,65,"溢价求购:买一高于卖一,多为定向收特定图案,买一价不可作退出价",17,0,7,5,2,10,6,3,0.026616644274886525,-0.012321291883750196,-0.008320764203117115,0.013967400948059483,0.012345679012345734,0.015254194268889965,0.012345679012345734,0.005025125628140614,-0.10913140311804004,0.38,15,左侧观察,买一异常溢价(不作为可成交退出价),50,0,0
100,Glock-18 | Snack Attack (Factory New),629.48,610.0,375,35,0.0933,0.9691,steamdt-live,684.13,71,641.99,118,,7,12,9,2,10,10,0,0,-0.045535186280307505,3.1773265974033293e-05,-0.03442166910688138,-0.04550485981591834,0.07836017569546117,0.03193442622950826,0.10712056737588649,-0.10712056737588649,-0.28468181818181815,0.33,8,左侧观察,,50,0,0
101,Desert Eagle | Cobalt Disruption (Factory New),591.0,570.0,615,35,0.0569,0.9645,steamdt-live,619.5,284,616.2,216,,3,12,12,2,8,6,4,3,-0.006683529037337377,-0.003372681281618939,-0.010836246748297418,-0.010033668905676807,0.03481839561013855,0.010429133185159811,0.06832298136645965,-0.06832298136645965,-0.245981117632049,0.38,14,左侧观察,,50,0,0
102,★ Specialist Gloves | Chocolate Chesterfield (Field-Tested),531.5,680.0,117,24,0.2051,1.2794,steamdt-live,535.0,104,535.17,65,"溢价求购:买一高于卖一,多为定向收特定图案,买一价不可作退出价",17,0,7,5,4,10,6,0,-0.013059701492537323,0.001890359168241984,-0.002586575857384754,-0.011194029850746245,0.013953488372092981,0.001890359168241984,0.023941068139963217,0.02812803103782735,-0.07017543859649122,0.38,9,左侧观察,买一异常溢价(不作为可成交退出价),49,0,0
103,AK-47 | Point Disarray (Factory New),371.5,362.0,1073,51,0.0475,0.9744,steamdt-live,383.0,353,382.13,270,,3,12,15,2,10,5,2,0,-0.02709677419354839,-0.01458885941644561,-0.013643537137911776,-0.041290322580645133,0.05437051366899148,0.006775067750677488,0.10911270983213428,-0.10911270983213428,-0.23313516637767318,0.38,13,左侧观察,,49,0,0
104,★ Specialist Gloves | Crimson Kimono (Field-Tested),10447.6,10080.0,881,21,0.0238,0.9648,steamdt-live,10650.0,770,11082.69,179,,3,12,12,5,6,5,6,0,-0.009433962264150941,-0.004990476190476101,-0.013953488372092981,-0.014377358490565983,0.028085027210567937,0.0,0.039742647058823466,-0.014377358490565983,-0.05021818181818183,0.37,8,左侧观察,,49,0,0
105,AK-47 | Ice Coaled (Factory New),85.8,82.0,1653,28,0.0169,0.9557,steamdt-live,87.77,1241,88.88,688,,3,9,15,2,6,10,4,0,-0.016110471806674354,0.0035087719298245723,0.029742860528498616,-0.012658227848101333,0.022667729809773385,0.02264600715137055,0.04134078212290504,-0.03682083520431079,-0.1178285009253548,0.38,14,左侧观察,,49,0,0
106,★ Driver Gloves | Brocade Crane (Minimal Wear),2460.0,3090.0,18,22,1.2222,1.2561,steamdt-live,2478.5,24,2774.79,13,"溢价求购:买一高于卖一,多为定向收特定图案,买一价不可作退出价",20,0,2,5,4,8,6,3,0.00425877104035699,-0.00646203554119551,-0.009835380864983256,-0.0022307848306631906,0.012044225077209036,0.0,0.015606242496998823,-0.003443386672068005,0.004081632653061273,0.12,3,左侧观察,买一异常溢价(不作为可成交退出价),48,0,0
107,★ Hydra Gloves | Mangrove (Minimal Wear),211.5,232.0,129,13,0.1008,1.0969,steamdt-live,215.0,53,217.4,71,"溢价求购:买一高于卖一,多为定向收特定图案,买一价不可作退出价",11,0,7,5,4,10,6,5,0.0,0.0023696682464455776,-0.013050189438233772,0.0023696682464455776,0.013019739605207858,0.0071428571428571175,0.029816513761467878,0.03422982885085579,-0.08836206896551724,0.31,7,左侧观察,买一异常溢价(不作为可成交退出价),48,0,0
108,AK-47 | Case Hardened (Factory New),2738.0,11950.0,496,43,0.0867,4.3645,steamdt-live,2799.0,331,2831.4,207,"溢价求购:买一高于卖一,多为定向收特定图案,买一价不可作退出价",7,0,9,2,10,16,4,0,-0.013842516821240158,0.009795533000914514,-0.010789749198593879,-0.0041825786506637375,0.018286124058802478,0.017911979240246456,0.08074225530386192,-0.08074225530386192,-0.22116341914379178,0.37,13,左侧观察,买一异常溢价(不作为可成交退出价),48,0,0
109,★ Specialist Gloves | Crimson Web (Field-Tested),763.0,1200.0,577,42,0.0728,1.5727,steamdt-live,750.0,498,778.5,203,"溢价求购:买一高于卖一,多为定向收特定图案,买一价不可作退出价",7,0,12,5,8,10,6,0,0.0006671114076051143,0.0,-0.02649694765553967,0.0006671114076051143,0.025974025974025983,0.0006671114076051143,0.0541171129131931,-0.05297051581539247,-0.10415671285236505,0.38,10,左侧观察,买一异常溢价(不作为可成交退出价),48,0,0
110,M4A4 | Zirka (Factory New),577.4,445.0,10,5,0.5,0.7707,steamdt-live,575.0,9,512.35,24,,20,1,2,2,10,5,4,3,0.0,-0.005821286504317458,-0.010616648748272062,-0.005821286504317458,0.016376132698510126,0.003918879200548675,0.10877052602282211,-0.10877052602282211,-0.12548858961885745,0.27,4,左侧观察,,47,0,0
111,★ Sport Gloves | Violet Beadwork (Minimal Wear),3648.99,4450.0,56,25,0.4464,1.2195,steamdt-live,3659.48,74,3666.0,24,"溢价求购:买一高于卖一,多为定向收特定图案,买一价不可作退出价",20,0,4,5,4,10,4,0,-0.007744433688286589,-2.7404768430105975e-06,-0.002852494577006537,-0.007747152941688373,0.010813580273687506,0.00800828729281755,0.0196157979580871,-0.013786486486486504,-0.07299928359846974,0.12,2,左侧观察,买一异常溢价(不作为可成交退出价),47,0,0
112,★ Driver Gloves | Garden (Field-Tested),1098.5,1900.0,154,44,0.2857,1.7296,steamdt-live,1136.0,156,1130.0,132,"溢价求购:买一高于卖一,多为定向收特定图案,买一价不可作退出价",17,0,7,5,4,8,6,0,-0.007668019846639562,-0.0013636363636363447,0.010483135824977285,-0.009021199819576053,0.01919642857142856,0.0009111617312071996,0.01919642857142856,0.0018239854081167906,-0.11660635303578604,0.23,7,左侧观察,买一异常溢价(不作为可成交退出价),47,0,0
113,Tec-9 | Cracked Opal (Factory New),46.39,44.0,383,32,0.0836,0.9485,steamdt-live,41.0,176,43.29,93,,7,9,9,2,10,10,0,0,-0.022727272727272707,0.006744186046511613,-0.015439695681360388,-0.016136363636363615,0.038000000000000034,0.055853658536585415,0.12897384305835013,-0.12897384305835013,-0.12897384305835013,0.15,5,左侧观察,,47,0,0
114,AK-47 | Legion of Anubis (Factory New),336.3,333.0,805,30,0.0373,0.9902,steamdt-live,349.0,341,348.15,219,,3,15,12,2,6,5,4,0,-0.013325557661466703,-0.0061469353980730945,-0.00014577259475223592,-0.01939058171745145,0.020960698689956314,0.0,0.03776824034334758,-0.03178441872516835,-0.0569794178677584,0.38,4,左侧观察,,47,0,0
115,Tec-9 | Rust Leaf (Factory New),83.79,79.0,115,4,0.0348,0.9428,steamdt-live,110.0,26,85.7,41,,3,9,7,2,6,9,6,5,-0.0013095238095237605,-0.0011920371915603578,-0.03658676453721754,-0.0024999999999999467,0.03899529762587439,0.0,0.04009623095429027,-0.03099340811842244,-0.2649999999999999,0.38,2,左侧观察,,47,0,0
116,★ Broken Fang Gloves | Unhinged (Minimal Wear),475.14,663.0,56,22,0.3929,1.3954,steamdt-live,487.5,64,490.82,54,"溢价求购:买一高于卖一,多为定向收特定图案,买一价不可作退出价",20,0,4,5,2,9,6,0,-0.009021397170656531,-0.0010512152047766898,-0.004211618257261351,-0.010063128945559163,0.014232365145228298,0.001897773279352144,0.014232365145228298,-0.014232365145228298,-0.10855534709193249,0.16,9,左侧观察,买一异常溢价(不作为可成交退出价),46,0,0
117,FAMAS | Afterimage (Factory New),263.9,245.0,93,11,0.1183,0.9284,steamdt-live,287.89,38,267.0,49,,11,6,4,2,8,9,6,0,-0.03821957162078615,-0.0021929824561405242,-0.012035639864913295,-0.04032873922688107,0.05187899691025366,0.0,0.07074192753265973,-0.062455591871536265,-0.26465670976370936,0.38,4,左侧观察,,46,0,0
118,★ Driver Gloves | Snow Leopard (Minimal Wear),3220.0,5700.0,236,25,0.1059,1.7702,steamdt-live,3249.0,233,3490.0,62,"溢价求购:买一高于卖一,多为定向收特定图案,买一价不可作退出价",11,0,7,5,6,6,6,5,-0.0027812113720643294,-0.002169197396963085,-0.011304613504430239,-0.0049443757725586845,0.015290519877675823,0.0,0.04166666666666663,-0.04166666666666663,-0.12947327726276114,0.37,3,左侧观察,买一异常溢价(不作为可成交退出价),46,0,0
119,Tec-9 | Whiteout (Factory New),1139.9,1060.0,168,16,0.0952,0.9299,steamdt-live,1192.0,63,1137.2,104,,7,6,7,2,8,5,6,5,-0.003931847968545177,-0.002456140350877156,-0.011658031088082943,-0.0063783311489733485,0.01796200345423138,0.0,0.05954349983460139,-0.05954349983460139,-0.2311748718850143,0.38,4,左侧观察,,46,0,0
120,★ Specialist Gloves | Lt. Commander (Field-Tested),653.5,820.0,504,42,0.0833,1.2548,steamdt-live,679.5,463,658.99,197,"溢价求购:买一高于卖一,多为定向收特定图案,买一价不可作退出价",7,0,12,5,6,10,6,0,-0.01666666666666672,0.006933744221879756,0.0015174506828528056,-0.009848484848484884,0.012243047158403852,0.01004636785162294,0.03882923959405793,-0.03812187224021191,-0.12281879194630874,0.24,14,左侧观察,买一异常溢价(不作为可成交退出价),46,0,0
121,★ Hand Wraps | Cobalt Skulls (Field-Tested),1232.5,1660.0,913,45,0.0493,1.3469,steamdt-live,1220.0,687,1260.0,188,"溢价求购:买一高于卖一,多为定向收特定图案,买一价不可作退出价",3,0,15,5,4,8,6,5,0.012658227848101333,-0.016129032258064502,-0.020399999999999974,-0.0036749693752552437,0.023218574859887875,0.0,0.02400000000000002,0.012448132780082943,-0.06862408293826205,0.37,9,左侧观察,买一异常溢价(不作为可成交退出价),46,0,0
122,MP9 | Hypnotic (Factory New),88.28,81.0,556,16,0.0288,0.9175,steamdt-live,88.25,201,91.99,306,,3,6,12,2,8,6,4,5,-0.0029246344206974584,-0.004399819494584789,-0.020061728395061706,-0.007311586051743646,0.027226631393298062,0.003981797497155881,0.06909282700421937,-0.06909282700421937,-0.29960317460317465,0.38,8,左侧观察,,46,0,0
123,★ Specialist Gloves | Big Swell (Field-Tested),1119.5,1590.0,113,40,0.354,1.4203,steamdt-live,1188.0,134,1156.5,94,"溢价求购:买一高于卖一,多为定向收特定图案,买一价不可作退出价",20,0,7,5,4,5,4,0,-0.0008884940026654409,-0.004446420631391779,-0.010532053310827405,-0.005330964015992867,0.015806871329605787,0.007650765076507637,0.022270742358078577,-0.022270742358078577,-0.06708333333333338,0.12,4,左侧观察,买一异常溢价(不作为可成交退出价),45,0,0
124,★ Driver Gloves | Queen Jaguar (Minimal Wear),669.0,940.0,116,27,0.2328,1.4051,steamdt-live,679.0,60,703.0,71,"溢价求购:买一高于卖一,多为定向收特定图案,买一价不可作退出价",17,0,7,5,2,8,6,0,0.008955223880596996,-0.010355029585798814,-0.00960827790096086,-0.0014925373134327957,0.011086474501108667,0.0,0.014001473839351464,-0.014727540500736325,-0.05708245243128962,0.38,10,左侧观察,买一异常溢价(不作为可成交退出价),45,0,0
125,★ Sport Gloves | Omega (Field-Tested),1105.49,1930.0,872,65,0.0745,1.7458,steamdt-live,1122.58,721,1111.02,221,"溢价求购:买一高于卖一,多为定向收特定图案,买一价不可作退出价",7,0,12,5,4,6,6,5,-0.004055881027489883,0.00044343891402709446,-0.009375000000000022,-0.003614240648941003,0.012955357142857116,0.005905368516833542,0.0208237378210806,-0.011189624329159154,-0.10049633848657447,0.37,5,左侧观察,买一异常溢价(不作为可成交退出价),45,0,0
126,★ Specialist Gloves | Mogul (Field-Tested),620.5,691.0,331,31,0.0937,1.1136,steamdt-live,629.0,276,627.2,206,"溢价求购:买一高于卖一,多为定向收特定图案,买一价不可作退出价",7,0,9,5,6,10,4,3,-0.02020732814216797,0.008451162034779802,-0.009479495268138738,-0.01192694151180751,0.021293375394321745,0.01721311475409837,0.042438271604938294,-0.042438271604938294,-0.1357938718662952,0.38,18,左侧观察,买一异常溢价(不作为可成交退出价),44,0,0
127,★ Sport Gloves | Amphibious (Field-Tested),1844.5,2830.0,1072,74,0.069,1.5343,steamdt-live,1838.5,973,1847.52,246,"溢价求购:买一高于卖一,多为定向收特定图案,买一价不可作退出价",7,0,15,5,4,4,4,5,-0.005423297537413219,-0.0034690227112581518,-2.1563342318065004e-05,-0.008873506706344125,0.01155913978494627,0.0213888888888889,0.01656093203384934,-0.006216216216216264,-0.05831433912976669,0.38,7,左侧观察,买一异常溢价(不作为可成交退出价),44,0,0
128,Glock-18 | Gamma Doppler (Factory New),583.88,2330.0,1692,86,0.0508,3.9905,steamdt-live,600.0,625,599.99,498,"溢价求购:买一高于卖一,多为定向收特定图案,买一价不可作退出价",3,0,15,2,10,10,4,0,-0.03137994956495593,0.006689655172413822,-0.019598532975309446,-0.024900215434459416,0.044010740716484364,0.006689655172413822,0.10033898305084743,-0.10033898305084743,-0.26694287507846826,0.38,14,左侧观察,买一异常溢价(不作为可成交退出价),44,0,0
129,★ Hand Wraps | Giraffe (Minimal Wear),447.0,525.0,143,22,0.1538,1.1745,steamdt-live,468.0,81,469.03,72,"溢价求购:买一高于卖一,多为定向收特定图案,买一价不可作退出价",14,0,7,5,6,5,6,0,-0.00022266755733690857,-0.0044543429844098315,-0.009702315325248012,-0.004676018704074858,0.01433296582138921,0.015909090909090873,0.033513513513513504,-0.033513513513513504,-0.12771977753927222,0.34,8,左侧观察,买一异常溢价(不作为可成交退出价),43,0,0
130,★ Moto Gloves | Polygon (Field-Tested),658.5,868.0,307,43,0.1401,1.3181,steamdt-live,650.0,273,658.2,180,"溢价求购:买一高于卖一,多为定向收特定图案,买一价不可作退出价",11,0,9,5,6,8,4,0,-0.003837416344323663,0.0008012573576996473,-0.012160727824109152,-0.003039233744704384,0.015163002274450332,0.014843750000000044,0.03649310191366273,-0.02987303958177745,-0.0891241848397728,0.18,11,左侧观察,买一异常溢价(不作为可成交退出价),43,0,0
131,★ Driver Gloves | Racing Green (Minimal Wear),239.0,403.0,168,16,0.0952,1.6862,steamdt-live,258.99,69,257.72,108,"溢价求购:买一高于卖一,多为定向收特定图案,买一价不可作退出价",7,0,7,5,8,10,6,0,0.050420168067226934,-0.04400000000000004,-0.020576131687242816,0.004201680672268893,0.06457925636007833,0.006315789473684275,0.07867853976330919,-0.03238866396761131,-0.12132352941176472,0.37,11,左侧观察,买一异常溢价(不作为可成交退出价),43,0,0
132,M4A1-S | Printstream (Factory New),2640.0,3730.0,633,43,0.0679,1.4129,steamdt-live,2650.0,477,2659.5,176,"溢价求购:买一高于卖一,多为定向收特定图案,买一价不可作退出价",7,0,12,2,6,10,6,0,-0.032198027172901544,0.01538461538461533,0.0030653887368432553,-0.01730876605248466,0.01730876605248466,0.015579919215233717,0.037550127597520966,-0.037374658158614404,-0.08333333333333337,0.38,10,左侧观察,买一异常溢价(不作为可成交退出价),43,0,0
133,★ Sport Gloves | Occult (Minimal Wear),5850.0,7050.0,82,37,0.4512,1.2051,steamdt-live,6049.0,98,6028.0,30,"溢价求购:买一高于卖一,多为定向收特定图案,买一价不可作退出价",20,0,4,5,4,5,4,0,-0.016010673782521634,-0.008474576271186418,-0.0002501042100875317,-0.024349566377585008,0.024593580658607728,0.0,0.025000000000000022,-0.025000000000000022,-0.05439262911177567,0.38,2,左侧观察,买一异常溢价(不作为可成交退出价),42,0,0
134,★ Specialist Gloves | Crimson Web (Minimal Wear),1769.0,3510.0,295,32,0.1085,1.9842,steamdt-live,1798.5,215,1799.49,70,"溢价求购:买一高于卖一,多为定向收特定图案,买一价不可作退出价",11,0,9,5,6,5,6,0,-0.008923591745677584,-0.0045019696117051256,-0.001837109614206911,-0.013385387618516487,0.013385387618516487,0.05297619047619051,0.0357045516489507,-0.0357045516489507,-0.10629032176579656,0.37,8,左侧观察,买一异常溢价(不作为可成交退出价),42,0,0
135,USP-S | Road Rash (Factory New),900.0,852.0,166,12,0.0723,0.9467,steamdt-live,912.99,57,914.54,63,,7,9,7,2,8,7,2,0,-0.04008570192196059,-0.010434419289931718,0.041175824175824216,-0.05010185019050739,0.051123364505687996,0.011235955056179803,0.07216494845360821,-0.07216494845360821,-0.27242154278969755,0.38,4,左侧观察,,42,0,0
136,Glock-18 | Reactor (Factory New),427.84,392.0,225,16,0.0711,0.9162,steamdt-live,400.0,55,434.49,106,,7,6,7,2,10,10,0,0,0.023761904761904873,-0.023210381878226882,-0.0625,0.0,0.061976549413735316,0.050000000000000044,0.08246859639541237,-0.08430898031264311,-0.20889056319457522,0.2,14,左侧观察,,42,0,0
137,MP9 | Food Chain (Factory New),96.99,89.0,214,14,0.0654,0.9176,steamdt-live,99.85,132,101.88,104,,7,6,7,2,4,10,6,0,0.0,-0.00010309278350517648,-0.014427961796382838,-0.00010309278350517648,0.014529567161146173,0.0002062493554706446,0.01782278481012667,-0.01782278481012667,-0.14130146082337325,0.25,4,左侧观察,,42,0,0
138,MP9 | Deadly Poison (Factory New),58.07,53.0,266,15,0.0564,0.9127,steamdt-live,52.93,58,52.83,48,,3,6,9,2,8,6,3,5,-0.023961953539418324,-0.009932533733133408,-0.028952042628774377,-0.03365648436070978,0.06989436619718303,0.07816326530612239,0.07152899824253078,-0.024556868537666143,0.10062499999999996,0.38,12,左侧观察,,42,0,0
139,Five-SeveN | Berries And Cherries (Factory New),540.0,526.0,284,16,0.0563,0.9741,steamdt-live,583.45,124,550.0,151,,3,12,9,2,10,4,2,0,-0.028268551236749095,-0.018181818181818188,0.0008487763474325227,-0.04593639575971731,0.04677846425419241,0.0,0.08406269082027262,-0.08437330439500812,-0.2775919732441472,0.38,11,左侧观察,,42,0,0
140,★ Sport Gloves | Big Game (Field-Tested),817.5,951.0,767,38,0.0495,1.1633,steamdt-live,839.5,583,839.5,162,"溢价求购:买一高于卖一,多为定向收特定图案,买一价不可作退出价",3,0,12,5,4,7,6,5,-0.0030487804878048808,0.0,-0.012048192771084376,-0.0030487804878048808,0.025625744934445804,0.0092592592592593,0.0267857142857143,-0.020958083832335328,-0.0880085676993273,0.37,9,左侧观察,买一异常溢价(不作为可成交退出价),42,0,0
141,MP9 | Setting Sun (Factory New),259.9,225.0,89,8,0.0899,0.8657,steamdt-live,275.0,20,270.75,65,,7,3,4,2,6,10,6,3,-0.03703703703703709,-0.00038461538461542766,0.0038294233557645274,-0.037407407407407445,0.037407407407407445,0.0073643410852712865,0.037407407407407445,-0.020797227036395305,-0.08324514991181664,0.38,3,左侧观察,,41,0,0
142,P250 | Cartel (Factory New),192.19,180.0,80,7,0.0875,0.9366,steamdt-live,195.4,51,203.8,65,,7,9,4,2,10,5,4,0,-0.01658349715207419,-0.007739620707329475,-0.022227698373583182,-0.02419476788144559,0.04588467225234105,0.00728445808835021,0.08727015558698725,-0.06473742692883722,-0.274862344083605,0.12,22,左侧观察,,41,0,0
143,FAMAS | Rapid Eye Movement (Factory New),90.59,84.0,369,14,0.0379,0.9273,steamdt-live,96.89,170,95.1,156,,3,6,9,2,10,4,2,5,-0.011853448275861989,-0.012104689203925822,-0.06526994359387595,-0.023814655172413768,0.08753021756647861,0.006555555555555648,0.13144774688398841,-0.12894230769230763,-0.19782165943504826,0.38,11,左侧观察,,41,0,0
144,Desert Eagle | Night (Factory New),549.5,471.0,23,3,0.1304,0.8571,steamdt-live,520.0,29,500.93,57,,8,3,2,2,10,8,4,3,-0.03388110013023826,-0.006938524671411317,-0.03471991125901275,-0.04058453995250133,0.07584311120950471,0.0,0.1005027832644999,-0.1005027832644999,-0.23334863789409244,0.21,15,左侧观察,,40,0,0
145,AWP | Graphite (Factory New),799.0,924.0,605,24,0.0397,1.1564,steamdt-live,820.0,429,819.36,324,"溢价求购:买一高于卖一,多为定向收特定图案,买一价不可作退出价",3,0,12,2,8,10,2,3,-0.008046971569839245,-0.004348963850016818,-0.02881152460984393,-0.012360939431396822,0.04081632653061229,0.0113924050632912,0.062206572769953006,-0.062206572769953006,-0.16643193222955988,0.37,12,左侧观察,买一异常溢价(不作为可成交退出价),40,0,0
146,AK-47 | Fuel Injector (Factory New),2209.9,3100.0,445,39,0.0876,1.4028,steamdt-live,2249.5,206,2239.22,136,"溢价求购:买一高于卖一,多为定向收特定图案,买一价不可作退出价",7,0,9,2,8,9,4,0,-0.01382222222222218,-0.004056063815404021,-0.020883467726143135,-0.017822222222222184,0.038124213815946884,0.0044999999999999485,0.07535564853556487,-0.07127547804160539,-0.1565267175572519,0.34,5,左侧观察,买一异常溢价(不作为可成交退出价),39,0,0
147,P250 | Bengal Tiger (Factory New),299.9,205.0,25,3,0.12,0.6836,steamdt-live,285.4,24,300.2,29,,8,1,2,2,8,6,6,5,-0.004513888888888928,-0.004534356470177969,-0.025380710659898442,-0.009027777777777857,0.01586206896551734,0.0,0.05963756177924229,-0.05963756177924229,-0.09396825396825403,0.36,5,左侧观察,,38,0,0
148,M4A4 | Eye of Horus (Factory New),3982.0,5160.0,298,32,0.1074,1.2958,steamdt-live,4044.6,142,4004.24,103,"溢价求购:买一高于卖一,多为定向收特定图案,买一价不可作退出价",11,0,9,2,6,4,6,0,-0.007687383063935793,-0.004251062765691427,-0.004943209876543175,-0.011905766281718577,0.016790123456790096,0.0005025125628139726,0.04470823057509421,-0.04494422445489632,-0.23393612928049246,0.3,7,左侧观察,买一异常溢价(不作为可成交退出价),38,0,0
149,AK-47 | Vulcan (Factory New),3599.5,5750.0,874,39,0.0446,1.5974,steamdt-live,3599.0,714,3678.0,191,"溢价求购:买一高于卖一,多为定向收特定图案,买一价不可作退出价",3,0,12,2,4,10,6,0,-0.0005571030640668662,0.0032051282051281937,-0.013733554213060994,0.002646239554317642,0.011123656933123338,0.013943661971830945,0.016530054644808723,-0.01383561643835618,-0.06421422072013516,0.21,10,左侧观察,买一异常溢价(不作为可成交退出价),37,0,0
150,★ Hand Wraps | Desert Shamagh (Field-Tested),227.99,257.0,251,25,0.0996,1.1272,steamdt-live,242.0,203,228.15,209,"溢价求购:买一高于卖一,多为定向收特定图案,买一价不可作退出价",7,0,9,5,4,7,4,0,-0.021364605543710002,-0.005839034380583086,0.02178649237472774,-0.027078891257995674,0.029148936170212747,0.0007017851660160446,0.029148936170212747,-0.011396134847040496,-0.06907948425004085,0.38,14,左侧观察,买一异常溢价(不作为可成交退出价),36,0,0
151,Glock-18 | Fully Tuned (Factory New),1049.5,2210.0,61,36,0.5902,2.1058,steamdt-live,1044.57,57,1137.58,21,"溢价求购:买一高于卖一,多为定向收特定图案,买一价不可作退出价",20,0,4,2,2,4,2,0,-0.008479857976543492,-0.005171428571428605,-1.8885741265295408e-05,-0.013607433568150529,0.013626062322946275,0.015249591789129768,0.01455660377358492,-0.01455660377358492,-0.004223069590085893,0.38,4,左侧观察,买一异常溢价(不作为可成交退出价),34,0,0
152,★ Specialist Gloves | Field Agent (Minimal Wear),1732.0,2920.0,341,34,0.0997,1.6859,steamdt-live,1760.0,268,1771.34,65,"溢价求购:买一高于卖一,多为定向收特定图案,买一价不可作退出价",7,0,9,5,6,5,2,0,-0.013441681086644341,-0.007227976453190066,0.010502857142857147,-0.02057250138544886,0.028189244995062368,0.012865497076023358,0.04809013465237699,-0.04809013465237699,-0.08379179009733395,0.38,17,左侧观察,买一异常溢价(不作为可成交退出价),34,0,0
153,MP9 | Dry Season (Factory New),2300.0,55.0,2,4,2.0,0.0239,steamdt-live,3888.0,1,679.0,2,,8,1,2,2,8,5,6,0,-0.005839416058394109,-0.002936857562408246,-0.005805515239477477,-0.008759124087591275,0.05538320279350584,0.0,0.06349994483063004,-0.06349994483063004,-0.028612303290414864,0.2,6,左侧观察,,32,0,0
154,★ Driver Gloves | Imperial Plaid (Field-Tested),896.0,1300.0,417,40,0.0959,1.4509,steamdt-live,868.0,347,902.0,196,"溢价求购:买一高于卖一,多为定向收特定图案,买一价不可作退出价",7,0,9,5,4,5,2,0,0.0005734142229663064,-0.005123385331300856,-0.00856168277430358,-0.0045529089303530945,0.013075611142694732,0.015204678362572999,0.02417088251826871,-0.019209039548022555,-0.1067109880723276,0.37,5,左侧观察,买一异常溢价(不作为可成交退出价),32,0,0
155,P250 | Red Rock (Factory New),239.9,126.0,8,2,0.25,0.5252,steamdt-live,240.0,8,235.8,14,,8,1,2,2,6,6,4,0,-0.026523356083207328,-0.010075566750629594,0.0,-0.03633168498916994,0.03755102040816327,0.0,0.049193548387096775,-0.049193548387096775,-0.16971830985915493,0.19,9,左侧观察,,29,0,0
156,★ Driver Gloves | Lunar Weave (Field-Tested),3889.0,3740.0,293,75,0.256,0.9617,steamdt-live,3966.0,20,3918.71,80,,17,12,9,5,10,10,4,5,-0.0002607561929596214,0.014345331246739645,-0.04554267183342908,0.014080834419817556,0.046696899129795355,0.0296531638866826,0.12003222098527422,-0.12003222098527422,-0.37761062655037214,0.38,4,长期阴跌,,72,0,0
157,★ Specialist Gloves | Foundation (Field-Tested),4686.0,4500.0,335,60,0.1791,0.9603,steamdt-live,5000.0,39,4985.76,65,,14,12,9,5,10,20,2,0,-0.03129657228017879,0.03296483516483506,-0.05843251164179941,0.0006365765382159161,0.057833131869563736,0.05867791120151189,0.13919439412892698,-0.13919439412892698,-0.35612165216795677,0.38,15,长期阴跌,,72,0,0
158,★ Driver Gloves | Diamondback (Field-Tested),2486.0,2400.0,319,52,0.163,0.9654,steamdt-live,2770.0,22,2626.0,56,,14,12,9,5,10,10,6,5,0.03662551440329209,-0.013100436681222738,-0.0821529745042493,0.023045267489711918,0.06100094428706326,0.023045267489711918,0.12093352192362095,-0.12093352192362095,-0.3326174496644295,0.38,6,长期阴跌,,71,0,0
159,Glock-18 | Steel Disruption (Factory New),218.0,212.0,375,28,0.0747,0.9725,steamdt-live,224.18,76,216.8,94,,7,12,9,2,10,20,6,5,-0.03749999999999998,0.04276094276094278,-0.040000000000000036,0.003657407407407387,0.04707692307692313,0.04729468599033804,0.08096994361778798,-0.08275862068965523,-0.35725933173233726,0.24,9,长期阴跌,,71,0,0
160,★ Moto Gloves | Boom! (Field-Tested),2779.5,2720.0,262,47,0.1794,0.9786,steamdt-live,3013.9,31,2947.9,62,,14,12,9,5,10,14,6,0,-0.03508771929824561,0.010727272727272696,-0.05940594059405946,-0.024736842105263168,0.09680249561318,0.010911074740862059,0.1446376365594707,-0.14476923076923076,-0.32024944974321345,0.34,11,长期阴跌,,70,0,0
161,★ Hydra Gloves | Case Hardened (Minimal Wear),519.5,527.0,129,20,0.155,1.0144,steamdt-live,515.99,114,540.0,83,,14,15,7,5,8,10,6,5,0.011811023622047223,0.0038715953307393303,-0.022136669874879722,0.015728346456692854,0.0056271800504903435,0.01672906403940888,0.054963369963369924,-0.05148897058823532,-0.11792057712361326,0.37,3,回撤不明显,,70,0,0
162,Glock-18 | Ramese's Reach (Factory New),359.5,348.0,520,43,0.0827,0.968,steamdt-live,383.48,106,372.31,190,,7,12,12,2,10,16,6,5,-0.005552486187845318,-0.0013611489208034122,-0.042328042328042326,-0.006906077348066253,0.04894179894179895,0.0041899441340782495,0.12317073170731707,-0.1214350301815782,-0.3242481203007519,0.38,8,长期阴跌,,70,0,0
163,M4A4 | Griffin (Factory New),445.37,434.0,544,33,0.0607,0.9745,steamdt-live,450.79,47,452.22,145,,7,12,12,2,10,20,2,5,-0.01148314606741574,0.012457659869512971,-0.045064377682403456,0.0008314606741572916,0.044270386266094364,0.04546948356807512,0.17446106507998294,-0.17446106507998294,-0.43373172282263195,0.38,13,长期阴跌,,70,0,0
164,★ Sport Gloves | Arid (Field-Tested),5640.0,5460.0,372,61,0.164,0.9681,steamdt-live,5688.0,61,5643.0,92,,14,12,9,5,10,10,6,3,-0.022389349930843738,-0.0025643292952515218,-0.030410315468676896,-0.024896265560165998,0.0545494777391663,0.0071428571428571175,0.11404335532516496,-0.10476190476190472,-0.3056752431367721,0.38,13,长期阴跌,,69,0,0
165,M4A1-S | Flashback (Factory New),736.0,713.0,792,95,0.1199,0.9688,steamdt-live,760.0,61,748.17,106,,11,12,12,2,10,20,2,0,-0.06504065040650409,0.06739130434782603,-0.06257145034677236,-0.002032520325203291,0.0644767929273683,0.06739130434782603,0.14559164733178653,-0.14559164733178653,-0.3539473684210527,0.38,21,长期阴跌,,69,0,0
166,★ Hand Wraps | Leather (Field-Tested),3460.0,3340.0,301,62,0.206,0.9653,steamdt-live,3729.78,25,3554.59,71,,17,12,9,5,10,9,2,3,-0.0209593473062315,-0.005747126436781658,-0.03880475932936722,-0.026586017724011812,0.06486486486486487,0.01764705882352935,0.11587414749570069,-0.11587414749570069,-0.32023575638506874,0.34,8,长期阴跌,,67,0,0
167,Galil AR | Stone Cold (Factory New),117.98,116.0,347,26,0.0749,0.9832,steamdt-live,119.87,142,124.35,110,,7,12,9,2,10,20,4,3,-0.036112990527740196,0.035184697727472125,-0.055591054313099075,-0.0021989174560215208,0.05766773162939298,0.0403880070546736,0.1531725523973585,-0.1508564848135886,-0.3774142480211081,0.38,8,长期阴跌,,67,0,0
168,USP-S | Cyrex (Factory New),190.0,184.0,3237,134,0.0414,0.9684,steamdt-live,195.0,437,195.0,491,,3,12,15,2,10,20,2,3,-0.03017377567140611,0.028940652657870602,-0.07365853658536581,-0.002106371774618254,0.08009708737864074,0.049861495844875314,0.17100485585546177,-0.15774034401528958,-0.4699300699300699,0.14,19,长期阴跌,,67,0,0
169,Galil AR | Cerberus (Factory New),948.49,903.0,286,27,0.0944,0.952,steamdt-live,958.73,67,957.48,101,,7,9,9,2,10,20,6,3,-0.03311965811965811,0.04805524861878463,-0.014218009478673022,0.013344017094017113,0.0005268759417907942,0.05154101995565408,0.11521455223880595,-0.1135607476635514,-0.3225023035878828,0.37,11,长期阴跌,,66,0,0
170,Tec-9 | Blue Titanium (Factory New),181.0,169.0,526,34,0.0646,0.9337,steamdt-live,183.0,58,180.32,111,,7,9,12,2,10,18,3,5,-0.02209944751381221,0.018757062146892656,-0.021833117163856386,-0.003756906077348132,0.03936923978477447,0.060705882352941165,0.12385209659394592,-0.1127730761661091,-0.3450768169106163,0.38,7,长期阴跌,,66,0,0
171,AWP | POP AWP (Factory New),184.5,176.0,1310,69,0.0527,0.9539,steamdt-live,182.25,342,188.46,290,,3,9,15,2,10,20,2,5,-0.01088397790055251,0.017985812433670256,-0.08999497234791354,0.006906077348066253,0.08371040723981904,0.04813664596273304,0.19713656387665202,-0.19536423841059603,-0.46397058823529413,0.38,11,长期阴跌,,66,0,0
172,★ Driver Gloves | Convoy (Minimal Wear),2844.0,2800.0,123,32,0.2602,0.9845,steamdt-live,3486.0,33,3032.35,32,,17,12,7,5,10,5,4,5,-0.013869863013698636,-0.012328529258551879,-0.06709265175718848,-0.02602739726027392,0.09999999999999998,0.0,0.13805121988180025,-0.13805121988180025,-0.322615219721329,0.38,5,长期阴跌,,65,0,0
173,★ Driver Gloves | Lunar Weave (Minimal Wear),4188.85,3870.0,150,29,0.1933,0.9239,steamdt-live,4498.5,21,4193.88,50,,14,6,7,5,10,20,3,0,-0.04390243902439028,0.06858418367346952,-0.04194415235424698,0.02167073170731726,0.021182381119289606,0.07406410256410267,0.10494658119658107,-0.10494658119658107,-0.34344043887147335,0.38,13,长期阴跌,,65,0,0
174,Glock-18 | Royal Legion (Factory New),234.0,216.0,407,52,0.1278,0.9231,steamdt-live,239.95,67,224.17,107,,11,6,9,2,10,20,4,3,-0.008057174071376627,0.02872745628929363,-0.01928571428571424,0.020438820101966515,0.0036888888888889637,0.03724782528225057,0.1177882723337269,-0.10332000000000008,-0.30894910447301094,0.38,12,长期阴跌,,65,0,0
175,FAMAS | Pulse (Factory New),148.75,145.0,621,48,0.0773,0.9748,steamdt-live,146.04,244,145.46,184,,7,12,12,2,10,16,6,0,-0.023648648648648685,0.006643598615917012,-0.04200919153343263,-0.017162162162162153,0.05545454545454542,0.039000000000000146,0.19564255695642552,-0.19564255695642552,-0.40382802573875975,0.25,11,长期阴跌,,65,0,0
176,Galil AR | Blue Titanium (Factory New),103.48,94.0,928,41,0.0442,0.9084,steamdt-live,98.58,119,99.46,248,,3,6,15,2,10,20,4,5,-0.02227873855544249,0.02569971907189683,-0.021695859872611578,0.002848423194303118,0.019689737470167112,0.027517198248905528,0.1758903193445912,-0.1758903193445912,-0.4755546097781561,0.38,7,长期阴跌,,65,0,0
177,MP9 | Sand Scale (Factory New),32.0,30.2,894,31,0.0347,0.9437,steamdt-live,29.98,237,30.34,219,,3,9,12,2,8,20,6,5,-0.016540317022742945,0.05045550105115626,-0.08454258675078863,0.03308063404548589,0.00033344448149374983,0.055633802816901445,0.079521031624194,-0.06778606965174117,-0.47403508771929825,0.28,13,长期阴跌,,65,0,0
178,USP-S | Orange Anolis (Factory New),453.0,436.0,257,55,0.214,0.9625,steamdt-live,459.0,53,460.0,85,,17,12,9,2,4,20,0,0,-0.00790123456790126,0.12618218018914873,-0.023249083542350002,0.11728395061728403,0.016304347826086918,0.16025641025641035,0.016304347826086918,0.06470588235294117,-0.3442028985507246,0.38,14,长期阴跌,,64,0,0
179,M4A1-S | Golden Coil (Factory New),1499.49,1440.0,351,61,0.1738,0.9603,steamdt-live,1495.0,100,1538.0,133,,14,12,9,2,8,10,6,3,-0.00979729729729728,0.020129648584100934,-0.006711409395973145,0.010135135135135087,0.006637917859919296,0.025025711347274493,0.07085146053449343,-0.0714285714285714,-0.13433700057903875,0.37,7,回撤不明显,,64,0,0
180,AWP | Atheris (Factory New),168.3,156.0,592,52,0.0878,0.9269,steamdt-live,162.26,315,169.94,270,,7,6,12,2,10,20,2,5,-0.01967045599693451,0.05706840390879475,-0.06172099712368162,0.03627538638395689,0.030589078742980114,0.07456953642384101,0.16900542865922363,-0.16900542865922363,-0.46782551656280746,0.33,14,长期阴跌,,64,0,0
181,Glock-18 | Water Elemental (Factory New),263.3,258.0,665,54,0.0812,0.9799,steamdt-live,274.49,279,275.6,323,,7,12,12,2,10,10,6,5,0.010990291262135798,0.03330388353243974,-0.05296064729680017,0.044660194174757306,0.010665685913938905,0.044660194174757306,0.11044973544973535,-0.11044973544973535,-0.3533653846153846,0.38,13,长期阴跌,,64,0,0
182,★ Moto Gloves | Cool Mint (Field-Tested),5759.5,5470.0,313,69,0.2204,0.9497,steamdt-live,5986.46,43,6123.3,94,,17,9,9,5,10,10,0,3,0.01998199819981994,0.016501941404871268,-0.07416666666666671,0.036813681368136786,0.04008333333333336,0.06657407407407412,0.10497280497280492,-0.10497280497280492,-0.348472850678733,0.34,9,长期阴跌,,63,0,0
183,M4A4 | Hellfire (Factory New),1860.0,1820.0,634,58,0.0915,0.9785,steamdt-live,1870.0,73,1880.0,113,,7,12,12,2,10,18,2,0,-0.01866666666666672,0.010869565217391353,-0.041900868676545744,-0.008000000000000007,0.04956566172713339,0.03333333333333344,0.13448115402512795,-0.13448115402512795,-0.3236363636363636,0.38,13,长期阴跌,,63,0,0
184,AWP | Sun in Leo (Factory New),427.68,415.0,1171,66,0.0564,0.9704,steamdt-live,425.05,475,450.0,311,,3,12,15,2,10,20,1,0,-0.05411764705882349,0.057338308457711484,-0.06777802149594203,0.00011764705882355564,0.06582417582417577,0.07743979721166028,0.1456281407035176,-0.1471538353498264,-0.32957413249211354,0.37,17,长期阴跌,,63,0,0
185,Five-SeveN | Boost Protocol (Factory New),59.1,57.0,1343,67,0.0499,0.9645,steamdt-live,59.78,280,61.4,272,,3,12,15,2,10,10,6,5,0.016949152542372836,-0.01666666666666672,-0.05901116427432218,0.0,0.05901116427432218,0.0,0.14492753623188404,-0.14492753623188404,-0.3586956521739131,0.38,14,长期阴跌,,63,0,0
186,M4A1-S | Player Two (Factory New),968.99,958.0,439,88,0.2005,0.9887,steamdt-live,999.0,134,977.9,157,,17,12,9,2,8,10,4,0,-0.010780287474332684,0.005179034769071,-0.002049180327868827,-0.005657084188911643,0.009217391304347844,0.013064853556485456,0.06426086956521737,-0.0592617775619233,-0.11795081967213117,0.24,17,回撤不明显,,62,0,0
187,★ Bloodhound Gloves | Snakebite (Minimal Wear),1224.0,1150.0,148,25,0.1689,0.9395,steamdt-live,1438.0,16,1257.51,49,,14,9,7,5,6,10,6,5,0.026145439260193193,0.002785515320334442,-0.032533550223668106,0.029003783102143688,0.004068348250610199,0.03728813559322042,0.049682062748934386,-0.049682062748934386,-0.25795695665353136,0.15,6,回撤不明显,,62,0,0
188,FAMAS | Eye of Athena (Factory New),184.0,173.0,319,33,0.1034,0.9402,steamdt-live,169.15,93,177.69,104,,11,9,9,2,10,10,6,5,0.011164179104477645,-0.001298931333766351,-0.0428024458540488,0.009850746268656785,0.03337333561917821,0.014514484495891766,0.18595697579286774,-0.18791108550578517,-0.40162020659402853,0.37,7,长期阴跌,,62,0,0
189,AK-47 | Blue Laminate (Factory New),155.0,147.0,1248,49,0.0393,0.9484,steamdt-live,154.18,691,156.6,378,,3,9,15,2,10,20,0,3,-0.039410487532074545,0.05602739726027406,-0.08988023952095803,0.014408842687018808,0.0767664670658682,0.10128571428571442,0.1528105939886807,-0.15047661028155823,-0.3800064339713688,0.38,16,长期阴跌,,62,0,0
190,★ Specialist Gloves | Emerald Web (Field-Tested),7577.0,7190.0,374,50,0.1337,0.9489,steamdt-live,8000.0,83,7799.5,94,,11,9,9,5,10,10,2,5,0.0014022435897436125,6.668000266718543e-05,-0.05514195583596215,0.0014690170940170333,0.05375394321766558,0.027401013837512034,0.09519787644787647,-0.09519787644787647,-0.3210502489814395,0.13,11,长期阴跌,,61,0,0
191,USP-S | Black Lotus (Factory New),138.2,135.0,622,52,0.0836,0.9768,steamdt-live,145.38,135,140.44,175,,7,12,12,2,10,10,3,5,0.026666666666666616,-0.0028860028860029363,-0.0625,0.02370370370370356,0.04027777777777786,0.06307692307692303,0.16369137670196676,-0.16369137670196676,-0.409704425081155,0.38,17,长期阴跌,,61,0,0
192,Desert Eagle | Starcade (Factory New),1080.0,1070.0,599,43,0.0718,0.9907,steamdt-live,1109.88,160,1099.5,180,,7,15,12,2,10,10,2,3,-0.0013774104683195176,0.00045977011494247044,-0.05836575875486383,-0.0009182736455464191,0.05923043666234329,0.026415094339622636,0.10783107831078309,-0.10082644628099169,-0.30656027125730567,0.38,12,长期阴跌,,61,0,0
193,Glock-18 | Ironwork (Factory New),202.22,195.0,639,41,0.0642,0.9643,steamdt-live,220.0,55,210.5,103,,7,12,12,2,8,20,0,0,-0.027027027027026973,0.12344444444444447,-0.05976824557836957,0.09308108108108115,0.059441860465116236,0.12344444444444447,0.059441860465116236,-0.05016439643024895,-0.36608150470219436,0.34,13,长期阴跌,,61,0,0
194,AWP | Acheron (Factory New),45.0,42.3,2520,63,0.025,0.94,steamdt-live,43.0,576,45.23,524,,3,9,15,2,10,20,2,0,-0.026726057906458656,0.027231121281464432,-0.07746044791452644,-0.0002227171492203972,0.07766591329361006,0.04395348837209312,0.2246977547495682,-0.2246977547495682,-0.5274736842105263,0.38,15,长期阴跌,,61,0,0
195,M4A4 | Red DDPAT (Factory New),914.0,906.0,158,77,0.4873,0.9912,steamdt-live,928.99,29,976.63,25,,20,15,7,2,6,10,0,0,0.01723434631858045,0.14536340852130336,-0.028086477110822017,0.16510299816438923,0.03688092729188619,0.16659008526063213,0.03688092729188619,0.22869279991396452,-0.24773662551440334,0.38,14,反弹较远,,60,0,0
196,★ Moto Gloves | Cool Mint (Minimal Wear),6499.5,6200.0,162,28,0.1728,0.9539,steamdt-live,6900.0,38,6678.25,53,,14,9,7,5,10,8,2,5,7.626019980166987e-05,-0.008769254232118384,-0.04491165815222864,-0.008693662777396471,0.05321487411887593,0.00861266294227181,0.1034925101382107,-0.1034925101382107,-0.3047540297951862,0.38,4,长期阴跌,,60,0,0
197,M4A1-S | Atomic Alloy (Factory New),980.0,964.0,595,52,0.0874,0.9837,steamdt-live,987.65,98,979.8,96,,7,12,12,2,6,10,6,5,-0.0026491044760367233,0.03652987364811944,-0.02725760749045214,0.0337839977202925,0.0003061849357011148,0.04148945219462408,0.04716971954980109,-0.039705882352941146,-0.12894619831036014,0.16,7,回撤不明显,,60,0,0
198,Desert Eagle | Night Heist (Factory New),488.0,466.0,780,55,0.0705,0.9549,steamdt-live,492.0,145,491.18,176,,7,9,12,2,10,20,0,0,-0.013780617678381346,0.053927391313737916,-0.07451212300413956,0.03940362087326954,0.035573122529644285,0.10783200908059021,0.13628318584070798,-0.13012477718360071,-0.41618414126429626,0.28,11,长期阴跌,,60,0,0
199,Tec-9 | Ossified (Factory New),62.6,57.0,529,24,0.0454,0.9105,steamdt-live,63.99,63,62.7,183,,3,6,12,2,10,18,4,5,-0.015262321144674074,0.01065547303842429,-0.01979117967897781,-0.004769475357710662,0.024466261492909425,0.022541653054557464,0.14022799066062352,-0.12090998455273128,-0.5132192846034214,0.29,14,长期阴跌,,60,0,0
200,★ Hand Wraps | Overprint (Field-Tested),646.3,661.0,799,30,0.0375,1.0227,steamdt-live,645.0,769,652.0,267,,3,15,12,5,4,10,6,5,0.0,0.005455962587685104,-0.010030864197530853,0.005455962587685104,0.0050902360018508785,0.008600469116497367,0.02464841977922272,-0.03153153153153154,-0.0908450207907534,0.28,18,回撤不明显,,60,0,0
201,★ Driver Gloves | Crimson Weave (Field-Tested),6688.0,6320.0,266,45,0.1692,0.945,steamdt-live,6792.37,23,6699.5,61,,14,9,9,5,10,10,2,0,0.01976563130233089,-0.0029627528974529582,-0.04787859201752953,0.01674431772346696,0.05920395697688996,0.04375163086192324,0.0910946322879107,-0.0910946322879107,-0.3032950597570502,0.38,12,长期阴跌,,59,0,0
202,M4A1-S | Briefing (Factory New),337.5,327.0,337,29,0.0861,0.9689,steamdt-live,344.5,63,341.15,116,,7,12,9,2,10,12,2,5,-0.01596516690856309,-0.004424778761061954,-0.06639566395663954,-0.020319303338171224,0.08536585365853655,0.022727272727272707,0.13439343421390093,-0.13439343421390093,-0.3620037807183365,0.38,12,长期阴跌,,59,0,0
203,M4A1-S | Nitro (Factory New),63.5,61.0,1463,39,0.0267,0.9606,steamdt-live,66.0,440,64.15,421,,3,12,15,2,10,8,4,5,-0.0017187499999999911,-0.0061042416653623865,-0.05016325319085779,-0.0078125,0.058980438648488454,0.0,0.16775884665792917,-0.15333333333333332,-0.4595284705081283,0.38,6,长期阴跌,,59,0,0
204,★ Specialist Gloves | Foundation (Minimal Wear),5400.0,5530.0,175,38,0.2171,1.0241,steamdt-live,5930.0,33,5600.0,57,,17,15,7,5,10,2,2,0,-0.02291703677384971,-0.018181818181818188,-0.026124567474048455,-0.04068218155977976,0.06574394463667821,0.0,0.1193723407898577,-0.11951449376974976,-0.29208087582705267,0.37,6,可能加速下跌,,58,0,0
205,AK-47 | B the Monster (Factory New),2190.0,2150.0,527,54,0.1025,0.9817,steamdt-live,2210.0,267,2220.0,166,,11,12,12,2,8,2,6,5,0.0,-0.013513513513513487,-0.017655648480021324,-0.013513513513513487,0.030930572149210134,0.0,0.0676883780332056,-0.05562742561448897,-0.15557800492772278,0.38,6,可能加速下跌,,58,0,0
206,USP-S | Caiman (Factory New),448.0,393.0,248,23,0.0927,0.8772,steamdt-live,461.09,53,413.1,107,,7,3,7,2,10,20,6,3,-0.025609756097561,0.03404255319148941,-0.0341578327444052,0.007560975609756104,0.026855123674911607,0.036975675879207914,0.13662298576713272,-0.12106382978723396,-0.3012516914749662,0.38,9,长期阴跌,,58,0,0
207,M4A1-S | Moss Quartz (Factory New),465.9,447.0,493,33,0.0669,0.9594,steamdt-live,474.99,129,475.23,205,,7,9,9,2,10,16,2,3,-0.02333382874371004,0.012826086956521765,-0.02788441692466459,-0.010807023503683788,0.03839009287925699,0.026279269555256946,0.09533980582524271,-0.09533980582524271,-0.3030665669409125,0.38,13,长期阴跌,,58,0,0
208,FAMAS | ZX Spectron (Factory New),135.52,128.0,615,41,0.0667,0.9445,steamdt-live,141.0,137,136.49,172,,7,9,12,2,10,16,2,0,-0.026728646135967482,0.011343283582089692,-0.043091465109813654,-0.01568855316676343,0.058103975535168106,0.030570342205323175,0.13571428571428568,-0.13571428571428568,-0.3500239808153477,0.28,8,长期阴跌,,58,0,0
209,Glock-18 | Nuclear Garden (Factory New),225.0,220.0,2629,83,0.0316,0.9778,steamdt-live,236.0,301,232.8,267,,3,12,15,2,10,9,4,3,-0.004361425613463199,-0.004424778761061954,-0.06971311475409836,-0.00876690603110275,0.07786885245901642,0.00842595912513433,0.16319547753644748,-0.16666666666666663,-0.4346733668341709,0.32,17,长期阴跌,,58,0,0
210,Tec-9 | Re-Entry (Factory New),38.78,38.1,914,28,0.0306,0.9825,steamdt-live,37.06,220,37.55,258,,3,12,15,2,10,10,6,0,-0.012806830309498363,0.0013513513513512265,-0.010559662090813271,-0.011472785485592274,0.021911298838437343,0.029166666666666563,0.11321206318812838,-0.11321206318812838,-0.3558762169680112,0.38,7,长期阴跌,,58,0,0
211,AK-47 | Phantom Disruptor (Factory New),120.0,116.0,1618,43,0.0266,0.9667,steamdt-live,123.69,330,131.0,556,,3,12,15,2,10,14,2,0,-0.02742857142857147,0.0072183985227463054,-0.04222048475371387,-0.020408163265306145,0.07264296754250388,0.03555402140144981,0.14212181870174434,-0.1392296105013987,-0.3510005408328827,0.36,17,长期阴跌,,58,0,0
212,M4A4 | Global Offensive (Factory New),286.38,272.0,334,35,0.1048,0.9498,steamdt-live,293.9,99,288.9,154,,11,9,9,2,10,10,6,0,-0.04935374149659866,0.024652044795878236,-0.019673224408136014,-0.025918367346938753,0.045399999999999996,0.024652044795878236,0.12330863895181543,-0.12293274531422271,-0.31488038277511965,0.27,5,长期阴跌,,57,0,0
213,Tec-9 | Bamboozle (Factory New),38.8,37.0,696,32,0.046,0.9536,steamdt-live,36.77,205,36.53,179,,3,9,12,2,10,10,6,5,-0.0005526388505110447,0.0099529997235277,-0.01550598476605003,0.009394860458690424,0.008145533532446292,0.04371428571428582,0.14828631382606672,-0.1502675040707141,-0.4472688757754577,0.29,6,长期阴跌,,57,0,0
214,AWP | Phobos (Factory New),33.8,31.6,1476,30,0.0203,0.9349,steamdt-live,34.0,402,35.47,531,,3,9,15,2,10,9,4,5,0.02088849661665204,-0.025936599423631246,-0.03983050847457614,-0.005589879376287299,0.04761904761904778,0.0,0.10700132100396309,-0.10700132100396309,-0.31328728159284847,0.38,12,长期阴跌,,57,0,0
215,M4A1-S | Glitched Paint (Factory New),32.89,31.8,1469,21,0.0143,0.9669,steamdt-live,33.19,846,32.84,728,,3,12,15,2,4,10,6,5,0.010104102878138566,-0.004546832373446441,-0.01329305135951675,0.005511328842621177,0.009650180940892428,0.026250000000000107,0.029263966893289806,-0.011438892233594067,-0.13578947368421046,0.32,8,回撤不明显,,57,0,0
216,M4A4 | Royal Paladin (Factory New),1255.0,1230.0,317,50,0.1577,0.9801,steamdt-live,1298.9,89,1288.9,80,,14,12,9,2,10,0,4,5,-0.005468750000000022,-0.01806755695208173,-0.01158301158301156,-0.0234375,0.03474903474903479,0.0,0.09407160458037389,-0.0808147657916024,-0.19247516053593816,0.38,11,可能加速下跌,,56,0,0
217,FAMAS | Cyanospatter (Factory New),34.9,34.6,269,28,0.1041,0.9914,steamdt-live,36.14,59,36.12,89,,11,15,9,2,10,0,6,3,-0.0031810294968189767,0.012474615607774853,-0.0028835063437140374,0.009253903990746215,0.0,0.026470588235294024,0.17278976060677886,-0.17278976060677886,-0.534542544678581,0.38,7,长期阴跌,,56,0,0
218,★ Specialist Gloves | Forest DDPAT (Minimal Wear),1729.0,1660.0,167,27,0.1617,0.9601,steamdt-live,1999.3,22,1727.39,56,,14,12,7,5,10,5,2,0,-0.022371364653243853,-0.011790617848970175,-0.017042330951071993,-0.033898210290827735,0.0498404840484048,0.017308598351001292,0.12736044455670614,-0.12758080808080807,-0.3353636013851481,0.14,9,长期阴跌,,55,0,0
219,Tec-9 | Toxic (Factory New),149.49,142.0,259,27,0.1042,0.9499,steamdt-live,156.5,86,150.14,112,,11,9,9,2,10,10,4,0,-0.034170385665756364,0.030965517241379414,0.007583892617449628,-0.004262972090854467,0.00432929266018367,0.038124999999999964,0.1048502994011975,-0.1086399141374993,-0.4091304347826087,0.29,10,长期阴跌,,55,0,0
220,AWP | Mortis (Factory New),68.39,64.0,986,31,0.0314,0.9358,steamdt-live,69.36,335,72.78,399,,3,9,15,2,10,5,6,5,-0.008802308802308811,-0.004367447954578552,-0.006024096385542244,-0.013131313131313105,0.013131313131313105,0.006327251324308447,0.08065600215082669,-0.08065600215082669,-0.3226030110935023,0.33,6,长期阴跌,,55,0,0
221,Tec-9 | Flash Out (Factory New),21.7,19.7,909,19,0.0209,0.9078,steamdt-live,18.87,213,19.71,115,,3,6,15,2,10,8,6,5,0.008989952406134316,-0.011006289308175932,-0.008909853249475796,-0.0021152829190903555,0.011006289308175932,0.04833333333333334,0.1855848079413034,-0.1855848079413034,-0.5018479408658922,0.38,11,长期阴跌,,55,0,0
222,★ Driver Gloves | Dragon Fists (Field-Tested),600.5,738.0,92,29,0.3152,1.229,steamdt-live,601.49,104,620.0,31,"溢价求购:买一高于卖一,多为定向收特定图案,买一价不可作退出价",20,0,4,5,4,10,6,5,0.015254237288135686,0.0033388981636059967,-0.015846538782318564,0.01864406779661021,0.0016445455904583461,0.01864406779661021,0.021013194331324314,-0.021013194331324314,-0.0542433159708563,0.2,6,回撤不明显,买一异常溢价(不作为可成交退出价),54,0,0
223,★ Moto Gloves | Smoke Out (Minimal Wear),1158.47,2010.0,151,37,0.245,1.735,steamdt-live,1162.0,128,1180.0,67,"溢价求购:买一高于卖一,多为定向收特定图案,买一价不可作退出价",17,0,7,5,4,10,6,5,0.01043478260869568,-0.003468158347676442,-0.012451696006869906,0.006930434782608685,0.005607556891369714,0.006930434782608685,0.016585987261146462,-0.016585987261146462,-0.0882125984251968,0.15,5,回撤不明显,买一异常溢价(不作为可成交退出价),54,0,0
224,Five-SeveN | Angry Mob (Factory New),485.5,476.0,235,49,0.2085,0.9804,steamdt-live,485.0,78,484.8,111,,17,12,7,2,0,10,6,0,-0.008510638297872353,0.040343347639484994,-0.002123142250530785,0.03148936170212768,0.0,0.042580645161290454,0.0,0.022806388320428805,0.022288762836598197,0.38,13,回撤不明显,,54,0,0
225,★ Moto Gloves | Boom! (Minimal Wear),3050.0,2880.0,150,30,0.2,0.9443,steamdt-live,3300.0,26,3093.52,53,,17,9,7,5,10,0,6,0,0.0004904364884747991,-0.0032679738562091387,0.002786885245901649,-0.002779140101356825,0.042386185243328045,0.03389830508474567,0.09009546539379476,-0.09009546539379476,-0.2535834114419545,0.38,8,可能加速下跌,,54,0,0
226,M4A1-S | Basilisk (Factory New),167.0,156.0,565,54,0.0956,0.9341,steamdt-live,167.0,191,169.75,190,,7,9,12,2,10,10,4,0,-0.024242424242424288,0.037267080745341685,0.003039513677811634,0.0121212121212122,0.01764705882352946,0.05696202531645578,0.12091382849923671,-0.12091382849923671,-0.301255230125523,0.37,12,长期阴跌,,54,0,0
227,M4A4 | Urban DDPAT (Factory New),135.49,123.0,482,42,0.0871,0.9078,steamdt-live,133.5,102,130.49,140,,7,6,9,2,10,20,0,0,-0.025137039937353278,0.0481966423005864,-0.010077519379844913,0.02184808144087702,0.0,0.18627272727272737,0.10928327645051183,-0.10928327645051183,-0.3679953504141037,0.35,15,长期阴跌,,54,0,0
228,P250 | Crimson Kimono (Factory New),140.18,129.0,131,10,0.0763,0.9202,steamdt-live,139.0,63,140.89,94,,7,6,7,2,6,20,6,0,-0.043165467625899234,0.04511278195488733,-0.01940035273368612,0.0,0.01940035273368612,0.04511278195488733,0.03505727178063178,-0.0071428571428571175,-0.3956521739130435,0.38,7,长期阴跌,,54,0,0
229,Galil AR | Black Sand (Factory New),79.97,75.0,676,37,0.0547,0.9379,steamdt-live,79.99,196,75.62,118,,3,9,12,2,10,10,3,5,-0.026680896478121663,0.03645833333333348,-0.0004000533404454609,0.008804695837780319,0.014209359926997678,0.0802857142857143,0.17436401353859587,-0.17436401353859587,-0.4279446251607534,0.38,7,长期阴跌,,54,0,0
230,M4A1-S | Leaded Glass (Factory New),260.0,254.0,1125,61,0.0542,0.9769,steamdt-live,258.11,247,263.26,244,,3,12,15,2,10,9,0,3,-0.0038610038610038533,0.00042635658914735863,-0.06156020145657459,-0.0034362934362933695,0.05280733944954119,0.04076612903225807,0.14899439498846023,-0.13963333333333328,-0.30146143437077133,0.32,14,长期阴跌,,54,0,0
231,AWP | Printstream (Factory New),1030.3,1000.0,447,139,0.311,0.9706,steamdt-live,1023.0,346,1062.22,178,,20,12,9,2,8,0,2,0,-0.004739336492891044,-0.02571428571428569,-0.004716981132075526,-0.03033175355450235,0.03490566037735854,0.002941176470588225,0.06013137948458824,-0.05277777777777781,-0.11810344827586206,0.38,6,可能加速下跌,,53,0,0
232,★ Moto Gloves | Eclipse (Field-Tested),3030.3,2880.0,315,68,0.2159,0.9504,steamdt-live,3399.5,21,3150.0,67,,17,9,9,5,10,3,0,0,-0.02238095238095239,-0.01597661958110075,-0.021739130434782594,-0.03799999999999992,0.057868506387516505,0.06326315789473691,0.13489949555074032,-0.13171919770773632,-0.2701642329173921,0.29,10,可能加速下跌,,53,0,0
233,Desert Eagle | Naga (Factory New),148.5,144.0,283,36,0.1272,0.9697,steamdt-live,166.0,65,152.91,121,,11,12,9,2,10,4,2,3,-0.02768834513844176,-0.01655629139072845,-0.041358024691357964,-0.04378622021893119,0.07941231169797291,0.0033783783783782884,0.18406593406593408,-0.18406593406593408,-0.3888637392485288,0.25,6,长期阴跌,,53,0,0
234,Desert Eagle | The Bronze (Factory New),131.99,128.0,724,59,0.0815,0.9698,steamdt-live,138.0,167,136.66,191,,7,12,12,2,10,10,0,0,-0.03453183520599257,0.024051516797269246,-0.007287328970850604,-0.011310861423220908,0.029413927494668757,0.09082644628099179,0.08676399363453946,-0.08676399363453946,-0.4261304347826087,0.38,14,长期阴跌,,53,0,0
235,M4A4 | The Battlestar (Factory New),507.0,498.0,684,41,0.0599,0.9822,steamdt-live,515.0,93,514.4,202,,3,12,12,2,10,12,2,0,-0.02121504339440694,-0.0009852216748768017,-0.03264925373134331,-0.022179363548698205,0.05410447761194026,0.014000000000000012,0.12811693895098886,-0.12811693895098886,-0.30165289256198347,0.38,9,长期阴跌,,53,0,0
236,M4A4 | Desert-Strike (Factory New),437.59,431.0,891,38,0.0426,0.9849,steamdt-live,453.9,141,445.7,195,,3,12,12,2,10,10,4,0,-0.022118171683389143,-0.0022572848739113027,-0.030270270270270294,-0.024325529542920887,0.05377762401072528,0.008271889400921495,0.11237550457412937,-0.1132748383959149,-0.3026454183266932,0.29,17,长期阴跌,,53,0,0
237,AK-47 | Jet Set (Factory New),5498.91,4340.0,12,5,0.4167,0.7892,steamdt-live,5581.91,8,5846.22,10,,20,1,2,2,8,10,6,3,0.0,0.0,-0.051652090831797004,0.0,0.051652090831797004,0.0,0.05766518547968347,-0.04094912534663475,-0.31130189742626335,0.38,2,长期阴跌,,52,0,0
238,USP-S | Royal Blue (Factory New),571.5,521.0,44,7,0.1591,0.9116,steamdt-live,602.4,36,606.04,44,,14,6,4,2,6,9,6,5,-0.0008741258741258306,0.0,-0.00952380952380949,-0.0008741258741258306,0.00953206239168114,0.002631578947368318,0.03544303797468351,-0.03544303797468351,-0.045112781954887216,0.15,3,回撤不明显,,52,0,0
239,★ Bloodhound Gloves | Bronzed (Field-Tested),1219.5,1170.0,266,42,0.1579,0.9594,steamdt-live,1399.0,17,1224.8,71,,14,9,9,5,10,3,2,0,-0.038610038610038644,-0.02048192771084334,-0.0075259422755629135,-0.05830115830115834,0.0912816691505216,0.00041017227235440323,0.1586754053121766,-0.1586754053121766,-0.30710227272727275,0.15,8,长期阴跌,,52,0,0
240,AWP | LongDog (Factory New),2630.0,2510.0,352,41,0.1165,0.9544,steamdt-live,2687.21,129,2610.43,170,,11,9,9,2,10,8,0,3,0.009505703422053147,-0.016787193973634706,-0.047101449275362306,-0.007441064638783357,0.054192028985507346,0.04417199999999988,0.11450513739870216,-0.11099191510519912,-0.3130447368421053,0.33,8,长期阴跌,,52,0,0
241,AWP | Fade (Factory New),4050.0,3930.0,464,41,0.0884,0.9704,steamdt-live,4049.0,331,4100.0,191,,7,12,9,2,6,10,6,0,0.00925115639454921,0.0030967422271770406,-0.00842940374364698,0.012376547068383648,0.00012347203358442638,0.02506329113924055,0.03526328329759354,-0.03537820131030378,-0.17096302605661773,0.22,8,回撤不明显,,52,0,0
242,USP-S | Lead Conduit (Factory New),75.0,69.0,567,22,0.0388,0.92,steamdt-live,81.63,116,77.94,103,,3,6,12,2,10,10,4,5,-0.0014864864864865268,0.015022330491270885,-0.03883621249512914,0.013513513513513598,0.02584751266398222,0.027397260273972712,0.1248541423570595,-0.1248541423570595,-0.3825635959496172,0.15,6,长期阴跌,,52,0,0
243,AWP | Black Nile (Factory New),80.7,77.0,1055,38,0.036,0.9542,steamdt-live,79.84,255,86.72,412,,3,9,15,2,10,10,3,0,0.0323809523809524,-0.017958179581795797,-0.11616161616161613,0.013841269841269987,0.10292134831460675,0.06880856760374843,0.1967806841046278,-0.1967806841046278,-0.5174081237911026,0.33,13,长期阴跌,,52,0,0
244,Five-SeveN | Kami (Factory New),25.77,23.3,785,28,0.0357,0.9042,steamdt-live,24.9,421,25.87,204,,3,6,12,2,10,10,4,5,-0.0040000000000000036,0.0036144578313253017,-0.03138318481208824,-0.00040000000000006697,0.03177063153816351,0.020000000000000018,0.14709897610921507,-0.14709897610921507,-0.38599508599508603,0.2,10,长期阴跌,,52,0,0
245,Glock-18 | Ifrit Lattice (Factory New),72.0,70.0,58,14,0.2414,0.9722,steamdt-live,71.9,63,71.9,109,,17,12,4,2,0,10,6,0,-0.006397774687065483,0.00643896976483771,0.012676056338028152,0.0,0.0,0.018413597733711207,0.001388888888888773,-0.001388888888888773,-0.14597933246228756,1.38,2,回撤不明显,,51,0,0
246,★ Hand Wraps | Constrictor (Minimal Wear),664.0,670.0,106,20,0.1887,1.009,steamdt-live,672.0,49,670.01,74,,14,15,7,5,6,0,4,0,-0.0037350634663174676,-0.00821508588498876,0.0004168341446710855,-0.011919465484144576,0.012654086928075459,0.0,0.03627048288073853,-0.03627048288073853,-0.06478873239436622,0.38,9,可能加速下跌,,51,0,0
247,★ Hand Wraps | Duct Tape (Field-Tested),261.4,290.0,166,30,0.1807,1.1094,steamdt-live,274.0,144,267.52,154,"溢价求购:买一高于卖一,多为定向收特定图案,买一价不可作退出价",14,0,7,5,6,10,6,3,-0.009181331293037442,0.009266409266409203,0.0019164430816405176,0.0,0.0,0.015145631067961185,0.04073394495412852,-0.04073394495412852,-0.094687261896516,0.38,12,回撤不明显,买一异常溢价(不作为可成交退出价),51,0,0
248,★ Hydra Gloves | Rattler (Field-Tested),170.5,171.0,117,16,0.1368,1.0029,steamdt-live,175.0,125,175.77,195,,11,15,7,5,6,0,2,5,0.0011540680900172795,-0.01729106628242072,-0.004022988505747116,-0.016156953260242468,0.030589037980441214,0.002941176470588225,0.039382500422559086,-0.03943661971830981,-0.06998309060164731,0.3,7,可能加速下跌,,51,0,0
249,FAMAS | Commemoration (Factory New),360.0,353.0,334,34,0.1018,0.9806,steamdt-live,361.0,167,367.46,114,,11,12,9,2,6,0,6,5,0.0028571428571428914,0.02564102564102555,0.0,0.02857142857142847,0.0,0.04145572366708117,0.040000000000000036,-0.040000000000000036,-0.25,0.38,5,回撤不明显,,51,0,0
250,Galil AR | Crimson Tsunami (Factory New),39.89,38.5,711,34,0.0478,0.9652,steamdt-live,38.88,274,40.21,227,,3,12,12,2,6,10,6,0,-0.02564102564102566,0.023157894736842266,0.0025706940874037354,-0.003076923076922977,0.003076923076922977,0.023157894736842266,0.04682520225545472,-0.04047384007897337,-0.33413255694468225,0.38,2,长期阴跌,,51,0,0
251,Desert Eagle | Heat Treated (Factory New),194.97,3360.0,1811,77,0.0425,17.2334,steamdt-live,197.49,320,194.4,356,"溢价求购:买一高于卖一,多为定向收特定图案,买一价不可作退出价",3,0,15,2,10,10,6,5,-0.0032360742705570544,0.03464793230081442,-0.023316062176165775,0.03129973474801062,0.008163265306122436,0.045836023240800605,0.13380564095709135,-0.13380564095709135,-0.36883116883116884,0.38,13,长期阴跌,买一异常溢价(不作为可成交退出价),51,0,0
252,★ Driver Gloves | Garden (Minimal Wear),2729.0,3320.0,45,18,0.4,1.2166,steamdt-live,2689.5,54,2707.88,47,"溢价求购:买一高于卖一,多为定向收特定图案,买一价不可作退出价",20,0,4,5,0,10,6,5,-0.007306107156238251,0.015097188148707197,-0.00018730099269526068,0.007680779318096631,0.00018587360594790603,0.050585937499999956,0.0035198221563541576,-0.0035198221563541576,-0.09322319622387054,0.27,3,回撤不明显,买一异常溢价(不作为可成交退出价),50,0,0
253,★ Hand Wraps | Leather (Minimal Wear),3539.0,3400.0,201,32,0.1592,0.9607,steamdt-live,3622.52,31,3586.83,48,,14,12,7,5,10,0,2,0,-0.013567219405234976,-0.016671297582661837,-0.027066666666666683,-0.030012333835822913,0.05374331550802136,0.0,0.11480740370185094,-0.12183622828784124,-0.3194230769230769,0.19,10,长期阴跌,,50,0,0
254,USP-S | Para Green (Factory New),222.9,203.0,174,21,0.1207,0.9107,steamdt-live,219.13,88,224.22,90,,11,6,7,2,10,10,4,0,-0.028750796105904808,0.026323185011709604,0.010666666666666602,-0.0031844236193248054,0.017399103139013383,0.03853263187828815,0.09853128728349858,-0.09853128728349858,-0.3870597778958852,0.15,7,长期阴跌,,50,0,0
255,M4A4 | Full Throttle (Factory New),1098.5,1050.0,254,29,0.1142,0.9558,steamdt-live,1100.0,147,1134.0,118,,11,9,9,2,10,2,2,5,-0.000469699923784761,-0.026022964046637287,-0.034334617030380765,-0.026480440986192733,0.05990586221651695,0.0,0.08458333333333334,-0.08458333333333334,-0.17961165048543692,0.27,6,可能加速下跌,,50,0,0
256,Glock-18 | Gold Toof (Factory New),797.0,763.0,530,56,0.1057,0.9573,steamdt-live,820.09,123,806.79,173,,11,9,12,2,10,0,6,0,-0.008536585365853666,-0.020295202952029467,-0.029585798816568087,-0.02865853658536588,0.05739644970414204,0.014649681528662528,0.12472527472527473,-0.12472527472527473,-0.32614213197969544,0.38,19,长期阴跌,,50,0,0
257,Tec-9 | Avalanche (Factory New),62.9,58.0,465,31,0.0667,0.9221,steamdt-live,63.64,161,63.0,163,,7,6,9,2,10,9,4,3,0.0,-0.0015873015873015817,-0.015471167369901617,-0.0015873015873015817,0.017033911548679503,0.0035098915124440744,0.11383488306565237,-0.11383488306565237,-0.37037037037037046,0.38,10,长期阴跌,,50,0,0
258,Glock-18 | Warhawk (Factory New),36.0,35.8,409,23,0.0562,0.9944,steamdt-live,37.65,74,36.4,262,,3,15,9,2,10,7,4,0,-0.015782312925170072,-0.00470002764722155,-0.01659084827401658,-0.020408163265306145,0.036660422799036585,0.0033444816053511683,0.13772455089820357,-0.13999044433827046,-0.43217665615141954,0.37,20,长期阴跌,,50,0,0
259,Glock-18 | Off World (Factory New),35.46,34.0,752,30,0.0399,0.9588,steamdt-live,35.98,278,35.89,162,,3,9,12,2,10,5,4,5,-0.006129841181387596,-0.005887300252312877,-0.02446316933949444,-0.01198105321816656,0.03615112802391951,0.0,0.09076923076923071,-0.09076923076923071,-0.34211502782931347,0.32,4,长期阴跌,,50,0,0
260,AK-47 | Safety Net (Factory New),67.0,64.0,1929,47,0.0244,0.9552,steamdt-live,68.3,447,68.83,596,,3,9,15,2,10,4,2,5,-0.007547169811320864,-0.02018133957297452,-0.05577634644374396,-0.027576197387518264,0.09090909090909094,0.0032943995208145616,0.19808497905445843,-0.19999999999999996,-0.4574898785425101,0.33,10,长期阴跌,,50,0,0
261,AK-47 | Steel Delta (Factory New),49.0,46.2,1899,44,0.0232,0.9429,steamdt-live,50.0,365,50.68,424,,3,9,15,2,10,6,0,5,0.014000000000000012,-0.033530571992110514,-0.11504424778761058,-0.020000000000000018,0.1327433628318584,0.012396694214876103,0.21687709765063135,-0.21687709765063135,-0.5242718446601942,0.38,11,长期阴跌,,50,0,0
262,M4A4 | Etch Lord (Factory New),18.61,18.5,791,18,0.0228,0.9941,steamdt-live,19.73,398,18.88,434,,3,15,12,2,8,6,4,0,-0.014729089952656538,-0.006406833956219993,-0.0114404576183047,-0.021041557075223705,0.032241289651586125,0.0005376344086021057,0.06294058408862035,-0.05388917132689386,-0.4207905384375973,0.38,9,长期阴跌,,50,0,0
263,★ Broken Fang Gloves | Unhinged (Field-Tested),321.66,366.0,103,16,0.1553,1.1378,steamdt-live,340.0,119,332.15,80,"溢价求购:买一高于卖一,多为定向收特定图案,买一价不可作退出价",14,0,7,5,2,10,6,5,-0.01080528808941461,0.005884194053208169,0.053972915646924635,-0.004984674448125337,0.008055804191487437,0.05215256179407435,0.008055804191487437,0.04544419504895725,-0.034111742253478905,0.13,12,回撤不明显,买一异常溢价(不作为可成交退出价),49,0,0
264,USP-S | Pathfinder (Factory New),184.12,180.0,127,17,0.1339,0.9776,steamdt-live,186.32,77,186.26,97,,11,12,7,2,8,2,4,3,-0.006817939703845699,-0.012549608495119657,-0.023712948517940702,-0.019281985724938777,0.042039542143600284,0.0,0.07940000000000003,-0.09487759315701494,-0.47160281245515856,0.12,11,长期阴跌,,49,0,0
265,FAMAS | Valence (Factory New),169.89,156.0,271,23,0.0849,0.9182,steamdt-live,168.88,98,160.1,127,,7,6,9,2,10,10,2,3,-0.018282548476454274,0.003887634813142693,-0.009451219512195186,-0.014465989535241586,0.02378048780487807,0.023395551009971927,0.13459459459459466,-0.13459459459459466,-0.30239651416122004,0.38,10,长期阴跌,,49,0,0
266,★ Driver Gloves | Racing Green (Field-Tested),177.49,180.0,190,16,0.0842,1.0141,steamdt-live,176.0,119,174.92,172,,7,15,7,5,4,0,6,5,-0.0034659090909091583,-0.0026797422886138955,0.029239766081871288,-0.0061363636363637175,0.02268409878198685,0.02592375366568911,0.02268409878198685,-0.020878813322138368,-0.07469318662716884,0.38,8,可能加速下跌,,49,0,0
267,Desert Eagle | Mudder (Factory New),35.58,32.8,366,29,0.0792,0.9219,steamdt-live,36.82,73,37.17,130,,7,6,9,2,10,8,2,5,0.029444444444444606,-0.03993524015110639,-0.07216494845360821,-0.011666666666666714,0.08298969072164941,0.01657142857142846,0.18952164009111616,-0.18952164009111616,-0.5155888359428182,0.38,13,长期阴跌,,49,0,0
268,Glock-18 | Bunsen Burner (Factory New),26.65,26.1,525,34,0.0648,0.9794,steamdt-live,26.0,202,27.0,163,,7,12,12,2,10,0,6,0,0.017612524461839474,0.0,0.026104417670682833,0.017612524461839474,0.0,0.04417670682730934,0.11564625850340127,-0.11564625850340127,-0.3896713615023475,0.28,6,长期阴跌,,49,0,0
269,MP9 | Music Box (Factory New),40.0,37.8,326,19,0.0583,0.945,steamdt-live,40.88,86,39.67,122,,3,9,9,2,10,7,4,5,-0.015544041450777257,-0.004010025062656575,-0.016262135922330168,-0.01949173451764119,0.035436893203883546,0.0035353535353535026,0.08433179723502293,-0.08433179723502293,-0.5394599605979835,0.38,16,长期阴跌,,49,0,0
270,USP-S | Purple DDPAT (Factory New),146.38,140.0,1003,58,0.0578,0.9564,steamdt-live,146.66,176,153.26,265,,3,9,15,2,10,10,0,0,0.017857142857142794,0.0272280701754386,-0.06033962010873217,0.045571428571428596,0.04948051948051946,0.07112542075223183,0.1586872808782115,-0.1538728323699422,-0.4537855890145155,0.34,14,长期阴跌,,49,0,0
271,P250 | Inferno (Factory New),46.99,43.1,345,17,0.0493,0.9172,steamdt-live,47.18,113,47.44,127,,3,6,9,2,8,10,6,5,0.009100758396533015,0.00901868155464891,-0.038341321108564363,0.018201516793066252,0.021041666666666625,0.018201516793066252,0.07042532146389702,-0.027323535499896523,-0.370107238605898,0.35,3,长期阴跌,,49,0,0
272,M4A1-S | Decimator (Factory New),262.5,258.0,1161,57,0.0491,0.9829,steamdt-live,268.77,341,274.8,368,,3,12,15,2,10,3,4,0,-0.012929910198606454,-0.009060022650056565,-0.0004841713221601651,-0.021872787569400476,0.02957486136783738,0.001908396946564972,0.09793814432989689,-0.09326424870466321,-0.21171171171171166,0.38,11,可能加速下跌,,49,0,0
273,AK-47 | Safari Mesh (Factory New),33.83,33.5,622,26,0.0418,0.9902,steamdt-live,38.0,184,34.49,218,,3,15,12,2,10,0,2,5,-0.026035834266517344,-0.027594136246047785,-0.02643772144998635,-0.05291153415453531,0.07795039520305258,0.0,0.11020515518148355,-0.09786666666666666,-0.3608539580578123,0.38,24,长期阴跌,,49,0,0
274,Five-SeveN | Buddy (Factory New),20.96,19.6,426,16,0.0376,0.9351,steamdt-live,22.8,150,21.89,188,,3,9,9,2,10,10,6,0,-0.07492287351256077,-0.0014292520247736196,-0.015618221258134501,-0.07624504186866465,0.09067245119305856,0.0004773269689737347,0.11299195937367745,-0.09224772628843647,-0.476,0.35,7,长期阴跌,,49,0,0
275,M4A1-S | Blood Tiger (Factory New),96.9,90.0,800,25,0.0312,0.9288,steamdt-live,98.97,241,102.76,212,,3,6,12,2,10,10,6,0,-0.044169433544622216,0.020000000000000018,0.02569659442724448,-0.025052822215514636,0.02613065326633157,0.020000000000000018,0.14977625690971308,-0.1459545214172394,-0.4047911547911548,0.28,10,长期阴跌,,49,0,0
276,M4A1-S | Liquidation (Factory New),58.0,57.0,1211,33,0.0273,0.9828,steamdt-live,59.7,554,61.0,249,,3,12,15,2,8,3,6,0,-0.01016949152542379,-0.006849315068493178,-0.015025041736226985,-0.016949152542372836,0.033333333333333326,0.0034602076124568004,0.06451612903225812,-0.06300484652665583,-0.09657320872274144,0.38,11,暂未减速,,49,0,0
277,M4A4 | Falak (Factory New),862.5,844.0,72,37,0.5139,0.9786,steamdt-live,868.5,55,867.1,100,,20,12,4,2,4,0,6,0,-0.0005674645913675835,-0.0005793742757821407,0.01587058823529408,-0.00114651009276312,0.00114651009276312,0.014705882352941124,0.02308354476259511,-0.02308354476259511,-0.07901761879337965,0.27,5,回撤不明显,,48,0,0
278,MP9 | Wild Lily (Factory New),14996.0,15170.0,31,9,0.2903,1.0116,steamdt-live,15600.0,27,16874.33,23,,17,15,4,2,10,0,0,0,-0.01246235012709851,-0.050886075949367116,0.0,-0.06271426598139052,0.06271426598139052,0.0,0.08560975609756094,-0.08560975609756094,-0.09104133834404171,0.17,4,可能加速下跌,,48,0,0
279,★ Sport Gloves | Ultra Violent (Minimal Wear),11399.0,12490.0,281,62,0.2206,1.0957,steamdt-live,11150.0,314,11493.5,79,"溢价求购:买一高于卖一,多为定向收特定图案,买一价不可作退出价",17,0,9,5,6,0,6,5,0.0,-0.004419840171436262,4.464684346827674e-05,-0.004419840171436262,0.030266133240563597,0.003510035100350972,0.030392625766337722,-0.013274336283185861,-0.0620005047530916,0.12,3,暂未减速,买一异常溢价(不作为可成交退出价),48,0,0
280,P250 | Black & Tan (Factory New),57.15,56.0,55,10,0.1818,0.9799,steamdt-live,56.58,50,56.6,57,,14,12,4,2,4,10,2,0,-0.0017749378771743096,0.006045519203413896,-0.009841827768014011,0.004259850905218299,0.005623901581722324,0.028727272727272712,0.022797927461139955,0.010357142857142732,-0.29186483103879857,0.38,9,回撤不明显,,48,0,0
281,AK-47 | Hydroponic (Factory New),24250.0,24850.0,216,37,0.1713,1.0247,steamdt-live,24666.0,120,24999.0,82,,14,15,7,2,4,0,6,0,0.0,-0.013746543029119929,0.004637479825941204,-0.013746543029119929,0.0181987489625296,0.01041666666666674,0.029475916995177376,-0.029475916995177376,-0.11818181818181817,0.37,4,可能加速下跌,,48,0,0
282,M4A1-S | Blue Phosphor (Factory New),3350.0,3390.0,539,37,0.0686,1.0119,steamdt-live,3398.5,310,3380.0,158,,7,15,12,2,8,0,4,0,0.01134328358208947,-0.025974025974025983,-0.011186870922990644,-0.014925373134328401,0.03452311293153887,0.0,0.06963631237665635,-0.0693739424703892,-0.1245523278949463,0.38,11,可能加速下跌,,48,0,0
283,FAMAS | Night Borre (Factory New),64.8,60.0,246,15,0.061,0.9259,steamdt-live,67.0,84,66.11,107,,7,6,7,2,6,9,6,5,-0.003076923076923088,0.0,-0.04115651275999421,-0.003076923076923088,0.04410680041304038,0.001545595054095683,0.04999266969652538,0.0024752475247524774,-0.4621067485681083,0.34,4,长期阴跌,,48,0,0
284,FAMAS | Styx (Factory New),725.0,707.0,363,83,0.2287,0.9752,steamdt-live,747.5,71,740.0,52,,17,12,9,2,4,0,0,3,0.006069802731411222,0.09351432880844635,0.04603174603174609,0.10015174506828539,0.016549104720564367,0.1507936507936507,0.016549104720564367,0.15262321144674096,-0.060564438800632336,0.37,14,反弹较远,,47,0,0
285,★ Bloodhound Gloves | Guerrilla (Field-Tested),1069.0,1010.0,211,42,0.1991,0.9448,steamdt-live,1299.0,23,1102.4,74,,14,9,7,5,10,0,2,0,-0.007748404740200554,-0.017914561322921463,-0.01966041108132266,-0.025524156791248864,0.0442556995976755,0.0,0.10543933054393306,-0.09865092748735249,-0.28685790527018007,0.29,7,可能加速下跌,,47,0,0
286,★ Specialist Gloves | Forest DDPAT (Field-Tested),1650.0,1580.0,295,58,0.1966,0.9576,steamdt-live,1725.49,34,1619.0,69,,14,9,9,5,10,0,0,0,0.0,-0.03400954653937949,-0.034284067991933176,-0.03400954653937949,0.06712762892538171,0.027284263959390875,0.1565511852044803,-0.1565511852044803,-0.3575396825396825,0.3,7,长期阴跌,,47,0,0
287,Desert Eagle | Emerald Jörmungandr (Factory New),2698.4,2690.0,312,39,0.125,0.9969,steamdt-live,2800.0,114,2735.0,134,,11,15,9,2,8,0,2,0,-0.004920721705850228,-0.011575091575091512,-0.01666666666666672,-0.01643885547658097,0.036113591712805815,0.018264150943396285,0.06516542525549973,-0.06516542525549973,-0.256434279415817,0.38,9,可能加速下跌,,47,0,0
288,M4A4 | Turbine (Factory New),69.48,67.0,1175,43,0.0366,0.9643,steamdt-live,67.79,225,70.69,302,,3,12,15,2,10,3,2,0,-0.017142857142857237,-0.014680232558139439,-0.04109589041095896,-0.03157142857142847,0.07136986301369852,0.013303437967115084,0.18295769555260932,-0.18295769555260932,-0.44746923139620176,0.27,14,长期阴跌,,47,0,0
289,USP-S | Bleeding Edge (Factory New),31.3,30.1,907,30,0.0331,0.9617,steamdt-live,32.8,463,31.5,370,,3,12,15,2,4,0,6,5,0.026554404145077815,-0.012618296529968376,0.0039011703511051543,0.0136010362694301,0.018193224592220725,0.043333333333333446,0.018193224592220725,0.043333333333333446,-0.14713896457765674,0.38,13,可能加速下跌,,47,0,0
290,FAMAS | Survivor Z (Factory New),24.5,23.9,1148,26,0.0226,0.9755,steamdt-live,25.0,276,24.88,343,,3,12,15,2,10,0,0,5,-0.019867549668874274,-0.026232114467408585,-0.03785607196401797,-0.04557849629918198,0.08170914542728636,0.0,0.1830610203401133,-0.1830610203401133,-0.4787234042553191,0.38,11,长期阴跌,,47,0,0
291,AWP | Duality (Factory New),59.0,57.0,1031,12,0.0116,0.9661,steamdt-live,59.99,667,61.89,529,,3,12,15,2,8,0,2,5,-0.01138801782472365,-0.015025041736226985,-0.014796747967479651,-0.02624195411784125,0.057507987220447254,0.0,0.07668231611893583,-0.07668231611893583,-0.27420346906138526,0.38,6,可能加速下跌,,47,0,0
292,AK-47 | AUTOEXEC (Factory New),4219.5,4040.0,23,29,1.2609,0.9575,steamdt-live,4294.99,23,4239.78,38,,20,9,2,2,8,1,4,0,-0.00747925674886063,-0.00635817732250088,-0.011777368697005852,-0.013789879630711654,0.025404839831019266,0.0,0.06544850498338872,-0.06544850498338872,-0.1367635024549918,0.38,5,暂未减速,,46,0,0
293,★ Sport Gloves | Frosty (Minimal Wear),2269.5,3110.0,49,17,0.3469,1.3703,steamdt-live,2297.0,53,2299.5,21,"溢价求购:买一高于卖一,多为定向收特定图案,买一价不可作退出价",20,0,4,5,8,2,2,5,-0.00345125107851596,-0.01753246753246751,-0.02849958088851634,-0.02092320966350303,0.0342553191489362,0.0,0.05437499999999995,-0.04159628378378377,-0.09219999999999995,0.12,6,可能加速下跌,买一异常溢价(不作为可成交退出价),46,0,0
294,★ Specialist Gloves | Blackbook (Field-Tested),1578.5,2390.0,170,45,0.2647,1.5141,steamdt-live,1579.5,169,1586.5,56,"溢价求购:买一高于卖一,多为定向收特定图案,买一价不可作退出价",17,0,7,5,6,0,6,5,-0.001890359168241984,-0.00347222222222221,-0.003140703517587995,-0.005356017643352251,0.008666708534823764,0.0,0.033374157991426845,-0.03159509202453992,-0.04304334646862684,0.38,7,回撤不明显,买一异常溢价(不作为可成交退出价),46,0,0
295,M4A4 | Bullet Rain (Factory New),1427.0,1380.0,309,43,0.1392,0.9671,steamdt-live,1449.5,69,1469.37,150,,11,12,9,2,8,0,4,0,0.0038461538461538325,-0.005921281783350718,-0.004025686386493699,-0.00209790209790206,0.006115142988480149,0.00140350877192974,0.07876049063912205,-0.07637540453074432,-0.20279329608938546,0.36,8,回撤不明显,,46,0,0
296,★ Hydra Gloves | Mangrove (Field-Tested),169.2,169.0,119,13,0.1092,0.9988,steamdt-live,174.5,119,171.8,346,,11,15,7,5,6,0,2,0,-0.0005837711617047159,-0.008761682242990676,-0.009769350829527679,-0.0093403385872739,0.02639127940332775,0.028484848484848335,0.0412429378531074,-0.036124048619788796,-0.08270270270270275,0.38,11,可能加速下跌,,46,0,0
297,USP-S | Cortex (Factory New),147.86,146.0,461,48,0.1041,0.9874,steamdt-live,154.8,173,160.18,241,,11,12,9,2,10,0,2,0,-0.008979268453717215,-0.014923384410392981,0.030340136054421762,-0.02376865178925125,0.05466402403938353,0.009283276450511968,0.16689204417399128,-0.1646327683615818,-0.3707817353929954,0.3,12,长期阴跌,,46,0,0
298,Galil AR | Dusk Ruins (Factory New),227.5,210.0,280,26,0.0929,0.9231,steamdt-live,230.67,59,224.9,100,,7,6,9,2,10,10,2,0,0.0,0.0,-0.022173913043478266,0.0,0.022173913043478266,0.08385542168674709,0.09656945448702492,-0.0983803720333547,-0.39117487818083374,0.28,8,长期阴跌,,46,0,0
299,Glock-18 | Franklin (Factory New),644.5,626.0,452,41,0.0907,0.9713,steamdt-live,709.99,88,650.0,159,,7,12,9,2,10,0,6,0,-0.01643017176997763,-0.021260440394836766,-0.03669064748201434,-0.03734129947722176,0.07266187050359707,0.0007763975155279379,0.15085638998682482,-0.15186208711672589,-0.3727188670981556,0.38,11,长期阴跌,,46,0,0
300,M4A4 | Dark Blossom (Factory New),312.0,286.0,242,21,0.0868,0.9167,steamdt-live,334.9,101,312.6,129,,7,6,7,2,10,10,4,0,-0.003215434083601254,0.006451612903225712,-0.014263074484944571,0.003215434083601254,0.00952380952380949,0.01794453507340954,0.10547894148341419,-0.09826589595375723,-0.3396825396825397,0.27,12,长期阴跌,,46,0,0
301,Five-SeveN | Retrobution (Factory New),71.9,65.0,445,34,0.0764,0.904,steamdt-live,65.0,131,66.04,106,,7,6,9,2,8,5,4,5,-0.0013721603903034119,-0.007633587786259555,-0.019581464872944765,-0.008995273669766823,0.02840059790732441,0.0,0.05385735080058229,-0.05523255813953487,-0.3045153006633854,0.31,6,长期阴跌,,46,0,0
302,Desert Eagle | Midnight Storm (Factory New),485.0,475.0,776,49,0.0631,0.9794,steamdt-live,500.0,164,513.49,134,,7,12,12,2,10,1,2,0,-0.007901477832512271,-0.036723668791832975,-0.0591048982164708,-0.044334975369458074,0.10081945937928727,0.0,0.18487394957983194,-0.18418839360807404,-0.4250148192056906,0.38,17,长期阴跌,,46,0,0
303,Glock-18 | Sacrifice (Factory New),44.89,42.3,405,24,0.0593,0.9423,steamdt-live,42.66,132,43.96,158,,3,9,9,2,10,10,3,0,-0.0016366612111292644,-0.0009367681498830827,-0.06164984642387006,-0.0025718961889176217,0.06406318560772273,0.0665,0.13380710659898487,-0.12938775510204092,-0.4227334235453316,0.38,3,长期阴跌,,46,0,0
304,MP9 | Mount Fuji (Factory New),89.1,86.0,1225,43,0.0351,0.9652,steamdt-live,90.4,520,93.12,337,,3,12,15,2,8,0,6,0,-0.007734806629834279,-0.007795100222717233,-0.005494505494505475,-0.015469613259668558,0.021953896816684915,0.012499999999999956,0.062105263157894774,-0.05714285714285716,-0.23110113910942354,0.38,11,可能加速下跌,,46,0,0
305,M4A1-S | Black Lotus (Factory New),71.69,71.0,1518,31,0.0204,0.9904,steamdt-live,70.0,1069,75.11,507,,3,15,15,2,6,0,2,3,-0.002789400278940035,0.002797202797202747,-0.004166666666666652,0.0,0.011034482758620623,0.024285714285714244,0.031081081081081097,-0.02976995940460081,-0.1838360842344905,0.38,14,暂未减速,,46,0,0
306,★ Specialist Gloves | Lime Polycam (Minimal Wear),3448.0,4650.0,39,43,1.1026,1.3486,steamdt-live,3487.5,39,3549.99,30,"溢价求购:买一高于卖一,多为定向收特定图案,买一价不可作退出价",20,0,4,5,2,10,4,0,-0.01677270098322725,0.014117647058823568,0.004065040650406582,-0.0028918449971081506,0.0049062049062048585,0.029253731343283684,0.014293882218410547,0.002617039837161883,-0.0923927349302448,0.38,5,回撤不明显,买一异常溢价(不作为可成交退出价),45,0,0
307,AWP | Black Box (Factory New),160.9,146.0,38,23,0.6053,0.9074,steamdt-live,159.34,70,160.8,80,,20,6,4,2,4,0,4,5,-0.0031347962382445305,0.00213836477987428,0.003144654088050425,-0.0010031347962382586,0.007227414330218007,0.04143790849673201,0.022933529556046217,-0.022933529556046217,-0.0617124013661523,0.38,4,回撤不明显,,45,0,0
308,★ Sport Gloves | Violet Beadwork (Field-Tested),1389.8,2520.0,160,54,0.3375,1.8132,steamdt-live,1397.99,165,1438.5,58,"溢价求购:买一高于卖一,多为定向收特定图案,买一价不可作退出价",20,0,7,5,2,0,6,5,0.00035868263043492554,-0.003363236738879505,0.00035163257983494844,-0.0030057604430447915,0.003727598566308221,0.0071014492753622704,0.014326241134751783,-0.012926136363636376,-0.0408557625948931,0.12,4,回撤不明显,买一异常溢价(不作为可成交退出价),45,0,0
309,P250 | Lotus Imprint (Factory New),80.9,79.0,71,19,0.2676,0.9765,steamdt-live,82.95,77,82.2,77,,17,12,4,2,6,0,4,0,-0.003667481662591676,-0.007361963190184007,-0.009085402786190189,-0.011002444987774918,0.019987886129618326,0.0,0.031021679243023015,-0.031021679243023015,-0.059302325581395254,0.18,3,暂未减速,,45,0,0
310,Five-SeveN | Fairy Tale (Factory New),1740.0,1660.0,189,48,0.254,0.954,steamdt-live,1814.81,44,1821.34,73,,17,9,7,2,10,0,0,0,-0.004345434543454374,-0.0387271421468427,-0.03644342682694146,-0.04290429042904287,0.08565903489734683,0.0,0.12760090248182498,-0.12760090248182498,-0.10769230769230764,0.38,18,可能加速下跌,,45,0,0
311,M4A4 | Desolate Space (Factory New),460.0,444.0,637,59,0.0926,0.9652,steamdt-live,449.5,180,477.9,180,,7,12,12,2,10,0,2,0,-0.020277185501066053,-0.02282965896972733,-0.02898550724637683,-0.04264392324093813,0.07039337474120078,0.0,0.12815533980582527,-0.12815533980582527,-0.2388540430581454,0.2,13,可能加速下跌,,45,0,0
312,AK-47 | Baroque Purple (Factory New),345.0,330.0,299,24,0.0803,0.9565,steamdt-live,372.02,102,350.0,149,,7,9,9,2,10,1,2,5,-0.015277777777777724,-0.026798307475317307,-0.0625,-0.04166666666666663,0.1015625,0.0,0.12656016608015397,-0.12656016608015397,-0.3648397370988824,0.38,10,长期阴跌,,45,0,0
313,M4A4 | 龍王 (Dragon King) (Factory New),333.0,325.0,812,49,0.0603,0.976,steamdt-live,335.0,198,356.84,199,,7,12,12,2,10,0,2,0,-0.013100436681222738,-0.017699115044247815,-0.015759312320916874,-0.03056768558951961,0.045845272206303744,0.003012048192771122,0.10962566844919786,-0.11199999999999999,-0.22099796476945754,0.37,10,可能加速下跌,,45,0,0
314,USP-S | Jawbreaker (Factory New),98.0,95.0,418,24,0.0574,0.9694,steamdt-live,99.7,221,109.92,192,,3,12,9,2,10,2,2,5,-0.013190518694832898,-0.015075376884422065,-0.03962282122106864,-0.02806704353862932,0.06657776931136294,0.0,0.0836839644693782,-0.0836839644693782,-0.25013390465988217,0.38,10,暂未减速,,45,0,0
315,M4A4 | Neo-Noir (Factory New),588.0,579.0,981,54,0.055,0.9847,steamdt-live,617.0,270,596.4,208,,3,12,15,2,10,1,2,0,-0.018077239112571863,-0.01589958158995819,-0.0153721682847896,-0.03368940016433852,0.04854368932038833,0.0,0.119734123776161,-0.12106309511352942,-0.1911966987620357,0.38,13,可能加速下跌,,45,0,0
316,USP-S | 27 (Factory New),27.2,26.9,585,16,0.0274,0.989,steamdt-live,28.5,90,27.77,232,,3,12,12,2,10,0,6,0,0.0036900369003689537,0.0,-0.00036886757653997737,0.0036900369003689537,0.0,0.0036900369003689537,0.08602150537634412,-0.08602150537634412,-0.45599999999999996,0.09,3,长期阴跌,,45,0,0
317,M4A4 | Polysoup (Factory New),121.5,119.0,1266,32,0.0253,0.9794,steamdt-live,135.97,292,133.0,432,,3,12,15,2,10,3,0,0,-0.045728681578746544,-0.028000000000000025,0.0076153846153845794,-0.07244827849454161,0.07954545454545459,0.008298755186721962,0.12583639110727396,-0.11636363636363634,-0.3588052139954615,0.38,13,长期阴跌,,45,0,0
318,M4A1-S | Solitude (Factory New),68.0,62.0,4900,39,0.008,0.9118,steamdt-live,70.99,2670,72.9,2265,,3,6,15,2,10,4,0,5,-0.0031884057971014457,-0.011340505961035197,-0.023907200452680688,-0.01449275362318836,0.03805347290988825,0.04615384615384621,0.11688311688311692,-0.11688311688311692,-0.3429951690821256,0.38,16,长期阴跌,,45,0,0
319,★ Driver Gloves | Brocade Crane (Field-Tested),1042.5,1490.0,83,37,0.4458,1.4293,steamdt-live,1010.0,81,1039.0,43,"溢价求购:买一高于卖一,多为定向收特定图案,买一价不可作退出价",20,0,4,5,8,0,2,5,-0.006211180124223614,-0.028846153846153855,-0.006644518272425293,-0.03487816531294796,0.04129093497864267,0.010000000000000009,0.05057341605564947,-0.03809523809523807,-0.10579902611775127,0.12,3,可能加速下跌,买一异常溢价(不作为可成交退出价),44,0,0
320,AWP | Corticera (Factory New),840.0,831.0,175,25,0.1429,0.9893,steamdt-live,874.74,51,853.8,61,,11,12,7,2,10,0,2,0,-0.00295520651541592,-0.019802557879014193,-0.009792626728110654,-0.022699243746364117,0.03171181556195968,0.0,0.10209513629075362,-0.09678494623655909,-0.22223148148148142,0.2,12,可能加速下跌,,44,0,0
321,Glock-18 | Twilight Galaxy (Factory New),2949.0,2840.0,310,32,0.1032,0.963,steamdt-live,3007.43,89,2977.79,151,,11,12,9,2,8,0,2,0,-0.013162224415926294,-0.0166722240746916,-0.0192028400839116,-0.029615004935834133,0.048249152815878604,0.0,0.0796569545352408,-0.08149726224514586,-0.2114973262032086,0.37,11,可能加速下跌,,44,0,0
322,AWP | Silk Tiger (Factory New),2876.0,2790.0,326,33,0.1012,0.9701,steamdt-live,2920.0,73,2859.06,88,,11,12,9,2,10,0,0,0,-0.011912751677852329,-0.029016811003566012,-0.006335445148382801,-0.04058389261744966,0.06260327868852456,0.006746716433677191,0.1224493554327809,-0.1225840110480283,-0.285235,0.37,9,可能加速下跌,,44,0,0
323,AWP | Electric Hive (Factory New),469.88,444.0,492,41,0.0833,0.9449,steamdt-live,489.4,222,472.91,207,,7,9,9,2,10,0,2,5,0.0035363046662482134,-0.020246460518359433,-0.01666666666666672,-0.016781753504917285,0.0695445544554456,0.006900098572836688,0.11656764683763254,-0.11656764683763254,-0.31653818181818183,0.38,11,长期阴跌,,44,0,0
324,★ Hand Wraps | Arboreal (Field-Tested),237.95,243.0,353,28,0.0793,1.0212,steamdt-live,249.0,316,240.1,184,,7,15,9,5,6,0,2,0,0.004911993450675389,-0.030957230142566128,0.020084345901707712,-0.026197298403602187,0.03645200486026734,0.0,0.03645200486026734,-0.002515723270440251,-0.09010938575690342,0.38,15,可能加速下跌,,44,0,0
325,Galil AR | Vandal (Factory New),68.55,62.0,266,18,0.0677,0.9044,steamdt-live,71.89,75,64.61,72,,7,6,9,2,10,10,0,0,-0.004688232536333881,0.014444967812843545,-0.015538461538461501,0.009689013908423139,0.006000000000000005,0.07683333333333331,0.1437847866419294,-0.1437847866419294,-0.4123692587539791,1.38,9,长期阴跌,,44,0,0
326,Tec-9 | Mummy's Rot (Factory New),55.0,54.0,453,29,0.064,0.9818,steamdt-live,59.59,79,56.1,95,,7,12,9,2,10,2,2,0,0.0,-0.025686448184233934,-0.03963933310649881,-0.025686448184233934,0.06351098246211473,0.0,0.21304907712119048,-0.2131616595135909,-0.49835826340751554,0.36,3,长期阴跌,,44,0,0
327,USP-S | Neo-Noir (Factory New),691.0,678.0,485,26,0.0536,0.9812,steamdt-live,705.0,213,691.0,161,,3,12,9,2,2,10,6,0,0.003046127067014792,-0.000723065798987732,-0.008628127696289956,0.0023208587177256934,0.006470165348670065,0.005822416302765587,0.014265335235377985,-0.014265335235377985,-0.05986394557823127,0.38,9,回撤不明显,,44,0,0
328,P250 | Cyber Shell (Factory New),20.78,20.7,350,13,0.0371,0.9962,steamdt-live,21.04,104,20.85,110,,3,15,9,2,8,3,4,0,-0.014553990610328693,-0.010004764173415781,-0.004672897196261627,-0.024413145539906034,0.033488372093023244,0.000481463649494529,0.07397504456327986,-0.06057866184448457,-0.5051202667301739,0.38,8,长期阴跌,,44,0,0
329,USP-S | Forest Leaves (Factory New),23.8,22.1,538,19,0.0353,0.9286,steamdt-live,24.75,95,24.75,120,,3,6,12,2,8,4,4,5,-0.004583333333333273,-0.0037672666387610354,-0.014373716632443578,-0.008333333333333304,0.03838383838383841,0.0004203446826398505,0.07787679194110797,-0.07787679194110797,-0.4385468270818589,0.38,2,长期阴跌,,44,0,0
330,MP9 | Rose Iron (Factory New),47.99,46.0,514,18,0.035,0.9585,steamdt-live,51.9,183,51.71,181,,3,9,12,2,10,3,2,3,-0.02380476095219053,-0.01659836065573761,-0.01941938014907796,-0.04000800160032003,0.07498072474942175,0.0,0.15510563380281683,-0.15510563380281683,-0.4036286814962098,0.28,6,长期阴跌,,44,0,0
331,Desert Eagle | Mulberry (Factory New),79.0,78.0,1047,31,0.0296,0.9873,steamdt-live,81.0,539,81.5,245,,3,12,15,2,8,2,2,0,0.006336190831159216,-0.024691358024691357,-0.02389037108901282,-0.018511616349857096,0.041959738054814344,0.0,0.05150678352743432,-0.014962593516209544,-0.12212468052005776,0.38,10,可能加速下跌,,44,0,0
332,M4A1-S | Fizzy POP (Factory New),63.55,61.0,3136,56,0.0179,0.9599,steamdt-live,63.05,469,62.77,549,,3,9,15,2,10,5,0,0,-0.03228250985147019,-0.0169146436961628,-0.01742367833209235,-0.04865110639587755,0.06522710349962768,0.04616666666666669,0.19277263374485598,-0.18480519480519475,-0.4955801992928318,0.29,12,长期阴跌,,44,0,0
333,AWP | PAW (Factory New),42.88,42.1,1276,22,0.0172,0.9818,steamdt-live,43.9,1041,44.91,327,,3,12,15,2,6,0,6,0,0.0,0.020952380952381056,0.0,0.020952380952381056,0.02100456621004554,0.033253012048192865,0.03423423423423411,-0.012436665131275837,-0.10666666666666658,0.38,13,暂未减速,,44,0,0
334,USP-S | Spiral Glitch (Factory New),490.0,465.0,37,20,0.5405,0.949,steamdt-live,501.27,50,499.77,68,,20,9,4,2,6,0,2,0,-0.0018203640728144954,-0.018016393114090534,0.0008008008008006939,-0.019803960792158404,0.019803960792158404,0.0,0.04624727499221426,-0.039215686274509776,-0.13089748137637458,0.38,4,可能加速下跌,,43,0,0
335,M4A1-S | Fatal Glitch (Factory New),595.5,562.0,34,16,0.4706,0.9437,steamdt-live,594.5,41,584.0,72,,20,9,4,2,6,0,2,0,-0.002523128679562614,-0.015177065767284947,-0.0075125208681134925,-0.01766190075693863,0.024227234753550597,0.0,0.0363036303630363,-0.03628772752025611,-0.13864306784660763,0.28,7,可能加速下跌,,43,0,0
336,FAMAS | Bad Trip (Factory New),496.5,475.0,129,31,0.2403,0.9567,steamdt-live,490.51,53,511.99,72,,17,9,7,2,6,0,2,0,-0.002002002002001957,-0.016028084252758257,-0.009714512291831845,-0.01799799799799806,0.027537668517049974,0.003334151530027807,0.034429133858267735,0.013450413223140556,-0.022693763697947733,1.38,7,可能加速下跌,,43,0,0
337,Desert Eagle | Sunset Storm 弐 (Factory New),3000.0,2970.0,52,8,0.1538,0.99,steamdt-live,3035.0,34,3300.0,48,,14,15,4,2,4,0,4,0,-0.0044284074134820495,-0.011532125205930832,-0.00016398819285012856,-0.01590946367065771,0.016070842899311266,0.0,0.0228013029315961,-0.0228013029315961,-0.05660377358490565,0.38,2,可能加速下跌,,43,0,0
338,★ Driver Gloves | Crimson Weave (Minimal Wear),7553.0,6560.0,141,18,0.1277,0.8685,steamdt-live,7205.99,25,6998.42,36,,11,3,7,5,10,4,0,3,-0.01389124244739226,-0.014236233870320247,-0.05753247484287838,-0.027929717341482085,0.08385532642404292,0.029179411764705954,0.10836794496114155,-0.10836794496114155,-0.31384675719398014,0.38,11,长期阴跌,,43,0,0
339,★ Driver Gloves | Diamondback (Minimal Wear),2678.5,2460.0,186,20,0.1075,0.9184,steamdt-live,2900.0,24,2752.61,48,,11,6,7,5,10,0,4,0,-0.0023423423423423184,-0.03250857865270007,-0.0256320224719101,-0.03477477477477475,0.059515449438202195,0.0,0.1099850473500581,-0.1099850473500581,-0.3053898737591154,0.32,8,长期阴跌,,43,0,0
340,★ Driver Gloves | Imperial Plaid (Minimal Wear),1760.26,2770.0,205,21,0.1024,1.5736,steamdt-live,1788.98,166,1780.0,73,"溢价求购:买一高于卖一,多为定向收特定图案,买一价不可作退出价",11,0,7,5,4,10,6,0,-0.009227220299884653,0.02459837019790445,-0.0014396775122372807,0.015144175317185704,0.0,0.02459837019790445,0.022072344846360226,-0.022072344846360226,-0.09451646090534982,0.38,8,回撤不明显,买一异常溢价(不作为可成交退出价),43,0,0
341,M4A1-S | Vaporwave (Factory New),910.0,898.0,546,45,0.0824,0.9868,steamdt-live,940.0,225,948.0,149,,7,12,12,2,8,0,2,0,-0.005642499733844342,-0.025695931477516032,0.020978260869565224,-0.03119344192483764,0.03754627181385506,0.0,0.06474820143884896,-0.06522855675398054,-0.18604651162790697,0.37,12,可能加速下跌,,43,0,0
342,AK-47 | Breakthrough (Factory New),52.4,50.0,423,26,0.0615,0.9542,steamdt-live,50.9,387,52.43,290,,7,9,9,2,10,0,6,0,-0.0032051282051281937,-0.0372612067334972,-0.0024449877750611915,-0.040346907993966785,0.045028142589118136,0.038775510204081653,0.1372881355932204,-0.13582342954159587,-0.22878787878787876,0.38,13,可能加速下跌,,43,0,0
343,MP9 | Latte Rush (Factory New),306.5,300.0,514,31,0.0603,0.9788,steamdt-live,337.39,181,315.55,250,,7,12,12,2,10,0,0,0,-0.0015673981191222097,-0.03767660910518056,-0.025954198473282397,-0.039184952978056464,0.06269113149847094,0.021666666666666723,0.10380116959064323,-0.09319526627218933,-0.31479287295164426,0.25,10,长期阴跌,,43,0,0
344,M4A4 | In Living Color (Factory New),529.0,517.0,862,45,0.0522,0.9773,steamdt-live,535.0,172,536.0,224,,3,12,12,2,10,0,4,0,-0.011930366367028822,-0.015813953488372112,-0.025980304386750253,-0.027555653596573526,0.05366726296958857,0.0,0.09572649572649572,-0.09572649572649572,-0.25806451612903225,0.37,10,暂未减速,,43,0,0
345,Desert Eagle | Trigger Discipline (Factory New),37.07,34.5,706,36,0.051,0.9307,steamdt-live,37.34,434,37.93,364,,3,9,12,2,8,0,6,3,-0.00791556728232179,-0.014095744680851063,0.02156334231805923,-0.0218997361477572,0.023188405797101463,0.029722222222222205,0.06151898734177219,-0.06151898734177219,-0.37169491525423726,0.38,10,长期阴跌,,43,0,0
346,AK-47 | Cartel (Factory New),300.0,286.0,875,40,0.0457,0.9533,steamdt-live,309.69,285,307.19,252,,3,9,12,2,10,3,4,0,-0.01809369951534745,-0.012833168805528095,-0.011182108626198062,-0.030694668820678506,0.0430622009569378,0.0,0.09090909090909094,-0.09090909090909094,-0.23792104862063712,0.37,7,可能加速下跌,,43,0,0
347,Glock-18 | Grinder (Factory New),52.37,49.0,839,35,0.0417,0.9357,steamdt-live,49.99,364,51.35,261,,3,9,12,2,10,0,2,5,-0.006102362204724265,-0.009902951079421629,0.016000000000000014,-0.01594488188976373,0.04853444994290057,0.020204081632653192,0.14982993197278904,-0.13810344827586207,-0.4566304347826087,0.38,4,长期阴跌,,43,0,0
348,AK-47 | Bloodsport (Factory New),1014.9,1010.0,1571,53,0.0337,0.9952,steamdt-live,1019.0,1108,1030.0,341,,3,15,15,2,2,0,6,0,0.0003937007874015297,-0.001475796930342388,0.006438831104507159,-0.0010826771653543732,0.0029472443265546877,0.005349182763744409,0.01466019417475728,-0.012743190661478665,-0.04504267150935759,0.38,12,回撤不明显,,43,0,0
349,Five-SeveN | Orange Peel (Factory New),18.77,17.0,547,17,0.0311,0.9057,steamdt-live,18.68,105,18.37,197,,3,6,12,2,10,3,2,5,-0.006892895015906619,-0.019754404698344996,-0.04166666666666663,-0.026511134676564185,0.06707317073170738,0.0,0.14842300556586263,-0.14842300556586263,-0.40582524271844655,0.38,12,长期阴跌,,43,0,0
350,AWP | Fever Dream (Factory New),107.5,101.0,1191,29,0.0243,0.9395,steamdt-live,109.0,501,113.5,441,,3,9,15,2,10,0,4,0,-0.0091324200913242,-0.01382488479262678,0.004587155963302836,-0.022831050228310557,0.04035874439461884,0.0,0.08075601374570451,-0.07758620689655171,-0.26206896551724135,0.38,15,可能加速下跌,,43,0,0
351,M4A4 | Sheet Lightning (Factory New),25.4,23.2,1114,24,0.0215,0.9134,steamdt-live,25.4,540,26.37,670,,3,6,15,2,8,0,4,5,0.0003868471953578645,-0.017788089713843824,-0.015613099771515593,-0.01740812379110257,0.036418816388467445,0.01681345076060836,0.07971014492753636,-0.07971014492753636,-0.36052366565961735,0.3,10,长期阴跌,,43,0,0
352,M4A4 | Tooth Fairy (Factory New),78.3,75.0,1618,29,0.0179,0.9579,steamdt-live,82.8,464,80.41,584,,3,9,15,2,10,2,2,0,-0.02172845568377113,-0.017442590036391037,-0.02908224076281296,-0.03879204517554624,0.06451612903225812,0.0038461538461538325,0.11022727272727273,-0.11022727272727273,-0.2716279069767442,0.26,16,可能加速下跌,,43,0,0
353,★ Driver Gloves | Seigaiha (Minimal Wear),958.5,1240.0,23,21,0.913,1.2937,steamdt-live,952.0,34,973.1,25,"溢价求购:买一高于卖一,多为定向收特定图案,买一价不可作退出价",20,0,2,5,4,0,6,5,0.017021276595744705,-0.004184100418409997,-0.0015932023366967973,0.012765957446808418,0.006263048016701411,0.034782608695652195,0.016528925619834656,-0.003141361256544517,-0.05373436971949974,0.38,6,回撤不明显,买一异常溢价(不作为可成交退出价),42,0,0
354,★ Driver Gloves | Brocade Flowers (Field-Tested),813.38,1440.0,89,27,0.3034,1.7704,steamdt-live,800.0,87,818.38,108,"溢价求购:买一高于卖一,多为定向收特定图案,买一价不可作退出价",20,0,4,5,4,0,4,5,-0.0024691358024691024,-0.010519801980197974,-0.003076923076923088,-0.012962962962962954,0.016605166051660514,0.0,0.017813267813267863,-0.0006249999999999867,-0.19728915662650603,0.21,8,可能加速下跌,买一异常溢价(不作为可成交退出价),42,0,0
355,★ Specialist Gloves | Lime Polycam (Field-Tested),1527.5,2090.0,134,40,0.2985,1.3682,steamdt-live,1584.0,132,1587.19,70,"溢价求购:买一高于卖一,多为定向收特定图案,买一价不可作退出价",17,0,7,5,6,3,4,0,-0.006152849740932664,-0.004561746497230401,-0.002906038101388453,-0.010686528497409364,0.013561511139812743,0.0003274394237067213,0.037492123503465646,-0.03322784810126578,-0.09023228111971415,0.38,5,可能加速下跌,买一异常溢价(不作为可成交退出价),42,0,0
356,★ Specialist Gloves | Pillow Punchers (Field-Tested),2419.5,5400.0,201,55,0.2736,2.2319,steamdt-live,2399.0,231,2507.9,130,"溢价求购:买一高于卖一,多为定向收特定图案,买一价不可作退出价",17,0,7,5,2,0,6,5,-0.0010364842454394507,-0.004357750570657792,-0.00577081615828523,-0.005389718076285188,0.008677685950413183,0.0,0.01275720164609051,-0.006419548560778643,-0.07338740826573964,0.19,2,回撤不明显,买一异常溢价(不作为可成交退出价),42,0,0
357,★ Specialist Gloves | Sunburst (Field-Tested),1010.0,1550.0,139,35,0.2518,1.5347,steamdt-live,1023.0,181,1030.0,68,"溢价求购:买一高于卖一,多为定向收特定图案,买一价不可作退出价",17,0,7,5,2,0,6,5,0.004478057518161105,0.0005944125222905328,-9.950248756218638e-05,0.005075131853915726,0.009318293281020074,0.010010100101000896,0.009318293281020074,0.010000000000000009,-0.05123339658444015,0.38,3,回撤不明显,买一异常溢价(不作为可成交退出价),42,0,0
358,USP-S | Target Acquired (Factory New),2049.0,1920.0,152,25,0.1645,0.937,steamdt-live,2059.44,52,2024.5,80,,14,9,7,2,10,0,0,0,0.0,0.0,-0.05375087637298437,0.0,0.05375087637298437,0.01300975731798859,0.12340333405499027,-0.12340333405499027,-0.2866455250176181,0.26,0,价格更新稀疏,,42,0,0
359,AWP | Containment Breach (Factory New),2400.0,2340.0,155,22,0.1419,0.975,steamdt-live,2488.88,65,2507.82,92,,11,12,7,2,10,0,0,0,-0.0006002400960384291,-0.03903903903903905,-0.023828124999999978,-0.03961584633853543,0.0625,0.0,0.08682748649265648,-0.08661896787943368,-0.23919417983547575,0.34,5,可能加速下跌,,42,0,0
360,M4A4 | Daybreak (Factory New),4049.5,3920.0,169,23,0.1361,0.968,steamdt-live,4900.0,47,4350.0,56,,11,12,7,2,10,0,0,0,-0.003301108229191274,-0.041991956470309955,-0.006349429488531233,-0.04515444470643715,0.05121716923221109,0.0,0.08070165880058744,-0.08070165880058744,-0.2802795348432149,0.38,6,可能加速下跌,,42,0,0
361,AWP | Dragon Lore (Factory New),74400.0,77750.0,124,16,0.129,1.045,steamdt-live,73999.5,153,77900.0,33,,11,15,7,5,4,0,0,0,-6.756756756765014e-06,0.0,0.0,-6.756756756765014e-06,6.756756756765014e-06,0.0,0.023450542054594736,0.004063772048846781,-0.011851189124948203,0.37,0,价格更新稀疏,,42,0,0
362,FAMAS | Djinn (Factory New),217.11,202.0,135,13,0.0963,0.9304,steamdt-live,222.21,43,214.56,109,,7,9,7,2,10,0,4,3,-0.004630478635613389,-0.011745198286582936,-0.0038818102936475363,-0.016321291032459162,0.020139745170571266,0.0,0.08911059223094886,-0.08911059223094886,-0.34979847874178005,0.38,16,长期阴跌,,42,0,0
363,★ Hydra Gloves | Emerald (Field-Tested),199.0,196.0,115,11,0.0957,0.9849,steamdt-live,203.99,94,202.88,393,,7,12,7,5,0,0,6,5,0.0,0.010152284263959421,0.0028507432294848645,0.010152284263959421,0.0,0.03645833333333326,0.0,0.016862544711292893,-0.04807462329586232,0.38,4,回撤不明显,,42,0,0
364,P250 | Mint Kimono (Factory New),80.99,74.0,180,16,0.0889,0.9137,steamdt-live,74.65,91,76.19,84,,7,6,7,2,10,8,2,0,-0.021526418786692814,-0.0048000000000000265,-0.005449591280653809,-0.026223091976516733,0.031529778123783436,0.0,0.16210148181409967,-0.16210148181409967,-0.45913043478260873,0.38,8,长期阴跌,,42,0,0
365,Galil AR | Amber Fade (Factory New),123.0,111.0,515,37,0.0718,0.9024,steamdt-live,130.5,127,124.56,105,,7,6,12,2,2,10,0,3,-0.004956383822363186,0.22524407252440715,-0.03269728641288727,0.21917129262490098,0.012604367373153513,0.24232323232323227,0.012604367373153513,0.05661512027491389,-0.4250923199177301,0.38,10,长期阴跌,,42,0,0
366,AWP | Chromatic Aberration (Factory New),433.0,408.0,285,20,0.0702,0.9423,steamdt-live,445.0,189,446.0,176,,7,9,9,2,4,0,6,5,-0.00022988505747134624,-0.004368820418486963,0.012805587892898762,-0.0045977011494252595,0.0045977011494252595,0.020023557126030544,0.026966292134831482,-0.02257336343115124,-0.09791666666666665,0.38,5,回撤不明显,,42,0,0
367,M4A1-S | Cyrex (Factory New),1230.0,1200.0,546,27,0.0495,0.9756,steamdt-live,1249.5,241,1257.9,144,,3,12,12,2,6,0,4,3,-0.00040160642570286065,-0.011651265568501379,0.0040322580645162365,-0.012048192771084376,0.012048192771084376,0.0004066693777957653,0.03831118060985139,-0.03831118060985139,-0.06959152798789714,0.37,2,可能加速下跌,,42,0,0
368,Galil AR | Chromatic Aberration (Factory New),117.5,110.0,674,30,0.0445,0.9362,steamdt-live,120.0,187,123.8,203,,3,9,12,2,8,3,2,3,-0.00421940928270037,-0.004237288135593209,-0.012499999999999956,-0.008438818565400852,0.03292181069958844,0.021739130434782705,0.073489985806655,-0.05241935483870963,-0.3350311262026032,0.25,3,长期阴跌,,42,0,0
369,M4A1-S | Boreal Forest (Factory New),56.58,51.0,618,26,0.0421,0.9014,steamdt-live,53.77,110,56.73,125,,3,6,12,2,10,9,0,0,-0.014633254069873813,-0.001856320772229303,-0.006000000000000005,-0.016462410828608,0.022363636363636252,0.07540000000000013,0.2092647058823529,-0.2092647058823529,-0.48238351944551405,0.38,7,长期阴跌,,42,0,0
370,Glock-18 | Vogue (Factory New),66.0,65.0,927,35,0.0378,0.9848,steamdt-live,68.5,323,70.76,625,,3,12,15,2,10,0,0,0,0.0014513788098693414,-0.04347826086956519,-0.021306818181818232,-0.04208998548621201,0.05714285714285716,0.0,0.10834909483923261,-0.10472056429734122,-0.25984075361668724,0.26,8,可能加速下跌,,42,0,0
371,Galil AR | Firefight (Factory New),60.29,54.0,598,22,0.0368,0.8957,steamdt-live,61.0,109,60.5,214,,3,6,12,2,10,7,2,0,-0.04208542713567842,-0.01163934426229507,-0.01728395061728394,-0.05323492462311563,0.06959876543209875,0.006510851419031738,0.08651515151515154,-0.08651515151515154,-0.35779718789944603,0.31,8,长期阴跌,,42,0,0
372,Glock-18 | Ghost Protocol (Factory New),3149.0,3000.0,9,20,2.2222,0.9527,steamdt-live,3199.5,13,3180.0,17,,20,9,2,2,8,0,0,0,-0.000461609478381253,-0.030480295566502447,-0.008996645318694707,-0.030927835051546393,0.03979265131879861,0.0,0.0707844479592078,-0.0707844479592078,-0.12039106145251399,1.31,4,可能加速下跌,,41,0,0
373,★ Sport Gloves | Blaze (Minimal Wear),1510.0,1960.0,30,24,0.8,1.298,steamdt-live,1498.0,42,1521.46,29,"溢价求购:买一高于卖一,多为定向收特定图案,买一价不可作退出价",20,0,4,5,6,0,6,0,0.003900333739897288,0.0,-0.002553475935828886,0.003900333739897288,0.0,0.005369127516778427,0.03354838709677421,-0.03354838709677421,-0.09759036144578315,0.13,3,回撤不明显,买一异常溢价(不作为可成交退出价),41,0,0
374,★ Moto Gloves | 3rd Commando Company (Minimal Wear),487.0,501.0,121,23,0.1901,1.0287,steamdt-live,497.0,44,481.17,78,,14,15,7,5,0,0,0,0,0.0153407891960331,0.0,-0.002315789473684271,0.0153407891960331,0.0,0.021592356687898162,0.0,0.05975244471852692,-0.037486747614570604,0.38,1,价格更新稀疏,,41,0,0
375,★ Broken Fang Gloves | Yellow-banded (Minimal Wear),429.0,506.0,111,20,0.1802,1.1795,steamdt-live,454.0,58,459.5,58,"溢价求购:买一高于卖一,多为定向收特定图案,买一价不可作退出价",14,0,7,5,4,0,6,5,0.0,-0.005793742757821518,-0.0034642032332563577,-0.005793742757821518,0.009237875288683584,0.009411764705882453,0.025000000000000022,-0.023890784982935176,-0.14541832669322707,0.38,8,回撤不明显,买一异常溢价(不作为可成交退出价),41,0,0
376,USP-S | Whiteout (Factory New),2628.0,2460.0,153,22,0.1438,0.9361,steamdt-live,2700.0,55,2707.93,57,,11,9,7,2,8,0,4,0,0.005471698113207468,-0.013698630136986356,-0.002608273458465149,-0.008301886792452806,0.014253563390847712,0.0,0.061260939453473884,-0.061260939453473884,-0.17669172932330823,0.38,3,可能加速下跌,,41,0,0
377,USP-S | Serum (Factory New),568.99,531.0,162,22,0.1358,0.9332,steamdt-live,667.97,47,596.0,78,,11,9,7,2,10,0,2,0,-0.003931034482758555,-0.015111126497265093,-0.016932490381192933,-0.018982758620689655,0.03559382362412922,0.0,0.0881278246097631,-0.0881278246097631,-0.28697994987468667,0.38,6,可能加速下跌,,41,0,0
378,MP9 | Hydra (Factory New),265.8,243.0,139,17,0.1223,0.9142,steamdt-live,264.13,64,279.91,85,,11,6,7,2,6,0,4,5,-0.0019925561111321377,-0.005010171023883014,-0.0019136960600374398,-0.00699274408812367,0.008893058161350886,0.0042965779467680765,0.03249084249084255,-0.030715596330275208,-0.08409043622997436,0.21,2,回撤不明显,,41,0,0
379,★ Driver Gloves | Rezan the Red (Field-Tested),356.5,424.0,220,24,0.1091,1.1893,steamdt-live,359.49,191,359.1,125,"溢价求购:买一高于卖一,多为定向收特定图案,买一价不可作退出价",11,0,7,5,2,10,6,0,-0.013966480446927387,0.009915014164305846,0.02285714285714291,-0.0041899441340782495,0.009722222222222188,0.009915014164305846,0.009722222222222188,-0.0041899441340782495,-0.045515394912985285,0.37,9,回撤不明显,买一异常溢价(不作为可成交退出价),41,0,0
380,AWP | Chrome Cannon (Factory New),434.5,433.0,366,35,0.0956,0.9965,steamdt-live,444.77,311,455.5,142,,7,15,9,2,4,0,4,0,-0.005649717514124242,-0.012499999999999956,0.006825938566553003,-0.01807909604519775,0.02359550561797752,0.0011520737327188613,0.02578475336322872,-0.011376564277588153,-0.046312554872695366,0.38,12,可能加速下跌,,41,0,0
381,P250 | Undertow (Factory New),259.09,235.0,128,9,0.0703,0.907,steamdt-live,260.79,92,266.39,104,,7,6,7,2,8,5,6,0,-0.007367537028553972,-0.0036149675037495665,-0.008853575482406506,-0.01095587112536267,0.019712447975785197,0.0,0.06038296946398791,-0.06038296946398791,-0.31818421052631585,0.38,7,长期阴跌,,41,0,0
382,FAMAS | Neural Net (Factory New),36.99,35.5,506,23,0.0455,0.9597,steamdt-live,36.25,147,36.92,322,,3,9,12,2,10,0,2,3,-0.0029729729729729426,-0.017348875033884492,-0.020905001323101358,-0.020270270270270285,0.04075152156655193,0.00027593818984539276,0.17388331814038294,-0.17407154249259515,-0.46691176470588236,0.29,4,长期阴跌,,41,0,0
383,AWP | Capillary (Factory New),35.59,34.3,795,25,0.0314,0.9638,steamdt-live,35.54,182,36.49,209,,3,12,12,2,10,0,2,0,-0.016304347826086807,-0.018232044198895125,-0.005405405405405461,-0.03423913043478255,0.0394594594594595,0.0,0.11459890383657201,-0.11459890383657201,-0.43135999999999997,0.38,8,长期阴跌,,41,0,0
384,Five-SeveN | Nightshade (Factory New),85.46,79.0,650,16,0.0246,0.9244,steamdt-live,96.99,60,90.68,42,,3,6,12,2,10,6,2,0,-0.03448659472688831,-0.015324346122825405,-0.022934782608695636,-0.04928245633552131,0.07108695652173924,0.0,0.11219613546644513,-0.11219613546644513,-0.4972941176470589,0.38,8,长期阴跌,,41,0,0
385,★ Driver Gloves | Wave Chaser (Minimal Wear),3030.0,3270.0,38,29,0.7632,1.0792,steamdt-live,3040.5,50,3153.5,22,"溢价求购:买一高于卖一,多为定向收特定图案,买一价不可作退出价",20,0,4,5,0,0,6,5,0.0043117744610281505,0.0006605019815060231,-0.004950495049504955,0.004975124378109541,0.0,0.004975124378109541,0.003289473684210509,0.010336778926308687,-0.035031847133757954,0.33,2,回撤不明显,买一异常溢价(不作为可成交退出价),40,0,0
386,Glock-18 | Weasel (Factory New),249.0,244.0,418,113,0.2703,0.9799,steamdt-live,248.8,67,258.88,66,,17,12,9,2,0,0,0,0,0.00022956841138643824,0.14207023181087908,0.0060975609756097615,0.14233241505968786,0.0,0.15726312851760538,0.0,0.14459217003266334,0.013772308695297886,0.25,13,反弹较远,,40,0,0
387,Glock-18 | Pink DDPAT (Factory New),440.0,415.0,19,5,0.2632,0.9432,steamdt-live,512.0,11,478.5,31,,17,9,2,2,10,0,0,0,0.004906771344455274,-0.140625,0.0,-0.13640824337585866,0.140625,0.0,0.140625,-0.13237237000374658,-0.15384615384615385,0.3,4,可能加速下跌,,40,0,0
388,★ Moto Gloves | Spearmint (Minimal Wear),17199.5,26530.0,184,33,0.1793,1.5425,steamdt-live,17699.5,150,17799.32,59,"溢价求购:买一高于卖一,多为定向收特定图案,买一价不可作退出价",14,0,7,5,8,0,6,0,-0.008555240793201135,-0.01711526372935601,-0.0021483491632745544,-0.025524079320113358,0.02761759384893714,0.0,0.06473626971179991,-0.04912096417514378,-0.16048810250152534,0.38,8,可能加速下跌,买一异常溢价(不作为可成交退出价),40,0,0
389,AK-47 | The Oligarch (Factory New),1648.0,1560.0,195,32,0.1641,0.9466,steamdt-live,1669.5,177,1726.94,95,,14,9,7,2,4,0,4,0,-0.002991937891907992,-0.012872194502512757,-0.003866745984533071,-0.015825619587936712,0.019631171921475343,0.0,0.029160530191458034,-0.029160530191458034,-0.08317107093184983,1.13,4,可能加速下跌,,40,0,0
390,MP9 | Starlight Protector (Factory New),593.4,963.0,204,29,0.1422,1.6229,steamdt-live,598.5,170,597.6,81,"溢价求购:买一高于卖一,多为定向收特定图案,买一价不可作退出价",11,0,7,2,6,3,6,5,-0.00335008375209378,-0.0026890756302521135,-0.00830564784053156,-0.0060301507537688925,0.014285714285714346,0.0008433125316242851,0.031025473546701487,-0.02058197303051812,-0.055847255369928406,0.38,10,暂未减速,买一异常溢价(不作为可成交退出价),40,0,0
391,P250 | Contamination (Factory New),49.23,39.0,64,6,0.0938,0.7922,steamdt-live,37.77,36,38.55,42,,7,1,4,2,8,7,6,5,-0.002109704641350185,-0.00184989429175475,-0.011985409067222563,-0.003955696202531556,0.015893694632621136,0.0,0.0540946656649135,-0.0540946656649135,-0.3978957436633189,0.38,3,长期阴跌,,40,0,0
392,AK-47 | Green Laminate (Factory New),226.0,218.0,373,29,0.0777,0.9646,steamdt-live,237.99,126,237.29,148,,7,12,9,2,10,0,0,0,-0.025000000000000022,-0.042735042735042694,-0.016393442622950838,-0.06666666666666665,0.08384458077709611,0.0,0.1626168224299065,-0.1626168224299065,-0.38082206927053097,0.38,10,长期阴跌,,40,0,0
393,Galil AR | Phoenix Blacklight (Factory New),859.5,833.0,458,34,0.0742,0.9692,steamdt-live,876.0,142,866.29,141,,7,12,9,2,10,0,0,0,-0.030517711171662132,-0.033726812816188834,0.002732240437158362,-0.06321525885558588,0.07775011803081677,0.0,0.13268549632186,-0.13268549632186,-0.3383371824480369,0.38,17,长期阴跌,,40,0,0
394,Glock-18 | Wasteland Rebel (Factory New),758.0,747.0,467,30,0.0642,0.9855,steamdt-live,778.5,98,770.38,159,,7,12,9,2,6,0,4,0,-0.007056320855060139,-0.009797517962116253,-0.00200649846599954,-0.016784704386852534,0.01875752436924749,0.0,0.03684879288437104,-0.031742990355751455,-0.06419753086419755,0.38,11,可能加速下跌,,40,0,0
395,P250 | Muertos (Factory New),110.5,107.0,270,17,0.063,0.9683,steamdt-live,114.97,156,119.13,185,,7,12,9,2,10,0,0,0,-0.02086956521739136,-0.031971580817051426,-0.01608487337440101,-0.05217391304347829,0.07627118644067798,0.0,0.12498996548125552,-0.12498996548125552,-0.3569321533923304,0.38,11,长期阴跌,,40,0,0
396,★ Hand Wraps | CAUTION! (Field-Tested),780.0,847.0,597,37,0.062,1.0859,steamdt-live,790.0,499,799.5,231,"溢价求购:买一高于卖一,多为定向收特定图案,买一价不可作退出价",7,0,12,5,2,10,4,0,-0.006369426751592355,0.008333333333333304,-0.0037944643967563474,0.0019108280254778176,0.009445843828715383,0.015493867010974771,0.009445843828715383,0.017464424320827954,-0.050120772946859904,0.38,13,回撤不明显,买一异常溢价(不作为可成交退出价),40,0,0
397,Desert Eagle | Printstream (Factory New),470.99,457.0,1242,43,0.0346,0.9703,steamdt-live,466.0,951,471.88,445,,3,12,15,2,2,0,6,0,0.0021739130434783593,0.010845986984815648,0.002178649237472685,0.01304347826086949,0.0,0.014189953860886284,0.010594704770801933,-0.007454739084132078,-0.05763397371081902,0.38,14,回撤不明显,,40,0,0
398,AWP | Neo-Noir (Factory New),313.0,301.0,1014,35,0.0345,0.9617,steamdt-live,317.0,610,324.67,268,,3,12,15,2,6,0,2,0,-0.0031446540880503138,-0.012618296529968487,-0.0025094102885822034,-0.01572327044025157,0.023400936037441533,0.00967741935483879,0.03095975232198145,-0.024922118380062308,-0.08666472133060987,0.37,12,可能加速下跌,,40,0,0
399,P250 | Steel Disruption (Factory New),32.7,30.5,243,7,0.0288,0.9327,steamdt-live,34.41,137,34.22,92,,3,9,7,2,10,7,2,0,-0.02284866468842739,-0.006680838141512213,-0.01085999412973282,-0.029376854599406532,0.03991781626063984,0.012693498452012397,0.10013755158184323,-0.0964088397790056,-0.4816164817749604,0.38,13,长期阴跌,,40,0,0
400,AK-47 | Crossfade (Factory New),25.2,23.3,2734,36,0.0132,0.9246,steamdt-live,27.0,1180,26.76,883,,3,6,15,2,8,0,6,0,0.032258064516129004,-0.01562500000000011,0.001615508885298933,0.016129032258064502,0.023255813953488413,0.02857142857142847,0.0752293577981652,-0.07488986784140972,-0.2432432432432432,1.14,10,可能加速下跌,,40,0,0
401,★ Specialist Gloves | Blackbook (Minimal Wear),3179.0,4130.0,44,21,0.4773,1.2992,steamdt-live,3300.0,56,3296.5,35,"溢价求购:买一高于卖一,多为定向收特定图案,买一价不可作退出价",20,0,4,5,4,0,6,0,0.011452202958485813,-0.0001572574304136154,-0.0004769475357710995,0.011293144584062276,0.021695645483920556,0.011293144584062276,0.021695645483920556,0.009206349206349218,-0.05932830300340286,0.38,3,可能加速下跌,买一异常溢价(不作为可成交退出价),39,0,0
402,★ Driver Gloves | Wave Chaser (Field-Tested),1020.0,1970.0,82,33,0.4024,1.9314,steamdt-live,997.0,88,1018.97,62,"溢价求购:买一高于卖一,多为定向收特定图案,买一价不可作退出价",20,0,4,5,4,0,6,0,-0.0010030090270812808,0.0010040160642570406,-0.0002506893958386103,0.0,0.00098198360688595,0.0020100502512563345,0.024461839530332652,-0.024461839530332652,-0.07255813953488377,0.38,7,回撤不明显,买一异常溢价(不作为可成交退出价),39,0,0
403,★ Hand Wraps | Arboreal (Minimal Wear),423.49,487.0,123,26,0.2114,1.15,steamdt-live,435.0,94,448.0,97,"溢价求购:买一高于卖一,多为定向收特定图案,买一价不可作退出价",17,0,7,5,6,0,4,0,-0.009260969976905287,-0.012820811673931787,-0.0045977011494252595,-0.021963048498845228,0.03310577867074593,0.0,0.04833707865168535,-0.04833707865168535,-0.1545249455968376,0.28,13,可能加速下跌,买一异常溢价(不作为可成交退出价),39,0,0
404,★ Sport Gloves | Occult (Field-Tested),3090.0,4200.0,271,55,0.203,1.3592,steamdt-live,3147.88,305,3199.55,88,"溢价求购:买一高于卖一,多为定向收特定图案,买一价不可作退出价",17,0,9,5,4,0,4,0,-0.001568050177605751,-0.009615384615384581,-0.001150711203452115,-0.011168357387436378,0.012306217036918699,0.0,0.018891887601206525,-0.002582311168495832,-0.058305803761900754,0.13,4,可能加速下跌,买一异常溢价(不作为可成交退出价),39,0,0
405,AK-47 | Black Laminate (Factory New),1366.0,1040.0,15,3,0.2,0.7613,steamdt-live,1387.5,18,1339.54,22,,8,1,2,2,10,10,6,0,-0.022225475841874065,0.0029199484891138106,0.0,-0.0193704245973646,0.0193704245973646,0.0035285392147315076,0.10536298670941024,-0.10536298670941024,-0.3026316474477445,0.38,7,长期阴跌,,39,0,0
406,★ Sport Gloves | Pandora's Box (Minimal Wear),33240.0,56500.0,187,35,0.1872,1.6998,steamdt-live,33366.0,205,33572.15,53,"溢价求购:买一高于卖一,多为定向收特定图案,买一价不可作退出价",14,0,7,5,4,3,6,0,0.004955223880596993,-0.012653715915166619,-0.01144948064211515,-0.00776119402985076,0.018020679468242262,0.00120481927710836,0.022352941176470575,-0.022324186005470703,-0.06629213483146068,0.28,6,可能加速下跌,买一异常溢价(不作为可成交退出价),39,0,0
407,★ Specialist Gloves | Mogul (Minimal Wear),911.4,1400.0,178,28,0.1573,1.5361,steamdt-live,903.0,168,946.46,67,"溢价求购:买一高于卖一,多为定向收特定图案,买一价不可作退出价",14,0,7,5,2,0,6,5,0.01219239373601777,-0.0020996795225991516,-0.0021764607399966662,0.010067114093959662,0.0049586776859503745,0.018038331454340417,0.007692307692307665,0.00893854748603351,-0.049473684210526336,0.3,6,回撤不明显,买一异常溢价(不作为可成交退出价),39,0,0
408,★ Broken Fang Gloves | Yellow-banded (Field-Tested),276.0,308.0,145,22,0.1517,1.1159,steamdt-live,279.5,125,277.21,99,"溢价求购:买一高于卖一,多为定向收特定图案,买一价不可作退出价",14,0,7,5,2,0,6,5,0.039399624765478425,-0.0036101083032491488,0.015238095238095273,0.03564727954971847,0.00540540540540535,0.05343511450381677,0.014285714285714235,-0.010752688172043001,-0.0524581159022246,0.38,11,回撤不明显,买一异常溢价(不作为可成交退出价),39,0,0
409,FAMAS | Waters of Nephthys (Factory New),870.0,1141.0,171,25,0.1462,1.3115,steamdt-live,913.71,74,890.0,65,"溢价求购:买一高于卖一,多为定向收特定图案,买一价不可作退出价",11,0,7,2,10,5,4,0,-0.022222222222222254,-0.011363636363636354,-0.02386117136659438,-0.033333333333333326,0.05639913232104121,0.0,0.12121212121212122,-0.12121212121212122,-0.3305117352828011,0.38,9,长期阴跌,买一异常溢价(不作为可成交退出价),39,0,0
410,★ Sport Gloves | Ultra Violent (Field-Tested),5716.16,7980.0,541,58,0.1072,1.396,steamdt-live,5699.38,589,5754.76,168,"溢价求购:买一高于卖一,多为定向收特定图案,买一价不可作退出价",11,0,12,5,4,0,4,3,-0.0019406631762652893,-0.0034097585541225106,0.0,-0.005343804537521812,0.010352491752040227,0.008739823008849568,0.015140832901330503,-0.015140832901330503,-0.056394039735099266,0.38,4,可能加速下跌,买一异常溢价(不作为可成交退出价),39,0,0
411,Galil AR | Sugar Rush (Factory New),825.0,771.0,350,27,0.0771,0.9345,steamdt-live,842.49,70,857.48,96,,7,9,9,2,10,0,2,0,-0.010501750291715295,-0.027122641509433998,-0.014376078205865395,-0.037339556592765444,0.051178838412880956,0.0,0.13092027642002357,-0.12234042553191493,-0.30764195437989894,0.38,12,长期阴跌,,39,0,0
412,USP-S | Stainless (Factory New),257.0,242.0,321,24,0.0748,0.9416,steamdt-live,286.1,230,272.65,103,,7,9,9,2,10,0,2,0,-0.003795066413662229,-0.020952380952380945,-0.011257035647279534,-0.024667931688804545,0.03564727954971858,0.0,0.11379310344827587,-0.11379310344827587,-0.27166581647112176,0.38,8,可能加速下跌,,39,0,0
413,Tec-9 | Phoenix Chalk (Factory New),58.59,53.0,475,27,0.0568,0.9046,steamdt-live,60.7,103,59.23,128,,3,6,9,2,10,4,2,3,-0.04543280726924903,-0.021543086172344683,-0.034923076923076946,-0.06599713055954082,0.09861538461538455,0.0,0.20609756097560972,-0.20609756097560972,-0.5386250885896526,0.38,10,长期阴跌,,39,0,0
414,Five-SeveN | Copper Galaxy (Factory New),103.0,99.0,604,29,0.048,0.9612,steamdt-live,113.3,126,104.77,169,,3,12,12,2,10,0,0,0,-0.015596330275229331,-0.040074557315936565,-0.004566210045662156,-0.05504587155963303,0.06837916063675831,0.0,0.1621247864638412,-0.16260162601626016,-0.40455543993525256,0.31,7,长期阴跌,,39,0,0
415,M4A4 | Temukau (Factory New),588.88,572.0,754,36,0.0477,0.9713,steamdt-live,589.0,685,599.99,391,,3,12,12,2,8,0,2,0,-0.011608623548922004,-0.011946308724832266,0.0011622115224971807,-0.02341625207296849,0.02567835870284574,0.015310344827586198,0.056282051282051326,-0.05610053215361932,-0.15137191607101674,0.37,19,可能加速下跌,,39,0,0
416,AWP | Crakow! (Factory New),478.0,460.0,780,33,0.0423,0.9623,steamdt-live,498.8,374,503.0,228,,3,12,12,2,8,0,2,0,-0.0022357723577236532,-0.027296801792625724,-0.019900794836550495,-0.029471544715447107,0.048785832387099326,0.0,0.07010710808179166,-0.06920077972709548,-0.1753022452504318,0.38,14,可能加速下跌,,39,0,0
417,M4A1-S | Icarus Fell (Factory New),2819.0,2720.0,611,23,0.0376,0.9649,steamdt-live,2898.5,409,2879.0,187,,3,12,12,2,6,0,4,0,-0.00017543859649127302,-0.010703632216178316,-0.005717993713346692,-0.010877192982456152,0.016532990974710282,0.00017739932588245466,0.039522998296422474,-0.03441047316969581,-0.1316695723957788,0.37,6,可能加速下跌,,39,0,0
418,Desert Eagle | Blaze (Factory New),3855.0,3800.0,507,15,0.0296,0.9857,steamdt-live,3998.99,423,3999.0,116,,3,12,12,2,6,0,4,0,0.0,-0.005930892212480665,-0.0028284906145539246,-0.005930892212480665,0.008742607354075616,0.0,0.03262233375156842,-0.03261990619800792,-0.061913696060037604,0.38,5,回撤不明显,,39,0,0
419,Desert Eagle | Sputnik (Factory New),47.65,45.3,2194,63,0.0287,0.9507,steamdt-live,44.0,532,48.89,533,,3,9,15,2,10,0,0,0,-0.028112449799196804,-0.033677685950413094,-0.03619121347009879,-0.06084337349397584,0.13066914498141258,0.06295454545454549,0.19027008310249294,-0.17932970696613437,-0.4604291647438855,0.16,14,长期阴跌,,39,0,0
420,AK-47 | Elite Build (Factory New),50.0,47.0,1145,20,0.0175,0.94,steamdt-live,49.6,726,51.59,453,,3,9,15,2,6,0,4,0,0.0,-0.008000000000000007,0.035196687370600444,-0.008000000000000007,0.01898734177215189,0.031185031185031242,0.04061895551257255,-0.04061895551257255,-0.2585949177877429,0.36,6,可能加速下跌,,39,0,0
421,P250 | Kintsugi (Factory New),118.0,218.0,114,29,0.2544,1.8475,steamdt-live,119.5,113,126.43,65,"溢价求购:买一高于卖一,多为定向收特定图案,买一价不可作退出价",17,0,7,2,6,0,6,0,-0.004184100418409997,-0.008403361344537785,-0.004166666666666652,-0.012552301255230103,0.01666666666666672,0.026086956521739202,0.04831034760867803,-0.03986981285598057,-0.040338321405335,0.18,9,可能加速下跌,买一异常溢价(不作为可成交退出价),38,0,0
422,★ Broken Fang Gloves | Jade (Field-Tested),427.0,509.0,134,30,0.2239,1.192,steamdt-live,427.88,116,427.77,90,"溢价求购:买一高于卖一,多为定向收特定图案,买一价不可作退出价",17,0,7,5,0,0,6,3,-0.0020566513975881495,0.0,0.021193317422434355,-0.0020566513975881495,0.0020566513975881495,0.021531100478468845,0.0020566513975881495,0.007170487781866353,-0.011207854761022595,0.38,5,回撤不明显,买一异常溢价(不作为可成交退出价),38,0,0
423,★ Broken Fang Gloves | Jade (Minimal Wear),721.4,880.0,86,17,0.1977,1.2199,steamdt-live,723.91,33,742.49,82,"溢价求购:买一高于卖一,多为定向收特定图案,买一价不可作退出价",14,0,4,5,6,0,6,3,-0.0015034482758621293,-0.0034672818444281273,0.0,-0.004965517241379391,0.004965517241379391,0.0019444444444443043,0.036977706581230896,-0.036977706581230896,-0.09155018259665038,0.32,4,回撤不明显,买一异常溢价(不作为可成交退出价),38,0,0
424,USP-S | Ancient Visions (Factory New),269.99,248.0,65,12,0.1846,0.9186,steamdt-live,296.0,27,278.34,84,,14,6,4,2,10,0,2,0,-0.00035914380117807454,-0.02999928145433628,-0.02294897887571068,-0.030347651199540304,0.05260018246894527,0.0,0.09118755890669172,-0.09118755890669172,-0.24583798882681562,0.38,2,可能加速下跌,,38,0,0
425,Desert Eagle | Sunset Storm 壱 (Factory New),3100.0,3010.0,53,9,0.1698,0.971,steamdt-live,3168.0,36,3275.74,50,,14,12,4,2,4,0,2,0,-0.0001574803149606563,-0.023468262718538302,-0.0012551156184825718,-0.023622047244094446,0.024847514462140396,0.0,0.0268342604568228,-0.025622972667152855,-0.027450980392156876,0.38,3,可能加速下跌,,38,0,0
426,★ Moto Gloves | Smoke Out (Field-Tested),666.9,902.0,307,42,0.1368,1.3525,steamdt-live,674.5,299,669.85,137,"溢价求购:买一高于卖一,多为定向收特定图案,买一价不可作退出价",11,0,9,5,4,0,4,5,-0.00014972301242699437,-0.0013477088948786742,-0.004619970193740719,-0.0014972301242700548,0.009063893016344804,0.00588235294117645,0.016371681415929262,-0.014918759231905554,-0.07194544948510995,0.37,10,回撤不明显,买一异常溢价(不作为可成交退出价),38,0,0
427,★ Sport Gloves | Bronze Morph (Minimal Wear),783.47,1030.0,190,26,0.1368,1.3147,steamdt-live,788.0,117,788.74,91,"溢价求购:买一高于卖一,多为定向收特定图案,买一价不可作退出价",11,0,7,5,4,0,6,5,-0.0019318759532281904,-0.0023049103504482193,-0.0034198860037999435,-0.00423233350279606,0.018084973054267373,0.0,0.018084973054267373,-0.018084973054267373,-0.06681991972080947,0.28,5,暂未减速,买一异常溢价(不作为可成交退出价),38,0,0
428,FAMAS | Meltdown (Factory New),433.84,389.0,155,18,0.1161,0.8966,steamdt-live,431.31,66,411.2,90,,11,6,7,2,10,0,2,0,-0.02070156603729545,-0.020019065776930467,-0.034738336074252585,-0.04030620580203992,0.0746866491145165,0.0,0.14315482392165035,-0.11055352469122448,-0.42621921440033483,0.29,2,长期阴跌,,38,0,0
429,★ Specialist Gloves | Marble Fade (Field-Tested),828.99,1360.0,385,40,0.1039,1.6406,steamdt-live,836.5,326,852.67,149,"溢价求购:买一高于卖一,多为定向收特定图案,买一价不可作退出价",11,0,9,5,4,0,4,5,-0.0035842293906810374,-0.006007194244604275,0.00540540540540535,-0.009569892473118236,0.010161194029850718,0.010963414634146407,0.021263282172373055,-0.021263282172373055,-0.07099311921464913,0.38,13,可能加速下跌,买一异常溢价(不作为可成交退出价),38,0,0
430,★ Specialist Gloves | Buckshot (Field-Tested),259.8,308.0,305,23,0.0754,1.1855,steamdt-live,259.5,299,259.0,167,"溢价求购:买一高于卖一,多为定向收特定图案,买一价不可作退出价",7,0,9,5,0,10,2,5,-0.009280651603555623,0.025691699604743157,0.005393700787401645,0.016172612288052557,0.0,0.0506072874493928,0.0,0.01764705882352935,-0.05704941860465107,0.38,16,回撤不明显,买一异常溢价(不作为可成交退出价),38,0,0
431,Tec-9 | Isaac (Factory New),98.0,84.0,249,16,0.0643,0.8571,steamdt-live,98.68,98,99.52,157,,7,3,7,2,10,0,4,5,-0.0026259973740027087,-0.0075949367088608,-0.004023740066391612,-0.010200989799010296,0.014183683734030783,0.03157894736842115,0.09619109102646872,-0.09619109102646872,-0.40921147817699544,0.38,4,长期阴跌,,38,0,0
432,★ Specialist Gloves | Tiger Strike (Field-Tested),984.0,1520.0,1011,53,0.0524,1.5447,steamdt-live,993.49,831,997.99,299,"溢价求购:买一高于卖一,多为定向收特定图案,买一价不可作退出价",3,0,15,5,4,2,6,3,-0.0060301507537688925,-0.005055611729019249,-0.0025062656641604564,-0.011055276381909507,0.01501501501501501,0.0,0.01550775387693848,-0.01550775387693848,-0.08858508391686126,0.37,8,可能加速下跌,买一异常溢价(不作为可成交退出价),38,0,0
433,AWP | Green Energy (Factory New),181.16,171.0,790,22,0.0278,0.9439,steamdt-live,183.58,370,196.99,500,,3,9,12,2,10,0,2,0,-0.010526315789473717,-0.036382978723404236,-0.035484034722574775,-0.04652631578947375,0.08040609137055843,0.002656630506973512,0.0981680605336519,-0.09420000000000006,-0.29325478874887834,0.38,18,可能加速下跌,,38,0,0
434,AWP | Exothermic (Factory New),51.0,48.0,439,12,0.0273,0.9412,steamdt-live,51.87,308,51.54,352,,3,9,9,2,10,0,0,5,-0.005463451394122076,-0.033907937109300956,-0.025518634110519578,-0.03918613413715144,0.06832298136645965,0.0,0.08438061041292644,-0.0546802594995367,-0.2079515452710048,0.38,9,可能加速下跌,,38,0,0
435,Glock-18 | Green Line (Factory New),35.89,32.5,1513,41,0.0271,0.9055,steamdt-live,34.39,281,36.33,456,,3,6,15,2,10,0,2,0,-0.025952960259529645,-0.04551762420205385,-0.024010554089709646,-0.07028926736955943,0.09237265769332281,0.0,0.14024999999999999,-0.14175193411529818,-0.5152241330702001,0.22,4,长期阴跌,,38,0,0
436,AK-47 | Consequence of the Jinn (Factory New),3574.0,3350.0,23,22,0.9565,0.9373,steamdt-live,3598.5,23,3759.0,38,,20,9,2,2,4,0,0,0,0.0,-0.0009783368273934556,-0.0012562814070351536,-0.0009783368273934556,0.002233389168062483,0.0,0.020521365460086427,-0.006943614736356518,-0.10650000000000004,0.38,0,价格更新稀疏,,37,0,0
437,★ Sport Gloves | Red Racer (Minimal Wear),1829.5,2470.0,46,27,0.587,1.3501,steamdt-live,1843.0,55,1887.99,21,"溢价求购:买一高于卖一,多为定向收特定图案,买一价不可作退出价",20,0,4,5,2,0,6,0,-0.0005499037668408313,0.006602475928473073,-0.0005496015388842812,0.006048941435248922,0.0035403050108931966,0.007988980716253424,0.0057065217391304435,0.016388888888888786,-0.0413937647367042,0.12,5,回撤不明显,买一异常溢价(不作为可成交退出价),37,0,0
438,★ Driver Gloves | Plum Quill (Field-Tested),622.3,672.0,53,25,0.4717,1.0799,steamdt-live,624.0,36,635.0,29,"溢价求购:买一高于卖一,多为定向收特定图案,买一价不可作退出价",20,0,4,5,2,0,6,0,-0.0009616925789389663,-0.0016043638697256224,0.012824675324675239,-0.0025645135438372435,0.0035228182546037656,0.011047928513403749,0.009076433121019134,-0.002916105877075026,-0.05480117865062739,0.38,3,回撤不明显,买一异常溢价(不作为可成交退出价),37,0,0
439,★ Sport Gloves | Frosty (Field-Tested),1079.0,1720.0,182,47,0.2582,1.5941,steamdt-live,1100.0,195,1101.01,90,"溢价求购:买一高于卖一,多为定向收特定图案,买一价不可作退出价",17,0,7,5,8,0,0,0,-0.008932559178204569,-0.02748986029743128,-0.0040035587188611554,-0.036176864671728426,0.040462427745664775,0.017924528301886733,0.05184534270650265,-0.02748986029743128,-0.13645458183273307,0.13,9,可能加速下跌,买一异常溢价(不作为可成交退出价),37,0,0
440,★ Sport Gloves | Blaze (Field-Tested),726.5,900.0,114,29,0.2544,1.2388,steamdt-live,733.0,112,745.44,50,"溢价求购:买一高于卖一,多为定向收特定图案,买一价不可作退出价",17,0,7,5,2,0,6,0,0.014297520661157082,-0.013416985795377423,-0.0006882312456985007,0.0006887052341597588,0.013416985795377423,0.010431154381084884,0.013416985795377423,0.011838440111420656,-0.10297567600938384,0.12,12,可能加速下跌,买一异常溢价(不作为可成交退出价),37,0,0
441,★ Sport Gloves | Superconductor (Minimal Wear),16880.0,30240.0,181,40,0.221,1.7915,steamdt-live,16849.5,147,17199.5,44,"溢价求购:买一高于卖一,多为定向收特定图案,买一价不可作退出价",17,0,7,5,4,0,4,0,-0.005819053745833136,-0.008823788934968713,-0.002973760932944658,-0.014591496578747254,0.017521865889212784,0.002946428571428461,0.02881927433067233,-0.02881927433067233,-0.13585660435418112,0.36,4,可能加速下跌,买一异常溢价(不作为可成交退出价),37,0,0
442,AK-47 | Wild Lotus (Factory New),94798.0,93800.0,114,22,0.193,0.9895,steamdt-live,95998.0,103,97560.0,21,,14,12,7,2,2,0,0,0,0.0,0.008489361702127551,0.0,0.008489361702127551,1.0548634479246033e-05,0.008489361702127551,0.010221660732743776,-0.010221660732743776,-0.022701030927835042,0.38,1,价格更新稀疏,,37,0,0
443,Desert Eagle | Crimson Web (Factory New),897.5,825.0,94,14,0.1489,0.9192,steamdt-live,989.0,57,938.4,60,,11,6,4,2,8,0,6,0,0.0,-0.0011129660545353692,-0.0005561735261401246,-0.0011129660545353692,0.0016685205784204848,0.0,0.05426765015806112,-0.05426765015806112,-0.1689814814814815,0.25,2,回撤不明显,,37,0,0
444,★ Sport Gloves | Amphibious (Minimal Wear),3940.0,7610.0,529,35,0.0662,1.9315,steamdt-live,3966.0,477,3956.48,124,"溢价求购:买一高于卖一,多为定向收特定图案,买一价不可作退出价",7,0,12,5,4,0,6,3,-0.0007117940744405526,-0.002778479413993451,-0.005692056719789118,-0.0034882957832511607,0.010030090270812475,0.0020304568527917954,0.02264889874711906,-0.01864280387770323,-0.07961300850915021,0.12,6,暂未减速,买一异常溢价(不作为可成交退出价),37,0,0
445,Galil AR | Kami (Factory New),28.78,27.5,489,31,0.0634,0.9555,steamdt-live,29.35,204,29.91,110,,7,9,9,2,10,0,0,0,-0.0034482758620689724,-0.0041522491349480495,-0.003436426116838587,-0.0075862068965516505,0.010996563573883122,0.04654545454545467,0.11717791411042944,-0.11446153846153839,-0.40153878145144517,0.38,7,长期阴跌,,37,0,0
446,USP-S | Blood Tiger (Factory New),80.0,78.0,432,23,0.0532,0.975,steamdt-live,89.19,88,80.1,127,,3,12,9,2,10,1,0,0,-0.05629213483146078,-0.047505655435170824,-0.005586592178770999,-0.101123595505618,0.1071428571428571,0.014198782961460488,0.23002887391722815,-0.20862597685230988,-0.4121537218017488,0.38,10,长期阴跌,,37,0,0
447,Glock-18 | Wraiths (Factory New),34.5,31.9,410,20,0.0488,0.9246,steamdt-live,33.0,160,32.24,182,,3,6,9,2,10,3,4,0,-0.013632232656770493,-0.009828009828009798,-0.01521479713603835,-0.023326264768251948,0.03818615751789978,0.0,0.10988404196576473,-0.10194986072423384,-0.4515141204491323,0.38,7,长期阴跌,,37,0,0
448,AK-47 | Inheritance (Factory New),680.0,673.0,840,39,0.0464,0.9897,steamdt-live,688.88,718,692.27,238,,3,12,12,2,6,0,2,0,-0.008394919997129935,-0.013024602026049159,-0.0037884203002144234,-0.02131018153117603,0.02571428571428569,0.002941176470588225,0.039165962242885266,-0.02571428571428569,-0.12451861360718874,0.25,18,可能加速下跌,,37,0,0
449,Glock-18 | Trace Lock (Factory New),33.89,32.5,302,12,0.0397,0.959,steamdt-live,31.57,288,32.5,108,,3,9,9,2,10,0,4,0,-0.013942450311480226,-0.05054151624548742,0.0017830609212481363,-0.06377929397804816,0.06488888888888888,0.0,0.12284602556976099,-0.12284602556976099,-0.18638824439288482,0.38,17,可能加速下跌,,37,0,0
450,USP-S | Royal Guard (Factory New),31.19,29.5,1079,30,0.0278,0.9458,steamdt-live,31.9,682,30.83,808,,3,9,15,2,4,0,4,0,0.0035065349059610895,-0.02064803049555275,0.025163398692810368,-0.017213898629263702,0.024058246280468598,0.007516339869281019,0.024367088607595067,-0.01846545686087242,-0.14313507504168976,0.38,10,可能加速下跌,,37,0,0
451,AK-47 | Slate (Factory New),90.99,87.0,1981,23,0.0116,0.9561,steamdt-live,88.98,1413,91.25,740,,3,9,15,2,6,0,2,0,-0.007828867570845666,-0.011113580795732436,0.009910913140311894,-0.018855441614290425,0.018963616317530296,0.011136363636363722,0.034924078091106314,-0.03387622149837122,-0.119009900990099,0.37,9,可能加速下跌,,37,0,0
452,M4A1-S | Knight (Factory New),16450.0,14610.0,14,8,0.5714,0.8881,steamdt-live,17799.5,13,16881.7,28,,20,6,2,2,6,0,0,0,0.0,0.0,0.009202453987730008,0.0,0.0,0.009202453987730008,0.03229601741278898,0.015432098765432167,0.028124999999999956,0.2,0,价格更新稀疏,,36,0,0
453,Galil AR | Tornado (Factory New),144.99,127.0,31,7,0.2258,0.8759,steamdt-live,168.79,20,146.12,63,,17,3,4,2,10,0,0,0,0.0,0.0,0.0007592490336831847,0.0,0.0,0.03564285714285731,0.11521327881857568,-0.08684972918503586,-0.22249034749034735,1.38,0,价格更新稀疏,,36,0,0
454,★ Hydra Gloves | Emerald (Minimal Wear),288.8,316.0,91,17,0.1868,1.0942,steamdt-live,287.5,57,302.88,63,"溢价求购:买一高于卖一,多为定向收特定图案,买一价不可作退出价",14,0,4,5,2,0,6,5,0.00017335228651660373,-0.003397115917914695,0.0032347826086955855,-0.0032243525292098285,0.003431661409407649,0.00877192982456143,0.008620689655172376,-0.006908462867012077,-0.05548802523078944,0.38,2,回撤不明显,买一异常溢价(不作为可成交退出价),36,0,0
455,FAMAS | Roll Cage (Factory New),870.0,835.0,100,16,0.16,0.9598,steamdt-live,879.5,42,893.99,71,,14,9,7,2,4,0,0,0,-0.020270270270270285,0.0,0.016018306636155666,-0.020270270270270285,0.022252191503708607,0.00011495574203923553,0.029017857142857095,-0.029017857142857095,-0.13,0.38,1,价格更新稀疏,,36,0,0
456,M4A1-S | Master Piece (Factory New),1850.0,1760.0,79,9,0.1139,0.9514,steamdt-live,2050.0,22,1933.45,66,,11,9,4,2,8,0,2,0,0.0,-0.025803054239073142,0.00026336581511721135,-0.025803054239073142,0.025803054239073142,0.0,0.05876367336555588,-0.05876367336555588,-0.2854383932020085,0.28,2,可能加速下跌,,36,0,0
457,Five-SeveN | Triumvirate (Factory New),75.9,67.0,238,27,0.1134,0.8827,steamdt-live,78.89,179,78.72,217,,11,6,7,2,10,0,0,0,-0.0038124285169652827,-0.031764255644852635,-0.013786188745456895,-0.03545558520777725,0.047559292257497665,0.0,0.10863182618907807,-0.10863182618907807,-0.4041918517937043,0.31,6,长期阴跌,,36,0,0
458,★ Driver Gloves | Queen Jaguar (Field-Tested),290.75,391.0,245,26,0.1061,1.3448,steamdt-live,299.0,197,297.07,85,"溢价求购:买一高于卖一,多为定向收特定图案,买一价不可作退出价",11,0,7,5,4,0,4,5,-0.00843170320404718,-0.011054421768707523,0.0171526586620927,-0.019392917369308593,0.02432885906040272,0.0402504472271914,0.02432885906040272,-0.002230610844200287,-0.04200988467874789,0.37,10,可能加速下跌,买一异常溢价(不作为可成交退出价),36,0,0
459,★ Moto Gloves | Turtle (Field-Tested),353.0,502.0,330,34,0.103,1.4221,steamdt-live,356.4,314,363.0,146,"溢价求购:买一高于卖一,多为定向收特定图案,买一价不可作退出价",11,0,9,5,0,0,6,5,0.005698005698005604,0.0,0.0028571428571428914,0.005698005698005604,0.0014144271570014633,0.008571428571428674,0.0014144271570014633,0.011809218069250171,-0.07808827370070504,0.37,5,回撤不明显,买一异常溢价(不作为可成交退出价),36,0,0
460,★ Sport Gloves | Scarlet Shamagh (Field-Tested),1069.5,1550.0,418,39,0.0933,1.4493,steamdt-live,1070.0,343,1090.0,151,"溢价求购:买一高于卖一,多为定向收特定图案,买一价不可作退出价",7,0,9,5,4,0,6,5,0.002331002331002363,-0.005116279069767415,-0.005461845899906392,-0.002797202797202747,0.008243770806480089,0.01857142857142846,0.01880733944954127,-0.01880733944954127,-0.11003303570685596,0.38,6,回撤不明显,买一异常溢价(不作为可成交退出价),36,0,0
461,★ Moto Gloves | Transport (Field-Tested),206.5,258.0,267,22,0.0824,1.2494,steamdt-live,214.0,191,208.92,232,"溢价求购:买一高于卖一,多为定向收特定图案,买一价不可作退出价",7,0,9,5,6,0,4,5,-0.004784688995215336,-0.007211538461538436,-0.004761904761904745,-0.011961722488038284,0.01666666666666672,0.03249999999999997,0.048387096774193505,-0.03110777459766334,-0.09242737221465303,0.38,4,可能加速下跌,买一异常溢价(不作为可成交退出价),36,0,0
462,MP9 | Dart (Factory New),20.95,19.5,104,6,0.0577,0.9308,steamdt-live,20.39,104,21.3,116,,3,9,7,2,4,5,6,0,-0.009666505558240779,-0.0048804294777939905,-0.00957395883197698,-0.014499758337361057,0.023934897079942563,0.0,0.02904761904761899,0.068098480880042,-0.499017199017199,0.38,3,长期阴跌,,36,0,0
463,Tec-9 | Remote Control (Factory New),157.49,143.0,594,26,0.0438,0.908,steamdt-live,164.41,74,161.89,125,,3,6,12,2,10,0,0,3,-0.020731042007637646,-0.02513153822346026,-0.018035714285714266,-0.04534157725647081,0.06255952380952379,0.0,0.16228723404255319,-0.13845733041575492,-0.35715743499734687,0.38,18,长期阴跌,,36,0,0
464,AK-47 | Emerald Pinstripe (Factory New),71.99,69.0,812,34,0.0419,0.9585,steamdt-live,74.0,229,74.0,273,,3,9,12,2,10,0,0,0,-0.024837451235370733,-0.04000533404453932,-0.03874999999999995,-0.06384915474642405,0.10012500000000002,0.0,0.1500590318772138,-0.14093078758949884,-0.4532128209023242,0.38,6,长期阴跌,,36,0,0
465,★ Sport Gloves | Vice (Field-Tested),2609.5,5040.0,1496,59,0.0394,1.9314,steamdt-live,2639.5,1371,2650.4,294,"溢价求购:买一高于卖一,多为定向收特定图案,买一价不可作退出价",3,0,15,5,4,0,4,5,7.64613678940762e-05,-0.002446576704002501,-0.002212473774556578,-0.002370302404709923,0.004387638305990094,0.0036538461538462297,0.017507530120481896,-0.011174729726145194,-0.07117051380163375,0.37,3,回撤不明显,买一异常溢价(不作为可成交退出价),36,0,0
466,AK-47 | Head Shot (Factory New),529.5,521.0,372,14,0.0376,0.9839,steamdt-live,541.8,197,549.5,128,,3,12,9,2,4,0,6,0,0.0,0.004743833017077703,-0.003780718336483968,0.004743833017077703,0.00824124367859147,0.0066539923954371805,0.020351526364477346,-0.025723117686023422,-0.1452784503631961,0.37,8,回撤不明显,,36,0,0
467,MP9 | Goo (Factory New),19.86,18.5,501,17,0.0339,0.9315,steamdt-live,21.27,289,19.77,533,,3,9,12,2,10,0,0,0,-0.005213270142180204,-0.058122915674130526,-0.03740875912408759,-0.06303317535545028,0.09643510054844606,0.0,0.19764610389610393,-0.19927095990279475,-0.5567264573991031,0.15,6,长期阴跌,,36,0,0
468,FAMAS | Faulty Wiring (Factory New),16.57,16.1,457,13,0.0284,0.9716,steamdt-live,17.44,85,17.2,144,,3,12,9,2,10,0,0,0,-0.006402793946449381,-0.029291154071470427,-0.02386363636363642,-0.03550640279394646,0.05852272727272734,0.003026634382566673,0.15025641025641023,-0.15025641025641023,-0.5509485094850948,0.38,7,长期阴跌,,36,0,0
469,USP-S | Guardian (Factory New),29.7,27.3,1172,24,0.0205,0.9192,steamdt-live,30.75,646,30.45,522,,3,6,15,2,10,0,0,0,-0.00325839035516462,-0.02909447531873166,-0.017919999999999936,-0.032258064516129115,0.041935483870967794,0.0033783783783782884,0.1313249488154431,-0.12518409425625932,-0.32330827067669177,0.29,7,长期阴跌,,36,0,0
470,Desert Eagle | Calligraffiti (Factory New),30.37,26.8,1082,14,0.0129,0.8824,steamdt-live,27.99,121,27.64,294,,3,6,15,2,10,0,0,0,-0.003468609087755703,-0.03793943612948136,-0.04219269102990042,-0.0412764481442941,0.08172757475083059,0.15166666666666662,0.12476250791640275,-0.12476250791640275,-0.4227234753550543,0.66,12,长期阴跌,,36,0,0
471,★ Specialist Gloves | Big Swell (Minimal Wear),2447.5,2820.0,45,26,0.5778,1.1522,steamdt-live,2479.5,62,2489.5,41,"溢价求购:买一高于卖一,多为定向收特定图案,买一价不可作退出价",20,0,4,5,6,0,0,0,-0.0002041232904674839,-0.0006124948958758925,-0.016265060240963858,-0.0008164931618698246,0.017068273092369468,0.0,0.03394513518847442,-0.03394513518847442,-0.03849931251227656,0.38,0,价格更新稀疏,买一异常溢价(不作为可成交退出价),35,0,0
472,★ Driver Gloves | Seigaiha (Field-Tested),505.0,657.0,53,28,0.5283,1.301,steamdt-live,490.0,74,492.34,46,"溢价求购:买一高于卖一,多为定向收特定图案,买一价不可作退出价",20,0,4,5,0,0,6,0,0.018730489073881307,0.0010214504596526286,-0.0010395010395010118,0.019771071800208206,0.0,0.02083333333333326,0.0,0.003070624360286489,-0.05385313483558285,0.25,7,回撤不明显,买一异常溢价(不作为可成交退出价),35,0,0
473,★ Sport Gloves | Creme Pinstripe (Minimal Wear),1047.5,1170.0,47,22,0.4681,1.1169,steamdt-live,1059.5,42,1078.6,36,"溢价求购:买一高于卖一,多为定向收特定图案,买一价不可作退出价",20,0,4,5,6,0,0,0,-0.0046948356807511304,-0.011792452830188704,0.0051911278905143465,-0.016431924882629123,0.02784222737819031,0.0475000000000001,0.04294198264047511,-0.008518693800283916,-0.08905122184537795,0.38,4,可能加速下跌,买一异常溢价(不作为可成交退出价),35,0,0
474,★ Specialist Gloves | Sunburst (Minimal Wear),2161.5,2540.0,57,20,0.3509,1.1751,steamdt-live,2175.0,51,2270.0,18,"溢价求购:买一高于卖一,多为定向收特定图案,买一价不可作退出价",20,0,4,5,2,0,4,0,-0.0036596523330283404,-0.007575757575757569,0.012041722415381706,-0.011207685269899348,0.012337217272104128,0.0006990773105433057,0.012337217272104128,-0.010528725108720494,-0.017053206002728527,0.24,8,可能加速下跌,买一异常溢价(不作为可成交退出价),35,0,0
475,Tec-9 | Terrace (Factory New),788.0,665.0,18,6,0.3333,0.8439,steamdt-live,715.0,15,700.2,29,,20,3,2,2,6,0,2,0,-0.005585032113934685,-0.016849199663016012,-0.011456176673567908,-0.022340128455738628,0.03354037267080734,0.0,0.04422604422604415,-0.04422604422604415,-0.11758034026465025,0.38,8,可能加速下跌,,35,0,0
476,Glock-18 | Synth Leaf (Factory New),2135.0,1930.0,24,5,0.2083,0.904,steamdt-live,2073.99,25,2197.9,33,,17,6,2,2,8,0,0,0,-0.0002458423716559244,0.0,-0.01119171774754768,-0.0002458423716559244,0.01143480872076963,0.0,0.05275633706325655,-0.05275633706325655,-0.2021581073283325,1.38,0,价格更新稀疏,,35,0,0
477,USP-S | Overgrowth (Factory New),477.5,435.0,26,4,0.1538,0.911,steamdt-live,568.9,16,487.03,35,,8,6,2,2,10,2,2,3,-0.022110552763819125,-0.018499486125385434,-0.043269230769230727,-0.04020100502512558,0.07996146435452789,0.0,0.16066092459131653,-0.16066092459131653,-0.15636042402826855,0.15,22,暂未减速,,35,0,0
478,Galil AR | CAUTION! (Factory New),376.99,342.0,54,6,0.1111,0.9072,steamdt-live,429.0,32,389.0,49,,11,6,4,2,8,0,4,0,-0.002365992796866334,-0.006587788874542144,-0.004214659685863875,-0.008938195010384065,0.013115183246073303,0.0,0.05752499999999994,-0.05752499999999994,-0.28196484010437495,0.59,6,暂未减速,,35,0,0
479,★ Sport Gloves | Slingshot (Minimal Wear),5188.0,8220.0,363,37,0.1019,1.5844,steamdt-live,5299.0,314,5174.5,88,"溢价求购:买一高于卖一,多为定向收特定图案,买一价不可作退出价",11,0,9,5,8,0,2,0,-0.0030502335335048647,-0.010517257864040563,-0.000761977331174446,-0.01353541130492808,0.014380952380952383,0.004757281553398052,0.05020190895741561,-0.05046334526103313,-0.15839619542058236,0.37,5,可能加速下跌,买一异常溢价(不作为可成交退出价),35,0,0
480,Tec-9 | Brother (Factory New),18.65,17.6,222,19,0.0856,0.9437,steamdt-live,17.98,195,17.3,1431,,7,9,7,2,6,0,4,0,-0.011299435028248594,-0.011428571428571344,0.012006861063464935,-0.022598870056497078,0.022598870056497078,0.008746355685131268,0.03297931805477916,-0.022598870056497078,-0.4419354838709677,0.26,8,长期阴跌,,35,0,0
481,P250 | Contaminant (Factory New),62.0,58.0,161,13,0.0807,0.9355,steamdt-live,65.9,26,61.9,38,,7,9,7,2,6,0,4,0,0.0220800000000001,-0.03099561678146534,0.04166666666666674,-0.009600000000000053,0.03099561678146534,0.03166666666666673,0.03281250000000002,-0.004503055644901943,0.12956204379562042,0.38,6,可能加速下跌,,35,0,0
482,MP9 | Airlock (Factory New),146.89,139.0,282,20,0.0709,0.9463,steamdt-live,154.0,103,153.81,96,,7,9,9,2,8,0,0,0,0.0,0.003346994535518899,0.003495784495167742,0.003346994535518899,0.0,0.013034482758620625,0.07254703876752122,-0.07248847635284472,-0.2016847826086957,0.31,1,价格更新稀疏,,35,0,0
483,★ Sport Gloves | Slingshot (Field-Tested),2066.3,3730.0,1061,64,0.0603,1.8052,steamdt-live,2115.0,872,2130.0,258,"溢价求购:买一高于卖一,多为定向收特定图案,买一价不可作退出价",7,0,15,5,6,0,2,0,-0.005856238783413681,-0.018384798099762345,0.009246901811248875,-0.024133371115518942,0.024133371115518942,0.0030582524271844935,0.037587331159757764,-0.036689976689976644,-0.1126008700917761,0.38,10,可能加速下跌,买一异常溢价(不作为可成交退出价),35,0,0
484,Tec-9 | Snek-9 (Factory New),26.54,24.6,410,24,0.0585,0.9269,steamdt-live,27.44,104,26.79,123,,3,6,9,2,10,3,2,0,-0.021415607985480922,-0.015578635014836806,-0.004696531791907432,-0.03666061705989121,0.04118497109826591,0.0,0.08451190065539838,-0.08451190065539838,-0.40346145201168804,0.38,11,长期阴跌,,35,0,0
485,★ Driver Gloves | Black Tie (Field-Tested),743.0,1170.0,692,37,0.0535,1.5747,steamdt-live,766.9,630,750.0,160,"溢价求购:买一高于卖一,多为定向收特定图案,买一价不可作退出价",3,0,12,5,4,0,6,5,0.0,-0.0026845637583892135,-0.005340453938584733,-0.0026845637583892135,0.009333333333333305,0.0013477088948787852,0.023011176857330673,-0.01978891820580475,-0.06033817708135736,0.26,8,回撤不明显,买一异常溢价(不作为可成交退出价),35,0,0
486,★ Specialist Gloves | Fade (Minimal Wear),2929.0,5210.0,604,32,0.053,1.7788,steamdt-live,2984.5,608,2961.0,160,"溢价求购:买一高于卖一,多为定向收特定图案,买一价不可作退出价",3,0,12,5,4,0,6,5,-0.001536098310291889,0.0013675213675212738,-0.001703867779860313,-0.00017067759003241978,0.0018742545578462888,0.010000000000000009,0.02334111370456815,-0.02334111370456815,-0.10823022213561961,0.37,2,回撤不明显,买一异常溢价(不作为可成交退出价),35,0,0
487,★ Hand Wraps | Desert Shamagh (Minimal Wear),374.0,440.0,142,27,0.1901,1.1765,steamdt-live,366.0,56,377.72,103,"溢价求购:买一高于卖一,多为定向收特定图案,买一价不可作退出价",14,0,7,5,8,0,0,0,-0.002621231979030192,-0.03942181340341655,-0.007802340702210642,-0.04193971166448229,0.04941482444733425,0.0,0.06997455470737912,-0.06997455470737912,-0.1868743047830923,0.38,7,可能加速下跌,买一异常溢价(不作为可成交退出价),34,0,0
488,AWP | BOOM (Factory New),2219.5,2040.0,40,7,0.175,0.9191,steamdt-live,2235.0,23,2300.0,36,,14,6,4,2,8,0,0,0,0.008863636363636296,0.0,0.0,0.008863636363636296,0.00022522522522527844,0.008863636363636296,0.05512984248616437,-0.05512984248616437,-0.09721374822045958,0.34,0,价格更新稀疏,,34,0,0
489,★ Moto Gloves | Finish Line (Minimal Wear),950.0,1290.0,209,36,0.1722,1.3579,steamdt-live,950.0,144,968.4,80,"溢价求购:买一高于卖一,多为定向收特定图案,买一价不可作退出价",14,0,7,5,6,0,2,0,-0.0005186721991701226,-0.014011416709911795,-0.004646360351058365,-0.014522821576763434,0.019101703665462044,0.0010537407797681642,0.04759995187873445,-0.04760949984460994,-0.10377358490566035,0.37,5,可能加速下跌,买一异常溢价(不作为可成交退出价),34,0,0
490,★ Moto Gloves | Transport (Minimal Wear),335.0,623.0,140,23,0.1643,1.8597,steamdt-live,345.0,117,355.0,66,"溢价求购:买一高于卖一,多为定向收特定图案,买一价不可作退出价",14,0,7,5,4,0,4,0,-0.004363231719816119,-0.006000000000000005,0.011822222222222178,-0.010337052329497332,0.010337052329497332,0.008835820895522373,0.021568570684114663,-0.020405797101449297,-0.042606232294617574,0.11,10,可能加速下跌,买一异常溢价(不作为可成交退出价),34,0,0
491,AK-47 | Crane Flight (Factory New),301.0,367.0,237,38,0.1603,1.2193,steamdt-live,305.88,186,307.9,137,"溢价求购:买一高于卖一,多为定向收特定图案,买一价不可作退出价",14,0,7,2,6,0,2,3,-0.003252032520325243,-0.01794453507340943,0.009852216748768461,-0.021138211382113803,0.036800000000000055,0.0016638935108153063,0.044140997141949745,-0.03830793316080394,-0.10149253731343288,0.36,11,可能加速下跌,买一异常溢价(不作为可成交退出价),34,0,0
492,★ Moto Gloves | Blood Pressure (Field-Tested),709.0,1000.0,231,36,0.1558,1.4104,steamdt-live,710.0,222,715.0,116,"溢价求购:买一高于卖一,多为定向收特定图案,买一价不可作退出价",14,0,7,5,4,0,4,0,-0.0034965034965035446,-0.0063157894736841635,0.0,-0.009790209790209836,0.009790209790209836,0.0,0.027472527472527486,-0.008264462809917328,-0.0793118246011002,0.38,8,回撤不明显,买一异常溢价(不作为可成交退出价),34,0,0
493,★ Sport Gloves | Scarlet Shamagh (Minimal Wear),1954.5,2800.0,176,27,0.1534,1.4326,steamdt-live,1980.0,164,1975.49,70,"溢价求购:买一高于卖一,多为定向收特定图案,买一价不可作退出价",14,0,7,5,2,0,6,0,-0.00484817555498851,0.002307692307692344,-0.0022912423625254252,-0.002551671344730777,0.004837067209775947,0.002307692307692344,0.012878787878787934,-0.0014713545657971672,-0.09093023255813959,0.31,3,回撤不明显,买一异常溢价(不作为可成交退出价),34,0,0
494,★ Moto Gloves | 3rd Commando Company (Field-Tested),234.99,266.0,194,28,0.1443,1.132,steamdt-live,245.0,191,236.09,158,"溢价求购:买一高于卖一,多为定向收特定图案,买一价不可作退出价",11,0,7,5,0,0,6,5,0.0033730412877333027,-4.2553191489269615e-05,0.01389610389610385,0.003330344562572085,0.004279661016949099,0.01727272727272733,0.004279661016949099,-0.002165605095541312,-0.0634863701578191,0.38,3,回撤不明显,买一异常溢价(不作为可成交退出价),34,0,0
495,P250 | Apep's Curse (Factory New),680.0,616.0,64,8,0.125,0.9059,steamdt-live,688.0,42,684.78,60,,11,6,4,2,4,0,4,3,-0.005965166908563191,-0.0071398326738599804,-0.01358645077238041,-0.013062409288824406,0.026471388280433494,0.0,0.02857142857142858,-0.02857142857142858,-0.14893617021276595,0.38,5,暂未减速,,34,0,0
496,M4A1-S | Hot Rod (Factory New),8100.0,8570.0,329,41,0.1246,1.058,steamdt-live,8388.0,181,8190.0,140,"溢价求购:买一高于卖一,多为定向收特定图案,买一价不可作退出价",11,0,9,2,6,0,6,0,0.0014215300743982695,-0.012195121951219523,-0.009392692959109605,-0.010790927609435785,0.03559947612811054,0.0025397674107741075,0.04481132075471694,-0.04481132075471694,-0.1734272156742691,0.38,10,可能加速下跌,买一异常溢价(不作为可成交退出价),34,0,0
497,AWP | Desert Hydra (Factory New),8729.5,12710.0,286,34,0.1189,1.456,steamdt-live,8950.0,225,8999.0,90,"溢价求购:买一高于卖一,多为定向收特定图案,买一价不可作退出价",11,0,9,2,6,0,6,0,-0.004779244424214846,-0.0018865767207866257,-0.007902461052156196,-0.006656804733727761,0.014506660645743907,0.007327486729748367,0.03828357386801806,-0.03541436464088399,-0.11996572407883466,0.37,3,暂未减速,买一异常溢价(不作为可成交退出价),34,0,0
498,★ Moto Gloves | POW! (Minimal Wear),995.0,1680.0,289,32,0.1107,1.6884,steamdt-live,999.5,296,996.58,74,"溢价求购:买一高于卖一,多为定向收特定图案,买一价不可作退出价",11,0,9,5,2,0,4,3,-0.0015007503751875984,-0.0030060120240480437,0.0015030060120240218,-0.004502251125562795,0.0050000000000000044,0.005558362809499728,0.012406947890818865,-0.012406947890818865,-0.06660412757973733,0.38,12,回撤不明显,买一异常溢价(不作为可成交退出价),34,0,0
499,★ Hydra Gloves | Rattler (Minimal Wear),215.5,242.0,122,12,0.0984,1.123,steamdt-live,217.91,67,225.92,62,"溢价求购:买一高于卖一,多为定向收特定图案,买一价不可作退出价",7,0,7,5,6,0,4,5,-0.009500000000000064,-0.011059611766325528,-0.006772009029345383,-0.020454545454545503,0.02708803611738153,0.026190476190476097,0.03146067415730336,-0.024842753065749568,-0.0506607929515418,0.3,5,可能加速下跌,买一异常溢价(不作为可成交退出价),34,0,0
500,M4A1-S | Stratosphere (Factory New),203.49,195.0,384,23,0.0599,0.9583,steamdt-live,208.73,253,216.27,337,,3,9,9,2,4,0,4,3,-0.0024038461538461453,-0.019325301204819234,0.009708737864077666,-0.021682692307692264,0.025104201600153253,0.0,0.026363636363636367,-0.00978102189781016,-0.28682578067500786,0.28,11,可能加速下跌,,34,0,0
501,AK-47 | Nouveau Rouge (Factory New),354.5,342.0,418,23,0.055,0.9647,steamdt-live,364.0,295,360.01,172,,3,12,9,2,6,0,2,0,-0.00136986301369868,-0.027434842249657088,0.01388888888888884,-0.02876712328767128,0.04059539918809196,0.0,0.04059539918809196,-0.03929539295392959,-0.13325183374083127,0.38,9,可能加速下跌,,34,0,0
502,★ Sport Gloves | Nocts (Field-Tested),3740.0,4340.0,1008,49,0.0486,1.1604,steamdt-live,3758.0,828,3817.13,147,"溢价求购:买一高于卖一,多为定向收特定图案,买一价不可作退出价",3,0,15,5,2,0,6,3,-0.0026595744680850686,-0.002666666666666706,0.0032338281908705913,-0.005319148936170248,0.006376195536663132,0.005376344086021501,0.006640106241699861,-0.006772009029345383,-0.024262979389512163,0.37,5,回撤不明显,买一异常溢价(不作为可成交退出价),34,0,0
503,AWP | Safari Mesh (Factory New),38.88,35.1,501,24,0.0479,0.9028,steamdt-live,41.99,118,40.11,178,,3,6,12,2,6,1,4,0,-0.015003750937734428,-0.012947448591012933,-0.012592592592592489,-0.02775693923480871,0.039999999999999925,0.0,0.04659146640510048,-0.027999999999999914,-0.34401889657499574,0.38,4,长期阴跌,,34,0,0
504,★ Driver Gloves | Hand Sweaters (Minimal Wear),1444.5,1910.0,38,30,0.7895,1.3223,steamdt-live,1442.0,38,1495.5,42,"溢价求购:买一高于卖一,多为定向收特定图案,买一价不可作退出价",20,0,4,5,4,0,0,0,0.0,-0.004830917874396157,-0.0006896551724138167,-0.004830917874396157,0.0055172413793103114,0.0,0.025675675675675635,-0.025675675675675635,-0.08728400531679226,0.38,1,价格更新稀疏,买一异常溢价(不作为可成交退出价),33,0,0
505,★ Specialist Gloves | Chocolate Chesterfield (Minimal Wear),1089.5,1650.0,43,23,0.5349,1.5145,steamdt-live,1107.5,38,1119.0,29,"溢价求购:买一高于卖一,多为定向收特定图案,买一价不可作退出价",20,0,4,5,4,0,0,0,-0.0004576659038901809,-0.0022893772893772812,-0.00045745654162854255,-0.0027459954233409745,0.003202195791399798,0.00045913682277309853,0.0193519351935193,-0.008644222020018244,-0.07276595744680847,0.38,1,价格更新稀疏,买一异常溢价(不作为可成交退出价),33,0,0
506,★ Driver Gloves | Dragon Fists (Minimal Wear),1258.5,1790.0,43,23,0.5349,1.4223,steamdt-live,1250.0,39,1284.16,35,"溢价求购:买一高于卖一,多为定向收特定图案,买一价不可作退出价",20,0,4,5,4,0,0,0,-0.0003954132068011429,-0.011075949367088556,-0.003938558487593502,-0.011466982997232145,0.015360378101614836,0.0,0.027993779160186638,-0.027993779160186638,-0.06437125748502992,0.3,1,价格更新稀疏,买一异常溢价(不作为可成交退出价),33,0,0
507,★ Specialist Gloves | Cloud Chaser (Field-Tested),2800.0,3800.0,146,36,0.2466,1.3571,steamdt-live,2739.49,146,2772.79,63,"溢价求购:买一高于卖一,多为定向收特定图案,买一价不可作退出价",17,0,7,5,4,0,0,0,0.0,0.0036600109910238654,0.0005498533724339616,0.0036600109910238654,0.0,0.015001852537976923,0.01810394265232984,-0.01172799422799431,-0.03877543859649135,0.38,1,价格更新稀疏,买一异常溢价(不作为可成交退出价),33,0,0
508,★ Moto Gloves | Spearmint (Field-Tested),10970.0,13960.0,419,62,0.148,1.2726,steamdt-live,10888.0,182,11362.0,102,"溢价求购:买一高于卖一,多为定向收特定图案,买一价不可作退出价",11,0,9,5,8,0,0,0,-0.00794678333854193,-0.020026101435578925,-0.02950606585788562,-0.027813741684896698,0.05649913344887347,0.027218265012500575,0.06940170940170942,-0.06940170940170942,-0.24905165873508517,0.38,7,可能加速下跌,买一异常溢价(不作为可成交退出价),33,0,0
509,★ Hand Wraps | CAUTION! (Minimal Wear),1139.5,1480.0,245,35,0.1429,1.2988,steamdt-live,1179.49,160,1151.8,81,"溢价求购:买一高于卖一,多为定向收特定图案,买一价不可作退出价",11,0,7,5,4,0,6,0,-0.004355400696864131,-0.0030621172353455517,0.0026200873362445254,-0.007404181184669012,0.009130434782608665,0.0,0.01724881414402757,-0.01767241379310347,-0.1166666666666667,0.31,2,回撤不明显,买一异常溢价(不作为可成交退出价),33,0,0
510,★ Driver Gloves | Rezan the Red (Minimal Wear),770.0,820.0,149,19,0.1275,1.0649,steamdt-live,827.5,81,797.68,79,"溢价求购:买一高于卖一,多为定向收特定图案,买一价不可作退出价",11,0,7,5,6,0,4,0,0.0,-0.012820512820512775,-0.005102040816326481,-0.012820512820512775,0.017857142857142905,0.0006497725795970855,0.04938271604938271,-0.04938271604938271,-0.11085450346420322,0.38,5,可能加速下跌,买一异常溢价(不作为可成交退出价),33,0,0
511,★ Sport Gloves | Pandora's Box (Field-Tested),21599.0,27690.0,438,47,0.1073,1.282,steamdt-live,21400.0,366,21999.5,93,"溢价求购:买一高于卖一,多为定向收特定图案,买一价不可作退出价",11,0,9,5,4,0,4,0,-4.618937644340626e-05,-0.01150168599011503,-0.010692743556936612,-0.011547344110854452,0.018258555830810153,2.3365031893263222e-05,0.022161297692483428,-0.016091954022988464,-0.07758620689655171,0.37,7,可能加速下跌,买一异常溢价(不作为可成交退出价),33,0,0
512,P250 | Hive (Factory New),46.8,37.7,182,19,0.1044,0.8056,steamdt-live,40.0,98,42.37,137,,11,3,7,2,10,0,0,0,-0.011709601873536313,-0.05213270142180104,-0.004662004662004615,-0.06323185011709609,0.06759906759906753,0.0,0.12530067789197452,-0.12530067789197452,-0.5260101907808983,0.25,4,长期阴跌,,33,0,0
513,Desert Eagle | Light Rail (Factory New),72.97,70.0,417,39,0.0935,0.9593,steamdt-live,69.22,160,70.44,202,,7,9,9,2,6,0,0,0,0.008037410492474084,0.0034792693534357877,0.04155251141552507,0.01154464416191714,0.0014425851125215994,0.06492307692307686,0.0487838394942971,-0.034857780256553283,-0.30080808080808086,0.38,8,长期阴跌,,33,0,0
514,★ Driver Gloves | Black Tie (Minimal Wear),1762.83,3470.0,314,29,0.0924,1.9684,steamdt-live,1829.0,314,1796.46,76,"溢价求购:买一高于卖一,多为定向收特定图案,买一价不可作退出价",7,0,9,5,8,2,2,0,4.4395116537199186e-05,-0.023739234662168096,-0.032633844931527434,-0.023695893451720296,0.05555645027083034,0.0,0.06668435013262597,-0.06618895966029725,-0.10193976518631953,0.38,20,可能加速下跌,买一异常溢价(不作为可成交退出价),33,0,0
515,Glock-18 | Dragon Tattoo (Factory New),515.4,489.0,355,20,0.0563,0.9488,steamdt-live,525.0,252,519.0,229,,3,9,9,2,8,0,2,0,0.0007714561234328787,-0.006745037579495072,-0.006400429250345008,-0.005978784956605643,0.012340947416832893,0.012573673870333923,0.05587103865176768,-0.05587103865176768,-0.18634756251578688,0.37,13,可能加速下跌,,33,0,0
516,Glock-18 | Mirror Mosaic (Factory New),145.5,139.0,384,21,0.0547,0.9553,steamdt-live,149.5,220,151.47,154,,3,9,9,2,8,0,2,0,-0.007999999999999896,-0.022177419354838745,-0.006556725610967651,-0.030000000000000027,0.03954056373357984,0.0,0.06129032258064515,-0.03642384105960261,-0.09901541891138776,0.38,12,可能加速下跌,,33,0,0
517,M4A1-S | Party Animal (Factory New),143.85,137.0,377,17,0.0451,0.9524,steamdt-live,148.0,270,151.99,487,,3,9,9,2,10,0,0,0,-0.016331742724645326,-0.017149494397376452,0.022611683848797304,-0.033201155991666065,0.033720695909182585,0.027499999999999858,0.10093750000000001,-0.09800601956358157,-0.2224324324324325,0.28,12,可能加速下跌,,33,0,0
518,★ Specialist Gloves | Field Agent (Field-Tested),735.5,1150.0,719,32,0.0445,1.5636,steamdt-live,734.5,566,759.5,204,"溢价求购:买一高于卖一,多为定向收特定图案,买一价不可作退出价",3,0,12,5,4,0,4,5,-0.0020174848688634395,-0.010107816711590334,-0.006016042780748632,-0.012104909213180859,0.018048128342246006,0.0,0.02828491294914537,-0.02828491294914537,-0.10207823960880191,0.37,10,可能加速下跌,买一异常溢价(不作为可成交退出价),33,0,0
519,★ Sport Gloves | Vice (Minimal Wear),8099.5,19660.0,995,43,0.0432,2.4273,steamdt-live,8178.0,963,8276.5,206,"溢价求购:买一高于卖一,多为定向收特定图案,买一价不可作退出价",3,0,15,5,4,0,6,0,-0.0005539825187738101,-0.002340333805505912,-6.154982458295155e-05,-0.002893019820263465,0.003015755785327423,0.0,0.015795632536159565,-0.012195865601561051,-0.09289954082204055,0.38,3,回撤不明显,买一异常溢价(不作为可成交退出价),33,0,0
520,★ Specialist Gloves | Fade (Field-Tested),1032.0,2020.0,1113,45,0.0404,1.9574,steamdt-live,1005.0,991,1057.0,442,"溢价求购:买一高于卖一,多为定向收特定图案,买一价不可作退出价",3,0,15,5,8,0,2,0,-0.0014448186654950623,-0.017959271461671533,-0.005475781318265316,-0.019378142236540108,0.024747813085563952,0.0034965034965035446,0.0741935483870968,-0.0741935483870968,-0.148728813559322,0.38,5,可能加速下跌,买一异常溢价(不作为可成交退出价),33,0,0
521,P250 | Visions (Factory New),49.22,46.0,408,12,0.0294,0.9346,steamdt-live,47.0,355,51.62,245,,3,9,9,2,10,0,0,0,0.009795918367346834,-0.05012126111560222,-0.014084507042253613,-0.04081632653061229,0.05432595573440646,0.0,0.12558139534883717,-0.06746031746031744,-0.24058814024882857,0.38,4,可能加速下跌,,33,0,0
522,USP-S | Desert Tactical (Factory New),17.89,15.3,780,17,0.0218,0.8552,steamdt-live,17.0,137,18.0,311,,3,3,12,2,10,0,0,3,0.0,-0.05555555555555558,0.0,-0.05555555555555558,0.06490649064906484,0.0,0.09814323607427067,-0.08798283261802575,-0.532967032967033,0.38,3,长期阴跌,,33,0,0
523,AWP | Queen's Gambit (Factory New),1345.0,2390.0,92,34,0.3696,1.777,steamdt-live,1359.5,109,1450.0,44,"溢价求购:买一高于卖一,多为定向收特定图案,买一价不可作退出价",20,0,4,2,0,0,6,0,0.002851505788631137,-0.0014699550104678716,0.0030993278566093796,0.001377359192941796,0.0014699550104678716,0.004856182293612177,0.0014699550104678716,0.015861027190332333,-0.02251486213462406,0.38,2,回撤不明显,买一异常溢价(不作为可成交退出价),32,0,0
524,M4A1-S | Imminent Danger (Factory New),8258.0,10020.0,33,12,0.3636,1.2134,steamdt-live,8499.0,30,8779.56,24,"溢价求购:买一高于卖一,多为定向收特定图案,买一价不可作退出价",20,0,4,2,4,0,2,0,0.0,-0.01883205608031846,-0.003669724770642202,-0.01883205608031846,0.01900688999762412,0.0,0.028470588235294136,-0.028470588235294136,-0.12798310454065465,1.1,2,可能加速下跌,买一异常溢价(不作为可成交退出价),32,0,0
525,★ Driver Gloves | Overtake (Minimal Wear),507.1,721.0,98,28,0.2857,1.4218,steamdt-live,508.88,70,528.51,56,"溢价求购:买一高于卖一,多为定向收特定图案,买一价不可作退出价",17,0,4,5,0,0,6,0,0.002024291497975783,0.024343434343434334,-0.0010111223458038054,0.026417004048582937,0.0035961326835403096,0.026417004048582937,0.003831041257367329,0.005074431604194407,-0.08143115942028989,0.11,6,回撤不明显,买一异常溢价(不作为可成交退出价),32,0,0
526,Galil AR | Orange DDPAT (Factory New),559.9,441.0,9,2,0.2222,0.7876,steamdt-live,787.9,10,619.0,10,,8,1,2,2,10,0,6,3,0.0,0.0,0.0,0.0,0.010060291023533008,0.0,0.10715994259288797,0.0,-0.1832239241429614,0.38,2,暂未减速,,32,0,0
527,★ Sport Gloves | Hedge Maze (Minimal Wear),45999.5,68110.0,222,35,0.1577,1.4807,steamdt-live,46088.0,182,46350.0,53,"溢价求购:买一高于卖一,多为定向收特定图案,买一价不可作退出价",14,0,7,5,2,0,4,0,-0.002391408322100941,0.0024298291492328428,0.0,3.261011348310028e-05,1.0869565217341837e-05,0.010978021978022001,0.006232716902868973,-1.0869565217341837e-05,-0.04362967275146579,0.27,4,回撤不明显,买一异常溢价(不作为可成交退出价),32,0,0
528,Desert Eagle | Fennec Fox (Factory New),2254.5,3300.0,480,63,0.1313,1.4637,steamdt-live,2349.0,128,2319.0,105,"溢价求购:买一高于卖一,多为定向收特定图案,买一价不可作退出价",11,0,9,2,8,2,0,0,-0.008440920055955092,-0.015287180607119422,-0.03571100438504915,-0.023599062793688952,0.05846732094382956,0.029922338967565132,0.0722184041909637,-0.06062500000000004,-0.26215022091310747,0.38,12,可能加速下跌,买一异常溢价(不作为可成交退出价),32,0,0
529,★ Driver Gloves | Snow Leopard (Field-Tested),1630.0,2400.0,530,43,0.0811,1.4724,steamdt-live,1665.0,485,1687.05,187,"溢价求购:买一高于卖一,多为定向收特定图案,买一价不可作退出价",7,0,12,5,4,0,4,0,-0.00030211480362540843,-0.014808099123602259,0.006079027355623046,-0.015105740181268867,0.015105740181268867,0.0,0.015105740181268867,-0.008817269686834939,-0.058619693907017045,0.37,6,可能加速下跌,买一异常溢价(不作为可成交退出价),32,0,0
530,Five-SeveN | Hot Shot (Factory New),244.94,222.0,155,12,0.0774,0.9063,steamdt-live,230.0,76,241.65,78,,7,6,7,2,10,0,0,0,-0.0020228173800469484,-0.06761796659640018,-0.009219175885842534,-0.06950400517841249,0.07808241141574468,0.0,0.11978568694986613,-0.11978568694986613,-0.3571109123434705,0.38,3,长期阴跌,,32,0,0
531,Tec-9 | Safety Net (Factory New),67.99,62.0,456,26,0.057,0.9119,steamdt-live,69.0,114,68.19,100,,3,6,9,2,10,2,0,0,-0.060525617202017545,-0.03941791466515976,-0.05824999999999991,-0.09755773825325198,0.15012500000000006,0.0,0.24270438850523512,-0.24270438850523512,-0.5027062609713283,0.3,13,长期阴跌,,32,0,0
532,Glock-18 | AXIA (Factory New),281.5,267.0,714,30,0.042,0.9485,steamdt-live,282.0,269,285.88,601,,3,9,12,2,6,0,0,0,0.0017452006980802626,-0.019163763066202044,-0.012068965517241348,-0.017452006980802848,0.02931034482758621,0.03492647058823528,0.045762711864406724,-0.05536912751677847,-0.2475072843433398,0.14,9,可能加速下跌,,32,0,0
533,★ Driver Gloves | Brocade Flowers (Minimal Wear),2418.88,3350.0,38,26,0.6842,1.3849,steamdt-live,2485.5,44,2400.0,44,"溢价求购:买一高于卖一,多为定向收特定图案,买一价不可作退出价",20,0,4,5,2,0,0,0,0.0,0.0,0.014777700260036664,0.0,0.0,0.014777700260036664,0.010305197134833466,-0.010305197134833466,-0.09365558912386707,0.12,0,价格更新稀疏,买一异常溢价(不作为可成交退出价),31,0,0
534,FAMAS | Sundown (Factory New),670.0,465.0,14,5,0.3571,0.694,steamdt-live,680.0,13,710.76,18,,20,1,2,2,6,0,0,0,-0.01613826928442419,0.0,0.0,-0.01613826928442419,0.01613826928442419,0.0,0.04011461318051579,-0.04011461318051579,-0.11375661375661372,1.28,1,价格更新稀疏,,31,0,0
535,★ Sport Gloves | Creme Pinstripe (Field-Tested),522.5,718.0,101,29,0.2871,1.3742,steamdt-live,539.5,97,544.13,64,"溢价求购:买一高于卖一,多为定向收特定图案,买一价不可作退出价",17,0,7,5,2,0,0,0,0.008595988538681931,-0.01041666666666663,-0.0028381492980819045,-0.0019102196752626144,0.01041666666666663,0.04499999999999993,0.012287334593572785,0.0019175455417066445,-0.07028469750889677,0.27,17,可能加速下跌,买一异常溢价(不作为可成交退出价),31,0,0
536,★ Broken Fang Gloves | Needle Point (Field-Tested),268.5,289.0,87,16,0.1839,1.0764,steamdt-live,271.0,94,269.27,115,"溢价求购:买一高于卖一,多为定向收特定图案,买一价不可作退出价",14,0,4,5,2,0,6,0,0.0,-0.0037105751391465214,0.038535645472061564,-0.0037105751391465214,0.005555555555555536,0.034682080924855585,0.012831354093900571,0.0020526217577907513,-0.036944045911047385,0.38,13,回撤不明显,买一异常溢价(不作为可成交退出价),31,0,0
537,AK-47 | Gold Arabesque (Factory New),12110.0,13600.0,229,31,0.1354,1.123,steamdt-live,12298.0,180,12387.5,67,"溢价求购:买一高于卖一,多为定向收特定图案,买一价不可作退出价",11,0,7,2,6,1,4,0,-0.0011047915217480275,-0.007864984433884947,-0.009764991896272335,-0.00896108678751173,0.018638573743922193,0.0008678044547294483,0.04641915036025035,-0.04641915036025035,-0.127490183363954,0.38,7,可能加速下跌,买一异常溢价(不作为可成交退出价),31,0,0
538,★ Moto Gloves | Turtle (Minimal Wear),719.5,930.0,144,18,0.125,1.2926,steamdt-live,749.0,119,728.22,76,"溢价求购:买一高于卖一,多为定向收特定图案,买一价不可作退出价",11,0,7,5,6,0,2,0,-0.005453306066803054,-0.007539410555174819,-0.01078894133513153,-0.012951601908657073,0.023600809170600145,0.012587412587412583,0.041059602649006655,-0.041059602649006655,-0.10617283950617284,0.38,13,暂未减速,买一异常溢价(不作为可成交退出价),31,0,0
539,★ Specialist Gloves | Marble Fade (Minimal Wear),2229.5,4580.0,217,26,0.1198,2.0543,steamdt-live,2329.5,164,2293.56,68,"溢价求购:买一高于卖一,多为定向收特定图案,买一价不可作退出价",11,0,7,5,6,0,2,0,-0.0056694286960313756,-0.02214912280701753,-0.001524058349662516,-0.02769297863061493,0.02896341463414631,0.0,0.044363480497213836,-0.02854030501089322,-0.06047197640117996,0.37,6,可能加速下跌,买一异常溢价(不作为可成交退出价),31,0,0
540,★ Specialist Gloves | Tiger Strike (Minimal Wear),2047.5,3390.0,314,33,0.1051,1.6557,steamdt-live,2113.5,242,2099.0,100,"溢价求购:买一高于卖一,多为定向收特定图案,买一价不可作退出价",11,0,9,5,6,0,0,0,0.0,-0.0009758477677482835,-0.00024390243902439046,-0.0009758477677482835,0.010869565217391353,0.0,0.04723127035830621,-0.04723127035830621,-0.13186347254610986,0.37,1,价格更新稀疏,买一异常溢价(不作为可成交退出价),31,0,0
541,P250 | Dark Filigree (Factory New),50.69,46.0,90,9,0.1,0.9075,steamdt-live,50.88,60,51.7,101,,11,6,4,2,8,0,0,0,0.0,-0.03883876029815603,-0.00039215686274518546,-0.03883876029815603,0.039215686274509776,0.0,0.05714835482008851,-0.05714835482008851,-0.3209534368070953,0.11,4,长期阴跌,,31,0,0
542,★ Driver Gloves | Overtake (Field-Tested),254.0,346.0,233,23,0.0987,1.3622,steamdt-live,255.0,213,266.0,177,"溢价求购:买一高于卖一,多为定向收特定图案,买一价不可作退出价",7,0,7,5,6,0,6,0,0.007827788649706457,-0.013592233009708687,0.0,-0.005870841487279899,0.028606394370506383,0.01195219123505975,0.030201214157535072,-0.030201214157535072,-0.08273446246072735,0.38,13,可能加速下跌,买一异常溢价(不作为可成交退出价),31,0,0
543,★ Sport Gloves | Omega (Minimal Wear),2840.0,4030.0,437,41,0.0938,1.419,steamdt-live,2883.5,372,2849.4,109,"溢价求购:买一高于卖一,多为定向收特定图案,买一价不可作退出价",7,0,9,5,4,0,6,0,-0.004888268156424624,-0.0035087719298245723,0.021033868092691588,-0.008379888268156388,0.008552976086577013,0.014285714285714235,0.01559792027729634,-0.015256588072122046,-0.06373523487388444,0.38,10,回撤不明显,买一异常溢价(不作为可成交退出价),31,0,0
544,AK-47 | Panthera onca (Factory New),2224.8,2130.0,146,10,0.0685,0.9574,steamdt-live,2262.39,30,2240.1,61,,7,9,7,2,6,0,0,0,-0.00044873434478054364,-0.0012076372957900983,-0.013942477876106252,-0.0016558297322399884,0.015575221238937953,0.030000000000000027,0.04738660740664602,-0.04738660740664602,-0.2050026800071466,0.36,1,价格更新稀疏,,31,0,0
545,★ Hand Wraps | Constrictor (Field-Tested),256.0,292.0,449,28,0.0624,1.1406,steamdt-live,265.0,315,263.0,190,"溢价求购:买一高于卖一,多为定向收特定图案,买一价不可作退出价",7,0,9,5,4,0,6,0,-0.00011542901115801918,-0.014892061415323066,0.005415860735009659,-0.015005771450557814,0.026615969581749055,0.0039215686274509665,0.026615969581749055,0.0009383797309978625,-0.10137601797247964,0.37,9,可能加速下跌,买一异常溢价(不作为可成交退出价),31,0,0
546,Tec-9 | Jambiya (Factory New),33.28,28.2,296,12,0.0405,0.8474,steamdt-live,35.3,96,35.4,84,,3,3,9,2,10,2,2,0,-0.03162393162393162,-0.02088849661665193,-0.008474576271186307,-0.051851851851851816,0.059887005649717495,0.0,0.16318833291425705,-0.16318833291425705,-0.5203228596137215,0.15,8,长期阴跌,,31,0,0
547,Galil AR | Rocket Pop (Factory New),51.88,48.0,583,20,0.0343,0.9252,steamdt-live,55.78,259,54.07,239,,3,6,12,2,8,0,0,0,-0.00018590816136820898,-0.03532911863146149,0.01490566037735852,-0.03550845882134224,0.038725217713544535,0.01745440282408306,0.05997463308570383,-0.06150506512301013,-0.28921770105493894,0.25,7,可能加速下跌,,31,0,0
548,★ Driver Gloves | King Snake (Field-Tested),839.0,1720.0,1601,50,0.0312,2.0501,steamdt-live,824.5,1454,852.55,287,"溢价求购:买一高于卖一,多为定向收特定图案,买一价不可作退出价",3,0,15,5,6,0,2,0,0.0,-0.01728247914183556,0.0017910447761193549,-0.01728247914183556,0.018452380952380998,0.0006067961165048263,0.03679906542056077,-0.03679906542056077,-0.09295929592959296,0.38,9,可能加速下跌,买一异常溢价(不作为可成交退出价),31,0,0
549,FAMAS | Decommissioned (Factory New),23.93,22.0,624,15,0.024,0.9193,steamdt-live,24.0,92,23.85,110,,3,6,12,2,8,0,0,0,-0.005835764902042406,0.0,-0.01599671862182117,-0.005835764902042406,0.021739130434782483,0.000419463087248495,0.0625,-0.0625,-0.513265306122449,0.38,1,价格更新稀疏,,31,0,0
550,AWP | Medusa (Factory New),29500.0,26460.0,10,11,1.1,0.8969,steamdt-live,31000.0,22,31293.57,11,,20,6,2,2,0,0,0,0,0.0,0.0,0.0,0.0,0.0,0.0001695202576708077,0.0,0.0,-0.01665027750462511,0.19,0,价格更新稀疏,,30,0,0
551,★ Specialist Gloves | Lt. Commander (Minimal Wear),1074.0,1750.0,208,30,0.1442,1.6294,steamdt-live,1093.5,185,1073.0,89,"溢价求购:买一高于卖一,多为定向收特定图案,买一价不可作退出价",11,0,7,5,4,0,3,0,0.007984969469234438,0.0,0.00046992481203012026,0.007984969469234438,0.0,0.06237623762376243,0.015596330275229331,-0.011970534069981609,-0.11977030352748153,0.38,6,回撤不明显,买一异常溢价(不作为可成交退出价),30,0,0
552,MP9 | Stained Glass (Factory New),828.0,790.0,50,6,0.12,0.9541,steamdt-live,849.98,26,834.59,57,,11,9,4,2,4,0,0,0,-0.00024140012070006378,-0.0009658336351563435,-0.022995283018867885,-0.001207000603500319,0.024174528301886822,0.0,0.024174528301886822,-0.001809408926417344,-0.05965909090909094,0.38,1,价格更新稀疏,,30,0,0
553,★ Moto Gloves | POW! (Field-Tested),434.0,694.0,633,41,0.0648,1.5991,steamdt-live,450.0,700,448.5,318,"溢价求购:买一高于卖一,多为定向收特定图案,买一价不可作退出价",7,0,12,5,6,0,0,0,-0.0044543429844098315,-0.029082774049216997,0.029816513761467878,-0.03340757238307346,0.03773668573455724,0.0011995939835747205,0.042766712984406374,-0.021420518602029315,-0.23389232127096204,0.38,14,可能加速下跌,买一异常溢价(不作为可成交退出价),30,0,0
554,Five-SeveN | Scumbria (Factory New),28.11,25.0,354,21,0.0593,0.8894,steamdt-live,24.95,73,27.61,139,,3,6,9,2,10,0,0,0,-0.010490693739424795,-0.1470588235294117,-0.016638935108153063,-0.15600676818950932,0.17004991680532444,0.0,0.22522522522522515,-0.22450248756218893,-0.5218558282208589,0.38,12,长期阴跌,,30,0,0
555,M4A1-S | Fade (Factory New),1130.0,1520.0,1823,75,0.0411,1.3451,steamdt-live,1139.5,1454,1172.88,992,"溢价求购:买一高于卖一,多为定向收特定图案,买一价不可作退出价",3,0,15,2,6,0,4,0,-0.002270742358078559,-0.01085434173669475,-0.004347826086956497,-0.013100436681222738,0.0195227765726681,0.00044267374944673143,0.04520490071820871,-0.04074702886247883,-0.1329635000652195,0.26,10,可能加速下跌,买一异常溢价(不作为可成交退出价),30,0,0
556,MP9 | Ruby Poison Dart (Factory New),29.79,28.5,550,22,0.04,0.9567,steamdt-live,29.89,249,29.39,287,,3,9,12,2,0,0,4,0,0.008287292817679592,0.007191780821917737,0.030604982206405618,0.015538674033149125,0.0,0.04661921708185046,0.0,0.01764705882352957,-0.2262562483556958,0.38,6,回撤不明显,,30,0,0
557,P250 | Vino Primo (Factory New),104.99,95.0,401,10,0.0249,0.9048,steamdt-live,117.87,118,110.92,87,,3,6,9,2,10,0,0,0,-0.033391915641476255,-0.045545454545454556,-0.0016668128783225988,-0.07741652021089629,0.08696408383337684,0.0,0.14489330509855025,-0.08225524475524482,-0.27832004399230137,0.32,9,可能加速下跌,,30,0,0
558,Glock-18 | Fade (Factory New),9199.5,9990.0,131,20,0.1527,1.0859,steamdt-live,9594.98,140,9585.37,81,"溢价求购:买一高于卖一,多为定向收特定图案,买一价不可作退出价",14,0,7,2,2,0,4,0,0.027569478976739115,-0.010699011398011993,0.0,0.016575501408917725,0.010805387962782742,0.016575501408917725,0.010805387962782742,0.022166666666666668,-0.1153476295797673,0.25,2,可能加速下跌,买一异常溢价(不作为可成交退出价),29,0,0
559,Tec-9 | Hades (Factory New),168.99,147.0,40,4,0.1,0.8699,steamdt-live,177.67,26,176.35,43,,8,3,4,2,8,0,4,0,-0.0029327233268813258,-0.0058826989822931,0.00294134949114655,-0.008798169980643977,0.008798169980643977,0.0,0.05248107653490319,-0.05248107653490319,-0.11699237119866224,0.16,2,回撤不明显,,29,0,0
560,★ Sport Gloves | Big Game (Minimal Wear),1220.0,1610.0,231,20,0.0866,1.3197,steamdt-live,1245.0,181,1264.0,72,"溢价求购:买一高于卖一,多为定向收特定图案,买一价不可作退出价",7,0,7,5,8,0,2,0,-0.008497458703939031,-0.02283540248297955,0.016303470540758758,-0.031138818297331672,0.031138818297331672,0.0,0.06585758039816236,-0.0662007837854387,-0.12230935251798558,0.16,4,可能加速下跌,买一异常溢价(不作为可成交退出价),29,0,0
561,★ Sport Gloves | Bronze Morph (Field-Tested),423.0,504.0,347,25,0.072,1.1915,steamdt-live,443.0,224,439.23,166,"溢价求购:买一高于卖一,多为定向收特定图案,买一价不可作退出价",7,0,9,5,8,0,0,0,-0.000910332271279013,-0.036446469248291535,-0.010360360360360366,-0.03732362312243964,0.04941684082788378,0.0,0.05369127516778527,-0.03159340659340659,-0.13319672131147542,0.38,17,可能加速下跌,买一异常溢价(不作为可成交退出价),29,0,0
562,M4A1-S | Welcome to the Jungle (Factory New),10400.0,12410.0,37,15,0.4054,1.1933,steamdt-live,10290.0,42,10222.0,38,"溢价求购:买一高于卖一,多为定向收特定图案,买一价不可作退出价",20,0,4,2,2,0,0,0,-0.006608357628765771,0.0,0.050053574161947,-0.006608357628765771,0.006608357628765771,0.043114444614521075,0.006608357628765771,0.06490259402021037,0.002156862745098076,0.32,1,价格更新稀疏,买一异常溢价(不作为可成交退出价),28,0,0
563,Galil AR | Aqua Terrace (Factory New),869.0,784.0,30,5,0.1667,0.9022,steamdt-live,898.3,29,891.3,32,,14,6,4,2,2,0,0,0,-0.0011494252873562871,0.0,-0.0018242522286855412,-0.0011494252873562871,0.008217301985848025,0.0,0.00991227070753109,-0.00991227070753109,-0.06649478998818348,0.21,1,价格更新稀疏,,28,0,0
564,P250 | Mehndi (Factory New),198.0,172.0,37,5,0.1351,0.8687,steamdt-live,182.5,47,185.99,76,,11,3,4,2,8,0,0,0,0.0,0.0,0.0,0.0,0.0,0.0,0.06649616368286448,-0.06299738152692924,-0.08745437271863599,0.19,0,价格更新稀疏,,28,0,0
565,AWP | Gungnir (Factory New),77200.0,83150.0,137,15,0.1095,1.0771,steamdt-live,77776.0,169,77777.0,40,"溢价求购:买一高于卖一,多为定向收特定图案,买一价不可作退出价",11,0,7,2,2,0,6,0,0.0,0.0,-0.007412264630061727,0.0,0.007412264630061727,0.015789473684210575,0.007418645615027586,-0.004506798883293861,0.0032488628979856493,0.38,2,回撤不明显,买一异常溢价(不作为可成交退出价),28,0,0
566,P250 | Whiteout (Factory New),1750.0,1580.0,37,4,0.1081,0.9029,steamdt-live,1998.2,32,1856.43,33,,8,6,4,2,8,0,0,0,-0.026696329254727424,0.0,-0.0008335648791331085,-0.026696329254727424,0.027507641011392026,0.0,0.06542056074766356,-0.06542056074766356,-0.09770559422531577,0.38,1,价格更新稀疏,,28,0,0
567,M4A1-S | Electrum (Factory New),36.99,43.0,453,33,0.0728,1.1625,steamdt-live,35.8,474,36.5,189,"溢价求购:买一高于卖一,多为定向收特定图案,买一价不可作退出价",7,0,9,2,4,0,6,0,0.025728987993139052,-0.0022296544035675936,-0.0034188034188035177,0.02344196683819333,0.018640350877192957,0.03170028818443793,0.021857923497267895,-0.016483516483516536,-0.08205128205128209,0.38,19,可能加速下跌,买一异常溢价(不作为可成交退出价),28,0,0
568,P250 | Forest Night (Factory New),83.87,58.0,151,6,0.0397,0.6915,steamdt-live,97.0,15,78.81,38,,3,1,7,2,4,0,6,5,-0.0017732742241924893,0.0,-0.006293266205160464,-0.0017732742241924893,0.008055380742605367,0.0007619047619047414,0.020872158032053556,0.06644113667117724,-0.20240866309078032,0.38,8,回撤不明显,,28,0,0
569,★ Driver Gloves | King Snake (Minimal Wear),2849.5,7770.0,860,34,0.0395,2.7268,steamdt-live,2874.91,878,2895.88,161,"溢价求购:买一高于卖一,多为定向收特定图案,买一价不可作退出价",3,0,12,5,4,0,4,0,0.0001736472876294748,-0.010555922080627833,0.010315789473684278,-0.010384107800236242,0.013843225471534826,0.0,0.027275209940602174,-0.027275209940602174,-0.06879084967320259,0.37,5,可能加速下跌,买一异常溢价(不作为可成交退出价),28,0,0
570,AK-47 | Jaguar (Factory New),2699.0,2410.0,145,3,0.0207,0.8929,steamdt-live,2700.0,42,2741.0,45,,3,6,7,2,8,0,2,0,-0.0018018018018017834,-0.025631768953068623,-0.0043057050592034685,-0.02738738738738744,0.031575170434158584,0.0,0.06866804692891648,-0.06866804692891648,-0.2605074250643872,0.36,2,可能加速下跌,,28,0,0
571,★ Driver Gloves | Plum Quill (Minimal Wear),1059.5,1230.0,16,15,0.9375,1.1609,steamdt-live,1037.5,18,1102.0,21,"溢价求购:买一高于卖一,多为定向收特定图案,买一价不可作退出价",20,0,2,5,0,0,0,0,0.0,-0.0004816955684007196,-0.0019230769230769162,-0.0004816955684007196,0.0024038461538461453,0.0024154589371980784,0.0024038461538461453,-0.0014436958614052475,-0.09388646288209612,0.38,0,价格更新稀疏,买一异常溢价(不作为可成交退出价),27,0,0
572,Desert Eagle | Hand Cannon (Factory New),2648.5,2230.0,20,8,0.4,0.842,steamdt-live,2977.5,30,2663.24,33,,20,3,2,2,0,0,0,0,0.0,0.0,0.0,0.0,0.0,0.0,0.0,0.027713536250329796,-0.04386281588447649,0.38,0,价格更新稀疏,,27,0,0
573,Five-SeveN | Crimson Blossom (Factory New),573.49,465.0,14,5,0.3571,0.8108,steamdt-live,544.5,27,589.71,23,,20,3,2,2,0,0,0,0,0.0,0.0,0.0,0.0,0.0,0.0,0.0,0.0,-0.044736842105263186,0.38,0,价格更新稀疏,,27,0,0
574,Five-SeveN | Neon Kimono (Factory New),3623.8,2820.0,36,7,0.1944,0.7782,steamdt-live,3199.9,26,3152.4,38,,14,1,4,2,2,0,4,0,0.0,-0.008117802529733709,-0.0065951926984029186,-0.008117802529733709,0.014690254422704219,0.0,0.014690254422704219,-0.014659456756165423,-0.014874999999999972,0.31,5,可能加速下跌,,27,0,0
575,Tec-9 | Orange Murano (Factory New),91.99,84.0,85,11,0.1294,0.9131,steamdt-live,95.0,22,96.3,26,,11,6,4,2,4,0,0,0,0.0,0.0,-0.025323161686798046,0.0,0.025323161686798046,0.0,0.026560846560846563,0.0,-0.07825651302605208,0.11,0,价格更新稀疏,,27,0,0
576,USP-S | Sleeping Potion (Factory New),46.6,42.3,239,23,0.0962,0.9077,steamdt-live,46.85,180,46.46,110,,7,6,7,2,4,0,1,0,-0.002336448598130869,-0.010857994464551823,0.07243735763097958,-0.013169073916737384,0.013169073916737384,0.06073059360730593,0.01983122362869194,-0.017551279340241033,-0.12996254681647934,0.38,13,可能加速下跌,,27,0,0
577,★ Hand Wraps | Giraffe (Field-Tested),230.0,267.0,338,30,0.0888,1.1609,steamdt-live,245.0,263,242.04,129,"溢价求购:买一高于卖一,多为定向收特定图案,买一价不可作退出价",7,0,9,5,6,0,0,0,0.007563025210084007,-0.0408673894912428,-0.004184100418409997,-0.03361344537815125,0.049743843992728465,0.0,0.049743843992728465,-0.03765690376569042,-0.09334594765058346,0.2,10,可能加速下跌,买一异常溢价(不作为可成交退出价),27,0,0
578,★ Moto Gloves | Finish Line (Field-Tested),458.0,673.0,426,33,0.0775,1.4694,steamdt-live,488.5,414,474.4,221,"溢价求购:买一高于卖一,多为定向收特定图案,买一价不可作退出价",7,0,9,5,6,0,0,0,-0.006342494714587699,-0.025531914893617058,0.01941852195090399,-0.031712473572938715,0.037815126050420145,0.00659340659340657,0.0464293150114512,-0.0464293150114512,-0.17907906293129716,0.38,13,可能加速下跌,买一异常溢价(不作为可成交退出价),27,0,0
579,★ Hand Wraps | Cobalt Skulls (Minimal Wear),2337.0,3200.0,388,27,0.0696,1.3693,steamdt-live,2349.5,310,2377.0,92,"溢价求购:买一高于卖一,多为定向收特定图案,买一价不可作退出价",7,0,9,5,4,0,2,0,0.0010702054794520244,-0.00042762454564893027,-0.00621963567058903,0.0006421232876712146,0.005581506155822646,0.020742358078602585,0.02927740863787376,-0.02927740863787376,-0.09399224806201545,0.12,4,回撤不明显,买一异常溢价(不作为可成交退出价),27,0,0
580,FAMAS | Macabre (Factory New),62.29,42.0,73,5,0.0685,0.6743,steamdt-live,69.91,38,64.07,65,,7,1,4,2,4,0,6,3,-0.001757188498402562,-0.003200512081933171,-0.006349206349206327,-0.004952076677316342,0.011269841269841319,0.0,0.026566651039224953,-0.026566651039224953,-0.21331144228340493,0.21,3,暂未减速,,27,0,0
581,★ Sport Gloves | Nocts (Minimal Wear),5418.5,6540.0,383,25,0.0653,1.207,steamdt-live,5499.1,319,5649.1,71,"溢价求购:买一高于卖一,多为定向收特定图案,买一价不可作退出价",7,0,9,5,2,0,4,0,0.0034195933456562244,-0.0018421295017039263,-0.0073376281424368806,0.0015711645101663674,0.005777992253196751,0.012803738317757052,0.008690084156604438,-0.011222627737226265,-0.07217465753424657,0.37,4,回撤不明显,买一异常溢价(不作为可成交退出价),27,0,0
582,★ Specialist Gloves | Crimson Kimono (Minimal Wear),16980.0,20400.0,358,22,0.0615,1.2014,steamdt-live,16600.0,357,17449.0,78,"溢价求购:买一高于卖一,多为定向收特定图案,买一价不可作退出价",7,0,9,5,6,0,0,0,0.0,0.0,-0.02352941176470591,0.0,0.02352941176470591,0.0,0.03479954647207606,-0.03479954647207606,-0.016966215616024627,0.38,0,价格更新稀疏,买一异常溢价(不作为可成交退出价),27,0,0
583,★ Hand Wraps | Overprint (Minimal Wear),870.0,1100.0,344,18,0.0523,1.2644,steamdt-live,879.0,285,909.3,90,"溢价求购:买一高于卖一,多为定向收特定图案,买一价不可作退出价",3,0,9,5,4,0,6,0,0.0,-0.004576659038901587,0.0005724098454493731,-0.004576659038901587,0.010801591813530464,0.0011507479861909697,0.015837104072398245,-0.009111617312072884,-0.07298881193393714,0.34,10,可能加速下跌,买一异常溢价(不作为可成交退出价),27,0,0
584,P250 | Wingshot (Factory New),39.76,33.3,211,11,0.0521,0.8375,steamdt-live,41.1,125,41.69,131,,3,3,7,2,8,0,4,0,-0.008166295471417895,-0.007984031936127733,-0.0004946821667080048,-0.016085127443702052,0.016571852584714386,0.0,0.05310788282924517,-0.05310788282924517,-0.4127031019202364,0.38,6,长期阴跌,,27,0,0
585,Glock-18 | Red Tire (Factory New),64.9,56.0,322,16,0.0497,0.8629,steamdt-live,71.42,90,66.07,121,,3,3,9,2,10,0,0,0,-0.023428571428571465,-0.050614394382679784,-0.03448275862068961,-0.07285714285714273,0.10359116022099446,0.04677419354838719,0.15593705293276106,-0.09998613229787812,-0.5559660645867541,1.31,19,长期阴跌,,27,0,0
586,FAMAS | Hexane (Factory New),53.9,45.0,305,9,0.0295,0.8349,steamdt-live,61.68,129,55.64,88,,3,3,9,2,10,0,0,0,-0.0037234042553191404,-0.040754582665954775,-0.008787346221441172,-0.04432624113475181,0.05438596491228076,0.0,0.10166666666666668,-0.08829499323410017,-0.493230537796164,0.21,8,长期阴跌,,27,0,0
587,P250 | Iron Clad (Factory New),43.38,35.0,284,6,0.0211,0.8068,steamdt-live,44.38,25,40.29,73,,3,3,9,2,10,0,0,0,0.0,0.0,0.06306068601583115,0.0,0.0012394645513139624,0.06306068601583115,0.09215863001351965,-0.09010840108401086,-0.26718806838850484,0.38,0,价格更新稀疏,,27,0,0
588,Desert Eagle | Urban DDPAT (Factory New),147.49,108.0,26,7,0.2692,0.7323,steamdt-live,144.5,16,145.64,37,,17,1,2,2,4,0,0,0,-0.0034482758620689724,0.0,-0.006849315068493178,-0.0034482758620689724,0.010273972602739767,0.0,0.020272560851583243,-0.020272560851583243,0.07044966293799537,0.21,1,价格更新稀疏,,26,0,0
589,M4A4 | Howl (Factory New),44888.0,52050.0,91,19,0.2088,1.1596,steamdt-live,44999.5,107,45999.0,38,"溢价求购:买一高于卖一,多为定向收特定图案,买一价不可作退出价",17,0,4,5,0,0,0,0,0.0,0.0,-0.0013793103448276334,0.0,0.0024778053089479224,0.02018181818181808,0.002488888888888874,0.02018181818181808,0.013284574317994569,0.35,0,价格更新稀疏,买一异常溢价(不作为可成交退出价),26,0,0
590,M4A4 | Tornado (Factory New),738.0,651.0,15,3,0.2,0.8821,steamdt-live,745.0,20,741.9,15,,8,6,2,2,2,0,6,0,0.0,-0.004048582995951455,0.0,-0.004048582995951455,0.004048582995951455,0.0,0.00939597315436247,-0.005256773150020155,-0.18000000000000005,0.27,3,回撤不明显,,26,0,0
591,Five-SeveN | Hyper Beast (Factory New),2643.0,2360.0,41,7,0.1707,0.8929,steamdt-live,2839.84,35,2727.81,43,,14,6,4,2,0,0,0,0,0.016665384615384582,-0.00012484252817468455,0.061224489795918435,0.016538461538461613,0.00012484252817468455,0.07877551020408169,0.0022424063965208463,-0.00021939945074478384,-0.0670140212648791,0.31,1,价格更新稀疏,,26,0,0
592,P250 | Digital Architect (Factory New),234.5,216.0,24,3,0.125,0.9211,steamdt-live,286.0,23,240.2,34,,8,6,2,2,8,0,0,0,0.0,0.0,-0.0021276595744680327,0.0,0.0021276595744680327,0.0,0.06045915301093796,-0.061211417590776196,-0.21833333333333338,0.18,0,价格更新稀疏,,26,0,0
593,Five-SeveN | Case Hardened (Factory New),218.5,266.0,235,20,0.0851,1.2174,steamdt-live,232.0,151,230.99,118,"溢价求购:买一高于卖一,多为定向收特定图案,买一价不可作退出价",7,0,7,2,8,0,2,0,-0.004484304932735439,-0.015765765765765716,-0.004464285714285698,-0.020179372197309364,0.024553571428571397,0.0,0.05855487095523293,-0.05684810290499409,-0.2716666666666666,0.37,4,可能加速下跌,买一异常溢价(不作为可成交退出价),26,0,0
594,Glock-18 | Brass (Factory New),712.7,640.0,68,3,0.0441,0.898,steamdt-live,716.3,22,719.68,43,,3,6,4,2,2,0,6,3,-0.0008262148158522109,-0.0011352328628889685,-0.007505211952744895,-0.00196050973253048,0.008762169680111231,0.0,0.009451007644197262,-0.009451007644197262,-0.2152695962387553,0.2,3,回撤不明显,,26,0,0
595,M4A4 | Modern Hunter (Factory New),4400.0,1310.0,1,5,5.0,0.2977,steamdt-live,4299.5,3,4025.88,8,,20,1,2,2,0,0,0,0,0.0,0.0,0.0,0.0,0.0,0.0,0.0,0.0,-6.706158488878344e-05,0.38,0,价格更新稀疏,,25,0,0
596,AK-47 | Jungle Spray (Factory New),1150.0,660.0,5,5,1.0,0.5739,steamdt-live,999.0,6,1025.99,13,,20,1,2,2,0,0,0,0,0.0,0.0,0.0,0.0,0.0,0.0,0.0,0.0,0.0,0.38,0,价格更新稀疏,,25,0,0
597,AK-47 | Red Laminate (Factory New),3035.99,1690.0,7,5,0.7143,0.5567,steamdt-live,3999.99,8,3126.36,5,,20,1,2,2,0,0,0,0,-0.00019759005990283018,0.0,0.0,-0.00019759005990283018,0.00019759005990283018,0.0,0.0003292733924049607,-0.0003292733924049607,-0.07439047070265459,0.38,0,价格更新稀疏,,25,0,0
598,M4A4 | Faded Zebra (Factory New),408.0,235.0,12,5,0.4167,0.576,steamdt-live,488.0,11,432.8,6,,20,1,2,2,0,0,0,0,0.0,0.0,0.0,0.0,0.0,0.0,0.0,0.0,0.11934156378600824,0.27,0,价格更新稀疏,,25,0,0
599,MP9 | Storm (Factory New),185.59,84.0,18,3,0.1667,0.4526,steamdt-live,237.5,14,184.59,15,,8,1,2,2,6,0,6,0,-0.0022630529662159837,-0.003132256845061243,0.0,-0.005388221348132993,0.005388221348132993,0.0,0.038543674149695284,-0.03954420105104317,0.025500000000000078,0.2,4,回撤不明显,,25,0,0
600,AK-47 | Fire Serpent (Factory New),14695.0,13480.0,64,6,0.0938,0.9173,steamdt-live,14599.5,53,14899.0,32,,7,6,4,2,6,0,0,0,-3.401360544219578e-05,-0.006802952481376967,0.0034129692832765013,-0.0068367346938775775,0.0068367346938775775,0.0,0.03506278916060801,-0.02016778523489937,-0.03751194910505329,0.35,1,价格更新稀疏,,25,0,0
601,P250 | Epicenter (Factory New),124.99,108.0,179,9,0.0503,0.8641,steamdt-live,127.5,69,125.0,96,,3,3,7,2,4,0,6,0,-0.004054376341521615,-0.0023148148148148806,-0.0008737092930897195,-0.006359806025916348,0.007227958697378911,0.0015224358974359475,0.026557632398753972,0.005470195479044371,-0.17219683422743237,0.18,5,回撤不明显,,25,0,0
602,AK-47 | Nightwish (Factory New),713.0,1010.0,885,33,0.0373,1.4165,steamdt-live,737.97,219,732.22,141,"溢价求购:买一高于卖一,多为定向收特定图案,买一价不可作退出价",3,0,12,2,8,0,0,0,-0.006971350613915406,-0.02045638764098967,0.007560137457044647,-0.027285129604365577,0.04550261717024329,0.01857142857142846,0.06674171127894346,-0.06553079947575358,-0.09689677010766307,0.38,13,可能加速下跌,买一异常溢价(不作为可成交退出价),25,0,0
603,USP-S | Business Class (Factory New),656.56,476.0,12,3,0.25,0.725,steamdt-live,685.0,13,588.33,29,,8,1,2,2,2,0,6,3,-0.0033746730785455537,-0.003927876068737679,0.01409969028592939,-0.007289293849658263,0.007289293849658263,0.017150464203592675,0.007289293849658263,0.0399483852721263,-0.14049671292914534,0.15,3,回撤不明显,,24,0,0
604,AWP | The Prince (Factory New),16476.49,18450.0,71,11,0.1549,1.1198,steamdt-live,16800.0,67,16733.9,38,"溢价求购:买一高于卖一,多为定向收特定图案,买一价不可作退出价",14,0,4,2,4,0,0,0,0.0,-6.06925014356996e-07,-3.0345329853687097e-05,-6.06925014356996e-07,3.095223645066536e-05,0.014937168904767928,0.019081383580401123,-0.019081383580401123,-0.022427838262778388,0.38,0,价格更新稀疏,买一异常溢价(不作为可成交退出价),24,0,0
605,Tec-9 | Blast From the Past (Factory New),43.16,36.2,73,6,0.0822,0.8387,steamdt-live,45.5,34,44.81,51,,7,3,4,2,6,0,2,0,-0.005650994575045254,-0.018867924528301994,-0.0051720260850010025,-0.024412296564195413,0.02945806161457165,0.0,0.03875278396436532,-0.03875278396436532,-0.38342857142857145,0.11,6,长期阴跌,,24,0,0
606,Galil AR | Winter Forest (Factory New),4900.0,150.0,2,3,1.5,0.0306,steamdt-live,5100.0,2,3520.6,2,,8,1,2,2,10,0,0,0,0.0,0.0,0.0,0.0,0.0,0.0,0.21764444444444442,-0.21764444444444442,0.29760610360650896,0.2,0,价格更新稀疏,,23,0,0
607,P250 | Nuclear Threat (Factory New),11488.88,700.0,3,2,0.6667,0.0609,steamdt-live,2300.0,2,11888.0,1,,8,1,2,2,10,0,0,0,0.0,0.0,0.0,0.0,0.0,0.0,0.668999024266689,-0.668999024266689,-0.8849942497124856,0.38,0,价格更新稀疏,,23,0,0
608,Glock-18 | Sand Dune (Factory New),3499.0,560.0,4,2,0.5,0.16,steamdt-live,0.0,0,1849.54,2,,8,1,2,2,10,0,0,0,0.0,0.0,0.0,0.0,0.0,0.2608408150465944,0.16278964497978887,-0.16278964497978887,-0.16942918857748457,0.38,2,反弹较远,,23,0,0
609,P250 | Gunsmoke (Factory New),116.0,35.0,6,2,0.3333,0.3017,steamdt-live,90.0,10,146.48,8,,8,1,2,2,10,0,0,0,0.0,0.0,0.0,0.0,0.0,0.0,0.23728813559322037,0.05882352941176472,-0.3076923076923077,0.38,0,价格更新稀疏,,23,0,0
610,P250 | Splash (Factory New),336.5,280.0,8,2,0.25,0.8321,steamdt-live,298.28,14,310.9,13,,8,3,2,2,8,0,0,0,0.0,0.0,0.0,0.0,0.0,0.0,0.05217667619955524,-0.05217667619955524,-0.12270588235294122,0.38,0,价格更新稀疏,,23,0,0
611,Tec-9 | Cut Out (Factory New),89.87,77.0,26,4,0.1538,0.8568,steamdt-live,93.6,27,96.4,26,,8,3,2,2,8,0,0,0,-0.0011114816049794252,0.0,-0.019614253023863992,-0.0011114816049794252,0.020383693045563422,0.0,0.052404048924504454,-0.052503953610964604,-0.3265642562757586,0.16,0,价格更新稀疏,,23,0,0
612,Five-SeveN | Candy Apple (Factory New),536.0,407.0,31,3,0.0968,0.7593,steamdt-live,496.5,39,511.47,55,,7,1,4,2,2,0,6,0,-0.0030090270812437314,-0.001006036217303774,-0.0018221501371619153,-0.004012036108325012,0.007000000000000006,0.0,0.014880952380952328,-0.014880952380952328,-0.1320081816751455,0.31,3,回撤不明显,,22,0,0
613,AWP | Pink DDPAT (Factory New),847.48,700.0,34,3,0.0882,0.826,steamdt-live,988.98,15,830.46,42,,7,3,4,2,0,0,6,0,0.0,0.0,0.0,0.0,0.0,0.0005542168674699255,0.0,0.05188093730208987,-0.11653191489361703,0.38,2,回撤不明显,,22,0,0
614,Galil AR | Urban Rubble (Factory New),88.19,75.0,73,2,0.0274,0.8504,steamdt-live,65.0,29,70.33,26,,3,3,4,2,10,0,0,0,-0.06666666666666665,-0.0714285714285714,-0.0625,-0.1333333333333333,0.1875,0.0,0.2994934799008514,-0.2994934799008514,-0.47979191676670674,0.2,10,长期阴跌,,22,0,0
615,AWP | Snake Camo (Factory New),3500.0,1000.0,2,4,2.0,0.2857,steamdt-live,2600.0,5,2369.0,21,,8,1,2,2,2,0,6,0,-0.004194630872483174,-0.002106149957876946,-0.00417710944026739,-0.006291946308724872,0.010442773600668365,0.0,0.012505210504376807,0.20581274018272966,-0.027907148513957813,0.38,3,暂未减速,,21,0,0
616,M4A4 | Desert Storm (Factory New),540.0,331.0,15,3,0.2,0.613,steamdt-live,400.0,12,432.07,9,,8,1,2,2,8,0,0,0,0.0012515644555695093,0.0,0.0,0.0012515644555695093,0.0,0.0012515644555695093,0.07422408406045311,-0.07422408406045311,-0.06866283266199447,0.27,1,价格更新稀疏,,21,0,0
617,Glock-18 | Night (Factory New),220.59,176.0,31,5,0.1613,0.7979,steamdt-live,320.0,24,220.09,40,,14,1,4,2,0,0,0,0,0.0,-0.002266648533478355,0.1610611084793936,-0.002266648533478355,0.0023118766999092877,0.15842939102058007,0.0023118766999092877,0.0004090909090910255,-0.19938159330665683,0.38,1,价格更新稀疏,,21,0,0
618,Glock-18 | Blue Fissure (Factory New),220.48,183.0,50,7,0.14,0.83,steamdt-live,230.0,28,219.3,50,,11,3,4,2,0,0,0,0,0.0,0.0,-0.00013678019422791454,0.0,0.00013678019422791454,0.0,0.00013678019422791454,0.002147785952565817,-0.04941482444733414,0.38,0,价格更新稀疏,,20,0,0
619,Desert Eagle | Pilot (Factory New),1128.7,930.0,41,5,0.122,0.824,steamdt-live,1199.9,51,1051.9,35,,11,3,4,2,0,0,0,0,0.0,0.0,0.0,0.0,9.505703422041378e-05,0.0,9.505703422041378e-05,0.004871990829193873,0.013703646596253227,0.38,0,价格更新稀疏,,20,0,0
620,P250 | Facets (Factory New),500.0,0.0,2,0,0.0,,steamdt-live,2499.48,3,226.49,11,缺买一价,3,0,2,2,4,0,4,5,-0.003309672081174053,-0.010398916415432335,0.0024446675688654107,-0.01367417149327177,0.022063903281519748,0.0,0.022063903281519748,0.10801819871826246,-0.04244704688623002,0.38,14,悠悠盘口不足,,20,0,0
621,AK-47 | Predator (Factory New),666.0,281.0,6,3,0.5,0.4219,steamdt-live,1000.0,6,700.11,5,,8,1,2,2,0,0,6,0,0.0,0.0,0.0,0.0,0.0,0.0060422960725075026,0.0,0.0,0.0,0.36,3,回撤不明显,,19,0,0
622,FAMAS | Spitfire (Factory New),3098.5,760.0,6,3,0.5,0.2453,steamdt-live,2800.0,3,2443.63,10,,8,1,2,2,4,0,2,0,0.0020091375576121173,-0.020051090177772957,0.0,-0.018082238018508168,0.020051090177772957,0.0,0.023965202525932372,-0.02309897217969059,-0.07583882972286082,0.38,11,可能加速下跌,,19,0,0
623,Five-SeveN | Anodized Gunmetal (Factory New),87.99,74.0,132,7,0.053,0.841,steamdt-live,89.99,70,89.58,88,,3,3,7,2,4,0,0,0,-0.0210280373831776,0.0,-0.006741076362028919,-0.0210280373831776,0.02762736213946293,0.0,0.027734806629834297,-0.015771812080537018,-0.2867796060630624,0.31,0,价格更新稀疏,,19,0,0
624,Five-SeveN | Nitro (Factory New),420.0,162.0,8,3,0.375,0.3857,steamdt-live,399.0,6,412.15,15,,8,1,2,2,4,0,0,0,0.0,0.0,0.0,0.0,0.0,0.0,0.02564102564102566,-0.02564102564102566,0.006305170239596425,0.38,0,价格更新稀疏,,17,0,0
625,AK-47 | First Class (Factory New),1983.41,1100.0,8,2,0.25,0.5546,steamdt-live,1399.9,18,1341.88,15,,8,1,2,2,4,0,0,0,0.0,0.0,-0.00033523798171819497,0.0,0.02599985483051459,0.0034023016009512297,0.02599985483051459,-0.01755670420101607,-0.07166527150338642,0.36,0,价格更新稀疏,,17,0,0
626,M4A4 | Radiation Hazard (Factory New),2414.5,1930.0,10,2,0.2,0.7993,steamdt-live,2386.0,8,2341.5,12,,8,1,2,2,4,0,0,0,-0.0021303792074989225,-0.0002134927412468235,0.0,-0.0023434171282488148,0.0023434171282488148,0.0,0.0239683201333889,-0.0023434171282488148,-0.06651783044630932,0.38,1,价格更新稀疏,,17,0,0
627,Five-SeveN | Fall Hazard (Factory New),1819.99,1010.0,5,3,0.6,0.5549,steamdt-live,2356.5,7,1802.62,13,,8,1,2,2,0,0,3,0,0.0,0.00684325245350248,0.058567237249723236,0.00684325245350248,0.0,0.06581128009322978,0.0,0.06254451618929746,0.006164171513235006,0.38,2,回撤不明显,,16,0,0
628,P250 | Bone Mask (Factory New),440.0,0.01,1,1,1.0,0.0,steamdt-live,0.0,0,188.57,1,,8,1,2,2,2,0,0,0,-0.007420256336127973,0.0,0.0011577424023154759,-0.007420256336127973,0.007611523268137632,0.0,0.008757578673852295,0.06526010962871043,-0.22544743570461723,0.19,1,价格更新稀疏,,15,0,0
629,Tec-9 | Brass (Factory New),450.0,375.0,11,4,0.3636,0.8333,steamdt-live,480.0,9,466.26,41,,8,3,2,2,0,0,0,0,0.0,0.0,0.0,0.0,0.0,0.0,0.0,0.0030537413904554445,-0.1089108910891089,0.22,0,价格更新稀疏,,15,0,0
630,AK-47 | Wasteland Rebel (Factory New),2350.3,2050.0,20,4,0.2,0.8722,steamdt-live,2300.0,18,2343.79,34,,8,3,2,2,0,0,0,0,0.0003914575268584297,0.0,0.013051447908771996,0.0003914575268584297,0.0,0.014131704843581394,0.0,0.102165995783017,-0.033044648112334984,0.38,0,价格更新稀疏,,15,0,0
631,FAMAS | Prime Conspiracy (Factory New),529.0,446.0,26,4,0.1538,0.8431,steamdt-live,507.0,24,518.15,35,,8,3,2,2,0,0,0,0,0.0,0.0,0.0,0.0,0.0,0.0,0.0019685039370078705,-0.0019685039370078705,-0.10425610854931888,1.38,0,价格更新稀疏,,15,0,0
632,MP9 | Dark Age (Factory New),498.5,436.0,28,3,0.1071,0.8746,steamdt-live,523.9,32,508.44,34,,8,3,2,2,0,0,0,0,0.0,0.0,0.0,0.0,0.0,0.0,0.0,0.0,-0.009930486593843102,0.38,0,价格更新稀疏,,15,0,0
633,Five-SeveN | Contractor (Factory New),239.5,36.0,3,3,1.0,0.1503,steamdt-live,229.0,7,265.35,2,,8,1,2,2,0,0,0,0,0.0,0.0,0.0,0.0,0.0,0.0,0.0,0.0,0.0,0.31,0,价格更新稀疏,,13,0,0
634,MP9 | Bulldozer (Factory New),7499.5,3810.0,6,4,0.6667,0.508,steamdt-live,6799.0,5,7094.37,6,,8,1,2,2,0,0,0,0,0.0,0.0,0.0,0.0,0.0,0.0,0.0,0.0,0.0,0.28,0,价格更新稀疏,,13,0,0
635,M4A4 | Jungle Tiger (Factory New),665.5,400.0,8,4,0.5,0.6011,steamdt-live,519.5,10,541.03,8,,8,1,2,2,0,0,0,0,0.0,0.0,0.0,0.0,0.0,0.0,0.0,0.0,-0.21938392186326072,0.27,0,价格更新稀疏,,13,0,0
636,Glock-18 | Groundwater (Factory New),579.0,260.0,4,2,0.5,0.4491,steamdt-live,666.0,7,611.06,2,,8,1,2,2,0,0,0,0,0.0,0.0,0.0,0.0,0.0,0.0,0.0,0.0,-0.24805194805194808,0.38,0,价格更新稀疏,,13,0,0
637,Five-SeveN | Jungle (Factory New),345.0,227.0,11,4,0.3636,0.658,steamdt-live,370.0,5,348.75,8,,8,1,2,2,0,0,0,0,0.0,0.0,0.0,0.0,0.0,0.0,0.0,0.0,-0.12988650693568726,0.38,0,价格更新稀疏,,13,0,0
638,Galil AR | Shattered (Factory New),499.95,73.0,10,3,0.3,0.146,steamdt-live,399.0,4,5455.16,1,,8,1,2,2,0,0,0,0,0.0,0.0,0.0,0.0,0.0,0.0,0.0,0.0,0.015551426607956387,0.38,0,价格更新稀疏,,13,0,0
639,Galil AR | Hunting Blind (Factory New),39.21,20.1,18,4,0.2222,0.5126,steamdt-live,65.62,17,40.89,17,,8,1,2,2,0,0,0,0,0.0,-0.0012735608762097783,0.0,-0.0012735608762097783,0.0012735608762097783,0.0,0.0012735608762097783,0.02670856245090336,0.01606633842964489,0.21,1,价格更新稀疏,,13,0,0
640,MP9 | Green Plaid (Factory New),60.99,41.0,12,2,0.1667,0.6722,steamdt-live,70.0,5,93.55,3,,8,1,2,2,0,0,0,0,0.0,0.0,0.0,0.0,0.0,0.0,0.0,0.0,0.013122923588039903,0.2,0,价格更新稀疏,,13,0,0
641,FAMAS | Contrast Spray (Factory New),0.0,248.0,0,2,,,steamdt-live,810.0,2,558.12,6,缺卖一价,0,0,0,2,10,0,0,0,0.0,0.0,-0.26623982751140496,0.0,0.26636521373363475,0.00023297908564678949,0.2679241323224638,-0.2677320318035109,-0.2751594176547747,0.38,0,悠悠盘口不足,,12,0,0
642,P250 | Modern Hunter (Factory New),,,0,0,,,,8000.0,2,2362.37,1,无悠悠数据,0,0,0,2,10,0,0,0,0.0,0.0,0.1820833833713622,0.0,0.0,0.1820833833713622,0.20458922558922565,-0.20458922558922565,0.1810432748070232,0.38,0,悠悠盘口不足,,12,0,0
643,Tec-9 | Nuclear Threat (Factory New),0.0,500.0,0,1,,,steamdt-live,0.0,0,,0,缺卖一价,0,0,0,2,0,0,0,0,0.0,0.0,0.0,0.0,0.0,0.0,0.0,1.1293801537630097,0.14507311779822785,0.38,0,悠悠盘口不足,,2,0,0
