排名,marketHashName,youpin_sell,youpin_buy,youpin_sell_count,youpin_buy_count,挂买/挂卖,买一/卖一,数据来源,buff_sell,buff_sell_count,c5_sell,c5_sell_count,备注,盘口深度分,盘口紧密度分,流动性分,品质分,回撤位置分,跌速减弱分,低点企稳分,下行跌幅收敛分,前12h涨跌,近12h涨跌,前24h涨跌,近24h涨跌,48h回撤,距48h低点,K线时效(小时),24h变价次数,信号状态,报价风险,V2.6总分,建议资金,实际获批
1,Five-SeveN | Triumvirate (Factory New),87.99,84.0,203,30,0.1478,0.9547,steamdt-live,86.75,162,88.41,200,,11,9,7,2,6,19,10,5,-0.013082396144135866,0.008720930232558155,-0.031777777777777794,-0.004475556575625483,0.036111111111111094,0.008720930232558155,0.39,6,减速明显,,69,10000,10000
2,USP-S | Caiman (Factory New),464.5,440.0,237,31,0.1308,0.9473,steamdt-live,478.0,48,473.55,89,,11,9,7,2,4,20,10,5,-0.0062648520198747,0.009782608695652284,-0.01719745222929936,0.0034564700799308845,0.01588983050847459,0.011982570806100323,0.37,7,减速明显,,68,10000,10000
3,AWP | Black Box (Factory New),158.9,149.0,42,21,0.5,0.9377,steamdt-live,158.3,82,160.0,73,,20,9,4,2,4,19,6,0,-0.01577287066246058,0.014743589743589913,-0.021604938271604923,-0.0012618296529968154,0.022839506172839474,0.03803278688524592,0.46,11,减速明显,,64,10000,10000
4,★ Sport Gloves | Scarlet Shamagh (Minimal Wear),1950.0,2780.0,184,31,0.1685,1.4256,steamdt-live,1988.0,166,1974.4,62,"溢价求购:买一高于卖一,多为定向收特定图案,买一价不可作退出价",14,0,7,5,4,19,10,5,-0.007672634271099765,0.005154639175257714,-0.021766324743557663,-0.002557544757033292,0.025000000000000022,0.005154639175257714,0.39,4,减速明显,买一异常溢价(不作为可成交退出价),64,0,0
5,AK-47 | Crossfade (Factory New),25.79,24.6,2794,45,0.0161,0.9539,steamdt-live,26.75,948,27.75,1015,,3,9,15,2,6,16,10,3,-0.022441993153290207,0.0035019455252918164,-0.042955951947579174,-0.01901863826550021,0.04481481481481486,0.0035019455252918164,0.45,11,减速明显,,64,10000,10000
6,Tec-9 | Mummy's Rot (Factory New),72.29,68.0,477,35,0.0734,0.9407,steamdt-live,71.23,78,72.0,82,,7,9,9,2,4,20,6,5,-0.011571428571428566,0.029484029484029506,-0.0396487858416793,0.01757142857142857,0.02290809327846366,0.04015771028037385,0.46,6,减速明显,,62,10000,10000
7,USP-S | Desert Tactical (Factory New),19.13,18.1,739,23,0.0311,0.9462,steamdt-live,18.04,172,18.84,312,,3,9,12,2,8,16,8,3,-0.02015250544662317,0.0027793218454696955,-0.047223663725998954,-0.017429193899782147,0.06382978723404253,0.014623172103486848,0.44,13,减速明显,,61,10000,10000
8,★ Broken Fang Gloves | Jade (Field-Tested),414.5,530.0,137,28,0.2044,1.2786,steamdt-live,432.5,120,438.73,107,"溢价求购:买一高于卖一,多为定向收特定图案,买一价不可作退出价",17,0,7,5,4,16,8,3,-0.010765550239234423,0.002418379685610539,-0.021077283372365363,-0.00837320574162681,0.029274004683840782,0.0060679611650484855,0.46,10,减速明显,买一异常溢价(不作为可成交退出价),60,0,0
9,★ Sport Gloves | Amphibious (Field-Tested),1820.0,2720.0,1106,64,0.0579,1.4945,steamdt-live,1805.0,1027,1829.0,286,"溢价求购:买一高于卖一,多为定向收特定图案,买一价不可作退出价",3,0,15,5,2,20,10,5,-0.005295429208472702,0.011487811711964113,-0.01698630136986301,0.006131549609810438,0.01144640998959423,0.019774011299435124,0.46,15,减速明显,买一异常溢价(不作为可成交退出价),60,0,0
10,★ Specialist Gloves | Buckshot (Minimal Wear),411.0,519.0,145,26,0.1793,1.2628,steamdt-live,426.0,103,420.0,70,"溢价求购:买一高于卖一,多为定向收特定图案,买一价不可作退出价",14,0,7,5,4,20,8,0,-0.014598540145985384,0.014814814814814836,-0.019093078758949833,0.0,0.019093078758949833,0.03007518796992481,0.46,9,减速明显,买一异常溢价(不作为可成交退出价),58,0,0
11,Galil AR | Crimson Tsunami (Factory New),39.69,37.8,714,35,0.049,0.9524,steamdt-live,37.88,294,39.23,257,,3,9,12,2,6,14,10,0,-0.04070521130412241,0.023783783783783763,-0.03163444639718804,-0.017889551464869036,0.049196787148594434,0.02934782608695663,0.46,8,减速明显,,56,0,0
12,★ Specialist Gloves | Buckshot (Field-Tested),250.99,302.0,304,21,0.0691,1.2032,steamdt-live,253.9,331,256.0,219,"溢价求购:买一高于卖一,多为定向收特定图案,买一价不可作退出价",7,0,9,5,4,17,8,5,-0.00986177670402788,0.0039599999999999635,-0.023249516441005813,-0.005940829339775799,0.02717054263565888,0.01410101010101017,0.45,10,减速明显,买一异常溢价(不作为可成交退出价),55,0,0
13,★ Sport Gloves | Vice (Field-Tested),2639.4,5420.0,1484,61,0.0411,2.0535,steamdt-live,2649.5,1405,2640.0,306,"溢价求购:买一高于卖一,多为定向收特定图案,买一价不可作退出价",3,0,15,5,2,20,10,0,-0.014778325123152691,0.015153846153846295,-0.011203117389186557,0.00015157256536579844,0.011201438579402923,0.015153846153846295,0.45,7,减速明显,买一异常溢价(不作为可成交退出价),55,0,0
14,★ Hand Wraps | Giraffe (Field-Tested),229.4,250.0,339,27,0.0796,1.0898,steamdt-live,243.08,276,243.5,228,"溢价求购:买一高于卖一,多为定向收特定图案,买一价不可作退出价",7,0,9,5,2,20,10,0,-0.012974137931034413,0.013144678806934706,-0.012765957446808529,0.0,0.012765957446808529,0.03111111111111109,0.46,15,减速明显,买一异常溢价(不作为可成交退出价),53,0,0
15,★ Sport Gloves | Slingshot (Minimal Wear),5398.5,8450.0,371,39,0.1051,1.5652,steamdt-live,5479.0,338,5529.5,96,"溢价求购:买一高于卖一,多为定向收特定图案,买一价不可作退出价",11,0,9,5,4,14,6,3,-0.010174152153987204,-0.00018520233354935023,-0.017117117117117164,-0.010357470210815789,0.02729729729729735,0.018584905660377293,0.46,7,减速明显,买一异常溢价(不作为可成交退出价),52,0,0
16,★ Sport Gloves | Scarlet Shamagh (Field-Tested),1070.0,1490.0,426,32,0.0751,1.3925,steamdt-live,1065.0,346,1069.61,169,"溢价求购:买一高于卖一,多为定向收特定图案,买一价不可作退出价",7,0,9,5,6,15,10,0,-0.03151065801668207,0.019138755980861344,-0.027927927927927976,-0.0129749768303985,0.04054054054054057,0.019138755980861344,0.45,9,减速明显,买一异常溢价(不作为可成交退出价),52,0,0
17,★ Hand Wraps | Desert Shamagh (Field-Tested),227.5,240.0,250,22,0.088,1.0549,steamdt-live,235.5,209,228.54,284,"溢价求购:买一高于卖一,多为定向收特定图案,买一价不可作退出价",7,0,9,5,4,13,8,3,-0.010869565217391353,0.0,-0.01498929336188437,-0.010869565217391353,0.02777777777777779,0.015625,0.46,11,减速明显,买一异常溢价(不作为可成交退出价),49,0,0
18,AK-47 | Leet Museo (Factory New),3720.0,3710.0,561,131,0.2335,0.9973,steamdt-live,3798.0,58,3720.0,72,,17,15,12,2,4,10,8,5,0.03643497757847536,0.005949161709031925,-0.008888888888888835,0.04260089686098656,0.017951425554382228,0.08454810495626819,0.46,9,左侧观察,,73,10000,10000
19,★ Moto Gloves | Boom! (Field-Tested),3242.88,3190.0,246,76,0.3089,0.9837,steamdt-live,3450.0,38,3300.0,62,,20,12,7,5,4,10,10,0,0.022690955576861516,0.013400000000000079,-0.009183027232425589,0.03639501438159165,0.01730909090909083,0.04609032258064527,0.41,9,左侧观察,,68,10000,10000
20,★ Hand Wraps | Leather (Minimal Wear),4099.0,4000.0,185,44,0.2378,0.9758,steamdt-live,4255.91,28,4150.0,38,,17,12,7,5,2,10,10,5,0.03872787894331875,0.012098765432098757,-0.03322588643689561,0.05129520389843556,0.012289156626505982,0.051564905079527934,0.46,10,左侧观察,,68,10000,10000
21,★ Driver Gloves | Hand Sweaters (Minimal Wear),1519.0,1470.0,34,25,0.7353,0.9677,steamdt-live,1530.98,37,1556.92,36,,20,12,4,5,2,9,10,5,0.0009868421052632304,-0.0023003614853762677,-0.012987012987012991,-0.001315789473684159,0.014285714285714235,0.0,0.46,6,左侧观察,,67,10000,10000
22,★ Specialist Gloves | Foundation (Field-Tested),5639.9,5510.0,310,76,0.2452,0.977,steamdt-live,5800.0,38,5911.48,67,,17,12,9,5,6,10,8,0,0.04146940091837559,0.015338914393734804,-0.012346296296296355,0.05744441090275676,0.04005106382978729,0.08455769230769228,0.12,14,左侧观察,,67,10000,10000
23,M4A4 | Red DDPAT (Factory New),764.0,748.0,181,44,0.2431,0.9791,steamdt-live,837.9,29,769.88,72,,17,12,7,2,4,10,10,5,0.02717333333333327,-0.008281627248890144,-0.04701397712833544,0.01866666666666661,0.029224904701397714,0.025503355704697972,0.46,9,左侧观察,,67,10000,10000
24,★ Hydra Gloves | Case Hardened (Minimal Wear),552.5,536.0,116,20,0.1724,0.9701,steamdt-live,589.5,110,569.0,85,,14,12,7,5,4,10,10,5,0.025949953660797,-0.0018066847335139746,-0.04242101526446573,0.024096385542168752,0.01934682286119982,0.024096385542168752,0.45,6,左侧观察,,67,10000,10000
25,★ Driver Gloves | Lunar Weave (Field-Tested),4679.5,4560.0,276,87,0.3152,0.9745,steamdt-live,4880.0,24,4750.0,81,,20,12,9,5,2,10,8,0,0.040909090909091006,0.02172489082969431,-0.02221570366024672,0.06352272727272723,0.01025803722504226,0.06352272727272723,0.43,11,左侧观察,,66,10000,10000
26,USP-S | Target Acquired (Factory New),2345.0,2260.0,148,36,0.2432,0.9638,steamdt-live,2400.0,52,2430.0,48,,17,12,7,2,2,10,10,5,0.053567459435430065,-0.010548523206751037,-0.042765957446808556,0.04245387863969774,0.014498844295019908,0.05156950672645744,0.34,5,左侧观察,,65,10000,10000
27,★ Specialist Gloves | Forest DDPAT (Minimal Wear),1993.47,1940.0,150,31,0.2067,0.9732,steamdt-live,2170.0,24,2060.33,49,,17,12,7,5,4,10,10,0,0.028090003506094474,-0.00024574214126660276,-0.028559979964938642,0.02783735846721802,0.01745297898347864,0.02783735846721802,0.27,7,左侧观察,,65,10000,10000
28,★ Hand Wraps | Slaughter (Minimal Wear),3599.5,3480.0,175,32,0.1829,0.9668,steamdt-live,3850.0,30,3715.3,69,,14,12,7,5,2,10,10,5,0.02760171919770782,0.003672277788156819,-0.02812316380719515,0.03137535816618908,0.012482853223593993,0.03137535816618908,0.46,4,左侧观察,,65,10000,10000
29,M4A1-S | Briefing (Factory New),380.0,372.0,270,36,0.1333,0.9789,steamdt-live,389.82,58,396.81,102,,11,12,9,2,6,10,10,5,0.03952569169960474,-0.03675538656527255,-0.014285714285714235,0.0013175230566535578,0.037706703132517894,0.027027027027026973,0.46,12,左侧观察,,65,10000,10000
30,Desert Eagle | Emerald Jörmungandr (Factory New),2934.7,2900.0,317,44,0.1388,0.9882,steamdt-live,3044.0,105,2899.0,110,,11,12,9,2,4,10,10,5,0.006597222222222143,0.0,-0.02504747815666264,0.006597222222222143,0.018618821936357444,0.014168270071715838,0.46,3,左侧观察,,63,10000,10000
31,USP-S | Purple DDPAT (Factory New),174.8,170.0,1044,68,0.0651,0.9725,steamdt-live,179.5,200,182.19,262,,7,12,15,2,4,10,10,3,0.018008717595778823,-0.015211267605633738,-0.017690140845070368,0.0025235145675612802,0.028888888888888853,0.028840494408475692,0.42,16,左侧观察,,63,10000,10000
32,AWP | Silk Tiger (Factory New),3379.5,3270.0,294,50,0.1701,0.9676,steamdt-live,3550.0,63,3333.0,70,,14,12,9,2,2,10,8,5,0.0687207614131311,0.006188679245282991,-0.031103469834323216,0.07533473140829172,0.011565836298932375,0.08573848459183009,0.46,7,左侧观察,,62,10000,10000
33,Tec-9 | Phoenix Chalk (Factory New),75.0,73.0,392,32,0.0816,0.9733,steamdt-live,80.0,108,77.37,120,,7,12,9,2,8,11,8,5,-0.03474903474903479,0.0,-0.040740740740740744,-0.03474903474903479,0.07407407407407407,0.0,0.46,6,左侧观察,,62,10000,10000
34,Glock-18 | Shinobu (Factory New),120.1,116.0,928,47,0.0506,0.9659,steamdt-live,120.4,383,127.58,207,,3,12,15,2,4,10,10,5,0.0002564760194920801,0.0264957264957264,-0.04490895729566424,0.026758998033683756,0.01935167796194992,0.031166824074869037,0.46,9,左侧观察,,61,10000,10000
35,Galil AR | Rainbow Spoon (Factory New),168.5,162.0,940,24,0.0255,0.9614,steamdt-live,170.5,378,172.22,629,,3,12,15,2,4,10,10,5,-0.009823529411764675,0.001009920988534363,0.00597668501094728,-0.008823529411764675,0.023188405797101463,0.014082811747712976,0.46,8,左侧观察,,61,10000,10000
36,AK-47 | Midnight Laminate (Factory New),80.0,77.0,1500,28,0.0187,0.9625,steamdt-live,83.0,1046,82.71,689,,3,12,15,2,6,8,10,5,0.014745972738537727,-0.023079741116131425,-0.03699284009546533,-0.00867410161090465,0.04875148632580251,0.0037641154328731385,0.45,14,左侧观察,,61,10000,10000
37,★ Sport Gloves | Creme Pinstripe (Minimal Wear),1084.0,1350.0,44,21,0.4773,1.2454,steamdt-live,1104.0,40,1090.0,32,"溢价求购:买一高于卖一,多为定向收特定图案,买一价不可作退出价",20,0,4,5,6,10,10,5,0.03084112149532703,-0.017225747960108784,-0.044642857142857095,0.013084112149532645,0.03214285714285714,0.013557737260402103,0.2,5,左侧观察,买一异常溢价(不作为可成交退出价),60,0,0
38,Glock-18 | Ifrit Lattice (Factory New),69.0,65.0,76,12,0.1579,0.942,steamdt-live,69.7,67,70.0,88,,14,9,4,2,6,10,10,5,0.012805587892898762,-0.008620689655172376,-0.04396215915414581,0.004074505238649717,0.03872945110058512,0.014705882352941124,0.94,7,左侧观察,,60,10000,10000
39,★ Sport Gloves | Arid (Minimal Wear),7600.0,7340.0,170,23,0.1353,0.9658,steamdt-live,7888.0,41,7949.0,49,,11,12,7,5,2,10,10,3,0.014763693889657814,-0.012665167476670902,-0.015054327502389109,0.001911541757300128,0.01317156272073794,0.0019775873434411118,0.46,2,左侧观察,,60,10000,10000
40,AWP | LongDog (Factory New),3034.5,2940.0,317,41,0.1293,0.9689,steamdt-live,3140.0,128,3040.0,169,,11,12,9,2,6,10,10,0,0.05538194444444455,-0.0016450074025332606,-0.038878691807108345,0.05364583333333339,0.03651373233846644,0.05364583333333339,0.41,13,左侧观察,,60,10000,10000
41,P250 | Hive (Factory New),49.53,47.0,172,17,0.0988,0.9489,steamdt-live,47.47,91,42.59,153,,7,9,7,2,10,10,10,5,0.027730479202140668,0.008047337278106692,-0.18851164626924588,0.0360009729992703,0.15929727595736265,0.037768031189084006,0.32,3,左侧观察,,60,10000,10000
42,AWP | POP AWP (Factory New),239.5,235.0,1234,98,0.0794,0.9812,steamdt-live,244.0,288,258.69,263,,7,12,15,2,8,10,6,0,0.05747126436781613,0.04347826086956519,-0.03290351267229885,0.10344827586206895,0.0513833992094862,0.11633099213916931,0.46,19,左侧观察,,60,10000,10000
43,M4A4 | Urban DDPAT (Factory New),143.37,140.0,500,33,0.066,0.9765,steamdt-live,169.99,99,145.28,140,,7,12,12,2,4,10,8,5,0.027598566308243644,0.00013951866062100748,-0.05102040816326525,0.02774193548387105,0.02469387755102037,0.08613636363636368,0.46,7,左侧观察,,60,10000,10000
44,AWP | Black Nile (Factory New),110.0,107.0,1070,70,0.0654,0.9727,steamdt-live,108.0,241,112.8,353,,7,12,15,2,8,10,6,0,0.11458333333333326,0.009345794392523255,-0.02339776195320442,0.125,0.06896551724137934,0.12734864300626314,0.46,16,左侧观察,,60,10000,10000
45,USP-S | Forest Leaves (Factory New),25.96,25.7,537,24,0.0447,0.99,steamdt-live,26.99,84,26.83,145,,3,12,12,2,6,10,10,5,-0.004252029377657451,0.007763975155279379,-0.04149685068543896,0.0034789331271742885,0.038162282326787644,0.03839999999999999,0.46,7,左侧观察,,60,10000,10000
46,Five-SeveN | Orange Peel (Factory New),19.58,19.0,547,20,0.0366,0.9704,steamdt-live,18.8,89,19.91,119,,3,12,12,2,6,10,10,5,0.005268703898840821,-0.005765199161425594,-0.03995953464845725,-0.0005268703898841931,0.04046535154274156,0.053888888888888875,0.46,8,左侧观察,,60,10000,10000
47,Glock-18 | Royal Legion (Factory New),264.5,253.0,398,68,0.1709,0.9565,steamdt-live,257.8,68,257.48,111,,14,9,9,2,2,10,8,5,0.07916666666666661,-0.005868725868725777,-0.04761904761904767,0.0728333333333333,0.012199800506406788,0.0728333333333333,0.46,10,左侧观察,,59,0,0
48,Glock-18 | Twilight Galaxy (Factory New),3230.0,3110.0,308,37,0.1201,0.9628,steamdt-live,3250.0,71,3260.0,101,,11,12,9,2,2,10,8,5,0.04775641025641031,-0.011930253900275356,-0.017922906948195427,0.03525641025641035,0.013740458015267132,0.07024519549370445,0.46,7,左侧观察,,59,0,0
49,Galil AR | Dusk Ruins (Factory New),255.0,246.0,280,23,0.0821,0.9647,steamdt-live,266.6,50,260.91,98,,7,12,9,2,4,10,10,5,0.02208835341365467,0.0019646365422396617,-0.04230769230769227,0.024096385542168752,0.019230769230769273,0.026156941649899457,0.35,8,左侧观察,,59,0,0
50,★ Driver Gloves | Racing Green (Field-Tested),176.49,176.0,183,12,0.0656,0.9972,steamdt-live,177.0,132,181.51,350,,7,15,7,5,6,6,8,5,-0.0028732394366196568,-0.0028250183626193914,-0.013669704378750924,-0.005690140845070357,0.03022144073850208,0.0056983303891959824,0.37,12,左侧观察,,59,0,0
51,M4A4 | Turbine (Factory New),85.9,85.0,1097,42,0.0383,0.9895,steamdt-live,84.99,209,87.34,284,,3,12,15,2,2,10,10,5,0.020570749108204556,-0.010951881626470872,-0.009422850412249884,0.009393579072532798,0.01118229470005816,0.01179976162097729,0.22,7,左侧观察,,59,0,0
52,Desert Eagle | Printstream (Factory New),466.99,459.0,1269,45,0.0355,0.9829,steamdt-live,465.0,933,477.99,451,,3,12,15,2,2,10,10,5,0.01085963003264423,0.0010979784279532279,-0.015005359056806,0.01196953210010876,0.010638297872340385,0.02310231023102305,0.46,12,左侧观察,,59,0,0
53,★ Specialist Gloves | Pillow Punchers (Minimal Wear),8489.5,11080.0,85,41,0.4824,1.3051,steamdt-live,8539.0,102,8566.0,33,"溢价求购:买一高于卖一,多为定向收特定图案,买一价不可作退出价",20,0,4,5,4,10,10,5,0.0024009603841537164,0.016706586826347403,-0.03139534883720929,0.019147659063625477,0.01923521256931604,0.029030303030302962,0.46,6,左侧观察,买一异常溢价(不作为可成交退出价),58,0,0
54,★ Driver Gloves | Wave Chaser (Field-Tested),1045.0,2180.0,76,29,0.3816,2.0861,steamdt-live,1036.5,85,1045.13,56,"溢价求购:买一高于卖一,多为定向收特定图案,买一价不可作退出价",20,0,4,5,4,10,10,5,0.0,0.006310679611650549,-0.024805907971975016,0.006310679611650549,0.01818698493890314,0.006799417192812074,0.2,4,左侧观察,买一异常溢价(不作为可成交退出价),58,0,0
55,P250 | Kintsugi (Factory New),121.0,208.0,107,35,0.3271,1.719,steamdt-live,122.0,127,125.8,55,"溢价求购:买一高于卖一,多为定向收特定图案,买一价不可作退出价",20,0,7,2,4,10,10,5,0.012396694214876103,-0.01224489795918371,-0.01224489795918371,0.0,0.016260162601625994,0.008333333333333304,0.46,6,左侧观察,买一异常溢价(不作为可成交退出价),58,0,0
56,★ Moto Gloves | Blood Pressure (Minimal Wear),1240.0,1580.0,113,28,0.2478,1.2742,steamdt-live,1279.5,81,1289.99,87,"溢价求购:买一高于卖一,多为定向收特定图案,买一价不可作退出价",17,0,7,5,4,10,10,5,0.01667344448962993,-0.008000000000000007,-0.02420634920634923,0.008540056933712847,0.015873015873015928,0.009771986970684043,0.46,3,左侧观察,买一异常溢价(不作为可成交退出价),58,0,0
57,AK-47 | Panthera onca (Factory New),2360.0,2250.0,107,16,0.1495,0.9534,steamdt-live,2466.0,31,2436.0,57,,11,9,7,2,4,10,10,5,0.03913043478260869,-0.012552301255230103,-0.04166666666666663,0.026086956521739202,0.01666666666666672,0.026086956521739202,0.46,2,左侧观察,,58,0,0
58,FAMAS | Commemoration (Factory New),397.0,388.0,336,40,0.119,0.9773,steamdt-live,384.5,175,404.5,104,,11,12,9,2,4,10,10,0,0.013003901170351106,-0.012836970474967901,-0.014102564102564052,0.0,0.02904040404040409,0.0,0.46,5,左侧观察,,58,0,0
59,★ Hydra Gloves | Emerald (Field-Tested),189.5,192.0,115,13,0.113,1.0132,steamdt-live,198.0,111,197.45,618,,11,15,7,5,6,10,4,0,-0.01321148825065277,0.0028046779912156428,0.005249343832020914,-0.010443864229765065,0.038510325232127496,0.0528362686815933,0.46,9,左侧观察,,58,0,0
60,Galil AR | Chromatic Aberration (Factory New),124.39,121.0,623,27,0.0433,0.9727,steamdt-live,133.36,198,125.66,207,,3,12,12,2,4,10,10,5,-0.004099678456591649,0.004035838243603207,-0.020318160340211056,-8.03858520900258e-05,0.020396912899669273,0.008840227088402264,0.46,8,左侧观察,,58,0,0
61,AWP | Containment Breach (Factory New),2776.5,2650.0,150,32,0.2133,0.9544,steamdt-live,2697.0,56,2785.57,88,,17,9,7,2,4,10,8,0,0.10218253968253976,-0.02898289828982903,-0.028523625765712213,0.07023809523809521,0.029157667386609076,0.07023809523809521,0.46,7,左侧观察,,57,0,0
62,P250 | Lotus Imprint (Factory New),84.0,80.0,102,19,0.1863,0.9524,steamdt-live,84.38,88,84.99,77,,14,9,7,2,4,8,8,5,0.0,-0.002375296912114022,-0.01520467836257311,-0.002375296912114022,0.01754385964912286,0.0059880239520957446,0.26,3,左侧观察,,57,0,0
63,★ Specialist Gloves | Lt. Commander (Minimal Wear),1055.0,1750.0,220,34,0.1545,1.6588,steamdt-live,1097.91,187,1100.0,84,"溢价求购:买一高于卖一,多为定向收特定图案,买一价不可作退出价",14,0,7,5,6,10,10,5,-0.004741583688952056,0.004764173415912287,-0.012177985948477743,0.0,0.03256880733944956,0.00524308865586276,0.24,3,左侧观察,买一异常溢价(不作为可成交退出价),57,0,0
64,FAMAS | Neural Net (Factory New),46.0,44.0,517,27,0.0522,0.9565,steamdt-live,46.74,125,46.93,238,,3,9,12,2,6,10,10,5,0.013913043478260834,-0.013722126929674117,-0.039665970772442605,0.0,0.039665970772442605,0.002397036391370566,0.46,7,左侧观察,,57,0,0
65,★ Hand Wraps | Overprint (Field-Tested),669.5,672.0,788,31,0.0393,1.0037,steamdt-live,658.0,740,679.88,234,,3,15,12,5,4,10,8,0,-0.015535519370803996,-0.0006075334143377242,-0.003145029065434457,-0.016133614438014865,0.022288261515601815,0.0024375380865326868,0.46,13,左侧观察,,57,0,0
66,M4A4 | Polysoup (Factory New),143.2,139.0,1263,25,0.0198,0.9707,steamdt-live,141.97,288,157.0,419,,3,12,15,2,6,10,6,3,-0.03100775193798444,0.014071428571428513,-0.013721073110792625,-0.017372646733111785,0.03085534848795146,0.01414386741910123,0.46,8,左侧观察,,57,0,0
67,M4A1-S | Fatal Glitch (Factory New),590.0,574.0,31,17,0.5484,0.9729,steamdt-live,613.91,40,592.4,79,,20,12,4,2,6,6,6,0,-0.006677796327211993,-0.008403361344537785,-0.03369952733549497,-0.015025041736227096,0.04821823226701505,0.01899827288428324,0.46,7,左侧观察,,56,0,0
68,★ Sport Gloves | Frosty (Minimal Wear),2449.5,3060.0,39,21,0.5385,1.2492,steamdt-live,2454.5,49,2439.24,28,"溢价求购:买一高于卖一,多为定向收特定图案,买一价不可作退出价",20,0,4,5,4,10,8,5,-0.00041684035014588616,0.01719766472060047,-0.032466223028836505,0.01677365568987077,0.016237144585601992,0.02510611472998514,0.2,3,左侧观察,买一异常溢价(不作为可成交退出价),56,0,0
69,★ Broken Fang Gloves | Needle Point (Minimal Wear),358.91,406.0,101,22,0.2178,1.1312,steamdt-live,363.91,61,382.24,56,"溢价求购:买一高于卖一,多为定向收特定图案,买一价不可作退出价",17,0,7,5,4,10,10,3,0.01671309192200554,-0.016684931506849243,-0.015089163237311354,-0.0002506963788300176,0.016684931506849243,0.0011436541143654555,0.46,6,左侧观察,买一异常溢价(不作为可成交退出价),56,0,0
70,FAMAS | Valence (Factory New),186.0,184.0,240,23,0.0958,0.9892,steamdt-live,196.99,84,188.41,116,,7,12,7,2,8,7,8,5,-5.305039787795174e-05,-0.013210249880630354,-0.050329991435336785,-0.01326259946949604,0.06292508438712285,0.0,0.46,8,左侧观察,,56,0,0
71,Five-SeveN | Scumbria (Factory New),34.86,33.1,316,29,0.0918,0.9495,steamdt-live,31.89,75,32.16,111,,7,9,9,2,4,10,10,5,0.0,0.005993690851735067,-0.027607361963190247,0.005993690851735067,0.021779141104294464,0.02870967741935493,0.39,4,左侧观察,,56,0,0
72,MP9 | Music Box (Factory New),49.3,46.0,261,22,0.0843,0.9331,steamdt-live,46.8,101,47.18,104,,7,9,9,2,4,10,10,5,0.01615334912771904,-0.008054260279779624,-0.024989500209995796,0.007968985569674736,0.017219655606887874,0.007968985569674736,0.46,6,左侧观察,,56,0,0
73,AK-47 | Safari Mesh (Factory New),39.9,38.1,647,43,0.0665,0.9549,steamdt-live,41.0,194,41.0,170,,7,9,12,2,4,20,2,0,-0.026130653266331683,0.02941176470588247,-0.029268292682926855,0.002512562814070307,0.02444987775061125,0.06400000000000006,0.44,9,左侧观察,,56,0,0
74,P250 | See Ya Later (Factory New),709.99,680.0,278,18,0.0647,0.9578,steamdt-live,700.0,105,713.95,88,,7,9,9,2,4,10,10,5,0.007194244604316502,0.0,-0.021112973422160897,0.007194244604316502,0.019964718729874265,0.01449275362318847,0.46,2,左侧观察,,56,0,0
75,Glock-18 | Ironwork (Factory New),216.5,212.0,811,45,0.0555,0.9792,steamdt-live,216.0,88,216.51,113,,3,12,12,2,4,10,10,3,0.023091265477841016,0.009345794392523255,-0.03993206958277884,0.03265286608978357,0.01742255379156632,0.04096385542168668,0.42,9,左侧观察,,56,0,0
76,AK-47 | The Outsiders (Factory New),389.5,375.0,1021,53,0.0519,0.9628,steamdt-live,398.99,165,400.31,300,,3,12,15,2,4,10,10,0,0.04078947368421049,-0.017699115044247815,-0.011703511053316018,0.022368421052631593,0.020176544766708715,0.031872509960159334,0.46,13,左侧观察,,56,0,0
77,M4A1-S | Guardian (Factory New),454.0,442.0,741,35,0.0472,0.9736,steamdt-live,480.0,305,456.16,217,,3,12,12,2,2,10,10,5,0.04168564920273354,-0.007216269407391285,-0.02444444444444449,0.034168564920273425,0.010462074978204061,0.04367816091954024,0.46,7,左侧观察,,56,0,0
78,★ Specialist Gloves | Crimson Kimono (Minimal Wear),17196.0,17200.0,351,16,0.0456,1.0002,steamdt-live,17099.5,350,17509.44,73,,3,15,9,5,4,10,10,0,0.005847953216374213,-0.005843023255813984,-0.010359395798367976,-2.9239766081823326e-05,0.021683782933318074,0.0,0.46,5,左侧观察,,56,0,0
79,Desert Eagle | Mulberry (Factory New),82.6,79.0,1006,33,0.0328,0.9564,steamdt-live,79.0,539,85.0,250,,3,9,15,2,4,10,10,3,0.010139416983523386,-0.008782936010037656,-0.024601310421560107,0.0012674271229402567,0.024691358024691357,0.012820512820512775,0.39,16,左侧观察,,56,0,0
80,AK-47 | Searing Rage (Factory New),119.4,115.0,1459,35,0.024,0.9631,steamdt-live,118.48,412,121.64,269,,3,12,15,2,2,20,2,0,-0.012765957446808529,0.02137931034482765,-0.01673640167364021,0.00834042553191483,0.012666666666666604,0.0770909090909091,0.44,8,左侧观察,,56,0,0
81,AK-47 | Elite Build (Factory New),53.8,51.0,1021,24,0.0235,0.948,steamdt-live,50.66,724,52.15,420,,3,9,15,2,2,10,10,5,0.016000000000000014,-0.002755905511811041,-0.010880316518298683,0.013199999999999878,0.010546875000000067,0.05541666666666667,0.44,11,左侧观察,,56,0,0
82,M4A1-S | Black Lotus (Factory New),76.07,73.0,1478,32,0.0217,0.9596,steamdt-live,74.78,1032,77.19,609,,3,9,15,2,2,10,10,5,0.02499999999999991,0.013279132791327974,-0.04862579281183943,0.03861111111111115,0.014496573537163826,0.03861111111111115,0.43,7,左侧观察,,56,0,0
83,Desert Eagle | Calligraffiti (Factory New),31.56,29.7,1104,20,0.0181,0.9411,steamdt-live,31.8,125,34.9,280,,3,9,15,2,4,10,10,3,0.0,0.0019047619047618536,-0.010989010989011061,0.0019047619047618536,0.028325123152709297,0.03815789473684217,1.37,5,左侧观察,,56,0,0
84,MP9 | Arctic Tri-Tone (Factory New),32.9,31.5,2230,35,0.0157,0.9574,steamdt-live,32.59,862,33.4,1418,,3,9,15,2,6,8,8,5,-0.027299703264095032,-0.0057962172056130745,-0.005899705014749124,-0.03293768545994058,0.04147058823529404,0.021630094043887382,0.46,13,左侧观察,,56,0,0
85,Five-SeveN | Berries And Cherries (Factory New),600.0,587.0,266,18,0.0677,0.9783,steamdt-live,609.99,126,628.06,129,,7,12,9,2,4,10,8,3,0.015785701188511636,-0.01539269421379108,-0.025977821434949866,0.00015002250337547984,0.027395039714702474,0.0025230162575815562,0.46,6,左侧观察,,55,0,0
86,Glock-18 | Grinder (Factory New),60.93,57.0,819,40,0.0488,0.9355,steamdt-live,60.0,329,61.8,234,,3,9,12,2,4,10,10,5,0.03167420814479649,-0.025341130604288553,-0.034309758860657014,0.005530417295123158,0.029126213592232997,0.018675721561969505,0.46,5,左侧观察,,55,0,0
87,★ Sport Gloves | Violet Beadwork (Field-Tested),1360.0,2580.0,167,43,0.2575,1.8971,steamdt-live,1298.0,165,1366.0,99,"溢价求购:买一高于卖一,多为定向收特定图案,买一价不可作退出价",17,0,7,5,8,13,4,0,-0.05944319036869827,0.03839999999999999,-0.04250720461095103,-0.02332580887885627,0.06484149855907784,0.03839999999999999,0.46,5,左侧观察,买一异常溢价(不作为可成交退出价),54,0,0
88,★ Driver Gloves | Garden (Field-Tested),1110.0,1860.0,178,28,0.1573,1.6757,steamdt-live,1135.5,172,1125.0,149,"溢价求购:买一高于卖一,多为定向收特定图案,买一价不可作退出价",14,0,7,5,6,9,8,5,0.0,-0.004484304932735439,-0.030013049151805138,-0.004484304932735439,0.034362766420182655,0.009090909090909038,0.31,6,左侧观察,买一异常溢价(不作为可成交退出价),54,0,0
89,AWP | CMYK (Factory New),4138.48,3900.0,278,42,0.1511,0.9424,steamdt-live,4190.0,85,4150.0,65,,14,9,9,2,2,10,8,0,0.0776748971193415,-0.012295942720763842,-0.03114635222116169,0.06442386831275715,0.014647619047619131,0.07178133845767354,0.46,12,左侧观察,,54,0,0
90,Tec-9 | Toxic (Factory New),169.0,161.0,229,33,0.1441,0.9527,steamdt-live,173.28,85,171.95,120,,11,9,7,2,4,10,6,5,0.12402439824227707,-0.01388726805928342,-0.10047197640118,0.10841477011871192,0.01549574740766635,0.13051040203358077,0.37,9,左侧观察,,54,0,0
91,AWP | Electric Hive (Factory New),554.0,540.0,490,52,0.1061,0.9747,steamdt-live,567.49,202,562.81,183,,11,12,9,2,4,10,6,0,0.02970297029702973,0.06538461538461537,-0.02791145332050049,0.09702970297029712,0.01598579040852577,0.11024269023427324,0.46,12,左侧观察,,54,0,0
92,P250 | Muertos (Factory New),125.6,121.0,274,20,0.073,0.9634,steamdt-live,126.55,135,129.99,153,,7,12,9,2,4,10,10,0,0.03225280990389301,-0.013728893798327202,-0.009039548022598876,0.018081120703697717,0.015670525238207667,0.042535446205171024,0.46,12,左侧观察,,54,0,0
93,Glock-18 | Steel Disruption (Factory New),250.0,240.0,352,25,0.071,0.96,steamdt-live,286.0,67,247.58,95,,7,12,9,2,8,6,10,0,0.008000000000000007,-0.017539682539682522,-0.0234375,-0.009679999999999911,0.05981088368207177,0.03352118555625139,0.33,13,左侧观察,,54,0,0
94,Glock-18 | Dragon Tattoo (Factory New),543.5,519.0,387,24,0.062,0.9549,steamdt-live,547.5,246,572.84,212,,7,9,9,2,4,10,10,3,-0.00917431192660545,0.0064814814814815325,0.00036710719530108626,-0.0027522935779816793,0.027728085867620766,0.0064814814814815325,0.45,10,左侧观察,,54,0,0
95,Glock-18 | Sacrifice (Factory New),49.7,47.0,472,27,0.0572,0.9457,steamdt-live,49.0,106,50.72,145,,3,9,9,2,8,10,8,5,0.0882222222222222,0.0006126199714111547,-0.1329479768786127,0.0888888888888888,0.06631097560975607,0.0888888888888888,0.46,3,左侧观察,,54,0,0
96,Glock-18 | Nuclear Garden (Factory New),270.9,268.0,2725,113,0.0415,0.9893,steamdt-live,270.0,237,274.89,286,,3,12,15,2,4,10,8,0,0.04651162790697683,0.0,-0.022727272727272707,0.04651162790697683,0.021029731689630182,0.06090373280943018,0.4,14,左侧观察,,54,0,0
97,USP-S | Royal Guard (Factory New),29.9,28.6,1079,32,0.0297,0.9565,steamdt-live,30.0,763,29.75,685,,3,9,15,2,8,6,8,3,-0.0066006600660065695,-0.011627906976744207,-0.049858889934148665,-0.018151815181518205,0.06710567576042648,0.005407232173031407,0.46,15,左侧观察,,54,0,0
98,★ Driver Gloves | Plum Quill (Minimal Wear),1039.0,1240.0,16,18,1.125,1.1935,steamdt-live,1044.5,17,1052.97,18,"溢价求购:买一高于卖一,多为定向收特定图案,买一价不可作退出价",20,0,2,5,8,7,8,3,-0.02144522144522143,-0.010004764173415892,-0.0424107142857143,-0.031235431235431266,0.0719071013845467,0.0014457831325300763,0.2,4,左侧观察,买一异常溢价(不作为可成交退出价),53,0,0
99,★ Hand Wraps | Duct Tape (Minimal Wear),415.49,587.0,107,25,0.2336,1.4128,steamdt-live,449.5,59,424.0,70,"溢价求购:买一高于卖一,多为定向收特定图案,买一价不可作退出价",17,0,7,5,4,10,10,0,0.0038321563712611084,-0.0036014405762304635,-0.02603286384976522,0.0002169145115806792,0.025821596244131495,0.012219810239274098,0.19,12,左侧观察,买一异常溢价(不作为可成交退出价),53,0,0
100,★ Driver Gloves | Dragon Fists (Field-Tested),594.48,890.0,90,20,0.2222,1.4971,steamdt-live,595.8,101,630.19,26,"溢价求购:买一高于卖一,多为定向收特定图案,买一价不可作退出价",17,0,4,5,4,8,10,5,-0.0008542713567839533,-0.003352948079598961,-0.020508613617719496,-0.004204355108877733,0.024626743232157522,1.6821423765245314e-05,0.46,5,左侧观察,买一异常溢价(不作为可成交退出价),53,0,0
101,MP9 | Dart (Factory New),18.38,16.7,127,13,0.1024,0.9086,steamdt-live,18.81,84,18.22,156,,11,6,7,2,2,10,10,5,0.011068068622025473,0.0,-0.022714981070849016,0.011068068622025473,0.011898323418063739,0.05974477958236668,0.34,4,左侧观察,,53,0,0
102,Five-SeveN | Anodized Gunmetal (Factory New),89.59,83.0,155,13,0.0839,0.9264,steamdt-live,85.91,64,91.32,84,,7,6,7,2,6,10,10,5,0.012120498940927371,-0.0011626555051739151,-0.05556790397866196,0.010943751470934293,0.04523227383863093,0.012134778510838773,0.39,2,左侧观察,,53,0,0
103,Tec-9 | Avalanche (Factory New),67.47,63.0,399,31,0.0777,0.9337,steamdt-live,67.86,167,70.54,161,,7,9,9,2,4,7,10,5,-0.0014753614635585333,-0.003102836879432691,-0.01482558139534873,-0.004573620537031586,0.020754716981132182,0.0,0.37,3,左侧观察,,53,0,0
104,Tec-9 | Remote Control (Factory New),190.0,179.0,507,37,0.073,0.9421,steamdt-live,196.0,75,196.32,112,,7,9,12,2,2,10,6,5,0.11704347826086958,-0.013960247028906525,-0.0512073043286948,0.10144927536231885,0.013960247028906525,0.10144927536231885,0.46,8,左侧观察,,53,0,0
105,Glock-18 | Bunsen Burner (Factory New),29.99,28.9,507,33,0.0651,0.9637,steamdt-live,29.0,216,31.2,187,,7,12,12,2,6,10,4,0,-0.0635451505016722,0.03571428571428581,0.03103448275862064,-0.030100334448160515,0.030100334448160515,0.03571428571428581,0.46,8,左侧观察,,53,0,0
106,Tec-9 | Flash Out (Factory New),24.59,23.8,825,29,0.0352,0.9679,steamdt-live,24.9,153,24.37,104,,3,12,12,2,4,10,10,0,0.052631578947368585,-0.01935483870967747,-0.018333333333333424,0.032258064516129004,0.022114997989545637,0.032258064516129004,0.46,10,左侧观察,,53,0,0
107,M4A4 | Evil Daimyo (Factory New),55.9,54.0,1750,38,0.0217,0.966,steamdt-live,59.9,906,57.5,646,,3,12,15,2,4,9,8,0,-0.0017857142857142794,0.0,-0.01737146867871564,-0.0017857142857142794,0.01912616248464649,0.06273764258555126,0.46,15,左侧观察,,53,0,0
108,★ Specialist Gloves | Blackbook (Minimal Wear),3248.98,4250.0,49,21,0.4286,1.3081,steamdt-live,3249.99,61,3349.0,32,"溢价求购:买一高于卖一,多为定向收特定图案,买一价不可作退出价",20,0,4,5,4,9,10,0,-0.00611926605504598,-0.00031077018698510983,0.006618439279667543,-0.0064281345565748715,0.015162170354652948,0.003390982087708494,0.2,4,左侧观察,买一异常溢价(不作为可成交退出价),52,0,0
109,Tec-9 | Sultan (Factory New),37.66,35.0,159,28,0.1761,0.9294,steamdt-live,35.0,138,37.47,111,,14,6,7,2,8,10,2,3,0.025142857142857133,-0.024526198439241975,-0.05405405405405406,0.0,0.05913978494623662,0.06060606060606055,0.2,8,左侧观察,,52,0,0
110,★ Driver Gloves | Rezan the Red (Minimal Wear),809.5,850.0,151,19,0.1258,1.05,steamdt-live,833.5,85,812.44,81,"溢价求购:买一高于卖一,多为定向收特定图案,买一价不可作退出价",11,0,7,5,4,10,10,5,-0.0006215735756641694,0.00695351469691885,-0.022409916752749615,0.00632761900026102,0.016821521831541952,0.01187500000000008,0.41,6,左侧观察,买一异常溢价(不作为可成交退出价),52,0,0
111,MP9 | Pandora's Box (Factory New),839.0,807.0,43,5,0.1163,0.9619,steamdt-live,933.0,39,884.8,50,,11,12,4,2,4,4,10,5,-0.004142011834319503,-0.0029708853238265,-0.01100187265917596,-0.007100591715976323,0.018024344569288364,0.0,0.28,12,左侧观察,,52,0,0
112,Galil AR | Vandal (Factory New),75.57,72.0,246,24,0.0976,0.9528,steamdt-live,77.29,86,76.36,80,,7,9,7,2,2,10,10,5,0.012286324786324743,-0.0030343007915567544,-0.019381875327396547,0.009214743589743613,0.010345730749083404,0.035205479452054655,1.18,4,左侧观察,,52,0,0
113,M4A1-S | Boreal Forest (Factory New),73.0,66.0,558,27,0.0484,0.9041,steamdt-live,80.9,106,75.59,114,,3,6,12,2,4,10,10,5,0.05286469495642243,-0.009363550006785126,-0.06667555674089876,0.04300614373481926,0.026536871582877652,0.04300614373481926,0.46,4,左侧观察,,52,0,0
114,★ Moto Gloves | POW! (Field-Tested),453.49,675.0,622,44,0.0707,1.4885,steamdt-live,469.99,655,465.0,288,"溢价求购:买一高于卖一,多为定向收特定图案,买一价不可作退出价",7,0,12,5,4,10,10,3,0.017699115044247815,-0.013065217391304285,-0.017391304347826098,0.004402654867256661,0.01733766233766232,0.008866666666666578,0.46,18,左侧观察,买一异常溢价(不作为可成交退出价),51,0,0
115,P250 | Steel Disruption (Factory New),35.69,33.1,297,16,0.0539,0.9274,steamdt-live,33.39,130,33.99,115,,3,6,9,2,10,8,10,3,-0.001185185185185178,-0.00949273212696533,-0.0625,-0.010666666666666602,0.09216965742251226,0.04343750000000002,0.27,8,左侧观察,,51,0,0
116,★ Hand Wraps | Desert Shamagh (Minimal Wear),389.5,462.0,148,27,0.1824,1.1861,steamdt-live,400.0,57,399.5,108,"溢价求购:买一高于卖一,多为定向收特定图案,买一价不可作退出价",14,0,7,5,4,10,10,0,-0.0025706940874036244,0.0038659793814432852,-0.021383647798742134,0.0012853470437017567,0.020125786163522008,0.0038659793814432852,0.46,12,左侧观察,买一异常溢价(不作为可成交退出价),50,0,0
117,AWP | Oni Taiji (Factory New),3710.0,5770.0,342,61,0.1784,1.5553,steamdt-live,3699.5,98,3807.0,96,"溢价求购:买一高于卖一,多为定向收特定图案,买一价不可作退出价",14,0,9,2,4,10,8,3,0.05699999999999994,0.0,-0.015471167369901506,0.05699999999999994,0.016090425531914865,0.06307471264367814,0.45,6,左侧观察,买一异常溢价(不作为可成交退出价),50,0,0
118,AK-47 | X-Ray (Factory New),12999.0,14200.0,152,27,0.1776,1.0924,steamdt-live,13455.5,58,13451.5,58,"溢价求购:买一高于卖一,多为定向收特定图案,买一价不可作退出价",14,0,7,2,4,10,10,3,0.03551600582745995,-0.011445302102741528,-0.044830569032306644,0.023664212308540433,0.022227236827259356,0.023664212308540433,0.46,9,左侧观察,买一异常溢价(不作为可成交退出价),50,0,0
119,★ Specialist Gloves | Blackbook (Field-Tested),1597.5,2200.0,164,27,0.1646,1.3772,steamdt-live,1617.8,176,1620.5,68,"溢价求购:买一高于卖一,多为定向收特定图案,买一价不可作退出价",14,0,7,5,4,10,10,0,-0.0009422110552763652,0.004401131719585116,-0.01879210349524496,0.0034547738693466723,0.01570558044103787,0.011075949367088667,0.46,9,左侧观察,买一异常溢价(不作为可成交退出价),50,0,0
120,★ Driver Gloves | Snow Leopard (Minimal Wear),3365.0,6370.0,235,27,0.1149,1.893,steamdt-live,3388.0,232,3399.0,71,"溢价求购:买一高于卖一,多为定向收特定图案,买一价不可作退出价",11,0,7,5,2,10,10,5,0.0029940119760478723,0.004477611940298498,-0.01764705882352946,0.007485029940119681,0.010294117647058787,0.010510510510510551,0.46,5,左侧观察,买一异常溢价(不作为可成交退出价),50,0,0
121,Galil AR | CAUTION! (Factory New),435.0,423.0,55,6,0.1091,0.9724,steamdt-live,468.0,31,454.41,41,,11,12,4,2,8,5,8,0,-0.022222222222222254,-0.011363636363636354,-0.032258064516129004,-0.033333333333333326,0.06451612903225812,0.0,1.18,4,左侧观察,,50,0,0
122,★ Hydra Gloves | Rattler (Field-Tested),173.9,175.0,122,10,0.082,1.0063,steamdt-live,175.49,118,180.71,204,,7,15,7,5,4,6,6,0,0.00222971814075823,-0.00798630918425558,-0.013980494954619727,-0.005774398261963243,0.02028169014084502,0.022941176470588243,0.46,15,左侧观察,,50,0,0
123,★ Sport Gloves | Vice (Minimal Wear),8194.0,20260.0,1011,50,0.0495,2.4725,steamdt-live,8150.0,969,8399.0,191,"溢价求购:买一高于卖一,多为定向收特定图案,买一价不可作退出价",3,0,15,5,4,10,8,5,0.018148148148148247,-0.006426579362192264,-0.02877697841726623,0.011604938271605025,0.01797698945349957,0.011604938271605025,0.26,11,左侧观察,买一异常溢价(不作为可成交退出价),50,0,0
124,★ Hand Wraps | Cobalt Skulls (Field-Tested),1219.9,1680.0,913,42,0.046,1.3772,steamdt-live,1225.0,711,1235.0,221,"溢价求购:买一高于卖一,多为定向收特定图案,买一价不可作退出价",3,0,15,5,4,10,8,5,-0.016136675796592725,8.163931749516351e-05,-0.006321284050729958,-0.016056353866296114,0.021885804169561096,0.02083333333333326,0.23,10,左侧观察,买一异常溢价(不作为可成交退出价),50,0,0
125,P250 | Epicenter (Factory New),127.0,119.0,187,6,0.0321,0.937,steamdt-live,129.8,77,131.51,90,,3,9,7,2,4,10,10,5,0.00867507886435348,-0.0070367474589523304,-0.025440012297286985,0.001577287066246047,0.02390285143340265,0.001577287066246047,0.46,7,左侧观察,,50,0,0
126,MP9 | Ruby Poison Dart (Factory New),31.0,28.5,596,19,0.0319,0.9194,steamdt-live,30.0,268,31.27,267,,3,6,12,2,4,8,10,5,-0.0003326679973385538,-0.0016638935108153063,-0.011184210526315796,-0.001996007984031878,0.018645731108930308,0.016949152542372836,0.36,3,左侧观察,,50,0,0
127,★ Hand Wraps | CAUTION! (Minimal Wear),1163.0,1500.0,244,44,0.1803,1.2898,steamdt-live,1168.0,180,1164.27,83,"溢价求购:买一高于卖一,多为定向收特定图案,买一价不可作退出价",14,0,7,5,2,10,8,3,0.04651162790697683,0.022222222222222143,-0.0401785714285714,0.06976744186046502,0.012248123271434208,0.06977739327807697,0.46,11,左侧观察,买一异常溢价(不作为可成交退出价),49,0,0
128,Tec-9 | Whiteout (Factory New),1230.0,1170.0,159,20,0.1258,0.9512,steamdt-live,1254.01,69,1238.86,103,,11,9,7,2,4,5,8,3,-8.075587498934667e-06,-0.006694716100428821,-0.012756118950809192,-0.0067027376241620695,0.019365537475384498,8.130742336764918e-05,0.17,4,左侧观察,,49,0,0
129,★ Specialist Gloves | Fade (Minimal Wear),3017.0,4800.0,583,39,0.0669,1.591,steamdt-live,3045.0,596,3065.0,157,"溢价求购:买一高于卖一,多为定向收特定图案,买一价不可作退出价",7,0,12,5,4,10,8,3,0.0066891847142194205,-0.007569078947368468,-0.018908382066276763,-0.0009305252003445341,0.019821312540610814,0.00583097182863801,0.23,6,左侧观察,买一异常溢价(不作为可成交退出价),49,0,0
130,★ Driver Gloves | Black Tie (Field-Tested),752.37,1220.0,682,37,0.0543,1.6215,steamdt-live,759.4,620,773.62,147,"溢价求购:买一高于卖一,多为定向收特定图案,买一价不可作退出价",3,0,12,5,4,10,10,5,0.005099793071223546,-0.0006641252805928977,-0.02340286831812266,0.004432280889126394,0.0190743155149935,0.004432280889126394,0.46,3,左侧观察,买一异常溢价(不作为可成交退出价),49,0,0
131,Desert Eagle | Heat Treated (Factory New),235.96,3500.0,1468,74,0.0504,14.833,steamdt-live,229.8,311,235.86,366,"溢价求购:买一高于卖一,多为定向收特定图案,买一价不可作退出价",3,0,15,2,4,10,10,5,0.03378831953457162,-0.0051948051948051965,-0.045044660028206396,0.028417990601924403,0.02457659493187314,0.028417990601924403,0.46,5,左侧观察,买一异常溢价(不作为可成交退出价),49,0,0
132,★ Sport Gloves | Omega (Field-Tested),1120.0,2010.0,922,43,0.0466,1.7946,steamdt-live,1120.0,777,1143.0,271,"溢价求购:买一高于卖一,多为定向收特定图案,买一价不可作退出价",3,0,15,5,4,7,10,5,-0.003982296960505227,-0.00267141585040076,-0.01957391304347822,-0.006643074439684593,0.02566333188342762,0.0008936550491509543,0.45,6,左侧观察,买一异常溢价(不作为可成交退出价),49,0,0
133,★ Sport Gloves | Ultra Violent (Field-Tested),5809.5,7640.0,531,58,0.1092,1.3151,steamdt-live,5825.0,583,5907.75,170,"溢价求购:买一高于卖一,多为定向收特定图案,买一价不可作退出价",11,0,12,5,4,7,6,3,-8.576329331044796e-05,-0.00343254138433835,-0.011864406779661052,-0.003518010291595264,0.023615126050420154,0.014226606145251397,0.46,4,左侧观察,买一异常溢价(不作为可成交退出价),48,0,0
134,★ Sport Gloves | Omega (Minimal Wear),2778.41,4790.0,439,38,0.0866,1.724,steamdt-live,2821.41,379,2840.5,99,"溢价求购:买一高于卖一,多为定向收特定图案,买一价不可作退出价",7,0,9,5,2,10,10,5,0.009208189889472695,-0.0023340072031052816,-0.02145390070921982,0.006852690704837849,0.014748226950354715,0.01401824817518249,0.16,4,左侧观察,买一异常溢价(不作为可成交退出价),48,0,0
135,Desert Eagle | Mudder (Factory New),47.18,39.3,379,29,0.0765,0.833,steamdt-live,47.63,57,46.58,110,,7,3,9,2,4,10,8,5,-0.002045919527165374,0.061047835990888366,-0.07932189200502304,0.05887701750397811,0.025115110925073347,0.06347031963470329,0.43,7,左侧观察,,48,0,0
136,MP9 | Goo (Factory New),27.69,25.1,498,31,0.0622,0.9065,steamdt-live,24.29,301,24.64,462,,7,6,9,2,4,10,10,0,0.0028889806025589326,-0.0004115226337448874,-0.022983870967741904,0.0024762690879074345,0.019774011299435124,0.018021793797150076,0.4,10,左侧观察,,48,0,0
137,M4A1-S | Stratosphere (Factory New),215.0,211.0,385,21,0.0545,0.9814,steamdt-live,217.0,233,229.65,297,,3,12,9,2,4,8,10,0,0.0139211136890951,-0.016018306636155555,-0.011422542318454965,-0.002320185614849146,0.022727272727272707,4.6513791339020116e-05,0.36,13,左侧观察,,48,0,0
138,M4A1-S | Welcome to the Jungle (Factory New),9688.0,12090.0,38,20,0.5263,1.2479,steamdt-live,9900.0,43,10100.0,41,"溢价求购:买一高于卖一,多为定向收特定图案,买一价不可作退出价",20,0,4,2,4,4,10,3,-0.002051282051282022,-0.004316546762589968,-0.010152284263959421,-0.0063589743589743675,0.01644670050761421,0.0,0.46,3,左侧观察,买一异常溢价(不作为可成交退出价),47,0,0
139,★ Driver Gloves | Overtake (Minimal Wear),524.0,655.0,111,21,0.1892,1.25,steamdt-live,523.91,80,536.5,51,"溢价求购:买一高于卖一,多为定向收特定图案,买一价不可作退出价",14,0,7,5,4,7,10,0,-0.0018978573190867598,-0.003802932060618769,-0.018625095453614238,-0.005693571957260279,0.024376163873370604,0.0,0.37,6,左侧观察,买一异常溢价(不作为可成交退出价),47,0,0
140,★ Hand Wraps | Duct Tape (Field-Tested),265.91,283.0,185,19,0.1027,1.0643,steamdt-live,272.91,176,270.32,214,"溢价求购:买一高于卖一,多为定向收特定图案,买一价不可作退出价",11,0,7,5,6,5,10,3,0.0,-0.01148698884758359,-0.021818181818181848,-0.01148698884758359,0.03655797101449265,0.0,0.46,14,左侧观察,买一异常溢价(不作为可成交退出价),47,0,0
141,★ Moto Gloves | Turtle (Field-Tested),347.98,492.0,339,24,0.0708,1.4139,steamdt-live,358.0,339,353.0,151,"溢价求购:买一高于卖一,多为定向收特定图案,买一价不可作退出价",7,0,9,5,6,10,10,0,0.01601164483260553,-0.004355300859598787,-0.05371900826446285,0.011586608442503588,0.04275482093663907,0.013061224489796075,0.36,17,左侧观察,买一异常溢价(不作为可成交退出价),47,0,0
142,Galil AR | Urban Rubble (Factory New),94.49,73.0,86,6,0.0698,0.7726,steamdt-live,110.0,22,94.88,23,,7,1,4,2,8,10,10,5,-0.0010560777273206368,-0.0010571942065757955,-0.04881968859869412,-0.0021121554546414956,0.05082872928176796,0.0,0.46,2,左侧观察,,47,0,0
143,Five-SeveN | Fall Hazard (Factory New),1819.99,990.0,5,2,0.4,0.544,steamdt-live,2356.5,8,1709.9,16,,8,1,2,2,8,10,10,5,-0.0034630924132623697,0.0009828642301774604,-0.06892302681576379,-0.0024836319327437018,0.07123547931820651,0.0013753789607988676,0.46,2,左侧观察,,46,0,0
144,MP9 | Setting Sun (Factory New),263.0,250.0,82,8,0.0976,0.9506,steamdt-live,279.0,23,265.86,60,,7,9,4,2,8,10,6,0,-0.02985074626865669,0.011538461538461497,-0.007407407407407418,-0.018656716417910446,0.05016432518328573,0.011538461538461497,0.46,7,左侧观察,,46,0,0
145,Five-SeveN | Kami (Factory New),31.87,28.5,753,28,0.0372,0.8943,steamdt-live,27.7,401,29.31,157,,3,6,12,2,8,9,6,0,-0.0010764262648008671,-0.005028735632183978,-0.05171827152092545,-0.006099748833871654,0.05750255188839748,0.10799999999999987,0.46,6,左侧观察,,46,0,0
146,★ Driver Gloves | Brocade Flowers (Field-Tested),828.9,1850.0,91,28,0.3077,2.2319,steamdt-live,834.5,103,870.48,91,"溢价求购:买一高于卖一,多为定向收特定图案,买一价不可作退出价",20,0,4,5,4,4,8,0,-0.0024220913919831277,-0.008377705926896462,-0.017100766057748906,-0.010779505749469398,0.027695934001178535,0.0,0.29,10,左侧观察,买一异常溢价(不作为可成交退出价),45,0,0
147,★ Hydra Gloves | Emerald (Minimal Wear),287.3,303.0,88,10,0.1136,1.0546,steamdt-live,289.91,58,296.88,59,"溢价求购:买一高于卖一,多为定向收特定图案,买一价不可作退出价",11,0,4,5,2,8,10,5,0.0031249999999998224,-0.005538248528902612,-0.01170172609038822,-0.0024305555555554914,0.014103839950585173,0.0,0.46,3,左侧观察,买一异常溢价(不作为可成交退出价),45,0,0
148,M4A1-S | Printstream (Factory New),2730.0,3720.0,626,48,0.0767,1.3626,steamdt-live,2750.0,470,2758.0,175,"溢价求购:买一高于卖一,多为定向收特定图案,买一价不可作退出价",7,0,12,2,4,10,10,0,-0.013961922030825025,0.004045605001838926,-0.006664265129682989,-0.00997280145058932,0.016570605187319898,0.030188679245283012,0.45,7,左侧观察,买一异常溢价(不作为可成交退出价),45,0,0
149,★ Specialist Gloves | Chocolate Chesterfield (Field-Tested),526.5,683.0,117,23,0.1966,1.2972,steamdt-live,528.5,111,540.0,68,"溢价求购:买一高于卖一,多为定向收特定图案,买一价不可作退出价",14,0,7,5,4,6,8,0,-0.01121495327102806,-0.00472589792060496,-0.0092592592592593,-0.015887850467289688,0.02859778597785978,0.005730659025787954,0.43,12,左侧观察,买一异常溢价(不作为可成交退出价),44,0,0
150,★ Moto Gloves | Polygon (Field-Tested),679.0,822.0,311,38,0.1222,1.2106,steamdt-live,694.49,264,688.4,198,"溢价求购:买一高于卖一,多为定向收特定图案,买一价不可作退出价",11,0,9,5,4,7,8,0,-0.02091786262168638,-0.005710938644018171,0.018233576642335825,-0.02650934063570809,0.02929277044704004,0.0,0.45,14,左侧观察,买一异常溢价(不作为可成交退出价),44,0,0
151,P250 | Cartel (Factory New),216.9,193.0,78,9,0.1154,0.8898,steamdt-live,227.54,51,230.08,56,,11,6,4,2,4,4,10,3,-0.004589261128958189,-0.002305209774089434,-0.011746564470043963,-0.006883891693437394,0.018549594085899623,0.0,0.2,5,左侧观察,,44,0,0
152,★ Moto Gloves | 3rd Commando Company (Field-Tested),236.5,257.0,197,19,0.0964,1.0867,steamdt-live,239.0,194,241.39,162,"溢价求购:买一高于卖一,多为定向收特定图案,买一价不可作退出价",7,0,7,5,4,8,10,3,-0.01818933443571724,-0.004210526315789442,-0.0024742268041236803,-0.022323274080198408,0.024742268041237137,0.0,0.45,7,左侧观察,买一异常溢价(不作为可成交退出价),44,0,0
153,FAMAS | Meltdown (Factory New),507.39,473.0,152,13,0.0855,0.9322,steamdt-live,519.5,40,509.93,75,,7,9,7,2,4,7,8,0,-0.01591895803183796,-0.00511764705882356,0.03899358460304736,-0.020955137481910246,0.023310875842155965,0.017221331194867684,0.36,5,左侧观察,,44,0,0
154,Galil AR | Black Sand (Factory New),86.5,83.0,592,34,0.0574,0.9595,steamdt-live,88.0,184,83.9,95,,3,9,12,2,2,10,6,0,0.03727694940112447,-0.011429244727229837,-0.02339460491764156,0.025421657296504696,0.011429244727229837,0.04875000000000007,0.28,7,左侧观察,,44,0,0
155,Galil AR | Orange DDPAT (Factory New),599.9,396.0,8,2,0.25,0.6601,steamdt-live,828.9,7,663.2,6,,8,1,2,2,10,10,10,0,-0.14175368330710914,-0.00016666666666675933,0.16536089348224703,-0.1418967243598913,0.16680555555555554,0.0,0.46,3,左侧观察,,43,0,0
156,★ Moto Gloves | Transport (Minimal Wear),335.5,503.0,130,21,0.1615,1.4993,steamdt-live,343.91,115,339.5,70,"溢价求购:买一高于卖一,多为定向收特定图案,买一价不可作退出价",14,0,7,5,2,9,6,0,0.0014889815366290193,-0.0023788284269997684,-0.013803230543318668,-0.0008933889219774338,0.014684287812041119,0.016666666666666607,0.46,7,左侧观察,买一异常溢价(不作为可成交退出价),43,0,0
157,★ Sport Gloves | Amphibious (Minimal Wear),3935.5,7730.0,522,34,0.0651,1.9642,steamdt-live,4015.0,456,4144.11,128,"溢价求购:买一高于卖一,多为定向收特定图案,买一价不可作退出价",7,0,12,5,4,4,8,3,-0.007523510971786829,-0.005559065066329749,-0.015310532164464763,-0.01304075235109714,0.028151623657241664,0.0,0.46,7,左侧观察,买一异常溢价(不作为可成交退出价),43,0,0
158,Tec-9 | Brother (Factory New),18.25,17.0,256,15,0.0586,0.9315,steamdt-live,18.09,235,17.84,514,,3,9,9,2,8,4,8,0,-0.024324324324324298,-0.014404432132964051,-0.025289778714436273,-0.03837837837837843,0.06269757639620654,0.0,0.33,11,左侧观察,,43,0,0
159,AWP | Snake Camo (Factory New),3500.0,1430.0,2,3,1.5,0.4086,steamdt-live,2600.0,5,1924.86,23,,8,1,2,2,10,10,8,0,-0.24496644295302017,0.06936666666666658,-0.0062526052521884035,-0.19259228187919464,0.19764068361817433,0.07234540389972133,0.46,7,左侧观察,,41,0,0
160,AK-47 | Jet Set (Factory New),5848.91,4220.0,9,4,0.4444,0.7215,steamdt-live,5937.91,7,5906.32,13,,8,1,2,2,8,10,10,0,-0.06452747337838427,0.008622310054820614,-0.03839346240775876,-0.05646153920608621,0.05660003032346095,0.008622310054820614,1.29,5,左侧观察,,41,0,0
161,★ Driver Gloves | Rezan the Red (Field-Tested),352.91,453.0,227,20,0.0881,1.2836,steamdt-live,358.91,182,374.0,114,"溢价求购:买一高于卖一,多为定向收特定图案,买一价不可作退出价",7,0,7,5,4,10,8,0,-0.02636350955502853,0.0112034383954156,-0.0043055555555555625,-0.015455433114799688,0.019694444444444348,0.02292753623188415,0.45,9,左侧观察,买一异常溢价(不作为可成交退出价),41,0,0
162,★ Driver Gloves | Queen Jaguar (Field-Tested),291.5,350.0,249,21,0.0843,1.2007,steamdt-live,300.0,194,301.8,86,"溢价求购:买一高于卖一,多为定向收特定图案,买一价不可作退出价",7,0,7,5,2,10,10,0,-0.018675721561969394,0.00865051903114189,0.0034071550255536653,-0.01018675721561968,0.011864406779661052,0.00865051903114189,0.46,13,左侧观察,买一异常溢价(不作为可成交退出价),41,0,0
163,Tec-9 | Hades (Factory New),157.18,141.0,39,3,0.0769,0.8971,steamdt-live,149.5,26,158.87,50,,7,6,4,2,4,8,10,0,-0.018966644865925475,-0.0033333333333332993,-0.0032594524119947677,-0.022236756049705764,0.025423728813559365,0.0,0.46,2,左侧观察,,41,0,0
164,★ Specialist Gloves | Field Agent (Field-Tested),775.0,1180.0,707,39,0.0552,1.5226,steamdt-live,793.5,593,800.0,162,"溢价求购:买一高于卖一,多为定向收特定图案,买一价不可作退出价",3,0,12,5,4,4,10,3,-0.010779961953075512,-0.0064102564102563875,-0.007551919446192601,-0.017121116043119833,0.024543738200125897,0.006493506493506551,0.46,13,左侧观察,买一异常溢价(不作为可成交退出价),41,0,0
165,USP-S | Bleeding Edge (Factory New),31.48,28.7,941,31,0.0329,0.9117,steamdt-live,30.78,546,31.79,339,,3,6,15,2,6,5,4,0,-0.012424338961452674,-0.006774193548387153,-0.00031847133757956225,-0.019114367633004226,0.031761006289308225,0.02633333333333332,0.21,12,左侧观察,,41,0,0
166,Tec-9 | Cut Out (Factory New),101.48,72.0,25,6,0.24,0.7095,steamdt-live,98.19,27,100.5,34,,17,1,2,2,4,5,8,0,-0.011022044088176308,-0.0051671732522796665,-0.0020000000000000018,-0.016132264529058138,0.018100000000000005,0.0,0.46,7,左侧观察,,39,0,0
167,USP-S | 27 (Factory New),30.52,28.8,439,28,0.0638,0.9436,steamdt-live,29.72,127,31.05,208,,7,9,9,2,6,4,2,0,-0.015425008204791535,-0.009333333333333416,-0.020572163291546097,-0.024614374794880156,0.04468016714882672,0.06142857142857139,0.46,10,左侧观察,,39,0,0
168,★ Sport Gloves | Big Game (Minimal Wear),1278.0,1660.0,228,28,0.1228,1.2989,steamdt-live,1288.0,195,1300.0,69,"溢价求购:买一高于卖一,多为定向收特定图案,买一价不可作退出价",11,0,7,5,4,5,6,0,-0.000389135341271718,-0.005372158206166322,-0.011615384615384583,-0.005759203050821116,0.017307692307692357,0.022408963585434094,0.46,3,左侧观察,买一异常溢价(不作为可成交退出价),38,0,0
169,P250 | Vino Primo (Factory New),120.29,111.0,385,19,0.0494,0.9228,steamdt-live,125.4,134,127.49,75,,3,6,9,2,4,6,8,0,-0.013061224489795853,-0.00504549214226635,0.012480370278535435,-0.01804081632653054,0.022032520325203198,0.0,0.4,5,左侧观察,,38,0,0
170,M4A4 | Radiation Hazard (Factory New),2453.5,1900.0,8,4,0.5,0.7744,steamdt-live,2399.0,6,2367.5,8,,8,1,2,2,2,8,10,0,-0.01062942892872032,-0.00252791236570471,-0.0004166666666666208,-0.013130471029595636,0.013541666666666674,0.0,0.46,6,左侧观察,,33,0,0
171,P250 | Whiteout (Factory New),1950.0,980.0,39,3,0.0769,0.5026,steamdt-live,1981.4,35,1940.0,32,,7,1,4,2,4,5,8,0,-0.011458966565349504,-0.005831770336889863,-0.002526528549772644,-0.01722391084093211,0.01970692268822638,0.0,0.46,5,左侧观察,,31,0,0
172,Desert Eagle | Night (Factory New),630.4,530.0,25,2,0.08,0.8407,steamdt-live,699.0,24,592.5,65,,7,3,2,2,4,4,8,0,-0.016401533222564102,-0.009031610637230236,-0.0034427922684722168,-0.02528501159787455,0.028640752823909432,0.0,1.37,5,左侧观察,,30,0,0
173,★ Driver Gloves | Convoy (Minimal Wear),3374.0,3260.0,134,42,0.3134,0.9662,steamdt-live,3548.98,32,3475.66,40,,20,12,7,5,2,10,8,5,0.05220381369177862,0.002376708259061111,-0.030456222022191226,0.054704595185995686,0.008256689270419115,0.06840110323338577,0.23,7,回撤不明显,,69,0,0
174,★ Hand Wraps | Spruce DDPAT (Field-Tested),2483.9,2450.0,299,96,0.3211,0.9864,steamdt-live,2528.0,23,2541.39,74,,20,12,9,5,2,10,10,0,-0.006514657980456029,0.017991803278688545,0.021418174256602196,0.011359934853420128,0.006042416966786646,0.05697872340425536,0.46,7,回撤不明显,,68,0,0
175,★ Moto Gloves | Cool Mint (Field-Tested),6765.5,6620.0,311,80,0.2572,0.9785,steamdt-live,6901.98,43,6830.0,96,,17,12,9,5,0,10,10,5,0.026659537086548113,0.0067708333333333925,-0.01571428571428568,0.03361087770223814,0.0004432296668390734,0.04729102167182653,0.42,6,回撤不明显,,68,0,0
176,★ Sport Gloves | Arid (Field-Tested),6548.5,6370.0,323,77,0.2384,0.9727,steamdt-live,6991.3,50,6600.0,78,,17,12,9,5,2,10,10,3,0.01579866624325188,0.022274325908558046,-0.00811087487203721,0.03842489679263261,0.005247547342003167,0.058252427184465994,0.22,9,回撤不明显,,68,0,0
177,★ Specialist Gloves | Emerald Web (Field-Tested),8500.0,8360.0,349,80,0.2292,0.9835,steamdt-live,8628.0,80,8438.5,90,,17,12,9,5,0,10,10,5,0.017054356996504705,0.0,-0.012026673017385137,0.017054356996504705,0.0,0.04566294919454772,0.46,3,回撤不明显,,68,0,0
178,★ Bloodhound Gloves | Snakebite (Minimal Wear),1288.0,1250.0,144,33,0.2292,0.9705,steamdt-live,1469.0,18,1351.69,63,,17,12,7,5,2,10,10,5,-0.00038326463249616083,0.00782472613458518,-0.01616775682954985,0.007438462561302872,0.008849557522123908,0.030399999999999983,0.23,5,回撤不明显,,68,0,0
179,Desert Eagle | Night Heist (Factory New),577.9,569.0,773,79,0.1022,0.9846,steamdt-live,589.49,93,591.9,148,,11,12,12,2,2,10,10,5,0.042342342342342354,-0.0019014693171997,-0.034782608695652195,0.04036036036036039,0.008755364806867005,0.04036036036036039,0.36,13,回撤不明显,,64,0,0
180,M4A4 | Falak (Factory New),871.98,856.0,75,46,0.6133,0.9817,steamdt-live,878.0,47,877.5,105,,20,12,4,2,0,10,10,5,0.003605070357018292,0.01040556199304743,-0.010471806674338335,0.01404814513315511,0.0005959885386819241,0.019859649122807133,0.35,7,回撤不明显,,63,0,0
181,Desert Eagle | Eastern Enigma (Factory New),414.38,398.0,76,30,0.3947,0.9605,steamdt-live,411.5,56,414.88,140,,20,12,4,2,0,10,10,5,0.0,0.026184538653366562,-0.020733107035580844,0.026184538653366562,0.0,0.027465667915106184,1.37,5,回撤不明显,,63,0,0
182,★ Bloodhound Gloves | Snakebite (Field-Tested),1239.5,1180.0,215,60,0.2791,0.952,steamdt-live,1304.35,17,1223.62,91,,17,9,7,5,0,10,10,5,0.03865611842998784,0.0,-0.014983277591973265,0.03865611842998784,0.0004084566872528672,0.04627618640444631,0.23,7,回撤不明显,,63,0,0
183,USP-S | Blood Tiger (Factory New),106.0,99.0,323,32,0.0991,0.934,steamdt-live,100.5,82,100.05,147,,7,9,9,2,0,20,10,5,-0.010309278350515427,0.042187500000000044,-0.008179959100204415,0.03144329896907205,0.0,0.042187500000000044,0.46,10,回撤不明显,,62,0,0
184,M4A4 | Griffin (Factory New),543.5,528.0,461,57,0.1236,0.9715,steamdt-live,534.24,62,537.99,138,,11,12,9,2,2,10,10,5,0.02499999999999991,0.002326454033771075,-0.01679019815459082,0.02738461538461534,0.005139664804469257,0.05790099009900995,0.46,4,回撤不明显,,61,0,0
185,Desert Eagle | Cobalt Disruption (Factory New),645.0,640.0,583,49,0.084,0.9922,steamdt-live,648.0,268,690.7,197,,7,15,12,2,0,10,10,5,0.022169437846397466,-0.0007745933384972759,-0.013127051101734621,0.0213776722090262,0.00462962962962965,0.0213776722090262,0.46,8,回撤不明显,,61,0,0
186,P250 | Inferno (Factory New),52.9,48.0,1035,24,0.0232,0.9074,steamdt-live,47.89,106,46.62,143,,3,6,15,2,2,20,10,3,-0.009492988133764979,0.015465040296231747,-0.012989778534923335,0.005825242718446422,0.007240204429301622,0.015465040296231747,0.46,9,回撤不明显,,61,0,0
187,USP-S | Spiral Glitch (Factory New),519.0,495.0,35,21,0.6,0.9538,steamdt-live,519.5,44,526.56,66,,20,9,4,2,0,10,10,5,-0.003013863773357439,0.045949214026602236,-0.0193103448275862,0.042796865581675725,0.0,0.048908649959579664,0.46,6,回撤不明显,,60,0,0
188,Five-SeveN | Fairy Tale (Factory New),2000.0,1960.0,175,63,0.36,0.98,steamdt-live,2168.99,39,2019.99,58,,20,12,7,2,4,0,10,5,0.02616726526423796,0.0,0.02041884816753936,0.02616726526423796,0.019357875536901603,0.05848668159132897,0.46,13,可能加速下跌,,60,0,0
189,Galil AR | Amber Fade (Factory New),118.0,114.0,508,36,0.0709,0.9661,steamdt-live,119.0,124,120.11,184,,7,12,12,2,2,10,10,5,0.037776812852800656,-0.004184100418409997,-0.032352941176470584,0.033434650455927084,0.008333333333333304,0.033434650455927084,0.46,8,回撤不明显,,60,0,0
190,★ Hand Wraps | Badlands (Minimal Wear),2944.0,2860.0,141,49,0.3475,0.9715,steamdt-live,3079.0,18,3054.99,54,,20,12,7,5,0,0,10,5,0.029900332225913706,0.0010186757215620013,0.016805109094529813,0.030949466689980776,0.0,0.05669899850169546,0.46,8,回撤不明显,,59,0,0
191,AK-47 | Neon Revolution (Factory New),1666.0,1640.0,531,169,0.3183,0.9844,steamdt-live,1648.5,103,1685.0,142,,20,12,12,2,0,0,8,5,0.012307692307692353,0.0021276595744681437,0.031746031746031855,0.014461538461538526,0.0009090909090908594,0.07045454545454555,0.46,13,回撤不明显,,59,0,0
192,★ Specialist Gloves | Foundation (Minimal Wear),6230.0,6010.0,171,40,0.2339,0.9647,steamdt-live,6188.0,32,6401.37,50,,17,12,7,5,0,10,8,0,0.04525429141442405,0.016425755584756896,-0.008965290763657596,0.062423382929115645,0.0,0.06297089026388747,0.46,5,回撤不明显,,59,0,0
193,Glock-18 | Gold Toof (Factory New),920.0,912.0,526,65,0.1236,0.9913,steamdt-live,937.0,67,944.0,154,,11,15,12,2,4,0,10,5,0.030939177889270253,-0.018143009605122717,0.021213483146067302,0.012234838482527932,0.018143009605122717,0.04783599088838275,1.46,10,可能加速下跌,,59,0,0
194,Glock-18 | Ramese's Reach (Factory New),428.4,427.0,545,64,0.1174,0.9967,steamdt-live,439.99,99,434.0,180,,11,15,12,2,4,0,10,5,0.010923160402953824,-0.0002333722287047868,0.0013465627214741538,0.010687239011961225,0.026363636363636367,0.044878048780487845,0.38,10,可能加速下跌,,59,0,0
195,M4A1-S | Hot Rod (Factory New),8630.0,8470.0,335,39,0.1164,0.9815,steamdt-live,8694.0,185,8949.47,127,,11,12,9,2,0,10,10,5,0.022853759621077607,-0.000926140310256951,-0.012280701754386003,0.021906453522794633,0.0009839671239220138,0.02384624510618094,0.46,6,回撤不明显,,59,0,0
196,Glock-18 | Franklin (Factory New),759.0,741.0,430,48,0.1116,0.9763,steamdt-live,820.04,87,768.0,156,,11,12,9,2,0,10,10,5,0.036568600494913506,0.006631299734747964,-0.025586068318821154,0.04344239758042345,0.001315789473684159,0.04344239758042345,0.46,9,回撤不明显,,59,0,0
197,AWP | Chrome Cannon (Factory New),447.0,439.0,367,39,0.1063,0.9821,steamdt-live,444.0,312,452.1,162,,11,12,9,2,0,10,10,5,0.04705882352941182,-0.0022471910112359383,-0.0329920364050057,0.04470588235294115,0.0022471910112359383,0.04470588235294115,0.46,5,回撤不明显,,59,0,0
198,USP-S | Orion (Factory New),645.5,631.0,540,31,0.0574,0.9775,steamdt-live,637.9,176,658.49,225,,3,12,12,2,2,20,8,0,-0.009027667984189747,0.0177252349271686,-0.008620689655172376,0.008537549407114486,0.00954894806303852,0.028870967741935427,0.46,12,回撤不明显,,59,0,0
199,AK-47 | Aquamarine Revenge (Factory New),1281.99,1260.0,333,128,0.3844,0.9828,steamdt-live,1329.9,117,1323.27,95,,20,12,9,2,6,0,6,3,0.017325456924235816,-0.0007872174590802805,0.0985722872150454,0.01652460056297822,0.03428248587570626,0.12455263157894736,0.45,13,可能加速下跌,,58,0,0
200,★ Driver Gloves | Lunar Weave (Minimal Wear),4795.5,4590.0,157,39,0.2484,0.9571,steamdt-live,4980.0,23,4999.99,58,,17,9,7,5,0,10,10,0,0.044030768226475114,0.0,-0.02840380549682886,0.044030768226475114,0.0004166666666666208,0.052423777144110506,0.33,10,回撤不明显,,58,0,0
201,★ Sport Gloves | Ultra Violent (Minimal Wear),11428.0,12110.0,286,61,0.2133,1.0597,steamdt-live,11499.0,302,12099.5,77,"溢价求购:买一高于卖一,多为定向收特定图案,买一价不可作退出价",17,0,9,5,2,10,10,5,0.025492209473637173,-0.0049629952111449605,-0.025070729053318863,0.020402696548952992,0.005179542981501584,0.020493816136089693,0.46,3,回撤不明显,买一异常溢价(不作为可成交退出价),58,0,0
202,M4A4 | The Coalition (Factory New),7689.5,7340.0,285,59,0.207,0.9545,steamdt-live,7777.0,36,7899.0,60,,17,9,9,2,0,10,8,3,0.030175725857602975,0.042823645563371704,-0.019487671232876758,0.07429160600971829,0.0,0.09070921985815605,0.46,12,回撤不明显,,58,0,0
203,★ Bloodhound Gloves | Bronzed (Minimal Wear),1497.5,1440.0,134,26,0.194,0.9616,steamdt-live,1549.5,19,1506.92,51,,14,12,7,5,0,10,10,0,0.01794340924775706,0.015254237288135686,-0.020283975659229236,0.03347135955831604,0.0,0.03347135955831604,0.46,10,回撤不明显,,58,0,0
204,AWP | Dragon Lore (Factory New),74399.5,72490.0,129,17,0.1318,0.9743,steamdt-live,75999.5,152,74968.5,46,,11,12,7,5,0,10,10,3,-0.006756756756756799,0.012238095238095159,-0.006711409395973145,0.005398648648648585,0.0013489932885906164,0.012238095238095159,0.45,3,回撤不明显,,58,0,0
205,★ Hydra Gloves | Rattler (Minimal Wear),219.5,212.0,122,11,0.0902,0.9658,steamdt-live,227.0,63,241.19,58,,7,12,7,5,2,10,10,5,0.016241299303944245,0.0022831050228311334,-0.024003623188405876,0.018561484918793614,0.006337709370756062,0.018561484918793614,0.46,6,回撤不明显,,58,0,0
206,M4A1-S | Blue Phosphor (Factory New),3562.5,3520.0,514,42,0.0817,0.9881,steamdt-live,3579.5,316,3605.0,144,,7,12,12,2,0,10,10,5,0.005271406183217087,0.009778911564625847,-0.019418832075998926,0.01510186636272981,0.004610226320201138,0.017857142857142794,0.26,4,回撤不明显,,58,0,0
207,M4A4 | Hellish (Factory New),814.0,788.0,612,48,0.0784,0.9681,steamdt-live,820.0,169,819.39,220,,7,12,12,2,2,10,8,5,0.04575596816976124,0.032339885859226314,-0.04010184595798849,0.07957559681697624,0.006105006105006083,0.07957559681697624,0.46,11,回撤不明显,,58,0,0
208,AK-47 | AUTOEXEC (Factory New),4650.0,4280.0,20,34,1.7,0.9204,steamdt-live,4540.0,18,4562.0,30,,20,6,2,2,2,10,10,5,0.011494252873563315,0.031818181818181746,-0.049180327868852514,0.04367816091954024,0.007650273224043769,0.04367816091954024,0.45,3,回撤不明显,,57,0,0
209,★ Moto Gloves | Eclipse (Minimal Wear),3460.0,3380.0,138,45,0.3261,0.9769,steamdt-live,3400.0,24,3718.31,37,,20,12,7,5,0,0,8,5,0.034377852144812815,0.0,-0.0036374658987572417,0.034377852144812815,0.0,0.0625,0.46,4,回撤不明显,,57,0,0
210,★ Driver Gloves | Crimson Weave (Field-Tested),7519.5,7430.0,247,72,0.2915,0.9881,steamdt-live,7799.7,24,7723.35,53,,17,12,7,5,6,0,10,0,0.008460809530255853,0.006778978454929918,0.011987122405644257,0.015297143630702559,0.03619412335430139,0.028807995621393134,0.4,12,暂未减速,,57,0,0
211,M4A1-S | Control Panel (Factory New),1159.0,1140.0,693,146,0.2107,0.9836,steamdt-live,1175.0,71,1180.0,111,,17,12,12,2,4,0,10,0,-0.0021505376344086446,-0.0008620689655172153,0.02921646746347939,-0.0030107526881720803,0.017796610169491522,0.05267938237965475,0.45,13,可能加速下跌,,57,0,0
212,M4A4 | The Emperor (Factory New),1628.0,1620.0,389,80,0.2057,0.9951,steamdt-live,1707.0,128,1657.7,122,,17,15,9,2,6,0,8,0,0.0012135922330096527,-0.012121212121212088,0.028174989393826122,-0.01092233009708743,0.034931912374185914,0.038878266411727314,0.35,8,可能加速下跌,,57,0,0
213,M4A4 | Cyber Security (Factory New),964.5,945.0,372,72,0.1935,0.9798,steamdt-live,999.0,66,959.47,123,,14,12,9,2,2,10,8,0,-0.005759162303664911,0.01579778830963674,0.052341597796143224,0.009947643979057563,0.006161899266342474,0.062809917355372,0.23,17,回撤不明显,,57,0,0
214,FAMAS | Bad Trip (Factory New),488.0,461.0,145,28,0.1931,0.9447,steamdt-live,492.0,54,504.0,81,,14,9,7,2,2,10,10,3,-0.0010245901639344135,0.0010256410256410664,-0.008734511476741869,0.0,0.008734511476741869,0.0012310217480508978,1.46,4,回撤不明显,,57,0,0
215,AWP | Elite Build (Factory New),480.0,462.0,364,48,0.1319,0.9625,steamdt-live,485.78,81,484.23,119,,11,12,9,2,2,10,6,5,0.10223266745005866,0.023454157782516027,-0.018454440599769306,0.12808460634547592,0.00538748445917947,0.1281376327912005,0.46,15,回撤不明显,,57,0,0
216,AK-47 | Baroque Purple (Factory New),405.0,391.0,289,30,0.1038,0.9654,steamdt-live,415.0,89,403.65,153,,11,12,9,2,0,10,8,5,0.0287638668779715,0.03635523376723393,-0.020414499728324098,0.0661648177496037,0.0,0.09254046446164677,0.46,10,回撤不明显,,57,0,0
217,Galil AR | Rocket Pop (Factory New),56.39,54.0,550,37,0.0673,0.9576,steamdt-live,56.75,257,58.39,267,,7,9,12,2,2,10,10,5,0.014941690962099186,0.012387791741472087,-0.02522202486678493,0.027514577259475148,0.005993301604089507,0.034678899082568826,0.32,9,回撤不明显,,57,0,0
218,★ Hand Wraps | Badlands (Field-Tested),2850.0,2810.0,309,150,0.4854,0.986,steamdt-live,2949.5,24,2880.0,61,,20,12,9,5,2,0,8,0,0.025182481751824914,0.014595941616233565,0.0047671433810048125,0.04014598540145986,0.01041666666666663,0.06937023473614712,0.46,14,可能加速下跌,,56,0,0
219,★ Moto Gloves | Eclipse (Field-Tested),3420.0,3370.0,276,106,0.3841,0.9854,steamdt-live,3550.0,20,3459.64,61,,20,12,9,5,2,0,8,0,0.007836045810729386,0.022727272727272707,0.017947537965945726,0.030741410488245968,0.008695652173912993,0.06875000000000009,0.46,13,回撤不明显,,56,0,0
220,★ Hand Wraps | Slaughter (Field-Tested),3359.0,3260.0,268,89,0.3321,0.9705,steamdt-live,3415.86,36,3477.0,86,,20,12,9,5,0,0,10,0,0.03312921965771709,0.020972644376899607,-0.004377051743004512,0.0547966713769823,0.0042421242044163865,0.05628930817610067,0.46,12,回撤不明显,,56,0,0
221,AK-47 | Neon Rider (Factory New),1580.0,1570.0,425,130,0.3059,0.9937,steamdt-live,1590.0,166,1580.0,126,,20,15,9,2,2,0,8,0,0.003572588502760654,0.02265372168284796,0.02292358803986705,0.026307242611237402,0.01126408010012514,0.07118644067796609,0.45,14,暂未减速,,56,0,0
222,★ Bloodhound Gloves | Guerrilla (Field-Tested),1199.99,1160.0,215,56,0.2605,0.9667,steamdt-live,1350.0,21,1229.5,68,,17,12,7,5,2,0,10,3,0.006714225765841464,-8.336807002962132e-06,0.02099400171379595,0.00670583298363403,0.008685950413223176,0.047589519650655054,0.37,8,回撤不明显,,56,0,0
223,★ Driver Gloves | Diamondback (Field-Tested),2900.0,2800.0,315,80,0.254,0.9655,steamdt-live,2998.5,21,2958.31,55,,17,12,9,5,0,0,8,5,0.022540250447227184,0.01469559132260323,-0.0017857142857142794,0.0375670840787119,0.0,0.0661803903690823,0.46,9,回撤不明显,,56,0,0
224,M4A4 | Dark Operative (Factory New),42.9,39.4,86,20,0.2326,0.9184,steamdt-live,42.5,77,42.69,106,,17,6,4,2,2,10,10,5,-0.0024390243902439046,0.03911980440097795,-0.04205607476635509,0.03658536585365857,0.007009345794392496,0.03911980440097795,0.35,2,回撤不明显,,56,0,0
225,★ Specialist Gloves | Emerald Web (Minimal Wear),9880.0,11530.0,202,42,0.2079,1.167,steamdt-live,10288.0,98,10099.99,68,"溢价求购:买一高于卖一,多为定向收特定图案,买一价不可作退出价",17,0,7,5,2,10,10,5,0.018437500000000107,0.010534928914800012,-0.034884889916557804,0.029166666666666563,0.006735699205790646,0.051063829787234116,0.4,5,回撤不明显,买一异常溢价(不作为可成交退出价),56,0,0
226,★ Hand Wraps | Constrictor (Minimal Wear),672.4,669.0,107,20,0.1869,0.9949,steamdt-live,673.5,47,674.88,64,,14,15,7,5,0,0,10,5,-0.0014852220406951222,0.00014874312063062334,7.42666171555939e-05,-0.0013366998366255434,0.001633259094283579,0.03446153846153832,0.46,6,回撤不明显,,56,0,0
227,USP-S | Whiteout (Factory New),2782.0,2640.0,156,21,0.1346,0.949,steamdt-live,3049.0,51,2915.61,46,,11,9,7,2,2,10,10,5,0.04456928838951302,-0.0025098601649337082,-0.028737722808293897,0.04194756554307122,0.005007153075822557,0.04194756554307122,0.37,10,回撤不明显,,56,0,0
228,Galil AR | Blue Titanium (Factory New),128.49,123.0,920,43,0.0467,0.9573,steamdt-live,127.78,122,129.81,193,,3,9,15,2,2,10,10,5,0.02547973564774253,-0.007842223775137769,-0.021884735202492234,0.017437694083923816,0.007919254658385166,0.022240000000000038,0.34,5,回撤不明显,,56,0,0
229,Tec-9 | Titanium Bit (Factory New),536.49,520.0,661,19,0.0287,0.9693,steamdt-live,529.3,13,524.99,49,,3,12,12,2,2,10,10,5,0.03784313725490196,-0.008142830153032188,-0.03409090909090906,0.0293921568627451,0.008142830153032188,0.0293921568627451,0.46,6,回撤不明显,,56,0,0
230,AWP | Printstream (Factory New),1084.45,1060.0,438,149,0.3402,0.9775,steamdt-live,1099.48,339,1129.88,167,,20,12,9,2,2,0,10,0,0.011709601873536313,0.004120370370370496,-0.00696750667448065,0.01587822014051521,0.010041535442055771,0.0333015721772274,0.45,13,可能加速下跌,,55,0,0
231,M4A1-S | Hyper Beast (Factory New),1870.0,1840.0,230,71,0.3087,0.984,steamdt-live,1855.0,55,1980.0,80,,20,12,7,2,6,0,8,0,0.013404825737265424,-0.01851851851851849,0.05129650507328076,-0.00536193029490617,0.03385416666666663,0.04565952649379934,0.46,13,可能加速下跌,,55,0,0
232,★ Specialist Gloves | Forest DDPAT (Field-Tested),1928.5,1860.0,264,61,0.2311,0.9645,steamdt-live,1950.0,34,1938.0,62,,17,12,9,5,2,0,10,0,0.04305659517688043,0.0026001040041601087,-0.003448648648648689,0.045768650806565336,0.006185567010309256,0.04983446593483176,0.38,7,回撤不明显,,55,0,0
233,USP-S | The Traitor (Factory New),652.5,639.0,283,58,0.2049,0.9793,steamdt-live,667.5,79,666.0,128,,17,12,9,2,2,0,10,3,0.02045622242805778,0.0038461538461538325,-0.004718823731620803,0.024381054052781126,0.009111617312072884,0.038037512528039,0.46,12,回撤不明显,,55,0,0
234,USP-S | Road Rash (Factory New),979.4,947.0,162,29,0.179,0.9669,steamdt-live,1004.74,53,991.0,55,,14,12,7,2,0,10,10,0,0.0,0.030405049973698084,-0.010524562517566949,0.030405049973698084,0.00010209290454310516,0.030405049973698084,0.44,8,回撤不明显,,55,0,0
235,★ Driver Gloves | Crimson Weave (Minimal Wear),8398.5,7800.0,153,27,0.1765,0.9287,steamdt-live,8499.5,21,8558.16,29,,14,6,7,5,0,10,8,5,0.029870129870129825,0.05907944514501895,-0.012693935119887145,0.09071428571428575,0.0,0.09241675338189381,0.32,6,回撤不明显,,55,0,0
236,M4A4 | Desolate Space (Factory New),524.0,517.0,630,97,0.154,0.9866,steamdt-live,519.5,171,527.21,176,,14,12,12,2,2,0,10,3,0.011411992263056003,-0.006502199273283549,0.029880478087649376,0.004835589941972973,0.012263523148588362,0.03589232303090717,0.46,11,可能加速下跌,,55,0,0
237,USP-S | Kill Confirmed (Factory New),1539.49,1540.0,254,39,0.1535,1.0003,steamdt-live,1550.0,111,1535.29,79,,14,15,9,2,0,0,10,5,0.023840374893419947,0.006747540983606637,-0.0070066666666666055,0.030748779783684288,0.0007289720842744707,0.03386531986531982,0.46,3,回撤不明显,,55,0,0
238,AWP | Wildfire (Factory New),984.5,976.0,516,78,0.1512,0.9914,steamdt-live,983.0,154,983.2,156,,14,15,12,2,4,0,8,0,0.0669209809264304,0.004188374706302955,0.00790948039107997,0.07138964577656681,0.025768087215064406,0.08498896247240628,0.45,16,可能加速下跌,,55,0,0
239,M4A1-S | Basilisk (Factory New),195.8,189.0,530,60,0.1132,0.9653,steamdt-live,192.2,190,193.06,174,,11,12,12,2,0,10,8,0,0.05277777777777781,0.014248021108179465,-0.008264462809917328,0.06777777777777771,0.002594706798131785,0.07434320849636666,0.45,11,回撤不明显,,55,0,0
240,Five-SeveN | Retrobution (Factory New),70.91,66.0,506,44,0.087,0.9308,steamdt-live,67.73,133,69.31,92,,7,9,12,2,0,10,10,5,0.04638619201726013,-0.002503681885125175,-0.016818181818181843,0.04376637386346127,0.002503681885125175,0.045377373051396885,0.39,5,回撤不明显,,55,0,0
241,USP-S | Neo-Noir (Factory New),689.5,679.0,475,41,0.0863,0.9848,steamdt-live,690.0,186,707.0,159,,7,12,9,2,0,10,10,5,0.010332103321033292,0.007304601899196461,-0.016548120191609783,0.0177121771217712,0.0,0.01846381093057614,0.45,13,回撤不明显,,55,0,0
242,USP-S | Lead Conduit (Factory New),89.0,84.0,510,40,0.0784,0.9438,steamdt-live,86.4,110,87.3,117,,7,9,12,2,2,10,10,3,0.009530533003882846,0.006993006993007089,-0.022541690626797117,0.016590187080833152,0.006325474410580734,0.016590187080833152,0.23,7,回撤不明显,,55,0,0
243,FAMAS | Rapid Eye Movement (Factory New),106.99,103.0,323,24,0.0743,0.9627,steamdt-live,107.0,154,104.0,178,,7,12,9,2,0,10,10,5,0.015075376884422065,0.02970297029702973,-0.021632251720747342,0.045226130653266416,0.0,0.046277665995975825,0.34,3,回撤不明显,,55,0,0
244,USP-S | Cyrex (Factory New),239.98,232.0,2934,186,0.0634,0.9667,steamdt-live,237.29,445,239.6,495,,7,12,15,2,0,10,6,3,0.031507034024001124,0.0339433551198256,-0.02073063380281681,0.06651984358847574,0.0037784961585288768,0.10367441860465121,0.39,16,回撤不明显,,55,0,0
245,Five-SeveN | Boost Protocol (Factory New),68.8,67.0,1398,77,0.0551,0.9738,steamdt-live,69.98,254,67.57,279,,3,12,15,2,0,10,8,5,0.004540638716513001,0.018080458038270075,-0.025372473816197227,0.022703193582563896,0.0,0.07424483306836249,0.44,8,回撤不明显,,55,0,0
246,AWP | Exothermic (Factory New),58.9,56.0,413,18,0.0436,0.9508,steamdt-live,58.7,267,60.0,282,,3,9,9,2,2,20,10,0,-0.01754385964912286,0.048214285714285765,-0.008695652173912993,0.029824561403508865,0.005084745762711784,0.051971326164874654,0.46,14,回撤不明显,,55,0,0
247,Desert Eagle | Blaze (Factory New),4037.9,4000.0,517,20,0.0387,0.9906,steamdt-live,4039.5,445,4200.0,111,,3,15,12,2,0,10,10,3,-0.010173267326732627,0.00975268198754664,0.010000000000000009,-0.0005198019801979648,0.0005198019801979648,0.009979989994997496,0.45,2,回撤不明显,,55,0,0
248,★ Driver Gloves | Convoy (Field-Tested),3329.5,3240.0,172,102,0.593,0.9731,steamdt-live,3646.59,18,3461.89,44,,20,12,7,5,2,0,8,0,0.03275316455696209,0.020223686226443993,0.0031746031746031633,0.05363924050632907,0.010696776110533324,0.0705787781350482,0.27,13,可能加速下跌,,54,0,0
249,★ Sport Gloves | Violet Beadwork (Minimal Wear),3748.5,5020.0,52,25,0.4808,1.3392,steamdt-live,3750.0,74,3768.7,35,"溢价求购:买一高于卖一,多为定向收特定图案,买一价不可作退出价",20,0,4,5,0,10,10,5,-0.00013513513513518927,0.013245033112582849,-0.013333333333333308,0.01310810810810814,0.0030585106382978733,0.021389645776566768,0.2,3,回撤不明显,买一异常溢价(不作为可成交退出价),54,0,0
250,M4A1-S | Chantico's Fire (Factory New),1749.5,1720.0,240,88,0.3667,0.9831,steamdt-live,1798.5,67,1750.0,82,,20,12,7,2,0,0,8,5,0.009389671361502261,0.017151162790697727,0.04539877300613493,0.026701877934272256,0.0,0.07364222154034983,0.42,8,回撤不明显,,54,0,0
251,★ Driver Gloves | Brocade Crane (Field-Tested),1054.0,1680.0,75,26,0.3467,1.5939,steamdt-live,1070.0,84,1071.2,39,"溢价求购:买一高于卖一,多为定向收特定图案,买一价不可作退出价",20,0,4,5,0,10,10,5,0.011319478008699813,0.0074459238584987375,-0.022211720226843146,0.018849685838569386,0.003780718336483968,0.019835510401548184,0.46,4,回撤不明显,买一异常溢价(不作为可成交退出价),54,0,0
252,★ Hand Wraps | Cobalt Skulls (Minimal Wear),2380.0,3520.0,382,31,0.0812,1.479,steamdt-live,2388.0,309,2444.2,91,"溢价求购:买一高于卖一,多为定向收特定图案,买一价不可作退出价",7,0,9,5,2,20,8,3,-0.007982379076835078,0.010593220338983134,-0.012252439277558702,0.0025262821617577647,0.009757110234585809,0.01510959778676324,0.46,8,回撤不明显,买一异常溢价(不作为可成交退出价),54,0,0
253,Tec-9 | Ossified (Factory New),71.89,70.0,541,25,0.0462,0.9737,steamdt-live,72.44,76,71.24,190,,3,12,12,2,0,10,10,5,0.04771723122238569,0.0014056789429293115,-0.042448173741362116,0.049189985272459325,0.0,0.053534457261165125,0.37,7,回撤不明显,,54,0,0
254,Glock-18 | Fully Tuned (Factory New),1084.0,1100.0,74,42,0.5676,1.0148,steamdt-live,1096.99,52,1140.0,29,,20,15,4,2,2,0,10,0,0.002691045821506366,-0.003676470588235281,0.018854460093896686,-0.0009953183175432923,0.00772582475925454,0.0014874490710370392,1.39,7,回撤不明显,,53,0,0
255,AK-47 | The Empress (Factory New),1784.5,1760.0,321,137,0.4268,0.9863,steamdt-live,1800.0,150,1795.0,100,,20,12,9,2,4,0,6,0,0.05949256342957132,-0.011835948252133188,0.05216324025774788,0.04695246427529898,0.02413830596933786,0.10802469135802473,0.45,12,可能加速下跌,,53,0,0
256,★ Hand Wraps | Leather (Field-Tested),4048.5,3950.0,301,88,0.2924,0.9757,steamdt-live,4232.53,23,4150.0,62,,17,12,9,5,2,0,8,0,0.027835051546391654,0.015170511534603914,0.010419297966921759,0.04342783505154646,0.009662426614481356,0.06876979936642025,0.46,14,回撤不明显,,53,0,0
257,★ Bloodhound Gloves | Bronzed (Field-Tested),1488.46,1430.0,257,59,0.2296,0.9607,steamdt-live,1600.0,14,1466.9,65,,17,12,9,5,0,0,10,0,-0.0034843205574912606,0.025804195804195906,0.007017543859649145,0.02222996515679454,0.0,0.05154121863799288,0.23,7,回撤不明显,,53,0,0
258,AK-47 | Frontside Misty (Factory New),800.0,793.0,394,74,0.1878,0.9912,steamdt-live,835.0,88,806.9,164,,14,15,9,2,2,0,6,5,0.006066734074823055,0.005025125628140614,0.05775401069518726,0.011122345803842304,0.008551245507497751,0.10041265474552952,0.46,10,回撤不明显,,53,0,0
259,M4A4 | Daybreak (Factory New),4438.5,4280.0,161,27,0.1677,0.9643,steamdt-live,4538.44,49,4461.92,52,,14,12,7,2,2,3,8,5,0.001323485941041147,-0.007355654505646014,-0.008083307603284906,-0.006041903669930071,0.014076372707341633,0.011508659981768421,0.46,5,可能加速下跌,,53,0,0
260,★ Bloodhound Gloves | Charred (Minimal Wear),1628.0,1580.0,118,19,0.161,0.9705,steamdt-live,1700.0,15,1661.91,36,,14,12,7,5,2,0,8,5,0.01778150899806219,0.009675018605804997,0.009706819630337815,0.027628564034262615,0.013333333333333308,0.07105263157894748,0.45,5,可能加速下跌,,53,0,0
261,Glock-18 | Bullet Queen (Factory New),757.0,747.0,456,67,0.1469,0.9868,steamdt-live,779.0,82,768.66,135,,11,12,9,2,4,0,10,5,0.04788593769223404,-0.012471300354831905,-0.0033379656121420576,0.03481743742566956,0.015041115853023812,0.05298298813481517,0.46,12,可能加速下跌,,53,0,0
262,USP-S | Printstream (Factory New),637.0,626.0,479,44,0.0919,0.9827,steamdt-live,643.9,385,661.83,142,,7,12,9,2,0,10,10,3,0.012749003984063645,0.002360346184107076,-0.016457680250783646,0.015139442231075773,0.003129890453834161,0.04426229508196711,0.46,10,回撤不明显,,53,0,0
263,Desert Eagle | Starcade (Factory New),1236.5,1210.0,597,45,0.0754,0.9786,steamdt-live,1248.88,136,1241.22,170,,7,12,12,2,0,10,10,0,0.0032626427406199365,0.005284552845528534,-0.012047221886458015,0.008564437194127139,0.003626107977437565,0.014356029532403669,0.46,10,回撤不明显,,53,0,0
264,FAMAS | Pulse (Factory New),203.9,193.0,579,42,0.0725,0.9465,steamdt-live,196.88,192,193.92,202,,7,9,12,2,0,10,8,5,0.04655555555555546,0.02940864210638061,-0.04534606205250602,0.07733333333333325,0.0,0.07739318851047261,0.46,10,回撤不明显,,53,0,0
265,AK-47 | Head Shot (Factory New),553.98,532.0,401,21,0.0524,0.9603,steamdt-live,554.5,193,583.5,136,,3,12,9,2,2,10,10,5,0.009109256531936838,-0.0018378378378377525,-0.014125154605911794,0.0072546773577701895,0.006972950687436086,0.0072546773577701895,0.46,4,回撤不明显,,53,0,0
266,AK-47 | Safety Net (Factory New),82.0,80.0,1925,76,0.0395,0.9756,steamdt-live,80.9,391,82.0,549,,3,12,15,2,6,0,10,5,0.05196451204055763,-0.025301204819277,-0.006297229219143552,0.025348542458808687,0.031137724550898138,0.05174206968278727,0.46,11,可能加速下跌,,53,0,0
267,Desert Eagle | Directive (Factory New),599.0,574.0,110,42,0.3818,0.9583,steamdt-live,655.0,18,597.0,39,,20,9,7,2,10,0,4,0,0.06761268781302165,-0.06645817044566071,0.311037667709952,-0.0033388981636059967,0.10360360360360366,0.2437499999999999,1.22,13,反弹较远,,52,0,0
268,★ Hand Wraps | Spruce DDPAT (Minimal Wear),2609.5,2550.0,185,36,0.1946,0.9772,steamdt-live,2850.0,31,2740.0,50,,14,12,7,5,4,0,10,0,0.043108170415003366,-0.014152083900021206,-0.0007599921244338947,0.028346016070492475,0.023419957486302767,0.04380000000000006,0.46,5,可能加速下跌,,52,0,0
269,Glock-18 | Neo-Noir (Factory New),1290.0,1270.0,371,72,0.1941,0.9845,steamdt-live,1315.43,81,1302.47,122,,14,12,9,2,2,0,8,5,0.024622716441620396,0.0,0.044102768240699364,0.024622716441620396,0.012629161882893203,0.07026408143962959,0.46,7,可能加速下跌,,52,0,0
270,M4A4 | Poseidon (Factory New),9348.5,9390.0,199,36,0.1809,1.0044,steamdt-live,9665.0,114,9776.0,76,,14,15,7,2,6,0,8,0,0.037731769284826244,-0.020888680522998415,-0.005430107526881667,0.01605492188766955,0.039059304703476516,0.02152173913043476,0.46,13,可能加速下跌,,52,0,0
271,★ Moto Gloves | Cool Mint (Minimal Wear),7454.48,7180.0,165,25,0.1515,0.9632,steamdt-live,7566.81,35,7478.14,55,,14,12,7,5,4,0,10,0,0.030531405227496977,-0.0030119031697205534,-0.006098630136986416,0.027427544421595895,0.01901829188051063,0.0353444444444444,0.46,9,可能加速下跌,,52,0,0
272,★ Specialist Gloves | Tiger Strike (Minimal Wear),2079.5,3510.0,313,40,0.1278,1.6879,steamdt-live,2095.0,253,2136.8,96,"溢价求购:买一高于卖一,多为定向收特定图案,买一价不可作退出价",11,0,9,5,2,10,10,5,0.008731074226197233,-0.005023923444976042,-0.012906145783706635,0.0036632865327161923,0.00952607763753277,0.0168704156479218,0.46,9,回撤不明显,买一异常溢价(不作为可成交退出价),52,0,0
273,★ Hydra Gloves | Mangrove (Field-Tested),173.38,174.0,126,16,0.127,1.0036,steamdt-live,170.0,129,178.81,343,,11,15,7,5,8,0,6,0,-0.012006861063464824,-0.01620370370370372,-0.024539877300613577,-0.028016009148084664,0.05450500556173532,0.0,0.37,9,暂未减速,,52,0,0
274,AK-47 | B the Monster (Factory New),2374.0,2310.0,503,62,0.1233,0.973,steamdt-live,2386.7,281,2384.99,165,,11,12,12,2,0,0,10,5,0.0212068211630958,0.01648469278527087,-0.007809110629067195,0.038041101880192496,0.00021057064645191303,0.03917706281462019,0.46,8,回撤不明显,,52,0,0
275,★ Sport Gloves | Bronze Morph (Field-Tested),447.5,502.0,283,29,0.1025,1.1218,steamdt-live,460.0,242,459.0,173,"溢价求购:买一高于卖一,多为定向收特定图案,买一价不可作退出价",11,0,9,5,2,10,10,5,0.01133786848072571,0.0033632286995515237,-0.023255813953488413,0.01473922902494329,0.009955752212389424,0.029919447640966546,0.45,16,回撤不明显,买一异常溢价(不作为可成交退出价),52,0,0
276,P250 | Contaminant (Factory New),59.9,58.0,187,19,0.1016,0.9683,steamdt-live,59.0,32,61.03,23,,11,12,7,2,0,10,10,0,-0.0076655052264807955,0.035814606741572996,0.0017452006980802626,0.027874564459930307,0.0,0.035814606741572996,0.41,2,回撤不明显,,52,0,0
277,P250 | Mint Kimono (Factory New),92.87,89.0,174,12,0.069,0.9583,steamdt-live,97.3,94,95.45,78,,7,9,7,2,2,10,10,5,0.03200000000000003,-0.00010766580534016246,-0.03825603761487495,0.031888888888888856,0.007587091258815959,0.03200355595066129,0.35,2,回撤不明显,,52,0,0
278,Desert Eagle | Trigger Discipline (Factory New),39.99,39.0,729,41,0.0562,0.9752,steamdt-live,39.0,416,40.49,369,,3,12,12,2,2,10,6,5,0.043525277101919446,0.010362694300518172,-0.018832891246684413,0.054339010543390076,0.008894536213468918,0.11428571428571432,0.36,14,回撤不明显,,52,0,0
279,M4A4 | Etch Lord (Factory New),20.7,20.0,824,26,0.0316,0.9662,steamdt-live,20.6,373,22.99,388,,3,12,12,2,0,10,8,5,-0.01953125000000011,0.02589641434262968,0.0009775171065493637,0.005859375,0.0,0.08421052631578951,0.34,7,回撤不明显,,52,0,0
280,Desert Eagle | Heirloom (Factory New),678.0,652.0,115,43,0.3739,0.9617,steamdt-live,699.3,34,692.86,39,,20,12,7,2,2,0,8,0,0.030896759608138646,-0.00877192982456143,0.052706733515263116,0.021853805576488305,0.009423624808240216,0.09178743961352653,0.44,8,回撤不明显,,51,0,0
281,★ Driver Gloves | Hand Sweaters (Field-Tested),674.0,840.0,105,29,0.2762,1.2463,steamdt-live,670.4,90,694.0,48,"溢价求购:买一高于卖一,多为定向收特定图案,买一价不可作退出价",17,0,7,5,2,10,10,0,-0.018601190476190466,0.01576952236542839,-0.004444444444444473,-0.0031250000000000444,0.007555555555555538,0.03061538461538449,0.2,8,回撤不明显,买一异常溢价(不作为可成交退出价),51,0,0
282,M4A4 | Royal Paladin (Factory New),1415.0,1400.0,310,78,0.2516,0.9894,steamdt-live,1400.0,79,1405.7,59,,17,12,9,2,0,0,6,5,0.04230394489384359,0.01449275362318847,0.06004003202562047,0.05740979916766742,0.0,0.1456628477905073,0.45,8,回撤不明显,,51,0,0
283,M4A1-S | Player Two (Factory New),1039.49,1010.0,432,100,0.2315,0.9716,steamdt-live,1043.5,127,1021.39,143,,17,12,9,2,0,0,8,3,0.039816232771822335,0.002837506136475154,0.04759358288770055,0.04276671771311902,0.0,0.09239572192513368,0.46,13,回撤不明显,,51,0,0
284,M4A1-S | Mecha Industries (Factory New),1499.0,1470.0,524,106,0.2023,0.9807,steamdt-live,1518.0,158,1517.2,127,,17,12,12,2,0,0,8,0,0.01349480968858141,0.02355752816660983,0.025106235057923865,0.03737024221453278,0.0,0.07109682029296183,0.46,17,回撤不明显,,51,0,0
285,M4A1-S | Flashback (Factory New),890.0,880.0,688,119,0.173,0.9888,steamdt-live,900.0,60,918.59,64,,14,12,12,2,2,0,6,3,0.02927400468384067,0.011376564277588264,0.004705882352941115,0.040983606557376984,0.012222222222222245,0.11125000000000007,0.42,19,可能加速下跌,,51,0,0
286,Five-SeveN | Hyper Beast (Factory New),2649.5,2410.0,35,6,0.1714,0.9096,steamdt-live,2840.4,33,2674.85,47,,14,6,4,2,0,10,10,5,0.0,0.01903846153846156,-0.018682770334025323,0.01903846153846156,0.0,0.01903846153846156,0.39,2,回撤不明显,,51,0,0
287,Glock-18 | Weasel (Factory New),220.0,215.0,519,79,0.1522,0.9773,steamdt-live,218.0,94,216.0,91,,14,12,12,2,0,0,6,5,0.03332211376640859,0.014425314099581144,0.04261292424926055,0.048228109823532206,0.0,0.12440684959768933,0.33,12,回撤不明显,,51,0,0
288,M4A4 | 龍王 (Dragon King) (Factory New),382.88,381.0,767,76,0.0991,0.9951,steamdt-live,380.0,178,382.37,172,,7,15,12,2,2,0,10,3,0.043269754768392454,-0.007521938988717114,0.002732240437158362,0.03542234332425065,0.00778108517416054,0.041095890410958846,0.46,6,回撤不明显,,51,0,0
289,Galil AR | Stone Cold (Factory New),141.99,132.0,344,30,0.0872,0.9296,steamdt-live,135.68,140,134.83,118,,7,6,9,2,2,10,10,5,0.04133064516129026,0.004021148261225793,-0.04140340444510515,0.045517990074441794,0.00736214385629097,0.04559906940674696,0.44,7,回撤不明显,,51,0,0
290,Five-SeveN | Buddy (Factory New),22.58,22.0,444,26,0.0586,0.9743,steamdt-live,23.08,163,22.51,183,,3,12,9,2,0,10,10,5,-0.005369127516778538,0.012595591542960083,-0.005782918149466187,0.007158836689038051,0.0035413899955731853,0.012595591542960083,0.46,5,回撤不明显,,51,0,0
291,Glock-18 | AXIA (Factory New),311.0,306.0,729,37,0.0508,0.9839,steamdt-live,320.9,241,315.5,571,,3,12,12,2,2,10,10,0,0.05127509495387961,0.003225806451612856,-0.017033901130037665,0.05466630493760172,0.0063580306080066595,0.05602716468590829,1.18,12,回撤不明显,,51,0,0
292,USP-S | Guardian (Factory New),32.68,31.6,1177,19,0.0161,0.967,steamdt-live,31.1,650,34.29,489,,3,12,15,2,8,2,4,5,-0.030811470408785846,-0.021089077746301532,-0.028164838422768956,-0.0512507626601586,0.07797213163356054,0.036666666666666625,0.46,11,可能加速下跌,,51,0,0
293,Desert Eagle | Code Red (Factory New),1130.0,1110.0,248,79,0.3185,0.9823,steamdt-live,1150.0,59,1140.0,95,,20,12,7,2,0,0,6,3,0.01699545908465705,0.05539601667438632,0.017211308097748068,0.0733329564938856,0.0,0.10077294685990323,0.45,13,回撤不明显,,50,0,0
294,M4A1-S | Golden Coil (Factory New),1609.5,1590.0,321,78,0.243,0.9879,steamdt-live,1670.0,95,1647.0,103,,17,12,9,2,2,0,8,0,0.019943019943019946,-0.0009310986964617962,0.052999999999999936,0.018993352326685642,0.014993880048959629,0.07299999999999995,0.45,9,可能加速下跌,,50,0,0
295,★ Moto Gloves | Boom! (Minimal Wear),3385.9,3220.0,153,33,0.2157,0.951,steamdt-live,3597.5,21,3373.54,52,,17,9,7,5,4,0,8,0,0.025805442602439888,0.02867510291202935,-0.004049844236760136,0.055220519236784504,0.01931976744186048,0.0713051762464274,0.44,4,暂未减速,,50,0,0
296,Desert Eagle | Ocean Drive (Factory New),1680.0,1630.0,224,48,0.2143,0.9702,steamdt-live,1720.93,45,1703.98,67,,17,12,7,2,2,0,10,0,0.0013207605123322086,0.030674846625766916,0.011715351149782505,0.03203612126424438,0.005322707653686476,0.03799814643188126,0.34,10,回撤不明显,,50,0,0
297,★ Moto Gloves | Finish Line (Minimal Wear),968.0,1370.0,193,40,0.2073,1.4153,steamdt-live,988.0,145,999.27,78,"溢价求购:买一高于卖一,多为定向收特定图案,买一价不可作退出价",17,0,7,5,0,10,8,3,0.014081419624217162,-0.0035924198910951555,-0.014393152192923808,0.010438413361169019,0.0041049805039146126,0.0189473684210526,0.46,10,回撤不明显,买一异常溢价(不作为可成交退出价),50,0,0
298,Tec-9 | Fuel Injector (Factory New),291.0,283.0,362,69,0.1906,0.9725,steamdt-live,283.65,142,290.12,160,,14,12,9,2,0,0,8,5,0.03434431913573466,0.0008821453775582633,0.01892896987727788,0.03525676119566401,3.525347246724486e-05,0.06037383177570077,0.46,9,回撤不明显,,50,0,0
299,USP-S | Para Green (Factory New),246.3,228.0,175,27,0.1543,0.9257,steamdt-live,281.5,87,243.0,93,,14,6,7,2,0,10,6,5,0.13081206496519715,-0.0028314662070663132,-0.01598173515981738,0.12761020881670526,0.0028314662070663132,0.12761020881670526,0.46,4,回撤不明显,,50,0,0
300,Desert Eagle | Naga (Factory New),182.0,176.0,270,41,0.1519,0.967,steamdt-live,176.22,82,175.7,101,,14,12,9,2,0,0,10,3,0.02532822121528988,-0.003966005665722361,0.015575221238937953,0.021261763680725076,0.004699088490063841,0.04023668639053257,0.32,9,回撤不明显,,50,0,0
301,★ Sport Gloves | Pandora's Box (Minimal Wear),33688.0,34300.0,173,24,0.1387,1.0182,steamdt-live,34499.0,195,34680.0,50,,11,15,7,5,2,0,10,0,-0.002915365604605369,0.0,-0.0029951605288007777,-0.002915365604605369,0.005901794145420247,0.0029772537811123545,0.35,3,回撤不明显,,50,0,0
302,FAMAS | Mecha Industries (Factory New),690.5,685.0,1326,130,0.098,0.992,steamdt-live,690.0,191,688.88,234,,7,15,15,2,0,0,6,5,0.019619959833153233,0.04375757575757566,-0.004153846153846175,0.06423605746948868,0.0,0.11109677419354846,0.39,16,回撤不明显,,50,0,0
303,Desert Eagle | Midnight Storm (Factory New),619.5,608.0,762,74,0.0971,0.9814,steamdt-live,609.5,133,628.69,119,,7,12,12,2,2,0,10,5,0.01910299003322269,-0.006519967400163029,0.012615643397813292,0.012458471760797396,0.007328990228013033,0.047250859106529264,0.45,11,回撤不明显,,50,0,0
304,AWP | Sun in Leo (Factory New),514.0,499.0,1110,99,0.0892,0.9708,steamdt-live,520.0,433,523.0,284,,7,12,15,2,6,0,8,0,0.04063018242122718,0.0239043824701195,-0.002275077559462324,0.06550580431177444,0.030188679245283012,0.07396573338905132,0.45,14,可能加速下跌,,50,0,0
305,Tec-9 | Bamboo Forest (Factory New),202.5,197.0,1318,107,0.0812,0.9728,steamdt-live,204.0,298,202.79,229,,7,12,15,2,6,0,8,0,0.015228426395939021,0.0024752475247524774,0.04721052631578937,0.017741368045433914,0.0357142857142857,0.08579088471849872,0.46,17,可能加速下跌,,50,0,0
306,M4A4 | In Living Color (Factory New),585.0,580.0,833,67,0.0804,0.9915,steamdt-live,594.99,163,594.95,204,,7,15,12,2,4,0,10,0,0.030041412227135522,-0.0034071550255536653,0.004193832599118874,0.02653190145293749,0.01680672268907568,0.033587165850986755,0.45,11,可能加速下跌,,50,0,0
307,Galil AR | Firefight (Factory New),71.0,65.0,550,41,0.0745,0.9155,steamdt-live,67.01,119,67.71,198,,7,6,12,2,0,10,10,3,0.03410493827160499,0.0,-0.03571428571428581,0.03410493827160499,0.002975747656598582,0.03570324574961359,0.38,9,回撤不明显,,50,0,0
308,★ Sport Gloves | Nocts (Field-Tested),3769.5,4360.0,989,59,0.0597,1.1567,steamdt-live,3779.5,822,3830.0,184,"溢价求购:买一高于卖一,多为定向收特定图案,买一价不可作退出价",3,0,15,5,2,10,10,5,0.006660470467298341,-0.0029100529100528627,-0.00910674231428954,0.003731035235779556,0.005409684654967717,0.010455764075067098,0.37,7,回撤不明显,买一异常溢价(不作为可成交退出价),50,0,0
309,★ Driver Gloves | Queen Jaguar (Minimal Wear),682.0,880.0,105,33,0.3143,1.2903,steamdt-live,672.91,69,680.18,69,"溢价求购:买一高于卖一,多为定向收特定图案,买一价不可作退出价",20,0,7,5,2,0,10,5,0.0028296296296295154,-0.005909205064188794,0.005961251862891315,-0.0030962962962963747,0.008969072164948466,0.004343283582089574,0.46,9,回撤不明显,买一异常溢价(不作为可成交退出价),49,0,0
310,★ Sport Gloves | Creme Pinstripe (Field-Tested),548.3,755.0,101,26,0.2574,1.377,steamdt-live,546.0,115,570.0,48,"溢价求购:买一高于卖一,多为定向收特定图案,买一价不可作退出价",17,0,7,5,0,10,10,0,0.0,0.01579925650557623,-0.011029411764705843,0.01579925650557623,0.0,0.031132075471698162,0.35,11,回撤不明显,买一异常溢价(不作为可成交退出价),49,0,0
311,M4A4 | Howl (Factory New),44500.0,50370.0,90,19,0.2111,1.1319,steamdt-live,44500.0,104,45899.5,28,"溢价求购:买一高于卖一,多为定向收特定图案,买一价不可作退出价",17,0,4,5,2,10,8,3,0.0,0.0,-0.009989098756368331,0.0,0.009989098756368331,0.02771362586605086,0.43,6,回撤不明显,买一异常溢价(不作为可成交退出价),49,0,0
312,M4A1-S | Atomic Alloy (Factory New),996.0,985.0,468,57,0.1218,0.989,steamdt-live,999.0,102,995.64,107,,11,12,9,2,0,0,10,5,0.006769746799198284,0.011315388522092462,0.009685080020650494,0.018161737636519737,0.00031126060545216827,0.033894080996884624,0.46,4,回撤不明显,,49,0,0
313,M4A4 | Hellfire (Factory New),2199.0,2150.0,601,70,0.1165,0.9777,steamdt-live,2294.12,65,2236.68,104,,11,12,12,2,4,0,8,0,0.044498186215235824,0.01829127112757578,-0.0036144578313253017,0.06360338573155988,0.01684639733891291,0.07689068016983436,0.46,10,可能加速下跌,,49,0,0
314,USP-S | Monster Mashup (Factory New),510.0,499.0,551,57,0.1034,0.9784,steamdt-live,509.0,140,518.9,174,,11,12,12,2,2,0,10,0,0.004243281471004279,0.024144869215291687,0.003040129712201134,0.02849060416245708,0.013565891472868241,0.038775510204081653,0.46,14,暂未减速,,49,0,0
315,M4A4 | Spider Lily (Factory New),413.0,408.0,789,79,0.1001,0.9879,steamdt-live,411.0,167,414.24,146,,11,12,12,2,6,0,6,0,0.004784688995215225,-0.021428571428571463,0.034653465346534684,-0.01674641148325362,0.030660377358490587,0.02238805970149249,0.46,16,可能加速下跌,,49,0,0
316,AWP | Atheris (Factory New),203.1,195.0,554,55,0.0993,0.9601,steamdt-live,209.99,275,208.68,230,,7,12,12,2,10,0,6,0,0.0949868073878628,-0.020722891566265167,-0.007853403141361293,0.07229551451187333,0.0841483751746519,0.10135501355013554,0.35,14,可能加速下跌,,49,0,0
317,FAMAS | ZX Spectron (Factory New),153.5,150.0,635,51,0.0803,0.9772,steamdt-live,158.47,140,163.02,149,,7,12,12,2,6,0,10,0,0.00660173867573044,-0.0032467532467532756,0.0005886200130804653,0.0033335512124974542,0.04062500000000002,0.025384101536406245,0.46,10,可能加速下跌,,49,0,0
318,★ Hand Wraps | Constrictor (Field-Tested),260.0,270.0,486,19,0.0391,1.0385,steamdt-live,259.49,315,264.73,206,,3,15,9,5,4,0,8,5,0.011500000000000066,-0.011407277843264008,-0.007633587786259555,-3.8461538461542766e-05,0.0253055409762315,0.019568627450980536,0.46,18,可能加速下跌,,49,0,0
319,M4A1-S | Liquidation (Factory New),60.3,58.0,1205,31,0.0257,0.9619,steamdt-live,61.0,572,62.0,292,,3,12,15,2,2,0,10,5,-0.0016694490818029983,0.0117056856187292,0.010118043844856706,0.01001669449081799,0.008196721311475419,0.02195945945945943,0.39,9,回撤不明显,,49,0,0
320,AK-47 | Consequence of the Jinn (Factory New),3679.49,3550.0,22,26,1.1818,0.9648,steamdt-live,3730.0,23,3689.5,39,,20,12,2,2,2,0,10,0,-0.003935960564389607,0.0027279069513936882,-0.004187086258301775,-0.0012187905471799931,0.005400773624330002,0.002777096448913774,0.46,2,回撤不明显,,48,0,0
321,Tec-9 | Decimator (Factory New),836.0,813.0,184,73,0.3967,0.9725,steamdt-live,849.97,46,880.0,37,,20,12,7,2,2,0,2,3,0.024539877300613577,0.0011976047904191933,0.026448362720403074,0.025766871165644245,0.014150943396226467,0.06564690885914604,0.41,12,可能加速下跌,,48,0,0
322,AK-47 | Aphrodite (Factory New),1870.0,1830.0,354,96,0.2712,0.9786,steamdt-live,1956.0,213,1890.0,191,,17,12,9,2,0,0,8,0,0.03371733633042995,0.016580592552323914,0.008215297450424819,0.05085698229839841,0.0,0.0685714285714285,0.44,6,回撤不明显,,48,0,0
323,★ Bloodhound Gloves | Guerrilla (Minimal Wear),1250.0,1180.0,126,27,0.2143,0.944,steamdt-live,1385.0,21,1332.6,59,,17,9,7,5,2,0,8,0,-0.0027711797307996555,-0.007542675664946374,0.05293872446852865,-0.010292953285827355,0.011075949367088556,0.04211825124220492,0.46,5,可能加速下跌,,48,0,0
324,★ Bloodhound Gloves | Charred (Field-Tested),1559.5,1510.0,260,50,0.1923,0.9683,steamdt-live,1567.5,21,1559.67,64,,14,12,9,5,0,0,8,0,0.03451308872184522,0.019947678221059473,0.01965505346671259,0.055149222931142994,0.00010899741612013791,0.07588823732321481,0.46,9,回撤不明显,,48,0,0
325,M4A1-S | Nightmare (Factory New),1835.0,1800.0,572,100,0.1748,0.9809,steamdt-live,1920.24,50,1879.99,54,,14,12,12,2,2,0,6,0,0.034782608695652195,0.028011204481792618,0.02678571428571419,0.06376811594202891,0.007839956745066212,0.10210210210210202,0.46,15,回撤不明显,,48,0,0
326,★ Moto Gloves | Polygon (Minimal Wear),1043.91,1330.0,127,22,0.1732,1.2741,steamdt-live,1090.0,121,1080.0,55,"溢价求购:买一高于卖一,多为定向收特定图案,买一价不可作退出价",14,0,7,5,6,3,8,5,-0.0004644990046449582,-0.009958175662218682,-0.014112149532710228,-0.010418049104180538,0.03252085264133453,0.0,0.46,3,可能加速下跌,买一异常溢价(不作为可成交退出价),48,0,0
327,AK-47 | Hydroponic (Factory New),25499.0,24550.0,221,38,0.1719,0.9628,steamdt-live,26000.0,118,25300.0,64,,14,12,7,2,0,0,8,5,0.016534113128404693,0.03321563659559934,-0.00048174293848257665,0.05029894081710773,0.0,0.06307032357255493,0.45,3,回撤不明显,,48,0,0
328,M4A4 | Eye of Horus (Factory New),4377.5,4950.0,273,42,0.1538,1.1308,steamdt-live,4588.0,129,4611.99,95,"溢价求购:买一高于卖一,多为定向收特定图案,买一价不可作退出价",14,0,9,2,0,10,8,5,0.06118762261805322,0.0016062308945472559,-0.013884931533089118,0.06289213496241342,0.0,0.06781314794487137,0.45,5,回撤不明显,买一异常溢价(不作为可成交退出价),48,0,0
329,★ Hydra Gloves | Mangrove (Minimal Wear),220.0,231.0,126,15,0.119,1.05,steamdt-live,220.99,48,234.73,80,,11,15,7,5,0,0,10,0,-0.004074241738343143,0.002272727272727204,-0.0027088036117380865,-0.001810774105930335,0.004514672686230292,0.006849315068493178,0.39,9,回撤不明显,,48,0,0
330,Glock-18 | Wasteland Rebel (Factory New),773.5,767.0,441,42,0.0952,0.9916,steamdt-live,797.5,92,770.61,159,,7,15,9,2,0,0,10,5,0.02270736562707376,0.0,-0.007899934167215239,0.02270736562707376,0.0,0.02474734042553184,0.39,4,回撤不明显,,48,0,0
331,M4A1-S | Decimator (Factory New),294.99,292.0,1105,77,0.0697,0.9899,steamdt-live,296.9,322,293.6,341,,7,12,15,2,2,0,10,0,0.02340271305788555,-0.009747377651860067,0.040251346499102336,0.013427220323772193,0.014765100671140896,0.05421903052064647,0.46,12,可能加速下跌,,48,0,0
332,Glock-18 | Red Tire (Factory New),73.93,71.0,313,21,0.0671,0.9604,steamdt-live,72.9,83,73.66,120,,7,12,9,2,10,2,6,0,-0.029986962190352018,-0.020161290322580627,-0.039569246180816364,-0.049543676662320735,0.08646616541353369,0.0,0.84,10,可能加速下跌,,48,0,0
333,AK-47 | Point Disarray (Factory New),429.5,424.0,1051,65,0.0618,0.9872,steamdt-live,438.0,333,433.91,263,,7,12,15,2,4,0,8,0,-0.0023041474654378336,-0.008083140877598205,0.06633906633906639,-0.010368663594470084,0.024750227066303365,0.055282555282555323,0.45,14,可能加速下跌,,48,0,0
334,AWP | Duality (Factory New),67.25,67.0,965,29,0.0301,0.9963,steamdt-live,66.6,582,68.52,493,,3,15,15,2,2,0,8,3,0.0009009009009008917,-0.0009000900090009312,-0.00448430493273555,0.0,0.005970149253731405,0.010622154779969417,0.46,7,回撤不明显,,48,0,0
335,★ Specialist Gloves | Cloud Chaser (Minimal Wear),5168.38,6130.0,36,30,0.8333,1.1861,steamdt-live,4997.0,54,5288.88,28,"溢价求购:买一高于卖一,多为定向收特定图案,买一价不可作退出价",20,0,4,5,0,10,8,0,0.025445544554455468,-0.001954233851501397,-0.02453158199729577,0.023441584158415907,0.0021469253788976017,0.0342965779467681,0.2,3,回撤不明显,买一异常溢价(不作为可成交退出价),47,0,0
336,AWP | Hyper Beast (Factory New),1009.0,980.0,374,64,0.1711,0.9713,steamdt-live,1049.4,84,1010.0,95,,14,12,9,2,4,0,6,0,0.08187323549061443,0.0009960159362549792,0.01981340454290703,0.08295079847417086,0.027350328087799802,0.1292134831460674,0.42,11,可能加速下跌,,47,0,0
337,Five-SeveN | Angry Mob (Factory New),460.0,447.0,245,34,0.1388,0.9717,steamdt-live,460.0,91,461.87,117,,11,12,7,2,0,0,10,5,0.02192369931945648,-0.002169197396963085,0.0,0.019706945090997685,0.002169197396963085,0.029082774049216997,0.39,3,回撤不明显,,47,0,0
338,Glock-18 | Water Elemental (Factory New),298.5,292.0,645,81,0.1256,0.9782,steamdt-live,302.78,257,300.66,333,,11,12,12,2,2,0,8,0,0.0,0.02931034482758621,0.01754385964912286,0.02931034482758621,0.0050000000000000044,0.06607142857142856,0.46,6,回撤不明显,,47,0,0
339,Desert Eagle | The Bronze (Factory New),149.45,147.0,579,72,0.1244,0.9836,steamdt-live,148.0,133,150.24,256,,11,12,12,2,2,0,8,0,0.035749403006040126,0.0035939513121312494,0.03106669563328257,0.03947183593201298,0.0059775673315869415,0.09629629629629632,0.46,15,回撤不明显,,47,0,0
340,FAMAS | Styx (Factory New),619.5,595.0,371,45,0.1213,0.9605,steamdt-live,629.5,70,623.08,78,,11,12,9,2,0,0,8,5,0.00932994062765058,0.04117647058823537,0.03693931398416894,0.05089058524173029,0.0,0.08970976253298146,0.46,10,回撤不明显,,47,0,0
341,USP-S | Cortex (Factory New),180.99,177.0,445,52,0.1169,0.978,steamdt-live,185.0,150,185.09,222,,11,12,9,2,4,0,4,5,0.01038251366120213,-0.02109248242293138,0.03977272727272729,-0.010928961748633892,0.02425876010781669,0.06470588235294117,0.19,10,可能加速下跌,,47,0,0
342,AK-47 | Orbit Mk01 (Factory New),643.0,623.0,687,80,0.1164,0.9689,steamdt-live,630.0,152,633.53,154,,11,12,12,2,2,0,8,0,0.03262642740619892,-0.004739336492891044,0.0372250423011844,0.027732463295269127,0.01005656819610301,0.06689246401354776,0.45,15,可能加速下跌,,47,0,0
343,Tec-9 | Snek-9 (Factory New),30.5,28.6,404,40,0.099,0.9377,steamdt-live,29.7,101,28.86,127,,7,9,9,2,0,10,10,0,0.01526717557251911,0.03329752953813103,-0.02204052612868812,0.049073064340239725,0.0,0.049073064340239725,0.46,5,回撤不明显,,47,0,0
344,USP-S | Black Lotus (Factory New),181.39,173.0,548,42,0.0766,0.9537,steamdt-live,175.0,120,183.0,174,,7,9,12,2,6,0,8,3,0.016073478760046056,-0.011299435028248594,0.024705882352941133,0.004592422502870397,0.038461538461538436,0.029472321901288234,0.4,9,可能加速下跌,,47,0,0
345,AK-47 | Nouveau Rouge (Factory New),366.49,353.0,419,32,0.0764,0.9632,steamdt-live,374.0,306,379.99,178,,7,12,9,2,2,0,10,5,-0.0027100271002710175,-0.00410326086956514,-0.002702702702702675,-0.0068021680216802105,0.009486486486486423,0.018027777777777754,0.46,7,回撤不明显,,47,0,0
346,AK-47 | Cartel (Factory New),338.5,333.0,879,65,0.0739,0.9838,steamdt-live,334.5,268,341.5,231,,7,12,12,2,4,0,10,0,0.028875379939209633,-0.011816838995568735,0.029154154154154233,0.016717325227963542,0.016176470588235348,0.05520504731861209,0.46,10,可能加速下跌,,47,0,0
347,M4A4 | Desert-Strike (Factory New),505.0,498.0,861,63,0.0732,0.9861,steamdt-live,512.16,120,515.18,200,,7,12,12,2,4,0,10,0,0.03089267803410234,-0.016345592527729047,0.034232365145228316,0.014042126379137487,0.0165560981303865,0.04875518672199175,0.46,13,可能加速下跌,,47,0,0
348,P250 | Cyber Shell (Factory New),25.61,23.6,269,16,0.0595,0.9215,steamdt-live,24.44,134,24.48,134,,3,6,9,2,2,10,10,5,0.009046052631578982,-0.004889975550122161,-0.01338742393509118,0.004111842105263275,0.008928571428571397,0.01750000000000007,0.24,4,回撤不明显,,47,0,0
349,M4A1-S | Cyrex (Factory New),1249.5,1230.0,527,31,0.0588,0.9844,steamdt-live,1258.45,237,1254.5,152,,3,12,12,2,0,10,8,0,-0.012944983818770184,0.02418032786885238,-0.0028237192416297185,0.010922330097087318,0.0,0.02418032786885238,0.46,4,回撤不明显,,47,0,0
350,Glock-18 | Off World (Factory New),39.0,36.3,658,35,0.0532,0.9308,steamdt-live,35.05,271,34.95,179,,3,9,12,2,0,10,8,3,-0.0008823529411765563,0.028848984397998434,-0.02857142857142858,0.027941176470588358,0.0014285714285713347,0.04672057502246196,0.4,9,回撤不明显,,47,0,0
351,AK-47 | Blue Laminate (Factory New),185.0,180.0,1183,57,0.0482,0.973,steamdt-live,185.7,647,185.99,374,,3,12,15,2,2,0,8,5,0.03071823204419899,-0.00836192109777012,0.0028256413097678124,0.022099447513812098,0.013280708304442945,0.08823529411764697,0.44,16,可能加速下跌,,47,0,0
352,AWP | Lightning Strike (Factory New),2979.0,2960.0,590,26,0.0441,0.9936,steamdt-live,3016.5,469,3043.0,142,,3,15,12,2,0,0,10,5,0.007098191651174535,-0.00016781339150861996,-0.00050675675675671,0.006929187088051458,0.0003355704697987072,0.010172939979654183,0.46,4,回撤不明显,,47,0,0
353,M4A1-S | Fade (Factory New),1157.39,1530.0,1794,76,0.0424,1.3219,steamdt-live,1169.0,1427,1176.66,979,"溢价求购:买一高于卖一,多为定向收特定图案,买一价不可作退出价",3,0,15,2,2,10,10,5,0.006965998256320827,0.0020779400687451766,-0.014181349376880092,0.009058413251961772,0.005251396648044637,0.012146917358985654,0.46,9,回撤不明显,买一异常溢价(不作为可成交退出价),47,0,0
354,★ Specialist Gloves | Big Swell (Minimal Wear),2450.0,3160.0,36,30,0.8333,1.2898,steamdt-live,2508.0,54,2600.0,28,"溢价求购:买一高于卖一,多为定向收特定图案,买一价不可作退出价",20,0,4,5,6,0,8,3,-0.009603841536614643,-0.010101010101010055,-0.005768848219614098,-0.019607843137254943,0.037328094302554016,0.0,0.4,3,可能加速下跌,买一异常溢价(不作为可成交退出价),46,0,0
355,AWP | Queen's Gambit (Factory New),1362.49,2370.0,101,40,0.396,1.7395,steamdt-live,1388.0,105,1388.04,50,"溢价求购:买一高于卖一,多为定向收特定图案,买一价不可作退出价",20,0,7,2,2,0,10,5,-0.0032906067468431166,0.0018308823529411544,-0.007643636363636408,-0.0014657491077252338,0.013546191717347278,0.0018308823529411544,0.41,4,暂未减速,买一异常溢价(不作为可成交退出价),46,0,0
356,Desert Eagle | Hypnotic (Factory New),1119.5,1100.0,210,62,0.2952,0.9826,steamdt-live,1120.0,69,1129.23,91,,17,12,7,2,0,0,8,0,0.007997945481894586,0.019108280254777066,0.029537299338999068,0.027259052720402188,0.0,0.07692307692307687,0.46,10,回撤不明显,,46,0,0
357,★ Sport Gloves | Superconductor (Minimal Wear),17500.0,30240.0,171,31,0.1813,1.728,steamdt-live,17478.0,148,17500.0,44,"溢价求购:买一高于卖一,多为定向收特定图案,买一价不可作退出价",14,0,7,5,0,10,10,0,0.018606403900279123,0.010324057481762239,-0.018294903438748178,0.02912255496543681,8.581481163649762e-05,0.02932862190812724,0.44,10,回撤不明显,买一异常溢价(不作为可成交退出价),46,0,0
358,★ Driver Gloves | Diamondback (Minimal Wear),3029.99,2920.0,182,28,0.1538,0.9637,steamdt-live,3060.0,27,3069.69,44,,14,12,7,5,0,0,8,0,-7.817615041083581e-05,-0.0031761544099682126,0.013198019801980099,-0.0032540822608542186,0.0032540822608542186,0.020000000000000018,0.46,2,回撤不明显,,46,0,0
359,Desert Eagle | Golden Koi (Factory New),1449.0,1410.0,477,70,0.1468,0.9731,steamdt-live,1450.0,159,1441.76,142,,11,12,9,2,2,0,10,0,0.0,0.015323943661971873,0.030478955007256836,0.015323943661971873,0.00533977233528804,0.05648210569510792,0.45,7,回撤不明显,,46,0,0
360,M4A4 | Full Throttle (Factory New),1223.5,1170.0,234,32,0.1368,0.9563,steamdt-live,1218.5,138,1273.5,103,,11,9,7,2,2,0,10,5,0.008873472683381012,-0.004899959167006918,-0.006767594108019637,0.0039300338625558595,0.006117455138662353,0.0039300338625558595,0.35,3,回撤不明显,,46,0,0
361,FAMAS | Eye of Athena (Factory New),204.99,199.0,335,40,0.1194,0.9708,steamdt-live,204.81,90,206.31,112,,11,12,9,2,2,0,10,0,0.0043418870133671295,-0.00514888036139316,-0.002433326844461736,-0.0008293492048003781,0.005197202253739985,0.018955223880597005,0.46,12,回撤不明显,,46,0,0
362,Five-SeveN | Hot Shot (Factory New),306.99,259.0,134,14,0.1045,0.8437,steamdt-live,277.6,70,282.8,70,,11,3,7,2,0,10,8,5,0.06619607843137243,0.021038693541268305,-0.03434695345931005,0.08862745098039215,0.0018338067671065383,0.09450774750620994,0.46,5,回撤不明显,,46,0,0
363,★ Driver Gloves | Black Tie (Minimal Wear),1877.0,3480.0,310,27,0.0871,1.854,steamdt-live,1909.5,306,1940.4,67,"溢价求购:买一高于卖一,多为定向收特定图案,买一价不可作退出价",7,0,9,5,0,10,10,5,0.0002703433360367047,0.014594594594594668,-0.015385434412265808,0.014868883482022088,0.0007453151618399545,0.015143320713899344,0.45,2,回撤不明显,买一异常溢价(不作为可成交退出价),46,0,0
364,★ Specialist Gloves | Lt. Commander (Field-Tested),677.0,860.0,513,42,0.0819,1.2703,steamdt-live,678.0,460,680.0,191,"溢价求购:买一高于卖一,多为定向收特定图案,买一价不可作退出价",7,0,12,5,2,10,10,0,-0.005143277002204294,0.0007385524372229835,-0.0036603221083455484,-0.00440852314474649,0.0073260073260073,0.004447739065974732,0.23,10,回撤不明显,买一异常溢价(不作为可成交退出价),46,0,0
365,M4A4 | X-Ray (Factory New),914.5,900.0,1043,79,0.0757,0.9841,steamdt-live,925.0,241,923.4,235,,7,12,15,2,0,0,10,0,0.006354759426964618,0.012101210121012063,0.010357941834451934,0.018532869827070808,0.0036820446177171506,0.045454545454545414,0.37,12,回撤不明显,,46,0,0
366,MP9 | Latte Rush (Factory New),346.9,331.0,539,35,0.0649,0.9542,steamdt-live,388.0,152,358.0,252,,7,9,12,2,6,0,10,0,0.054896142433234374,-0.024191279887482486,-0.00295857988165682,0.02937685459940642,0.03370473537604468,0.032440476190476186,0.46,13,可能加速下跌,,46,0,0
367,AK-47 | Inheritance (Factory New),724.1,716.0,826,44,0.0533,0.9888,steamdt-live,732.5,699,729.9,214,,3,12,12,2,2,0,10,5,-0.0013745704467353903,-0.0033035099793530254,-0.002057613168724326,-0.00467353951890026,0.008082191780821923,0.0,0.46,8,回撤不明显,,46,0,0
368,AWP | Phobos (Factory New),39.9,38.9,1169,52,0.0445,0.9749,steamdt-live,39.0,390,42.21,503,,3,12,15,2,8,0,6,0,0.16009280742459397,-0.025000000000000022,0.005834305717619559,0.13109048723897931,0.05751570807153217,0.1470588235294117,0.41,11,可能加速下跌,,46,0,0
369,Glock-18 | Vogue (Factory New),72.88,67.0,896,36,0.0402,0.9193,steamdt-live,73.67,295,72.28,612,,3,6,12,2,0,10,10,3,0.03623188405797095,0.01090909090909098,-0.0375226670386386,0.04753623188405798,0.0,0.05058139534883721,0.46,12,回撤不明显,,46,0,0
370,M4A1-S | Fizzy POP (Factory New),78.0,77.0,2655,81,0.0305,0.9872,steamdt-live,79.5,457,81.24,403,,3,12,15,2,4,0,10,0,0.03552631578947363,-0.008894536213468918,0.0,0.026315789473684292,0.02280130293159599,0.040000000000000036,0.37,14,可能加速下跌,,46,0,0
371,Desert Eagle | Crimson Web (Factory New),931.99,900.0,93,23,0.2473,0.9657,steamdt-live,945.97,52,936.65,51,,17,12,4,2,0,0,10,0,0.0,0.03554444444444438,0.0,0.03554444444444438,0.0016068731320100227,0.03554444444444438,0.33,3,回撤不明显,,45,0,0
372,★ Specialist Gloves | Field Agent (Minimal Wear),1820.0,3130.0,329,41,0.1246,1.7198,steamdt-live,1750.0,272,1819.49,61,"溢价求购:买一高于卖一,多为定向收特定图案,买一价不可作退出价",11,0,9,5,0,10,10,0,0.030945558739255086,0.004724847137298482,-0.011275426369766084,0.035816618911174825,0.0,0.051911773264272876,0.24,9,回撤不明显,买一异常溢价(不作为可成交退出价),45,0,0
373,MP9 | Starlight Protector (Factory New),607.0,830.0,202,25,0.1238,1.3674,steamdt-live,618.0,179,612.42,82,"溢价求购:买一高于卖一,多为定向收特定图案,买一价不可作退出价",11,0,7,2,0,10,10,5,0.0,0.020168067226890685,-0.012448132780082943,0.020168067226890685,0.0,0.028813559322034,0.46,7,回撤不明显,买一异常溢价(不作为可成交退出价),45,0,0
374,★ Sport Gloves | Hedge Maze (Field-Tested),25579.0,35020.0,583,72,0.1235,1.3691,steamdt-live,26400.0,374,26037.65,117,"溢价求购:买一高于卖一,多为定向收特定图案,买一价不可作退出价",11,0,12,5,2,0,10,5,0.0482723577235773,-0.008065923412506004,-0.004854368932038833,0.03981707317073169,0.008085155886458861,0.04410384097310094,0.27,9,回撤不明显,买一异常溢价(不作为可成交退出价),45,0,0
375,Galil AR | Cerberus (Factory New),1110.0,1040.0,273,32,0.1172,0.9369,steamdt-live,1050.0,63,1134.0,92,,11,9,9,2,8,0,6,0,0.0,-0.028301886792452824,-0.01578458681522743,-0.028301886792452824,0.07581875280394801,0.0,0.28,5,可能加速下跌,,45,0,0
376,M4A1-S | Vaporwave (Factory New),967.5,955.0,517,49,0.0948,0.9871,steamdt-live,977.98,228,989.0,159,,7,12,12,2,2,0,10,0,0.0176808911169124,-0.01123159153389408,-0.0031207879730430488,0.006250715036037802,0.01124169647419515,0.01097178683385569,0.46,9,可能加速下跌,,45,0,0
377,M4A4 | Neo-Noir (Factory New),677.5,666.0,862,72,0.0835,0.983,steamdt-live,674.5,255,690.0,210,,7,12,12,2,2,0,10,0,0.006015128047038409,0.008236296506674234,0.013704268292682897,0.01430096693183347,0.005162241887905594,0.041714929960308345,0.45,12,回撤不明显,,45,0,0
378,Tec-9 | Jambiya (Factory New),39.59,36.1,274,21,0.0766,0.9118,steamdt-live,41.0,86,38.43,93,,7,6,9,2,0,10,6,5,0.01729106628242061,0.08866855524079331,-0.05936568175657353,0.10749279538904899,0.0,0.10781204958201207,0.23,2,回撤不明显,,45,0,0
379,AWP | Fade (Factory New),4310.0,4550.0,476,36,0.0756,1.0557,steamdt-live,4310.0,344,4348.0,175,"溢价求购:买一高于卖一,多为定向收特定图案,买一价不可作退出价",7,0,9,2,2,10,10,5,0.017432273262661946,-0.0020838156980782507,-0.022790055248618768,0.01531213191990588,0.007826887661141813,0.01531213191990588,0.46,4,回撤不明显,买一异常溢价(不作为可成交退出价),45,0,0
380,Glock-18 | Wraiths (Factory New),37.18,36.5,412,28,0.068,0.9817,steamdt-live,36.36,157,37.08,129,,7,12,9,2,2,0,8,5,0.008573008849557695,-0.0030161776802851703,0.0484198318353144,0.005530973451327581,0.005742411812961423,0.072566371681416,0.35,9,回撤不明显,,45,0,0
381,M4A1-S | Party Animal (Factory New),163.82,156.0,386,20,0.0518,0.9523,steamdt-live,164.0,251,165.1,466,,3,9,9,2,2,10,10,0,0.012269938650306678,-0.007151515151515242,-0.012121212121212088,0.005030674846625782,0.007151515151515242,0.04012698412698401,0.36,12,回撤不明显,,45,0,0
382,AWP | Acheron (Factory New),60.78,58.0,2679,76,0.0284,0.9543,steamdt-live,55.0,492,60.93,431,,3,9,15,2,10,0,6,0,0.06140506105114141,-0.08302767589196391,-0.008596491228070158,-0.026720934347903014,0.14992272024729525,0.0,0.46,16,可能加速下跌,,45,0,0
383,M4A1-S | Solitude (Factory New),78.19,72.0,4939,37,0.0075,0.9208,steamdt-live,77.0,2548,80.18,2238,,3,6,15,2,8,0,6,5,-0.004912457488348676,-0.025316455696202556,-0.00638297872340432,-0.030104547172187912,0.054982817869415834,0.013157894736842035,0.46,13,可能加速下跌,,45,0,0
384,★ Driver Gloves | Plum Quill (Field-Tested),639.0,710.0,49,22,0.449,1.1111,steamdt-live,629.2,48,652.51,25,"溢价求购:买一高于卖一,多为定向收特定图案,买一价不可作退出价",20,0,4,5,0,0,10,5,0.0,-0.0020634920634919895,0.03449974548022139,-0.0020634920634919895,0.0020634920634919895,0.047833333333333394,0.46,2,回撤不明显,买一异常溢价(不作为可成交退出价),44,0,0
385,★ Specialist Gloves | Sunburst (Minimal Wear),2139.5,2670.0,56,22,0.3929,1.248,steamdt-live,2179.99,51,2158.03,17,"溢价求购:买一高于卖一,多为定向收特定图案,买一价不可作退出价",20,0,4,5,0,0,10,5,0.0051679586563306845,0.0,0.01405431157694137,0.0051679586563306845,0.0002336448598130314,0.019294902334444863,0.31,3,回撤不明显,买一异常溢价(不作为可成交退出价),44,0,0
386,★ Broken Fang Gloves | Unhinged (Minimal Wear),488.99,651.0,57,22,0.386,1.3313,steamdt-live,497.0,67,508.66,55,"溢价求购:买一高于卖一,多为定向收特定图案,买一价不可作退出价",20,0,4,5,0,0,10,5,0.0,-0.002366622462511403,0.021145833333333197,-0.002366622462511403,0.002366622462511403,0.03053740779768188,0.46,4,回撤不明显,买一异常溢价(不作为可成交退出价),44,0,0
387,★ Moto Gloves | 3rd Commando Company (Minimal Wear),444.5,502.0,124,29,0.2339,1.1294,steamdt-live,436.5,52,450.97,108,"溢价求购:买一高于卖一,多为定向收特定图案,买一价不可作退出价",17,0,7,5,0,0,10,5,0.002112126360255262,0.0,-0.0007341133287450674,0.002112126360255262,0.002262908866488389,0.02057516951133964,0.36,4,回撤不明显,买一异常溢价(不作为可成交退出价),44,0,0
388,★ Specialist Gloves | Cloud Chaser (Field-Tested),2775.0,3800.0,148,31,0.2095,1.3694,steamdt-live,2758.0,151,2791.5,65,"溢价求购:买一高于卖一,多为定向收特定图案,买一价不可作退出价",17,0,7,5,0,0,10,5,-0.0007246376811593791,0.0,-0.0016277807921866172,-0.0007246376811593791,0.0023512389220473606,0.006569343065693456,0.2,3,回撤不明显,买一异常溢价(不作为可成交退出价),44,0,0
389,M4A4 | Global Offensive (Factory New),323.69,316.0,338,48,0.142,0.9762,steamdt-live,322.49,82,310.0,153,,11,12,9,2,4,0,6,0,0.001580228184949961,-0.021804297750149915,0.03740983606557391,-0.020258525331057875,0.026626475759859436,0.01642676809075705,0.35,4,可能加速下跌,,44,0,0
390,Desert Eagle | Kumicho Dragon (Factory New),454.0,440.0,454,61,0.1344,0.9692,steamdt-live,478.0,105,445.0,154,,11,12,9,2,0,0,10,0,0.017105871474803358,0.011363636363636465,0.008391608391608463,0.028663892741562558,0.0,0.059523809523809534,0.46,8,回撤不明显,,44,0,0
391,M4A4 | Dark Blossom (Factory New),340.0,320.0,220,28,0.1273,0.9412,steamdt-live,321.4,84,324.86,147,,11,9,7,2,0,0,10,5,0.0078125,-0.003410852713178314,-0.007444168734491274,0.004375000000000018,0.003410852713178314,0.02031746031746029,0.46,3,回撤不明显,,44,0,0
392,AK-47 | Breakthrough (Factory New),60.77,58.0,370,40,0.1081,0.9544,steamdt-live,59.0,380,60.33,219,,11,9,9,2,0,0,8,5,0.003995136355740891,0.02076124567474058,0.0012173913043478368,0.024839326037866982,0.0,0.07272727272727275,0.46,11,回撤不明显,,44,0,0
393,M4A4 | Buzz Kill (Factory New),3243.0,3180.0,967,96,0.0993,0.9806,steamdt-live,3333.0,147,3264.0,142,,7,12,15,2,0,0,8,0,0.026144852224748272,0.026269979427124612,-0.006774193548387042,0.0531016563819422,0.002307692307692344,0.06381233595800517,0.28,15,回撤不明显,,44,0,0
394,M4A1-S | Leaded Glass (Factory New),310.98,305.0,1058,100,0.0945,0.9808,steamdt-live,311.85,188,320.08,189,,7,12,15,2,2,0,6,0,0.011666666666666714,0.02471169686985175,0.04858441104508904,0.036666666666666625,0.006389776357827448,0.11071428571428577,0.46,14,回撤不明显,,44,0,0
395,★ Specialist Gloves | Mogul (Field-Tested),666.49,690.0,317,27,0.0852,1.0353,steamdt-live,659.5,262,657.4,208,,7,15,9,5,0,0,8,0,0.004107713372889066,-0.00393939393939402,0.0065849923430321144,0.00015213753232923288,0.00393939393939402,0.012163202463433276,0.45,7,回撤不明显,,44,0,0
396,FAMAS | Night Borre (Factory New),68.8,64.0,258,17,0.0659,0.9302,steamdt-live,69.96,95,69.9,145,,7,9,9,2,4,0,8,5,-0.002873563218390607,-0.007204610951008661,-0.005714285714285783,-0.010057471264367623,0.01571428571428568,0.013235294117647234,0.46,6,暂未减速,,44,0,0
397,Tec-9 | Blue Titanium (Factory New),210.0,200.0,596,34,0.057,0.9524,steamdt-live,222.14,32,205.39,127,,3,9,12,2,0,10,8,0,0.032932401911865083,0.044391335299501566,-0.01617403885903279,0.07878565050685427,0.0,0.08671957671957675,0.23,10,回撤不明显,,44,0,0
398,AK-47 | Emerald Pinstripe (Factory New),89.38,87.0,782,42,0.0537,0.9734,steamdt-live,89.45,255,89.97,301,,3,12,12,2,2,0,10,3,0.006285072951739634,-0.003122908766451049,0.0011235955056179137,0.003142536475869928,0.013356882658130176,0.004269662921348338,0.46,8,可能加速下跌,,44,0,0
399,AK-47 | Legion of Anubis (Factory New),338.98,334.0,728,34,0.0467,0.9853,steamdt-live,339.5,340,346.49,256,,3,12,12,2,0,0,10,5,0.019726858877086473,0.00886904761904761,-0.0015151515151514694,0.028770864946889185,0.0015316642120765112,0.04301538461538468,0.44,8,回撤不明显,,44,0,0
400,Desert Eagle | Sputnik (Factory New),57.9,57.0,2061,91,0.0442,0.9845,steamdt-live,59.3,488,58.36,519,,3,12,15,2,2,0,10,0,0.0003510003510003301,0.015789473684210575,-0.00035087719298254605,0.016146016146016073,0.009579199452617204,0.052727272727272734,0.46,13,回撤不明显,,44,0,0
401,AWP | Neo-Noir (Factory New),318.5,310.0,999,42,0.042,0.9733,steamdt-live,320.0,612,326.5,291,,3,12,15,2,2,0,10,0,0.02547770700636942,-0.010869565217391353,0.0031948881789136685,0.014331210191082855,0.012403100775193798,0.04426229508196711,0.45,16,可能加速下跌,,44,0,0
402,M4A4 | Magnesium (Factory New),40.5,39.0,1319,53,0.0402,0.963,steamdt-live,39.5,505,41.39,267,,3,12,15,2,8,0,4,0,0.0,-0.05590062111801242,-0.015410958904109706,-0.05590062111801242,0.07045009784735823,0.0,0.46,8,可能加速下跌,,44,0,0
403,MP9 | Mount Fuji (Factory New),93.0,91.0,1230,49,0.0398,0.9785,steamdt-live,94.47,546,97.28,343,,3,12,15,2,2,0,10,0,-0.002882459698943074,0.002783725910064039,0.00828848223896661,-0.00010675776662760761,0.012754295351533718,0.04066666666666663,0.46,12,可能加速下跌,,44,0,0
404,AK-47 | Phantom Disruptor (Factory New),143.0,141.0,1583,59,0.0373,0.986,steamdt-live,145.67,325,149.24,520,,3,12,15,2,4,0,8,0,0.009875690607734633,-0.008411406688094036,0.041876528996978246,0.0013812154696131174,0.018479658837067592,0.05087693868676624,0.37,13,可能加速下跌,,44,0,0
405,AWP | Mortis (Factory New),79.99,77.0,1010,37,0.0366,0.9626,steamdt-live,79.0,316,81.14,401,,3,12,15,2,6,0,6,0,0.11992209237618257,-0.018633540372670843,0.012394366197183038,0.09905397885364509,0.04704463208685172,0.12857142857142856,0.41,13,可能加速下跌,,44,0,0
406,AK-47 | Bloodsport (Factory New),1007.0,990.0,1588,56,0.0353,0.9831,steamdt-live,1000.0,1104,1014.0,338,,3,12,15,2,2,0,10,0,0.0,-0.00497512437810943,0.005502751375687787,-0.00497512437810943,0.007345642247369444,0.0010010010010010895,0.45,13,回撤不明显,,44,0,0
407,MP9 | Sand Scale (Factory New),35.9,33.7,1020,33,0.0324,0.9387,steamdt-live,33.66,327,33.96,189,,3,9,15,2,2,0,8,5,0.03396572827417388,-0.0038472920982539627,0.0039938556067589115,0.029987760097919036,0.006786662732369497,0.084756687077022,0.46,7,回撤不明显,,44,0,0
408,AK-47 | Ice Coaled (Factory New),89.99,86.0,1683,34,0.0202,0.9557,steamdt-live,90.78,1228,91.12,709,,3,9,15,2,2,0,8,5,0.0011135857461026522,0.0010011123470521355,0.03218390804597693,0.0021158129175946616,0.01499562171628721,0.03436781609195405,0.46,13,可能加速下跌,,44,0,0
409,Glock-18 | Ghost Protocol (Factory New),3427.5,3250.0,11,26,2.3636,0.9482,steamdt-live,3450.0,10,3440.0,21,,20,9,2,2,4,0,6,0,-0.0002869440459110084,-0.016216991963260652,-0.00043023089057792063,-0.016499282639885204,0.016922415029399063,0.008088235294117618,0.65,4,可能加速下跌,,43,0,0
410,★ Sport Gloves | Blaze (Field-Tested),718.0,830.0,122,34,0.2787,1.156,steamdt-live,735.0,122,748.0,65,"溢价求购:买一高于卖一,多为定向收特定图案,买一价不可作退出价",17,0,7,5,4,0,10,0,-0.0034176349965823194,-0.015089163237311354,-0.007462686567164201,-0.018455228981544725,0.02578018995929443,0.00419580419580412,0.46,13,可能加速下跌,买一异常溢价(不作为可成交退出价),43,0,0
411,AK-47 | Crane Flight (Factory New),317.5,383.0,211,48,0.2275,1.2063,steamdt-live,326.4,183,328.0,160,"溢价求购:买一高于卖一,多为定向收特定图案,买一价不可作退出价",17,0,7,2,2,0,10,5,-6.301197227465138e-05,0.00037809565820157154,-0.0018867924528302993,0.000315059861373701,0.0078125,0.024193548387096753,0.46,13,回撤不明显,买一异常溢价(不作为可成交退出价),43,0,0
412,★ Specialist Gloves | Lime Polycam (Field-Tested),1634.0,2130.0,130,25,0.1923,1.3035,steamdt-live,1660.0,132,1652.8,70,"溢价求购:买一高于卖一,多为定向收特定图案,买一价不可作退出价",14,0,7,5,4,2,8,3,-0.002419662945196799,-0.006686930091185372,-0.010803839232153556,-0.009090412919423363,0.019796040791841607,0.0,0.46,9,暂未减速,买一异常溢价(不作为可成交退出价),43,0,0
413,★ Moto Gloves | Spearmint (Field-Tested),11799.0,13600.0,396,72,0.1818,1.1526,steamdt-live,12288.0,176,12111.0,92,"溢价求购:买一高于卖一,多为定向收特定图案,买一价不可作退出价",14,0,9,5,2,0,8,5,0.0047826086956521685,0.02501081782778014,-0.004156563907170119,0.029913043478260848,0.01192959038958874,0.06224215246636766,0.46,10,暂未减速,买一异常溢价(不作为可成交退出价),43,0,0
414,USP-S | Ancient Visions (Factory New),304.98,281.0,61,11,0.1803,0.9214,steamdt-live,308.5,30,313.16,74,,14,6,4,2,4,2,8,3,-9.758318966923696e-05,-0.007872478854912046,-0.009887278582930703,-0.007969293822984058,0.01777777777777767,0.0,0.33,4,可能加速下跌,,43,0,0
415,USP-S | Pathfinder (Factory New),224.06,211.0,134,20,0.1493,0.9417,steamdt-live,219.21,75,226.8,90,,11,9,7,2,4,0,10,0,0.015850815850815936,0.006011932078935356,0.014664143803216678,0.021958041958042074,0.023954762010775177,0.041080927051671656,0.19,7,可能加速下跌,,43,0,0
416,★ Moto Gloves | Blood Pressure (Field-Tested),694.91,990.0,229,32,0.1397,1.4246,steamdt-live,704.91,224,707.12,127,"溢价求购:买一高于卖一,多为定向收特定图案,买一价不可作退出价",11,0,7,5,4,3,8,5,-0.0014285714285714457,-0.005851216022889849,-0.00990099009900991,-0.007271428571428595,0.01848870056497176,0.0027706027504004194,0.46,18,暂未减速,买一异常溢价(不作为可成交退出价),43,0,0
417,MP9 | Hot Rod (Factory New),1309.9,1280.0,245,34,0.1388,0.9772,steamdt-live,1337.5,118,1303.0,129,,11,12,7,2,0,0,8,3,-0.00040387722132473325,0.052929292929292826,0.0024291497975708065,0.052504038772213324,0.0,0.08583333333333343,0.35,7,回撤不明显,,43,0,0
418,Desert Eagle | Mecha Industries (Factory New),163.1,158.0,794,109,0.1373,0.9687,steamdt-live,156.0,351,157.69,221,,11,12,12,2,0,0,6,0,0.03121107266435974,0.046909603382323306,0.03956834532374098,0.0795847750865053,0.0,0.13043478260869557,0.46,15,回撤不明显,,43,0,0
419,P250 | Crimson Kimono (Factory New),154.06,142.0,130,15,0.1154,0.9217,steamdt-live,147.06,64,147.33,101,,11,6,7,2,4,0,8,5,-0.004976797363642538,-0.005947955390334547,-0.00873333333333337,-0.010895150985271385,0.027314814814814792,6.799945600421964e-05,0.27,5,暂未减速,,43,0,0
420,Galil AR | Phoenix Blacklight (Factory New),992.0,978.0,441,43,0.0975,0.9859,steamdt-live,1009.4,138,998.0,123,,7,12,9,2,0,0,10,3,0.009700848189344358,-0.002012072434607659,-0.001572008113590262,0.007669256945502578,0.004515805318615174,0.012255227094154053,0.46,7,回撤不明显,,43,0,0
421,Tec-9 | Cracked Opal (Factory New),51.9,50.3,345,30,0.087,0.9692,steamdt-live,52.95,115,52.7,45,,7,12,9,2,2,0,6,5,0.0462499999999999,0.03345280764635605,-0.0031152647975077885,0.08125000000000004,0.011428571428571455,0.15333333333333332,0.41,9,反弹较远,,43,0,0
422,M4A1-S | Blood Tiger (Factory New),116.5,114.0,765,43,0.0562,0.9785,steamdt-live,118.46,227,118.99,210,,3,12,12,2,4,0,10,0,0.030701754385964897,-0.012765957446808529,0.00017546938059309625,0.01754385964912286,0.02365120781079033,0.03212029539994665,0.34,9,可能加速下跌,,43,0,0
423,M4A1-S | Nitro (Factory New),78.8,77.0,1253,57,0.0455,0.9772,steamdt-live,78.48,455,78.16,372,,3,12,15,2,0,0,6,5,0.01684210526315799,0.011387163561076497,0.0,0.028421052631578902,0.00012792631444291658,0.1006900436558229,0.46,11,回撤不明显,,43,0,0
424,AWP | Fever Dream (Factory New),116.0,111.0,1162,45,0.0387,0.9569,steamdt-live,115.19,489,118.9,481,,3,9,15,2,6,0,8,0,0.07034291010194615,-0.002597627500216415,0.016007532956685555,0.06756255792400356,0.040003333611134284,0.09704761904761905,0.46,10,可能加速下跌,,43,0,0
425,AK-47 | Asiimov (Factory New),2280.0,3000.0,247,73,0.2955,1.3158,steamdt-live,2386.11,78,2320.0,73,"溢价求购:买一高于卖一,多为定向收特定图案,买一价不可作退出价",17,0,7,2,6,0,10,0,0.022222222222222143,-0.008695652173912993,0.013559169331951892,0.01333333333333342,0.03797468354430378,0.039908779931584926,0.46,12,可能加速下跌,买一异常溢价(不作为可成交退出价),42,0,0
426,★ Moto Gloves | Smoke Out (Minimal Wear),1199.0,2010.0,150,34,0.2267,1.6764,steamdt-live,1197.0,130,1184.0,59,"溢价求购:买一高于卖一,多为定向收特定图案,买一价不可作退出价",17,0,7,5,0,0,10,3,0.0,0.029565217391304355,0.017699115044247815,0.029565217391304355,0.0,0.05829564346877847,0.4,3,回撤不明显,买一异常溢价(不作为可成交退出价),42,0,0
427,FAMAS | Roll Cage (Factory New),896.0,851.0,91,20,0.2198,0.9498,steamdt-live,919.38,47,921.9,63,,17,9,4,2,2,0,8,0,-0.0011001100110010764,-0.013215859030836996,-0.0005497526113249496,-0.014301430143014326,0.014843320505772417,0.0,0.44,7,可能加速下跌,,42,0,0
428,MP9 | Hydra (Factory New),269.0,256.0,116,20,0.1724,0.9517,steamdt-live,280.99,66,276.36,87,,14,9,7,2,4,0,6,0,-0.0003636363636364548,-0.02146234994543461,0.0,-0.021818181818181848,0.021818181818181848,0.0,0.46,3,可能加速下跌,,42,0,0
429,Desert Eagle | Fennec Fox (Factory New),2487.77,3000.0,420,67,0.1595,1.2059,steamdt-live,2680.0,109,2538.47,81,"溢价求购:买一高于卖一,多为定向收特定图案,买一价不可作退出价",14,0,9,2,4,0,10,3,0.0332446808510638,-0.019107019107019063,0.009917355371900749,0.013502454991816792,0.028246371125931757,0.04514767932489461,0.46,16,可能加速下跌,买一异常溢价(不作为可成交退出价),42,0,0
430,★ Moto Gloves | Smoke Out (Field-Tested),685.5,894.0,309,37,0.1197,1.3042,steamdt-live,698.5,298,689.9,158,"溢价求购:买一高于卖一,多为定向收特定图案,买一价不可作退出价",11,0,9,5,2,0,10,5,0.021481481481481435,-0.00580130529369105,0.002971768202080227,0.015555555555555545,0.006521739130434745,0.023134328358209055,0.45,13,回撤不明显,买一异常溢价(不作为可成交退出价),42,0,0
431,Glock-18 | Snack Attack (Factory New),744.0,713.0,386,43,0.1114,0.9583,steamdt-live,765.5,68,740.0,93,,11,9,9,2,0,0,8,3,0.036559742260820816,0.0,0.005634596422031235,0.036559742260820816,0.0,0.06170820241323405,0.46,4,回撤不明显,,42,0,0
432,★ Broken Fang Gloves | Yellow-banded (Field-Tested),281.0,310.0,155,17,0.1097,1.1032,steamdt-live,285.0,116,279.4,111,"溢价求购:买一高于卖一,多为定向收特定图案,买一价不可作退出价",11,0,7,5,6,2,6,5,-0.015267707752370296,-0.012743362831858507,-0.01921367521367523,-0.02781650864472962,0.04649572649572653,0.003237410071942337,0.46,12,可能加速下跌,买一异常溢价(不作为可成交退出价),42,0,0
433,USP-S | Stainless (Factory New),272.0,260.0,283,28,0.0989,0.9559,steamdt-live,287.54,235,275.99,114,,7,9,9,2,0,0,10,5,0.007930037797376333,0.0,-0.0004814993147894686,0.007930037797376333,0.0,0.026415094339622636,0.45,7,回撤不明显,,42,0,0
434,AK-47 | Green Laminate (Factory New),267.0,257.0,329,24,0.0729,0.9625,steamdt-live,268.77,135,269.0,131,,7,12,9,2,2,0,10,0,0.021224800304298297,-0.007374851013110861,-0.0060491493383744155,0.013693419551160213,0.007448789571694592,0.02499999999999991,0.46,9,回撤不明显,,42,0,0
435,USP-S | Jawbreaker (Factory New),107.49,106.0,430,26,0.0605,0.9861,steamdt-live,109.2,261,114.0,187,,7,12,9,2,4,0,8,0,-0.007603517772077684,-0.007754084741068978,0.015441860465116308,-0.015298644192011768,0.015659340659340715,0.0045794392523363925,0.46,9,可能加速下跌,,42,0,0
436,Glock-18 | Green Line (Factory New),42.5,40.1,1460,47,0.0322,0.9435,steamdt-live,42.88,277,42.3,485,,3,9,15,2,0,0,8,5,0.0,0.00047303689687794304,0.031471090509880506,0.00047303689687794304,0.0,0.037273173124080294,0.46,4,回撤不明显,,42,0,0
437,AK-47 | Steel Delta (Factory New),62.58,60.0,1543,43,0.0279,0.9588,steamdt-live,62.99,348,64.95,410,,3,9,15,2,6,1,6,0,0.010022271714922093,-0.023468262718538413,-0.015967438948027546,-0.01368119630925868,0.03094717099093458,0.004862236628849326,0.46,13,可能加速下跌,,42,0,0
438,AWP | PAW (Factory New),43.9,41.5,1179,29,0.0246,0.9453,steamdt-live,42.43,1095,42.99,375,,3,9,15,2,0,0,8,5,0.020683020683020636,-0.00023562676720068065,-0.0026385224274406704,0.020442520442520484,0.00023562676720068065,0.06075000000000008,0.46,6,回撤不明显,,42,0,0
439,M4A4 | Tooth Fairy (Factory New),88.72,86.0,1572,35,0.0223,0.9693,steamdt-live,87.98,438,90.47,549,,3,12,15,2,4,0,6,0,0.004169953792403813,-0.023569023569023462,-0.007494407158836758,-0.01949735151583465,0.02684563758389269,0.0,0.46,12,可能加速下跌,,42,0,0
440,★ Specialist Gloves | Chocolate Chesterfield (Minimal Wear),1099.5,1650.0,42,21,0.5,1.5007,steamdt-live,1119.5,34,1117.57,40,"溢价求购:买一高于卖一,多为定向收特定图案,买一价不可作退出价",20,0,4,5,2,0,10,0,0.0018050541516245744,-0.009459459459459474,0.010036554572056211,-0.00767148014440433,0.009459459459459474,0.002288079198534243,0.2,4,回撤不明显,买一异常溢价(不作为可成交退出价),41,0,0
441,★ Broken Fang Gloves | Jade (Minimal Wear),753.4,860.0,73,20,0.274,1.1415,steamdt-live,739.0,37,781.83,63,"溢价求购:买一高于卖一,多为定向收特定图案,买一价不可作退出价",17,0,4,5,6,0,6,3,-0.0025026343519495287,-0.02416479598573873,0.0022442244224423202,-0.026606954689146534,0.031835451329752296,0.0,0.39,6,可能加速下跌,买一异常溢价(不作为可成交退出价),41,0,0
442,AWP | The End (Factory New),310.0,283.0,66,15,0.2273,0.9129,steamdt-live,300.0,78,313.8,130,,17,6,4,2,2,0,10,0,0.008966666666666567,-0.008886980078628315,0.0,0.0,0.008886980078628315,0.0016694490818029983,0.46,4,回撤不明显,,41,0,0
443,Five-SeveN | Fowl Play (Factory New),448.5,430.0,146,31,0.2123,0.9588,steamdt-live,452.52,53,475.61,38,,17,9,7,2,0,0,6,0,0.07492732025505089,0.01931818181818179,0.09300400534045394,0.09569296166906893,0.00111358574610243,0.19919786096256686,0.39,11,反弹较远,,41,0,0
444,★ Specialist Gloves | Marble Fade (Minimal Wear),2280.0,4300.0,211,33,0.1564,1.886,steamdt-live,2293.5,170,2360.5,58,"溢价求购:买一高于卖一,多为定向收特定图案,买一价不可作退出价",14,0,7,5,0,0,10,5,0.0,0.0,0.0,0.0,0.0,0.018084393837910273,0.45,4,回撤不明显,买一异常溢价(不作为可成交退出价),41,0,0
445,★ Broken Fang Gloves | Unhinged (Field-Tested),302.5,353.0,111,17,0.1532,1.1669,steamdt-live,307.32,133,318.0,100,"溢价求购:买一高于卖一,多为定向收特定图案,买一价不可作退出价",14,0,7,5,2,0,10,3,0.014749163879598681,-0.0013513068125639016,-0.0033333333333332993,0.013377926421404673,0.00915631131458472,0.013377926421404673,0.38,13,回撤不明显,买一异常溢价(不作为可成交退出价),41,0,0
446,M4A4 | The Battlestar (Factory New),599.0,580.0,630,58,0.0921,0.9683,steamdt-live,639.9,94,616.25,181,,7,12,12,2,0,0,8,0,0.03048405516999031,0.021312872975277175,0.008058802692171296,0.05244663094087687,0.0,0.07927927927927936,0.42,13,回撤不明显,,41,0,0
447,USP-S | Blueprint (Factory New),674.5,651.0,188,14,0.0745,0.9652,steamdt-live,659.0,95,681.31,82,,7,12,7,2,4,0,6,3,0.0007916710233468738,-0.016417910447761197,-0.00044791495588025754,-0.01563923700837977,0.022979985174203077,0.013846153846153841,0.46,5,可能加速下跌,,41,0,0
448,★ Specialist Gloves | Crimson Web (Field-Tested),800.0,1120.0,548,40,0.073,1.4,steamdt-live,794.5,485,800.01,207,"溢价求购:买一高于卖一,多为定向收特定图案,买一价不可作退出价",7,0,12,5,2,0,10,5,-0.0018867924528301883,0.001260239445494582,0.006966434452184922,-0.0006289308176100628,0.0068749999999999645,0.0056962025316456,0.45,9,回撤不明显,买一异常溢价(不作为可成交退出价),41,0,0
449,AK-47 | Nightwish (Factory New),784.0,1100.0,648,47,0.0725,1.4031,steamdt-live,787.0,202,800.0,128,"溢价求购:买一高于卖一,多为定向收特定图案,买一价不可作退出价",7,0,12,2,0,10,10,0,-0.003215434083601254,0.011612903225806548,-0.012071156289707785,0.00836012861736335,0.003811944091486663,0.011612903225806548,0.44,14,回撤不明显,买一异常溢价(不作为可成交退出价),41,0,0
450,AWP | Capillary (Factory New),42.7,41.6,707,50,0.0707,0.9742,steamdt-live,43.98,141,43.51,195,,7,12,12,2,2,0,6,0,0.13376835236541607,0.023980815347721895,-0.005945945945945885,0.1609570418705819,0.006976744186046435,0.16412213740458026,0.46,12,反弹较远,,41,0,0
451,FAMAS | Faulty Wiring (Factory New),23.49,23.0,443,28,0.0632,0.9791,steamdt-live,22.16,80,22.74,132,,7,12,9,2,0,0,6,5,0.07527443805541045,0.07729703451628578,-0.00104438642297644,0.15838996340825928,0.0,0.19783783783783782,0.46,9,反弹较远,,41,0,0
452,FAMAS | Decommissioned (Factory New),32.6,29.8,613,27,0.044,0.9141,steamdt-live,27.0,190,28.67,108,,3,6,12,2,10,1,4,3,-0.0035373187124159156,-0.04153354632587869,-0.056408544726301746,-0.04492394764768304,0.11966090642321492,0.0,0.43,11,可能加速下跌,,41,0,0
453,M4A1-S | Icarus Fell (Factory New),2920.0,2840.0,601,26,0.0433,0.9726,steamdt-live,2999.49,401,2998.5,179,,3,12,12,2,2,0,10,0,0.022648083623693305,-0.005110732538330498,-0.00692041522491349,0.017421602787456525,0.005110732538330498,0.017776228651097847,0.45,5,回撤不明显,,41,0,0
454,P250 | Visions (Factory New),49.92,48.2,418,16,0.0383,0.9655,steamdt-live,48.88,317,51.83,234,,3,12,9,2,2,0,8,5,0.0,-0.008519269776876115,0.006122448979591688,-0.008519269776876115,0.00952380952380949,0.007835051546391858,0.38,2,回撤不明显,,41,0,0
455,MP9 | Hypnotic (Factory New),99.69,94.0,506,17,0.0336,0.9429,steamdt-live,99.0,203,104.05,209,,3,9,12,2,2,0,8,5,0.00010021044192787265,-0.008016032064128265,-0.0020999999999999908,-0.007916624912315928,0.010000000000000009,0.010204081632652962,0.36,3,可能加速下跌,,41,0,0
456,M4A4 | Sheet Lightning (Factory New),29.0,26.7,1128,31,0.0275,0.9207,steamdt-live,28.8,507,29.59,603,,3,6,15,2,4,3,8,0,-0.011949470809149765,-0.008293020041465149,0.0034258307639600805,-0.02014339364970974,0.026458616010854863,0.0,0.46,14,可能加速下跌,,41,0,0
457,AK-47 | Jaguar (Factory New),2620.0,2540.0,149,4,0.0268,0.9695,steamdt-live,2689.23,42,2662.74,49,,3,12,7,2,8,0,6,3,0.0,-0.029629629629629672,-0.027552674230145846,-0.029629629629629672,0.05636592832703047,0.0,0.46,3,可能加速下跌,,41,0,0
458,AK-47 | Slate (Factory New),92.29,88.0,1997,20,0.01,0.9535,steamdt-live,89.0,1381,92.97,693,,3,9,15,2,4,0,8,0,-0.00033415014479842853,-0.00835654596100277,-0.007736516357206069,-0.008687903764758365,0.016357206012378445,0.0,0.44,4,可能加速下跌,,41,0,0
459,AWP | Sovereign Flame (Factory New),2879.0,2830.0,25,31,1.24,0.983,steamdt-live,2909.99,16,2895.6,43,,20,12,2,2,4,0,0,0,-0.00034287791146203617,-0.012515906417103095,-0.002738929731578077,-0.012854492900712722,0.015558215079500726,0.0,0.46,1,价格更新稀疏,,40,0,0
460,Desert Eagle | Hand Cannon (Factory New),2730.28,2050.0,21,9,0.4286,0.7508,steamdt-live,2978.5,32,2566.89,35,,20,1,2,2,2,0,8,5,0.0,-0.004089344812468254,0.0739291666666666,-0.004089344812468254,0.006513863731364089,0.06953750000000003,1.37,4,回撤不明显,,40,0,0
461,★ Specialist Gloves | Pillow Punchers (Field-Tested),2444.5,5640.0,216,48,0.2222,2.3072,steamdt-live,2465.0,216,2498.99,139,"溢价求购:买一高于卖一,多为定向收特定图案,买一价不可作退出价",17,0,7,5,2,0,6,3,-0.000608642726719455,-0.007511165245635443,-0.0058491327148043615,-0.008115236356258881,0.014314516129032229,0.01854166666666668,0.27,8,可能加速下跌,买一异常溢价(不作为可成交退出价),40,0,0
462,M4A4 | Bullet Rain (Factory New),1520.0,2000.0,296,61,0.2061,1.3158,steamdt-live,1555.3,64,1579.81,142,"溢价求购:买一高于卖一,多为定向收特定图案,买一价不可作退出价",17,0,9,2,2,0,10,0,0.01836393989983298,0.0029508196721310664,0.026402006881520057,0.021368948247078468,0.013225806451612865,0.05929122024530953,0.46,10,可能加速下跌,买一异常溢价(不作为可成交退出价),40,0,0
463,AWP | Desert Hydra (Factory New),9230.0,12640.0,275,50,0.1818,1.3694,steamdt-live,9299.5,228,9378.5,63,"溢价求购:买一高于卖一,多为定向收特定图案,买一价不可作退出价",14,0,9,2,2,0,10,3,0.02787709497206703,0.0033153975759552257,-0.0077605321507761005,0.031284916201117285,0.007462847065402012,0.03847884788478839,0.45,14,回撤不明显,买一异常溢价(不作为可成交退出价),40,0,0
464,★ Sport Gloves | Superconductor (Field-Tested),11499.0,14200.0,445,71,0.1596,1.2349,steamdt-live,11800.0,270,11744.2,109,"溢价求购:买一高于卖一,多为定向收特定图案,买一价不可作退出价",14,0,9,5,2,0,10,0,0.035717474774533464,-0.008621432882145008,-8.928571428568066e-05,0.026788106080900098,0.008706896551724186,0.055050922102945155,0.46,8,回撤不明显,买一异常溢价(不作为可成交退出价),40,0,0
465,★ Specialist Gloves | Marble Fade (Field-Tested),839.0,1310.0,359,45,0.1253,1.5614,steamdt-live,849.5,343,845.0,165,"溢价求购:买一高于卖一,多为定向收特定图案,买一价不可作退出价",11,0,9,5,4,0,8,3,-0.006000000000000005,-0.006983074920108856,-0.011237000674685249,-0.012941176470588234,0.024032757136542293,0.002389486260454099,0.46,11,暂未减速,买一异常溢价(不作为可成交退出价),40,0,0
466,AK-47 | Rat Rod (Factory New),547.0,522.0,459,56,0.122,0.9543,steamdt-live,537.16,46,519.41,111,,11,9,9,2,0,0,6,3,0.01575936883629203,0.008582690926037362,0.05624999999999991,0.02447731755424054,0.0,0.08323253388946816,0.44,8,回撤不明显,,40,0,0
467,★ Moto Gloves | POW! (Minimal Wear),999.3,1630.0,283,34,0.1201,1.6311,steamdt-live,997.5,308,1034.0,72,"溢价求购:买一高于卖一,多为定向收特定图案,买一价不可作退出价",11,0,9,5,0,0,10,5,0.004040404040404066,0.0035211267605634866,0.005086346054274715,0.007575757575757569,0.0,0.013719512195121908,0.46,7,回撤不明显,买一异常溢价(不作为可成交退出价),40,0,0
468,M4A1-S | Moss Quartz (Factory New),529.49,517.0,473,47,0.0994,0.9764,steamdt-live,536.5,126,533.32,172,,7,12,9,2,2,0,8,0,0.011574749537982765,0.0182500000000001,0.00900953951242478,0.030035988717050932,0.010280565991887647,0.06110220440881764,0.46,4,暂未减速,,40,0,0
469,AWP | Chromatic Aberration (Factory New),436.0,421.0,270,25,0.0926,0.9656,steamdt-live,449.0,179,448.52,193,,7,12,9,2,4,0,6,0,0.02394526795895091,-0.028953229398663738,-0.003409090909090917,-0.005701254275940704,0.028953229398663738,0.013953488372093092,0.46,9,可能加速下跌,,40,0,0
470,AWP | Ice Coaled (Factory New),178.9,176.0,339,31,0.0914,0.9838,steamdt-live,188.0,240,182.63,142,,7,12,9,2,2,0,8,0,-0.0033333333333332993,-0.00278706800445927,0.005586592178770999,-0.006111111111111067,0.006111111111111067,0.002802690582959677,0.46,7,回撤不明显,,40,0,0
471,MP9 | Food Chain (Factory New),102.0,96.0,205,18,0.0878,0.9412,steamdt-live,100.8,121,105.21,92,,7,9,7,2,0,0,10,5,0.0067918497802637035,0.0,-0.005759682224429019,0.0067918497802637035,0.0,0.03725046305824242,0.33,4,回撤不明显,,40,0,0
472,AWP | Safari Mesh (Factory New),43.96,40.4,462,36,0.0779,0.919,steamdt-live,45.0,108,42.22,157,,7,6,9,2,0,10,6,0,0.021989528795811397,0.08145491803278682,-0.01546391752577303,0.10523560209424065,0.0,0.10813648293963252,0.45,7,回撤不明显,,40,0,0
473,Glock-18 | Mirror Mosaic (Factory New),149.4,143.0,364,26,0.0714,0.9572,steamdt-live,153.5,224,157.0,168,,7,9,9,2,0,0,10,3,0.0060810810810811855,0.00335795836131636,-0.006711409395973145,0.009459459459459474,0.0006020469596629274,0.009459459459459474,0.46,9,回撤不明显,,40,0,0
474,FAMAS | Hexane (Factory New),64.8,56.0,284,14,0.0493,0.8642,steamdt-live,58.1,121,60.19,56,,3,3,9,2,0,10,8,5,0.038148148148148264,0.03638958259008196,-0.06735751295336789,0.07592592592592595,0.0013750429700928324,0.0761252083719206,1.46,5,回撤不明显,,40,0,0
475,Desert Eagle | Conspiracy (Factory New),149.98,144.0,1347,66,0.049,0.9601,steamdt-live,145.0,827,145.44,370,,3,12,15,2,0,0,8,0,0.03597122302158273,0.00694444444444442,0.007246376811594235,0.043165467625899234,0.0,0.07806691449814118,0.46,11,回撤不明显,,40,0,0
476,★ Sport Gloves | Big Game (Field-Tested),842.5,940.0,761,26,0.0342,1.1157,steamdt-live,846.5,605,855.14,175,"溢价求购:买一高于卖一,多为定向收特定图案,买一价不可作退出价",3,0,12,5,4,3,8,5,-0.000592066311426831,-0.010663507109004766,-0.016880093131548257,-0.011249259917110677,0.027939464493597188,0.0,0.24,10,可能加速下跌,买一异常溢价(不作为可成交退出价),40,0,0
477,M4A1-S | Glitched Paint (Factory New),34.7,32.1,1408,23,0.0163,0.9251,steamdt-live,34.0,831,35.78,661,,3,6,15,2,8,0,6,0,-0.027507641011392137,-0.02857142857142858,0.028285714285714247,-0.05529313698249516,0.05529313698249516,0.0,0.4,14,可能加速下跌,,40,0,0
478,★ Specialist Gloves | Lime Polycam (Minimal Wear),3500.0,4440.0,35,40,1.1429,1.2686,steamdt-live,3595.0,44,3619.9,27,"溢价求购:买一高于卖一,多为定向收特定图案,买一价不可作退出价",20,0,4,5,4,0,6,0,-0.0039018952062430667,-0.020705092333519914,-0.0005571030640668662,-0.024526198439241864,0.02777777777777779,0.0,0.2,2,可能加速下跌,买一异常溢价(不作为可成交退出价),39,0,0
479,★ Sport Gloves | Red Racer (Minimal Wear),1910.0,2500.0,43,26,0.6047,1.3089,steamdt-live,1888.0,56,1932.5,39,"溢价求购:买一高于卖一,多为定向收特定图案,买一价不可作退出价",20,0,4,5,4,0,6,0,-0.005440414507771996,-0.016410523573847313,0.007832898172323688,-0.021761658031088094,0.021761658031088094,0.0047897817988291624,0.46,3,可能加速下跌,买一异常溢价(不作为可成交退出价),39,0,0
480,★ Driver Gloves | Seigaiha (Field-Tested),499.0,695.0,65,20,0.3077,1.3928,steamdt-live,496.0,98,511.5,45,"溢价求购:买一高于卖一,多为定向收特定图案,买一价不可作退出价",20,0,4,5,2,0,8,0,0.0,-0.004016064257028162,-0.0040000000000000036,-0.004016064257028162,0.008000000000000007,0.0030333670374114163,0.46,4,回撤不明显,买一异常溢价(不作为可成交退出价),39,0,0
481,★ Sport Gloves | Frosty (Field-Tested),1124.5,1800.0,188,41,0.2181,1.6007,steamdt-live,1139.49,195,1135.0,107,"溢价求购:买一高于卖一,多为定向收特定图案,买一价不可作退出价",17,0,7,5,6,0,4,0,-0.0017361111111111605,-0.022608695652173938,-0.010734220695577501,-0.02430555555555558,0.034778875053671054,0.011701170117011772,0.06,8,可能加速下跌,买一异常溢价(不作为可成交退出价),39,0,0
482,AWP | Corticera (Factory New),909.5,1000.0,175,29,0.1657,1.0995,steamdt-live,993.68,44,950.82,45,"溢价求购:买一高于卖一,多为定向收特定图案,买一价不可作退出价",14,0,7,2,6,0,10,0,0.04143337066069419,-0.02204301075268822,0.021154945683247606,0.018477043673012394,0.031931878658861046,0.054492753623188506,0.46,8,可能加速下跌,买一异常溢价(不作为可成交退出价),39,0,0
483,USP-S | Serum (Factory New),692.0,622.0,160,26,0.1625,0.8988,steamdt-live,729.99,39,641.45,80,,14,6,7,2,0,0,10,0,-0.0031397174254317317,0.010157480314960665,-0.0015673981191222097,0.006985871271585564,0.0,0.01095350669818762,0.46,5,回撤不明显,,39,0,0
484,★ Driver Gloves | Overtake (Field-Tested),263.9,329.0,225,27,0.12,1.2467,steamdt-live,264.5,204,269.0,205,"溢价求购:买一高于卖一,多为定向收特定图案,买一价不可作退出价",11,0,7,5,0,10,6,0,-0.007916666666666572,0.009888893131228205,-0.001890359168241984,0.0018939393939394478,0.0,0.0372549019607844,0.46,12,回撤不明显,买一异常溢价(不作为可成交退出价),39,0,0
485,Glock-18 | Warhawk (Factory New),43.9,42.1,419,32,0.0764,0.959,steamdt-live,45.16,70,44.98,203,,7,9,9,2,6,0,6,0,-0.007548845470692678,-0.017897091722595126,-0.02086956521739136,-0.02531083481349916,0.04565217391304355,0.0,0.46,11,可能加速下跌,,39,0,0
486,P250 | Wingshot (Factory New),40.4,37.9,250,17,0.068,0.9381,steamdt-live,49.09,128,41.85,129,,7,9,9,2,6,0,6,0,-0.0071770334928229484,-0.026506024096385583,-0.009478672985782088,-0.03349282296650713,0.042654028436019065,0.0,0.27,5,可能加速下跌,,39,0,0
487,AWP | Crakow! (Factory New),521.5,509.0,751,40,0.0533,0.976,steamdt-live,519.99,344,530.0,242,,3,12,12,2,0,0,10,0,0.01879327398615227,0.009689320388349465,-0.006876227897838927,0.028664688427299634,1.9230769230715872e-05,0.03070366699702687,0.45,9,回撤不明显,,39,0,0
488,Five-SeveN | Heat Treated (Factory New),112.0,105.0,809,30,0.0371,0.9375,steamdt-live,113.0,359,113.99,210,,3,9,12,2,2,0,6,5,0.09327819982690655,-0.014864983727680525,0.024532019704433417,0.0770266371766517,0.014864983727680525,0.13245702730030318,0.39,8,可能加速下跌,,39,0,0
489,AWP | Medusa (Factory New),29500.0,28660.0,11,9,0.8182,0.9715,steamdt-live,28000.0,22,32826.32,11,,20,12,2,2,2,0,0,0,0.0,0.0,-0.010565744372592722,0.0,0.010565744372592722,0.0,1.22,0,价格更新稀疏,,38,0,0
490,AK-47 | The Oligarch (Factory New),1700.0,1660.0,187,38,0.2032,0.9765,steamdt-live,1735.5,166,1780.0,94,,17,12,7,2,0,0,0,0,0.0,0.0,0.0005885815185402432,0.0,0.0029325513196480912,0.0007652911049624844,0.46,0,价格更新稀疏,,38,0,0
491,Tec-9 | Orange Murano (Factory New),94.49,87.0,58,11,0.1897,0.9207,steamdt-live,96.62,23,97.23,23,,14,6,4,2,2,0,10,0,0.00201484623541881,0.0,-0.00736842105263158,0.00201484623541881,0.014702815432742544,0.00201484623541881,0.19,2,暂未减速,,38,0,0
492,★ Sport Gloves | Hedge Maze (Minimal Wear),45600.0,66650.0,224,26,0.1161,1.4616,steamdt-live,45888.0,179,46999.5,49,"溢价求购:买一高于卖一,多为定向收特定图案,买一价不可作退出价",11,0,7,5,2,0,10,3,-0.002408063198038657,-0.0038665705485287916,0.001910480349345045,-0.006265322800326878,0.006276150627615107,0.01333333333333342,0.46,8,回撤不明显,买一异常溢价(不作为可成交退出价),38,0,0
493,Desert Eagle | Light Rail (Factory New),77.0,72.0,436,40,0.0917,0.9351,steamdt-live,75.4,169,76.78,201,,7,9,9,2,0,0,6,5,0.05602240896358546,0.0,0.02262961902033811,0.05602240896358546,0.0,0.10882352941176476,0.46,7,回撤不明显,,38,0,0
494,FAMAS | Djinn (Factory New),240.62,231.0,141,9,0.0638,0.96,steamdt-live,241.89,41,242.69,128,,7,12,7,2,2,0,8,0,0.00024742268041233473,-0.007998021108179376,0.013033670314980483,-0.007752577319587561,0.013407683791873293,0.0051800484585178275,1.46,5,可能加速下跌,,38,0,0
495,★ Specialist Gloves | Tiger Strike (Field-Tested),999.49,1510.0,1008,52,0.0516,1.5108,steamdt-live,1006.0,847,1000.5,298,"溢价求购:买一高于卖一,多为定向收特定图案,买一价不可作退出价",3,0,15,5,0,0,10,5,-0.002001000500250094,0.0019949874686717717,0.00654582074521648,-1.0005002501256577e-05,0.0005100000000000104,0.011629554655870455,0.46,13,回撤不明显,买一异常溢价(不作为可成交退出价),38,0,0
496,★ Driver Gloves | Brocade Crane (Minimal Wear),2493.0,2710.0,17,23,1.3529,1.087,steamdt-live,2517.0,24,2588.0,16,"溢价求购:买一高于卖一,多为定向收特定图案,买一价不可作退出价",20,0,2,5,0,0,10,0,0.0,0.0,0.0,0.0,0.0008016032064128709,0.00020060180541614514,0.2,5,回撤不明显,买一异常溢价(不作为可成交退出价),37,0,0
497,★ Driver Gloves | Seigaiha (Minimal Wear),965.5,1210.0,21,21,1.0,1.2532,steamdt-live,968.0,33,965.63,31,"溢价求购:买一高于卖一,多为定向收特定图案,买一价不可作退出价",20,0,2,5,0,0,10,0,0.004147609147609144,-0.0005072516278636918,-0.005170630816959676,0.0036382536382535413,0.0015511892450879028,0.007828810020876764,0.46,7,回撤不明显,买一异常溢价(不作为可成交退出价),37,0,0
498,★ Sport Gloves | Blaze (Minimal Wear),1520.0,1800.0,32,21,0.6562,1.1842,steamdt-live,1447.5,33,1528.0,33,"溢价求购:买一高于卖一,多为定向收特定图案,买一价不可作退出价",20,0,4,5,8,0,0,0,-0.0003359086328518224,-0.027217741935483875,-0.03281351526965559,-0.027544507893852876,0.059454191033138426,0.0,0.46,1,价格更新稀疏,买一异常溢价(不作为可成交退出价),37,0,0
499,★ Specialist Gloves | Crimson Web (Minimal Wear),1790.0,3460.0,285,31,0.1088,1.933,steamdt-live,1830.0,216,1834.11,66,"溢价求购:买一高于卖一,多为定向收特定图案,买一价不可作退出价",11,0,9,5,6,0,6,0,-0.0002794520547945156,-0.018903912874282724,-0.013513513513513487,-0.019178082191780854,0.032432432432432434,0.0,0.46,5,可能加速下跌,买一异常溢价(不作为可成交退出价),37,0,0
500,M4A1-S | Electrum (Factory New),37.05,46.3,412,43,0.1044,1.2497,steamdt-live,38.7,465,37.2,201,"溢价求购:买一高于卖一,多为定向收特定图案,买一价不可作退出价",11,0,9,2,0,0,10,5,0.003248511099079643,-0.00026983270372382684,0.017070484581497736,0.002977801840822858,0.0005395198273537849,0.029166666666666563,0.36,10,回撤不明显,买一异常溢价(不作为可成交退出价),37,0,0
501,Galil AR | Kami (Factory New),29.0,27.0,487,32,0.0657,0.931,steamdt-live,29.95,188,29.16,125,,7,9,9,2,0,0,10,0,-0.0038596491228070073,0.021486438886932024,-0.006968641114982521,0.01754385964912286,0.0,0.03793843951324272,0.46,9,回撤不明显,,37,0,0
502,Tec-9 | Bamboozle (Factory New),48.0,43.7,653,39,0.0597,0.9104,steamdt-live,44.0,192,45.56,158,,3,6,12,2,4,0,10,0,0.025641025641025772,0.0,0.0014005602240896309,0.025641025641025772,0.02026274771765746,0.04761904761904767,0.37,8,可能加速下跌,,37,0,0
503,★ Sport Gloves | Slingshot (Field-Tested),2091.0,3800.0,1080,54,0.05,1.8173,steamdt-live,2055.0,895,2117.99,263,"溢价求购:买一高于卖一,多为定向收特定图案,买一价不可作退出价",3,0,15,5,6,2,6,0,-0.013984356482578786,-0.01081730769230771,-0.013330215154349845,-0.02465039108793554,0.03765201122544437,0.0012165450121655041,0.46,10,可能加速下跌,买一异常溢价(不作为可成交退出价),37,0,0
504,M4A4 | Temukau (Factory New),639.5,631.0,765,36,0.0471,0.9867,steamdt-live,644.0,652,642.8,312,,3,12,12,2,2,0,6,0,-0.004650150080094617,-0.0007812499999999556,-0.0015683229813664434,-0.005427767150344542,0.007757951900698168,0.015079365079365026,0.45,16,回撤不明显,,37,0,0
505,AWP | Green Energy (Factory New),206.99,199.0,745,30,0.0403,0.9614,steamdt-live,207.49,360,208.0,483,,3,12,12,2,0,0,8,0,0.057099236641221296,-0.0035143462353167676,0.012886597938144284,0.05338422391857511,0.004855769230769136,0.08942105263157907,0.42,18,回撤不明显,,37,0,0
506,P250 | Iron Clad (Factory New),45.0,38.5,228,9,0.0395,0.8556,steamdt-live,44.48,25,45.9,67,,3,3,7,2,0,20,2,0,-0.08339029391660979,0.10564255530698485,-0.013264388489208523,0.013442697653223812,0.0,0.12807506974384975,0.38,7,回撤不明显,,37,0,0
507,★ Broken Fang Gloves | Yellow-banded (Minimal Wear),454.0,502.0,104,20,0.1923,1.1057,steamdt-live,450.0,65,457.91,67,"溢价求购:买一高于卖一,多为定向收特定图案,买一价不可作退出价",14,0,7,5,0,0,10,0,0.006914143787339677,0.0,0.014551645856980766,0.006914143787339677,0.0,0.022727272727272707,0.39,5,回撤不明显,买一异常溢价(不作为可成交退出价),36,0,0
508,★ Hand Wraps | Arboreal (Minimal Wear),456.0,480.0,128,23,0.1797,1.0526,steamdt-live,461.5,91,464.6,87,"溢价求购:买一高于卖一,多为定向收特定图案,买一价不可作退出价",14,0,7,5,4,0,6,0,-0.003243874483683351,-0.010652838949035681,-0.0044994617868675535,-0.013862156960273375,0.01829924650161463,0.015590200445434244,0.46,19,可能加速下跌,买一异常溢价(不作为可成交退出价),36,0,0
509,★ Hand Wraps | Giraffe (Minimal Wear),469.5,531.0,132,23,0.1742,1.131,steamdt-live,488.0,69,494.46,66,"溢价求购:买一高于卖一,多为定向收特定图案,买一价不可作退出价",14,0,7,5,6,0,4,0,-0.010526315789473717,-0.021276595744680882,-0.008350730688935326,-0.03157894736842104,0.039665970772442605,0.0,0.46,7,可能加速下跌,买一异常溢价(不作为可成交退出价),36,0,0
510,★ Sport Gloves | Red Racer (Field-Tested),827.0,1330.0,217,37,0.1705,1.6082,steamdt-live,828.0,204,855.0,77,"溢价求购:买一高于卖一,多为定向收特定图案,买一价不可作退出价",14,0,7,5,4,0,6,0,-0.0017730496453900457,-0.02072232089994075,-0.004120070629782258,-0.022458628841607542,0.026486168334314275,0.0,0.2,11,可能加速下跌,买一异常溢价(不作为可成交退出价),36,0,0
511,★ Specialist Gloves | Mogul (Minimal Wear),884.5,1220.0,183,29,0.1585,1.3793,steamdt-live,888.0,180,908.5,91,"溢价求购:买一高于卖一,多为定向收特定图案,买一价不可作退出价",14,0,7,5,2,0,8,0,-0.0005621135469364713,-0.005061867266591635,-0.0005617977528089568,-0.005621135469364824,0.006179775280898858,0.0,0.46,6,回撤不明显,买一异常溢价(不作为可成交退出价),36,0,0
512,FAMAS | Afterimage (Factory New),319.48,288.0,71,11,0.1549,0.9015,steamdt-live,270.0,39,273.72,55,,14,6,4,2,0,0,10,0,0.003520599250936396,0.007688288422781131,-0.002950072818253213,0.011235955056179803,0.0,0.011235955056179803,1.46,3,回撤不明显,,36,0,0
513,★ Moto Gloves | Turtle (Minimal Wear),763.0,950.0,144,22,0.1528,1.2451,steamdt-live,750.0,127,757.1,74,"溢价求购:买一高于卖一,多为定向收特定图案,买一价不可作退出价",14,0,7,5,2,0,8,0,-0.000660327522451154,-0.008854235496233653,0.009600000000000053,-0.009508716323296418,0.010423538725425452,0.001335113484646211,0.46,4,可能加速下跌,买一异常溢价(不作为可成交退出价),36,0,0
514,P250 | Contamination (Factory New),43.85,36.1,72,8,0.1111,0.8233,steamdt-live,41.04,39,42.15,37,,11,3,4,2,4,1,8,3,-0.003370245546461259,-0.008695652173912993,-0.013301662707838502,-0.01203659123736156,0.02448300451628238,0.0,0.27,4,可能加速下跌,,36,0,0
515,★ Hand Wraps | Arboreal (Field-Tested),235.0,255.0,355,31,0.0873,1.0851,steamdt-live,247.49,349,239.04,231,"溢价求购:买一高于卖一,多为定向收特定图案,买一价不可作退出价",7,0,9,5,0,0,10,5,0.00389805097451279,0.019798600443761583,-0.00021413276231263545,0.023773827372028267,0.0,0.03913043478260869,0.46,13,回撤不明显,买一异常溢价(不作为可成交退出价),36,0,0
516,★ Moto Gloves | Transport (Field-Tested),213.0,255.0,263,22,0.0837,1.1972,steamdt-live,214.5,204,214.83,313,"溢价求购:买一高于卖一,多为定向收特定图案,买一价不可作退出价",7,0,9,5,2,0,10,3,0.00192488262910806,-0.0019211845742935774,-0.007918025151373964,0.0,0.007918025151373964,0.014285714285714235,0.46,10,回撤不明显,买一异常溢价(不作为可成交退出价),36,0,0
517,Glock-18 | Gamma Doppler (Factory New),654.0,2590.0,1644,116,0.0706,3.9602,steamdt-live,664.0,564,668.0,450,"溢价求购:买一高于卖一,多为定向收特定图案,买一价不可作退出价",7,0,15,2,2,0,10,0,6.201935003713466e-05,0.014728682170542573,-0.007753846153846111,0.014791614983874934,0.006828528072837625,0.017884914463452528,0.46,15,回撤不明显,买一异常溢价(不作为可成交退出价),36,0,0
518,★ Hand Wraps | CAUTION! (Field-Tested),774.5,877.0,613,39,0.0636,1.1323,steamdt-live,789.5,531,779.4,237,"溢价求购:买一高于卖一,多为定向收特定图案,买一价不可作退出价",7,0,12,5,2,0,10,0,0.0,-0.003863490019317406,-0.004487179487179471,-0.003863490019317406,0.008333333333333304,0.00454545454545463,0.46,13,回撤不明显,买一异常溢价(不作为可成交退出价),36,0,0
519,Tec-9 | Safety Net (Factory New),95.0,88.0,457,29,0.0635,0.9263,steamdt-live,95.88,99,96.79,83,,7,6,9,2,4,0,8,0,0.006358803294068682,-0.015951937020924012,-0.010010319917440613,-0.009694568956530869,0.019607843137254943,0.0001052742393936601,0.46,4,可能加速下跌,,36,0,0
520,Five-SeveN | Nightshade (Factory New),97.9,93.0,576,17,0.0295,0.9499,steamdt-live,93.8,63,95.49,48,,3,9,12,2,4,0,6,0,0.0,-0.017801047120418856,0.0052631578947368585,-0.017801047120418856,0.017801047120418856,0.0,0.39,2,可能加速下跌,,36,0,0
521,MP9 | Wild Lily (Factory New),16300.0,15560.0,30,11,0.3667,0.9546,steamdt-live,15850.0,25,17137.05,14,,20,9,4,2,0,0,0,0,0.0,0.0,-0.0031446540880503138,0.0,0.0031446540880503138,0.0,0.19,0,价格更新稀疏,,35,0,0
522,AWP | The Prince (Factory New),16898.9,17170.0,70,13,0.1857,1.016,steamdt-live,16887.0,69,16865.5,38,,14,15,4,2,0,0,0,0,-0.0009773723492477737,0.0,-0.00065115728408216,-0.0009773723492477737,0.0016278932102054,0.0,0.4,0,价格更新稀疏,,35,0,0
523,★ Driver Gloves | Imperial Plaid (Minimal Wear),1788.0,2900.0,208,28,0.1346,1.6219,steamdt-live,1800.0,164,1797.0,85,"溢价求购:买一高于卖一,多为定向收特定图案,买一价不可作退出价",11,0,7,5,2,0,10,0,0.04677846425419241,0.005059021922428242,-0.0002941176470587781,0.052074139452780166,0.00611450806003333,0.053003533568904526,0.46,4,回撤不明显,买一异常溢价(不作为可成交退出价),35,0,0
524,FAMAS | Macabre (Factory New),66.06,60.0,67,8,0.1194,0.9083,steamdt-live,73.5,36,69.99,64,,11,6,4,2,2,0,10,0,-0.0015042117930206267,-0.004820729135281643,-0.004790419161676551,-0.006317689530685899,0.01107784431137715,0.0,1.46,3,暂未减速,,35,0,0
525,MP9 | Deadly Poison (Factory New),48.79,45.9,211,24,0.1137,0.9408,steamdt-live,50.0,88,49.75,39,,11,9,7,2,0,0,6,0,0.05022191076851201,0.08518683274021344,0.024162679425837386,0.13968698902125665,0.0022494887525562612,0.1675041876046901,0.46,11,反弹较远,,35,0,0
526,M4A1-S | Master Piece (Factory New),2000.0,1930.0,84,9,0.1071,0.965,steamdt-live,2184.0,23,2121.63,66,,11,12,4,2,6,0,0,0,-0.00024061597690083758,-0.03730445246690739,-0.004312410158121671,-0.0375360923965351,0.04168663152850982,0.0,0.36,1,价格更新稀疏,,35,0,0
527,USP-S | Royal Blue (Factory New),610.1,560.0,49,5,0.102,0.9179,steamdt-live,637.9,40,611.4,43,,11,6,4,2,2,0,10,0,-0.0004897959183672862,-0.00343025155178045,-0.0030924479166666297,-0.003918367346938734,0.00699869791666663,0.0,0.46,2,回撤不明显,,35,0,0
528,Glock-18 | Reactor (Factory New),458.0,429.0,224,21,0.0938,0.9367,steamdt-live,469.9,59,470.9,96,,7,9,7,2,0,0,10,0,0.011111111111111072,0.00659340659340657,0.0,0.01777777777777767,0.0,0.01777777777777767,0.43,2,回撤不明显,,35,0,0
529,AWP | Graphite (Factory New),879.5,953.0,571,39,0.0683,1.0836,steamdt-live,870.0,429,893.0,249,"溢价求购:买一高于卖一,多为定向收特定图案,买一价不可作退出价",7,0,12,2,4,0,10,0,0.0052109209811783685,0.0,0.002885283893395041,0.0052109209811783685,0.022471910112359605,0.016830294530154166,0.46,14,可能加速下跌,买一异常溢价(不作为可成交退出价),35,0,0
530,FAMAS | Survivor Z (Factory New),31.77,30.0,1113,51,0.0458,0.9443,steamdt-live,33.43,208,33.0,306,,3,9,15,2,0,0,6,0,0.20308880308880317,0.05905006418485237,0.0,0.27413127413127425,0.0030211480362538623,0.2790697674418605,0.46,13,反弹较远,,35,0,0
531,★ Driver Gloves | King Snake (Minimal Wear),2985.0,7530.0,851,32,0.0376,2.5226,steamdt-live,2988.88,847,3060.0,154,"溢价求购:买一高于卖一,多为定向收特定图案,买一价不可作退出价",3,0,12,5,0,0,10,5,-0.0013059844818313904,-0.0016722408026755842,-0.0013642428285524089,-0.0029760413639687844,0.00433622414943291,0.008445945945946054,0.45,4,回撤不明显,买一异常溢价(不作为可成交退出价),35,0,0
532,★ Hydra Gloves | Case Hardened (Field-Tested),349.5,370.0,372,12,0.0323,1.0587,steamdt-live,340.0,415,364.17,146,"溢价求购:买一高于卖一,多为定向收特定图案,买一价不可作退出价",3,0,9,5,6,1,6,5,-0.0028835063437139263,-0.016772700983227362,-0.021665538253216043,-0.019607843137254943,0.04084856691491767,0.0,0.46,9,可能加速下跌,买一异常溢价(不作为可成交退出价),35,0,0
533,Desert Eagle | Pilot (Factory New),1132.4,860.0,36,5,0.1389,0.7594,steamdt-live,1348.4,44,1052.0,41,,11,1,4,2,4,1,8,3,-0.004704022880367309,-0.0055958862673927134,-0.011503873373694407,-0.010273585970722254,0.021659273312315763,0.0,0.33,2,暂未减速,,34,0,0
534,AK-47 | Case Hardened (Factory New),2999.99,14000.0,461,56,0.1215,4.6667,steamdt-live,3232.49,317,3053.94,162,"溢价求购:买一高于卖一,多为定向收特定图案,买一价不可作退出价",11,0,9,2,4,0,8,0,0.07223476297968401,-0.028343319838056713,0.028944077184205774,0.041844070151067836,0.028343319838056713,0.07219468261144613,0.46,17,可能加速下跌,买一异常溢价(不作为可成交退出价),34,0,0
535,AK-47 | Fuel Injector (Factory New),2383.0,3130.0,422,44,0.1043,1.3135,steamdt-live,2418.0,194,2406.72,129,"溢价求购:买一高于卖一,多为定向收特定图案,买一价不可作退出价",11,0,9,2,2,0,10,0,-0.000627615062761544,-0.002302700439606453,0.004201680672268893,-0.0029288702928870203,0.005010438413361129,0.0012605042016806678,0.46,3,回撤不明显,买一异常溢价(不作为可成交退出价),34,0,0
536,★ Moto Gloves | Finish Line (Field-Tested),485.5,668.0,417,37,0.0887,1.3759,steamdt-live,475.0,454,499.3,233,"溢价求购:买一高于卖一,多为定向收特定图案,买一价不可作退出价",7,0,9,5,4,0,6,3,-0.004122861265718369,-0.016766714965845586,-0.006960081883316205,-0.020820449391877993,0.02763561924257929,0.0,0.46,10,可能加速下跌,买一异常溢价(不作为可成交退出价),34,0,0
537,★ Sport Gloves | Nocts (Minimal Wear),5380.0,7690.0,394,28,0.0711,1.4294,steamdt-live,5399.5,338,5680.0,81,"溢价求购:买一高于卖一,多为定向收特定图案,买一价不可作退出价",7,0,9,5,2,0,8,3,0.0,-0.0037037037037036535,-0.007261696847136734,-0.0037037037037036535,0.011846817889613392,0.011278195488721776,0.45,5,暂未减速,买一异常溢价(不作为可成交退出价),34,0,0
538,Five-SeveN | Copper Galaxy (Factory New),117.0,108.0,707,31,0.0438,0.9231,steamdt-live,117.41,139,121.5,134,,3,6,12,2,4,0,2,5,-0.007212949760966203,-0.011573878516516034,0.10398148148148145,-0.018703346473203042,0.018703346473203042,0.11428571428571432,0.38,7,可能加速下跌,,34,0,0
539,Tec-9 | Re-Entry (Factory New),50.0,44.0,853,27,0.0317,0.88,steamdt-live,44.4,206,44.59,236,,3,6,12,2,0,0,6,5,0.05476190476190479,0.0022573363431150906,0.12721417069243168,0.05714285714285716,0.0,0.19162640901771333,0.46,7,反弹较远,,34,0,0
540,P250 | Facets (Factory New),500.0,0.0,2,0,0.0,,steamdt-live,2499.48,3,206.22,14,缺买一价,3,0,2,2,4,8,10,5,0.0,-0.0035755701584847532,-0.014523117946764308,-0.0035755701584847532,0.018046759678110535,0.006786115315139396,0.46,3,悠悠盘口不足,,34,0,0
541,★ Driver Gloves | Brocade Flowers (Minimal Wear),2496.8,3550.0,38,33,0.8684,1.4218,steamdt-live,2449.0,46,2499.5,44,"溢价求购:买一高于卖一,多为定向收特定图案,买一价不可作退出价",20,0,4,5,4,0,0,0,-0.00020408163265306367,-0.0002041232904674839,-0.016972274605785875,-0.00040816326530612734,0.01737351041206925,0.0,0.2,0,价格更新稀疏,买一异常溢价(不作为可成交退出价),33,0,0
542,★ Driver Gloves | Garden (Minimal Wear),2799.0,3980.0,46,24,0.5217,1.4219,steamdt-live,2799.5,54,2830.0,41,"溢价求购:买一高于卖一,多为定向收特定图案,买一价不可作退出价",20,0,4,5,4,0,0,0,0.0001786033220216865,-0.00035714285714283367,-0.022520949720670425,-0.00017860332202179752,0.022695530726256963,0.0,0.46,0,价格更新稀疏,买一异常溢价(不作为可成交退出价),33,0,0
543,★ Sport Gloves | Occult (Minimal Wear),5893.0,6660.0,90,39,0.4333,1.1302,steamdt-live,5947.5,96,5958.81,36,"溢价求购:买一高于卖一,多为定向收特定图案,买一价不可作退出价",20,0,4,5,4,0,0,0,0.0023809523809523725,-0.000169664065150954,-0.01942799966647213,0.0022108843537413936,0.017260068373217696,0.0073504273504274575,0.2,1,价格更新稀疏,买一异常溢价(不作为可成交退出价),33,0,0
544,FAMAS | Waters of Nephthys (Factory New),957.5,1120.0,144,24,0.1667,1.1697,steamdt-live,986.57,60,983.09,57,"溢价求购:买一高于卖一,多为定向收特定图案,买一价不可作退出价",14,0,7,2,0,0,10,0,0.0031430068098481367,0.0,-0.004162797733935686,0.0031430068098481367,0.0010432968179446833,0.008425487098472795,0.41,4,回撤不明显,买一异常溢价(不作为可成交退出价),33,0,0
545,MP9 | Green Plaid (Factory New),60.99,42.0,12,2,0.1667,0.6886,steamdt-live,70.0,5,74.55,2,,8,1,2,2,10,0,10,0,0.0,0.0,0.0,0.0,0.12871428571428567,0.0,0.28,2,暂未减速,,33,0,0
546,AWP | BOOM (Factory New),2348.5,2600.0,42,6,0.1429,1.1071,steamdt-live,2349.0,23,2413.69,33,"溢价求购:买一高于卖一,多为定向收特定图案,买一价不可作退出价",11,0,4,2,0,10,6,0,-0.04194166489248452,0.04377777777777769,-0.0004256224728665936,0.0,0.0004256224728665936,0.04377777777777769,0.46,5,回撤不明显,买一异常溢价(不作为可成交退出价),33,0,0
547,★ Sport Gloves | Occult (Field-Tested),3078.0,4280.0,279,35,0.1254,1.3905,steamdt-live,3079.0,321,3098.9,104,"溢价求购:买一高于卖一,多为定向收特定图案,买一价不可作退出价",11,0,9,5,2,0,6,0,-0.0016210082671421766,-0.00048709206039943,-0.0043576500968366405,-0.002107310747284763,0.006455777921239525,0.026000000000000023,0.46,8,回撤不明显,买一异常溢价(不作为可成交退出价),33,0,0
548,MP9 | Stained Glass (Factory New),819.5,758.0,57,7,0.1228,0.925,steamdt-live,839.0,27,809.0,59,,11,6,4,2,4,0,6,0,-0.011452682338758291,-0.013414634146341475,-0.00060240963855418,-0.02471368294153109,0.025301204819277112,0.0,0.46,8,可能加速下跌,,33,0,0
549,USP-S | Orange Anolis (Factory New),428.0,405.0,249,30,0.1205,0.9463,steamdt-live,426.9,56,430.61,112,,11,9,7,2,0,0,4,0,0.028674698795180698,0.0,0.0060606060606061,0.028674698795180698,0.003733955659276589,0.04121951219512199,0.41,6,回撤不明显,,33,0,0
550,★ Sport Gloves | Pandora's Box (Field-Tested),21699.0,27870.0,421,50,0.1188,1.2844,steamdt-live,21998.0,350,22300.0,79,"溢价求购:买一高于卖一,多为定向收特定图案,买一价不可作退出价",11,0,9,5,0,0,8,0,0.0,-0.0041305245766212195,0.00644356682602365,-0.0041305245766212195,0.0046330275229358175,0.004583333333333384,0.11,6,回撤不明显,买一异常溢价(不作为可成交退出价),33,0,0
551,USP-S | Sleeping Potion (Factory New),49.88,47.0,235,22,0.0936,0.9423,steamdt-live,49.4,175,52.53,88,,7,9,7,2,4,0,4,0,0.002016129032258007,-0.004024144869215318,-0.007801560312062472,-0.0020161290322581182,0.015513126491646823,0.0314648885184412,0.2,10,可能加速下跌,,33,0,0
552,Glock-18 | Trace Lock (Factory New),37.68,35.5,245,17,0.0694,0.9421,steamdt-live,38.99,222,36.9,73,,7,9,7,2,4,0,4,0,-0.004749340369393118,-0.021739130434782594,0.013368983957219305,-0.02638522427440637,0.02894736842105272,0.03797468354430378,1.46,12,可能加速下跌,,33,0,0
553,★ Specialist Gloves | Fade (Field-Tested),1085.0,1960.0,1102,41,0.0372,1.8065,steamdt-live,1118.49,1007,1114.4,357,"溢价求购:买一高于卖一,多为定向收特定图案,买一价不可作退出价",3,0,15,5,4,0,6,0,-0.0031432420296362285,-0.01666666666666672,-0.004470272686633914,-0.019757521329142325,0.024139472507823,0.0,0.13,6,可能加速下跌,买一异常溢价(不作为可成交退出价),33,0,0
554,★ Driver Gloves | King Snake (Field-Tested),850.5,1790.0,1598,41,0.0257,2.1046,steamdt-live,830.0,1450,859.15,301,"溢价求购:买一高于卖一,多为定向收特定图案,买一价不可作退出价",3,0,15,5,4,0,6,0,-0.005813953488372103,-0.017660818713450266,-0.00462962962962965,-0.023372093023255824,0.029017341040462497,0.011927710843373518,0.26,13,可能加速下跌,买一异常溢价(不作为可成交退出价),33,0,0
555,★ Specialist Gloves | Sunburst (Field-Tested),1031.0,1460.0,158,26,0.1646,1.4161,steamdt-live,1044.4,180,1045.81,67,"溢价求购:买一高于卖一,多为定向收特定图案,买一价不可作退出价",14,0,7,5,2,0,4,0,-0.0022837870392675708,-0.004230330893005618,-0.0021634615384615863,-0.0065044567574078505,0.008653846153846123,0.030999999999999917,0.2,6,回撤不明显,买一异常溢价(不作为可成交退出价),32,0,0
556,MP9 | Airlock (Factory New),166.0,161.0,246,27,0.1098,0.9699,steamdt-live,163.1,100,164.96,101,,11,12,7,2,0,0,0,0,6.13045610593499e-05,-0.0001839024091215835,0.006913580246913575,-0.0001226091221186998,0.0006127450980392135,0.01304347826086949,0.39,1,价格更新稀疏,,32,0,0
557,★ Driver Gloves | Snow Leopard (Field-Tested),1660.0,2460.0,539,51,0.0946,1.4819,steamdt-live,1700.0,475,1706.21,143,"溢价求购:买一高于卖一,多为定向收特定图案,买一价不可作退出价",7,0,12,5,2,0,6,0,-0.0007766758274584395,-0.007772795216741457,-0.0022056631892697354,-0.008543434102043279,0.01102502979737785,0.03074534161490683,0.46,10,可能加速下跌,买一异常溢价(不作为可成交退出价),32,0,0
558,★ Driver Gloves | Dragon Fists (Minimal Wear),1324.0,1820.0,42,22,0.5238,1.3746,steamdt-live,1397.0,37,1418.85,32,"溢价求购:买一高于卖一,多为定向收特定图案,买一价不可作退出价",20,0,4,5,2,0,0,0,-0.003759398496240629,-0.0007547169811320531,-0.0037453183520599342,-0.004511278195488688,0.011571481896229918,0.019245573518090753,0.46,1,价格更新稀疏,买一异常溢价(不作为可成交退出价),31,0,0
559,Galil AR | Aqua Terrace (Factory New),879.89,790.0,34,8,0.2353,0.8978,steamdt-live,928.7,22,894.2,41,,17,6,4,2,2,0,0,0,0.00011364927832713256,-0.00012500000000004174,-0.008339907584807849,-1.1364927832713256e-05,0.008351177730192672,0.0023809523809523725,0.28,0,价格更新稀疏,,31,0,0
560,Tec-9 | Blast From the Past (Factory New),45.75,41.5,62,8,0.129,0.9071,steamdt-live,45.0,41,47.52,39,,11,6,4,2,4,0,4,0,-0.0004384042086803541,-0.013157894736842146,-0.0032772558444397193,-0.013590530469092421,0.016823246668123293,0.046755059316119896,0.46,5,可能加速下跌,,31,0,0
561,★ Driver Gloves | Racing Green (Minimal Wear),255.5,410.0,154,18,0.1169,1.6047,steamdt-live,267.87,73,282.0,101,"溢价求购:买一高于卖一,多为定向收特定图案,买一价不可作退出价",11,0,7,5,4,0,4,0,-0.0038610038610038533,-0.009689922480620172,-0.007320531984209233,-0.013513513513513487,0.020735119389827972,0.02200000000000002,0.46,12,可能加速下跌,买一异常溢价(不作为可成交退出价),31,0,0
562,★ Driver Gloves | Imperial Plaid (Field-Tested),908.5,1300.0,426,33,0.0775,1.4309,steamdt-live,906.3,353,911.9,195,"溢价求购:买一高于卖一,多为定向收特定图案,买一价不可作退出价",7,0,9,5,0,0,10,0,-0.001651291309804237,-0.0006395553987297298,0.0005507335771246513,-0.0022897906162619996,0.003934584780410644,0.0,0.46,6,回撤不明显,买一异常溢价(不作为可成交退出价),31,0,0
563,★ Hand Wraps | Overprint (Minimal Wear),873.0,1070.0,342,23,0.0673,1.2257,steamdt-live,887.0,291,896.04,103,"溢价求购:买一高于卖一,多为定向收特定图案,买一价不可作退出价",7,0,9,5,2,0,8,0,-0.0005663091368316442,-0.010663977062816521,-0.00010192525481311776,-0.011224247092002537,0.011783882908275811,0.004602991944764101,0.42,15,可能加速下跌,买一异常溢价(不作为可成交退出价),31,0,0
564,MP9 | Rose Iron (Factory New),58.49,54.0,469,24,0.0512,0.9232,steamdt-live,57.4,193,58.97,169,,3,6,9,2,4,0,4,3,0.007047095221725641,-0.020310633213859064,-0.010544217687074808,-0.013406668958404921,0.023809523809523836,0.04572781927491332,0.46,11,可能加速下跌,,31,0,0
565,Glock-18 | Fade (Factory New),9187.91,9950.0,138,17,0.1232,1.0829,steamdt-live,9249.5,139,9198.0,71,"溢价求购:买一高于卖一,多为定向收特定图案,买一价不可作退出价",11,0,7,2,6,0,4,0,-0.00021999999999999797,-0.03263875947445283,-0.016655780873644388,-0.032851578947368454,0.04767872005439522,0.0,0.45,12,可能加速下跌,买一异常溢价(不作为可成交退出价),30,0,0
566,Galil AR | Sugar Rush (Factory New),957.0,933.0,313,30,0.0958,0.9749,steamdt-live,974.9,69,954.13,96,,7,12,9,2,0,0,0,0,0.005426879386288386,0.0,-0.0010736842105263378,0.005426879386288386,0.0008063671588647292,0.005448069465520122,0.32,1,价格更新稀疏,,30,0,0
567,P250 | Forest Night (Factory New),87.99,78.0,159,8,0.0503,0.8865,steamdt-live,105.0,8,83.0,33,,3,6,7,2,8,0,4,0,-0.01947386402459861,-0.03716608594657367,-0.003404834865509021,-0.05591618266712217,0.06030378598957142,0.0,0.46,5,可能加速下跌,,30,0,0
568,★ Specialist Gloves | Crimson Kimono (Field-Tested),10680.0,12030.0,849,29,0.0342,1.1264,steamdt-live,11000.0,741,11000.0,183,"溢价求购:买一高于卖一,多为定向收特定图案,买一价不可作退出价",3,0,12,5,0,0,10,0,0.0027699530516431814,4.68186712860863e-05,0.0,0.0028169014084507005,0.0,0.00380656985760619,0.46,3,回撤不明显,买一异常溢价(不作为可成交退出价),30,0,0
569,★ Driver Gloves | Wave Chaser (Minimal Wear),3169.5,4800.0,38,28,0.7368,1.5144,steamdt-live,3044.5,50,3286.5,25,"溢价求购:买一高于卖一,多为定向收特定图案,买一价不可作退出价",20,0,4,5,0,0,0,0,-0.0011481056257175437,-0.00016420361247948545,-0.0004918032786884741,-0.00131212071510578,0.00180327868852459,0.0,0.41,1,价格更新稀疏,买一异常溢价(不作为可成交退出价),29,0,0
570,★ Specialist Gloves | Big Swell (Field-Tested),1174.0,1620.0,105,27,0.2571,1.3799,steamdt-live,1159.49,123,1180.0,100,"溢价求购:买一高于卖一,多为定向收特定图案,买一价不可作退出价",17,0,7,5,0,0,0,0,0.0,-8.620689655125524e-06,-0.0034364261168384758,-8.620689655125524e-06,0.0034450171821305275,0.0008541846419327648,0.46,1,价格更新稀疏,买一异常溢价(不作为可成交退出价),29,0,0
571,P250 | Apep's Curse (Factory New),715.0,700.0,60,6,0.1,0.979,steamdt-live,695.0,33,775.04,50,,11,12,4,2,0,0,0,0,0.0,-0.0007189072609633529,-0.0028673835125447855,-0.0007189072609633529,0.0035842293906810374,0.0,0.46,1,价格更新稀疏,,29,0,0
572,Glock-18 | Blue Fissure (Factory New),220.99,201.0,51,5,0.098,0.9095,steamdt-live,259.0,26,218.0,63,,7,6,4,2,0,0,10,0,0.003688141923436028,0.014000651193078806,-0.004646840148698872,0.017740429505135547,0.0,0.017740429505135547,0.46,3,回撤不明显,,29,0,0
573,★ Broken Fang Gloves | Needle Point (Field-Tested),266.5,280.0,92,8,0.087,1.0507,steamdt-live,276.0,89,274.86,114,"溢价求购:买一高于卖一,多为定向收特定图案,买一价不可作退出价",7,0,4,5,2,0,8,3,0.001113172541743923,-0.012231282431430679,0.020910675051140082,-0.011131725417439675,0.012962962962962954,0.03298577464242802,0.46,9,可能加速下跌,买一异常溢价(不作为可成交退出价),29,0,0
574,AWP | Pink DDPAT (Factory New),879.5,784.0,41,3,0.0732,0.8914,steamdt-live,999.5,15,924.44,41,,7,6,4,2,2,0,8,0,-0.0005649717514124575,-0.005652911249293346,-0.005617977528089901,-0.006214689265536699,0.01179775280898876,0.0,0.41,4,可能加速下跌,,29,0,0
575,P250 | Black & Tan (Factory New),58.86,52.0,84,6,0.0714,0.8835,steamdt-live,59.26,56,59.03,62,,7,6,4,2,2,0,8,0,-0.003369272237196852,-0.005070993914807254,-0.0016818028927010342,-0.008423180592991963,0.010090817356205872,0.0,0.4,5,可能加速下跌,,29,0,0
576,M4A1-S | Knight (Factory New),16600.0,15100.0,16,4,0.25,0.9096,steamdt-live,16100.0,15,17148.0,29,,8,6,2,2,6,0,4,0,0.0,-0.04166666666666663,0.0,-0.04166666666666663,0.04166666666666663,0.0,0.28,2,可能加速下跌,,28,0,0
577,AK-47 | Fire Serpent (Factory New),14396.72,13350.0,58,9,0.1552,0.9273,steamdt-live,14385.0,51,14565.0,38,,14,6,4,2,2,0,0,0,-0.0061863552636152175,0.006119951040391758,-0.007656492498706702,-0.00010426441455535507,0.007794178507380289,0.006119951040391758,0.42,1,价格更新稀疏,,28,0,0
578,Tec-9 | Brass (Factory New),450.0,368.0,9,5,0.5556,0.8178,steamdt-live,490.0,9,477.36,35,,20,3,2,2,0,0,0,0,0.0,0.0,0.0,0.0,0.0,0.0,0.3,0,价格更新稀疏,,27,0,0
579,FAMAS | Sundown (Factory New),698.0,571.0,12,5,0.4167,0.8181,steamdt-live,785.0,11,740.41,21,,20,3,2,2,0,0,0,0,0.0,0.0,0.0,0.0,0.0,0.0,1.36,0,价格更新稀疏,,27,0,0
580,FAMAS | Spitfire (Factory New),2300.0,780.0,7,2,0.2857,0.3391,steamdt-live,2800.0,3,2255.0,4,,8,1,2,2,4,0,10,0,-0.004405286343612369,-0.0022123893805309214,-0.004385964912280715,-0.0066079295154185536,0.019565217391304346,0.0022222222222221255,0.44,5,暂未减速,,27,0,0
581,Desert Eagle | Urban DDPAT (Factory New),147.5,97.0,26,5,0.1923,0.6576,steamdt-live,174.5,16,135.0,42,,14,1,2,2,8,0,0,0,0.0,0.0,-0.06204404919057882,0.0,0.06204404919057882,0.0,1.37,0,价格更新稀疏,,27,0,0
582,★ Moto Gloves | Spearmint (Minimal Wear),18149.0,26090.0,181,22,0.1215,1.4375,steamdt-live,18387.0,159,18339.5,56,"溢价求购:买一高于卖一,多为定向收特定图案,买一价不可作退出价",11,0,7,5,2,0,2,0,-0.0006597756762700691,-0.0014579665492957528,-0.0006593406593407014,-0.0021167802946997494,0.013505830531395313,0.07904280618311543,0.46,3,暂未减速,买一异常溢价(不作为可成交退出价),27,0,0
583,Glock-18 | Brass (Factory New),778.98,690.0,63,4,0.0635,0.8858,steamdt-live,798.9,28,777.39,44,,7,6,4,2,0,0,8,0,0.02779499215463943,-0.0026940691990917642,-6.592305461072812e-05,0.02502604132329478,0.0026940691990917642,0.07970833333333327,0.46,4,回撤不明显,,27,0,0
584,Glock-18 | Sand Dune (Factory New),3499.0,0.0,4,0,0.0,,steamdt-live,0.0,0,1849.54,2,缺买一价,3,0,2,2,10,0,10,0,0.0,0.0,-0.001484648732109961,0.0,0.4714089739925693,0.0,0.28,2,悠悠盘口不足,,27,0,0
585,M4A1-S | Imminent Danger (Factory New),8993.3,10110.0,32,11,0.3438,1.1242,steamdt-live,8997.5,30,9441.42,25,"溢价求购:买一高于卖一,多为定向收特定图案,买一价不可作退出价",20,0,4,2,0,0,0,0,-5.559076303884858e-05,-5.559385354358959e-05,-0.00015562991206929944,-0.00011118152607758613,0.0002779074679294391,0.0,1.46,0,价格更新稀疏,买一异常溢价(不作为可成交退出价),26,0,0
586,P250 | Digital Architect (Factory New),260.0,241.0,25,3,0.12,0.9269,steamdt-live,329.4,23,270.3,41,,8,6,2,2,8,0,0,0,0.0,0.019607843137254832,-0.07147798856643484,0.019607843137254832,0.05327167461675708,0.019607843137254832,0.46,1,价格更新稀疏,,26,0,0
587,MP9 | Dry Season (Factory New),2600.0,55.0,1,4,4.0,0.0212,steamdt-live,769.5,2,695.0,2,,8,1,2,2,2,0,10,0,0.0028776978417266452,-0.0028694404591105283,-0.0028694404591105283,0.0,0.005722460658083017,0.0,0.46,4,回撤不明显,,25,0,0
588,AK-47 | Jungle Spray (Factory New),1197.0,720.0,4,5,1.25,0.6015,steamdt-live,999.0,6,1015.74,16,,20,1,2,2,0,0,0,0,0.0,0.0,0.0,0.0,0.0,0.0,0.45,0,价格更新稀疏,,25,0,0
589,AK-47 | Red Laminate (Factory New),3038.99,1610.0,6,6,1.0,0.5298,steamdt-live,4000.0,8,3293.94,5,,20,1,2,2,0,0,0,0,-0.0003256589659833553,-3.2905561040408315e-06,0.0,-0.0003289484504883644,0.0003289484504883644,0.0,0.44,0,价格更新稀疏,,25,0,0
590,AK-47 | Wild Lotus (Factory New),95666.0,106090.0,114,21,0.1842,1.109,steamdt-live,95999.5,111,98000.0,36,"溢价求购:买一高于卖一,多为定向收特定图案,买一价不可作退出价",14,0,7,2,2,0,0,0,-0.0011250468769532507,-0.002315201067912609,-0.004149549773849515,-0.0034376432351348463,0.007572928337275409,0.0,0.4,1,价格更新稀疏,买一异常溢价(不作为可成交退出价),25,0,0
591,Glock-18 | Night (Factory New),201.0,170.0,30,5,0.1667,0.8458,steamdt-live,220.0,24,213.75,40,,14,3,4,2,2,0,0,0,0.0,-0.002481389578163795,-0.004938271604938316,-0.002481389578163795,0.007407407407407418,0.004999999999999893,0.46,1,价格更新稀疏,,25,0,0
592,Five-SeveN | Candy Apple (Factory New),540.0,348.0,25,4,0.16,0.6444,steamdt-live,510.5,40,523.82,63,,8,1,2,2,2,0,10,0,0.0,-0.0029296875,-0.0029211295034079487,-0.0029296875,0.0058422590068160085,0.0,0.39,2,回撤不明显,,25,0,0
593,FAMAS | Cyanospatter (Factory New),41.9,38.9,328,30,0.0915,0.9284,steamdt-live,38.99,61,38.99,110,,7,6,9,2,0,0,0,0,0.05578120769022488,0.0,-0.02815789473684216,0.05578120769022488,0.0,0.29966666666666675,0.45,1,价格更新稀疏,,24,0,0
594,Tec-9 | Isaac (Factory New),118.95,110.0,244,21,0.0861,0.9248,steamdt-live,119.35,103,122.08,163,,7,6,7,2,2,0,0,0,-8.403361344544447e-05,-0.00033616270274805515,-0.008333333333333304,-0.00042016806722688926,0.008749999999999925,0.0,0.46,0,价格更新稀疏,,24,0,0
595,P250 | Undertow (Factory New),284.89,261.0,134,11,0.0821,0.9161,steamdt-live,283.0,92,285.6,121,,7,6,7,2,2,0,0,0,-0.0030228471001757518,-0.0022563813284444123,0.05370370370370381,-0.005272407732864637,0.010351098055672026,0.04814814814814805,0.46,1,价格更新稀疏,,24,0,0
596,AK-47 | First Class (Factory New),1983.44,1080.0,9,3,0.3333,0.5445,steamdt-live,1399.9,19,1379.9,18,,8,1,2,2,2,0,8,0,-0.003571683691692251,-0.010753459029321122,0.0,-0.014286734766769005,0.014286734766769005,0.0,0.46,5,可能加速下跌,,23,0,0
597,Galil AR | Shattered (Factory New),499.99,73.0,10,3,0.3,0.146,steamdt-live,399.0,4,398.0,3,,8,1,2,2,0,0,10,0,-0.0025062656641604564,0.0,0.002512562814070307,-0.0025062656641604564,0.0025062656641604564,0.0,0.28,2,回撤不明显,,23,0,0
598,Desert Eagle | Sunset Storm 壱 (Factory New),3078.99,3500.0,48,10,0.2083,1.1367,steamdt-live,3188.0,38,3265.12,48,"溢价求购:买一高于卖一,多为定向收特定图案,买一价不可作退出价",17,0,4,2,0,0,0,0,0.0,0.00039639089340659517,-0.0002338808961536154,0.00039639089340659517,0.0001623645473763924,0.00039639089340659517,0.33,1,价格更新稀疏,买一异常溢价(不作为可成交退出价),23,0,0
599,Glock-18 | Groundwater (Factory New),579.0,260.0,6,1,0.1667,0.4491,steamdt-live,666.0,7,578.5,3,,8,1,2,2,0,0,10,0,0.0,0.0008650519031141446,-0.0008643042350907626,0.0008650519031141446,0.0008635578583765513,0.0008650519031141446,0.36,2,回撤不明显,,23,0,0
600,P250 | Mehndi (Factory New),199.5,178.0,35,5,0.1429,0.8922,steamdt-live,197.5,41,203.99,62,,11,6,4,2,0,0,0,0,0.0,0.0015720878340685918,0.0005581489750354773,0.0015720878340685918,0.0,0.002945358521226904,0.27,1,价格更新稀疏,,23,0,0
601,★ Sport Gloves | Bronze Morph (Minimal Wear),800.0,940.0,180,25,0.1389,1.175,steamdt-live,797.4,114,805.5,101,"溢价求购:买一高于卖一,多为定向收特定图案,买一价不可作退出价",11,0,7,5,0,0,0,0,-0.0007518796992481702,0.0,-0.0006261740763932044,-0.0007518796992481702,0.0013775829680651164,0.003650094398992998,0.37,1,价格更新稀疏,买一异常溢价(不作为可成交退出价),23,0,0
602,P250 | Bengal Tiger (Factory New),340.0,183.0,25,3,0.12,0.5382,steamdt-live,317.2,20,304.5,23,,8,1,2,2,0,0,10,0,0.0,0.02628918099089983,-0.006695681285570854,0.02628918099089983,0.00032829940906109467,0.02628918099089983,0.46,4,回撤不明显,,23,0,0
603,Glock-18 | Pink DDPAT (Factory New),486.0,348.0,21,5,0.2381,0.716,steamdt-live,510.0,15,516.58,30,,17,1,2,2,0,0,0,0,0.0,-0.0010277492291880241,0.0,-0.0010277492291880241,0.0010277492291880241,0.0,0.38,1,价格更新稀疏,,22,0,0
604,Desert Eagle | Sunset Storm 弐 (Factory New),3099.0,3550.0,51,9,0.1765,1.1455,steamdt-live,3079.0,33,3132.0,51,"溢价求购:买一高于卖一,多为定向收特定图案,买一价不可作退出价",14,0,4,2,2,0,0,0,0.0,-0.00016236402013314333,-0.006292352371732868,-0.00016236402013314333,0.0064536947402388245,0.0,0.33,0,价格更新稀疏,买一异常溢价(不作为可成交退出价),22,0,0
605,Tec-9 | Rust Leaf (Factory New),85.0,79.0,119,5,0.042,0.9294,steamdt-live,112.48,28,86.72,43,,3,6,7,2,4,0,0,0,0.0,0.0,0.0,0.0,0.019381633594831693,0.0,0.19,0,价格更新稀疏,,22,0,0
606,Galil AR | Tornado (Factory New),157.37,110.0,32,6,0.1875,0.699,steamdt-live,169.5,20,166.96,20,,14,1,4,2,0,0,0,0,0.0,0.0,0.0,0.0,0.0,0.0,1.46,0,价格更新稀疏,,21,0,0
607,Five-SeveN | Neon Kimono (Factory New),3694.7,2750.0,31,5,0.1613,0.7443,steamdt-live,3200.0,26,3199.9,40,,14,1,4,2,0,0,0,0,3.125097659295584e-05,-3.124999999992717e-05,-3.124999999992717e-05,0.0,3.124999999992717e-05,0.0,0.46,0,价格更新稀疏,,21,0,0
608,AK-47 | Wasteland Rebel (Factory New),2351.9,2000.0,21,3,0.1429,0.8504,steamdt-live,2086.8,29,2218.62,28,,8,3,2,2,6,0,0,0,-0.00023954390839842077,0.0,-0.04602376599634361,-0.00023954390839842077,0.04625228519195601,0.0,0.46,0,价格更新稀疏,,21,0,0
609,AK-47 | Vulcan (Factory New),3624.0,5570.0,827,44,0.0532,1.537,steamdt-live,3600.0,705,3697.5,175,"溢价求购:买一高于卖一,多为定向收特定图案,买一价不可作退出价",3,0,12,2,4,0,0,0,0.00013798813302057233,-0.0066225165562914245,-0.00726027397260276,-0.006485442251966345,0.026369168356997985,0.0,0.45,1,价格更新稀疏,买一异常溢价(不作为可成交退出价),21,0,0
610,AK-47 | Gold Arabesque (Factory New),12998.0,14500.0,207,31,0.1498,1.1156,steamdt-live,13099.0,165,13099.5,66,"溢价求购:买一高于卖一,多为定向收特定图案,买一价不可作退出价",11,0,7,2,0,0,0,0,0.00873878166081865,-0.00015384615384617106,-0.008548678693695466,0.008583591079024622,0.00015384615384617106,0.009201451299702068,1.34,0,价格更新稀疏,买一异常溢价(不作为可成交退出价),20,0,0
611,AWP | Gungnir (Factory New),77399.5,91220.0,132,15,0.1136,1.1786,steamdt-live,78000.0,170,78499.5,35,"溢价求购:买一高于卖一,多为定向收特定图案,买一价不可作退出价",11,0,7,2,0,0,0,0,0.0,0.0,0.0013001461855910446,0.0,0.0,0.0013001461855910446,0.41,0,价格更新稀疏,买一异常溢价(不作为可成交退出价),20,0,0
612,Five-SeveN | Case Hardened (Factory New),244.44,2510.0,230,24,0.1043,10.2684,steamdt-live,242.9,152,254.0,95,"溢价求购:买一高于卖一,多为定向收特定图案,买一价不可作退出价",11,0,7,2,0,0,0,0,-0.00041135335252984184,-0.0004115226337448874,-0.0004111842105263275,-0.0008227067050595727,0.0012335526315788714,0.0,0.46,0,价格更新稀疏,买一异常溢价(不作为可成交退出价),20,0,0
613,Five-SeveN | Crimson Blossom (Factory New),576.5,492.0,16,4,0.25,0.8534,steamdt-live,544.9,27,584.9,19,,8,3,2,2,2,0,0,0,0.0,0.0,-0.006563354603464022,0.0,0.006563354603464022,0.0,0.39,0,价格更新稀疏,,17,0,0
614,Glock-18 | Synth Leaf (Factory New),2217.5,1940.0,21,4,0.1905,0.8749,steamdt-live,2471.38,24,2336.72,30,,8,3,2,2,2,0,0,0,-0.002466367713004458,-0.003146774556080034,-0.0049085229808121245,-0.005605381165919243,0.010486390004462276,0.0,1.46,0,价格更新稀疏,,17,0,0
615,USP-S | Business Class (Factory New),555.0,470.0,13,3,0.2308,0.8468,steamdt-live,527.12,15,560.41,30,,8,3,2,2,0,0,0,0,0.0,0.0,0.0,0.0,0.0,0.0,0.23,0,价格更新稀疏,,15,0,0
616,M4A4 | Tornado (Factory New),759.0,608.0,13,3,0.2308,0.8011,steamdt-live,738.0,20,755.26,17,,8,3,2,2,0,0,0,0,0.0,0.0,0.0,0.0,0.0,0.0,0.34,0,价格更新稀疏,,15,0,0
617,Tec-9 | Terrace (Factory New),794.1,642.0,15,3,0.2,0.8085,steamdt-live,719.9,14,737.8,28,,8,3,2,2,0,0,0,0,0.0,0.0,0.0,0.0,0.0001388888888889106,0.0,0.23,0,价格更新稀疏,,15,0,0
618,FAMAS | Prime Conspiracy (Factory New),509.9,426.0,25,3,0.12,0.8355,steamdt-live,507.4,26,519.3,37,,8,3,2,2,0,0,0,0,-0.0009842519685039353,-0.00019704433497536034,0.0,-0.0011811023622048111,0.0011811023622048111,0.0,1.46,1,价格更新稀疏,,15,0,0
619,MP9 | Dark Age (Factory New),500.4,401.0,29,3,0.1034,0.8014,steamdt-live,559.8,32,530.83,25,,8,3,2,2,0,0,0,0,0.0,0.0,0.0692307692307692,0.0,0.0,0.0692307692307692,0.28,0,价格更新稀疏,,15,0,0
620,P250 | Dark Filigree (Factory New),55.8,45.0,105,6,0.0571,0.8065,steamdt-live,56.78,69,55.0,107,,3,3,7,2,0,0,0,0,0.0,0.0,0.02059751345333094,0.0,0.0,0.02059751345333094,0.4,0,价格更新稀疏,,15,0,0
621,M4A4 | Modern Hunter (Factory New),4400.0,1300.0,1,4,4.0,0.2955,steamdt-live,4299.5,3,4025.88,9,,8,1,2,2,0,0,0,0,0.0,0.0,0.0,0.0,0.0,0.0,0.46,0,价格更新稀疏,,13,0,0
622,Tec-9 | Nuclear Threat (Factory New),4588.88,1100.0,1,1,1.0,0.2397,steamdt-live,0.0,0,4688.0,1,,8,1,2,2,0,0,0,0,0.0,0.0,0.0,0.0,0.0,0.0,0.23,0,价格更新稀疏,,13,0,0
623,Five-SeveN | Contractor (Factory New),240.0,36.0,3,3,1.0,0.15,steamdt-live,229.0,8,265.35,2,,8,1,2,2,0,0,0,0,0.0,0.0,0.0,0.0,0.0,0.0,0.39,0,价格更新稀疏,,13,0,0
624,P250 | Nuclear Threat (Factory New),12888.88,1040.0,3,3,1.0,0.0807,steamdt-live,21888.0,1,13168.0,1,,8,1,2,2,0,0,0,0,0.0,0.0,0.0,0.0,0.0,0.0,0.27,0,价格更新稀疏,,13,0,0
625,P250 | Bone Mask (Factory New),440.0,10.0,1,1,1.0,0.0227,steamdt-live,0.0,0,218.87,1,,8,1,2,2,0,0,0,0,0.0005164222268128071,0.0,-0.003396809058157646,0.0005164222268128071,0.0028821410190427166,0.0013438081455448003,0.27,1,价格更新稀疏,,13,0,0
626,AK-47 | Predator (Factory New),666.0,328.0,6,4,0.6667,0.4925,steamdt-live,1001.0,5,721.92,5,,8,1,2,2,0,0,0,0,0.0,0.0,0.0,0.0,0.0,0.0,0.46,0,价格更新稀疏,,13,0,0
627,MP9 | Bulldozer (Factory New),7499.5,4400.0,6,3,0.5,0.5867,steamdt-live,6799.0,5,7094.37,6,,8,1,2,2,0,0,0,0,0.0,0.0,0.0,0.0,0.0,0.0,0.36,0,价格更新稀疏,,13,0,0
628,M4A4 | Jungle Tiger (Factory New),666.0,375.0,6,3,0.5,0.5631,steamdt-live,519.5,10,552.34,7,,8,1,2,2,0,0,0,0,0.0,-0.0009615384615384581,0.0,-0.0009615384615384581,0.0009615384615384581,0.0,0.35,1,价格更新稀疏,,13,0,0
629,P250 | Splash (Factory New),408.7,283.0,7,3,0.4286,0.6924,steamdt-live,319.5,13,337.71,16,,8,1,2,2,0,0,0,0,0.0,0.0,0.0,0.0,0.0,0.0,0.46,0,价格更新稀疏,,13,0,0
630,P250 | Gunsmoke (Factory New),120.0,35.0,5,2,0.4,0.2917,steamdt-live,95.0,11,96.72,11,,8,1,2,2,0,0,0,0,0.0,0.0,0.0,0.0,0.0,0.0,0.46,0,价格更新稀疏,,13,0,0
631,M4A4 | Faded Zebra (Factory New),408.0,188.0,13,4,0.3077,0.4608,steamdt-live,520.0,10,432.78,13,,8,1,2,2,0,0,0,0,0.0,0.0,0.0,0.0,0.0,0.0,0.46,0,价格更新稀疏,,13,0,0
632,Five-SeveN | Jungle (Factory New),387.5,218.0,10,3,0.3,0.5626,steamdt-live,430.0,4,385.0,11,,8,1,2,2,0,0,0,0,0.0,-0.0012970168612191912,-0.002587322121604174,-0.0012970168612191912,0.0038809831824062613,0.0,0.46,1,价格更新稀疏,,13,0,0
633,M4A4 | Zirka (Factory New),574.88,452.0,11,3,0.2727,0.7863,steamdt-live,575.0,8,597.65,20,,8,1,2,2,0,0,0,0,0.0,0.0,0.0,0.0,0.0,0.0,0.35,0,价格更新稀疏,,13,0,0
634,AK-47 | Black Laminate (Factory New),1778.5,1370.0,12,3,0.25,0.7703,steamdt-live,1779.0,16,1886.63,16,,8,1,2,2,0,0,0,0,0.0,0.0,0.0,0.0,0.0,0.0,0.44,0,价格更新稀疏,,13,0,0
635,Five-SeveN | Nitro (Factory New),438.4,162.0,8,2,0.25,0.3695,steamdt-live,409.5,6,423.05,15,,8,1,2,2,0,0,0,0,0.0,0.0,0.0,0.0,0.0,0.0,0.39,0,价格更新稀疏,,13,0,0
636,P250 | Red Rock (Factory New),248.0,126.0,10,2,0.2,0.5081,steamdt-live,319.69,9,254.57,12,,8,1,2,2,0,0,0,0,0.0,0.0,0.0,0.0,0.0,0.0,0.46,0,价格更新稀疏,,13,0,0
637,Galil AR | Hunting Blind (Factory New),39.41,12.1,14,2,0.1429,0.307,steamdt-live,69.16,19,38.19,14,,8,1,2,2,0,0,0,0,0.0,0.0,0.0,0.0,0.0,0.0,0.28,0,价格更新稀疏,,13,0,0
638,USP-S | Overgrowth (Factory New),574.5,382.0,25,3,0.12,0.6649,steamdt-live,568.9,16,569.56,24,,8,1,2,2,0,0,0,0,0.0,-0.00017574692442889894,0.0,-0.00017574692442889894,0.00017574692442889894,0.0,0.46,0,价格更新稀疏,,13,0,0
639,M4A4 | Desert Storm (Factory New),488.0,343.0,17,2,0.1176,0.7029,steamdt-live,448.8,12,407.97,12,,8,1,2,2,0,0,0,0,0.01992499999999997,0.0,0.0,0.01992499999999997,0.0,0.01992499999999997,0.35,1,价格更新稀疏,,13,0,0
640,MP9 | Storm (Factory New),197.99,80.0,23,2,0.087,0.4041,steamdt-live,212.3,14,206.7,11,,7,1,2,2,0,0,0,0,0.0,0.0,0.0,0.0,0.0,0.0,0.28,0,价格更新稀疏,,12,0,0
641,Galil AR | Winter Forest (Factory New),4900.0,0.0,3,0,0.0,,steamdt-live,5100.0,2,3520.6,2,缺买一价,3,0,2,2,0,0,0,0,0.0,0.0,-0.0014181983208532145,0.0,0.0014181983208532145,0.0,0.28,0,悠悠盘口不足,,7,0,0
642,P250 | Modern Hunter (Factory New),3000.0,0.0,1,0,0.0,,steamdt-live,8000.0,2,2970.0,2,缺买一价,3,0,2,2,0,0,0,0,0.0,0.0,-0.001680672268907557,0.0,0.001680672268907557,0.0,0.44,0,悠悠盘口不足,,7,0,0
643,FAMAS | Contrast Spray (Factory New),0.0,368.0,0,2,,,steamdt-live,810.0,2,761.71,6,缺卖一价,0,0,0,2,0,0,0,0,0.00027594181569723375,0.0006174136934475882,-0.0008664942430648415,0.0008935258794002809,0.000236254577432371,0.0023027527764618583,1.46,1,悠悠盘口不足,,2,0,0
