排名,marketHashName,youpin_sell,youpin_buy,youpin_sell_count,youpin_buy_count,挂买/挂卖,买一/卖一,数据来源,buff_sell,buff_sell_count,c5_sell,c5_sell_count,备注,盘口深度分,盘口紧密度分,流动性分,品质分,回撤位置分,跌速减弱分,低点企稳分,下行跌幅收敛分,前12h涨跌,近12h涨跌,前24h涨跌,近24h涨跌,48h回撤,距48h低点,5日回撤,5日涨跌,30日涨跌,K线时效(小时),24h变价次数,信号状态,报价风险,V2.6总分,建议资金,实际获批
1,★ Hand Wraps | Badlands (Minimal Wear),2645.0,2550.0,149,30,0.2013,0.9641,steamdt-live,2878.38,19,2739.45,56,,17,12,7,5,10,17,6,5,-0.007148231753197898,0.002273588480484978,-0.015373217262455996,-0.004890895410082807,0.020370370370370372,0.0024635209399279656,0.10338983050847461,-0.09665300546448086,-0.2063015753938484,0.98,4,减速明显,,79,25000,25000
2,★ Driver Gloves | Brocade Crane (Field-Tested),1040.0,1500.0,81,41,0.5062,1.4423,steamdt-live,1025.0,80,1088.0,55,"溢价求购:买一高于卖一,多为定向收特定图案,买一价不可作退出价",20,0,4,5,6,18,6,5,-0.009241982507288582,0.005404663115871733,-0.016252390057361343,-0.0038872691933916625,0.020076481835564097,0.014851485148514865,0.03647302124459484,-0.03301886792452835,-0.08847566452347289,1.17,3,减速明显,买一异常溢价(不作为可成交退出价),64,0,0
3,★ Moto Gloves | Blood Pressure (Minimal Wear),1176.0,1800.0,126,30,0.2381,1.5306,steamdt-live,1217.0,86,1190.0,81,"溢价求购:买一高于卖一,多为定向收特定图案,买一价不可作退出价",17,0,7,5,8,20,6,0,-0.014443500424808797,0.01379310344827589,-0.019166666666666665,-0.000849617672047609,0.019182652210175122,0.01379310344827589,0.060702875399361034,-0.05920000000000003,-0.1590990346800143,0.16,6,减速明显,买一异常溢价(不作为可成交退出价),63,0,0
4,P250 | Epicenter (Factory New),115.9,108.0,178,11,0.0618,0.9318,steamdt-live,127.0,69,122.96,91,,7,9,7,2,10,17,6,5,-0.017033898305084838,-0.0007759289593929353,-0.06192861117735915,-0.017796610169491522,0.07862310199538913,0.0,0.09735202492211836,-0.07642043190692482,-0.24248366013071887,1.17,3,减速明显,,63,10000,10000
5,Glock-18 | Fully Tuned (Factory New),1066.0,2210.0,55,36,0.6545,2.0732,steamdt-live,1041.99,53,1120.0,19,"溢价求购:买一高于卖一,多为定向收特定图案,买一价不可作退出价",20,0,4,2,4,20,6,5,-0.005134357005758039,0.005151208218781678,-0.016052880075542952,-9.596928982724684e-06,0.0160623229461756,0.012742010730114162,0.01652666352052856,-0.01652666352052856,-0.00526014319809065,0.91,2,减速明显,买一异常溢价(不作为可成交退出价),61,0,0
6,FAMAS | Afterimage (Factory New),259.48,241.0,85,10,0.1176,0.9288,steamdt-live,287.89,38,260.86,57,,11,6,4,2,10,15,6,5,-0.012908614601921053,-0.0019616139082272444,-0.04218335212189539,-0.014844906792209178,0.056402050983672125,0.0,0.08259086409277316,-0.08161676222835701,-0.25862857142857143,0.86,2,减速明显,,59,0,0
7,★ Specialist Gloves | Field Agent (Field-Tested),734.47,1080.0,709,35,0.0494,1.4704,steamdt-live,763.5,565,758.5,185,"溢价求购:买一高于卖一,多为定向收特定图案,买一价不可作退出价",3,0,12,5,4,20,6,0,-0.006802721088435382,0.006821917808219169,-0.012096774193548376,-2.7210884353756626e-05,0.01212365591397846,0.02080555555555552,0.022619981648692167,-0.022619981648692167,-0.0954092307692308,0.17,14,减速明显,买一异常溢价(不作为可成交退出价),50,0,0
8,AK-47 | Jet Set (Factory New),5398.91,4090.0,12,4,0.3333,0.7576,steamdt-live,5480.91,8,5793.41,11,,8,1,2,2,8,16,6,0,-0.018185422201854595,0.0,-0.051652090831797004,-0.018185422201854595,0.06889819795426677,0.0,0.07480194193724177,-0.07480194193724177,-0.28014533333333336,1.17,2,减速明显,,43,0,0
9,★ Sport Gloves | Arid (Minimal Wear),6965.5,7270.0,175,37,0.2114,1.0437,steamdt-live,7700.0,41,7144.0,45,,17,15,7,5,8,16,4,5,-0.01273611906124783,0.009639078127264833,-0.008020441479168139,-0.003219805380652585,0.01121442259919081,0.011251451800232237,0.07108088284323533,-0.07108088284323533,-0.22939484456245163,0.17,5,左侧观察,,77,25000,25000
10,AWP | Printstream (Factory New),1017.3,990.0,445,145,0.3258,0.9732,steamdt-live,1029.5,344,1088.38,176,,20,12,9,2,8,7,6,5,-0.002928257686676372,-0.004601076847772889,-0.028449502133712667,-0.0075158613958028475,0.03529411764705892,0.0,0.05413953488372092,-0.05457926545792657,-0.1305686190679778,0.21,5,左侧观察,,69,10000,10000
11,★ Bloodhound Gloves | Charred (Field-Tested),1422.0,1370.0,241,44,0.1826,0.9634,steamdt-live,1555.0,23,1439.22,65,,14,12,7,5,8,10,6,5,0.007187102065482565,0.015728796125658917,-0.02113380281690136,0.023028942654263584,0.014832930352429385,0.0304347826086957,0.07930773264961255,-0.07930773264961255,-0.1874285714285714,1.17,7,左侧观察,,67,10000,10000
12,M4A4 | X-Ray (Factory New),809.9,797.0,945,57,0.0603,0.9841,steamdt-live,847.7,255,819.4,241,,7,12,15,2,10,10,6,5,0.005095541401273884,0.026489226869454985,-0.03666797565285684,0.03171974522292986,0.011593849157920388,0.03833333333333333,0.08743661971830985,-0.08945776698483376,-0.269702434625789,0.57,14,左侧观察,,67,10000,10000
13,★ Moto Gloves | Eclipse (Field-Tested),3149.5,3070.0,302,67,0.2219,0.9748,steamdt-live,3299.0,21,3202.53,69,,17,12,9,5,8,10,0,5,0.054635761589403975,-0.011145996860282614,-0.025492094223943162,0.04288079470198669,0.015319681100515847,0.10508771929824556,0.07367647058823534,-0.07367647058823534,-0.2298569507274728,0.17,10,左侧观察,,66,10000,10000
14,★ Hand Wraps | Slaughter (Field-Tested),3019.5,2960.0,275,51,0.1855,0.9803,steamdt-live,3197.5,44,3043.56,89,,14,12,9,5,8,10,3,5,-0.0006858377958974815,0.046620450606585706,-0.011308219178082224,0.045902638743600566,0.019451841267779435,0.06696113074204946,0.06280843984530682,-0.05611128477649263,-0.2613747553816047,0.17,10,左侧观察,,66,10000,10000
15,★ Driver Gloves | Crimson Weave (Field-Tested),6827.5,6630.0,239,55,0.2301,0.9711,steamdt-live,7307.98,24,7068.08,60,,17,12,7,5,6,10,3,5,0.020000000000000018,0.02978883861236792,-0.057902746575838826,0.05038461538461547,0.010435538807159972,0.06679854187272172,0.0384303916556461,-0.014790764790764799,-0.26586021505376345,0.17,9,左侧观察,,65,10000,10000
16,M4A4 | Dark Operative (Factory New),39.37,38.0,100,21,0.21,0.9652,steamdt-live,39.4,79,39.8,90,,17,12,7,2,6,10,6,5,0.008974358974358942,0.0005082592121981033,-0.017632241813602123,0.009487179487179365,0.010555415933651724,0.036052631578947336,0.032202556538839744,-0.021863354037267135,-0.14394433572515775,1.06,2,左侧观察,,65,10000,10000
17,Five-SeveN | Fairy Tale (Factory New),1799.5,1720.0,187,46,0.246,0.9558,steamdt-live,1949.0,44,1807.35,61,,17,9,7,2,8,10,6,5,0.029842012873025237,0.022443181818181834,-0.06268339101294906,0.05295494441193682,0.013047842087654749,0.05295494441193682,0.07194430118617845,-0.06519480519480525,-0.08094994892747698,1.17,15,左侧观察,,64,10000,10000
18,★ Driver Gloves | Diamondback (Minimal Wear),2726.5,2580.0,178,27,0.1517,0.9463,steamdt-live,2865.0,24,2827.28,42,,14,9,7,5,8,10,6,5,0.003422053231939115,0.03315649867374004,-0.050370102906661884,0.03669201520912546,0.015526268279472788,0.056782945736434165,0.056084472909814775,-0.053298611111111116,-0.2793709528214616,0.17,4,左侧观察,,64,10000,10000
19,M4A4 | 龍王 (Dragon King) (Factory New),334.5,328.0,797,53,0.0665,0.9806,steamdt-live,346.3,200,355.95,197,,7,12,12,2,10,10,6,5,0.0,0.0075301204819278045,-0.0292397660818714,0.0075301204819278045,0.02478134110787167,0.013636363636363669,0.10198931514940002,-0.10198931514940002,-0.20546318289786225,0.16,11,左侧观察,,64,10000,10000
20,M4A1-S | Fatal Glitch (Factory New),587.5,576.0,36,18,0.5,0.9804,steamdt-live,594.0,40,600.38,74,,20,12,4,2,4,10,6,5,0.0034129692832765013,-0.0008503401360544505,-0.014297729184188368,0.0025597269624573205,0.012605042016806678,0.0059931506849315586,0.02083333333333337,-0.02083333333333337,-0.13602941176470584,1.07,3,左侧观察,,63,10000,10000
21,USP-S | Spiral Glitch (Factory New),493.87,467.0,39,22,0.5641,0.9456,steamdt-live,499.99,53,495.0,70,,20,9,4,2,6,10,6,5,0.008938775510204167,-0.0018002346373234834,-0.019803960792158404,0.0071224489795918,0.012822564512902535,0.007143002918426955,0.03199293840721851,-0.03199293840721851,-0.13422807017543859,0.1,4,左侧观察,,62,10000,10000
22,P250 | Lotus Imprint (Factory New),81.0,78.0,72,17,0.2361,0.963,steamdt-live,80.0,83,80.0,79,,17,12,4,2,6,10,6,5,0.01251564455569465,-0.011124845488257207,-0.02310795940824062,0.0012515644555692873,0.021885316053307347,0.0012515644555692873,0.03614457831325302,-0.033816425120772875,-0.08045977011494254,1.17,5,左侧观察,,62,10000,10000
23,AWP | Chrome Cannon (Factory New),433.99,430.0,352,38,0.108,0.9908,steamdt-live,445.29,321,449.0,144,,11,15,9,2,4,10,6,5,0.003437139561706992,-0.0022989034230671557,-0.019230769230769273,0.00113033448673594,0.017010192525481305,0.004606481481481461,0.02692825112107622,-0.013659090909090899,-0.0646565658742645,0.34,8,左侧观察,,62,10000,10000
24,Glock-18 | Shinobu (Factory New),113.0,109.0,956,58,0.0607,0.9646,steamdt-live,109.0,368,117.82,187,,7,12,15,2,10,7,4,5,0.03662434925563973,-0.04405286343612336,-0.031061946902654958,-0.009041921636679051,0.08823529411764708,0.0,0.08823529411764708,-0.08800537950743881,-0.24178895877009077,1.17,11,左侧观察,,62,10000,10000
25,M4A4 | Bullet Rain (Factory New),1414.5,1390.0,302,45,0.149,0.9827,steamdt-live,1400.0,69,1423.79,151,,11,12,9,2,8,10,6,3,0.014285714285714235,-0.014084507042253502,-0.024920252406357535,0.0,0.024920252406357535,0.0,0.07223326706428101,-0.06666666666666665,-0.2178770949720671,0.15,8,左侧观察,,61,10000,10000
26,★ Driver Gloves | Diamondback (Field-Tested),2579.0,2490.0,303,45,0.1485,0.9655,steamdt-live,2759.0,22,2650.0,49,,11,12,9,5,8,10,6,0,0.011868839267753062,0.02544731610337969,-0.013494741020043666,0.03761818547575935,0.015273004963726633,0.05265306122448976,0.07469530243722178,-0.07469530243722178,-0.28756906077348066,0.16,11,左侧观察,,61,10000,10000
27,★ Bloodhound Gloves | Guerrilla (Field-Tested),1055.88,1040.0,207,36,0.1739,0.985,steamdt-live,1294.5,24,1096.34,71,,14,12,7,5,10,6,6,0,0.0014151960187067658,-0.011810949929808023,-0.025579908675799068,-0.01041246872041901,0.03572602739726016,0.007519083969465656,0.10137872340425524,-0.10099616858237537,-0.26674999999999993,0.17,12,左侧观察,,60,10000,10000
28,M4A1-S | Vaporwave (Factory New),922.0,895.0,537,44,0.0819,0.9707,steamdt-live,935.0,227,934.2,161,,7,12,12,2,6,10,6,5,0.016929016929016827,-0.0026825891311872407,-0.030614203454894406,0.014201014201014273,0.017371842694234196,0.014201014201014273,0.03706566126016986,-0.03706566126016986,-0.1701170117011701,0.16,10,左侧观察,,60,10000,10000
29,AWP | Green Energy (Factory New),183.49,178.0,750,33,0.044,0.9701,steamdt-live,183.55,362,191.09,577,,3,12,12,2,10,10,6,5,0.006406685236768794,0.013285358427899352,-0.050264550264550234,0.01977715877437336,0.02891246684350124,0.05809248554913293,0.08015075376884417,-0.07550505050505041,-0.2797843877872206,0.25,10,左侧观察,,60,10000,10000
30,Desert Eagle | Ocean Drive (Factory New),1495.0,1450.0,233,30,0.1288,0.9699,steamdt-live,1549.49,53,1507.86,79,,11,12,7,2,10,8,6,3,-0.0043290043290042934,0.0,-0.028783958602846105,-0.0043290043290042934,0.03298835705045278,0.02397961629874179,0.08282208588957052,-0.08282208588957052,-0.22135416666666663,1.17,5,左侧观察,,59,0,0
31,Glock-18 | Twilight Galaxy (Factory New),2998.5,2900.0,311,25,0.0804,0.9672,steamdt-live,2945.0,86,3047.5,121,,7,12,9,2,8,10,6,5,0.020381211708645264,-0.01763913165303488,-0.023595879029577937,0.0023825731790334537,0.030293052354297023,0.01586754053121764,0.05825695994474245,-0.05825695994474245,-0.20178886027917065,0.17,10,左侧观察,,59,0,0
32,Desert Eagle | Mulberry (Factory New),79.9,78.0,1024,34,0.0332,0.9762,steamdt-live,80.5,549,81.5,230,,3,12,15,2,6,10,6,5,0.0,0.0,-0.013580246913580174,0.0,0.018668631785801915,0.012674271229404344,0.03723340161465227,-0.03033980582524276,-0.11360106500998446,1.17,11,左侧观察,,59,0,0
33,M4A4 | Full Throttle (Factory New),1079.5,1020.0,258,28,0.1085,0.9449,steamdt-live,1094.5,147,1130.0,115,,11,9,9,2,10,8,4,5,0.005496323529411873,-0.013236073785626856,-0.032888888888888856,-0.0078125,0.04286917586558492,0.0,0.09285714285714286,-0.09285714285714286,-0.20037037037037042,1.17,5,左侧观察,,58,0,0
34,USP-S | Stainless (Factory New),259.0,246.0,320,28,0.0875,0.9498,steamdt-live,280.0,229,272.0,109,,7,9,9,2,10,10,6,5,0.015625,-0.0038461538461538325,-0.028462998102466774,0.01171875,0.017077798861480087,0.01171875,0.09756097560975607,-0.09756097560975607,-0.2724719101123596,0.17,6,左侧观察,,58,0,0
35,Desert Eagle | Cobalt Disruption (Factory New),587.13,577.0,604,32,0.053,0.9827,steamdt-live,618.0,285,602.99,222,,3,12,12,2,8,10,6,5,-0.004444444444444473,0.008121565934065877,-0.01759924766574872,0.0036410256410255304,0.013226890756302567,0.01072473747632996,0.05757624398073835,-0.05757624398073835,-0.2586742424242424,0.66,11,左侧观察,,58,0,0
36,AK-47 | Inheritance (Factory New),666.5,661.0,827,44,0.0532,0.9917,steamdt-live,669.5,712,687.87,253,,3,15,12,2,8,8,4,5,-0.0037202380952381375,-0.004480955937266606,-0.035175879396984966,-0.008184523809523836,0.04169662113587347,0.0022556390977443996,0.05861581920903958,-0.05728429985855732,-0.1493190723557416,0.34,14,左侧观察,,57,0,0
37,AWP | Neo-Noir (Factory New),318.88,310.0,1004,38,0.0378,0.9722,steamdt-live,312.5,612,324.7,254,,3,12,15,2,6,10,6,3,-0.0013141025641026927,0.002920504509130728,-0.018867924528301883,0.0016025641025640969,0.01729559748427678,0.008064516129032251,0.03250773993808054,-0.027993779160186638,-0.06437125748502992,1.17,11,左侧观察,,57,0,0
38,Glock-18 | Ghost Protocol (Factory New),3198.99,2700.0,6,20,3.3333,0.844,steamdt-live,3299.99,11,3266.0,14,,20,3,2,2,8,10,6,5,0.01302000635122269,0.0028181818181818308,-0.030927835051546393,0.015874880914575895,0.01554392983535935,0.015874880914575895,0.05341322680869953,-0.05074480712166174,-0.08860683760683763,0.36,4,左侧观察,,56,0,0
39,AK-47 | Point Disarray (Factory New),379.0,370.0,1045,49,0.0469,0.9763,steamdt-live,392.49,347,389.08,266,,3,12,15,2,8,10,6,0,0.03661820140010774,-0.01558441558441559,-0.022631578947368447,0.020463112547119078,0.023195876288659822,0.027100271002709952,0.07334963325183375,-0.06419753086419755,-0.2200041160732661,0.37,12,左侧观察,,56,0,0
40,M4A4 | Evil Daimyo (Factory New),49.8,49.0,1801,34,0.0189,0.9839,steamdt-live,50.55,1003,51.88,719,,3,12,15,2,8,10,6,0,-0.04518664047151266,0.024691358024691246,-0.011650485436893177,-0.02161100196463661,0.03300970873786413,0.03749999999999987,0.07777777777777783,-0.07777777777777783,-0.2664604507291207,1.05,14,左侧观察,,56,0,0
41,AWP | Sovereign Flame (Factory New),2898.0,2810.0,22,31,1.4091,0.9696,steamdt-live,2950.0,18,2919.99,50,,20,12,2,2,6,7,6,0,-0.0075162282200205155,-0.002409638554216831,-0.00762841159518568,-0.009907755380936134,0.017293997965411978,0.0010362694300518616,0.049836065573770516,-0.02358490566037741,-0.09278737791134484,1.01,5,左侧观察,,55,0,0
42,★ Sport Gloves | Frosty (Field-Tested),1077.5,1730.0,181,46,0.2541,1.6056,steamdt-live,1108.5,190,1091.0,104,"溢价求购:买一高于卖一,多为定向收特定图案,买一价不可作退出价",17,0,7,5,6,9,6,5,-0.0004629629629629983,-0.0018527095877721722,-0.03269144648454991,-0.0023148148148147696,0.03579418344519014,0.01650943396226423,0.04476950354609932,-0.04519273371732391,-0.13661858974358976,0.92,2,左侧观察,买一异常溢价(不作为可成交退出价),55,0,0
43,★ Hand Wraps | Arboreal (Minimal Wear),418.0,456.0,119,24,0.2017,1.0909,steamdt-live,427.0,95,443.0,106,"溢价求购:买一高于卖一,多为定向收特定图案,买一价不可作退出价",17,0,7,5,8,7,6,5,-0.00591715976331364,-0.004761904761904745,-0.02085747392815762,-0.010650887573964485,0.03128621089223638,0.0,0.06067415730337078,-0.05834647443117813,-0.16381603952869628,0.17,9,左侧观察,买一异常溢价(不作为可成交退出价),55,0,0
44,USP-S | Overgrowth (Factory New),481.0,438.0,26,5,0.1923,0.9106,steamdt-live,568.0,17,491.12,36,,14,6,2,2,10,10,6,5,0.021074815595363505,-0.007223942208462342,-0.04238143289606455,0.013698630136986356,0.027300303336703746,0.024494142705005384,0.1485218622765091,-0.1485218622765091,-0.15017667844522964,0.8,9,左侧观察,,55,0,0
45,AWP | Elite Build (Factory New),397.5,383.0,369,26,0.0705,0.9635,steamdt-live,399.5,79,407.42,130,,7,12,9,2,8,8,4,5,0.0,-0.005012531328320802,-0.026164209704188313,-0.005012531328320802,0.031045592111686116,0.0,0.07674418604651168,-0.07674418604651168,-0.29609929078014185,1.17,7,左侧观察,,55,0,0
46,Glock-18 | Vogue (Factory New),69.69,66.0,872,40,0.0459,0.9471,steamdt-live,68.09,318,70.95,616,,3,9,12,2,8,10,6,5,-0.0014929829799941174,0.018092105263157965,-0.027866473149492088,0.01657211107793377,0.013188405797101455,0.03166666666666673,0.07335329341317365,-0.054305555555555496,-0.2157337019120017,1.05,7,左侧观察,,55,0,0
47,★ Specialist Gloves | Sunburst (Minimal Wear),2145.0,2540.0,59,21,0.3559,1.1841,steamdt-live,2150.0,50,2142.0,29,"溢价求购:买一高于卖一,多为定向收特定图案,买一价不可作退出价",20,0,4,5,4,10,6,5,0.02833333333333332,-0.009029868025005827,-0.0389016018306636,0.01904761904761898,0.02059048325163948,0.01904761904761898,0.022161297692483428,-0.02037079423208976,-0.04712713283225878,0.02,6,左侧观察,买一异常溢价(不作为可成交退出价),54,0,0
48,★ Sport Gloves | Superconductor (Minimal Wear),16777.0,30240.0,175,40,0.2286,1.8025,steamdt-live,16999.0,142,16800.0,43,"溢价求购:买一高于卖一,多为定向收特定图案,买一价不可作退出价",17,0,7,5,6,10,4,5,0.012090909090909152,0.004640857510703977,-0.035031288379437364,0.016787878787878796,0.013117647058823567,0.016818691475499303,0.03023121387283234,-0.029108796296296258,-0.13911124794745489,0.15,7,左侧观察,买一异常溢价(不作为可成交退出价),54,0,0
49,Desert Eagle | Kumicho Dragon (Factory New),410.0,397.0,495,44,0.0889,0.9683,steamdt-live,400.0,120,442.99,135,,7,12,9,2,10,10,4,0,0.0012531328320801727,0.0012515644555695093,-0.020858895705521463,0.0025062656641603454,0.038461538461538436,0.012658227848101333,0.09297052154195007,-0.09297052154195007,-0.2727272727272727,1.17,12,左侧观察,,54,0,0
50,★ Sport Gloves | Creme Pinstripe (Minimal Wear),1045.0,1170.0,43,26,0.6047,1.1196,steamdt-live,1050.0,39,1070.0,42,"溢价求购:买一高于卖一,多为定向收特定图案,买一价不可作退出价",20,0,4,5,6,9,4,5,-0.0004777830864787225,-0.0009560229445506607,-0.017370892018779394,-0.0014333492594361674,0.018779342723004744,0.04499999999999993,0.045226130653266305,-0.009478672985781977,-0.07921402766763597,0.64,4,左侧观察,买一异常溢价(不作为可成交退出价),53,0,0
51,★ Specialist Gloves | Blackbook (Minimal Wear),3175.0,4200.0,47,25,0.5319,1.3228,steamdt-live,3298.5,60,3192.8,36,"溢价求购:买一高于卖一,多为定向收特定图案,买一价不可作退出价",20,0,4,5,4,9,6,5,-0.0003145643284051536,-0.0009439899307740474,-0.021695645483920556,-0.0012582573136206143,0.02292660409293734,0.007936507936507908,0.02292660409293734,0.008256589393458302,-0.06314270623401064,1.17,2,左侧观察,买一异常溢价(不作为可成交退出价),53,0,0
52,★ Moto Gloves | Finish Line (Minimal Wear),948.0,1290.0,207,34,0.1643,1.3608,steamdt-live,968.0,145,966.49,88,"溢价求购:买一高于卖一,多为定向收特定图案,买一价不可作退出价",14,0,7,5,6,10,6,5,-0.0005271481286240887,0.0,-0.016078838174273913,-0.0005271481286240887,0.016597510373444035,0.001055966209081216,0.04096146647917531,-0.04097116843702575,-0.11977715877437323,0.16,3,左侧观察,买一异常溢价(不作为可成交退出价),53,0,0
53,USP-S | Cortex (Factory New),168.4,165.0,466,54,0.1159,0.9798,steamdt-live,165.0,155,172.68,233,,11,12,9,2,4,10,0,5,0.14297308264574582,-0.023668639053254448,-0.020794701986754927,0.1159204653050181,0.02884049440847558,0.11970684039087942,0.02884049440847558,-0.023610864548198163,-0.28260869565217395,0.08,9,左侧观察,,53,0,0
54,Galil AR | Phoenix Blacklight (Factory New),900.0,850.0,447,40,0.0895,0.9444,steamdt-live,939.0,142,918.62,137,,7,9,9,2,8,10,3,5,-0.0005861664712778492,0.055718475073313734,-0.06775956284153006,0.055099648300117154,0.017928265115720765,0.06888361045130642,0.07168643630737492,-0.07168643630737492,-0.28486293206197855,0.17,12,左侧观察,,53,0,0
55,Glock-18 | Dragon Tattoo (Factory New),512.3,498.0,352,18,0.0511,0.9721,steamdt-live,535.8,253,534.4,213,,3,12,9,2,6,10,6,5,0.009645669291338477,-0.0011698186781049502,-0.021194605009633882,0.008464566929133666,0.01290944123314075,0.008464566929133666,0.04865366759517187,-0.04865366759517187,-0.19378698224852087,0.17,11,左侧观察,,53,0,0
56,FAMAS | Rapid Eye Movement (Factory New),89.29,85.0,362,16,0.0442,0.952,steamdt-live,92.05,171,91.01,162,,3,9,9,2,10,11,4,5,-0.00950801547816471,-0.003348588012054843,-0.024271844660194164,-0.012824765063570998,0.03678532901833864,0.004386951631046188,0.13310679611650478,-0.1288780487804877,-0.24375370542898267,1.17,10,左侧观察,,53,0,0
57,MP9 | Arctic Tri-Tone (Factory New),31.4,29.1,2137,30,0.014,0.9268,steamdt-live,33.47,888,32.0,1357,,3,6,15,2,8,10,4,5,-0.006309148264984188,-0.0031746031746032743,-0.018575851393188736,-0.009463722397476393,0.02786377708978327,0.012903225806451646,0.06240668856375042,-0.05903506143242432,-0.2074709742554265,0.17,12,左侧观察,,53,0,0
58,★ Driver Gloves | Brocade Flowers (Field-Tested),815.88,1570.0,83,35,0.4217,1.9243,steamdt-live,797.0,89,855.5,112,"溢价求购:买一高于卖一,多为定向收特定图案,买一价不可作退出价",20,0,4,5,4,8,6,5,-0.001250781738586615,-0.0018785222291797243,-0.012962962962962954,-0.0031269543464665928,0.016049382716049387,0.0,0.020884520884520863,0.009627565239422431,-0.19003241902864865,1.17,6,左侧观察,买一异常溢价(不作为可成交退出价),52,0,0
59,M4A4 | Cyber Security (Factory New),838.9,819.0,429,30,0.0699,0.9763,steamdt-live,888.0,63,884.99,129,,7,12,9,2,10,5,2,5,-0.0005892751915144157,-0.010731132075471717,-0.024151811385853983,-0.011314083677077202,0.035192639447958585,0.00467065868263461,0.08516902944383864,-0.08516902944383864,-0.2442342342342343,1.17,4,左侧观察,,52,0,0
60,Glock-18 | Mirror Mosaic (Factory New),144.5,137.0,377,24,0.0637,0.9481,steamdt-live,149.49,222,149.8,166,,7,9,9,2,8,10,2,5,0.0,0.013655172413792993,-0.033333333333333326,0.013655172413792993,0.016856187290969937,0.031438596491228044,0.05168075359700641,-0.03302631578947379,-0.10378048780487814,0.16,7,左侧观察,,52,0,0
61,AWP | Crakow! (Factory New),481.5,462.0,773,40,0.0517,0.9595,steamdt-live,471.98,391,492.56,228,,3,9,12,2,8,8,4,5,0.0,-0.006357894736842118,-0.03455284552845528,-0.006357894736842118,0.04069105691056907,0.005282215122470735,0.07273084479371317,-0.07273084479371317,-0.21205342237061764,0.59,9,左侧观察,,51,0,0
62,MP9 | Wild Lily (Factory New),15286.0,16130.0,31,9,0.2903,1.0552,steamdt-live,15295.0,28,15861.81,27,"溢价求购:买一高于卖一,多为定向收特定图案,买一价不可作退出价",17,0,4,2,6,10,6,5,-0.01984037949934292,-0.000261608894702392,-0.012689873417721542,-0.02009679797429409,0.04458857493941948,0.01933849026407053,0.044625000000000026,-0.044625000000000026,-0.07340728617324366,1.17,2,左侧观察,买一异常溢价(不作为可成交退出价),50,0,0
63,★ Specialist Gloves | Marble Fade (Field-Tested),823.0,1290.0,385,46,0.1195,1.5674,steamdt-live,826.5,324,852.17,125,"溢价求购:买一高于卖一,多为定向收特定图案,买一价不可作退出价",11,0,9,5,4,10,6,5,0.0030610129391821506,0.0006079027355623268,-0.02089577188981362,0.00367077647288383,0.017301699124765646,0.00367077647288383,0.019070321811680557,-0.019070321811680557,-0.07005649717514129,0.17,7,左侧观察,买一异常溢价(不作为可成交退出价),50,0,0
64,★ Sport Gloves | Bronze Morph (Field-Tested),429.5,504.0,326,34,0.1043,1.1735,steamdt-live,435.88,229,449.5,160,"溢价求购:买一高于卖一,多为定向收特定图案,买一价不可作退出价",11,0,9,5,6,10,6,3,0.04337631887456039,-0.03483146067415732,-0.03705041656318442,0.00703399765533419,0.04127324270631039,0.016568047337278013,0.04127324270631039,-0.021640091116173155,-0.1553588987217306,0.17,13,左侧观察,买一异常溢价(不作为可成交退出价),50,0,0
65,★ Specialist Gloves | Crimson Web (Minimal Wear),1768.5,3570.0,291,32,0.11,2.0187,steamdt-live,1790.0,217,1800.0,70,"溢价求购:买一高于卖一,多为定向收特定图案,买一价不可作退出价",11,0,9,5,6,9,4,5,-0.0002825656965244061,-0.00028264556246471173,-0.010850182513374107,-0.0005651313930489232,0.010850718720286423,0.05267857142857135,0.03228454172366624,-0.03228454172366624,-0.10205635948210201,0.16,2,左侧观察,买一异常溢价(不作为可成交退出价),49,0,0
66,AK-47 | Breakthrough (Factory New),49.99,48.0,422,26,0.0616,0.9602,steamdt-live,48.7,395,52.0,303,,7,12,9,2,10,4,0,5,0.016800000000000148,-0.042289535798583855,-0.05731523378582204,-0.0262,0.08649155722326451,0.0,0.16925439344821702,-0.17052810902896087,-0.2611532625189682,0.25,13,左侧观察,,49,0,0
67,★ Hand Wraps | Constrictor (Field-Tested),254.5,293.0,455,24,0.0527,1.1513,steamdt-live,265.0,320,254.14,175,"溢价求购:买一高于卖一,多为定向收特定图案,买一价不可作退出价",3,0,9,5,6,17,4,5,-0.007827788649706457,0.002524654832346984,-0.016853932584269593,-0.005322896281800493,0.0336882129277567,0.008492063492063329,0.0336882129277567,-0.008814352574102902,-0.11726293852031955,0.17,10,左侧观察,买一异常溢价(不作为可成交退出价),49,0,0
68,P250 | Vino Primo (Factory New),109.9,101.0,391,16,0.0409,0.919,steamdt-live,113.24,119,119.79,83,,3,6,9,2,10,10,6,3,-0.0010477188303648077,0.047864225781846015,-0.06841171251109146,0.04676635870082868,0.024844720496894346,0.047864225781846015,0.10490307867730897,-0.03849518810148722,-0.21723646723646728,0.17,9,左侧观察,,49,0,0
69,★ Specialist Gloves | Marble Fade (Minimal Wear),2218.5,3590.0,221,27,0.1222,1.6182,steamdt-live,2289.0,173,2287.0,77,"溢价求购:买一高于卖一,多为定向收特定图案,买一价不可作退出价",11,0,7,5,6,8,6,5,0.0,-0.0044873233116445865,-0.025366280341132752,-0.0044873233116445865,0.029102844638949632,0.0,0.049078439777111016,-0.0354347826086957,-0.07156308851224102,0.16,4,左侧观察,买一异常溢价(不作为可成交退出价),48,0,0
70,★ Hand Wraps | Arboreal (Field-Tested),239.5,271.0,350,33,0.0943,1.1315,steamdt-live,245.0,323,239.1,169,"溢价求购:买一高于卖一,多为定向收特定图案,买一价不可作退出价",7,0,9,5,6,10,6,5,0.013894736842105404,-0.007059800664451887,-0.02862985685071573,0.006736842105263152,0.0315917375455651,0.009329224534594172,0.0315917375455651,0.002515723270440251,-0.0841185934267985,0.17,13,左侧观察,买一异常溢价(不作为可成交退出价),48,0,0
71,★ Driver Gloves | Black Tie (Minimal Wear),1804.69,3320.0,317,28,0.0883,1.8397,steamdt-live,1825.0,319,1914.0,80,"溢价求购:买一高于卖一,多为定向收特定图案,买一价不可作退出价",7,0,9,5,6,10,6,5,0.032262676052311035,0.0,-0.04360404703308729,0.032262676052311035,0.013018042646254724,0.046832866512412696,0.039025818472185225,-0.039025818472185225,-0.07874968104108193,0.16,8,左侧观察,买一异常溢价(不作为可成交退出价),48,0,0
72,★ Sport Gloves | Slingshot (Field-Tested),2044.0,3750.0,1044,64,0.0613,1.8346,steamdt-live,2113.5,869,2138.0,260,"溢价求购:买一高于卖一,多为定向收特定图案,买一价不可作退出价",7,0,15,5,6,6,4,5,0.00024203698325098166,-0.010792237332430066,-0.024185167690127463,-0.010552812469745487,0.03448275862068961,0.0019607843137254832,0.04775215467039362,-0.04775215467039362,-0.11053089643167968,0.17,4,左侧观察,买一异常溢价(不作为可成交退出价),48,0,0
73,M4A1-S | Icarus Fell (Factory New),2798.99,2720.0,599,24,0.0401,0.9718,steamdt-live,2889.0,406,2948.0,171,,3,12,12,2,6,4,4,5,1.064218491153568e-05,-0.007098261794962868,-0.01244701348747601,-0.007087695151065776,0.019446488001401363,3.215548965651571e-05,0.04471331058020489,-0.02133216783216796,-0.13451144094001244,0.15,4,左侧观察,,48,0,0
74,AK-47 | Midnight Laminate (Factory New),79.4,75.0,1521,30,0.0197,0.9446,steamdt-live,77.9,1052,83.83,687,,3,9,15,2,6,4,4,5,0.006124999999999936,-0.01403901105727412,-0.012345679012345734,-0.008000000000000007,0.027450980392156765,0.0,0.049467002036171936,-0.04500601684717198,-0.16454363617222867,1.17,12,左侧观察,,48,0,0
75,AK-47 | Fuel Injector (Factory New),2214.4,2960.0,434,40,0.0922,1.3367,steamdt-live,2240.0,205,2240.0,132,"溢价求购:买一高于卖一,多为定向收特定图案,买一价不可作退出价",7,0,9,2,8,10,6,5,-0.002443549481877083,0.004490814243592656,-0.012996873604287584,0.0020362912348974582,0.01076613803886528,0.007003183265120505,0.06129715981348027,-0.06149607967789783,-0.14419323671497586,0.62,7,左侧观察,买一异常溢价(不作为可成交退出价),47,0,0
76,★ Sport Gloves | Omega (Minimal Wear),2808.9,4130.0,430,37,0.086,1.4703,steamdt-live,2850.0,378,2857.0,92,"溢价求购:买一高于卖一,多为定向收特定图案,买一价不可作退出价",7,0,9,5,4,13,4,5,-0.008849557522123908,0.003178571428571475,-0.008597999649061272,-0.0056991150442478045,0.017179846046186165,0.014043321299638922,0.025766598802021368,-0.024653633806729358,-0.06879061132475794,0.17,8,左侧观察,买一异常溢价(不作为可成交退出价),47,0,0
77,AK-47 | Nouveau Rouge (Factory New),389.49,366.0,377,29,0.0769,0.9397,steamdt-live,398.5,256,395.93,144,,7,9,9,2,2,10,3,5,0.08160789844851912,0.015804710116579246,-0.027434842249657088,0.09870239774330036,0.011446700507614205,0.09870239774330036,0.011446700507614205,0.08342141863699593,-0.05002439024390237,1.17,10,左侧观察,,47,0,0
78,MP9 | Hypnotic (Factory New),88.38,78.0,531,21,0.0395,0.8826,steamdt-live,87.73,201,91.99,300,,3,6,12,2,8,5,6,5,0.0001134687393624656,-0.0046516904923984415,-0.008549893126336028,-0.004538749574492185,0.012827725891751962,0.0,0.0627136752136751,-0.06281380194423669,-0.29816,1.07,5,左侧观察,,47,0,0
79,Desert Eagle | Night (Factory New),535.0,471.0,24,3,0.125,0.8804,steamdt-live,520.0,28,492.91,61,,8,6,2,2,10,9,4,5,-0.008001120156821973,-0.006089569092412206,-0.03661380147611426,-0.01404196587522244,0.05014163760044699,0.0009747578336007923,0.10363702491362059,-0.10347399054201512,-0.23921901528013578,1.17,16,左侧观察,,46,0,0
80,★ Specialist Gloves | Field Agent (Minimal Wear),1744.61,2880.0,339,31,0.0914,1.6508,steamdt-live,1780.0,275,1756.0,66,"溢价求购:买一高于卖一,多为定向收特定图案,买一价不可作退出价",7,0,9,5,6,8,6,5,-0.0008583150702959896,-0.0008590524079239437,-0.010917426000339736,-0.0017166301405919793,0.012615314958401846,0.02023976608187139,0.03479391424619649,-0.025357541899441394,-0.08183736731031366,0.17,4,左侧观察,买一异常溢价(不作为可成交退出价),46,0,0
81,P250 | Cartel (Factory New),192.09,174.0,76,6,0.0789,0.9058,steamdt-live,196.89,48,201.99,72,,7,6,4,2,10,7,4,5,-0.0015512694555043227,-0.0051789321042000624,-0.02328282828282835,-0.006722167640519028,0.02984848484848479,0.0026097395479931507,0.09429958979678443,-0.09220226843100188,-0.27921200750469044,1.17,10,左侧观察,,45,0,0
82,★ Specialist Gloves | Crimson Web (Field-Tested),748.99,1230.0,575,39,0.0678,1.6422,steamdt-live,740.0,504,766.0,183,"溢价求购:买一高于卖一,多为定向收特定图案,买一价不可作退出价",7,0,12,5,8,4,4,5,-0.01050590376007754,-0.006711409395973145,0.0038933852451366047,-0.01714680373484212,0.033829039965531105,0.006802721088435382,0.06150919467343052,-0.052496798975672165,-0.1067009500356112,0.17,9,左侧观察,买一异常溢价(不作为可成交退出价),45,0,0
83,Five-SeveN | Case Hardened (Factory New),216.5,266.0,224,15,0.067,1.2286,steamdt-live,231.88,150,229.37,114,"溢价求购:买一高于卖一,多为定向收特定图案,买一价不可作退出价",7,0,7,2,8,10,6,5,0.0,0.0,-0.024774774774774744,0.0,0.024774774774774744,0.0,0.06604546827142921,-0.06604546827142921,-0.2783333333333333,0.17,4,左侧观察,买一异常溢价(不作为可成交退出价),45,0,0
84,AK-47 | Nightwish (Factory New),709.0,1010.0,886,43,0.0485,1.4245,steamdt-live,715.49,215,749.5,146,"溢价求购:买一高于卖一,多为定向收特定图案,买一价不可作退出价",3,0,12,2,8,9,6,5,-0.0014084507042253502,0.0,-0.0273972602739726,-0.0014084507042253502,0.02876712328767128,0.0128571428571429,0.060665880576054265,-0.05968169761273212,-0.11485642946317098,1.17,8,左侧观察,买一异常溢价(不作为可成交退出价),45,0,0
85,M4A1-S | Fade (Factory New),1128.0,1520.0,1807,79,0.0437,1.3475,steamdt-live,1148.0,1458,1129.0,964,"溢价求购:买一高于卖一,多为定向收特定图案,买一价不可作退出价",3,0,15,2,6,8,6,5,-0.002210433244915988,-0.00044306601683652413,-0.012227074235807822,-0.0026525198938992522,0.014847161572052348,0.008042895442359255,0.040000000000000036,-0.03424657534246578,-0.1402439024390244,0.17,12,左侧观察,买一异常溢价(不作为可成交退出价),45,0,0
86,★ Broken Fang Gloves | Unhinged (Field-Tested),320.0,396.0,98,18,0.1837,1.2375,steamdt-live,319.0,130,338.62,56,"溢价求购:买一高于卖一,多为定向收特定图案,买一价不可作退出价",14,0,4,5,4,8,6,3,0.010104486016392356,-0.012047446498807624,-0.011839624099662993,-0.002064693737095724,0.018461538461538418,0.0,0.018461538461538418,0.04289263763567419,-0.05059523809523814,0.17,15,左侧观察,买一异常溢价(不作为可成交退出价),44,0,0
87,★ Specialist Gloves | Mogul (Field-Tested),611.5,652.0,321,30,0.0935,1.0662,steamdt-live,617.9,274,617.9,190,"溢价求购:买一高于卖一,多为定向收特定图案,买一价不可作退出价",7,0,9,5,8,10,2,3,-0.007275666936135794,-0.002442996742671011,-0.014342629482071767,-0.009700889248181133,0.019215372297838318,0.01744186046511631,0.050387596899224785,-0.04965089216446861,-0.1382948790095666,0.02,15,左侧观察,买一异常溢价(不作为可成交退出价),44,0,0
88,★ Moto Gloves | Finish Line (Field-Tested),451.5,656.0,432,35,0.081,1.4529,steamdt-live,484.01,428,473.95,215,"溢价求购:买一高于卖一,多为定向收特定图案,买一价不可作退出价",7,0,9,5,8,6,6,3,0.0,-0.012035010940919078,-0.02972399150743099,-0.012035010940919078,0.04140127388535031,0.0033333333333334103,0.05543933054393302,-0.0544502617801047,-0.1654343807763401,0.17,13,左侧观察,买一异常溢价(不作为可成交退出价),44,0,0
89,★ Sport Gloves | Pandora's Box (Minimal Wear),32989.0,56750.0,190,37,0.1947,1.7203,steamdt-live,33200.0,207,33332.5,54,"溢价求购:买一高于卖一,多为定向收特定图案,买一价不可作退出价",14,0,7,5,4,4,4,5,-0.0023624298418526424,-0.004856711915535494,-0.01309790760183549,-0.00720766811622553,0.020109309095229566,0.0030710289467283935,0.029735294117647082,-0.026528564683663824,-0.07216987765433835,0.06,6,左侧观察,买一异常溢价(不作为可成交退出价),43,0,0
90,★ Broken Fang Gloves | Yellow-banded (Field-Tested),273.0,308.0,151,22,0.1457,1.1282,steamdt-live,275.0,127,275.87,90,"溢价求购:买一高于卖一,多为定向收特定图案,买一价不可作退出价",11,0,7,5,4,7,6,3,-0.00545454545454549,-0.001828153564899404,0.0185185185185186,-0.0072727272727273196,0.014440433212996373,0.011111111111111072,0.01621621621621616,-0.010869565217391353,-0.06825938566552903,0.16,7,左侧观察,买一异常溢价(不作为可成交退出价),43,0,0
91,MP9 | Setting Sun (Factory New),254.9,236.0,88,9,0.1023,0.9259,steamdt-live,275.0,21,266.0,66,,11,6,4,2,8,5,4,3,-0.006928406466512715,-0.012015503875968947,-0.03563474387527832,-0.01886066204772907,0.053823311061618306,0.0,0.055925925925925934,-0.04129682563562509,-0.12405498281786942,0.99,6,左侧观察,,43,0,0
92,★ Moto Gloves | POW! (Field-Tested),425.5,675.0,623,32,0.0514,1.5864,steamdt-live,450.0,683,445.65,311,"溢价求购:买一高于卖一,多为定向收特定图案,买一价不可作退出价",3,0,12,5,8,5,4,5,-0.004838709677419395,-0.014818244964111993,-0.03752328572695829,-0.019585253456221197,0.05637363612170676,0.0,0.061514369527338464,-0.035147392290249435,-0.241519456674807,0.17,11,左侧观察,买一异常溢价(不作为可成交退出价),42,0,0
93,AWP | Graphite (Factory New),794.4,924.0,598,24,0.0401,1.1631,steamdt-live,830.0,425,823.49,325,"溢价求购:买一高于卖一,多为定向收特定图案,买一价不可作退出价",3,0,12,2,8,6,6,5,-0.0006269592476488839,-0.0032622333751568533,-0.009316770186335366,-0.00388714733542328,0.013167701863354031,0.005569620253164542,0.06595021693376768,-0.06595021693376768,-0.1739284154482873,1.17,7,左侧观察,买一异常溢价(不作为可成交退出价),42,0,0
94,USP-S | Royal Guard (Factory New),31.08,28.6,1050,28,0.0267,0.9202,steamdt-live,31.8,688,31.42,805,,3,6,15,2,4,10,2,0,-0.017080244924266852,0.01606557377049178,-0.007675087943715964,-0.00128907508862397,0.015565438373570606,0.04343434343434338,0.018993352326685753,-0.00032258064516133,-0.1446315208390836,0.1,14,左侧观察,,42,0,0
95,★ Specialist Gloves | Crimson Kimono (Field-Tested),10405.86,11110.0,885,22,0.0249,1.0677,steamdt-live,10550.0,763,10798.42,181,"溢价求购:买一高于卖一,多为定向收特定图案,买一价不可作退出价",3,0,12,5,6,8,2,5,0.0,-0.002997944841264033,-0.0153632075471698,-0.002997944841264033,0.01831509433962264,0.02018235294117643,0.03640522270580604,-0.03345160691064453,-0.06673901345291477,0.17,6,左侧观察,买一异常溢价(不作为可成交退出价),41,0,0
96,MP9 | Dry Season (Factory New),2300.0,55.0,2,4,2.0,0.0239,steamdt-live,3888.0,1,697.0,3,,8,1,2,2,6,10,6,5,0.02954209748892178,0.0,-0.011678832116788329,0.02954209748892178,0.030193404758592002,0.032592592592592506,0.030341814944143675,0.0,-0.0028612303290415086,1.17,3,左侧观察,,40,0,0
97,★ Moto Gloves | Blood Pressure (Field-Tested),694.4,1000.0,232,40,0.1724,1.4401,steamdt-live,709.5,220,707.5,102,"溢价求购:买一高于卖一,多为定向收特定图案,买一价不可作退出价",14,0,7,5,6,6,2,0,-0.013009049773755721,-0.005171919770773692,-0.010216934919524134,-0.018113687782805532,0.02814555633310012,0.0,0.04616758241758245,-0.04616758241758245,-0.08512516469038212,0.17,4,左侧观察,买一异常溢价(不作为可成交退出价),40,0,0
98,★ Driver Gloves | Racing Green (Minimal Wear),248.0,405.0,167,20,0.1198,1.6331,steamdt-live,258.5,69,257.9,107,"溢价求购:买一高于卖一,多为定向收特定图案,买一价不可作退出价",11,0,7,5,4,4,4,5,-0.011861927167767239,-0.007642751390500524,0.0582008368200837,-0.019414020797912324,0.02935420743639927,0.0398322851153039,0.02935420743639927,0.006085192697768749,-0.11314547275067943,0.17,10,左侧观察,买一异常溢价(不作为可成交退出价),40,0,0
99,★ Hand Wraps | CAUTION! (Field-Tested),779.5,849.0,587,45,0.0767,1.0892,steamdt-live,779.0,514,780.0,204,"溢价求购:买一高于卖一,多为定向收特定图案,买一价不可作退出价",7,0,12,5,4,10,2,0,-0.013333333333333308,0.002574002574002643,0.0,-0.0107936507936508,0.011421319796954266,0.018300653594771177,0.018891687657430767,-0.0063775510204081565,-0.07602894081366385,0.16,11,左侧观察,买一异常溢价(不作为可成交退出价),40,0,0
100,M4A1-S | Printstream (Factory New),2619.0,3740.0,627,44,0.0702,1.428,steamdt-live,2649.5,481,2655.0,174,"溢价求购:买一高于卖一,多为定向收特定图案,买一价不可作退出价",7,0,12,2,6,4,4,5,-0.00038141993957707676,-0.007026849364750065,-0.011940298507462699,-0.007405589123867129,0.01925746268656725,0.01111367570686661,0.031543846720707536,-0.031543846720707536,-0.09318958081766437,0.17,6,左侧观察,买一异常溢价(不作为可成交退出价),40,0,0
101,USP-S | Bleeding Edge (Factory New),31.36,29.2,809,28,0.0346,0.9311,steamdt-live,32.65,455,33.22,358,,3,9,12,2,2,10,2,0,-0.003215434083601365,0.015161290322580623,-0.024466750313676178,0.011897106109324707,0.012860727728983723,0.04899999999999993,0.012860727728983723,0.026753670473083302,-0.14853896103896114,0.17,12,左侧观察,,40,0,0
102,★ Broken Fang Gloves | Yellow-banded (Minimal Wear),423.0,492.0,125,18,0.144,1.1631,steamdt-live,453.5,61,459.4,47,"溢价求购:买一高于卖一,多为定向收特定图案,买一价不可作退出价",11,0,7,5,6,6,4,0,-0.008177570093457986,-0.0035335689045936647,-0.0092592592592593,-0.011682242990654235,0.02083333333333337,0.0071428571428571175,0.03292181069958844,-0.03292181069958844,-0.1470226452380473,0.1,8,左侧观察,买一异常溢价(不作为可成交退出价),39,0,0
103,★ Moto Gloves | Turtle (Minimal Wear),723.5,940.0,144,19,0.1319,1.2992,steamdt-live,720.0,122,745.0,74,"溢价求购:买一高于卖一,多为定向收特定图案,买一价不可作退出价",11,0,7,5,6,6,4,0,0.0,-0.0055248618784530246,-0.012278308321964526,-0.0055248618784530246,0.029649595687331498,0.006993006993007089,0.0444591904445919,-0.0444591904445919,-0.1207717670045182,0.17,5,左侧观察,买一异常溢价(不作为可成交退出价),39,0,0
104,MP9 | Stained Glass (Factory New),820.0,755.0,52,5,0.0962,0.9207,steamdt-live,849.46,27,833.11,51,,7,6,4,2,6,10,4,0,-0.009063444108761365,0.0,-0.0010864316755190284,-0.009063444108761365,0.010140028971511339,0.0006101281269066394,0.03301886792452835,-0.011452682338758291,-0.06923950056753692,0.17,4,左侧观察,,39,0,0
105,★ Driver Gloves | Queen Jaguar (Field-Tested),292.99,399.0,243,20,0.0823,1.3618,steamdt-live,289.99,201,297.2,79,"溢价求购:买一高于卖一,多为定向收特定图案,买一价不可作退出价",7,0,7,5,4,10,6,0,0.0034602076124568004,-3.448275862061312e-05,-0.018342391304347783,0.003425605536332199,0.014979619565217317,0.006909722222222303,0.026879194630872405,-0.003470790378006794,-0.04293729372937294,0.17,11,左侧观察,买一异常溢价(不作为可成交退出价),39,0,0
106,★ Broken Fang Gloves | Needle Point (Field-Tested),269.5,288.0,88,16,0.1818,1.0686,steamdt-live,268.0,96,266.89,95,"溢价求购:买一高于卖一,多为定向收特定图案,买一价不可作退出价",14,0,4,5,4,10,0,0,-0.007411545623836169,0.0014258376796367767,0.001865671641791078,-0.0059962756052142074,0.011518518518518595,0.03245647969052223,0.018750689363579598,-0.006366344005956925,-0.060180294386928734,0.17,11,左侧观察,买一异常溢价(不作为可成交退出价),37,0,0
107,P250 | Red Rock (Factory New),240.0,127.0,7,3,0.4286,0.5292,steamdt-live,240.0,8,230.3,14,,8,1,2,2,8,5,4,5,-0.009373668512995259,-0.009462365591397792,-0.04086636697997548,-0.018747337025990518,0.05884756845116457,0.0,0.05999999999999994,-0.05999999999999994,-0.1873676781933662,1.17,8,左侧观察,,35,0,0
108,FAMAS | Spitfire (Factory New),3098.5,760.0,6,2,0.3333,0.2453,steamdt-live,2800.0,3,2428.63,11,,8,1,2,2,4,7,4,5,-0.002046136280860811,-0.0041006630772195685,-0.018082238018508168,-0.006138408842582543,0.02606641723110481,0.0,0.028015352413122363,-0.028015352413122363,-0.1209024701010627,1.17,3,左侧观察,,33,0,0
109,Tec-9 | Hades (Factory New),167.99,147.0,40,4,0.1,0.8751,steamdt-live,178.0,25,167.99,45,,8,3,4,2,4,5,6,0,-0.00590005310047792,-0.0029675351652916904,-0.00294134949114655,-0.008850079650716824,0.0117653979645862,0.0,0.028903404821087886,-0.03175792507204611,-0.1393954918032786,0.94,2,左侧观察,,32,0,0
110,★ Specialist Gloves | Buckshot (Field-Tested),254.5,306.0,307,25,0.0814,1.2024,steamdt-live,255.0,297,262.8,150,"溢价求购:买一高于卖一,多为定向收特定图案,买一价不可作退出价",7,0,9,5,4,7,0,0,-0.013513513513513487,-0.003913894324853229,0.017681728880157177,-0.01737451737451734,0.01911662684036064,0.06041666666666656,0.01911662684036064,0.010281449724107938,-0.09107142857142858,0.17,15,左侧观察,买一异常溢价(不作为可成交退出价),32,0,0
111,Five-SeveN | Candy Apple (Factory New),535.5,408.0,32,2,0.0625,0.7619,steamdt-live,492.5,38,510.46,55,,7,1,4,2,4,7,6,0,-0.0060422960725075026,-0.0020263424518743856,-0.003012048192771122,-0.00805639476334341,0.011044176706827336,0.0,0.015000000000000013,-0.022817460317460347,-0.14518788509936642,0.66,3,左侧观察,,31,0,0
112,Glock-18 | Gold Toof (Factory New),795.0,782.0,535,63,0.1178,0.9836,steamdt-live,819.59,112,799.99,174,,11,12,12,2,10,20,6,5,-0.010678391959799027,0.00952380952380949,-0.02689486552567233,-0.0012562814070351536,0.028117359413202925,0.01273885350318471,0.10623946037099496,-0.10623946037099496,-0.3140638481449526,1.17,14,长期阴跌,,78,0,0
113,★ Bloodhound Gloves | Bronzed (Field-Tested),1264.5,1220.0,257,43,0.1673,0.9648,steamdt-live,1385.01,18,1272.79,72,,14,12,9,5,10,20,6,0,-0.01681016810168101,0.054628857381150864,-0.03558718861209964,0.03690036900368998,0.00039525691699604515,0.054628857381150864,0.09678571428571425,-0.09678571428571425,-0.2626822157434402,0.55,11,回撤不明显,,76,0,0
114,★ Specialist Gloves | Forest DDPAT (Minimal Wear),1740.0,1660.0,163,25,0.1534,0.954,steamdt-live,1999.3,22,1727.0,53,,14,9,7,5,10,20,6,5,-0.019180597439875435,0.023104265402843494,-0.016565714285714295,0.0034805143491321022,0.013142857142857123,0.023104265402843494,0.10028653295128942,-0.10684733140256508,-0.32539062500000004,0.48,23,长期阴跌,,76,0,0
115,AK-47 | Safety Net (Factory New),67.29,66.0,1907,53,0.0278,0.9808,steamdt-live,68.9,425,68.7,580,,3,12,15,2,10,20,6,5,-0.012808783165599302,0.03938832252085289,-0.0468023255813953,0.026075022872827258,0.02336719883889693,0.04325581395348843,0.13973408335464066,-0.13973408335464066,-0.44383833374659054,1.17,13,长期阴跌,,73,0,0
116,M4A1-S | Fizzy POP (Factory New),64.6,63.0,2953,60,0.0203,0.9752,steamdt-live,62.74,472,62.88,461,,3,12,15,2,10,20,6,5,-0.009095260890378154,0.010305958132045046,-0.03584615384615386,0.001116961863730559,0.034769230769230774,0.045666666666666744,0.15694705724267666,-0.12861111111111112,-0.45381735875337337,1.17,8,长期阴跌,,73,0,0
117,★ Hand Wraps | Leather (Field-Tested),3580.0,3470.0,294,65,0.2211,0.9693,steamdt-live,3666.0,26,3606.21,70,,17,12,9,5,8,10,6,5,0.027928059657844617,0.01849217638691325,-0.015687967760506627,0.046936686650095094,0.004172461752433909,0.05294117647058827,0.057770759310435627,-0.057770759310435627,-0.2691640298050424,0.17,10,回撤不明显,,72,0,0
118,★ Sport Gloves | Arid (Field-Tested),5710.0,5520.0,342,56,0.1637,0.9667,steamdt-live,5999.0,59,5690.0,94,,14,12,9,5,10,10,6,5,0.006964285714285756,0.009044156765383837,-0.024516003163355227,0.016071428571428514,0.008838581785623467,0.016162157335476435,0.08506190705901273,-0.08506190705901273,-0.28848318119294736,0.17,8,回撤不明显,,71,0,0
119,AK-47 | Rat Rod (Factory New),458.0,449.0,441,46,0.1043,0.9803,steamdt-live,460.0,50,455.43,141,,11,12,9,2,10,20,2,5,-0.019384264538198415,0.05913953488372092,-0.023385300668151476,0.03860889395667044,0.0,0.05913953488372092,0.08895779155831163,-0.08895779155831163,-0.23585570469798656,1.17,6,回撤不明显,,71,0,0
120,Tec-9 | Remote Control (Factory New),157.0,151.0,572,30,0.0524,0.9618,steamdt-live,155.5,78,157.0,131,,3,12,12,2,10,20,6,5,-0.006495176848874573,0.006537639976697429,-0.05448133284689294,0.0,0.05448133284689294,0.006667961416456203,0.14785181937746594,-0.14785181937746594,-0.38097133757961776,0.17,7,长期阴跌,,70,0,0
121,Tec-9 | Snek-9 (Factory New),26.06,26.0,390,29,0.0744,0.9977,steamdt-live,27.15,99,27.62,124,,7,15,9,2,10,17,6,3,-0.007210626185958358,-0.0003822629969419955,-0.037267080745341574,-0.007590132827324569,0.04107077374404111,0.003453568687643793,0.08534452605806231,-0.08534452605806231,-0.39760423865468786,0.16,8,长期阴跌,,69,0,0
122,AWP | Fever Dream (Factory New),110.0,106.0,1151,38,0.033,0.9636,steamdt-live,111.0,485,112.85,448,,3,12,15,2,6,20,6,5,-0.00561272217025266,0.03480714957666975,-0.0237442922374429,0.028999064546304965,0.0,0.037735849056603765,0.049183161898176175,-0.04347826086956519,-0.242163279366173,0.31,7,回撤不明显,,69,0,0
123,★ Specialist Gloves | Forest DDPAT (Field-Tested),1698.5,1650.0,280,52,0.1857,0.9714,steamdt-live,1799.5,31,1729.13,68,,14,12,9,5,10,10,3,5,0.033752684872660366,0.008311071534579995,-0.027744630071598997,0.042344277385701234,0.0008823529411764452,0.07772842639593902,0.09112313315032716,-0.09112313315032716,-0.30375076860012296,0.17,5,长期阴跌,,68,0,0
124,Desert Eagle | Naga (Factory New),158.0,152.0,274,44,0.1606,0.962,steamdt-live,162.35,68,156.52,121,,14,12,9,2,10,10,6,5,0.011582491582491583,0.04193849021435225,-0.04187366926898517,0.05400673400673406,6.38855171531949e-05,0.05763902966416645,0.11350249207068419,-0.11350249207068419,-0.3861960784313725,1.04,4,长期阴跌,,68,0,0
125,★ Hand Wraps | Slaughter (Minimal Wear),3318.0,3210.0,178,27,0.1517,0.9675,steamdt-live,3443.5,38,3400.0,78,,14,12,7,5,8,10,6,5,0.018184668443329777,0.021709006928406493,-0.018011083743842415,0.0402884464649631,0.0047990401919616454,0.04045155221072427,0.05050794105022183,-0.05145797598627788,-0.23221103783408537,0.98,5,回撤不明显,,67,0,0
126,M4A4 | Neo-Noir (Factory New),595.0,587.0,917,58,0.0632,0.9866,steamdt-live,606.5,267,596.4,212,,7,12,15,2,10,10,6,5,0.010327022375215211,0.01601362862010225,-0.03166666666666662,0.026506024096385472,0.004340567612687862,0.027390180878552828,0.09223744292237446,-0.09057639524245198,-0.18189300411522635,0.14,11,回撤不明显,,67,0,0
127,★ Bloodhound Gloves | Guerrilla (Minimal Wear),1198.0,1150.0,126,23,0.1825,0.9599,steamdt-live,1241.97,21,1206.74,57,,14,9,7,5,2,20,6,3,-0.010104347826086824,0.05237266993446821,-0.017094017094017144,0.0417391304347825,0.007242653761373674,0.05237266993446821,0.012260176276105317,-0.012260176276105317,-0.21106354955548234,0.55,9,回撤不明显,,66,0,0
128,Glock-18 | Neo-Noir (Factory New),1169.0,1150.0,378,61,0.1614,0.9837,steamdt-live,1158.11,88,1183.26,133,,14,12,9,2,8,10,6,5,0.028906082097571506,0.007928633594429746,-0.011752212389380512,0.03706390142560334,0.0016809475371963867,0.05282727272727272,0.06528652138821633,-0.062259109311740946,-0.18414230362803807,1.17,9,回撤不明显,,66,0,0
129,M4A4 | Desolate Space (Factory New),468.0,457.0,620,72,0.1161,0.9765,steamdt-live,470.0,168,473.99,181,,11,12,12,2,8,10,6,5,0.005605381165919354,0.04347826086956519,-0.046764127554073665,0.049327354260089606,0.004255319148936176,0.049327354260089606,0.07326732673267322,-0.06024096385542166,-0.21476510067114096,0.17,10,回撤不明显,,66,0,0
130,USP-S | Guardian (Factory New),29.9,28.0,1126,21,0.0187,0.9365,steamdt-live,29.44,647,30.45,516,,3,9,15,2,10,18,6,3,-0.01216216216216226,0.006839945280437965,-0.03551645487129362,-0.005405405405405461,0.04072987943955686,0.015172413793103523,0.12380952380952381,-0.12380952380952381,-0.3529670329670329,0.08,10,长期阴跌,,66,0,0
131,AWP | Containment Breach (Factory New),2486.0,2530.0,144,27,0.1875,1.0177,steamdt-live,2488.38,64,2505.27,90,,14,15,7,2,6,10,6,5,0.024079028606709185,-0.000803858520900369,-0.027616569941965152,0.023255813953488413,0.005003001801080598,0.035833333333333384,0.04384615384615387,-0.04384615384615387,-0.20777565328234548,1.17,2,回撤不明显,,65,0,0
132,Desert Eagle | Mudder (Factory New),34.79,33.7,334,34,0.1018,0.9687,steamdt-live,35.58,71,36.35,127,,11,12,9,2,10,12,4,5,-0.011581920903954712,-0.005715918833952616,-0.06001062134891122,-0.017231638418079065,0.07620817843866168,0.0,0.19467592592592597,-0.19467592592592597,-0.5409684654967675,1.17,5,长期阴跌,,65,0,0
133,★ Hand Wraps | Leather (Minimal Wear),3664.5,3490.0,191,37,0.1937,0.9524,steamdt-live,3998.5,28,3700.0,38,,14,9,7,5,8,10,6,5,0.0,0.03239892942667977,-0.01402777777777775,0.03239892942667977,0.009594594594594552,0.05060206422018343,0.06302735873178211,-0.06302735873178211,-0.28775510204081634,1.17,8,回撤不明显,,64,0,0
134,★ Moto Gloves | Boom! (Field-Tested),2949.5,2880.0,246,45,0.1829,0.9764,steamdt-live,3012.9,31,2948.02,63,,14,12,7,5,8,10,3,5,0.024234574563770428,0.03553388645736,-0.03388946819603755,0.06062960964202202,0.0,0.07220221858519738,0.06412063492063491,-0.061140127388535026,-0.2591983917577585,0.17,5,回撤不明显,,64,0,0
135,FAMAS | Waters of Nephthys (Factory New),883.0,1120.0,165,30,0.1818,1.2684,steamdt-live,898.88,72,926.66,68,"溢价求购:买一高于卖一,多为定向收特定图案,买一价不可作退出价",14,0,7,2,10,20,6,5,-0.005728987993138923,0.015537844023508107,-0.027793218454697066,0.009719839908519212,0.0183435241801001,0.015537844023508107,0.08592132505175987,-0.08544795442775766,-0.3085356303837118,1.17,7,长期阴跌,买一异常溢价(不作为可成交退出价),64,0,0
136,USP-S | Kill Confirmed (Factory New),1494.0,1560.0,262,31,0.1183,1.0442,steamdt-live,1542.0,120,1529.9,78,,11,15,9,2,6,10,6,5,6.711859856367575e-05,0.0026845637583892135,-0.012264651286130968,0.0027518625411100395,0.009283819628647216,0.0043697478991595595,0.04353393085787449,-0.044445439369615425,-0.12625958394984482,0.16,5,回撤不明显,,64,0,0
137,USP-S | Monster Mashup (Factory New),453.5,440.0,587,53,0.0903,0.9702,steamdt-live,448.5,155,454.0,178,,7,12,12,2,10,10,6,5,-0.0011630558722919293,0.023995981643416542,-0.013498312710911176,0.022805017103762815,8.917822267806574e-05,0.025166289515188955,0.10479041916167664,-0.10479041916167664,-0.2585551330798479,0.16,8,回撤不明显,,64,0,0
138,Desert Eagle | Starcade (Factory New),1099.5,1070.0,590,45,0.0763,0.9732,steamdt-live,1100.0,151,1128.93,182,,7,12,12,2,10,10,6,5,-0.00921170319689435,0.023266635644485723,-0.002309107635694585,0.013840607105644054,0.00045454545454548523,0.03726415094339619,0.0984009840098401,-0.0984009840098401,-0.28394659719960924,1.17,10,回撤不明显,,64,0,0
139,Tec-9 | Phoenix Chalk (Factory New),64.5,58.0,517,31,0.06,0.8992,steamdt-live,60.72,96,61.65,122,,3,6,12,2,10,20,6,5,-0.005317324185248662,0.04707708225556129,-0.05967741935483872,0.04150943396226414,0.0,0.04888581793055802,0.15313807531380763,-0.15431754874651804,-0.511150470976572,0.89,8,长期阴跌,,64,0,0
140,AK-47 | Hydroponic (Factory New),24488.0,24520.0,210,36,0.1714,1.0013,steamdt-live,24999.5,118,25000.0,81,,14,15,7,2,4,10,6,5,0.0,0.008234519104084237,-0.012201073694485087,0.008234519104084237,0.004067024564828325,0.020333333333333314,0.016068049132309303,-0.016068049132309303,-0.1095272727272727,1.15,2,回撤不明显,,63,0,0
141,★ Hydra Gloves | Mangrove (Field-Tested),172.3,171.0,116,15,0.1293,0.9925,steamdt-live,173.49,123,172.1,312,,11,15,7,5,4,10,6,5,0.016558249556475557,0.0011634671320535084,-0.01571594877764848,0.017740981667652367,0.0,0.043030303030302974,0.02382302892796384,-0.007497116493656364,-0.08164354322305234,0.08,5,回撤不明显,,63,0,0
142,Five-SeveN | Triumvirate (Factory New),74.26,71.0,235,28,0.1191,0.9561,steamdt-live,75.84,171,74.45,234,,11,9,7,2,10,15,4,5,-0.007733333333333259,-0.0021499596882558203,-0.04446426296343475,-0.00986666666666658,0.053892215568862145,0.0036491417759159095,0.11065868263473044,-0.11087164750957845,-0.4521578753227591,0.75,7,长期阴跌,,63,0,0
143,Glock-18 | Franklin (Factory New),675.0,660.0,435,47,0.108,0.9778,steamdt-live,689.98,88,672.24,147,,11,12,9,2,8,10,6,5,0.02187500000000009,0.027889908256880647,-0.009287925696594423,0.05037500000000006,0.00408888888888892,0.05037500000000006,0.07912328767123289,-0.07849211788896504,-0.3340861812778603,0.17,6,长期阴跌,,63,0,0
144,AK-47 | Emerald Pinstripe (Factory New),73.8,71.0,820,40,0.0488,0.9621,steamdt-live,72.25,226,74.79,267,,3,12,12,2,10,20,4,0,-0.04437334817081651,0.051673944687045115,-0.04133884517935715,0.005007650577270928,0.03653820509401251,0.051673944687045115,0.13576555023923442,-0.13576555023923442,-0.4311023622047244,1.17,13,长期阴跌,,63,0,0
145,M4A4 | Turbine (Factory New),70.9,69.0,1134,45,0.0397,0.9732,steamdt-live,70.79,220,70.8,298,,3,12,15,2,10,10,6,5,0.013434841021048083,0.04271615849167776,-0.041630901287553757,0.05672488431109146,0.0012697516930021413,0.05814648729446925,0.12258304412493803,-0.11512499999999992,-0.4149586776859504,1.17,6,长期阴跌,,63,0,0
146,★ Hand Wraps | Badlands (Field-Tested),2561.64,2520.0,310,95,0.3065,0.9837,steamdt-live,2795.0,21,2637.5,71,,20,12,9,5,8,0,3,5,0.02062311557788954,0.009193319678588274,0.004644588045234155,0.03000603015075365,0.00672998643147904,0.06755833333333339,0.05769032732622292,-0.05769032732622292,-0.1891962025316456,0.17,10,回撤不明显,,62,0,0
147,★ Specialist Gloves | Foundation (Minimal Wear),5867.0,5530.0,166,37,0.2229,0.9426,steamdt-live,6038.22,35,5727.79,58,,17,9,7,5,6,10,3,5,0.016574074074074074,0.04340832498406044,-0.03536805174714497,0.06070185185185184,0.0,0.06080007408093335,0.037346218487394944,-0.037346218487394944,-0.2433716637054748,0.16,6,回撤不明显,,62,0,0
148,MP9 | Latte Rush (Factory New),306.0,300.0,503,32,0.0636,0.9804,steamdt-live,328.0,178,313.58,261,,7,12,12,2,10,10,4,5,-0.0016339869281045694,0.0016366612111293755,-0.039216301924707264,0.0,0.039246467817896424,0.020000000000000018,0.10526315789473684,-0.09198813056379818,-0.3369447453954496,1.04,11,长期阴跌,,62,0,0
149,M4A4 | Etch Lord (Factory New),18.36,18.0,783,14,0.0179,0.9804,steamdt-live,19.7,406,18.88,430,,3,12,12,2,8,14,6,5,-0.005945945945945885,-0.0016313213703099683,-0.022715266772319054,-0.007567567567567601,0.024960169941582566,0.0,0.07552870090634445,-0.07552870090634445,-0.4226415094339623,0.72,4,长期阴跌,,62,0,0
150,★ Moto Gloves | Cool Mint (Minimal Wear),6750.0,6310.0,157,26,0.1656,0.9348,steamdt-live,6900.0,38,6678.25,52,,14,9,7,5,8,10,3,5,0.060039682539682504,0.0,-0.03919475369833769,0.060039682539682504,0.0,0.060039682539682504,0.06858308031113014,-0.06858308031113014,-0.2792347957476661,0.17,11,回撤不明显,,61,0,0
151,★ Hand Wraps | Spruce DDPAT (Minimal Wear),2383.49,2240.0,190,27,0.1421,0.9398,steamdt-live,2419.24,33,2395.41,56,,11,9,7,5,8,10,6,5,-0.012395094170520538,0.04999559471365633,-0.0006565217391305556,0.03698080043854879,0.000633123689727566,0.05022692222956593,0.057786193456063506,-0.04660400000000009,-0.25235336371820494,1.17,8,回撤不明显,,61,0,0
152,AK-47 | Baroque Purple (Factory New),353.9,342.0,287,28,0.0976,0.9664,steamdt-live,359.0,103,346.3,144,,7,12,9,2,10,10,6,5,-0.002902757619738794,0.008151382823871955,-0.043055555555555514,0.005224963715529718,0.03671766342141858,0.008151382823871955,0.12262477831264251,-0.10023903554354596,-0.34783427495291896,1.1,9,长期阴跌,,61,0,0
153,M4A1-S | Briefing (Factory New),332.0,325.0,286,25,0.0874,0.9789,steamdt-live,344.5,62,331.12,112,,7,12,9,2,10,10,6,5,-0.0015151515151514694,0.004916540212443143,-0.03927334129086735,0.0033939393939395046,0.03601269323706657,0.004916540212443143,0.13770833333333332,-0.12863157894736843,-0.3692952380952381,0.17,8,长期阴跌,,61,0,0
154,USP-S | Black Lotus (Factory New),142.0,136.0,603,50,0.0829,0.9577,steamdt-live,144.91,136,145.31,165,,7,9,12,2,10,10,6,5,0.016231884057971158,0.012549914432401499,-0.014285714285714235,0.02898550724637672,0.006993006993006978,0.03649635036496357,0.10971786833855801,-0.10915934755332501,-0.4199346405228759,0.17,9,长期阴跌,,61,0,0
155,AK-47 | Green Laminate (Factory New),234.0,225.0,329,25,0.076,0.9615,steamdt-live,240.0,123,234.77,128,,7,12,9,2,10,10,6,5,0.01327433628318575,0.02183406113537112,-0.03829787234042559,0.03539823008849563,0.002132196162046962,0.049327354260089606,0.11698113207547167,-0.06024096385542166,-0.3661971830985915,1.15,7,长期阴跌,,61,0,0
156,M4A4 | The Battlestar (Factory New),525.0,501.0,672,48,0.0714,0.9543,steamdt-live,514.0,88,513.89,208,,7,9,12,2,10,10,6,5,-0.0039447731755424265,0.01760396039603962,-0.014385692068429212,0.01358974358974363,0.000991446345256608,0.027779999999999916,0.09446696035242297,-0.09526408450704227,-0.2600575953923686,0.13,7,回撤不明显,,61,0,0
157,FAMAS | Neural Net (Factory New),37.67,36.2,487,34,0.0698,0.961,steamdt-live,36.6,152,36.43,313,,7,12,9,2,10,10,6,5,-0.001379690949227519,0.006631666206134312,-0.020540540540540442,0.005242825607064017,0.015405405405405359,0.006909894969596486,0.15279069767441866,-0.16021207929921633,-0.4512727820454888,0.39,7,长期阴跌,,61,0,0
158,P250 | Muertos (Factory New),110.5,109.0,263,18,0.0684,0.9864,steamdt-live,111.66,165,119.25,179,,7,12,9,2,10,10,6,5,0.012903225806451646,0.005459508644221955,-0.03982300884955747,0.018433179723502224,0.02557319223985899,0.018433179723502224,0.09426229508196726,-0.07908992416034666,-0.341870160810006,1.04,10,长期阴跌,,61,0,0
159,Five-SeveN | Nightshade (Factory New),84.84,84.0,645,18,0.0279,0.9901,steamdt-live,91.69,63,89.03,45,,3,15,12,2,10,8,6,5,-0.003512880562061005,-0.0030552291421855893,-0.02954545454545443,-0.006557377049180357,0.03590909090909089,0.0011800802454566828,0.1053464093641252,-0.1053464093641252,-0.5200814571784138,0.92,4,长期阴跌,,61,0,0
160,Five-SeveN | Fowl Play (Factory New),486.0,471.0,134,34,0.2537,0.9691,steamdt-live,494.8,41,493.17,49,,17,12,7,2,4,10,3,5,0.022246941045606317,0.05767138193688792,-0.03243859913468372,0.08120133481646263,0.0,0.08337048595630847,0.029940119760479056,-0.02409638554216864,-0.00935608145294431,0.92,8,回撤不明显,,60,0,0
161,FAMAS | Bad Trip (Factory New),496.5,474.0,123,31,0.252,0.9547,steamdt-live,505.0,51,502.63,77,,17,9,7,2,4,10,6,5,0.011987523190148952,0.0002215999516510525,-0.017014028056112296,0.012211779576359216,0.00501002004008011,0.015586647029945944,0.02263779527559051,0.025826446280991844,-0.005806968362034426,1.17,5,回撤不明显,,60,0,0
162,MP9 | Hydra (Factory New),269.0,243.0,133,21,0.1579,0.9033,steamdt-live,278.18,64,271.44,89,,14,6,7,2,2,20,6,3,-0.008079505367370898,0.028680688336520044,-0.008909774436090201,0.02036945719379446,0.0,0.028680688336520044,0.0073800738007380184,-0.00554528650646946,-0.10330344344811493,1.17,7,回撤不明显,,60,0,0
163,Glock-18 | Wraiths (Factory New),35.57,33.0,383,37,0.0966,0.9277,steamdt-live,33.54,157,33.01,151,,7,6,9,2,10,20,6,0,-0.006823821339950298,0.031230480949406614,-0.023326264768251948,0.024193548387096753,0.0,0.0318750000000001,0.08834897846493639,-0.07116736990154693,-0.448563794255177,0.22,16,长期阴跌,,60,0,0
164,M4A4 | Spider Lily (Factory New),387.0,377.0,798,69,0.0865,0.9742,steamdt-live,384.5,175,401.75,136,,7,12,12,2,8,10,6,3,0.03645945945945939,0.002633706224412613,-0.009078979083531946,0.03918918918918912,0.00807471041973018,0.05631868131868134,0.06219512195121957,-0.06219512195121957,-0.2519455252918288,1.17,8,回撤不明显,,60,0,0
165,AK-47 | Cartel (Factory New),308.0,300.0,864,54,0.0625,0.974,steamdt-live,307.0,280,309.0,256,,7,12,12,2,8,10,6,3,-0.0014214876033058488,0.01632072036282972,-0.021035598705501646,0.014876033057851235,0.006472491909385147,0.04067796610169494,0.054744750292505584,-0.04029510144112036,-0.19210526315789478,1.17,8,回撤不明显,,60,0,0
166,M4A1-S | Guardian (Factory New),396.0,383.0,683,40,0.0586,0.9672,steamdt-live,398.0,316,397.08,223,,3,12,12,2,10,10,6,5,0.0012773722627736905,0.031008357416230536,-0.01258719658163654,0.03232533889468181,0.0025188916876573986,0.03664921465968596,0.09485714285714286,-0.09485714285714286,-0.26530612244897955,0.17,5,回撤不明显,,60,0,0
167,AK-47 | Safari Mesh (Factory New),32.96,31.1,606,30,0.0495,0.9436,steamdt-live,37.48,191,33.34,210,,3,9,12,2,10,13,6,5,-0.006904833383368447,-0.0036275695284159193,-0.06458859870822797,-0.010507355148604014,0.07441729851165402,0.0,0.13308784850078914,-0.12896405919661735,-0.43945578231292515,1.17,10,长期阴跌,,60,0,0
168,USP-S | Cyrex (Factory New),194.0,190.0,3141,132,0.042,0.9794,steamdt-live,202.0,422,194.5,504,,3,12,15,2,10,10,3,5,0.0395663956639567,0.011470281543274119,-0.02499603656925431,0.051490514905149,0.03960396039603964,0.07479224376731297,0.12229109170700814,-0.12014150301600979,-0.43321257450040895,0.1,15,长期阴跌,,60,0,0
169,M4A1-S | Blood Tiger (Factory New),95.93,93.0,811,34,0.0419,0.9695,steamdt-live,96.28,247,96.62,214,,3,12,12,2,10,10,6,5,0.03194888178913735,-0.010010319917440613,-0.053999597017932666,0.02161874334398295,0.03354825710255893,0.02161874334398295,0.13083265380085163,-0.13083265380085163,-0.39476340694006307,1.17,11,长期阴跌,,60,0,0
170,Desert Eagle | Sputnik (Factory New),47.8,47.1,2168,73,0.0337,0.9854,steamdt-live,48.27,510,47.52,550,,3,12,15,2,10,10,3,5,0.01185089420383556,0.01192504258943794,-0.06563317898127652,0.023917259211376996,0.04328568552446144,0.08000000000000007,0.1663157894736842,-0.11902113459399322,-0.4190709046454767,1.17,12,长期阴跌,,60,0,0
171,AWP | Acheron (Factory New),46.8,45.1,2511,73,0.0291,0.9637,steamdt-live,47.0,558,46.99,518,,3,12,15,2,10,10,3,5,-0.0053944706675658205,0.057627118644067776,-0.002466367713004458,0.05192178017532023,0.008474576271186529,0.08837209302325566,0.11698113207547178,-0.11698113207547178,-0.47415730337078654,1.17,11,长期阴跌,,60,0,0
172,★ Moto Gloves | Cool Mint (Field-Tested),5886.0,5790.0,297,68,0.229,0.9837,steamdt-live,5900.0,45,6045.97,94,,17,12,9,5,8,0,3,5,0.023479468703880402,-0.0009041974780863438,0.013996478873239404,0.02255404114940518,0.009685555742391161,0.09062962962962962,0.0710725552050474,-0.0710725552050474,-0.32051918084799547,0.17,11,长期阴跌,,59,0,0
173,M4A4 | Royal Paladin (Factory New),1279.0,1240.0,308,52,0.1688,0.9695,steamdt-live,1298.49,85,1335.5,79,,14,12,9,2,6,10,6,0,0.01204916057514649,0.015159933328041886,-0.02245779348252841,0.02739175837416652,0.0007812499999999556,0.02739175837416652,0.045522388059701546,-0.045522388059701546,-0.17347360802357448,0.17,12,回撤不明显,,59,0,0
174,M4A1-S | Moss Quartz (Factory New),464.99,453.0,484,34,0.0702,0.9742,steamdt-live,473.93,129,474.99,202,,7,12,9,2,10,8,6,5,0.00019317450096600908,-0.00214596879761364,-0.008639033109200778,-0.001953208843099352,0.019897561284067167,0.024274731810471906,0.09002133114150956,-0.09002133114150956,-0.3168743021684197,0.12,8,长期阴跌,,59,0,0
175,M4A4 | The Coalition (Factory New),6880.0,6490.0,283,48,0.1696,0.9433,steamdt-live,7500.0,35,7100.0,63,,14,9,9,2,6,10,3,5,-0.0007353165522501204,0.05035281473180886,-0.04986229888389626,0.04958047292143397,0.0027540223220756666,0.09119746233148285,0.03776223776223775,-0.03776223776223775,-0.24726477024070026,1.17,11,回撤不明显,,58,0,0
176,AWP | Silk Tiger (Factory New),3019.9,2900.0,309,35,0.1133,0.9603,steamdt-live,3055.0,72,3019.0,82,,11,12,9,2,6,10,3,5,0.021139815184011645,0.03408117828395274,-0.040261832829808664,0.05594146327814031,0.0,0.06306560090144009,0.03438349592195744,-0.03453789574672206,-0.24126664991203817,1.07,5,回撤不明显,,58,0,0
177,Glock-18 | Warhawk (Factory New),39.48,37.3,384,32,0.0833,0.9448,steamdt-live,36.93,86,37.7,214,,7,9,9,2,10,10,6,5,0.0,0.025833333333333375,-0.016662114176454468,0.025833333333333375,0.0008116883116883189,0.029264214046822667,0.08362282878411909,-0.08362282878411909,-0.4292117465224111,0.17,4,长期阴跌,,58,0,0
178,Desert Eagle | Night Heist (Factory New),489.0,470.0,772,59,0.0764,0.9611,steamdt-live,505.29,131,504.21,166,,7,12,12,2,10,10,0,5,-0.010520833333333313,0.029582061269607385,0.04347826086956519,0.018750000000000044,0.0020408163265306367,0.11010215664018164,0.0936051899907322,-0.09107806691449816,-0.402200488997555,1.07,13,长期阴跌,,58,0,0
179,Glock-18 | Wasteland Rebel (Factory New),763.5,757.0,463,32,0.0691,0.9915,steamdt-live,765.0,98,768.22,155,,7,15,9,2,4,10,6,5,0.0035511551155116283,0.004354174614241035,-0.016782835559362885,0.007920792079207928,0.008994976831120272,0.009920634920634885,0.02614795918367352,-0.02552648372686661,-0.05740740740740746,1.17,9,回撤不明显,,58,0,0
180,Five-SeveN | Boost Protocol (Factory New),62.7,60.0,1310,69,0.0527,0.9569,steamdt-live,60.8,266,60.47,278,,3,9,15,2,8,20,1,0,-0.01864406779661021,0.04438687392055263,-0.025759577278731904,0.02491525423728813,0.008688524590164004,0.06274165202108972,0.07946414979448924,-0.07946414979448924,-0.32728890866614757,0.15,15,长期阴跌,,58,0,0
181,M4A4 | Desert-Strike (Factory New),446.5,435.0,891,44,0.0494,0.9742,steamdt-live,449.9,136,456.94,196,,3,12,12,2,8,10,6,5,0.009423963133640578,0.01919696865940801,-0.024719101123595544,0.02880184331797242,0.007557234941097946,0.02880184331797242,0.0745538582709806,-0.0755310778914241,-0.2809983896940419,0.74,11,回撤不明显,,58,0,0
182,AWP | Phobos (Factory New),36.0,34.0,1447,42,0.029,0.9444,steamdt-live,34.8,375,36.0,529,,3,9,15,2,4,20,0,5,-0.005029585798816405,0.03479036574487049,-0.03151862464183386,0.029585798816567976,0.002865329512893977,0.15999999999999992,0.022471910112359716,-0.005714285714285783,-0.27318295739348386,1.12,7,反弹较远,,58,0,0
183,AK-47 | Searing Rage (Factory New),107.0,102.0,1317,37,0.0281,0.9533,steamdt-live,112.95,402,111.61,308,,3,9,15,2,8,10,6,5,-0.014150943396226467,0.02392344497607657,0.00952380952380949,0.009433962264151052,0.0,0.028846153846153744,0.07519446845289546,-0.06550218340611358,-0.2302158273381295,1.17,5,回撤不明显,,58,0,0
184,★ Driver Gloves | Convoy (Minimal Wear),3087.5,2900.0,125,31,0.248,0.9393,steamdt-live,3486.0,33,3112.21,42,,17,9,7,5,6,10,3,0,0.012658227848101333,0.07204861111111116,-0.0193103448275862,0.08561884669479602,0.00016191709844559643,0.08561884669479602,0.04859777949655031,-0.04859777949655031,-0.22802850356294535,1.17,15,回撤不明显,,57,0,0
185,AK-47 | Aphrodite (Factory New),1765.0,1710.0,354,77,0.2175,0.9688,steamdt-live,1785.99,214,1811.32,195,,17,12,9,2,6,0,6,5,0.0005858230814295151,0.03337236533957855,0.004117647058823559,0.03397773872290566,0.0,0.03884638022366094,0.04800431499460622,-0.04800431499460622,-0.15711556829035334,1.17,8,回撤不明显,,57,0,0
186,M4A1-S | Mecha Industries (Factory New),1440.0,1410.0,544,93,0.171,0.9792,steamdt-live,1428.5,164,1433.55,134,,14,12,12,2,6,0,6,5,0.02868660691789926,-0.00034989503149052137,0.017692307692307674,0.028326674585178013,0.00034989503149052137,0.05036764705882346,0.03086838534599734,-0.03086838534599734,-0.09873817034700316,0.17,8,回撤不明显,,57,0,0
187,AWP | Electric Hive (Factory New),487.5,460.0,483,40,0.0828,0.9436,steamdt-live,465.59,221,487.88,200,,7,9,9,2,10,9,6,5,0.00019269472872851523,-0.003339398480145528,-0.022682569575224854,-0.0031473472359012655,0.02919160115932362,0.014954330434024277,0.10373835373835383,-0.10373835373835383,-0.3163142437591777,1.17,16,长期阴跌,,57,0,0
188,Galil AR | Kami (Factory New),28.78,27.8,469,36,0.0768,0.9659,steamdt-live,29.6,201,30.49,111,,7,12,9,2,6,10,6,5,-0.03417015341701535,0.03898916967509036,-0.00761245674740485,0.0034867503486750717,0.0075862068965516505,0.04654545454545467,0.04066666666666663,-0.04066666666666663,-0.3883103081827842,0.89,11,长期阴跌,,57,0,0
189,Tec-9 | Ossified (Factory New),64.17,60.0,511,26,0.0509,0.935,steamdt-live,62.99,69,62.78,192,,3,9,12,2,10,10,6,5,0.04340567612687818,0.0044800000000000395,-0.043130990415335524,0.04808013355592666,0.0,0.04808013355592666,0.10301471638805537,-0.1063345195729537,-0.5297378277153557,0.08,5,长期阴跌,,57,0,0
190,AK-47 | Blue Laminate (Factory New),153.81,147.0,1263,51,0.0404,0.9557,steamdt-live,153.2,677,162.77,378,,3,9,15,2,10,10,3,5,-0.02348387096774185,0.012156448202959691,0.04026845637583887,-0.011612903225806548,0.011612903225806548,0.0942857142857143,0.1518573880307812,-0.14884160231123966,-0.40551028327512617,0.33,11,长期阴跌,,57,0,0
191,Glock-18 | Grinder (Factory New),53.0,51.0,831,33,0.0397,0.9623,steamdt-live,53.88,326,53.61,257,,3,12,12,2,10,10,3,5,0.003800760152030458,0.05619768832204075,-0.01594488188976373,0.06021204240848155,0.009345794392523366,0.08163265306122458,0.09695007667405009,-0.09695007667405009,-0.4225950539274431,1.17,10,长期阴跌,,57,0,0
192,Glock-18 | Green Line (Factory New),36.01,33.7,1459,50,0.0343,0.9359,steamdt-live,34.28,257,36.48,437,,3,9,15,2,10,9,4,5,-0.0008723466123873314,-0.002328288707799664,-0.04551762420205385,-0.003198604245420178,0.04857063558145991,0.008531921153280386,0.11649484536082466,-0.11649484536082466,-0.5031884057971014,1.17,3,长期阴跌,,57,0,0
193,AK-47 | Steel Delta (Factory New),53.55,51.0,1863,58,0.0311,0.9524,steamdt-live,52.0,626,54.14,391,,3,9,15,2,10,10,3,5,0.0,0.07216494845360821,-0.0490196078431373,0.07216494845360821,0.0,0.07438016528925617,0.14134742404227219,-0.1396426207809397,-0.48,1.17,8,长期阴跌,,57,0,0
194,Desert Eagle | Eastern Enigma (Factory New),395.9,392.0,79,27,0.3418,0.9901,steamdt-live,403.0,68,405.09,126,,20,15,4,2,6,0,4,5,-0.00249066002490661,-0.011485642946317154,-0.011083743842364546,-0.013947696139476995,0.024876847290640436,0.0,0.038844379703811605,-0.03533138401559455,-0.13274917853231116,1.17,7,可能加速下跌,,56,0,0
195,AK-47 | Neon Rider (Factory New),1420.0,1400.0,462,111,0.2403,0.9859,steamdt-live,1400.0,185,1420.0,117,,17,12,9,2,8,0,3,5,-0.0003576537911301747,0.0017889087656528524,0.05989385898407895,0.0014306151645206988,0.0,0.0899182561307903,0.05341446923597026,-0.05341446923597026,-0.09735654416505479,1.17,7,回撤不明显,,56,0,0
196,AK-47 | Neon Revolution (Factory New),1550.0,1530.0,553,129,0.2333,0.9871,steamdt-live,1618.0,108,1588.15,143,,17,12,12,2,6,0,4,3,0.016894087069525776,-0.009904153354632572,0.014168039538714927,0.006822612085769952,0.020543615676358984,0.04133064516129026,0.03457943925233642,-0.03397755610972564,-0.08852405014147147,1.17,13,可能加速下跌,,56,0,0
197,★ Specialist Gloves | Foundation (Field-Tested),4893.0,4710.0,314,69,0.2197,0.9626,steamdt-live,4900.0,36,4998.5,70,,17,12,9,5,8,0,0,5,0.04712265652880987,-0.0020408163265306367,-0.0019195945816243842,0.044985671515485715,0.0020408163265306367,0.10147787245832296,0.07140144322066089,-0.057440246723207355,-0.31894150417827294,0.13,8,长期阴跌,,56,0,0
198,★ Specialist Gloves | Emerald Web (Field-Tested),7677.0,7450.0,360,53,0.1472,0.9704,steamdt-live,7987.5,84,7887.5,91,,11,12,9,5,8,0,6,5,0.027165833220705426,0.01013157894736838,-0.007511737089201831,0.03757264495202062,0.006792159906850337,0.05178791615289757,0.0737210424710425,-0.07293805096002903,-0.28761657309887256,0.17,7,回撤不明显,,56,0,0
199,AWP | Wildfire (Factory New),931.0,921.0,527,68,0.129,0.9893,steamdt-live,939.0,166,939.25,171,,11,12,12,2,8,0,6,5,-0.003731343283582045,-0.0037453183520599342,0.019565217391304346,-0.007462686567164201,0.008519701810436597,0.018599562363238453,0.06526104417670686,-0.06432160804020104,-0.13340531685158974,1.17,12,回撤不明显,,56,0,0
200,Glock-18 | Snack Attack (Factory New),654.5,629.0,379,37,0.0976,0.961,steamdt-live,670.55,71,662.46,103,,7,12,9,2,8,10,3,5,0.027991357946241413,0.011435635914078146,-0.013354231974921582,0.03974709283853328,0.008333333333333304,0.07295081967213113,0.07095913355760908,-0.07095913355760908,-0.22999999999999998,1.17,7,回撤不明显,,56,0,0
201,M4A1-S | Basilisk (Factory New),163.0,156.0,558,50,0.0896,0.9571,steamdt-live,166.5,201,169.29,188,,7,9,12,2,10,7,4,5,-0.00911854103343468,-0.0030674846625766694,0.015432098765432167,-0.012158054711246202,0.03100775193798444,0.028481012658227778,0.11684782608695654,-0.11684782608695654,-0.3234804329725228,0.17,13,长期阴跌,,56,0,0
202,Tec-9 | Jambiya (Factory New),40.5,30.4,245,19,0.0776,0.7506,steamdt-live,34.61,107,34.84,83,,7,1,7,2,10,20,4,5,-0.006310096153846145,0.04656788630178399,-0.04614502722843217,0.03996394230769229,0.008025222126683884,0.05325623858794892,0.1089083419155511,-0.1089083419155511,-0.49753193960511033,1.17,7,长期阴跌,,56,0,0
203,★ Driver Gloves | Racing Green (Field-Tested),176.97,174.0,188,14,0.0745,0.9832,steamdt-live,176.0,113,176.9,162,,7,12,7,5,4,10,6,5,0.028654970760233933,0.0005685048322909836,-0.02564102564102566,0.029239766081871288,0.0,0.029239766081871288,0.016649905017320332,0.041420118343195256,-0.06382978723404253,0.08,5,回撤不明显,,56,0,0
204,M4A4 | In Living Color (Factory New),549.9,537.0,840,47,0.056,0.9765,steamdt-live,550.0,166,558.39,226,,3,12,12,2,6,10,6,5,0.011342155009451904,0.02691588785046717,-0.019462465245597804,0.03856332703213616,0.0010909090909091423,0.043494776828110204,0.04931649074234301,-0.04849324558365087,-0.22565186751233268,0.17,8,回撤不明显,,56,0,0
205,M4A1-S | Black Lotus (Factory New),71.4,68.0,1507,27,0.0179,0.9524,steamdt-live,71.5,1065,73.5,498,,3,9,15,2,6,10,6,5,0.0,0.02160537988267275,-0.022517482517482534,0.02160537988267275,0.009708737864077555,0.02453723633232907,0.031207598371777445,-0.021917808219177992,-0.19594594594594583,0.14,12,回撤不明显,,56,0,0
206,AK-47 | The Empress (Factory New),1654.5,1610.0,341,95,0.2786,0.9731,steamdt-live,1688.88,164,1679.0,105,,17,12,9,2,4,0,6,5,0.01889129761536079,0.003039513677811634,0.015408805031446482,0.02198823165066588,0.0,0.04662226450999052,0.01727218582489576,0.0073260073260073,0.03125,0.21,4,回撤不明显,,55,0,0
207,M4A1-S | Hyper Beast (Factory New),1738.0,1700.0,240,52,0.2167,0.9781,steamdt-live,1809.06,55,1798.0,93,,17,12,7,2,8,0,6,3,0.022621809744779675,-0.01418037436188313,-0.006340057636887608,0.008120649651972123,0.01807909604519775,0.008120649651972123,0.054406964091403665,-0.054664128365515374,-0.10917478216299337,0.36,8,可能加速下跌,,55,0,0
208,★ Driver Gloves | Lunar Weave (Field-Tested),4022.41,3910.0,285,61,0.214,0.9721,steamdt-live,4391.38,19,4273.99,77,,17,12,9,5,6,0,6,0,0.040087448559670724,-0.005304337934547765,0.013820078226857824,0.0345704732510288,0.02222735393852482,0.054366972477064124,0.04976754514443382,-0.04976754514443382,-0.3351388429752067,0.17,11,长期阴跌,,55,0,0
209,M4A4 | Poseidon (Factory New),8799.0,8810.0,193,36,0.1865,1.0013,steamdt-live,9047.5,102,8965.0,79,,14,15,7,2,6,0,6,5,0.011439568827057878,0.018402777777777768,-0.006653875225303696,0.03005286644783345,0.008004509582863584,0.0475000000000001,0.04320215738938482,-0.04320215738938482,-0.22815721768176989,0.14,9,回撤不明显,,55,0,0
210,★ Moto Gloves | Spearmint (Field-Tested),10998.0,13550.0,408,65,0.1593,1.232,steamdt-live,11450.0,183,11597.0,107,"溢价求购:买一高于卖一,多为定向收特定图案,买一价不可作退出价",14,0,9,5,6,10,6,5,0.005694342395297536,0.012602739726027323,-0.027726927713533023,0.018368846436443764,0.009867392954413523,0.04608707957922542,0.044055522027760974,-0.027368421052631597,-0.21361702127659576,0.15,6,回撤不明显,买一异常溢价(不作为可成交退出价),55,0,0
211,FAMAS | Djinn (Factory New),215.83,203.0,131,14,0.1069,0.9406,steamdt-live,220.02,44,212.94,107,,11,9,7,2,8,7,6,5,-0.0049518826497243484,-0.00028169014084511446,-0.018928456849534814,-0.005232177894048395,0.024687399807630683,0.0003288391976323801,0.07554050533993228,-0.07554050533993228,-0.34654923742596744,1.17,3,长期阴跌,,55,0,0
212,AWP | LongDog (Factory New),2618.5,2530.0,341,36,0.1056,0.9662,steamdt-live,2599.5,129,2680.0,176,,11,12,9,2,10,0,6,5,-0.0030911901081916993,0.007751937984496138,0.0031007751937983663,0.004636785162287493,0.020715630885122405,0.040000000000000036,0.11337541390022743,-0.11337541390022743,-0.3121693121693122,1.17,2,长期阴跌,,55,0,0
213,M4A4 | Global Offensive (Factory New),289.0,282.0,318,32,0.1006,0.9758,steamdt-live,289.0,96,287.99,156,,11,12,9,2,10,0,6,5,-0.004818772260632764,0.01049122807017544,0.004842105263157981,0.005621900970738336,0.0030808640265853615,0.030412537121184968,0.09907401614215106,-0.09437106918238991,-0.29758536585365847,1.17,5,回撤不明显,,55,0,0
214,M4A4 | Buzz Kill (Factory New),2878.0,2830.0,977,87,0.089,0.9833,steamdt-live,2930.0,143,2900.0,139,,7,12,15,2,8,0,6,5,0.03571428571428581,-0.0075862068965517615,-0.007092198581560294,0.027857142857142803,0.0075862068965517615,0.051516258677384075,0.05623872766027216,-0.05623872766027216,-0.22205703473442362,0.16,6,回撤不明显,,55,0,0
215,Tec-9 | Safety Net (Factory New),77.9,72.0,441,29,0.0658,0.9243,steamdt-live,68.75,106,73.33,97,,7,6,9,2,10,10,6,5,0.012794117647058956,-0.0017424132423407013,-0.08859402224902824,0.011029411764705843,0.07854175043559841,0.013563320064868156,0.2186612115013069,-0.2186612115013069,-0.49615243679003296,0.17,5,长期阴跌,,55,0,0
216,M4A1-S | Leaded Glass (Factory New),272.0,271.0,1104,70,0.0634,0.9963,steamdt-live,276.25,233,280.06,211,,7,15,15,2,8,0,3,5,0.03211808918678072,0.021021021021021102,0.00042635658914735863,0.05381426523575206,0.02508960573476704,0.09677419354838701,0.06583782669917926,-0.06529209621993126,-0.25479452054794516,1.17,15,可能加速下跌,,55,0,0
217,Desert Eagle | Trigger Discipline (Factory New),37.15,35.7,706,43,0.0609,0.961,steamdt-live,37.86,438,36.55,369,,7,12,12,2,6,10,6,0,-0.003142857142857114,0.04757810260819717,-0.048913043478260754,0.04428571428571426,0.027925531914893775,0.04757810260819717,0.03815789473684217,-0.033068783068783025,-0.3587719298245614,1.17,13,长期阴跌,,55,0,0
218,Five-SeveN | Berries And Cherries (Factory New),553.5,538.0,273,12,0.044,0.972,steamdt-live,583.45,122,552.06,145,,3,12,9,2,8,10,6,5,0.0,0.003909730683202772,-0.009171171171171277,0.003909730683202772,0.00440036068530214,0.022333333333333316,0.05846437220725187,-0.05846437220725187,-0.25093622795115345,0.16,5,回撤不明显,,55,0,0
219,AK-47 | Bloodsport (Factory New),1014.0,1010.0,1576,56,0.0355,0.9961,steamdt-live,1009.0,1103,1022.2,356,,3,15,15,2,2,9,6,3,-0.005810518022454136,-0.0004952947003467045,0.00039408866995072067,-0.006302934804018112,0.00981354268891066,0.0014888337468983437,0.00981354268891066,-0.006889763779527547,-0.048113207547169856,1.16,5,回撤不明显,,55,0,0
220,M4A4 | Polysoup (Factory New),130.99,124.0,1237,32,0.0259,0.9466,steamdt-live,132.5,287,129.78,428,,3,9,15,2,8,10,3,5,0.049180327868852514,0.013906250000000009,-0.042386185243328156,0.06377049180327865,0.001615508885298933,0.07701244813278008,0.05270072992700725,-0.05270072992700725,-0.31514511873350926,1.1,7,长期阴跌,,55,0,0
221,AK-47 | Slate (Factory New),90.6,88.0,1978,24,0.0121,0.9713,steamdt-live,91.99,1423,90.5,720,,3,12,15,2,2,10,6,5,-0.0020229265003371966,0.019144144144144226,-0.018855441614290425,0.017082490447291487,0.0020950490682544176,0.02840909090909083,0.013086150490730697,-0.013086150490730697,-0.12135922330097082,1.17,8,回撤不明显,,55,0,0
222,AK-47 | Asiimov (Factory New),1955.55,1920.0,224,94,0.4196,0.9818,steamdt-live,2060.0,73,2050.0,84,,20,12,7,2,10,0,3,0,0.03743315508021383,0.008015463917525834,0.022137195955179045,0.04574866310160419,0.02222011110055555,0.07477328936521022,0.1029587155963303,-0.08619158878504674,-0.20827935222672067,1.17,11,可能加速下跌,,54,0,0
223,★ Sport Gloves | Occult (Field-Tested),3094.5,4280.0,265,60,0.2264,1.3831,steamdt-live,3129.0,296,3140.0,99,"溢价求购:买一高于卖一,多为定向收特定图案,买一价不可作退出价",17,0,9,5,4,8,6,5,-0.0006452653653815643,-0.0009685230024213398,-0.008128260104323326,-0.0016131634134537443,0.009728311305961856,0.0021049222797926426,0.01746308937926655,-0.0001615508885298711,-0.06227272727272726,1.17,4,回撤不明显,买一异常溢价(不作为可成交退出价),54,0,0
224,★ Driver Gloves | Lunar Weave (Minimal Wear),4158.0,4000.0,148,29,0.1959,0.962,steamdt-live,4496.5,20,4286.5,56,,14,12,7,5,8,0,3,5,-0.004497665224740044,-0.0028776978417266452,0.04773386693346682,-0.007362420144956583,0.007364789858791854,0.06615384615384623,0.07577407810798187,-0.07587678357114269,-0.308153078202995,1.04,4,长期阴跌,,54,0,0
225,USP-S | Pathfinder (Factory New),190.7,182.0,124,23,0.1855,0.9544,steamdt-live,184.09,71,190.4,101,,14,9,7,2,8,10,4,0,-0.0036063603081798457,0.00954208938853851,-0.025142491876631312,0.005901316867930717,0.0193895488201139,0.021643820411787695,0.07701178240160433,-0.07701178240160433,-0.4648546511627907,1.17,19,长期阴跌,,54,0,0
226,Desert Eagle | Emerald Jörmungandr (Factory New),2847.9,2810.0,311,44,0.1415,0.9867,steamdt-live,2839.5,109,2850.0,133,,11,12,9,2,2,10,3,5,0.0488175550448513,0.0035341933203745235,-0.01432225063938608,0.05252427904218249,0.0,0.07150943396226417,0.00924633635729244,-0.00924633635729244,-0.2020245167744873,1.17,8,回撤不明显,,54,0,0
227,USP-S | Para Green (Factory New),230.31,222.0,160,22,0.1375,0.9639,steamdt-live,232.32,67,225.45,89,,11,12,7,2,4,10,3,5,-0.0034388880928499788,0.08051761322789353,-0.047322200482322496,0.07680183407364938,0.0,0.08108756113934978,0.023983722239058092,-0.023983722239058092,-0.36666011180717484,1.17,5,长期阴跌,,54,0,0
228,USP-S | Road Rash (Factory New),947.98,882.0,158,17,0.1076,0.9304,steamdt-live,962.2,56,940.0,63,,11,9,7,2,4,10,6,5,0.013513513513513598,0.04444444444444451,-0.023628627032732608,0.05855855855855863,0.0,0.05855855855855863,0.028985806664876046,-0.028985806664876046,-0.21568627450980393,0.15,5,回撤不明显,,54,0,0
229,AWP | Atheris (Factory New),177.0,172.0,575,54,0.0939,0.9718,steamdt-live,173.0,293,170.0,270,,7,12,12,2,8,10,0,3,-0.006557782727047545,0.05866234898492961,0.05488481367878362,0.05171987131898059,0.017341040462427793,0.1258278145695364,0.07608695652173914,-0.07356948228882831,-0.4453507340946167,1.12,11,长期阴跌,,54,0,0
230,AWP | CMYK (Factory New),3640.0,3500.0,275,22,0.08,0.9615,steamdt-live,3722.52,94,3713.97,88,,7,12,9,2,8,10,6,0,0.01131618355944397,0.0,-0.013898630136986334,0.01131618355944397,0.002739726027397249,0.028385124578687027,0.06466649193403329,-0.06466649193403329,-0.2529502308876347,1.17,14,回撤不明显,,54,0,0
231,Desert Eagle | Midnight Storm (Factory New),516.5,501.0,767,55,0.0717,0.97,steamdt-live,502.88,157,512.55,140,,7,12,12,2,10,0,6,5,0.0020442110748140063,0.005780115602312064,-0.0010610610610609639,0.007836142453454098,0.013960784313725494,0.036865979381443204,0.10167917113254732,-0.10183961421682441,-0.3852322738386308,1.16,3,长期阴跌,,54,0,0
232,FAMAS | Valence (Factory New),163.79,155.0,284,20,0.0704,0.9463,steamdt-live,180.0,94,165.67,127,,7,9,9,2,8,10,6,3,-0.00012500781298840913,0.023879477402012794,-0.01204149685068534,0.023751484467779083,0.007333333333333414,0.049935897435897436,0.06405714285714292,-0.06405714285714292,-0.3287295081967213,1.12,5,长期阴跌,,54,0,0
233,M4A4 | Temukau (Factory New),603.9,586.0,736,42,0.0571,0.9704,steamdt-live,625.0,660,603.9,379,,3,12,12,2,4,10,6,5,0.007619047619047636,0.019274912233324226,-0.023255813953488413,0.027040816326530548,0.0,0.04120689655172405,0.02360549717057403,-0.02281553398058256,-0.1506329113924051,0.17,9,回撤不明显,,54,0,0
234,Five-SeveN | Copper Galaxy (Factory New),111.6,107.0,588,32,0.0544,0.9588,steamdt-live,110.98,126,110.65,158,,3,9,12,2,10,10,3,5,0.015339805825242747,0.05804169057181108,-0.045412418906394914,0.07427184466019421,0.0,0.07961752366084518,0.08174273858921155,-0.08455365268470261,-0.3615118291979227,0.54,13,长期阴跌,,54,0,0
235,AWP | Black Nile (Factory New),85.0,80.0,1020,44,0.0431,0.9412,steamdt-live,89.7,244,87.75,412,,3,9,15,2,10,10,0,5,-0.0012594458438288658,0.07187894073139978,-0.03170731707317065,0.07052896725440805,0.03332196065051751,0.1378848728246318,0.09362337385370012,-0.09352671430094905,-0.48009052541439845,1.17,16,长期阴跌,,54,0,0
236,AK-47 | Legion of Anubis (Factory New),342.98,338.0,787,32,0.0407,0.9855,steamdt-live,345.0,335,349.88,223,,3,12,12,2,4,10,6,5,-2.973535533745686e-05,0.018406732284635297,-0.01953352769679295,0.018376449598572764,0.0015160349854227428,0.019923166264629755,0.020085836909871202,-0.015635778339848194,-0.041450922220045316,1.17,10,回撤不明显,,54,0,0
237,FAMAS | Faulty Wiring (Factory New),16.87,16.1,436,15,0.0344,0.9544,steamdt-live,16.84,89,17.05,148,,3,9,9,2,10,10,6,5,0.02957151478575737,-0.01289566236811246,-0.03550640279394646,0.016294508147254083,0.019790454016297976,0.01937046004842613,0.0897297297297297,-0.0897297297297297,-0.5319622012229015,1.17,5,长期阴跌,,54,0,0
238,★ Driver Gloves | Convoy (Field-Tested),3001.52,2960.0,178,66,0.3708,0.9862,steamdt-live,3188.0,18,3092.23,45,,20,12,7,5,6,0,3,0,0.0013956734124214165,0.045825783972125445,-0.0076177285318559385,0.04728541521284013,0.01701664985524709,0.07197142857142858,0.04864659270998417,-0.03176774193548393,-0.25242341220423414,1.17,12,暂未减速,,53,0,0
239,★ Hand Wraps | Spruce DDPAT (Field-Tested),2299.5,2220.0,284,69,0.243,0.9654,steamdt-live,2453.84,25,2300.0,80,,17,12,9,5,6,0,4,0,-0.0011273957158962622,0.03814898419864554,-0.0011216266739939584,0.03697857948139793,0.00021739130434783593,0.05530059660394682,0.03260005300821622,-0.03259191323407529,-0.2070689655172414,0.12,11,回撤不明显,,53,0,0
240,AK-47 | X-Ray (Factory New),12191.5,15000.0,148,35,0.2365,1.2304,steamdt-live,12499.5,63,12265.5,59,"溢价求购:买一高于卖一,多为定向收特定图案,买一价不可作退出价",17,0,7,2,6,10,6,5,0.01724137931034475,0.03317796610169488,-0.025169124753140926,0.05099137931034492,4.101049868765472e-05,0.05099137931034492,0.044440960928008755,-0.044440960928008755,-0.20656614270029783,1.17,10,回撤不明显,买一异常溢价(不作为可成交退出价),53,0,0
241,M4A1-S | Player Two (Factory New),990.0,975.0,440,96,0.2182,0.9848,steamdt-live,999.5,128,987.5,149,,17,12,9,2,2,0,6,5,0.009318374346577452,0.010747185261003045,0.0004961240310077386,0.020165705903014475,0.0071385481600643175,0.03294979079497917,0.012006003001500787,-0.00952858575727178,-0.08564814814814814,0.16,10,回撤不明显,,53,0,0
242,★ Hand Wraps | Constrictor (Minimal Wear),656.5,650.0,109,18,0.1651,0.9901,steamdt-live,672.99,50,660.0,74,,14,15,7,5,6,2,4,0,-0.005275056518462717,-0.005303030303030254,-0.012648809523809534,-0.010550113036925435,0.022338049143708072,0.0,0.0324244657332351,-0.0324244657332351,-0.06878111746265902,0.15,11,暂未减速,,53,0,0
243,★ Hydra Gloves | Case Hardened (Minimal Wear),518.0,530.0,124,20,0.1613,1.0232,steamdt-live,510.99,120,539.99,79,,14,15,7,5,8,0,4,0,-0.0009690110273454788,-0.008729558284350847,0.015908330215983035,-0.0096901102734549,0.009709302325581426,0.006064066468468798,0.051931426026939786,-0.051931426026939786,-0.1307919983670136,0.16,3,回撤不明显,,53,0,0
244,M4A4 | Daybreak (Factory New),4188.0,3810.0,166,23,0.1386,0.9097,steamdt-live,4900.0,47,4300.0,55,,11,6,7,2,6,10,6,5,0.03704618424302297,-0.002619671350321484,-0.04278959810874705,0.03432946406520121,0.009694963348309327,0.04752376188094054,0.03724137931034488,-0.03724137931034488,-0.2521428571428571,0.15,2,回撤不明显,,53,0,0
245,M4A1-S | Control Panel (Factory New),960.0,939.0,771,102,0.1323,0.9781,steamdt-live,980.0,69,980.72,120,,11,12,12,2,10,0,3,3,0.030755897287747525,0.03269481604449864,0.0027743732590528314,0.0644562717363526,0.023166653071213017,0.08863636363636362,0.11131725417439708,-0.10467289719626172,-0.18119658119658122,0.14,15,暂未减速,,53,0,0
246,M4A1-S | Flashback (Factory New),747.0,734.0,749,98,0.1308,0.9826,steamdt-live,770.0,64,759.98,117,,11,12,12,2,10,0,3,3,0.033465157507159615,-0.02354058904254197,-0.002312925170068092,0.009136778944497603,0.044001756969743844,0.07246376811594213,0.09880286921681103,-0.07499999999999996,-0.3266606005459509,0.17,19,长期阴跌,,53,0,0
247,Glock-18 | Bullet Queen (Factory New),715.0,692.0,458,59,0.1288,0.9678,steamdt-live,715.0,103,710.89,141,,11,12,9,2,8,0,6,5,-0.00014064697609006416,-1.406667604442191e-05,0.023758099352051865,-0.00015471167369907057,0.0007168962608939955,0.031770682148040574,0.06400263331138911,-0.0646184210526316,-0.21011344570495227,1.09,2,回撤不明显,,53,0,0
248,Tec-9 | Bamboo Forest (Factory New),196.0,191.0,1337,109,0.0815,0.9745,steamdt-live,196.5,299,196.74,225,,7,12,15,2,4,10,3,0,-0.012987012987012991,0.03157894736842115,0.04054054054054057,0.018181818181818077,0.005076142131979711,0.0652173913043479,0.015075376884422065,0.0017377082694469692,-0.21912350597609564,1.08,14,回撤不明显,,53,0,0
249,M4A4 | Hellish (Factory New),700.0,697.0,627,49,0.0781,0.9957,steamdt-live,698.9,184,714.5,225,,7,15,12,2,6,0,6,5,0.0014471780028944004,0.009971098265895817,0.0016089521517923533,0.011432706222865407,0.001571428571428557,0.016197510759567324,0.03600000000000003,-0.03600000000000003,-0.2966690147931972,1.17,9,回撤不明显,,53,0,0
250,FAMAS | ZX Spectron (Factory New),142.0,129.0,616,37,0.0601,0.9085,steamdt-live,140.49,139,141.0,169,,7,6,12,2,10,10,3,3,0.06153846153846154,0.018043478260869605,-0.0453811132324865,0.08069230769230784,0.0,0.08069230769230784,0.0817046865808223,-0.0817046865808223,-0.30104477611940295,1.17,12,长期阴跌,,53,0,0
251,AK-47 | The Outsiders (Factory New),345.29,330.0,957,57,0.0596,0.9557,steamdt-live,336.58,179,340.0,303,,3,9,15,2,10,10,4,0,-0.009009009009009028,0.019939393939393923,0.012158054711246091,0.010750750750750715,0.0,0.029296636085626826,0.0878590785907859,-0.0878590785907859,-0.30602061855670104,1.17,6,长期阴跌,,53,0,0
252,AWP | POP AWP (Factory New),184.5,183.0,1274,69,0.0542,0.9919,steamdt-live,187.8,330,189.58,283,,3,15,15,2,10,0,3,5,0.006795580110497079,0.012456785381111946,0.0038824181919023815,0.01933701657458564,0.015159602861108179,0.06107660455486541,0.15749577606283394,-0.15366972477064222,-0.45414201183431957,1.17,12,长期阴跌,,53,0,0
253,Five-SeveN | Buddy (Factory New),22.79,19.7,406,20,0.0493,0.8644,steamdt-live,22.2,153,22.01,189,,3,3,9,2,8,20,3,5,-0.005275779376498924,0.06123432979749288,-0.05227272727272725,0.05563549160671455,0.0,0.06123432979749288,0.06459838504037396,-0.04304347826086952,-0.44837092731829564,1.17,6,长期阴跌,,53,0,0
254,AWP | Mortis (Factory New),69.99,67.0,971,34,0.035,0.9573,steamdt-live,68.92,338,71.49,398,,3,9,15,2,8,10,6,0,-0.0014622020763268573,0.00922536242495231,-0.011705202312138785,0.007749671004532832,0.004046242774566444,0.014125956444967835,0.0570529484197565,-0.0570529484197565,-0.3038383838383838,1.17,12,长期阴跌,,53,0,0
255,M4A4 | Tooth Fairy (Factory New),75.88,75.0,1601,34,0.0212,0.9884,steamdt-live,78.78,467,81.9,582,,3,12,15,2,10,2,4,5,-0.011553273427471145,-0.014545454545454639,-0.03827160493827153,-0.025930680359435354,0.06320987654320998,0.0,0.11664726426076844,-0.11355140186915891,-0.294139534883721,0.55,12,暂未减速,,53,0,0
256,★ Driver Gloves | Plum Quill (Field-Tested),635.5,661.0,46,35,0.7609,1.0401,steamdt-live,648.0,36,637.7,31,,20,15,4,5,2,0,6,0,0.03143640174109308,-0.006720850265708012,-0.004813091609176978,0.024504272126390614,0.006720850265708012,0.024504272126390614,0.006720850265708012,0.017614091273018495,-0.006254886630179812,1.17,8,回撤不明显,,52,0,0
257,M4A4 | Falak (Factory New),867.99,843.0,65,39,0.6,0.9712,steamdt-live,868.5,50,877.0,97,,20,12,4,2,0,10,4,0,-0.01105293775450844,0.021164705882352974,0.007620164126612039,0.00987783595113445,0.0,0.030866983372921597,0.00459862385321097,-0.00459862385321097,-0.0668279309788743,1.17,12,回撤不明显,,52,0,0
258,★ Specialist Gloves | Pillow Punchers (Minimal Wear),8400.0,11480.0,73,37,0.5068,1.3667,steamdt-live,8500.0,91,8610.0,26,"溢价求购:买一高于卖一,多为定向收特定图案,买一价不可作退出价",20,0,4,5,2,10,6,5,0.010301825411169308,0.0017889087656528524,-0.009606205250596633,0.012109163202602469,0.004739336492891044,0.013268998793727338,0.010950194277640435,-0.0057995028997513964,-0.04534606205250602,1.17,6,回撤不明显,买一异常溢价(不作为可成交退出价),52,0,0
259,Tec-9 | Decimator (Factory New),715.49,676.0,203,59,0.2906,0.9448,steamdt-live,709.5,53,729.6,54,,17,9,7,2,8,0,6,3,0.0,-0.0014306151645206988,0.01011560693641611,-0.0014306151645206988,0.027855153203342642,0.026470588235294024,0.07549668874172188,-0.07549668874172188,0.015272727272727327,0.17,5,可能加速下跌,,52,0,0
260,AK-47 | Aquamarine Revenge (Factory New),1240.0,1200.0,360,96,0.2667,0.9677,steamdt-live,1284.46,123,1260.0,96,,17,12,9,2,4,0,3,5,0.05597964376590325,-0.004016064257028162,0.0034042553191488967,0.05173876166242586,0.009402685796911614,0.06988783433994827,0.02361435916818244,-0.014308426073131986,-0.020537124802527673,1.17,12,回撤不明显,,52,0,0
261,M4A1-S | Chantico's Fire (Factory New),1635.0,1610.0,262,59,0.2252,0.9847,steamdt-live,1669.5,73,1635.0,91,,17,12,9,2,6,0,6,0,0.014807039209632666,-0.005159782899700649,-0.00030864197530866555,0.009570855202222894,0.005468403092476204,0.010819165378670892,0.03197158081705154,-0.02358913108390559,-0.11597729115977295,0.13,7,回撤不明显,,52,0,0
262,★ Bloodhound Gloves | Snakebite (Minimal Wear),1224.5,1160.0,146,26,0.1781,0.9473,steamdt-live,1398.0,16,1252.73,57,,14,9,7,5,6,0,6,5,0.001225991009399241,-0.00040816326530612734,0.029015979814970505,0.000817327339599494,0.002850162866449457,0.029857022708158043,0.04335937499999998,-0.04238679909282872,-0.2612813706563706,1.17,4,回撤不明显,,52,0,0
263,Desert Eagle | Hypnotic (Factory New),987.48,965.0,226,36,0.1593,0.9772,steamdt-live,1002.3,76,992.91,85,,14,12,7,2,6,0,6,5,-0.0005050505050504528,-0.002041435068216302,0.010204081632652962,-0.0025454545454545174,0.023196462663092388,0.04495238095238108,0.03188235294117647,-0.04128155339805828,-0.20009720534629405,1.08,7,可能加速下跌,,52,0,0
264,Galil AR | Cerberus (Factory New),970.0,945.0,273,36,0.1319,0.9742,steamdt-live,1068.21,66,978.28,105,,11,12,9,2,10,0,3,5,0.000532197977647586,0.03191489361702127,0.011313361823055201,0.03246407663650874,0.0,0.07538802660753885,0.08447380840018881,-0.08447380840018881,-0.2876289795468733,0.15,11,回撤不明显,,52,0,0
265,Desert Eagle | Mecha Industries (Factory New),165.88,160.0,919,103,0.1121,0.9646,steamdt-live,162.0,352,167.51,186,,11,12,15,2,6,0,3,3,0.025317258883248872,0.0025372857231265034,0.027379400260756137,0.027918781725888353,0.0357142857142857,0.08000000000000007,0.0357142857142857,0.060209424083769614,-0.11956521739130432,1.17,19,可能加速下跌,,52,0,0
266,P250 | Hive (Factory New),44.68,40.6,183,19,0.1038,0.9087,steamdt-live,42.2,84,42.15,128,,11,6,7,2,8,10,3,5,0.010126582278481067,0.0563909774436091,-0.06398104265402849,0.06708860759493662,0.0011848341232228998,0.07525510204081631,0.05046181572426223,-0.051530153015301505,-0.4965962020781083,1.03,4,长期阴跌,,52,0,0
267,P250 | Mint Kimono (Factory New),80.09,75.0,182,16,0.0879,0.9364,steamdt-live,72.64,95,75.2,86,,7,9,7,2,10,8,6,3,-0.020139634801288886,-0.004658810633050181,-0.025895893277530613,-0.02470461868958118,0.049960763798064245,0.0,0.13523809523809527,-0.13523809523809527,-0.45383458646616537,1.17,4,长期阴跌,,52,0,0
268,Glock-18 | Red Tire (Factory New),67.6,63.0,290,23,0.0793,0.932,steamdt-live,67.3,91,65.16,138,,7,9,9,2,10,10,0,5,-0.0031250000000000444,0.02131661442006272,-0.08072392990519972,0.018124999999999947,0.06406205113473151,0.06819672131147536,0.15255559890753034,-0.09512567698930718,-0.5597297297297297,1.17,9,长期阴跌,,52,0,0
269,USP-S | Purple DDPAT (Factory New),150.0,149.0,1011,72,0.0712,0.9933,steamdt-live,160.0,175,157.0,263,,7,15,15,2,10,0,0,3,0.0033670033670034627,0.010067114093959662,0.032684283727399066,0.013468013468013407,0.022727272727272707,0.1012732328406265,0.10682492581602376,-0.10682492581602376,-0.4303126656067833,0.17,16,长期阴跌,,52,0,0
270,AK-47 | Orbit Mk01 (Factory New),587.78,575.0,909,63,0.0693,0.9783,steamdt-live,613.1,163,583.98,156,,7,12,15,2,8,0,3,5,-0.003481288076588318,0.020052401746724957,0.027728085867620766,0.01650130548302875,0.0,0.06371584699453559,0.058840593724314605,-0.058840593724314605,-0.24099298154406024,1.17,12,回撤不明显,,52,0,0
271,Galil AR | Chromatic Aberration (Factory New),115.4,108.0,678,38,0.056,0.9359,steamdt-live,123.5,187,122.0,206,,3,9,12,2,10,10,6,0,-0.021276595744680882,0.003478260869565375,-0.004237288135593209,-0.017872340425531874,0.02203389830508473,0.003478260869565375,0.09004888818798285,-0.08405429002301756,-0.3405714285714285,1.04,8,长期阴跌,,52,0,0
272,Galil AR | Firefight (Factory New),59.3,57.0,601,30,0.0499,0.9612,steamdt-live,59.7,116,60.1,205,,3,12,12,2,10,6,2,5,-0.0018333333333333535,-0.011521122057104649,-0.030694668820678506,-0.013333333333333308,0.043618739903069415,0.003389830508474523,0.09893455098934556,-0.09893455098934556,-0.3688699360341151,1.17,10,长期阴跌,,52,0,0
273,AK-47 | Phantom Disruptor (Factory New),132.5,125.0,1540,56,0.0364,0.9434,steamdt-live,129.5,320,131.78,552,,3,9,15,2,8,10,0,5,0.0,0.07916666666666661,-0.015586546349466768,0.07916666666666661,0.003079291762894565,0.1175353814290645,0.06834532374100721,-0.047794117647058876,-0.276536312849162,1.15,6,回撤不明显,,52,0,0
274,AWP | Lightning Strike (Factory New),2970.0,2910.0,589,19,0.0323,0.9798,steamdt-live,2999.5,478,2975.0,146,,3,12,12,2,2,10,6,5,0.005747126436781658,-0.001680672268907557,-0.00904190633804458,0.0040567951318457585,0.005021792367813527,0.010891763104152519,0.01127874615497293,-0.01127874615497293,-0.041777840870594773,1.17,9,回撤不明显,,52,0,0
275,M4A4 | Red DDPAT (Factory New),924.5,906.0,154,73,0.474,0.98,steamdt-live,1050.0,21,936.88,59,,20,12,7,2,10,0,0,0,0.017894736842105186,-0.043950361944157135,0.2125389288814008,-0.02684210526315789,0.10111813320369467,0.17999183131668972,0.10111813320369467,0.2664383561643835,-0.14792626728110603,1.17,19,反弹较远,,51,0,0
276,Desert Eagle | Heirloom (Factory New),655.0,643.0,113,41,0.3628,0.9817,steamdt-live,696.5,36,679.5,51,,20,12,7,2,6,0,4,0,-0.0007751937984495916,0.01629169899146632,-0.006163328197226536,0.015503875968992276,0.020926756352765308,0.040210900774996894,0.03676470588235292,-0.05890804597701149,-0.08606351509739352,1.15,8,暂未减速,,51,0,0
277,★ Hand Wraps | Desert Shamagh (Minimal Wear),379.5,450.0,142,23,0.162,1.1858,steamdt-live,398.5,49,384.4,98,"溢价求购:买一高于卖一,多为定向收特定图案,买一价不可作退出价",14,0,7,5,4,10,6,5,0.014686248331108098,-0.001315789473684159,-0.015768725361366642,0.013351134846461887,0.0026281208935611255,0.03830369357045149,0.019379844961240345,0.0,-0.1659340659340659,0.17,8,回撤不明显,买一异常溢价(不作为可成交退出价),51,0,0
278,★ Hydra Gloves | Rattler (Field-Tested),180.0,168.0,109,16,0.1468,0.9333,steamdt-live,176.0,125,175.91,180,,11,9,7,5,0,10,6,3,0.015058823529411791,0.019413537320352336,-0.025787965616045794,0.03476470588235303,0.0,0.03781710914454273,0.003342776203966058,0.047706968433591346,-0.0712249208025344,0.17,13,回撤不明显,,51,0,0
279,AWP | Hyper Beast (Factory New),940.0,930.0,371,54,0.1456,0.9894,steamdt-live,999.85,94,964.0,93,,11,12,9,2,8,0,6,3,0.012910166756320507,-0.0015932023366967973,-0.0005376344086021057,0.011296395911780444,0.024896265560165998,0.02732240437158473,0.07978463044542339,-0.05811623246492981,-0.14506593906321053,1.17,13,可能加速下跌,,51,0,0
280,Five-SeveN | Hot Shot (Factory New),239.5,221.0,155,12,0.0774,0.9228,steamdt-live,256.54,75,250.49,78,,7,6,7,2,8,10,6,5,0.04347826086956519,-0.002083333333333326,-0.06950400517841249,0.04130434782608705,0.03107047495752091,0.04130434782608705,0.06863698230604698,-0.07051655217914388,-0.33361157484696713,1.1,2,长期阴跌,,51,0,0
281,M4A1-S | Blue Phosphor (Factory New),3290.0,3350.0,547,37,0.0676,1.0182,steamdt-live,3300.0,313,3400.0,141,,7,15,12,2,8,0,2,5,-0.000597104045379937,-0.017326362957430952,-0.011946902654867309,-0.017913121361397222,0.029646017699115013,0.0,0.05987424978565303,-0.060008572653236225,-0.13399798340919677,0.16,6,可能加速下跌,,51,0,0
282,MP9 | Rose Iron (Factory New),49.5,45.4,491,25,0.0509,0.9172,steamdt-live,50.3,191,51.71,186,,3,6,9,2,10,10,6,5,-0.0002071251035624666,0.025481665630826544,-0.03227099619162155,0.025269262634631362,0.007817197835237488,0.0314648885184412,0.08333333333333337,-0.10810810810810811,-0.37341772151898733,1.07,3,长期阴跌,,51,0,0
283,M4A4 | Sheet Lightning (Factory New),25.5,23.4,1079,26,0.0241,0.9176,steamdt-live,25.98,553,25.7,658,,3,6,15,2,6,10,4,5,0.0019762845849802257,0.00591715976331364,-0.029163468917881685,0.007905138339920903,0.02148887183422865,0.020000000000000018,0.04530138524897043,-0.0449438202247191,-0.34430444844433017,1.17,10,长期阴跌,,51,0,0
284,M4A1-S | Solitude (Factory New),68.32,65.0,4870,48,0.0099,0.9514,steamdt-live,69.9,2651,69.22,2308,,3,9,15,2,8,5,4,5,-0.0034965034965034336,-0.0011695906432750425,-0.009380863039399667,-0.004662004662004726,0.013999134074181185,0.05107692307692302,0.0755074424898513,-0.06385311044121689,-0.3334634146341464,1.04,8,长期阴跌,,51,0,0
285,★ Hand Wraps | Duct Tape (Minimal Wear),402.0,475.0,127,26,0.2047,1.1816,steamdt-live,424.99,68,419.0,50,"溢价求购:买一高于卖一,多为定向收特定图案,买一价不可作退出价",17,0,7,5,8,2,6,5,-0.006174813648552213,-0.00490123273429377,0.0036790123456791335,-0.011045782184063602,0.03710268509425374,0.0,0.05633802816901412,-0.014705882352941124,-0.13362068965517238,0.08,7,可能加速下跌,买一异常溢价(不作为可成交退出价),50,0,0
286,MP9 | Hot Rod (Factory New),1330.0,1300.0,245,34,0.1388,0.9774,steamdt-live,1329.0,112,1299.99,133,,11,12,7,2,0,10,3,5,-0.0008340353130551481,0.08514261387824607,-0.01559947126002681,0.08423756661857063,0.0,0.08514261387824607,0.0,0.015625122071266206,-0.06689683388482548,1.05,7,回撤不明显,,50,0,0
287,AK-47 | B the Monster (Factory New),2100.0,2080.0,518,54,0.1042,0.9905,steamdt-live,2164.0,275,2159.5,166,,11,15,12,2,10,0,0,0,-0.0009225092250922939,-0.030470914127423865,-0.023423423423423406,-0.03136531365313655,0.05405405405405406,0.0,0.09948542024013718,-0.10137361461765593,-0.1953591380380557,1.15,8,可能加速下跌,,50,0,0
288,Desert Eagle | Golden Koi (Factory New),1295.0,1270.0,499,50,0.1002,0.9807,steamdt-live,1319.0,180,1339.49,170,,11,12,9,2,10,0,6,0,0.00038946460072231126,-0.011450381679389277,-0.00038931297709920987,-0.011065376596995802,0.011450381679389277,0.0,0.0847991858599707,-0.07973280272882322,-0.16987179487179482,1.16,7,可能加速下跌,,50,0,0
289,Galil AR | Sugar Rush (Factory New),810.0,796.0,349,26,0.0745,0.9827,steamdt-live,800.0,69,849.39,99,,7,12,9,2,10,3,4,3,-0.016969696969696968,-0.013563501849568449,-0.033391915641476255,-0.030303030303030276,0.05882352941176472,0.0,0.14391807295958225,-0.14438502673796794,-0.3269732303602376,0.32,8,长期阴跌,,50,0,0
290,M4A1-S | Boreal Forest (Factory New),53.51,47.0,619,32,0.0517,0.8783,steamdt-live,52.85,116,53.76,128,,3,3,12,2,10,9,6,5,-0.01303780964797907,-0.0026420079260237594,-0.01720666300567464,-0.01564537157757495,0.032228529573338216,0.05699999999999994,0.17421874999999998,-0.17421874999999998,-0.49123989218328834,0.32,8,长期阴跌,,50,0,0
291,Galil AR | Blue Titanium (Factory New),98.8,94.0,940,40,0.0426,0.9514,steamdt-live,98.23,135,98.84,247,,3,9,15,2,10,0,6,5,-0.0002031075454452802,-0.0022346368715083775,0.015154639175257723,-0.0024372905453436955,0.0035504159058632467,0.05623655913978509,0.1420960698689956,-0.13278008298755184,-0.4704582210242587,1.17,2,长期阴跌,,50,0,0
292,★ Specialist Gloves | Fade (Field-Tested),1029.0,1980.0,1094,40,0.0366,1.9242,steamdt-live,1077.0,981,1070.0,440,"溢价求购:买一高于卖一,多为定向收特定图案,买一价不可作退出价",3,0,15,5,6,10,6,5,0.015463763347590698,0.009818360333824216,-0.020402781575965867,0.02543395248207858,0.0014563106796116054,0.027472527472527375,0.042364990689013005,-0.042364990689013005,-0.13571428571428568,0.04,3,回撤不明显,买一异常溢价(不作为可成交退出价),50,0,0
293,★ Driver Gloves | Wave Chaser (Field-Tested),1021.0,2020.0,76,40,0.5263,1.9785,steamdt-live,995.0,86,1018.97,58,"溢价求购:买一高于卖一,多为定向收特定图案,买一价不可作退出价",20,0,4,5,4,10,6,0,-0.005025125628140725,0.005050505050504972,-0.0020060180541624506,0.0,0.0020060180541624506,0.005050505050504972,0.018737672583826415,-0.01922129127649086,-0.06835205992509363,0.92,2,回撤不明显,买一异常溢价(不作为可成交退出价),49,0,0
294,Glock-18 | Weasel (Factory New),270.0,266.0,441,134,0.3039,0.9852,steamdt-live,274.9,78,280.0,53,,20,12,9,2,6,0,0,0,0.06007751937984507,0.00511882998171842,0.18566176470588247,0.0655038759689921,0.04548611111111123,0.26390804597701134,0.04548611111111123,0.2717431532198371,0.16483050847457625,1.17,21,反弹较远,,49,0,0
295,★ Moto Gloves | Eclipse (Minimal Wear),3230.0,3030.0,136,36,0.2647,0.9381,steamdt-live,3555.0,20,3394.09,43,,17,9,7,5,8,0,3,0,0.03489137590520075,0.027353689567430006,0.029830508474576245,0.06319947333772213,0.006153846153846176,0.0949152542372882,0.05981662057924608,-0.044378698224852076,-0.24,0.17,9,回撤不明显,,49,0,0
296,★ Specialist Gloves | Chocolate Chesterfield (Field-Tested),530.99,622.0,114,29,0.2544,1.1714,steamdt-live,531.0,105,546.67,60,"溢价求购:买一高于卖一,多为定向收特定图案,买一价不可作退出价",17,0,7,5,4,10,6,0,-0.0018832391713747842,0.0018679245283019785,-0.009328358208955279,-1.883239171374118e-05,0.001898496240601455,0.021134615384615474,0.02031365313653133,-0.022117863720073627,-0.06843859649122808,0.14,6,回撤不明显,买一异常溢价(不作为可成交退出价),49,0,0
297,M4A1-S | Nightmare (Factory New),1626.0,1570.0,396,80,0.202,0.9656,steamdt-live,1650.0,68,1594.35,70,,17,12,9,2,6,0,3,0,0.015333475609361713,0.015509554140127335,0.030859999999999888,0.031080845119608735,0.014446257696016707,0.07003355704697989,0.04103285876684892,-0.050982142857142865,-0.0730523255813954,0.17,8,暂未减速,,49,0,0
298,★ Sport Gloves | Red Racer (Field-Tested),804.5,1260.0,228,41,0.1798,1.5662,steamdt-live,807.5,204,813.0,88,"溢价求购:买一高于卖一,多为定向收特定图案,买一价不可作退出价",14,0,7,5,6,10,4,3,-0.00801479654747228,0.0,0.004334365325077361,-0.00801479654747228,0.00801479654747228,0.018354430379746933,0.031889290012033666,-0.030722891566265065,-0.11883899233296824,0.91,7,回撤不明显,买一异常溢价(不作为可成交退出价),49,0,0
299,M4A1-S | Golden Coil (Factory New),1494.0,1460.0,332,57,0.1717,0.9772,steamdt-live,1500.0,102,1554.13,136,,14,12,9,2,6,0,6,0,0.006013377926421315,-0.006642331398480028,0.019086571233810412,-0.0006688963210702559,0.031750043746232914,0.02434007541995209,0.035195350339037756,-0.035506778566817276,-0.1325855221904828,0.16,9,可能加速下跌,,49,0,0
300,★ Moto Gloves | Boom! (Minimal Wear),3158.0,2830.0,152,24,0.1579,0.8961,steamdt-live,3288.5,24,3093.02,55,,14,6,7,5,6,0,6,5,0.014268852459016435,-0.00016162817761000703,0.016666666666666607,0.014104918032786795,0.007072117622510143,0.03135045015005011,0.04986268715403008,-0.04986268715403008,-0.24004422604422604,0.15,5,回撤不明显,,49,0,0
301,AK-47 | Frontside Misty (Factory New),749.5,735.0,392,60,0.1531,0.9807,steamdt-live,750.0,92,749.9,182,,14,12,9,2,6,0,6,0,0.0,0.03379310344827591,0.0006901311249136732,0.03379310344827591,0.0006666666666667043,0.046787709497206675,0.03909024474672751,-0.03909024474672751,-0.1596591546137459,1.17,9,回撤不明显,,49,0,0
302,USP-S | The Traitor (Factory New),618.0,596.0,303,42,0.1386,0.9644,steamdt-live,628.5,81,628.6,129,,11,12,9,2,6,0,4,5,-0.0005169628432957207,-0.0010991142432273948,0.016420361247947435,-0.001615508885298822,0.001615508885298822,0.03171953255425719,0.04776579352850541,-0.04776579352850541,-0.23656578134651018,0.16,7,回撤不明显,,49,0,0
303,M4A4 | Eye of Horus (Factory New),3994.0,4540.0,287,38,0.1324,1.1367,steamdt-live,4195.0,138,4110.99,103,"溢价求购:买一高于卖一,多为定向收特定图案,买一价不可作退出价",11,0,9,2,6,10,6,5,0.003078676446486295,0.0039716454677996005,-0.008252083651121955,0.007062549325641321,0.006455304170449816,0.01139528994682193,0.038285576691548306,-0.038285576691548306,-0.21501572327044027,0.17,7,回撤不明显,买一异常溢价(不作为可成交退出价),49,0,0
304,Tec-9 | Isaac (Factory New),98.0,89.0,241,18,0.0747,0.9082,steamdt-live,97.86,104,98.72,158,,7,6,7,2,8,8,6,5,0.0,-0.0014285714285714457,-0.009100101112234582,-0.0014285714285714457,0.010415613307715677,0.0,0.05767934520943663,-0.05767934520943663,-0.4082718587495465,0.94,3,长期阴跌,,49,0,0
305,USP-S | Blood Tiger (Factory New),89.78,82.0,385,24,0.0623,0.9133,steamdt-live,88.52,97,88.78,113,,7,6,9,2,10,10,0,5,0.04612499999999997,0.057712988409606814,-0.05882352941176472,0.10650000000000004,0.0029285875197117006,0.12221095334685605,0.12356435643564356,-0.12025442258000407,-0.3831358885017422,0.17,11,长期阴跌,,49,0,0
306,M4A4 | Griffin (Factory New),439.99,423.0,526,32,0.0608,0.9614,steamdt-live,435.0,47,430.0,143,,7,12,12,2,10,0,6,0,-0.004545454545454519,-0.0182648401826484,-0.01258948407800542,-0.022727272727272707,0.03803131991051456,0.0,0.16504854368932043,-0.17307692307692313,-0.42666666666666664,0.69,14,长期阴跌,,49,0,0
307,M4A1-S | Cyrex (Factory New),1238.0,1220.0,547,30,0.0548,0.9855,steamdt-live,1246.5,243,1251.4,143,,3,12,12,2,6,10,4,0,-0.013982057706295903,0.014754098360655776,-0.0057854560064283245,0.0005657479996767911,0.005622489959839383,0.015170151701517032,0.03205629397967158,-0.023659305993690816,-0.06132476040276602,0.17,7,回撤不明显,,49,0,0
308,AWP | Safari Mesh (Factory New),38.28,34.5,493,27,0.0548,0.9013,steamdt-live,41.61,130,39.88,172,,3,6,9,2,8,10,6,5,0.015526315789473832,-0.008033169214822555,-0.04976244061015256,0.007368421052631691,0.03064066852367686,0.007633587786259444,0.06130456105934279,-0.03552532123960683,-0.3486472690148035,1.15,6,长期阴跌,,49,0,0
309,AK-47 | Head Shot (Factory New),530.0,526.0,366,20,0.0546,0.9925,steamdt-live,540.0,194,550.5,131,,3,15,9,2,4,10,6,0,-0.009345794392523366,0.0,0.015180265654648917,-0.009345794392523366,0.009345794392523366,0.019230769230769162,0.01667934470027277,-0.014869888475836479,-0.14308811641067098,1.16,8,回撤不明显,,49,0,0
310,Desert Eagle | Directive (Factory New),665.0,635.0,97,34,0.3505,0.9549,steamdt-live,719.5,16,660.0,36,,20,9,4,2,8,0,0,5,0.01712710807795803,0.06451612903225801,0.036666666666666625,0.08274821182492298,0.012049996257765039,0.14583333333333326,0.05035971223021585,-0.004524886877828038,0.36363636363636354,1.17,6,暂未减速,,48,0,0
311,Desert Eagle | Code Red (Factory New),1075.5,1050.0,255,68,0.2667,0.9763,steamdt-live,1107.5,64,1091.41,121,,17,12,9,2,2,0,6,0,0.01209302325581385,-0.011488970588235281,0.04166666666666674,0.00046511627906986597,0.012287855411064696,0.04215116279069764,0.013302752293578024,-0.013302752293578024,-0.07284482758620692,1.17,11,可能加速下跌,,48,0,0
312,USP-S | Target Acquired (Factory New),2269.0,2030.0,146,29,0.1986,0.8947,steamdt-live,2282.22,46,2161.0,52,,14,6,7,2,6,10,3,0,-0.01210175351938747,0.08050000000000002,0.0,0.06742405532230178,0.0,0.080770192548137,0.039555555555555566,-0.039555555555555566,-0.22386237115253393,1.05,5,回撤不明显,,48,0,0
313,M4A4 | The Emperor (Factory New),1498.0,1450.0,382,67,0.1754,0.968,steamdt-live,1500.0,132,1499.5,128,,14,12,9,2,6,0,0,5,0.013979020979020929,0.031041593390299216,0.0014005602240896309,0.045454545454545414,0.0020026702269693164,0.1074074074074074,0.04043645699614895,-0.035110365302697844,-0.18970189701897022,0.17,7,回撤不明显,,48,0,0
314,M4A4 | Hellfire (Factory New),1917.0,1840.0,632,62,0.0981,0.9598,steamdt-live,2199.5,74,1940.56,110,,7,9,12,2,10,0,3,5,0.007530930607853703,0.0234917245061399,-0.0016111707841031109,0.03119956966110804,0.012140825328771032,0.06499999999999995,0.09873908096773887,-0.07391304347826089,-0.29483170866286557,0.17,6,暂未减速,,48,0,0
315,Tec-9 | Avalanche (Factory New),62.8,60.0,453,33,0.0728,0.9554,steamdt-live,63.14,161,66.5,159,,7,9,9,2,10,0,6,5,-0.0015898251192368873,0.0,-0.0015873015873015817,-0.0015898251192368873,0.00930746174475472,0.0019144862795148487,0.11073350325686782,-0.11073350325686782,-0.37193719371937195,1.17,5,长期阴跌,,48,0,0
316,★ Hand Wraps | Cobalt Skulls (Field-Tested),1232.5,1660.0,909,42,0.0462,1.3469,steamdt-live,1230.5,684,1232.0,177,"溢价求购:买一高于卖一,多为定向收特定图案,买一价不可作退出价",3,0,15,5,4,10,6,5,-0.006087662337662336,0.004899959167006918,-0.0005192107995847239,-0.0012175324675324228,0.00806126561870213,0.012757201646090621,0.015599999999999947,-0.005656565656565693,-0.05996944232238355,0.17,7,回撤不明显,买一异常溢价(不作为可成交退出价),48,0,0
317,USP-S | Lead Conduit (Factory New),76.0,74.0,563,26,0.0462,0.9737,steamdt-live,73.28,120,77.03,112,,3,12,12,2,10,9,0,0,-0.020026702269692942,-0.0016348773841962094,0.012162162162162149,-0.021628838451268395,0.02293333333333336,0.03211267605633794,0.12751518037861642,-0.12751518037861642,-0.4156299840510367,1.17,11,长期阴跌,,48,0,0
318,Tec-9 | Titanium Bit (Factory New),538.0,525.0,652,22,0.0337,0.9758,steamdt-live,569.0,11,525.49,42,,3,12,12,2,8,0,6,5,-0.004862867146469552,0.027150117279124197,0.001617082627077382,0.02215522271931536,0.0,0.027150117279124197,0.07645125573384415,-0.07645125573384415,0.00045692527367924285,1.17,3,回撤不明显,,48,0,0
319,FAMAS | Hexane (Factory New),53.7,47.0,309,9,0.0291,0.8752,steamdt-live,61.45,124,54.56,86,,3,3,9,2,10,10,6,5,-0.0018587360594793934,0.0,-0.04423521051696577,-0.0018587360594793934,0.04601172499555861,0.001865671641791078,0.10020107238605891,-0.10020107238605891,-0.49002849002849,1.17,4,长期阴跌,,48,0,0
320,M4A1-S | Nitro (Factory New),62.8,62.0,1468,40,0.0272,0.9873,steamdt-live,66.0,434,63.51,340,,3,12,15,2,10,0,6,0,-0.00470219435736674,-0.011023622047244164,-0.0015649452269170805,-0.01567398119122254,0.018750000000000044,0.0,0.1265646731571628,-0.12777777777777777,-0.45296167247386765,0.69,9,长期阴跌,,48,0,0
321,★ Sport Gloves | Blaze (Field-Tested),727.0,1040.0,102,45,0.4412,1.4305,steamdt-live,722.5,112,726.0,49,"溢价求购:买一高于卖一,多为定向收特定图案,买一价不可作退出价",20,0,7,5,4,0,6,5,0.016005567153792644,-0.010273972602739767,-0.0006954102920723182,0.005567153792623625,0.018848963850186085,0.005567153792623625,0.018848963850186085,-0.012978142076502719,-0.12317961165048541,0.24,11,可能加速下跌,买一异常溢价(不作为可成交退出价),47,0,0
322,Tec-9 | Fuel Injector (Factory New),254.5,245.0,405,52,0.1284,0.9627,steamdt-live,253.4,144,264.0,187,,11,12,9,2,8,0,0,5,0.026170105686965206,0.03563838482916459,-0.006500000000000061,0.06274115081362197,0.002480022044640373,0.11140350877192984,0.06494464944649447,-0.06494464944649447,-0.17319237796919862,0.1,9,回撤不明显,,47,0,0
323,M4A1-S | Hot Rod (Factory New),8230.0,8210.0,318,38,0.1195,0.9976,steamdt-live,8379.5,179,8329.5,131,,11,15,9,2,4,0,6,0,0.011111111111111072,0.004884004884004867,1.234569425356824e-06,0.016049382716049276,0.006038647342995196,0.018629911826008705,0.02465039108793554,-0.02465039108793554,-0.15891670924885026,0.17,11,回撤不明显,,47,0,0
324,FAMAS | Eye of Athena (Factory New),188.0,182.0,308,36,0.1169,0.9681,steamdt-live,188.82,96,185.82,99,,11,12,9,2,8,0,0,5,0.05988734064630896,0.03955244755244758,0.011333653154233625,0.10180847909872504,0.0,0.11449649133329332,0.07090000000000007,-0.07090000000000007,-0.34834297738032616,0.17,6,长期阴跌,,47,0,0
325,Five-SeveN | Scumbria (Factory New),30.93,28.7,339,33,0.0973,0.9279,steamdt-live,30.49,61,29.74,111,,7,6,9,2,8,10,0,5,0.12630732099758646,0.062142857142857055,-0.1529812606473595,0.1962992759452935,0.0,0.1962992759452935,0.07149547299406811,-0.07149547299406811,-0.4167483820356933,1.17,10,长期阴跌,,47,0,0
326,AK-47 | Case Hardened (Factory New),2786.78,11990.0,490,45,0.0918,4.3025,steamdt-live,2850.0,332,2893.0,215,"溢价求购:买一高于卖一,多为定向收特定图案,买一价不可作退出价",7,0,9,2,8,10,6,5,0.021955719557195552,0.006239393392309056,-0.013828238719068464,0.02833210332103331,0.0007529904477783234,0.03604702173379626,0.055328813559321954,-0.055328813559321954,-0.20377714285714277,1.17,9,回撤不明显,买一异常溢价(不作为可成交退出价),47,0,0
327,Galil AR | Stone Cold (Factory New),127.48,119.0,342,29,0.0848,0.9335,steamdt-live,124.85,140,132.53,116,,7,9,9,2,10,10,0,0,-0.015600233586385293,0.05805084745762712,0.03345115958272271,0.041545007091015274,0.010148259732022491,0.10097001763668412,0.08137738209108969,-0.07518518518518524,-0.3083102493074793,0.17,6,长期阴跌,,47,0,0
328,P250 | Contaminant (Factory New),72.68,69.0,251,18,0.0717,0.9494,steamdt-live,65.4,29,68.31,24,,7,9,9,2,2,10,3,5,-0.003231017770597644,0.05996758508914102,-0.008012820512820484,0.056542810985460434,0.007587253414264028,0.06168831168831179,0.007587253414264028,0.02187500000000009,0.19561243144424134,0.12,8,回撤不明显,,47,0,0
329,P250 | Wingshot (Factory New),39.53,35.8,215,15,0.0698,0.9056,steamdt-live,39.87,125,40.97,134,,7,6,7,2,6,8,6,5,-0.0015117157974299245,-0.0025233409033560417,-0.01757425742574259,-0.004031242126480095,0.021534653465346443,0.0,0.03913466212931449,-0.03913466212931449,-0.4088529983550172,0.98,5,长期阴跌,,47,0,0
330,Glock-18 | Reactor (Factory New),434.5,398.0,204,13,0.0637,0.916,steamdt-live,429.49,52,434.49,103,,7,6,7,2,8,10,2,5,-0.023749499328511114,0.03653915771690586,0.010547619047619028,0.011921871686732866,0.0011860465116279029,0.07372500000000004,0.05846632760434933,-0.045938201124019806,-0.24650877192982457,0.17,14,回撤不明显,,47,0,0
331,AWP | Sun in Leo (Factory New),442.0,425.0,1149,66,0.0574,0.9615,steamdt-live,440.98,459,440.79,311,,3,12,15,2,10,0,0,5,0.010243432152325926,0.05162829535965652,-0.0002409638554217164,0.062400578452639355,0.0,0.11733840304182519,0.09209062821833158,-0.09209062821833158,-0.28847457627118644,1.16,10,回撤不明显,,47,0,0
332,M4A1-S | Party Animal (Factory New),146.37,135.0,372,19,0.0511,0.9223,steamdt-live,146.0,274,154.75,479,,3,6,9,2,6,10,6,5,0.002456140350877156,0.022051102555127766,-0.036315682694258555,0.024561403508772006,0.009296328967904,0.04285714285714293,0.04512753433616745,-0.016768805980200696,-0.1888438246569254,0.5,11,回撤不明显,,47,0,0
333,Tec-9 | Bamboozle (Factory New),38.24,36.5,692,34,0.0491,0.9545,steamdt-live,37.0,216,38.16,181,,3,9,12,2,10,0,6,5,0.005201204489460709,0.007625272331154731,0.009394860458690424,0.012866137421297497,0.0,0.025498891352550013,0.11883781852822106,-0.11883781852822106,-0.435200732712563,1.17,5,长期阴跌,,47,0,0
334,MP9 | Mount Fuji (Factory New),89.4,87.0,1204,39,0.0324,0.9732,steamdt-live,94.84,519,92.68,342,,3,12,15,2,6,0,4,5,-0.0022497187851518996,0.007891770011273946,0.010227272727272751,0.0056242969628796935,0.006666666666666599,0.015909090909090873,0.039742212674543365,-0.033513513513513504,-0.21578947368421053,0.17,9,回撤不明显,,47,0,0
335,AWP | Capillary (Factory New),36.29,34.4,786,25,0.0318,0.9479,steamdt-live,36.38,171,40.4,209,,3,9,12,2,10,0,6,5,0.0,0.0,-0.0030219780219780112,0.0,0.0030219780219780112,0.021102982554867644,0.08474148802017656,-0.08474148802017656,-0.40982273540413083,1.17,6,长期阴跌,,47,0,0
336,AK-47 | Ice Coaled (Factory New),86.3,84.0,1628,33,0.0203,0.9733,steamdt-live,87.6,1225,87.4,681,,3,12,15,2,4,0,6,5,-0.0034965034965034336,0.009356725146198785,-0.0011641443538999985,0.005827505827505908,0.005760368663594417,0.028605482717520836,0.023534736365693587,-0.024858757062146908,-0.09633507853403145,0.72,11,回撤不明显,,47,0,0
337,AK-47 | AUTOEXEC (Factory New),4099.5,3970.0,25,32,1.28,0.9684,steamdt-live,4286.5,18,4214.9,40,,20,12,2,2,8,0,2,0,-0.004270462633451988,-0.023230879199428123,-0.007885135930328357,-0.027402135231316738,0.03507120160056487,0.0,0.06818956699624956,-0.06818956699624956,-0.1768072289156627,1.17,9,可能加速下跌,,46,0,0
338,★ Driver Gloves | Hand Sweaters (Field-Tested),682.0,884.0,98,53,0.5408,1.2962,steamdt-live,658.0,90,680.0,50,"溢价求购:买一高于卖一,多为定向收特定图案,买一价不可作退出价",20,0,4,5,6,0,6,5,0.0,-0.00303030303030305,0.0015174506828528056,-0.00303030303030305,0.032352941176470584,0.0030487804878047697,0.032352941176470584,-0.01644245142002987,-0.09850664474585558,1.17,5,暂未减速,买一异常溢价(不作为可成交退出价),46,0,0
339,AWP | Black Box (Factory New),157.0,148.0,52,22,0.4231,0.9427,steamdt-live,158.2,65,157.71,74,,20,9,4,2,4,0,4,3,0.0010136847440445074,-0.006329113924050667,-0.007295597484276661,-0.005321844906234219,0.01468557800928838,0.0,0.02180685358255452,-0.01567398119122254,-0.08187134502923976,1.17,7,可能加速下跌,,46,0,0
340,AK-47 | Crane Flight (Factory New),304.5,338.0,224,39,0.1741,1.11,steamdt-live,316.2,185,313.0,148,"溢价求购:买一高于卖一,多为定向收特定图案,买一价不可作退出价",14,0,7,2,4,10,6,3,0.0,0.008278145695364225,-0.01948051948051943,0.008278145695364225,0.009756097560975618,0.014999999999999902,0.025599999999999956,-0.020270270270270285,-0.08968609865470856,1.15,13,回撤不明显,买一异常溢价(不作为可成交退出价),46,0,0
341,★ Bloodhound Gloves | Charred (Minimal Wear),1490.5,1440.0,123,21,0.1707,0.9661,steamdt-live,1658.5,17,1504.0,38,,14,12,7,5,8,0,0,0,-0.0016716817118020977,-0.002009377093101117,-0.0030000000000000027,-0.0036776997659645483,0.00666666666666671,0.0,0.07280647168637211,-0.05696202531645567,-0.2217289109428049,0.16,1,价格更新稀疏,,46,0,0
342,★ Bloodhound Gloves | Bronzed (Minimal Wear),1377.0,1260.0,138,23,0.1667,0.915,steamdt-live,1545.89,20,1443.93,49,,14,6,7,5,6,0,3,5,0.000381825124093238,0.05114503816793903,0.0076952674105426055,0.05154639175257736,0.007567567567567601,0.0770434102463824,0.03334503334503336,-0.03334503334503336,-0.22857142857142854,1.17,4,回撤不明显,,46,0,0
343,Desert Eagle | Crimson Web (Factory New),897.0,851.0,92,12,0.1304,0.9487,steamdt-live,988.5,57,941.53,54,,11,9,4,2,4,10,6,0,-0.010584958217270235,0.010135135135135087,-0.0011129660545353692,-0.0005571030640668662,0.0016694490818029983,0.010135135135135087,0.025000000000000022,-0.025000000000000022,-0.17555147058823528,1.04,3,回撤不明显,,46,0,0
344,Glock-18 | Ramese's Reach (Factory New),419.0,390.0,497,60,0.1207,0.9308,steamdt-live,413.8,88,408.31,164,,11,9,9,2,0,10,0,5,-0.011111111111111072,0.146938202247191,-0.0055248618784530246,0.1341944444444445,0.0,0.146938202247191,0.0,0.0007598039215686025,-0.2222666666666666,1.17,13,回撤不明显,,46,0,0
345,P250 | Crimson Kimono (Factory New),137.65,130.0,128,14,0.1094,0.9444,steamdt-live,141.75,60,141.34,97,,11,9,7,2,6,0,6,5,-0.003102453102453162,-0.0037634797712960966,0.01911764705882346,-0.0068542568542567794,0.009712230215827344,0.03496240601503753,0.04376519624869735,-0.04376519624869735,-0.35976744186046505,0.98,2,长期阴跌,,46,0,0
346,Galil AR | Dusk Ruins (Factory New),227.9,223.0,285,25,0.0877,0.9785,steamdt-live,229.17,57,232.29,98,,7,12,9,2,8,0,3,5,0.01156069364161838,0.0017582417582417964,0.07095238095238088,0.013339261894175225,0.0027567496608760234,0.0983132530120483,0.07357723577235775,-0.07357723577235775,-0.38900804289544233,1.17,3,长期阴跌,,46,0,0
347,Galil AR | Rocket Pop (Factory New),53.85,50.0,556,29,0.0522,0.9285,steamdt-live,55.78,260,54.07,235,,3,6,12,2,2,10,6,5,0.0038699690402477227,0.03797224363916718,-0.040653424911824776,0.0419891640866874,0.00037126415444577177,0.0560894292998626,0.01499908542162065,-0.01499908542162065,-0.2562154696132597,1.17,9,回撤不明显,,46,0,0
348,Glock-18 | AXIA (Factory New),275.5,271.0,700,36,0.0514,0.9837,steamdt-live,279.44,263,294.5,598,,3,12,12,2,8,0,4,5,-0.010622046964368193,-0.010771992818671472,-0.011587485515643148,-0.021279619169419894,0.04006968641114983,0.012867647058823595,0.059726962457337884,-0.054888507718696355,-0.27879581151832455,0.89,8,可能加速下跌,,46,0,0
349,★ Specialist Gloves | Tiger Strike (Field-Tested),987.5,1500.0,1031,45,0.0436,1.519,steamdt-live,994.69,843,990.6,297,"溢价求购:买一高于卖一,多为定向收特定图案,买一价不可作退出价",3,0,15,5,2,10,6,5,0.005691056910569037,-0.002122069523039616,-0.010876339438290361,0.0035569105691057867,0.003028773346794522,0.007653061224489832,0.01151151151151153,-0.002525252525252486,-0.08480074142724747,0.16,10,回撤不明显,买一异常溢价(不作为可成交退出价),46,0,0
350,M4A1-S | Liquidation (Factory New),58.5,56.0,1203,33,0.0274,0.9573,steamdt-live,61.56,542,61.96,258,,3,9,15,2,6,0,6,5,-0.0015282730514518672,-0.005102040816326481,0.015344827586206922,-0.0066225165562914245,0.006791171477079749,0.01211072664359869,0.039408866995073843,-0.03782894736842102,-0.08736349453978154,0.26,9,回撤不明显,,46,0,0
351,★ Sport Gloves | Creme Pinstripe (Field-Tested),529.5,738.0,101,53,0.5248,1.3938,steamdt-live,539.0,105,539.0,62,"溢价求购:买一高于卖一,多为定向收特定图案,买一价不可作退出价",20,0,7,5,2,0,6,5,0.0009460737937558861,0.000945179584120881,0.0018957345971564177,0.0018921475875117721,0.010280373831775713,0.05899999999999994,0.010280373831775713,0.030155642023346196,-0.061419835150225977,0.17,9,暂未减速,买一异常溢价(不作为可成交退出价),45,0,0
352,★ Sport Gloves | Violet Beadwork (Field-Tested),1390.0,2530.0,154,58,0.3766,1.8201,steamdt-live,1397.49,164,1420.0,74,"溢价求购:买一高于卖一,多为定向收特定图案,买一价不可作退出价",20,0,7,5,2,0,6,5,0.00036049026676288065,0.0018018018018017834,-0.004992969669144087,0.00216294160057684,0.0032198151295456112,0.004335260115607031,0.011379800853485111,-0.010676156583629859,-0.06397306397306401,0.17,4,回撤不明显,买一异常溢价(不作为可成交退出价),45,0,0
353,FAMAS | Styx (Factory New),764.0,739.0,357,71,0.1989,0.9673,steamdt-live,795.0,62,752.78,61,,14,12,9,2,8,0,0,0,0.043507362784471315,-0.03427838357921753,0.1333636777423759,0.007737617135207486,0.057847309136420555,0.1388502269288956,0.057847309136420555,0.15457055214723914,-0.04711392405063297,0.15,18,可能加速下跌,,45,0,0
354,AK-47 | Leet Museo (Factory New),3500.0,3440.0,534,106,0.1985,0.9829,steamdt-live,3780.0,59,3615.0,77,,14,12,12,2,2,0,3,0,0.014925373134328401,0.03819117647058823,0.009036144578313143,0.05368656716417908,0.004133164056989713,0.06981360812244275,0.0055359909846457445,-0.004273624823695421,-0.12724687847694405,0.22,9,回撤不明显,,45,0,0
355,★ Bloodhound Gloves | Snakebite (Field-Tested),1188.5,1120.0,220,43,0.1955,0.9424,steamdt-live,1218.3,19,1183.5,87,,14,9,7,5,4,0,6,0,0.007017543859649145,0.0309233449477353,-0.0074009577710056895,0.03815789473684217,0.0,0.03815789473684217,0.029910081230174024,-0.029910081230174024,-0.20006759040216293,0.5,9,回撤不明显,,45,0,0
356,AK-47 | The Oligarch (Factory New),1624.49,1580.0,192,34,0.1771,0.9726,steamdt-live,1616.18,178,1678.18,96,,14,12,7,2,6,0,4,0,-0.005157798287610982,-0.01421783603437654,-0.015243501643262602,-0.019302301591635818,0.034251568568867574,0.0,0.042830915013325366,-0.042830915013325366,-0.10012249443207122,1.17,3,可能加速下跌,,45,0,0
357,★ Moto Gloves | Spearmint (Minimal Wear),17320.0,26090.0,183,28,0.153,1.5064,steamdt-live,17599.5,157,17799.32,54,"溢价求购:买一高于卖一,多为定向收特定图案,买一价不可作退出价",14,0,7,5,8,0,6,5,0.013655370040059678,-0.0007500144233543171,-0.005843023255813984,0.01289511389221909,0.010285714285714231,0.01289511389221909,0.05355191256830605,-0.058183795541054906,-0.13311143922520585,0.15,4,可能加速下跌,买一异常溢价(不作为可成交退出价),45,0,0
358,Desert Eagle | The Bronze (Factory New),137.0,130.0,621,63,0.1014,0.9489,steamdt-live,138.99,157,139.21,191,,11,9,12,2,6,0,0,5,-0.003831417624521105,0.05384615384615388,-0.003816793893129722,0.04980842911877392,0.01431757680408674,0.1322314049586777,0.035211267605633756,-0.028368794326241176,-0.3772727272727273,0.45,10,长期阴跌,,45,0,0
359,Galil AR | Amber Fade (Factory New),138.0,137.0,522,43,0.0824,0.9928,steamdt-live,144.5,125,139.5,96,,7,15,12,2,6,0,0,3,0.10475409836065586,0.023890784982935065,0.20935765265662187,0.13114754098360648,0.044122740181478215,0.39393939393939403,0.044122740181478215,0.2376681614349776,-0.3099654982749138,1.17,19,长期阴跌,,45,0,0
360,P250 | Cyber Shell (Factory New),21.38,19.4,284,17,0.0599,0.9074,steamdt-live,20.86,108,20.64,102,,3,6,9,2,6,10,4,5,-0.0038778477944739764,0.004379562043795637,-0.031455399061032896,0.0004847309743092332,0.030985915492957705,0.009784735812133016,0.039999999999999925,-0.05882352941176472,-0.484,0.15,5,长期阴跌,,45,0,0
361,M4A1-S | Decimator (Factory New),270.0,265.0,1128,64,0.0567,0.9815,steamdt-live,268.68,339,274.8,373,,3,12,15,2,8,0,2,3,0.0018297236743838319,0.0014536509001452647,0.014393939393939403,0.0032860343539955483,0.0,0.033384615384615346,0.055838633728080955,-0.05560632688927947,-0.19629075680526475,0.17,10,回撤不明显,,45,0,0
362,MP9 | Goo (Factory New),19.01,18.2,498,23,0.0462,0.9574,steamdt-live,19.8,299,19.37,536,,3,9,9,2,10,5,2,5,-0.004100461301896563,-0.021616057642820263,-0.07535545023696677,-0.025627883136852936,0.09905213270142177,0.005288207297726055,0.20126050420168062,-0.20126050420168062,-0.5674630261660978,0.11,12,长期阴跌,,45,0,0
363,★ Hand Wraps | Overprint (Field-Tested),636.4,662.0,803,37,0.0461,1.0402,steamdt-live,649.5,762,651.0,239,,3,15,12,5,6,0,4,0,-0.0032558139534883956,-0.009954891896095774,-0.0030911901081916993,-0.01317829457364339,0.016684690251815182,0.0023622047244094,0.03750189021624062,-0.020769230769230762,-0.10161046733193135,0.09,11,可能加速下跌,,45,0,0
364,★ Specialist Gloves | Cloud Chaser (Minimal Wear),4989.0,5920.0,48,30,0.625,1.1866,steamdt-live,5099.0,62,5216.5,30,"溢价求购:买一高于卖一,多为定向收特定图案,买一价不可作退出价",20,0,4,5,6,0,4,5,0.0,-0.002000400080016007,0.0018036072144289594,-0.002000400080016007,0.0021999999999999797,0.018371096142069776,0.03500967117988396,-0.032013969732246794,-0.00568011958146486,1.17,4,回撤不明显,买一异常溢价(不作为可成交退出价),44,0,0
365,★ Specialist Gloves | Lime Polycam (Field-Tested),1529.0,2120.0,123,39,0.3171,1.3865,steamdt-live,1528.0,134,1568.5,72,"溢价求购:买一高于卖一,多为定向收特定图案,买一价不可作退出价",20,0,7,5,6,0,6,0,0.00032701111837796226,-0.0009807126511931497,-0.006820396232543047,-0.0006540222367560355,0.007469957778499459,0.01192052980132452,0.03687362117869519,-0.03687362117869519,-0.08228228228228229,1.17,6,回撤不明显,买一异常溢价(不作为可成交退出价),44,0,0
366,★ Specialist Gloves | Big Swell (Field-Tested),1119.0,1630.0,115,34,0.2957,1.4567,steamdt-live,1147.0,134,1153.5,103,"溢价求购:买一高于卖一,多为定向收特定图案,买一价不可作退出价",17,0,7,5,4,0,6,5,0.0,0.0013422818791946067,-0.0022321428571429047,0.0013422818791946067,0.005775211017325588,0.007200720072007227,0.022280471821756187,-0.018421052631578894,-0.067111296373489,1.17,4,回撤不明显,买一异常溢价(不作为可成交退出价),44,0,0
367,AK-47 | Black Laminate (Factory New),1365.5,1040.0,16,3,0.1875,0.7616,steamdt-live,1387.5,19,1343.72,25,,8,1,2,2,10,10,6,5,-0.0010530718329425648,0.004627933579059995,-0.01980966325036604,0.0035699881996205107,0.01631039531478773,0.0066600241229219925,0.10137096234869247,-0.10137096234869247,-0.33167211288341114,1.17,2,长期阴跌,,44,0,0
368,★ Sport Gloves | Scarlet Shamagh (Minimal Wear),1952.5,2590.0,173,31,0.1792,1.3265,steamdt-live,1940.0,160,1948.0,71,"溢价求购:买一高于卖一,多为定向收特定图案,买一价不可作退出价",14,0,7,5,4,10,4,0,-0.013867488443759624,0.01041666666666674,-0.005363984674329525,-0.0035952747817155073,0.008686765457332601,0.021052631578947434,0.015228426395939132,-0.02015748190574318,-0.09324608553400326,0.1,6,回撤不明显,买一异常溢价(不作为可成交退出价),44,0,0
369,Glock-18 | Ironwork (Factory New),239.0,234.0,615,72,0.1171,0.9791,steamdt-live,247.5,60,241.19,92,,11,12,12,2,4,0,0,3,0.10946341463414644,0.05522335561027081,0.13888888888888884,0.1707317073170731,0.020408163265306145,0.33333333333333326,0.020408163265306145,0.14832535885167464,-0.25,0.13,22,反弹较远,,44,0,0
370,★ Hydra Gloves | Rattler (Minimal Wear),217.08,232.0,114,11,0.0965,1.0687,steamdt-live,219.19,62,223.63,65,"溢价求购:买一高于卖一,多为定向收特定图案,买一价不可作退出价",7,0,7,5,4,10,6,5,0.01479069767441854,-0.005041708680905699,-0.017861221506555225,0.009674418604651125,0.008359599835548792,0.012027972027972123,0.019954853273137618,-0.019954853273137618,-0.053746567281286683,0.17,6,回撤不明显,买一异常溢价(不作为可成交退出价),44,0,0
371,MP9 | Ruby Poison Dart (Factory New),31.68,28.7,539,22,0.0408,0.9059,steamdt-live,29.69,250,30.08,279,,3,6,12,2,2,10,6,3,-0.006382264024185513,0.0037187288708588895,0.01604095563139918,-0.002687269062814912,0.006691201070592179,0.03126085446335547,0.006691201070592179,0.08357664233576645,-0.21392639661106705,1.17,8,回撤不明显,,44,0,0
372,Desert Eagle | Blaze (Factory New),3854.0,3840.0,498,16,0.0321,0.9964,steamdt-live,3997.99,425,3895.0,118,,3,15,9,2,6,0,6,3,-0.0025974025974025983,0.003645833333333348,-0.007092198581560294,0.0010389610389609505,0.006188757091284192,0.006792058516196464,0.03116900746356821,-0.03116900746356821,-0.06114494518879421,1.16,7,回撤不明显,,44,0,0
373,P250 | Kintsugi (Factory New),120.0,210.0,112,29,0.2589,1.75,steamdt-live,120.21,122,125.0,68,"溢价求购:买一高于卖一,多为定向收特定图案,买一价不可作退出价",17,0,7,2,6,0,6,5,-0.0043220338983051,0.02136352029960009,0.0018678892851078377,0.016949152542372836,0.0,0.04347826086956519,0.03218001451729979,-0.029911075181891733,-0.022323610884797063,1.17,3,回撤不明显,买一异常溢价(不作为可成交退出价),43,0,0
374,Five-SeveN | Angry Mob (Factory New),528.5,506.0,248,56,0.2258,0.9574,steamdt-live,550.0,73,538.0,101,,17,9,7,2,8,0,0,0,0.1154489682097044,-0.025000000000000022,0.0410967741935484,0.08756274400446173,0.0504959422903517,0.1322580645161291,0.0504959422903517,0.11959341640794463,0.10537255148957603,0.24,17,可能加速下跌,,43,0,0
375,★ Moto Gloves | Smoke Out (Field-Tested),665.5,902.0,302,48,0.1589,1.3554,steamdt-live,674.5,292,666.0,134,"溢价求购:买一高于卖一,多为定向收特定图案,买一价不可作退出价",14,0,9,5,4,0,6,5,-0.0009009009009008917,0.00015028554253082582,-0.0026954177897573484,-0.0007507507507507061,0.0034441449535788093,0.0030143180105501877,0.016986706056129952,-0.016986706056129952,-0.08835616438356164,0.17,5,回撤不明显,买一异常溢价(不作为可成交退出价),43,0,0
376,★ Sport Gloves | Hedge Maze (Field-Tested),24268.0,35780.0,570,64,0.1123,1.4744,steamdt-live,25200.0,378,24720.0,117,"溢价求购:买一高于卖一,多为定向收特定图案,买一价不可作退出价",11,0,12,5,4,0,6,5,0.02150289017341045,-0.0012757726655417967,-0.0005042122733670551,0.020199684708355203,0.0012757726655417967,0.04378494623655915,0.02920233618689494,-0.021451612903225836,-0.14849122807017545,0.15,2,回撤不明显,买一异常溢价(不作为可成交退出价),43,0,0
377,★ Driver Gloves | Snow Leopard (Field-Tested),1646.0,2470.0,524,52,0.0992,1.5006,steamdt-live,1649.0,485,1680.0,162,"溢价求购:买一高于卖一,多为定向收特定图案,买一价不可作退出价",7,0,12,5,2,10,4,3,-0.0024554941682013443,0.012923076923076815,-0.015412511332728918,0.010435850214855824,0.005438066465256797,0.023695503451707234,0.005438066465256797,0.0024543688374329964,-0.04349038841496011,0.16,9,回撤不明显,买一异常溢价(不作为可成交退出价),43,0,0
378,FAMAS | Mecha Industries (Factory New),698.8,689.0,1330,124,0.0932,0.986,steamdt-live,709.9,167,714.4,157,,7,12,15,2,4,0,3,0,0.022058823529411686,0.005467625899280515,0.0625,0.027647058823529358,0.017158931082981832,0.09787902592301645,0.017158931082981832,0.04532535527299908,-0.2581740976645436,0.6,20,可能加速下跌,,43,0,0
379,FAMAS | Pulse (Factory New),161.0,152.0,594,54,0.0909,0.9441,steamdt-live,163.93,232,160.14,158,,7,9,12,2,10,0,0,3,0.018051040874195845,0.08790760869565206,0.03278571428571442,0.10754547340756604,0.0,0.14385714285714268,0.09932508436445453,-0.09932508436445453,-0.34368852459016397,1.17,12,长期阴跌,,43,0,0
380,M4A4 | Urban DDPAT (Factory New),135.5,131.0,478,40,0.0837,0.9668,steamdt-live,129.0,108,133.21,137,,7,12,9,2,8,0,0,5,0.006001384934984921,-0.013384321223709361,0.023869544666771603,-0.007463260752481382,0.022727272727272707,0.17272727272727262,0.06859205776173283,-0.06859205776173283,-0.36384258802643255,0.14,5,长期阴跌,,43,0,0
381,P250 | Whiteout (Factory New),1749.0,1550.0,37,3,0.0811,0.8862,steamdt-live,1997.6,32,1855.35,35,,7,6,4,2,8,10,6,0,-0.028293798228065214,0.028823529411764692,-0.00028571428571433355,-0.0002857959416976419,0.0005714285714285561,0.028823529411764692,0.05123545526051698,-0.05123545526051698,-0.0982211910286156,1.17,2,回撤不明显,,43,0,0
382,AWP | Ice Coaled (Factory New),172.39,167.0,362,29,0.0801,0.9687,steamdt-live,179.9,238,181.51,153,,7,12,9,2,6,0,4,3,-5.750431282358637e-05,-0.008626142963942707,0.0034622042700518385,-0.00868315123634289,0.011525229357798317,0.0,0.04227777777777786,-0.03907469342251957,-0.09029023746701859,1.17,7,可能加速下跌,,43,0,0
383,P250 | Undertow (Factory New),259.54,237.0,127,10,0.0787,0.9132,steamdt-live,253.0,95,257.99,114,,7,6,7,2,8,9,4,0,-0.021112354780192133,-0.00244460216071285,-0.005565364243494408,-0.023505345632791608,0.03291158594854937,0.0,0.05944458901817917,-0.05944458901817917,-0.31713900134952766,1.17,7,长期阴跌,,43,0,0
384,Five-SeveN | Heat Treated (Factory New),106.75,102.0,716,29,0.0405,0.9555,steamdt-live,104.0,362,107.89,225,,3,9,12,2,6,0,6,5,-0.0005888125613346951,0.02120974076983506,-0.00585365853658526,0.02060843964671233,0.0,0.029906912259853424,0.03138679333147065,-0.03138679333147065,-0.2727272727272727,1.1,5,回撤不明显,,43,0,0
385,Glock-18 | Nuclear Garden (Factory New),243.99,236.0,2524,97,0.0384,0.9673,steamdt-live,245.0,284,246.6,261,,3,12,15,2,8,0,3,0,0.04078947368421049,0.028192161820480344,-0.004366812227074246,0.07013157894736843,0.04242543171114599,0.09353711007529575,0.05976878612716763,-0.05976878612716763,-0.374368573553168,1.17,13,长期阴跌,,43,0,0
386,AWP | The End (Factory New),290.0,264.0,59,19,0.322,0.9103,steamdt-live,290.5,73,299.48,128,,20,6,4,2,8,0,2,0,0.0062937062937062915,0.007644197359277127,-0.00521739130434784,0.013986013986013957,0.0017211703958691649,0.03942652329749108,0.059357768407395484,-0.059357768407395484,-0.18715138604703307,1.12,4,回撤不明显,,42,0,0
387,FAMAS | Roll Cage (Factory New),869.0,840.0,97,19,0.1959,0.9666,steamdt-live,875.0,42,879.59,70,,14,12,4,2,4,0,6,0,-0.0005747126436781436,-0.0005750431282346424,0.0,-0.0011494252873562871,0.0011494252873562871,0.0,0.029039430608163275,-0.029039430608163275,-0.13788827270111803,1.17,4,回撤不明显,,42,0,0
388,★ Driver Gloves | Crimson Weave (Minimal Wear),7498.0,6680.0,144,23,0.1597,0.8909,steamdt-live,7205.99,25,6998.42,37,,14,6,7,5,10,0,0,0,0.0,0.0,-0.025289693593314788,0.0,0.07112661942500376,0.029179411764705954,0.08636814621409916,-0.08636695348166246,-0.30015800000000004,1.17,0,价格更新稀疏,,42,0,0
389,AWP | Corticera (Factory New),878.88,837.0,170,25,0.1471,0.9523,steamdt-live,940.0,50,852.69,58,,11,9,7,2,8,0,2,3,-0.000456786797690234,-0.0008319662526363736,-0.006065192083818394,-0.001288373019126432,0.007345750873108181,0.020305844062604717,0.07164942841589539,-0.07164942841589539,-0.20606145251396646,1.17,3,回撤不明显,,42,0,0
390,AWP | Dragon Lore (Factory New),74499.5,78030.0,123,17,0.1382,1.0474,steamdt-live,73999.0,155,77899.0,30,,11,15,7,5,4,0,0,0,0.0,0.0,-1.3513513513530029e-05,0.0,1.3513513513530029e-05,0.0,0.018580901856763976,-0.018580901856763976,-0.013333511113481467,1.17,0,价格更新稀疏,,42,0,0
391,FAMAS | Commemoration (Factory New),384.0,370.0,324,37,0.1142,0.9635,steamdt-live,378.0,149,376.38,109,,11,12,9,2,0,0,3,5,0.011235955056179803,0.045500000000000096,0.014245014245014342,0.05724719101123599,0.0020416279994696085,0.07537142857142864,0.0020416279994696085,0.01727073704694715,-0.19919148936170217,1.17,9,回撤不明显,,42,0,0
392,Glock-18 | Water Elemental (Factory New),284.08,279.0,654,66,0.1009,0.9821,steamdt-live,284.5,256,283.99,323,,11,12,12,2,2,0,3,0,-0.0036900369003689537,0.05029629629629628,0.04835589941972929,0.04642066420664204,0.0014788732394366289,0.09914728682170537,0.013634782608695661,-0.013634782608695661,-0.3158339163791648,1.17,12,长期阴跌,,42,0,0
393,Galil AR | Vandal (Factory New),74.11,68.0,258,23,0.0891,0.9176,steamdt-live,71.04,75,69.19,60,,7,6,9,2,8,10,0,0,-0.07335907335907332,0.15316666666666667,0.012193215569798355,0.0685714285714285,0.0014432096983693077,0.15316666666666667,0.06500000000000006,-0.06500000000000006,-0.38410183371906714,1.17,4,长期阴跌,,42,0,0
394,USP-S | Jawbreaker (Factory New),99.4,94.0,398,31,0.0779,0.9457,steamdt-live,98.3,237,106.57,184,,7,9,9,2,8,0,4,3,-0.001112459546925515,-0.004758529917991305,-0.0072289156626506035,-0.00586569579288021,0.013052208835341306,0.003061224489795844,0.07255401452967258,-0.06815811925300974,-0.23082942097026604,0.17,8,暂未减速,,42,0,0
395,Five-SeveN | Anodized Gunmetal (Factory New),85.0,80.0,129,10,0.0775,0.9412,steamdt-live,89.86,71,89.58,86,,7,9,7,2,8,5,4,0,-0.02139280837505686,-0.011627906976744207,-0.001250142061597903,-0.03277196176604458,0.03398113421979765,0.0,0.060669687258260496,-0.060669687258260496,-0.30322157553897855,1.17,2,长期阴跌,,42,0,0
396,Glock-18 | Sacrifice (Factory New),44.2,42.1,400,30,0.075,0.9525,steamdt-live,44.6,139,44.4,155,,7,9,9,2,10,0,0,5,0.00047025628967767297,0.046063454759107,-0.004913430042115086,0.046555372678109386,0.0,0.1127499999999999,0.0962436548223351,-0.0962436548223351,-0.3730985915492958,0.17,8,长期阴跌,,42,0,0
397,Tec-9 | Mummy's Rot (Factory New),62.0,55.0,436,30,0.0688,0.8871,steamdt-live,59.34,77,59.92,92,,7,6,9,2,10,0,3,5,0.0035211267605634866,0.04105263157894745,0.006200177147918318,0.04471830985915504,0.0,0.07890909090909104,0.14973491904284286,-0.14973491904284286,-0.44474595302704223,0.15,3,长期阴跌,,42,0,0
398,USP-S | Orion (Factory New),564.5,557.0,544,32,0.0588,0.9867,steamdt-live,586.99,182,577.5,253,,3,12,12,2,8,0,0,5,-0.0010433906598547038,0.01656762110570864,0.004299909665763213,0.015506943944736173,0.0008849557522123686,0.10275444422738822,0.0767091920183186,-0.07457499303267268,-0.28362944162436543,0.17,10,回撤不明显,,42,0,0
399,USP-S | Forest Leaves (Factory New),23.8,22.1,537,19,0.0354,0.9286,steamdt-live,24.4,94,23.89,121,,3,6,12,2,8,0,6,5,0.0,0.0,-0.007919966652771948,0.0,0.007919966652771948,0.0042194092827005925,0.07608695652173914,-0.07608695652173914,-0.4439252336448598,0.17,2,长期阴跌,,42,0,0
400,FAMAS | Survivor Z (Factory New),24.37,23.4,1087,28,0.0258,0.9602,steamdt-live,23.86,280,23.73,355,,3,12,15,2,10,0,0,0,-0.018921095008051503,-0.026261797291752154,-0.028928850664581618,-0.04468599033816423,0.07232212666145421,0.013236549957301502,0.16969909027291807,-0.1467098166127292,-0.5075741855156671,1.17,19,长期阴跌,,42,0,0
401,FAMAS | Decommissioned (Factory New),22.97,22.4,627,16,0.0255,0.9752,steamdt-live,23.52,92,23.36,110,,3,12,12,2,10,1,2,0,-0.018471872376154552,-0.01753635585970914,-0.0016764459346185756,-0.03568429890848035,0.03730092204526403,0.0,0.09317015396762729,-0.09317015396762729,-0.5326551373346897,1.14,6,长期阴跌,,42,0,0
402,Galil AR | Rainbow Spoon (Factory New),160.5,157.0,932,23,0.0247,0.9782,steamdt-live,160.5,406,168.91,633,,3,12,15,2,8,0,2,0,-0.006215384615384512,-0.00613041055173702,-0.0030674846625766694,-0.012307692307692353,0.030211480362537735,0.009497452669979145,0.07075034738304775,-0.05582681334196138,-0.18939393939393945,1.17,10,可能加速下跌,,42,0,0
403,M4A1-S | Glitched Paint (Factory New),34.0,31.2,1315,24,0.0183,0.9176,steamdt-live,34.38,802,35.04,667,,3,6,15,2,0,10,3,3,0.04107870805895275,0.02409638554216853,-0.029814420444173928,0.06616494198808409,0.0,0.06616494198808409,0.0,0.014925373134328401,-0.11711243832770701,0.27,12,回撤不明显,,42,0,0
404,★ Sport Gloves | Frosty (Minimal Wear),2300.0,3110.0,45,21,0.4667,1.3522,steamdt-live,2200.0,52,2451.74,27,"溢价求购:买一高于卖一,多为定向收特定图案,买一价不可作退出价",20,0,4,5,10,0,2,0,-0.008812513769552721,-0.022004889975550168,-0.02092320966350303,-0.0306234853491959,0.05090595340811044,0.0,0.0829512296790329,-0.07563025210084029,-0.12,1.17,10,可能加速下跌,买一异常溢价(不作为可成交退出价),41,0,0
405,★ Driver Gloves | Garden (Field-Tested),1109.0,1870.0,154,52,0.3377,1.6862,steamdt-live,1131.0,168,1119.0,137,"溢价求购:买一高于卖一,多为定向收特定图案,买一价不可作退出价",20,0,7,5,2,0,2,5,0.0,0.010018214936247771,-0.0018181818181818299,0.010018214936247771,0.009821428571428537,0.026851851851851904,0.009821428571428537,0.010938924339106704,-0.1099518459069021,1.17,5,回撤不明显,买一异常溢价(不作为可成交退出价),41,0,0
406,★ Hand Wraps | Duct Tape (Field-Tested),270.0,297.0,149,32,0.2148,1.1,steamdt-live,260.0,138,272.0,124,"溢价求购:买一高于卖一,多为定向收特定图案,买一价不可作退出价",17,0,7,5,6,0,6,0,0.03826254826254827,-0.03313376222527997,0.0,0.0038610038610038533,0.04587155963302747,0.019607843137254832,0.04587155963302747,-0.009146341463414531,-0.09565217391304348,0.17,13,可能加速下跌,买一异常溢价(不作为可成交退出价),41,0,0
407,★ Sport Gloves | Ultra Violent (Field-Tested),5710.0,8000.0,555,73,0.1315,1.4011,steamdt-live,5680.0,603,5886.9,176,"溢价求购:买一高于卖一,多为定向收特定图案,买一价不可作退出价",11,0,12,5,4,0,4,5,0.0,-0.0034003698647923075,-0.00506251331091867,-0.0034003698647923075,0.00844566875800834,0.005309734513274433,0.018489718334197325,-0.018489718334197325,-0.054906913322651074,0.17,3,回撤不明显,买一异常溢价(不作为可成交退出价),41,0,0
408,★ Hand Wraps | Desert Shamagh (Field-Tested),233.48,260.0,243,30,0.1235,1.1136,steamdt-live,239.0,207,234.99,184,"溢价求购:买一高于卖一,多为定向收特定图案,买一价不可作退出价",11,0,7,5,2,10,6,0,0.0017904711996157285,0.017785527462946815,-0.010756868843960543,0.019607843137254832,0.002136934780750499,0.024080003508925696,0.00646808510638297,0.01513043478260867,-0.08764800125043959,0.17,7,回撤不明显,买一异常溢价(不作为可成交退出价),41,0,0
409,USP-S | Whiteout (Factory New),2649.5,2480.0,156,19,0.1218,0.936,steamdt-live,3000.0,54,2707.93,62,,11,9,7,2,6,0,6,0,0.0,0.0,-0.006189047261815461,0.0,0.006189047261815461,0.01903846153846156,0.04846558566323689,-0.04829468920059621,-0.16708582206853195,0.17,2,回撤不明显,,41,0,0
410,USP-S | Serum (Factory New),554.99,518.0,167,20,0.1198,0.9334,steamdt-live,664.95,46,579.48,74,,11,9,7,2,10,0,2,0,-0.0001583169152828967,-0.02357536198736776,-0.018169257340241773,-0.023729946524064238,0.04063958513396715,0.0,0.10471043716728501,-0.10469599445062827,-0.3215281173594132,0.15,7,长期阴跌,,41,0,0
411,AK-47 | Fire Serpent (Factory New),14479.5,13490.0,60,6,0.1,0.9317,steamdt-live,14548.5,55,14888.0,31,,11,9,4,2,6,9,0,0,0.0,-0.0013793579088934305,-0.013605904962753823,-0.0013793579088934305,0.014966495459029172,0.15836000000000006,0.041092715231788035,-0.028221476510067123,-0.04539161392405067,1.13,7,反弹较远,,41,0,0
412,★ Specialist Gloves | Lt. Commander (Field-Tested),647.0,820.0,504,47,0.0933,1.2674,steamdt-live,670.0,476,658.0,196,"溢价求购:买一高于卖一,多为定向收特定图案,买一价不可作退出价",7,0,12,5,6,0,6,5,-0.003861538461538472,-0.0015289811425659439,-0.007633587786259555,-0.005384615384615432,0.012977099236641254,0.0,0.049124871304603634,-0.04646017699115046,-0.12398373983739841,0.07,11,暂未减速,买一异常溢价(不作为可成交退出价),41,0,0
413,USP-S | Blueprint (Factory New),601.98,560.0,202,18,0.0891,0.9303,steamdt-live,633.0,96,615.94,78,,7,9,7,2,10,0,6,0,0.002445923460898447,-0.0008133185054857162,-0.005789909015715522,0.0016306156405989647,0.02268041237113405,0.004153530500925706,0.08649731403077487,-0.08718990719961184,-0.20161803713527848,0.16,6,暂未减速,,41,0,0
414,Five-SeveN | Kami (Factory New),28.88,25.3,733,27,0.0368,0.876,steamdt-live,26.76,410,25.88,198,,3,3,12,2,10,0,6,5,0.02249899558055435,0.016895874263261224,0.0016096579476860828,0.03977501004419448,0.0,0.05632653061224491,0.10697032436162879,-0.10263522884882115,-0.3672371638141809,1.17,4,长期阴跌,,41,0,0
415,USP-S | Desert Tactical (Factory New),17.0,15.4,794,21,0.0264,0.9059,steamdt-live,16.2,143,17.17,302,,3,6,12,2,10,1,2,5,-0.018934911242603603,-0.022919179734619988,-0.06111111111111123,-0.041420118343195256,0.10000000000000009,0.0,0.12574203993524025,-0.11620294599018,-0.5606183889340928,0.15,8,长期阴跌,,41,0,0
416,★ Specialist Gloves | Lime Polycam (Minimal Wear),3454.5,4680.0,35,41,1.1714,1.3548,steamdt-live,3450.0,39,3549.49,34,"溢价求购:买一高于卖一,多为定向收特定图案,买一价不可作退出价",20,0,4,5,2,0,4,5,0.0026073085846867183,-0.0020219902284934754,-0.0028918449971081506,0.000580046403712231,0.0023134759976864983,0.029850746268656803,0.013722126929674117,0.045454545454545414,-0.10296411856474263,0.92,4,回撤不明显,买一异常溢价(不作为可成交退出价),40,0,0
417,★ Specialist Gloves | Pillow Punchers (Field-Tested),2424.0,5480.0,203,73,0.3596,2.2607,steamdt-live,2449.0,216,2449.96,132,"溢价求购:买一高于卖一,多为定向收特定图案,买一价不可作退出价",20,0,7,5,2,0,6,0,0.0,0.0058091286307053736,-0.0008291873963516272,0.0058091286307053736,0.010006126199714083,0.010421008753647376,0.010006126199714083,-0.0020584602717167444,-0.060100814269096525,0.97,5,暂未减速,买一异常溢价(不作为可成交退出价),40,0,0
418,★ Driver Gloves | Overtake (Minimal Wear),507.2,671.0,96,24,0.25,1.3229,steamdt-live,518.0,70,544.0,55,"溢价求购:买一高于卖一,多为定向收特定图案,买一价不可作退出价",17,0,4,5,0,10,4,0,-0.014890050290898404,0.015415415415415357,0.024343434343434334,0.00029582881372647307,0.003301367709479641,0.025682507583417502,0.0035363457760314576,-0.0035363457760314576,-0.08762209710204882,0.08,8,回撤不明显,买一异常溢价(不作为可成交退出价),40,0,0
419,USP-S | Orange Anolis (Factory New),510.0,479.0,241,46,0.1909,0.9392,steamdt-live,521.0,50,524.0,64,,14,9,7,2,8,0,0,0,0.02741430437757919,0.007165203350489424,0.1907207585372479,0.03477593679364621,0.06079427818558247,0.2794871794871794,0.06079427818558247,0.16534329752452126,-0.25799256505576207,0.12,16,反弹较远,,40,0,0
420,Desert Eagle | Fennec Fox (Factory New),2450.0,3300.0,425,71,0.1671,1.3469,steamdt-live,2416.25,121,2459.47,97,"溢价求购:买一高于卖一,多为定向收特定图案,买一价不可作退出价",14,0,9,2,0,10,0,5,0.044009779951100336,0.02884820097934848,-0.02195652173913043,0.07412758390753504,0.0,0.1038145271813613,0.0,0.028856962801471653,-0.2050501727257773,1.17,8,回撤不明显,买一异常溢价(不作为可成交退出价),40,0,0
421,★ Sport Gloves | Superconductor (Field-Tested),10789.5,14140.0,473,60,0.1268,1.3105,steamdt-live,10997.0,290,11450.0,108,"溢价求购:买一高于卖一,多为定向收特定图案,买一价不可作退出价",11,0,9,5,4,0,6,5,0.0008304115150397084,-0.005347100580805786,-0.0047750229568411795,-0.004521129359660425,0.005622119815668181,0.008317757009345783,0.028018018018018065,-0.028018018018018065,-0.1812863722009198,0.05,6,回撤不明显,买一异常溢价(不作为可成交退出价),40,0,0
422,★ Driver Gloves | Imperial Plaid (Field-Tested),892.5,1390.0,416,46,0.1106,1.5574,steamdt-live,874.5,355,908.35,173,"溢价求购:买一高于卖一,多为定向收特定图案,买一价不可作退出价",11,0,9,5,4,0,6,5,0.0,-0.002850627137970352,0.005192155604204052,-0.002850627137970352,0.002850627137970352,0.02280701754385972,0.016863406408094472,-0.015202702702702742,-0.09834206293562087,0.17,4,回撤不明显,买一异常溢价(不作为可成交退出价),40,0,0
423,AWP | Chromatic Aberration (Factory New),428.4,420.0,291,24,0.0825,0.9804,steamdt-live,441.48,187,448.88,177,,7,12,9,2,6,0,4,0,-0.00023094688221714232,-0.01039501039501034,-0.0045977011494252595,-0.010623556581986215,0.015172413793103523,0.0,0.03622047244094495,-0.026363636363636367,-0.09614532565352252,1.17,6,可能加速下跌,,40,0,0
424,★ Sport Gloves | Amphibious (Field-Tested),1845.0,2800.0,1059,72,0.068,1.5176,steamdt-live,1839.5,969,1851.48,235,"溢价求购:买一高于卖一,多为定向收特定图案,买一价不可作退出价",7,0,15,5,4,0,6,3,-0.0029802221620157665,-0.00027173913043476716,-0.001093357582055976,-0.0032511514494716343,0.004340954360439908,0.005191256830601176,0.016026018208466608,-0.005675675675675729,-0.055455712451861316,0.17,7,回撤不明显,买一异常溢价(不作为可成交退出价),40,0,0
425,Glock-18 | Off World (Factory New),42.68,40.8,739,42,0.0568,0.956,steamdt-live,41.8,240,41.53,105,,3,9,12,2,4,10,0,0,0.0437235543018335,0.1224324324324324,-0.009223029625489043,0.17150916784203107,0.02808331383103191,0.1865714285714286,0.02808331383103191,0.06541816316059523,-0.21463691376701965,0.93,17,反弹较远,,40,0,0
426,P250 | Forest Night (Factory New),72.99,60.0,153,8,0.0523,0.822,steamdt-live,96.0,15,72.1,37,,3,3,7,2,10,9,6,0,-0.08063492063492061,-0.004143646408839907,-0.002533248891703699,-0.08444444444444454,0.08676377454084871,0.0,0.10133366571108071,-0.10133366571108071,-0.3556171239610332,1.17,11,长期阴跌,,40,0,0
427,Desert Eagle | Conspiracy (Factory New),146.49,144.0,1403,70,0.0499,0.983,steamdt-live,144.5,856,145.22,305,,3,12,15,2,0,0,3,5,0.005714285714285783,0.02627840909090895,0.0,0.03214285714285725,0.0,0.0625,0.0,0.03956834532374098,-0.13213213213213215,1.16,15,回撤不明显,,40,0,0
428,AWP | Exothermic (Factory New),51.9,48.0,381,19,0.0499,0.9249,steamdt-live,49.78,308,55.73,336,,3,6,9,2,10,3,2,5,-0.00039215686274518546,-0.023538642604942983,-0.040992854456562644,-0.023921568627450984,0.06393380970289575,0.0002009242515570442,0.10628366247755838,-0.08576675849403126,-0.22084833307246832,1.12,3,可能加速下跌,,40,0,0
429,M4A4 | Magnesium (Factory New),38.14,36.0,1227,46,0.0375,0.9439,steamdt-live,37.42,534,37.8,260,,3,9,15,2,4,0,2,5,0.014128284826222082,0.04263025912510443,-0.007293127629733442,0.05736083639446177,0.0,0.09575402635431929,0.025520833333333215,-0.012664907651714907,-0.2239734549979261,0.26,11,回撤不明显,,40,0,0
430,Desert Eagle | Printstream (Factory New),467.8,462.0,1430,47,0.0329,0.9876,steamdt-live,469.5,944,465.68,452,,3,12,15,2,2,0,6,0,0.0021459227467810482,-0.0028265524625267213,0.013087525544588807,-0.0006866952789699177,0.0028265524625267213,0.013493514407591167,0.006019210245464257,0.009057421451787562,-0.04671443193449332,0.17,17,回撤不明显,,40,0,0
431,AK-47 | Consequence of the Jinn (Factory New),3582.0,3370.0,18,23,1.2778,0.9408,steamdt-live,3619.5,23,3724.72,39,,20,9,2,2,0,0,6,0,-0.0011191941801902416,0.003361344537815114,-0.0009783368273934556,0.0022383883603804833,0.0,0.003361344537815114,0.0016722408026755842,0.0005614540822740377,-0.13655538146317947,1.17,3,回撤不明显,,39,0,0
432,★ Sport Gloves | Violet Beadwork (Minimal Wear),3639.0,4650.0,55,28,0.5091,1.2778,steamdt-live,3683.48,79,3680.5,20,"溢价求购:买一高于卖一,多为定向收特定图案,买一价不可作退出价",20,0,4,5,4,0,6,0,-0.0002795286379829731,-0.002461636302830583,-0.0002739726027397582,-0.0027404768429706294,0.0030136986301370072,0.005248618784530423,0.020193861066235885,-0.01648648648648654,-0.08314436885865462,0.0,5,回撤不明显,买一异常溢价(不作为可成交退出价),39,0,0
433,Tec-9 | Sultan (Factory New),36.9,34.1,147,27,0.1837,0.9241,steamdt-live,34.99,119,36.62,89,,14,6,7,2,8,0,2,0,-0.002777777777777768,-0.02534818941504169,-0.010717230008243983,-0.0280555555555555,0.04659400544959125,0.0,0.07114414653570478,-0.0644385026737967,-0.02534818941504169,0.91,8,可能加速下跌,,39,0,0
434,MP9 | Music Box (Factory New),43.67,39.6,261,22,0.0843,0.9068,steamdt-live,44.68,73,43.82,103,,7,6,9,2,0,10,0,5,0.0,0.10166498486377407,-0.02075098814229237,0.10166498486377407,0.0,0.11317868977823098,0.0,0.03976190476190489,-0.5014271035506337,1.05,9,长期阴跌,,39,0,0
435,Galil AR | Black Sand (Factory New),85.99,80.0,670,38,0.0567,0.9303,steamdt-live,81.22,175,83.46,103,,3,9,12,2,8,0,0,5,0.00806968105546324,0.03202033036848784,0.04162775183455625,0.04034840527731531,0.0,0.12962447844228087,0.06158290005777001,-0.06169131238447323,-0.38932330827067674,0.65,9,长期阴跌,,39,0,0
436,Glock-18 | Gamma Doppler (Factory New),586.49,2440.0,1640,87,0.053,4.1603,steamdt-live,599.9,614,609.5,472,"溢价求购:买一高于卖一,多为定向收特定图案,买一价不可作退出价",3,0,15,2,8,0,6,5,0.005136606426730861,0.00679117147707986,-0.006796610169491513,0.011962661478864822,0.010677344010677325,0.022413793103448265,0.07704280155642018,-0.07704280155642018,-0.2416782823309761,0.17,12,暂未减速,买一异常溢价(不作为可成交退出价),39,0,0
437,P250 | Steel Disruption (Factory New),32.73,30.4,242,10,0.0413,0.9288,steamdt-live,33.09,138,32.51,98,,3,6,7,2,10,2,4,5,-0.0030358227079536615,-0.01004872107186372,-0.015835076187630803,-0.013054037644201544,0.02868240215118023,0.006501547987616041,0.10539350577875628,-0.10539350577875628,-0.48215992354252946,1.17,6,长期阴跌,,39,0,0
438,Five-SeveN | Orange Peel (Factory New),17.0,16.6,517,18,0.0348,0.9765,steamdt-live,18.32,108,17.1,193,,3,12,12,2,10,0,0,0,-0.031062670299727535,-0.04443194600674927,-0.02549123738714798,-0.07411444141689394,0.09771640998406794,0.0125148986889152,0.1932573599240266,-0.1932573599240266,-0.46906250000000005,0.14,11,长期阴跌,,39,0,0
439,USP-S | 27 (Factory New),27.3,26.4,579,20,0.0345,0.967,steamdt-live,27.34,95,27.5,242,,3,12,12,2,10,0,0,0,0.003676470588235281,0.0,0.0036900369003689537,0.003676470588235281,0.0,0.007380073800737907,0.08266129032258063,-0.08266129032258063,-0.45070422535211274,1.17,1,价格更新稀疏,,39,0,0
440,AWP | PAW (Factory New),43.89,40.2,1240,22,0.0177,0.9159,steamdt-live,44.4,1030,45.4,339,,3,6,15,2,2,0,6,5,0.005142589995324798,0.020697674418604706,0.021002386634844994,0.025946704067321136,0.00022779043280174438,0.05759036144578311,0.011486486486486425,-0.011486486486486425,-0.09876796714579061,1.17,9,回撤不明显,,39,0,0
441,Desert Eagle | Calligraffiti (Factory New),30.02,27.1,1081,19,0.0176,0.9027,steamdt-live,28.5,117,27.54,260,,3,6,15,2,10,0,0,3,-0.0018122508155128392,0.0,0.1495833333333334,-0.0018122508155128392,0.04639889196675895,0.14749999999999996,0.12068965517241381,-0.12068965517241381,-0.4126679462571977,1.17,7,长期阴跌,,39,0,0
442,AWP | Duality (Factory New),58.9,56.0,998,16,0.016,0.9508,steamdt-live,59.79,660,61.87,536,,3,9,15,2,8,0,2,0,-0.00033489618218340844,-0.01340033500837523,-0.012892561983471107,-0.013730743469524409,0.026446280991735516,0.01551724137931032,0.06611701284287308,-0.050000000000000044,-0.26190476190476186,1.17,8,可能加速下跌,,39,0,0
443,★ Driver Gloves | Seigaiha (Minimal Wear),959.59,1240.0,21,23,1.0952,1.2922,steamdt-live,948.0,31,987.9,31,"溢价求购:买一高于卖一,多为定向收特定图案,买一价不可作退出价",20,0,2,5,2,0,4,5,0.0,-0.004201680672268893,0.012765957446808418,-0.004201680672268893,0.01043841336116913,0.008510638297872353,0.01043841336116913,0.005302226935312904,-0.0590477324836971,1.17,5,可能加速下跌,买一异常溢价(不作为可成交退出价),38,0,0
444,Desert Eagle | Sunset Storm 壱 (Factory New),3136.0,3000.0,50,9,0.18,0.9566,steamdt-live,3050.0,37,3131.0,50,,14,9,4,2,6,0,0,3,-0.0006349206349206549,-0.03113087674714099,-0.007874015748031482,-0.031746031746031744,0.03937007874015752,0.0,0.04140501738042701,-0.04140501738042701,-0.0429871352368999,1.17,3,可能加速下跌,,38,0,0
445,★ Driver Gloves | Rezan the Red (Minimal Wear),770.0,930.0,145,21,0.1448,1.2078,steamdt-live,760.0,82,803.03,78,"溢价求购:买一高于卖一,多为定向收特定图案,买一价不可作退出价",11,0,7,5,8,0,4,3,0.0,-0.012987012987012991,-0.012820512820512775,-0.012987012987012991,0.02564102564102566,0.0,0.06172839506172845,-0.06172839506172845,-0.12189485846331605,0.12,2,可能加速下跌,买一异常溢价(不作为可成交退出价),38,0,0
446,M4A1-S | Master Piece (Factory New),1880.0,1880.0,79,11,0.1392,1.0,steamdt-live,1949.5,24,1946.54,72,,11,15,4,2,6,0,0,0,0.0,0.016216216216216273,-0.025803054239073142,0.016216216216216273,0.010005265929436513,0.016216216216216273,0.03589743589743588,-0.03589743589743588,-0.2684824902723736,1.17,1,价格更新稀疏,,38,0,0
447,Glock-18 | Steel Disruption (Factory New),248.0,237.0,326,39,0.1196,0.9556,steamdt-live,270.0,69,251.3,78,,11,9,9,2,4,0,0,3,-0.0004612758891092694,0.14449213161659524,0.032333333333333325,0.14396420499100526,0.01509134233518672,0.19806763285024154,0.01509134233518672,0.05325745349528588,-0.3334766716835089,1.17,9,长期阴跌,,38,0,0
448,M4A1-S | Atomic Alloy (Factory New),1080.0,1050.0,560,55,0.0982,0.9722,steamdt-live,1069.22,88,1050.0,84,,7,12,12,2,0,0,0,5,0.0393057682491067,0.050314341846758426,0.03490902943600349,0.09159775395610015,0.0,0.13688754678462067,0.0,0.051347099311701117,-0.01906422018348619,0.17,9,回撤不明显,,38,0,0
449,USP-S | Printstream (Factory New),617.5,603.0,498,47,0.0944,0.9765,steamdt-live,615.5,410,624.48,156,,7,12,9,2,6,0,2,0,-0.0024232633279482885,-0.0032388663967611864,0.011437908496731986,-0.0056542810985460434,0.0056542810985460434,0.017355371900826366,0.03209573681810318,-0.03209573681810318,-0.08611729769858945,0.17,11,回撤不明显,,38,0,0
450,Five-SeveN | Retrobution (Factory New),71.8,70.0,432,39,0.0903,0.9749,steamdt-live,69.28,127,68.93,88,,7,12,9,2,0,0,3,5,-0.004987908101571903,0.05240771684642276,0.010076335877862608,0.047158403869407506,0.0,0.06584615384615389,0.0,0.01449699809635363,-0.2684266103484688,1.17,9,回撤不明显,,38,0,0
451,Galil AR | Urban Rubble (Factory New),82.79,75.0,77,4,0.0519,0.9059,steamdt-live,63.38,29,69.41,19,,3,6,4,2,10,6,2,5,-0.0032307692307691482,-0.021762617687914876,-0.13321776236831573,-0.024923076923076937,0.15482064275236684,0.0,0.2949944382647386,-0.2957777777777777,-0.4695346501506529,0.99,12,长期阴跌,,38,0,0
452,Glock-18 | Trace Lock (Factory New),35.0,32.0,294,15,0.051,0.9143,steamdt-live,30.67,272,35.0,95,,3,6,9,2,10,3,2,3,-0.013211701793016561,-0.01848900223143135,-0.05611638954869358,-0.03145643284051591,0.08635014836795263,0.010502133245815504,0.12478681068789088,-0.04556726596404215,-0.2238467355684397,0.25,15,可能加速下跌,,38,0,0
453,Tec-9 | Re-Entry (Factory New),44.9,40.6,797,34,0.0427,0.9042,steamdt-live,41.57,198,41.7,213,,3,6,12,2,0,10,0,5,-0.005376344086021612,0.12351351351351347,0.0021551724137931494,0.11747311827956985,0.0,0.1547222222222222,0.0,0.03925000000000001,-0.26476830562433673,1.17,13,反弹较远,,38,0,0
454,MP9 | Sand Scale (Factory New),32.3,30.8,872,29,0.0333,0.9536,steamdt-live,31.2,232,31.96,191,,3,9,12,2,6,0,3,3,0.030353569046030593,0.01003561022984778,0.035220994475138045,0.04069379586390931,0.006369426751592355,0.09859154929577474,0.041474654377880116,-0.03644224830142073,-0.4487632508833923,1.07,12,长期阴跌,,38,0,0
455,★ Driver Gloves | Hand Sweaters (Minimal Wear),1440.0,1930.0,37,33,0.8919,1.3403,steamdt-live,1440.0,36,1472.41,44,"溢价求购:买一高于卖一,多为定向收特定图案,买一价不可作退出价",20,0,4,5,4,0,4,0,-0.0003472222222222765,0.0003473428273705892,-0.006211180124223614,0.0,0.006211180124223614,0.0108810108810109,0.015721120984278913,-0.015721120984278913,-0.07692307692307687,1.17,2,回撤不明显,买一异常溢价(不作为可成交退出价),37,0,0
456,★ Driver Gloves | Seigaiha (Field-Tested),489.5,670.0,54,41,0.7593,1.3687,steamdt-live,489.5,75,489.0,48,"溢价求购:买一高于卖一,多为定向收特定图案,买一价不可作退出价",20,0,4,5,2,0,6,0,0.009183673469387754,-0.011122345803842304,0.017653167185877505,-0.0020408163265306367,0.011122345803842304,0.012422360248447228,0.011122345803842304,0.018750000000000044,-0.10355826871253371,1.04,4,可能加速下跌,买一异常溢价(不作为可成交退出价),37,0,0
457,★ Specialist Gloves | Big Swell (Minimal Wear),2437.5,2820.0,44,30,0.6818,1.1569,steamdt-live,2440.0,57,2439.0,44,"溢价求购:买一高于卖一,多为定向收特定图案,买一价不可作退出价",20,0,4,5,8,0,0,0,-0.003066230580539675,-0.015788394504818504,-0.001224989791751785,-0.01880621422730988,0.02000816659861171,0.0,0.05025722200237437,-0.05025722200237437,-0.04761904761904767,0.11,1,价格更新稀疏,买一异常溢价(不作为可成交退出价),37,0,0
458,★ Sport Gloves | Red Racer (Minimal Wear),1810.0,2470.0,45,29,0.6444,1.3646,steamdt-live,1835.0,59,1887.5,24,"溢价求购:买一高于卖一,多为定向收特定图案,买一价不可作退出价",20,0,4,5,4,0,4,0,-0.0013668671405139277,-0.009033670955379103,0.006050605060506031,-0.010388190267905939,0.014161220043573008,0.0,0.016304347826086918,0.028701335606706513,-0.06168999481596682,1.17,5,可能加速下跌,买一异常溢价(不作为可成交退出价),37,0,0
459,★ Driver Gloves | Dragon Fists (Field-Tested),611.0,741.0,94,43,0.4574,1.2128,steamdt-live,600.0,102,659.5,30,"溢价求购:买一高于卖一,多为定向收特定图案,买一价不可作退出价",20,0,4,5,2,0,6,0,-0.0008312690152787461,-0.0016472819847251907,0.01947457627118654,-0.00247718166553057,0.00247718166553057,0.016949152542372836,0.014778325123152691,0.0,-0.04761904761904767,1.17,4,回撤不明显,买一异常溢价(不作为可成交退出价),37,0,0
460,★ Specialist Gloves | Chocolate Chesterfield (Minimal Wear),1068.0,1640.0,45,20,0.4444,1.5356,steamdt-live,1107.5,35,1119.5,29,"溢价求购:买一高于卖一,多为定向收特定图案,买一价不可作退出价",20,0,4,5,6,0,2,0,-0.003215434083601254,-0.015668202764976935,-0.0036613272311213363,-0.018833256775378948,0.022425629290617866,0.0,0.03566591422121901,-0.03304662743322773,-0.10252100840336131,0.54,3,可能加速下跌,买一异常溢价(不作为可成交退出价),37,0,0
461,★ Specialist Gloves | Blackbook (Field-Tested),1572.0,2330.0,159,47,0.2956,1.4822,steamdt-live,1549.5,171,1562.34,77,"溢价求购:买一高于卖一,多为定向收特定图案,买一价不可作退出价",17,0,7,5,6,0,2,0,0.0,-0.0161904761904762,-0.006309148264984188,-0.0161904761904762,0.022088987062164667,0.0,0.04233621755253403,-0.040260142458965587,-0.06033959975742875,0.92,6,可能加速下跌,买一异常溢价(不作为可成交退出价),37,0,0
462,★ Specialist Gloves | Cloud Chaser (Field-Tested),2740.0,3340.0,152,40,0.2632,1.219,steamdt-live,2719.0,151,2780.0,61,"溢价求购:买一高于卖一,多为定向收特定图案,买一价不可作退出价",17,0,7,5,4,0,4,0,-0.00036868176193372015,-0.007113435190324591,0.0036600109910238654,-0.007479494358438865,0.007479494358438865,0.0,0.02544802867383511,-0.01858870240028876,-0.07042735042735038,0.24,2,回撤不明显,买一异常溢价(不作为可成交退出价),37,0,0
463,★ Sport Gloves | Ultra Violent (Minimal Wear),11396.0,12530.0,277,64,0.231,1.0995,steamdt-live,11149.5,301,11550.0,86,"溢价求购:买一高于卖一,多为定向收特定图案,买一价不可作退出价",17,0,9,5,6,0,0,0,-4.484506031665614e-05,4.484707148622036e-05,-0.004464485021652753,0.0,0.004464485021652753,0.0034650346503464213,0.03043610591764856,-0.01740548162509914,-0.05231619209519767,0.91,0,价格更新稀疏,买一异常溢价(不作为可成交退出价),37,0,0
464,★ Driver Gloves | Queen Jaguar (Minimal Wear),659.0,880.0,121,26,0.2149,1.3354,steamdt-live,650.0,66,680.0,73,"溢价求购:买一高于卖一,多为定向收特定图案,买一价不可作退出价",17,0,7,5,6,0,2,0,-0.0015017044345332353,-0.022424087470484633,-0.006104477611940329,-0.02389211755342313,0.038461538461538436,0.0,0.041297935103244865,-0.041297935103244865,-0.07997169143665961,0.17,8,可能加速下跌,买一异常溢价(不作为可成交退出价),37,0,0
465,★ Broken Fang Gloves | Jade (Field-Tested),424.4,509.0,140,30,0.2143,1.1993,steamdt-live,429.4,118,448.88,77,"溢价求购:买一高于卖一,多为定向收特定图案,买一价不可作退出价",17,0,7,5,2,0,6,0,-0.004690431519699834,0.0,-0.0034589137141255444,-0.004690431519699834,0.006088992974238927,0.010476190476190528,0.008133121435916602,0.015797032072762063,-0.009568261376896148,0.17,5,回撤不明显,买一异常溢价(不作为可成交退出价),37,0,0
466,Glock-18 | Ifrit Lattice (Factory New),71.78,70.0,67,14,0.209,0.9752,steamdt-live,71.89,67,71.5,107,,17,12,4,2,2,0,0,0,-0.0055632823365786566,0.0,0.00643896976483771,-0.0055632823365786566,0.0055632823365786566,0.0008398656215005129,0.00694444444444442,-0.00694444444444442,-0.1537460054444313,1.17,1,价格更新稀疏,,37,0,0
467,Glock-18 | Royal Legion (Factory New),254.0,247.0,405,68,0.1679,0.9724,steamdt-live,260.0,54,249.6,100,,14,12,9,2,0,0,0,0,0.021584305500939482,0.06753346734528032,0.04602376599634361,0.09057543583693795,0.0,0.15491393670183218,0.0,0.012576064908722095,-0.2387690993930891,1.12,13,反弹较远,,37,0,0
468,Tec-9 | Toxic (Factory New),161.5,156.0,235,33,0.1404,0.9659,steamdt-live,175.0,79,160.72,119,,11,12,7,2,0,0,0,5,-0.0033525546466407485,0.08127018299246513,-0.0031415012365485495,0.07764516561619961,0.0,0.11611111111111105,0.0017391304347825765,-0.0017391304347825765,-0.3690574333608134,1.17,6,长期阴跌,,37,0,0
469,★ Specialist Gloves | Tiger Strike (Minimal Wear),2045.5,3250.0,314,34,0.1083,1.5889,steamdt-live,2084.5,243,2100.0,85,"溢价求购:买一高于卖一,多为定向收特定图案,买一价不可作退出价",11,0,9,5,6,0,6,0,0.0,-0.0007327796775769002,-0.0014634146341463428,-0.0007327796775769002,0.002195121951219514,0.0029418975239028367,0.03056872037914693,-0.03056872037914693,-0.11907838070628773,0.17,2,回撤不明显,买一异常溢价(不作为可成交退出价),37,0,0
470,★ Hydra Gloves | Emerald (Field-Tested),197.8,194.0,111,11,0.0991,0.9808,steamdt-live,198.98,99,205.81,369,,7,12,7,5,2,0,4,0,-0.0015212981744421317,0.004570848146267181,-0.004040404040404066,0.0030425963488844854,0.0060301507537687815,0.0122824974411464,0.0060301507537687815,0.025082918739635085,-0.06737705690980245,0.17,15,回撤不明显,,37,0,0
471,★ Hand Wraps | Giraffe (Field-Tested),243.28,259.0,330,27,0.0818,1.0646,steamdt-live,244.5,262,248.32,125,"溢价求购:买一高于卖一,多为定向收特定图案,买一价不可作退出价",7,0,9,5,0,10,6,0,-0.031151875723020916,0.037441364605543814,0.005149501661129596,0.005123120145430482,0.0,0.057739130434782515,0.0,0.02866807610993649,-0.04371069182389942,0.16,14,回撤不明显,买一异常溢价(不作为可成交退出价),37,0,0
472,P250 | See Ya Later (Factory New),708.5,674.0,270,21,0.0778,0.9513,steamdt-live,700.0,113,681.69,89,,7,9,9,2,4,0,6,0,0.0037103283123178787,0.003961708394698116,-0.0007385633465782915,0.00768673594583813,0.0,0.010989499911016276,0.024763948497854016,-0.024763948497854016,-0.11342177136168541,0.17,3,回撤不明显,,37,0,0
473,Tec-9 | Whiteout (Factory New),1096.5,990.0,167,12,0.0719,0.9029,steamdt-live,1150.0,62,1129.5,107,,7,6,7,2,10,3,2,0,-0.017699115044247815,-0.012162162162162149,-0.012237762237762184,-0.029646017699115013,0.04193971166448229,0.0,0.0820273256982118,-0.062419837537409095,-0.2689951266341776,1.17,5,可能加速下跌,,37,0,0
474,MP9 | Deadly Poison (Factory New),58.98,54.0,319,15,0.047,0.9156,steamdt-live,54.0,61,52.72,46,,3,6,9,2,8,0,4,5,0.0,-0.0020821502933938696,0.026024470771023323,-0.0020821502933938696,0.03566855679531744,0.01015520214600496,0.07346221441124778,0.01579961464354529,0.10062630480167023,0.16,16,可能加速下跌,,37,0,0
475,AWP | The Prince (Factory New),16476.49,18660.0,68,11,0.1618,1.1325,steamdt-live,16665.5,69,16605.2,37,"溢价求购:买一高于卖一,多为定向收特定图案,买一价不可作退出价",14,0,4,2,0,10,6,0,-0.02424606211638536,0.02484854139453896,-6.06925014356996e-07,0.0,6.06925014356996e-07,0.02484854139453896,3.095223645066536e-05,2.9740228210783926e-05,-0.022427838262778388,1.17,2,回撤不明显,买一异常溢价(不作为可成交退出价),36,0,0
476,★ Moto Gloves | Polygon (Minimal Wear),1042.91,1490.0,131,21,0.1603,1.4287,steamdt-live,1055.0,132,1053.0,67,"溢价求购:买一高于卖一,多为定向收特定图案,买一价不可作退出价",14,0,7,5,4,0,6,0,0.0,-0.0003844675124953234,-0.0047447769189559175,-0.0003844675124953234,0.005127420218871914,0.010199125789218,0.027046243369413747,-0.026791312240906695,-0.098786828422877,0.06,3,回撤不明显,买一异常溢价(不作为可成交退出价),36,0,0
477,USP-S | Ancient Visions (Factory New),253.99,236.0,65,10,0.1538,0.9292,steamdt-live,265.0,28,261.13,80,,14,6,4,2,10,0,0,0,-0.0007037297677692234,-0.058598962194217896,-0.030347651199540304,-0.05926145412793071,0.08781065938801891,0.0,0.1180902777777777,-0.1180902777777777,-0.2905307262569832,1.03,3,可能加速下跌,,36,0,0
478,Glock-18 | Blue Fissure (Factory New),219.99,183.0,48,7,0.1458,0.8319,steamdt-live,230.0,27,219.3,57,,11,3,4,2,0,10,6,0,-0.04240766073871416,0.04428571428571426,0.0,0.0,0.0,0.04428571428571426,0.00013678019422791454,0.003064538260988847,-0.045276447540269826,0.99,2,回撤不明显,,36,0,0
479,AWP | Oni Taiji (Factory New),3397.0,5350.0,369,52,0.1409,1.5749,steamdt-live,3547.3,104,3516.31,102,"溢价求购:买一高于卖一,多为定向收特定图案,买一价不可作退出价",11,0,9,2,8,0,6,0,0.018904947209562595,0.0002944640753828054,-3.0003000300871108e-06,0.019204978112745685,0.005998536942209198,0.02012012012012021,0.05926336194959847,-0.059523809523809534,-0.19109417787831884,0.67,5,回撤不明显,买一异常溢价(不作为可成交退出价),36,0,0
480,★ Hydra Gloves | Mangrove (Minimal Wear),214.29,270.0,123,16,0.1301,1.26,steamdt-live,214.5,54,218.7,61,"溢价求购:买一高于卖一,多为定向收特定图案,买一价不可作退出价",11,0,7,5,2,0,6,5,0.01602579299227158,0.0009799804003920443,-0.0004265402843601773,0.017021478355696784,0.0,0.021428571428571352,0.01379310344827589,-0.01379310344827589,-0.052143172779496316,0.17,5,回撤不明显,买一异常溢价(不作为可成交退出价),36,0,0
481,★ Driver Gloves | Rezan the Red (Field-Tested),355.5,452.0,223,25,0.1121,1.2714,steamdt-live,357.5,189,361.2,107,"溢价求购:买一高于卖一,多为定向收特定图案,买一价不可作退出价",11,0,7,5,2,0,6,5,0.00561797752808979,-0.005586592178770999,-0.0028011204481792618,0.0,0.00835654596100277,0.008498583569405138,0.011111111111111072,-0.0008419870895313153,-0.04529485907372144,0.1,10,回撤不明显,买一异常溢价(不作为可成交退出价),36,0,0
482,P250 | Apep's Curse (Factory New),660.0,621.0,65,7,0.1077,0.9409,steamdt-live,640.0,44,682.95,61,,11,9,4,2,10,0,0,0,0.0,-0.030303030303030276,-0.0420899854862119,-0.030303030303030276,0.0711175616835994,0.0,0.08571428571428574,-0.08571428571428574,-0.17062993248409286,1.17,1,价格更新稀疏,,36,0,0
483,USP-S | Caiman (Factory New),449.0,418.0,240,22,0.0917,0.931,steamdt-live,458.77,51,431.71,97,,7,9,7,2,8,0,3,0,0.012914909333523905,0.01557317273989045,0.04917499999999997,0.028689208187385296,0.033643730133858685,0.08369104099204261,0.07139169713916971,-0.07159139784946245,-0.2543868739205527,0.08,5,可能加速下跌,,36,0,0
484,★ Hand Wraps | Cobalt Skulls (Minimal Wear),2338.0,3690.0,389,26,0.0668,1.5783,steamdt-live,2448.0,297,2400.0,85,"溢价求购:买一高于卖一,多为定向收特定图案,买一价不可作退出价",7,0,9,5,4,0,6,5,-0.002995293110825803,0.0034334763948498104,-0.0006414368184733954,0.00042789901583217826,0.00021381227282446513,0.020960698689956425,0.02461410095953276,-0.005106382978723456,-0.089177259818225,0.08,4,回撤不明显,买一异常溢价(不作为可成交退出价),36,0,0
485,Desert Eagle | Heat Treated (Factory New),209.5,3370.0,1797,81,0.0451,16.0859,steamdt-live,202.99,317,198.67,365,"溢价求购:买一高于卖一,多为定向收特定图案,买一价不可作退出价",3,0,15,2,8,0,3,5,0.012274368231046884,0.012176482575911862,0.028701787893256947,0.024600309437854406,0.006650000000000045,0.06263371844244747,0.06723320343678119,-0.0809122871946707,-0.3486229508196722,1.07,11,长期阴跌,买一异常溢价(不作为可成交退出价),36,0,0
486,★ Sport Gloves | Vice (Minimal Wear),8090.0,19580.0,1007,44,0.0437,2.4203,steamdt-live,8179.0,977,8288.0,207,"溢价求购:买一高于卖一,多为定向收特定图案,买一价不可作退出价",3,0,15,5,2,0,6,5,6.17360167922687e-05,-0.0011729119081425043,-0.002830587085184799,-0.0011112483022595043,0.0038773673303790224,0.011249999999999982,0.01094198911913935,-0.01094198911913935,-0.09096016630147763,0.16,4,回撤不明显,买一异常溢价(不作为可成交退出价),36,0,0
487,Tec-9 | Flash Out (Factory New),22.7,20.1,890,19,0.0213,0.8855,steamdt-live,19.9,154,21.0,101,,3,6,12,2,10,0,3,0,-0.0021299254526092604,0.06189967982924238,0.002134471718249875,0.059637912673056404,0.02066929133858275,0.06417112299465244,0.0970961887477314,-0.09463148316651515,-0.4883003342761636,0.17,9,长期阴跌,,36,0,0
488,★ Sport Gloves | Occult (Minimal Wear),5798.5,7060.0,85,36,0.4235,1.2176,steamdt-live,5998.0,100,5999.0,34,"溢价求购:买一高于卖一,多为定向收特定图案,买一价不可作退出价",20,0,4,5,6,0,0,0,-0.00034193879295607577,-0.008294852060885871,-0.024516344229486342,-0.008633954522140552,0.03293862575050033,0.0,0.0335833333333333,-0.03342223703950653,-0.06264144843194308,1.17,1,价格更新稀疏,买一异常溢价(不作为可成交退出价),35,0,0
489,★ Driver Gloves | Garden (Minimal Wear),2697.49,3340.0,50,20,0.4,1.2382,steamdt-live,2700.0,53,2705.87,47,"溢价求购:买一高于卖一,多为定向收特定图案,买一价不可作退出价",20,0,4,5,0,0,6,0,-0.004444444444444473,0.0007440476190476719,0.018867924528301883,-0.0037037037037036535,0.0037037037037036535,0.015861027190332333,0.0037037037037036535,0.004106009705113767,-0.09852546916890081,0.17,4,回撤不明显,买一异常溢价(不作为可成交退出价),35,0,0
490,★ Moto Gloves | Transport (Minimal Wear),339.5,501.0,148,24,0.1622,1.4757,steamdt-live,355.0,112,355.0,59,"溢价求购:买一高于卖一,多为定向收特定图案,买一价不可作退出价",14,0,7,5,2,0,4,3,0.0,0.0015340138061241682,-0.0029999999999998916,0.0015340138061241682,0.0014705882352941124,0.013432835820895495,0.010204081632653073,-0.008759124087591275,-0.035511363636363646,0.12,9,回撤不明显,买一异常溢价(不作为可成交退出价),35,0,0
491,★ Driver Gloves | Snow Leopard (Minimal Wear),3280.0,5910.0,232,25,0.1078,1.8018,steamdt-live,3240.0,227,3387.9,56,"溢价求购:买一高于卖一,多为定向收特定图案,买一价不可作退出价",11,0,7,5,6,0,6,0,0.004846396748862558,-0.0027700831024930483,0.00010207237859560792,0.002062888724627676,0.0027700831024930483,0.006211180124223503,0.034248412769382175,-0.025563909774436122,-0.11848728064208947,0.17,3,回撤不明显,买一异常溢价(不作为可成交退出价),35,0,0
492,Tec-9 | Cracked Opal (Factory New),49.5,47.0,374,38,0.1016,0.9495,steamdt-live,50.94,126,51.49,52,,11,9,9,2,4,0,0,0,0.015246015246015432,0.12627986348122855,-0.004827586206896606,0.1434511434511434,0.02941176470588236,0.20731707317073167,0.02941176470588236,0.07608695652173902,-0.005624748895138643,0.12,15,反弹较远,,35,0,0
493,MP9 | Airlock (Factory New),151.0,142.0,266,24,0.0902,0.9404,steamdt-live,152.18,104,155.32,114,,7,9,9,2,2,0,6,0,-0.00401661106950757,0.032125768967874224,0.003346994535518899,0.02798012117911375,0.0,0.04137931034482767,0.006513586420159312,-0.006513586420159312,-0.12867859203693022,1.1,5,回撤不明显,,35,0,0
494,FAMAS | Meltdown (Factory New),428.53,407.0,156,14,0.0897,0.9498,steamdt-live,430.29,65,419.6,98,,7,9,7,2,10,0,0,0,0.020428015564202484,0.0,-0.04030620580203992,0.020428015564202484,0.02070156603729545,0.020428015564202484,0.12213900163186742,-0.12213900163186742,-0.4219509843089173,1.17,1,价格更新稀疏,,35,0,0
495,M4A4 | Dark Blossom (Factory New),300.0,287.0,239,21,0.0879,0.9567,steamdt-live,327.9,86,311.07,131,,7,9,7,2,10,0,0,0,-0.003215434083601254,-0.032258064516129004,-0.006389776357827448,-0.03536977491961413,0.04153354632587858,0.0,0.13988359758020585,-0.13207001301894972,-0.36682144364710845,1.17,6,长期阴跌,,35,0,0
496,MP9 | Dart (Factory New),20.19,19.3,100,7,0.07,0.9559,steamdt-live,19.9,108,20.15,125,,7,9,7,2,8,0,2,0,-0.006866110838646411,-0.01728395061728405,-0.009713453132588645,-0.024031387935262494,0.033041788143828965,0.0,0.05238095238095242,0.0,-0.5048519532221946,1.06,5,长期阴跌,,35,0,0
497,P250 | Inferno (Factory New),46.71,43.8,344,20,0.0581,0.9377,steamdt-live,45.7,112,47.21,136,,3,9,9,2,10,0,2,0,-0.0025542784163473664,-0.02475458813486975,0.007722007722007707,-0.027245636441038612,0.027452649499893567,0.0,0.09594460929772497,-0.023295575977772986,-0.3807588075880758,0.14,2,长期阴跌,,35,0,0
498,M4A1-S | Welcome to the Jungle (Factory New),10199.0,12470.0,38,15,0.3947,1.2227,steamdt-live,10289.5,40,10488.0,37,"溢价求购:买一高于卖一,多为定向收特定图案,买一价不可作退出价",20,0,4,2,2,0,6,0,0.00665231852866377,-0.008843537414966018,0.0,-0.0022500489141068503,0.008843537414966018,0.0,0.008843537414966018,0.05514173391268362,-0.032848445767822865,1.17,2,回撤不明显,买一异常溢价(不作为可成交退出价),34,0,0
499,AWP | Queen's Gambit (Factory New),1344.5,2390.0,92,31,0.337,1.7776,steamdt-live,1340.0,110,1438.14,51,"溢价求购:买一高于卖一,多为定向收特定图案,买一价不可作退出价",20,0,4,2,2,0,6,0,0.0,-0.0037174721189591198,-0.0014625418531964973,-0.0037174721189591198,0.005181962612659463,0.00037327360955585753,0.005181962612659463,0.012084592145015005,-0.02538366426649219,1.17,2,回撤不明显,买一异常溢价(不作为可成交退出价),34,0,0
500,★ Broken Fang Gloves | Unhinged (Minimal Wear),461.5,665.0,62,18,0.2903,1.441,steamdt-live,479.5,67,469.84,68,"溢价求购:买一高于卖一,多为定向收特定图案,买一价不可作退出价",17,0,4,5,6,0,2,0,-0.01420023596831288,-0.013678136353921677,-0.007133145068507485,-0.0276841395584021,0.03461980964334277,0.0,0.04253112033195017,-0.018085106382978777,-0.1275992438563327,1.17,14,可能加速下跌,买一异常溢价(不作为可成交退出价),34,0,0
501,★ Broken Fang Gloves | Jade (Minimal Wear),717.9,840.0,80,20,0.25,1.1701,steamdt-live,720.91,32,741.94,83,"溢价求购:买一高于卖一,多为定向收特定图案,买一价不可作退出价",17,0,4,5,2,0,6,0,-0.0018023014002495064,-0.0029166666666666785,-0.005103448275862177,-0.0047137113544988285,0.00830213700598137,0.0,0.009793103448275886,-0.00830213700598137,-0.10037593984962412,0.1,5,回撤不明显,买一异常溢价(不作为可成交退出价),34,0,0
502,Galil AR | Tornado (Factory New),144.99,127.0,32,8,0.25,0.8759,steamdt-live,168.75,20,146.12,64,,17,3,4,2,8,0,0,0,0.0,0.0,0.0,0.0,0.0,0.0,0.054084029227557395,-0.054084029227557395,-0.22040004301537786,1.17,0,价格更新稀疏,,34,0,0
503,★ Specialist Gloves | Emerald Web (Minimal Wear),8950.0,11760.0,196,39,0.199,1.314,steamdt-live,9179.5,101,9343.75,76,"溢价求购:买一高于卖一,多为定向收特定图案,买一价不可作退出价",14,0,7,5,8,0,0,0,-0.0003333333333332966,-0.005223963543403376,-0.020674646354733373,-0.005555555555555536,0.026115342763873728,0.006975697569757022,0.0674169011149317,-0.06736831136351795,-0.26636337554817824,0.17,1,价格更新稀疏,买一异常溢价(不作为可成交退出价),34,0,0
504,MP9 | Storm (Factory New),185.59,89.0,18,3,0.1667,0.4796,steamdt-live,237.5,14,188.51,13,,8,1,2,2,0,10,6,5,0.008148188386115418,0.0,-0.008082332022199434,0.008148188386115418,0.0,0.010893839533743677,0.002204301075268811,-0.0032225146355873147,0.031055555555555614,0.99,3,回撤不明显,,34,0,0
505,★ Specialist Gloves | Lt. Commander (Minimal Wear),1064.9,1750.0,214,30,0.1402,1.6433,steamdt-live,1079.0,184,1049.9,100,"溢价求购:买一高于卖一,多为定向收特定图案,买一价不可作退出价",11,0,7,5,4,0,2,5,-0.0002795899347622921,-0.021254777663838875,0.004220909882170165,-0.02152842497670071,0.02152842497670071,0.03950495049504954,0.027870370370370323,-0.027870370370370323,-0.1348166460651009,0.17,3,可能加速下跌,买一异常溢价(不作为可成交退出价),34,0,0
506,★ Driver Gloves | Overtake (Field-Tested),259.48,369.0,229,30,0.131,1.4221,steamdt-live,264.0,212,255.0,170,"溢价求购:买一高于卖一,多为定向收特定图案,买一价不可作退出价",11,0,7,5,2,0,6,3,-0.0023622047244094,0.023993685872139014,0.01195219123505975,0.02157480314960636,0.007648768548263685,0.037920000000000176,0.007648768548263685,0.008080808080808133,-0.08472663139329795,0.17,10,回撤不明显,买一异常溢价(不作为可成交退出价),34,0,0
507,MP9 | Pandora's Box (Factory New),769.0,718.0,43,5,0.1163,0.9337,steamdt-live,809.6,43,797.1,59,,11,9,4,2,8,0,0,0,0.0,-0.0006497725795971965,-0.0006493506493506773,-0.0006497725795971965,0.007741935483870921,0.011842105263157876,0.05817513778322103,-0.05817513778322103,-0.13486634866348668,1.17,1,价格更新稀疏,,34,0,0
508,★ Sport Gloves | Amphibious (Minimal Wear),3917.0,7560.0,531,42,0.0791,1.93,steamdt-live,3929.5,479,3960.0,117,"溢价求购:买一高于卖一,多为定向收特定图案,买一价不可作退出价",7,0,12,5,6,0,4,0,-0.002788693116998364,-0.004194737511122426,-0.00391414141414137,-0.006971732792495855,0.011108305983337563,0.004616568350859218,0.030323134851181655,-0.026832298136646004,-0.07180094786729863,0.16,7,暂未减速,买一异常溢价(不作为可成交退出价),34,0,0
509,★ Sport Gloves | Omega (Field-Tested),1100.0,2000.0,872,63,0.0722,1.8182,steamdt-live,1119.5,719,1121.3,210,"溢价求购:买一高于卖一,多为定向收特定图案,买一价不可作退出价",7,0,12,5,4,0,6,0,0.004068716094032476,-0.00945520036019809,0.005454545454545379,-0.005424954792043413,0.016979445933869575,0.0,0.017857142857142905,-0.013187404682874382,-0.10569105691056913,0.16,6,可能加速下跌,买一异常溢价(不作为可成交退出价),34,0,0
510,Tec-9 | Blue Titanium (Factory New),189.99,173.0,517,30,0.058,0.9106,steamdt-live,183.5,38,188.8,104,,3,6,12,2,8,0,3,0,0.0017222222222221806,0.01769175309189719,0.05882352941176472,0.019444444444444375,0.0027173913043477826,0.07941176470588229,0.06805485017775526,-0.06805485017775526,-0.323901109023249,0.94,7,长期阴跌,,34,0,0
511,★ Driver Gloves | Brocade Flowers (Minimal Wear),2415.0,3370.0,35,31,0.8857,1.3954,steamdt-live,2599.0,43,2543.74,39,"溢价求购:买一高于卖一,多为定向收特定图案,买一价不可作退出价",20,0,4,5,0,0,4,0,-0.00020837674515528093,0.006669445602334401,-0.0002083333333333659,0.0064596790998123765,0.0,0.01941747572815533,0.0,0.0064596790998123765,-0.08712908712908718,0.91,4,回撤不明显,买一异常溢价(不作为可成交退出价),33,0,0
512,★ Sport Gloves | Blaze (Minimal Wear),1499.0,1960.0,32,26,0.8125,1.3075,steamdt-live,1550.0,38,1514.5,40,"溢价求购:买一高于卖一,多为定向收特定图案,买一价不可作退出价",20,0,4,5,4,0,0,0,0.0,0.0006675567423231055,0.00033388981636051085,0.0006675567423231055,0.0006666666666667043,0.03379310344827591,0.024723487312947268,-0.024723487312947268,-0.08597560975609753,1.17,1,价格更新稀疏,买一异常溢价(不作为可成交退出价),33,0,0
513,★ Driver Gloves | Dragon Fists (Minimal Wear),1253.0,1790.0,43,27,0.6279,1.4286,steamdt-live,1248.5,42,1281.5,44,"溢价求购:买一高于卖一,多为定向收特定图案,买一价不可作退出价",20,0,4,5,4,0,0,0,0.0,-0.0011999999999999789,-0.011466982997232145,-0.0011999999999999789,0.012653222617635462,0.0,0.023464998044583463,-0.023464998044583463,-0.06828358208955221,0.17,0,价格更新稀疏,买一异常溢价(不作为可成交退出价),33,0,0
514,M4A1-S | Knight (Factory New),16999.0,14750.0,12,7,0.5833,0.8677,steamdt-live,17799.5,13,16440.0,28,,20,3,2,2,6,0,0,0,0.0,-0.0006079027355623268,0.0,-0.0006079027355623268,0.0006079027355623268,0.0,0.032884287311018334,0.008650837474691642,0.02750000000000008,1.17,0,价格更新稀疏,,33,0,0
515,★ Moto Gloves | Smoke Out (Minimal Wear),1155.49,2040.0,148,36,0.2432,1.7655,steamdt-live,1150.0,128,1179.0,67,"溢价求购:买一高于卖一,多为定向收特定图案,买一价不可作退出价",17,0,7,5,4,0,0,0,-0.0013040174099278046,-0.005577413636560169,0.006921739130434812,-0.0068741580020035276,0.010752688172043001,0.0,0.016589704121771964,-0.007765314926660882,-0.11436272622256449,0.12,1,价格更新稀疏,买一异常溢价(不作为可成交退出价),33,0,0
516,★ Specialist Gloves | Buckshot (Minimal Wear),397.9,515.0,149,27,0.1812,1.2943,steamdt-live,404.0,105,404.68,72,"溢价求购:买一高于卖一,多为定向收特定图案,买一价不可作退出价",14,0,7,5,4,0,0,3,2.500062501553657e-05,-0.005250000000000088,0.01522881291403344,-0.005225130628265795,0.017530864197530915,0.025515463917525683,0.017530864197530915,-0.005250000000000088,-0.11183035714285716,0.08,5,可能加速下跌,买一异常溢价(不作为可成交退出价),33,0,0
517,★ Moto Gloves | POW! (Minimal Wear),980.0,1700.0,292,34,0.1164,1.7347,steamdt-live,998.5,293,1000.2,74,"溢价求购:买一高于卖一,多为定向收特定图案,买一价不可作退出价",11,0,9,5,4,0,4,0,-0.0017102615694165602,-0.012395444925929588,-0.006000000000000005,-0.014084507042253502,0.020000000000000018,0.0,0.026135347311934787,-0.025844930417495027,-0.07972579584937556,0.17,5,可能加速下跌,买一异常溢价(不作为可成交退出价),33,0,0
518,Tec-9 | Blast From the Past (Factory New),42.34,37.3,72,8,0.1111,0.881,steamdt-live,39.9,34,42.4,55,,11,6,4,2,10,0,0,0,-0.0032490136922720403,-0.07101280558789302,-0.025994575045207968,-0.07403109770248328,0.09810126582278489,0.0,0.109375,-0.109375,-0.4248234106962665,1.17,5,长期阴跌,,33,0,0
519,★ Moto Gloves | Transport (Field-Tested),208.49,262.0,270,24,0.0889,1.2567,steamdt-live,214.88,199,210.28,213,"溢价求购:买一高于卖一,多为定向收特定图案,买一价不可作退出价",7,0,9,5,6,0,6,0,0.004819277108433662,-4.796163069542558e-05,-0.0024038461538461453,0.004771084337349407,0.004821002386634854,0.009636803874092159,0.034768518518518476,-0.03027906976744177,-0.08323806173599502,0.17,7,回撤不明显,买一异常溢价(不作为可成交退出价),33,0,0
520,MP9 | Food Chain (Factory New),97.9,92.0,209,13,0.0622,0.9397,steamdt-live,98.8,135,102.0,101,,7,9,7,2,2,0,6,0,0.008351376430559831,0.0010224948875257045,-0.00010309278350517648,0.009382410557789544,0.005182400162584977,0.030526315789473735,0.006091370558375608,-0.006393991677661526,-0.11714311479844886,1.04,4,回撤不明显,,33,0,0
521,M4A1-S | Stratosphere (Factory New),200.0,194.0,380,21,0.0553,0.97,steamdt-live,201.0,264,209.91,349,,3,12,9,2,6,1,0,0,0.004914246400314459,-0.02195706391510588,-0.01885245901639343,-0.017150719937097714,0.038461538461538436,0.01781170483460559,0.04182436640636222,-0.017199017199017175,-0.3055555555555556,0.64,13,长期阴跌,,33,0,0
522,Galil AR | Crimson Tsunami (Factory New),42.9,39.1,699,37,0.0529,0.9114,steamdt-live,40.0,264,41.57,221,,3,6,12,2,4,0,6,0,0.028806584362139898,0.0,-0.003076923076922977,0.028806584362139898,0.0,0.05263157894736836,0.019367492032360878,-0.012833168805528206,-0.2951541850220264,0.15,9,回撤不明显,,33,0,0
523,P250 | Visions (Factory New),49.23,45.4,408,19,0.0466,0.9222,steamdt-live,49.2,354,52.0,241,,3,6,9,2,8,0,0,5,0.00020316944331577602,-0.0006093845216330607,0.004489795918367401,-0.00040633888663133,0.005859769650434443,0.06956521739130439,0.06994328922495263,-0.06994328922495263,-0.19449901768172884,0.17,3,回撤不明显,,33,0,0
524,★ Sport Gloves | Vice (Field-Tested),2568.0,5150.0,1497,66,0.0441,2.0055,steamdt-live,2589.0,1398,2634.5,285,"溢价求购:买一高于卖一,多为定向收特定图案,买一价不可作退出价",3,0,15,5,6,0,4,0,-0.0036405441655489312,-0.012307692307692353,-0.0026372114355603937,-0.015903429775819156,0.01849870050451008,0.0,0.033132530120481896,-0.025241981400645264,-0.08383874420264004,0.17,5,可能加速下跌,买一异常溢价(不作为可成交退出价),33,0,0
525,AK-47 | Elite Build (Factory New),50.2,48.0,1139,24,0.0211,0.9562,steamdt-live,49.6,724,51.1,441,,3,9,15,2,4,0,0,0,0.004016064257028162,-0.008000000000000007,-0.0040000000000000036,-0.004016064257028051,0.01898734177215189,0.05531914893617018,0.01898734177215189,0.01535312180143289,-0.23350332251583983,1.17,10,可能加速下跌,,33,0,0
526,★ Specialist Gloves | Sunburst (Field-Tested),1036.5,1450.0,142,43,0.3028,1.3989,steamdt-live,1018.0,179,1033.0,67,"溢价求购:买一高于卖一,多为定向收特定图案,买一价不可作退出价",20,0,7,5,0,0,0,0,-0.0004901960784313708,-0.0014713094654241754,0.010000990197049253,-0.0019607843137254832,0.0019607843137254832,0.01801018010180111,0.0019607843137254832,0.008919722497522375,-0.05740740740740746,0.91,1,价格更新稀疏,买一异常溢价(不作为可成交退出价),32,0,0
527,Desert Eagle | Urban DDPAT (Factory New),147.49,108.0,25,7,0.28,0.7323,steamdt-live,127.0,16,148.17,38,,17,1,2,2,10,0,0,0,0.0,-0.12110726643598613,0.0,-0.12110726643598613,0.12110726643598613,0.0,0.13892467285917698,-0.13892467285917698,-0.05911986961031257,0.66,1,价格更新稀疏,,32,0,0
528,AK-47 | Wild Lotus (Factory New),94791.0,106250.0,112,29,0.2589,1.1209,steamdt-live,95998.0,101,97560.0,36,"溢价求购:买一高于卖一,多为定向收特定图案,买一价不可作退出价",17,0,7,2,2,0,4,0,-4.219587324361118e-05,-1.0549413452576317e-05,0.008468085106382972,-5.274484155448622e-05,8.438907583407929e-05,0.008436349709568303,0.00738250816788133,-0.00738250816788133,-0.022773195876288677,1.17,2,回撤不明显,买一异常溢价(不作为可成交退出价),32,0,0
529,★ Moto Gloves | Polygon (Field-Tested),655.8,868.0,303,57,0.1881,1.3236,steamdt-live,673.0,269,662.14,150,"溢价求购:买一高于卖一,多为定向收特定图案,买一价不可作退出价",14,0,9,5,4,0,0,0,0.0,-0.004855842185129022,0.014626635873749017,-0.004855842185129022,0.004855842185129022,0.026291079812206464,0.027147307521139363,-0.013419184017330665,-0.09548570403983281,0.16,5,回撤不明显,买一异常溢价(不作为可成交退出价),32,0,0
530,★ Broken Fang Gloves | Needle Point (Minimal Wear),367.41,420.0,101,16,0.1584,1.1431,steamdt-live,354.9,57,387.5,48,"溢价求购:买一高于卖一,多为定向收特定图案,买一价不可作退出价",14,0,7,5,6,0,0,0,0.0,-0.00028169014084511446,0.014285714285714235,-0.00028169014084511446,0.00028169014084511446,0.014000000000000012,0.037976742294868804,-0.037976742294868804,-0.10716981132075476,0.17,0,价格更新稀疏,买一异常溢价(不作为可成交退出价),32,0,0
531,★ Moto Gloves | 3rd Commando Company (Field-Tested),233.99,270.0,189,29,0.1534,1.1539,steamdt-live,244.0,187,241.65,141,"溢价求购:买一高于卖一,多为定向收特定图案,买一价不可作退出价",14,0,7,5,0,0,6,0,0.0021322870911339997,0.012809055704497974,-0.0063983050847457035,0.014968655379760332,0.0,0.01722443048254041,0.0,0.017094017094017033,-0.05446744269198689,0.13,5,回撤不明显,买一异常溢价(不作为可成交退出价),32,0,0
532,AWP | Desert Hydra (Factory New),8778.5,9700.0,276,34,0.1232,1.105,steamdt-live,8865.5,218,8900.0,86,"溢价求购:买一高于卖一,多为定向收特定图案,买一价不可作退出价",11,0,9,2,4,0,6,0,0.009195402298850519,-0.00017084282460133604,-0.005714285714285672,0.00902298850574712,0.00017084282460133604,0.009080981665612997,0.02455691982887942,-0.012319981998199836,-0.11202710904309121,1.17,5,回撤不明显,买一异常溢价(不作为可成交退出价),32,0,0
533,AK-47 | Gold Arabesque (Factory New),11888.0,12640.0,224,27,0.1205,1.0633,steamdt-live,11850.0,177,12029.0,67,"溢价求购:买一高于卖一,多为定向收特定图案,买一价不可作退出价",11,0,7,2,8,0,4,0,-0.009612920823586779,-0.011016524787180737,-0.009918572773026768,-0.0205235446302372,0.030238553132288515,0.0,0.050404679862168456,-0.050480769230769273,-0.13503649635036497,1.05,2,可能加速下跌,买一异常溢价(不作为可成交退出价),32,0,0
534,★ Driver Gloves | Imperial Plaid (Minimal Wear),1777.0,2770.0,206,22,0.1068,1.5588,steamdt-live,1799.0,168,1827.47,63,"溢价求购:买一高于卖一,多为定向收特定图案,买一价不可作退出价",11,0,7,5,0,0,6,3,0.010083785227879893,0.0,0.01515291402192731,0.010083785227879893,0.0016853932584269815,0.03434225844004657,0.0016853932584269815,0.01833810888252141,-0.06251648641519392,0.08,5,回撤不明显,买一异常溢价(不作为可成交退出价),32,0,0
535,AWP | BOOM (Factory New),2250.0,2050.0,38,4,0.1053,0.9111,steamdt-live,2650.0,21,2410.97,34,,8,6,4,2,6,0,6,0,0.013741833746339305,0.0,0.0,0.013741833746339305,0.0,0.013741833746339305,0.04132935662547932,-0.04132935662547932,-0.0776798524287764,1.17,4,回撤不明显,,32,0,0
536,★ Sport Gloves | Scarlet Shamagh (Field-Tested),1064.5,1510.0,411,41,0.0998,1.4185,steamdt-live,1080.0,329,1090.0,124,"溢价求购:买一高于卖一,多为定向收特定图案,买一价不可作退出价",7,0,9,5,4,0,4,3,-0.0009350163627863672,-0.0037435657463734673,-0.00046728971962617383,-0.004675081813931725,0.009767441860465076,0.004245283018867951,0.018894009216589902,-0.019716182740742827,-0.11106471816283925,0.16,3,回撤不明显,买一异常溢价(不作为可成交退出价),32,0,0
537,Tec-9 | Brother (Factory New),18.63,17.2,202,19,0.0941,0.9232,steamdt-live,17.0,198,16.8,1453,,7,6,7,2,8,0,2,0,-0.005797101449275477,-0.020408163265306034,-0.025423728813559254,-0.02608695652173909,0.048158640226628746,0.0,0.058295964125560484,-0.058295964125560484,-0.47614593077642653,0.71,9,长期阴跌,,32,0,0
538,USP-S | Neo-Noir (Factory New),694.9,687.0,478,31,0.0649,0.9886,steamdt-live,705.0,218,689.0,173,,7,12,9,2,2,0,0,0,0.002925806780302409,0.0,-0.003495793443574091,0.002925806780302409,0.00433526011560692,0.0030718164480485477,0.012893982808022897,-0.007204610951008661,-0.058743169398907114,0.16,1,价格更新稀疏,,32,0,0
539,★ Hand Wraps | Overprint (Minimal Wear),870.0,1100.0,347,20,0.0576,1.2644,steamdt-live,875.0,292,880.0,97,"溢价求购:买一高于卖一,多为定向收特定图案,买一价不可作退出价",3,0,9,5,4,0,6,5,-0.0017251293847038163,0.0023041474654377225,-0.004009163802978222,0.0005750431282345314,0.010801591813530464,0.004050825745248066,0.015837104072398245,0.004618937644341736,-0.07838983050847459,0.17,8,暂未减速,买一异常溢价(不作为可成交退出价),32,0,0
540,★ Hydra Gloves | Emerald (Minimal Wear),286.0,331.0,91,17,0.1868,1.1573,steamdt-live,286.4,58,300.8,61,"溢价求购:买一高于卖一,多为定向收特定图案,买一价不可作退出价",14,0,4,5,2,0,6,0,-0.0017421602787456303,-0.0017452006980802626,-0.005130338325013972,-0.0034843205574912606,0.008596783139212527,0.0,0.01379310344827589,0.021428571428571352,-0.028862478777589184,0.17,5,回撤不明显,买一异常溢价(不作为可成交退出价),31,0,0
541,★ Sport Gloves | Bronze Morph (Minimal Wear),778.0,960.0,196,28,0.1429,1.2339,steamdt-live,780.0,122,776.0,91,"溢价求购:买一高于卖一,多为定向收特定图案,买一价不可作退出价",11,0,7,5,4,0,4,0,-0.0012891367889006355,-0.008256013086931024,-0.002939754129654526,-0.00953450674563161,0.011817440912795352,0.0,0.027447048502318605,-0.02328508495909376,-0.06506024096385543,0.08,8,可能加速下跌,买一异常溢价(不作为可成交退出价),31,0,0
542,Desert Eagle | Sunset Storm 弐 (Factory New),3050.0,2960.0,49,7,0.1429,0.9705,steamdt-live,3034.0,33,3299.5,51,,11,12,4,2,2,0,0,0,-0.0001647446457989643,-0.00016477179106932915,-0.0044284074134820495,-0.00032948929159803964,0.004756437592258522,0.011333333333333417,0.011404366243075947,-0.011404366243075947,-0.045260445020658735,1.17,0,价格更新稀疏,,31,0,0
543,★ Hand Wraps | CAUTION! (Minimal Wear),1127.5,1480.0,242,34,0.1405,1.3126,steamdt-live,1150.0,165,1134.6,81,"溢价求购:买一高于卖一,多为定向收特定图案,买一价不可作退出价",11,0,7,5,4,0,4,0,-0.002195871761089152,-0.0074823943661971315,-0.004372540445999107,-0.009661835748792313,0.013992129427197186,0.002667852378835045,0.026262835626257752,-0.026758739749676352,-0.1336918939684979,0.1,4,可能加速下跌,买一异常溢价(不作为可成交退出价),31,0,0
544,★ Hand Wraps | Giraffe (Minimal Wear),428.5,529.0,168,23,0.1369,1.2345,steamdt-live,455.0,79,458.0,77,"溢价求购:买一高于卖一,多为定向收特定图案,买一价不可作退出价",11,0,7,5,8,0,0,0,-0.004479283314669624,-0.03712035995500562,-0.006674082313681828,-0.0414333706606943,0.04783092324805338,0.0,0.06956521739130439,-0.06345733041575496,-0.1705426356589147,0.13,15,可能加速下跌,买一异常溢价(不作为可成交退出价),31,0,0
545,P250 | Mehndi (Factory New),196.99,174.0,40,5,0.125,0.8833,steamdt-live,182.5,48,183.94,77,,11,6,4,2,8,0,0,0,0.0,0.0,0.0,0.0,0.0,0.0,0.05922985720913454,-0.060779167309968574,-0.08562553234129966,0.98,0,价格更新稀疏,,31,0,0
546,Galil AR | CAUTION! (Factory New),374.0,312.0,52,5,0.0962,0.8342,steamdt-live,428.5,34,389.0,46,,7,3,4,2,6,2,4,3,-0.0026532236667551334,-0.005054535780792735,-0.009148745990851248,-0.007694348633589754,0.01677270098322725,0.0,0.03831319105168418,-0.03831319105168418,-0.2909952606635071,0.89,6,暂未减速,,31,0,0
547,AWP | Fade (Factory New),4100.0,5000.0,449,38,0.0846,1.2195,steamdt-live,4048.0,329,4118.5,176,"溢价求购:买一高于卖一,多为定向收特定图案,买一价不可作退出价",7,0,9,2,2,0,6,5,0.0,-0.0002469745616201502,0.012250000000000094,-0.0002469745616201502,0.0003704161007531681,0.0170854271356784,0.012321581066243703,-0.012321581066243703,-0.16656029055091837,1.16,2,回撤不明显,买一异常溢价(不作为可成交退出价),31,0,0
548,★ Sport Gloves | Nocts (Field-Tested),3719.4,4350.0,1011,47,0.0465,1.1695,steamdt-live,3690.0,831,3795.0,155,"溢价求购:买一高于卖一,多为定向收特定图案,买一价不可作退出价",3,0,15,5,4,0,4,0,-0.0004011059828968877,-0.012883343677103087,-0.005409574468085099,-0.013279282073771381,0.01965993623804463,0.0,0.01965993623804463,-0.012841091492776902,-0.0489690721649485,0.15,3,可能加速下跌,买一异常溢价(不作为可成交退出价),31,0,0
549,P250 | Iron Clad (Factory New),43.38,35.3,276,7,0.0254,0.8137,steamdt-live,44.18,26,40.34,76,,3,3,9,2,8,0,6,0,-0.0024820054604119957,0.003732271709380619,0.0,0.0012410027302061089,0.0,0.003732271709380619,0.07264367816091943,-0.07264367816091943,-0.26090142909490643,1.09,4,回撤不明显,,31,0,0
550,AK-47 | Crossfade (Factory New),28.6,24.1,2642,39,0.0148,0.8427,steamdt-live,27.05,1178,26.63,855,,3,3,15,2,0,0,3,5,0.019291338582677175,0.028582464271919683,0.02008032128514059,0.048425196850393704,0.0014998125234346737,0.06990759341100827,0.0014998125234346737,0.008712121212121282,-0.20245582509733462,1.16,8,回撤不明显,,31,0,0
551,AWP | Medusa (Factory New),29500.0,26600.0,10,11,1.1,0.9017,steamdt-live,31000.0,22,31293.57,9,,20,6,2,2,0,0,0,0,0.0,0.0,0.0,0.0,0.0,0.0,0.0,0.0,-0.01666666666666672,1.17,0,价格更新稀疏,,30,0,0
552,M4A1-S | Imminent Danger (Factory New),8257.5,10060.0,31,11,0.3548,1.2183,steamdt-live,8499.0,30,8778.99,20,"溢价求购:买一高于卖一,多为定向收特定图案,买一价不可作退出价",20,0,4,2,4,0,0,0,0.0,-6.054734802618533e-05,-0.01883205608031846,-6.054734802618533e-05,0.01889146319729107,0.0,0.02847226307429851,-0.02847226307429851,-0.12798986218913355,1.17,0,价格更新稀疏,买一异常溢价(不作为可成交退出价),30,0,0
553,Tec-9 | Terrace (Factory New),779.9,642.0,18,5,0.2778,0.8232,steamdt-live,714.4,15,697.9,29,,17,3,2,2,6,0,0,0,-0.000915436548804216,-0.0008303745275456409,-0.02111453374404937,-0.0017450509211580645,0.022822738728647485,0.0,0.047365547365547434,-0.047365547365547434,-0.1187352417511649,1.17,0,价格更新稀疏,,30,0,0
554,★ Specialist Gloves | Mogul (Minimal Wear),907.0,1410.0,176,28,0.1591,1.5546,steamdt-live,903.0,164,939.5,68,"溢价求购:买一高于卖一,多为定向收特定图案,买一价不可作退出价",14,0,7,5,0,0,4,0,-0.0033222591362126463,0.0033333333333334103,0.010067114093959662,0.0,0.0020996795225991516,0.026136363636363624,0.0049586776859503745,-0.0033112582781457123,-0.05147058823529416,0.17,13,回撤不明显,买一异常溢价(不作为可成交退出价),30,0,0
555,USP-S | Sleeping Potion (Factory New),48.44,46.0,222,30,0.1351,0.9496,steamdt-live,51.0,171,48.9,111,,11,9,7,2,0,0,1,0,0.02267864783910989,0.013389121338912124,0.005161290322580614,0.03637141634574226,0.0,0.06461538461538452,0.0,0.027359490986214263,-0.055197971523308076,0.14,18,回撤不明显,,30,0,0
556,Glock-18 | Bunsen Burner (Factory New),29.2,27.4,496,37,0.0746,0.9384,steamdt-live,28.79,191,28.69,163,,7,9,9,2,0,0,0,3,0.007584376185058694,0.07978923598042909,0.04064719810576167,0.08797876374668179,0.0,0.132202052091555,0.0,0.017375886524822803,-0.36244444444444446,1.17,9,长期阴跌,,30,0,0
557,★ Sport Gloves | Nocts (Minimal Wear),5400.0,6860.0,387,28,0.0724,1.2704,steamdt-live,5398.5,321,5515.31,76,"溢价求购:买一高于卖一,多为定向收特定图案,买一价不可作退出价",7,0,9,5,2,0,4,3,-0.0036910584109993705,0.0,-0.0021178637200736095,-0.0036910584109993705,0.005801104972375737,0.009065420560747661,0.012349066959385313,-0.0076286764705881804,-0.07985341741946483,0.16,3,回撤不明显,买一异常溢价(不作为可成交退出价),30,0,0
558,FAMAS | Night Borre (Factory New),63.99,59.0,232,15,0.0647,0.922,steamdt-live,66.59,83,66.0,101,,7,6,7,2,8,0,0,0,0.0,-0.012499999999999956,-0.0029235266964148243,-0.012499999999999956,0.015386982612709543,0.0,0.06186776132531879,-0.06186776132531879,-0.45447570332480813,1.17,1,价格更新稀疏,,30,0,0
559,★ Driver Gloves | Black Tie (Field-Tested),740.8,1120.0,688,40,0.0581,1.5119,steamdt-live,759.9,645,756.4,148,"溢价求购:买一高于卖一,多为定向收特定图案,买一价不可作退出价",3,0,12,5,4,0,6,0,-0.0014794889038332038,-0.0021551724137931494,-0.00201342281879191,-0.0036314727639543687,0.0056375838926174815,0.0,0.022820208415776366,-0.022691292875989477,-0.07535229726524961,0.17,5,回撤不明显,买一异常溢价(不作为可成交退出价),30,0,0
560,P250 | Facets (Factory New),500.0,0.0,2,0,0.0,,steamdt-live,2499.48,3,229.63,11,缺买一价,3,0,2,2,2,10,6,5,0.016646743702129596,0.0,-0.016374167138440088,0.016646743702129596,0.0057585729130585905,0.02248641909341864,0.008506044905008614,0.12674190382728145,-0.029171775250496745,1.17,9,悠悠盘口不足,,30,0,0
561,★ Driver Gloves | Brocade Crane (Minimal Wear),2559.5,3090.0,16,25,1.5625,1.2073,steamdt-live,2474.0,22,2700.0,12,"溢价求购:买一高于卖一,多为定向收特定图案,买一价不可作退出价",20,0,2,5,2,0,0,0,-0.00020202020202020332,-0.0002020610224288122,0.0036496350364962904,-0.00040404040404040664,0.0024193548387096975,0.005691056910569037,0.0100040016006403,-0.0024193548387096975,-0.006026516673362847,0.91,0,价格更新稀疏,买一异常溢价(不作为可成交退出价),29,0,0
562,★ Driver Gloves | Wave Chaser (Minimal Wear),3150.0,4140.0,38,28,0.7368,1.3143,steamdt-live,3040.5,50,3120.0,20,"溢价求购:买一高于卖一,多为定向收特定图案,买一价不可作退出价",20,0,4,5,0,0,0,0,0.0033003300330032292,0.0001644736842105754,0.004975124378109541,0.0034653465346534684,0.0,0.008457711442786175,0.0,0.014010385227231081,-0.03669463172301923,0.12,1,价格更新稀疏,买一异常溢价(不作为可成交退出价),29,0,0
563,FAMAS | Sundown (Factory New),670.0,500.0,14,5,0.3571,0.7463,steamdt-live,680.0,13,710.73,19,,20,1,2,2,4,0,0,0,0.0,0.0,-0.01613826928442419,0.0,0.01613826928442419,0.0,0.01613826928442419,-0.01613826928442419,-0.1178406846609612,0.9,0,价格更新稀疏,,29,0,0
564,Galil AR | Orange DDPAT (Factory New),559.9,441.0,9,2,0.2222,0.7876,steamdt-live,787.9,10,619.0,9,,8,1,2,2,10,0,6,0,0.00017860332202190854,-0.00017857142857147235,0.0,0.0,0.09911504424778761,0.0,0.09911504424778761,0.0,-0.18262773722627745,0.99,2,暂未减速,,29,0,0
565,★ Moto Gloves | 3rd Commando Company (Minimal Wear),480.0,506.0,122,26,0.2131,1.0542,steamdt-live,498.0,41,480.67,75,"溢价求购:买一高于卖一,多为定向收特定图案,买一价不可作退出价",17,0,7,5,0,0,0,0,-0.0010391337780826237,-0.0013938876984209703,0.0153407891960331,-0.0024315730407132863,0.0024315730407132863,0.030042918454935563,0.0024315730407132863,0.05668684645019262,-0.05882352941176472,0.17,5,回撤不明显,买一异常溢价(不作为可成交退出价),29,0,0
566,Glock-18 | Fade (Factory New),9049.0,10120.0,133,19,0.1429,1.1184,steamdt-live,9397.5,139,9245.0,78,"溢价求购:买一高于卖一,多为定向收特定图案,买一价不可作退出价",11,0,7,2,4,3,2,0,-0.005410131701185872,-0.005604395604395629,-0.01618173782982557,-0.01098420678725609,0.026988201062581818,0.01446188340807164,0.026988201062581818,0.0011063170704723735,-0.12982017501682852,0.17,5,暂未减速,买一异常溢价(不作为可成交退出价),29,0,0
567,M4A4 | Tornado (Factory New),737.0,651.0,14,2,0.1429,0.8833,steamdt-live,744.9,20,733.43,18,,8,6,2,2,2,0,6,3,0.0,-0.004843962008141189,-0.005398110661268607,-0.004843962008141189,0.010215924426450806,0.0,0.011416632969402873,-0.011416632969402873,-0.18507777777777779,1.05,2,暂未减速,,29,0,0
568,USP-S | Royal Blue (Factory New),586.3,521.0,43,6,0.1395,0.8886,steamdt-live,600.0,37,603.5,45,,11,6,4,2,0,0,6,0,0.007874015748031482,0.017881944444444464,-0.0008741258741258306,0.02589676290463694,0.00017053206002737298,0.028596491228070064,0.003230193811628812,-0.003230193811628812,-0.09903956972723782,1.17,3,回撤不明显,,29,0,0
569,★ Sport Gloves | Hedge Maze (Minimal Wear),45665.5,60820.0,219,29,0.1324,1.3319,steamdt-live,45999.5,181,46360.0,50,"溢价求购:买一高于卖一,多为定向收特定图案,买一价不可作退出价",11,0,7,5,2,0,4,0,-0.002173936673224741,-0.005098094750487503,-1.0869565217341837e-05,-0.007260948488570507,0.007271739130434773,0.0036373626373626955,0.013448409955063911,-0.007012698964947384,-0.04961550068158882,0.17,4,回撤不明显,买一异常溢价(不作为可成交退出价),29,0,0
570,★ Sport Gloves | Slingshot (Minimal Wear),5228.0,8400.0,352,43,0.1222,1.6067,steamdt-live,5200.0,315,5380.0,85,"溢价求购:买一高于卖一,多为定向收特定图案,买一价不可作退出价",11,0,9,5,4,0,0,0,0.0,0.0025062656641603454,-0.008221797323135771,0.0025062656641603454,0.005736137667303964,0.009708737864077666,0.02621722846441943,-0.022556390977443663,-0.14191419141914197,0.17,1,价格更新稀疏,买一异常溢价(不作为可成交退出价),29,0,0
571,★ Moto Gloves | Turtle (Field-Tested),352.5,502.0,330,36,0.1091,1.4241,steamdt-live,359.5,311,357.57,143,"溢价求购:买一高于卖一,多为定向收特定图案,买一价不可作退出价",11,0,9,5,0,0,4,0,-0.0014184397163120588,0.0014204545454545858,0.004273504273504258,0.0,0.0028288543140028155,0.0071428571428571175,0.0028288543140028155,0.0071428571428571175,-0.06498673740053051,0.17,7,回撤不明显,买一异常溢价(不作为可成交退出价),29,0,0
572,★ Driver Gloves | King Snake (Field-Tested),836.0,1850.0,1607,52,0.0324,2.2129,steamdt-live,824.0,1466,845.5,287,"溢价求购:买一高于卖一,多为定向收特定图案,买一价不可作退出价",3,0,15,5,4,0,2,0,-0.0017878426698451078,-0.016119402985074638,-0.0011904761904761862,-0.017878426698450522,0.01904761904761909,0.0,0.021958456973293794,-0.021958456973293794,-0.0913101014556682,0.17,12,可能加速下跌,买一异常溢价(不作为可成交退出价),29,0,0
573,Glock-18 | Pink DDPAT (Factory New),440.0,393.0,18,3,0.1667,0.8932,steamdt-live,512.0,11,466.77,33,,8,6,2,2,10,0,0,0,0.0,0.0,-0.13640824337585866,0.0,0.140625,0.0,0.140625,-0.130623777439687,-0.1530317613089509,1.09,0,价格更新稀疏,,28,0,0
574,Desert Eagle | Light Rail (Factory New),88.69,79.0,382,52,0.1361,0.8907,steamdt-live,85.0,131,84.26,113,,11,6,9,2,0,0,0,0,0.04031209362808852,0.17027777777777775,0.011398509425690317,0.21745412512642703,0.0,0.2963076923076924,0.0,0.1859254046446166,-0.15655655655655654,1.17,20,反弹较远,,28,0,0
575,AK-47 | Panthera onca (Factory New),2150.0,2300.0,114,14,0.1228,1.0698,steamdt-live,2261.89,30,2239.6,67,"溢价求购:买一高于卖一,多为定向收特定图案,买一价不可作退出价",11,0,7,2,8,0,0,0,-0.00023255813953493298,0.0002326122354034954,-0.03522115872182496,0.0,0.03544190219829524,0.0002326122354034954,0.06481078729882561,-0.06481078729882561,-0.2288378766140603,1.17,0,价格更新稀疏,买一异常溢价(不作为可成交退出价),28,0,0
576,P250 | Contamination (Factory New),48.06,39.0,71,6,0.0845,0.8115,steamdt-live,37.17,35,38.14,44,,7,3,4,2,8,0,4,0,-0.007421150278292932,-0.00747663551401867,-0.004748087575837556,-0.014842300556586197,0.019261213720316528,0.0,0.0520275439938791,-0.0520275439938791,-0.40764940239043823,0.65,4,长期阴跌,,28,0,0
577,★ Driver Gloves | Plum Quill (Minimal Wear),1070.0,1240.0,14,16,1.1429,1.1589,steamdt-live,1037.5,16,1125.0,23,"溢价求购:买一高于卖一,多为定向收特定图案,买一价不可作退出价",20,0,2,5,0,0,0,0,0.0,0.0,-0.0004816955684007196,0.0,0.0004816955684007196,0.0,0.0024038461538461453,-0.0019240019240018835,-0.0727251602062795,1.17,0,价格更新稀疏,买一异常溢价(不作为可成交退出价),27,0,0
578,Desert Eagle | Hand Cannon (Factory New),2648.5,2210.0,19,8,0.4211,0.8344,steamdt-live,2977.5,30,2663.24,34,,20,3,2,2,0,0,0,0,0.0,0.0,0.0,0.0,0.0,0.0,0.0,0.028527712190878685,-0.04386281588447649,1.0,0,价格更新稀疏,,27,0,0
579,Tec-9 | Orange Murano (Factory New),91.99,85.0,85,11,0.1294,0.924,steamdt-live,94.98,22,96.3,26,,11,6,4,2,4,0,0,0,0.0,0.0,0.0,0.0,0.0,0.0,0.026560846560846563,0.008441131330848561,-0.12290236460717008,1.17,0,价格更新稀疏,,27,0,0
580,★ Sport Gloves | Pandora's Box (Field-Tested),21595.0,27690.0,444,49,0.1104,1.2822,steamdt-live,21699.0,375,21799.0,92,"溢价求购:买一高于卖一,多为定向收特定图案,买一价不可作退出价",11,0,9,5,2,0,0,0,0.0,0.009088785046728942,-0.01145602365114562,0.009088785046728942,0.003920754629950007,0.009112362438374655,0.013273931916838011,-0.011240842490842451,-0.05906318082788675,0.13,1,价格更新稀疏,买一异常溢价(不作为可成交退出价),27,0,0
581,FAMAS | Cyanospatter (Factory New),41.59,36.1,255,28,0.1098,0.868,steamdt-live,43.0,51,38.76,81,,11,3,9,2,2,0,0,0,0.032664756446991516,0.07547169811320753,0.02136376938835216,0.11060171919770778,0.0,0.13765776342823588,0.006153846153846176,-0.006153846153846176,-0.455770850884583,0.16,9,长期阴跌,,27,0,0
582,P250 | Dark Filigree (Factory New),51.48,46.0,89,9,0.1011,0.8936,steamdt-live,50.97,67,51.8,99,,11,6,4,2,4,0,0,0,0.04040816326530616,-0.0001961553550411388,-0.03883876029815603,0.04020408163265299,0.0001961553550411388,0.04020408163265299,0.017351069982648903,-0.017351069982648903,-0.29365299334811523,0.17,1,价格更新稀疏,,27,0,0
583,Tec-9 | Rust Leaf (Factory New),83.69,79.0,112,4,0.0357,0.944,steamdt-live,114.0,25,88.86,41,,3,9,7,2,6,0,0,0,0.0,-0.0011934598400764607,-0.0024999999999999467,-0.0011934598400764607,0.003690476190476244,0.0,0.041241837552984384,-0.03326787570751988,-0.22509259259259262,1.17,1,价格更新稀疏,,27,0,0
584,Galil AR | Aqua Terrace (Factory New),867.8,737.0,27,7,0.2593,0.8493,steamdt-live,898.1,28,891.3,34,,17,3,2,2,2,0,0,0,0.0,-0.0008059873344847812,-0.0017241379310344307,-0.0008059873344847812,0.0025287356321839205,0.0,0.011279480460294034,0.0032369942196530666,-0.06658061740346355,0.99,1,价格更新稀疏,,26,0,0
585,M4A4 | Howl (Factory New),45288.0,52260.0,86,19,0.2209,1.1539,steamdt-live,44999.5,101,45800.0,36,"溢价求购:买一高于卖一,多为定向收特定图案,买一价不可作退出价",17,0,4,5,0,0,0,0,0.0024839600784174465,0.0,0.0,0.0024839600784174465,0.0,0.0024839600784174465,1.111111111107288e-05,-1.111111111107288e-05,0.004453124999999947,0.17,1,价格更新稀疏,买一异常溢价(不作为可成交退出价),26,0,0
586,MP9 | Starlight Protector (Factory New),590.0,963.0,207,26,0.1256,1.6322,steamdt-live,597.0,168,596.08,80,"溢价求购:买一高于卖一,多为定向收特定图案,买一价不可作退出价",11,0,7,2,4,0,2,0,0.0001692333728211537,-0.0016920473773265332,-0.007724601175482793,-0.0015231003553900502,0.009235936188077276,0.018734352067685478,0.02960526315789469,-0.025163987244518626,-0.06940063091482651,0.17,9,回撤不明显,买一异常溢价(不作为可成交退出价),26,0,0
587,FAMAS | Macabre (Factory New),61.94,51.0,71,7,0.0986,0.8234,steamdt-live,69.2,41,64.07,68,,7,3,4,2,4,0,6,0,-0.001605394124257531,-0.004019938896928754,-0.0033600000000000296,-0.005618879434901247,0.008801408225316165,0.0,0.016825396825396854,-0.016669312589299934,-0.2147565922920892,0.48,2,回撤不明显,,26,0,0
588,★ Sport Gloves | Big Game (Field-Tested),832.4,951.0,752,42,0.0559,1.1425,steamdt-live,839.5,582,828.0,159,"溢价求购:买一高于卖一,多为定向收特定图案,买一价不可作退出价",3,0,12,5,2,0,4,0,0.0,0.014084507042253502,-0.004268292682926833,0.014084507042253502,0.0023976192484247427,0.02857142857142847,0.013698630136986356,-0.002409638554216831,-0.07619185754610669,0.16,8,回撤不明显,买一异常溢价(不作为可成交退出价),26,0,0
589,★ Specialist Gloves | Fade (Minimal Wear),2919.5,5370.0,610,34,0.0557,1.8394,steamdt-live,2986.0,609,2934.2,152,"溢价求购:买一高于卖一,多为定向收特定图案,买一价不可作退出价",3,0,12,5,2,0,4,0,-0.0001712328767122795,0.0,-0.002732240437158473,-0.0001712328767122795,0.00324342779105502,0.006724137931034546,0.013315759234850844,-0.013315759234850844,-0.11207420924574207,0.16,5,回撤不明显,买一异常溢价(不作为可成交退出价),26,0,0
590,Glock-18 | Brass (Factory New),710.42,661.0,65,3,0.0462,0.9304,steamdt-live,713.9,22,719.68,45,,3,9,4,2,2,0,6,0,-0.0020897322618196323,-0.0015459860580167017,-0.0015263968631844538,-0.003632487622894587,0.009315297726955829,0.0,0.01261987491313421,-0.01261987491313421,-0.2198930457794811,1.17,5,回撤不明显,,26,0,0
591,M4A4 | Modern Hunter (Factory New),4400.0,1310.0,1,5,5.0,0.2977,steamdt-live,4299.5,3,4025.88,8,,20,1,2,2,0,0,0,0,0.0,0.0,0.0,0.0,0.0,0.0,0.0,0.0,-2.9806259314479888e-05,1.17,0,价格更新稀疏,,25,0,0
592,★ Sport Gloves | Big Game (Minimal Wear),1248.5,1610.0,229,22,0.0961,1.2895,steamdt-live,1299.0,179,1258.98,70,"溢价求购:买一高于卖一,多为定向收特定图案,买一价不可作退出价",7,0,7,5,4,0,2,0,-0.0012079999999999869,8.00967568825861e-06,0.0,-0.0011999999999999789,0.0011999999999999789,0.024200164068908903,0.028397108148701555,-0.01654194564789291,-0.09914135218991271,0.17,4,回撤不明显,买一异常溢价(不作为可成交退出价),25,0,0
593,AK-47 | Jaguar (Factory New),2680.0,2300.0,142,7,0.0493,0.8582,steamdt-live,2650.0,42,2698.0,48,,3,3,7,2,10,0,0,0,0.0,-0.018154872174879544,-0.02738738738738744,-0.018154872174879544,0.04504504504504503,0.0,0.081236066858278,-0.07827369358339364,-0.19696969696969702,1.17,1,价格更新稀疏,,25,0,0
594,AWP | Snake Camo (Factory New),3500.0,990.0,2,3,1.5,0.2829,steamdt-live,2600.0,5,2394.0,22,,8,1,2,2,0,0,6,5,-0.0021105951878429563,0.012690355329949332,-0.006291946308724872,0.010552975939214893,0.002084201750729431,0.012690355329949332,0.002084201750729431,0.21853765301707684,-0.019660034152194417,0.86,3,回撤不明显,,24,0,0
595,P250 | Bengal Tiger (Factory New),299.2,204.0,23,2,0.087,0.6818,steamdt-live,282.0,24,300.2,28,,7,1,2,2,8,0,4,0,-0.004212004212004183,-0.006344730348960215,-0.00869867780097422,-0.01053001053001057,0.01913709116214335,0.0,0.05845023380093517,-0.0578208556149733,-0.1070636680392778,0.17,6,暂未减速,,24,0,0
596,★ Driver Gloves | King Snake (Minimal Wear),2890.0,7760.0,867,34,0.0392,2.6851,steamdt-live,2864.41,890,2855.52,157,"溢价求购:买一高于卖一,多为定向收特定图案,买一价不可作退出价",3,0,12,5,4,0,0,0,0.0,0.0022885222885222767,-0.010763888888888906,0.0022885222885222767,0.011246537396121914,0.0022885222885222767,0.02204870029795547,-0.02204870029795547,-0.0622266009852217,0.17,1,价格更新稀疏,买一异常溢价(不作为可成交退出价),24,0,0
597,Glock-18 | Sand Dune (Factory New),5432.0,560.0,3,2,0.6667,0.1031,steamdt-live,0.0,0,1849.54,3,,8,1,2,2,10,0,0,0,0.0,0.0,0.0,0.0,0.0,0.2608408150465944,0.16278964497978887,0.0,-0.16942918857748457,1.17,0,价格更新稀疏,,23,0,0
598,P250 | Nuclear Threat (Factory New),9988.88,670.0,2,1,0.5,0.0671,steamdt-live,2300.0,2,11888.0,1,,8,1,2,2,10,0,0,0,0.0,0.0,0.0,0.0,0.0,0.0,0.668999024266689,-0.668999024266689,-0.8849942497124856,0.98,0,价格更新稀疏,,23,0,0
599,M4A4 | Zirka (Factory New),576.9,445.0,9,4,0.4444,0.7714,steamdt-live,575.0,9,509.35,24,,8,1,2,2,10,0,0,0,0.0,-0.0009806805923310291,-0.01067235859124871,-0.0009806805923310291,0.011642573008634916,0.0,0.09510019897669131,-0.09510019897669131,-0.12910782067503335,1.05,1,价格更新稀疏,,23,0,0
600,P250 | Gunsmoke (Factory New),116.0,35.0,6,2,0.3333,0.3017,steamdt-live,90.0,10,138.0,13,,8,1,2,2,10,0,0,0,0.0,0.0,0.0,0.0,0.0,0.0,0.23728813559322037,0.05882352941176472,-0.3258426966292135,0.98,0,价格更新稀疏,,23,0,0
601,USP-S | Business Class (Factory New),656.56,476.0,12,3,0.25,0.725,steamdt-live,685.0,13,596.81,22,,8,1,2,2,4,0,6,0,0.010976911219148455,0.0,-0.003914620771112709,0.010976911219148455,0.01800082270670511,0.014413679397616841,0.01800082270670511,0.03179350644860124,-0.004487072560467098,1.17,4,可能加速下跌,,23,0,0
602,P250 | Black & Tan (Factory New),70.0,57.0,60,9,0.15,0.8143,steamdt-live,66.0,44,65.54,54,,14,3,4,2,0,0,0,0,0.11819787985865715,0.03555063991151841,0.004614838480653249,0.15795053003533588,0.0,0.19163636363636383,0.0,0.13587521663778168,-0.12379679144385014,0.1,5,反弹较远,,23,0,0
603,Glock-18 | Night (Factory New),220.58,184.0,31,4,0.129,0.8342,steamdt-live,320.0,24,221.0,42,,8,3,4,2,0,0,6,0,-0.0022717979008587408,0.004508402021950131,-0.002266648533478355,0.002226361942841537,4.5332970669553774e-05,0.006800858094846873,9.066183136896555e-05,0.011834862385321054,-0.17999999999999994,1.17,3,回撤不明显,,23,0,0
604,★ Specialist Gloves | Crimson Kimono (Minimal Wear),16666.0,20520.0,356,21,0.059,1.2312,steamdt-live,16599.5,361,17400.0,73,"溢价求购:买一高于卖一,多为定向收特定图案,买一价不可作退出价",3,0,9,5,6,0,0,0,0.0,-3.0120481927742304e-05,0.0,-3.0120481927742304e-05,3.0120481927742304e-05,0.0,0.03482861877489318,-0.023558823529411743,-0.04600574712643679,0.16,0,价格更新稀疏,买一异常溢价(不作为可成交退出价),23,0,0
605,★ Hydra Gloves | Case Hardened (Field-Tested),340.99,370.0,352,18,0.0511,1.0851,steamdt-live,338.0,410,343.92,161,"溢价求购:买一高于卖一,多为定向收特定图案,买一价不可作退出价",3,0,9,5,4,0,2,0,-2.9239766081823326e-05,-0.011667007807245833,-0.002915451895043719,-0.011695906432748537,0.014577259475218707,0.024242424242424176,0.029516480992304972,-0.020289855072463725,-0.05284985708681278,0.16,11,可能加速下跌,买一异常溢价(不作为可成交退出价),23,0,0
606,AWP | Gungnir (Factory New),77200.0,84730.0,135,18,0.1333,1.0975,steamdt-live,77775.5,166,77776.5,37,"溢价求购:买一高于卖一,多为定向收特定图案,买一价不可作退出价",11,0,7,2,2,0,0,0,0.0,0.0,0.0,0.0,0.0,0.015789473684210575,0.007418645615027586,-0.007418645615027586,-0.003870967741935516,1.12,0,价格更新稀疏,买一异常溢价(不作为可成交退出价),22,0,0
607,P250 | Digital Architect (Factory New),234.0,216.0,26,3,0.1154,0.9231,steamdt-live,288.0,20,238.69,36,,8,6,2,2,4,0,0,0,-0.002132196162046962,0.0,0.0,-0.002132196162046962,0.002132196162046962,0.0,0.024146127861879085,-0.024146127861879085,-0.21999999999999997,0.97,1,价格更新稀疏,,22,0,0
608,P250 | Splash (Factory New),336.5,280.0,8,2,0.25,0.8321,steamdt-live,298.28,14,310.9,18,,8,3,2,2,6,0,0,0,0.0,0.0,0.0,0.0,0.0,0.0,0.0359405300581771,-0.0359405300581771,-0.11751479289940836,1.17,0,价格更新稀疏,,21,0,0
609,Tec-9 | Cut Out (Factory New),88.87,77.0,25,4,0.16,0.8664,steamdt-live,93.69,27,96.5,25,,8,3,2,2,6,0,0,0,0.0,-0.011127183709803035,0.0,-0.011127183709803035,0.011127183709803035,0.0,0.04255548373195417,-0.04286483575659661,-0.3340576995129261,0.94,1,价格更新稀疏,,21,0,0
610,M4A1-S | Electrum (Factory New),37.29,43.0,481,37,0.0769,1.1531,steamdt-live,37.8,460,37.6,162,"溢价求购:买一高于卖一,多为定向收特定图案,买一价不可作退出价",7,0,9,2,0,0,3,0,0.004105090311986803,0.01635322976287812,0.0469914040114614,0.020525451559934238,0.0026745119015779695,0.06542857142857139,0.0026745119015779695,0.03727399165507639,-0.06306532663316577,1.05,14,回撤不明显,买一异常溢价(不作为可成交退出价),21,0,0
611,AK-47 | Vulcan (Factory New),3595.0,5710.0,874,39,0.0446,1.5883,steamdt-live,3638.0,713,3618.0,185,"溢价求购:买一高于卖一,多为定向收特定图案,买一价不可作退出价",3,0,12,2,4,0,0,0,0.0,-0.0012501736352271697,0.009394279304542952,-0.0012501736352271697,0.001388888888888884,0.012676056338028152,0.015068493150684925,-0.013392612108238722,-0.06817003628823226,1.16,1,价格更新稀疏,买一异常溢价(不作为可成交退出价),21,0,0
612,FAMAS | Prime Conspiracy (Factory New),528.5,414.0,27,4,0.1481,0.7833,steamdt-live,507.5,23,519.3,35,,8,1,2,2,0,0,6,0,0.0,0.0009861932938854956,0.0,0.0009861932938854956,0.0,0.001974333662388972,0.0009842519685039353,-0.0009842519685039353,-0.07727272727272727,1.17,3,回撤不明显,,19,0,0
613,Five-SeveN | Fall Hazard (Factory New),2150.0,1000.0,4,2,0.5,0.4651,steamdt-live,2541.0,7,2003.66,12,,8,1,2,2,0,0,0,5,0.06501374039007146,0.04657637281991556,-0.005532136179064229,0.11461821742081213,0.0,0.11461821742081213,0.0,0.17254011540127112,0.10770438513080216,1.17,5,回撤不明显,,18,0,0
614,Desert Eagle | Pilot (Factory New),1127.3,850.0,42,5,0.119,0.754,steamdt-live,1198.9,51,1051.9,38,,11,1,4,2,0,0,0,0,9.506607091913644e-05,-9.505703422041378e-05,0.0,0.0,9.505703422041378e-05,0.0,9.505703422041378e-05,0.004871990829193873,-0.02554933857042274,1.17,0,价格更新稀疏,,18,0,0
615,AK-47 | First Class (Factory New),1983.43,1100.0,8,2,0.25,0.5546,steamdt-live,1399.9,18,1341.88,15,,8,1,2,2,4,0,0,0,0.0,0.0,0.0,0.0,0.0,0.0,0.02599985483051459,-0.007235547400973652,-0.09819892473118275,1.15,0,价格更新稀疏,,17,0,0
616,Five-SeveN | Nitro (Factory New),420.0,162.0,8,2,0.25,0.3857,steamdt-live,399.0,6,412.15,15,,8,1,2,2,4,0,0,0,0.0,0.0,0.0,0.0,0.0,0.0,0.02564102564102566,-0.02564102564102566,0.017857142857142794,1.17,0,价格更新稀疏,,17,0,0
617,Five-SeveN | Neon Kimono (Factory New),3623.2,2810.0,35,4,0.1143,0.7756,steamdt-live,3199.9,26,3172.6,36,,8,1,4,2,2,0,0,0,0.006471465279319855,-3.1518895577842265e-05,-0.008149266880624118,0.0064397424103035394,0.001762003649864674,0.0064397424103035394,0.00837657060698882,-0.008345575594661425,-0.008562500000000028,1.17,1,价格更新稀疏,,17,0,0
618,Five-SeveN | Hyper Beast (Factory New),2643.0,2310.0,39,4,0.1026,0.874,steamdt-live,2839.34,35,2638.0,44,,8,3,4,2,0,0,0,0,-0.0018917896329928574,0.0,0.016538461538461613,-0.0018917896329928574,0.002016395985366959,0.014615384615384697,0.00311008491325393,-0.00311008491325393,-0.06845019492626703,1.17,1,价格更新稀疏,,17,0,0
619,P250 | Bone Mask (Factory New),440.0,0.01,1,1,1.0,0.0,steamdt-live,0.0,0,188.57,1,,8,1,2,2,2,0,0,0,-0.0026213592233009786,0.0,-0.007420256336127973,-0.0026213592233009786,0.010022164402042955,0.0,0.011355981137522786,0.06400828586224772,-0.2258477769404671,0.98,1,价格更新稀疏,,15,0,0
620,Five-SeveN | Crimson Blossom (Factory New),574.99,465.0,14,4,0.2857,0.8087,steamdt-live,552.0,26,560.68,21,,8,3,2,2,0,0,0,0,0.01377410468319562,0.0,0.0,0.01377410468319562,0.0,0.01377410468319562,0.0,0.01377410468319562,-0.0315619572273198,1.17,1,价格更新稀疏,,15,0,0
621,AK-47 | Wasteland Rebel (Factory New),2350.3,2010.0,18,3,0.1667,0.8552,steamdt-live,2300.0,18,2393.18,31,,8,3,2,2,0,0,0,0,0.0,0.0,0.0003914575268584297,0.0,0.0,0.0003914575268584297,0.0,0.04245039295847408,-0.029781489918164095,1.17,0,价格更新稀疏,,15,0,0
622,MP9 | Dark Age (Factory New),498.0,436.0,29,4,0.1379,0.8755,steamdt-live,517.9,35,508.44,34,,8,3,2,2,0,0,0,0,0.0,-0.0010030090270812808,0.0,-0.0010030090270812808,0.0010030090270812808,0.0,0.0010030090270812808,-0.0010030090270812808,-0.010923535253227423,1.17,1,价格更新稀疏,,15,0,0
623,M4A4 | Radiation Hazard (Factory New),2412.0,1930.0,10,1,0.1,0.8002,steamdt-live,2386.0,8,2341.5,12,,8,3,2,2,0,0,0,0,0.0,0.0,-0.0023434171282488148,0.0,0.0023434171282488148,0.0,0.0023434171282488148,-0.0023434171282488148,-0.06304395670354745,1.17,0,价格更新稀疏,,15,0,0
624,AWP | Pink DDPAT (Factory New),847.48,603.0,34,3,0.0882,0.7115,steamdt-live,950.0,15,830.46,44,,7,1,4,2,0,0,0,0,0.0,0.0,0.0,0.0,0.0,0.0005542168674699255,0.0,0.057910828025477645,-0.1257211437234177,1.12,0,价格更新稀疏,,14,0,0
625,Glock-18 | Synth Leaf (Factory New),2124.4,1680.0,24,2,0.0833,0.7908,steamdt-live,2073.29,25,2194.9,36,,7,1,2,2,2,0,0,0,-0.00024108236337860856,-9.16333892779786e-05,-0.0002458435567295192,-0.0003326936614624909,0.000578455427598934,0.0,0.01248392474398663,-0.01248392474398663,-0.19950193050193055,1.17,0,价格更新稀疏,,14,0,0
626,Galil AR | Winter Forest (Factory New),4900.0,150.0,2,3,1.5,0.0306,steamdt-live,5200.0,1,3520.6,2,,8,1,2,2,0,0,0,0,0.0,0.0,0.0,0.0,0.0,0.0,0.0,0.0,0.29760610360650896,1.17,0,价格更新稀疏,,13,0,0
627,AK-47 | Jungle Spray (Factory New),1150.0,650.0,4,4,1.0,0.5652,steamdt-live,999.0,6,1029.02,15,,8,1,2,2,0,0,0,0,0.0,0.0,0.0,0.0,0.0,0.0,0.0,0.0,0.0,1.16,0,价格更新稀疏,,13,0,0
628,Five-SeveN | Contractor (Factory New),239.5,36.0,3,3,1.0,0.1503,steamdt-live,229.0,7,265.35,2,,8,1,2,2,0,0,0,0,0.0,0.0,0.0,0.0,0.0,0.0,0.0,0.0,0.0,1.09,0,价格更新稀疏,,13,0,0
629,Glock-18 | Groundwater (Factory New),579.0,260.0,3,2,0.6667,0.4491,steamdt-live,666.0,7,621.15,2,,8,1,2,2,0,0,0,0,0.0,0.0,0.0,0.0,0.0,0.0,0.0,0.0,-0.24805194805194808,1.07,0,价格更新稀疏,,13,0,0
630,AK-47 | Red Laminate (Factory New),3035.99,1510.0,6,3,0.5,0.4974,steamdt-live,3999.99,8,3126.36,6,,8,1,2,2,0,0,0,0,0.0,0.0,-3.2938076417465822e-06,0.0,3.2938076417465822e-06,0.0,0.0003292733924049607,-0.0003292733924049607,-0.07213019559902212,1.17,0,价格更新稀疏,,13,0,0
631,M4A4 | Jungle Tiger (Factory New),665.5,400.0,7,3,0.4286,0.6011,steamdt-live,519.5,10,541.03,7,,8,1,2,2,0,0,0,0,0.0,0.0,0.0,0.0,0.0,0.0,0.0,0.0,-0.21938392186326072,1.17,0,价格更新稀疏,,13,0,0
632,Tec-9 | Brass (Factory New),450.0,325.0,10,4,0.4,0.7222,steamdt-live,480.0,9,463.91,41,,8,1,2,2,0,0,0,0,0.0,0.0,0.0,0.0,0.0,0.0,0.0,0.006959206963682352,-0.1089108910891089,1.01,0,价格更新稀疏,,13,0,0
633,AK-47 | Predator (Factory New),666.0,151.0,5,2,0.4,0.2267,steamdt-live,999.5,7,706.93,6,,8,1,2,2,0,0,0,0,0.0,0.0,0.0,0.0,0.0,0.0060422960725075026,0.0,0.0,0.0,1.15,0,价格更新稀疏,,13,0,0
634,Galil AR | Shattered (Factory New),499.98,73.0,10,4,0.4,0.146,steamdt-live,399.0,4,506.25,2,,8,1,2,2,0,0,0,0,0.0,0.0,0.0,0.0,0.0,0.0,0.0,0.0,0.0,1.17,0,价格更新稀疏,,13,0,0
635,Five-SeveN | Jungle (Factory New),345.0,233.0,11,4,0.3636,0.6754,steamdt-live,360.0,5,346.99,7,,8,1,2,2,0,0,0,0,0.0,0.0,0.0,0.0,0.0,0.0,0.0,0.0014513788098693414,-0.1276864728192162,1.1,0,价格更新稀疏,,13,0,0
636,M4A4 | Faded Zebra (Factory New),408.0,224.0,12,4,0.3333,0.549,steamdt-live,488.0,11,432.81,6,,8,1,2,2,0,0,0,0,0.0,0.0,0.0,0.0,0.0,0.0,0.0,0.0,0.06663878068547224,1.05,0,价格更新稀疏,,13,0,0
637,MP9 | Bulldozer (Factory New),7499.5,3760.0,6,2,0.3333,0.5014,steamdt-live,6799.0,5,7094.37,6,,8,1,2,2,0,0,0,0,0.0,0.0,0.0,0.0,0.0,0.0,0.0,0.0,0.0,1.06,0,价格更新稀疏,,13,0,0
638,Galil AR | Hunting Blind (Factory New),39.21,20.1,18,4,0.2222,0.5126,steamdt-live,65.5,18,40.95,18,,8,1,2,2,0,0,0,0,0.0,0.0,-0.0012735608762097783,0.0,0.0012735608762097783,0.0,0.0012735608762097783,0.02670856245090336,0.01606633842964489,1.17,0,价格更新稀疏,,13,0,0
639,M4A4 | Desert Storm (Factory New),429.5,331.0,16,3,0.1875,0.7707,steamdt-live,400.0,12,432.47,7,,8,1,2,2,0,0,0,0,0.0,0.0,0.0012515644555695093,0.0,0.0,0.0012515644555695093,0.0,0.0,-0.06866283266199447,1.05,0,价格更新稀疏,,13,0,0
640,MP9 | Green Plaid (Factory New),60.99,41.0,12,2,0.1667,0.6722,steamdt-live,70.0,5,77.56,4,,8,1,2,2,0,0,0,0,0.0,0.0,0.0,0.0,0.0,0.0,0.0,0.0,0.01649999999999996,0.99,0,价格更新稀疏,,13,0,0
641,FAMAS | Contrast Spray (Factory New),0.0,268.0,0,2,,,steamdt-live,810.0,2,558.12,6,缺卖一价,0,0,0,2,10,0,0,0,0.0,0.0,0.00023297908564678949,0.0,0.0,0.00023297908564678949,0.26682780726183597,-0.26682780726183597,-0.2751594176547747,1.0,0,悠悠盘口不足,,12,0,0
642,P250 | Modern Hunter (Factory New),,,0,0,,,,8000.0,2,2362.37,1,无悠悠数据,0,0,0,2,10,0,0,0,0.0,0.0,0.00022863626933355974,0.0,0.0,0.00022863626933355974,0.20458922558922565,-0.20458922558922565,0.18072451743819906,0.17,0,悠悠盘口不足,,12,0,0
643,Tec-9 | Nuclear Threat (Factory New),0.0,500.0,0,1,,,steamdt-live,0.0,0,,0,缺卖一价,0,0,0,2,0,0,0,0,0.0,0.0,0.0,0.0,0.0,0.0,0.0,0.0,0.14507311779822785,1.17,0,悠悠盘口不足,,2,0,0
