排名,marketHashName,youpin_sell,youpin_buy,youpin_sell_count,youpin_buy_count,挂买/挂卖,买一/卖一,数据来源,buff_sell,buff_sell_count,c5_sell,c5_sell_count,备注,盘口深度分,盘口紧密度分,流动性分,品质分,回撤位置分,跌速减弱分,低点企稳分,下行跌幅收敛分,前12h涨跌,近12h涨跌,前24h涨跌,近24h涨跌,48h回撤,距48h低点,5日回撤,5日涨跌,30日涨跌,K线时效(小时),24h变价次数,信号状态,报价风险,V2.6总分,建议资金,实际获批
1,Glock-18 | Ramese's Reach (Factory New),425.0,420.0,509,61,0.1198,0.9882,steamdt-live,429.99,111,424.0,197,,11,12,12,2,6,20,6,5,-0.01466824644549758,0.019696495995767282,-0.029885057471264354,0.004739336492890933,0.02304147465437789,0.019696495995767282,0.036363636363636376,0.010727056019070424,-0.20673526660430308,0.29,15,减速明显,,74,10000,10000
2,★ Driver Gloves | Lunar Weave (Minimal Wear),4700.0,4540.0,151,42,0.2781,0.966,steamdt-live,4980.0,22,4866.0,54,,17,12,7,5,8,13,6,5,-0.008649789029535837,0.0002128112364332413,-0.012808497344579783,-0.008438818565400852,0.02113922732479434,0.04005310909493254,0.05546623794212213,-0.016411282390413562,-0.2357723577235772,0.37,3,减速明显,,73,10000,10000
3,AK-47 | Aphrodite (Factory New),1845.0,1820.0,362,86,0.2376,0.9864,steamdt-live,1887.98,217,1870.0,182,,17,12,9,2,6,17,6,3,-0.010656934306569332,0.008312429295165069,-0.008310991957104608,-0.0024330900243308973,0.01072386058981234,0.00886378425078882,0.04304979253112029,0.04266742017519065,0.0255697609783212,0.36,9,减速明显,,72,10000,10000
4,Glock-18 | Royal Legion (Factory New),259.0,246.0,394,53,0.1345,0.9498,steamdt-live,269.99,56,252.65,113,,11,9,9,2,10,19,6,5,-0.009951820551299284,0.0077782209812524705,-0.02607692307692311,-0.002251007029460572,0.04537897680042324,0.015882589465219255,0.09385983788824326,-0.007269155206286793,0.0670242419123237,0.32,14,减速明显,,71,10000,10000
5,Desert Eagle | The Bronze (Factory New),152.4,148.0,608,69,0.1135,0.9711,steamdt-live,146.46,164,151.41,213,,11,12,12,2,10,12,6,5,-0.011216216216216157,0.0008200082000819897,-0.013333333333333308,-0.010405405405405355,0.023599999999999954,0.00418237915666797,0.1288883601974662,0.06138125951155882,-0.2546564885496183,0.37,14,减速明显,,70,10000,10000
6,AK-47 | Rat Rod (Factory New),524.0,511.0,487,59,0.1211,0.9752,steamdt-live,528.0,46,524.0,121,,11,12,9,2,6,20,6,3,-0.006253739697735905,0.017772166650480647,-0.026146616541353307,0.011407284448647914,0.01132075471698113,0.02773310320480138,0.03038377558195471,0.08041237113402055,0.0057581573896352545,0.35,13,减速明显,,69,10000,10000
7,AK-47 | Phantom Disruptor (Factory New),140.91,138.0,1603,53,0.0331,0.9793,steamdt-live,146.6,312,143.59,552,,3,12,15,2,8,16,6,0,-0.01063455172899519,0.0030609339407745573,-0.02075862068965506,-0.0076061694485528575,0.028206896551724148,0.00649999999999995,0.053469470007389,0.006571897992713627,-0.13499079189686924,0.36,7,减速明显,,62,10000,10000
8,USP-S | Road Rash (Factory New),970.0,952.0,159,25,0.1572,0.9814,steamdt-live,1004.84,54,982.9,62,,14,12,7,2,4,14,6,0,-0.026666666666666616,0.02212855637513167,-0.009146341463414642,-0.00512820512820511,0.014227642276422814,0.02212855637513167,0.02509623405730832,0.023476655236085442,-0.06901747751725207,0.37,5,减速明显,,59,0,0
9,USP-S | Orion (Factory New),635.0,624.0,513,35,0.0682,0.9827,steamdt-live,631.48,183,646.5,236,,7,12,12,2,4,12,6,3,-0.008456493771376583,-0.0008069747939049021,-0.012273361227336022,-0.009256644387963142,0.02141639547497276,0.0,0.02474131274131275,-0.012541047693510499,-0.1431750339213026,0.37,4,减速明显,,58,0,0
10,★ Broken Fang Gloves | Unhinged (Minimal Wear),473.0,651.0,65,25,0.3846,1.3763,steamdt-live,500.0,59,495.5,53,"溢价求购:买一高于卖一,多为定向收特定图案,买一价不可作退出价",20,0,4,5,6,12,6,0,-0.040000000000000036,0.030770571827057225,-0.013415892672858587,-0.010460251046025104,0.023735810113519107,0.030770571827057225,0.034989288993165335,-0.0337078651685393,-0.08861442417002252,0.37,8,减速明显,买一异常溢价(不作为可成交退出价),53,0,0
11,AWP | Graphite (Factory New),864.5,942.0,591,35,0.0592,1.0896,steamdt-live,870.0,428,887.0,260,"溢价求购:买一高于卖一,多为定向收特定图案,买一价不可作退出价",3,0,12,2,6,16,6,5,-0.00631820792647908,-0.0005780346820809523,-0.025741466144376002,-0.006892590465249815,0.03191489361702127,0.0029002320185613772,0.03353828954723315,0.01467136150234749,-0.0694294940796556,0.34,11,减速明显,买一异常溢价(不作为可成交退出价),50,0,0
12,M4A1-S | Leaded Glass (Factory New),305.0,302.0,1101,112,0.1017,0.9902,steamdt-live,311.8,193,307.77,199,,11,15,15,2,8,10,6,5,0.006611570247933907,0.0016420361247948545,-0.011437908496731986,0.008264462809917328,0.014539579967689842,0.016666666666666607,0.061249615266235735,0.06420097697138871,-0.04088050314465408,0.31,13,左侧观察,,72,10000,10000
13,★ Specialist Gloves | Emerald Web (Field-Tested),8299.0,8150.0,379,90,0.2375,0.982,steamdt-live,8420.0,83,8426.4,96,,17,12,9,5,6,10,6,5,0.018076736279747374,-0.010242245565827868,-0.029688972667294977,0.007649344341913444,0.02213769960220946,0.014547677261613767,0.038131664348632355,-0.011435378201310353,-0.20860153530729986,0.34,10,左侧观察,,70,10000,10000
14,★ Driver Gloves | Crimson Weave (Field-Tested),7498.99,7260.0,243,87,0.358,0.9681,steamdt-live,7712.97,21,7627.44,53,,20,12,7,5,6,10,6,3,0.028350511976335646,-0.013225870123034444,-0.026095150237216647,0.014749681663980496,0.013225870123034444,0.02027074829931963,0.03834321408465513,0.03720470262793918,-0.15627925292529254,0.34,5,左侧观察,,69,10000,10000
15,★ Driver Gloves | Convoy (Minimal Wear),3358.96,3250.0,129,42,0.3256,0.9676,steamdt-live,3497.95,32,3374.8,38,,20,12,7,5,4,10,6,5,0.024090909090909163,-0.006077822163041868,-0.04180628226644756,0.017866666666666697,0.014967741935483891,0.018020912259433253,0.026388405797101444,0.018023997648121348,-0.1358476974530486,0.13,10,左侧观察,,69,10000,10000
16,M4A1-S | Chantico's Fire (Factory New),1755.0,1740.0,242,77,0.3182,0.9915,steamdt-live,1796.0,69,1777.85,78,,20,15,7,2,4,10,6,5,0.01724137931034475,-0.008474576271186418,-0.020546017450042253,0.008620689655172376,0.012102448634956353,0.01211072664359869,0.017357222844344933,0.0714285714285714,0.08668730650154788,0.37,10,左侧观察,,69,10000,10000
17,Desert Eagle | Conspiracy (Factory New),144.0,142.0,1441,76,0.0527,0.9861,steamdt-live,145.0,798,145.62,274,,3,12,15,2,8,20,4,5,-0.015981575825249394,0.02127659574468077,-0.03508417508417516,0.004954986391234595,0.017064846416382284,0.02857142857142847,0.07335907335907343,0.04347826086956519,-0.07987220447284349,0.34,5,左侧观察,,69,10000,10000
18,Desert Eagle | Heirloom (Factory New),677.98,658.0,111,44,0.3964,0.9705,steamdt-live,661.9,37,667.5,56,,20,12,7,2,6,10,6,5,0.005417956656346812,0.01909160892994599,-0.049286965223917956,0.02461300309597525,0.025184094256259226,0.02461300309597525,0.03793604651162796,0.04684633390270143,0.11474139818448226,0.35,11,左侧观察,,68,10000,10000
19,AK-47 | The Empress (Factory New),1745.0,1720.0,347,128,0.3689,0.9857,steamdt-live,1765.0,154,1777.0,104,,20,12,9,2,8,10,6,0,0.02941176470588225,-0.0028571428571428914,-0.011627906976744207,0.026470588235294024,0.018007878446820502,0.0393091125670042,0.05132108296183546,0.08082997832146166,0.24830102296301582,0.35,15,左侧观察,,67,10000,10000
20,M4A1-S | Golden Coil (Factory New),1610.0,1590.0,325,77,0.2369,0.9876,steamdt-live,1655.98,96,1642.0,116,,17,12,9,2,6,10,6,5,-0.0009503088503763912,0.007534606623444962,-0.02678430179494984,0.006577137569710123,0.020383328262853717,0.01243216390081936,0.0359281437125748,0.06834771068347711,-0.04081024724456361,0.37,11,左侧观察,,67,10000,10000
21,Desert Eagle | Hypnotic (Factory New),1104.0,1080.0,229,53,0.2314,0.9783,steamdt-live,1152.92,71,1099.5,108,,17,12,7,2,8,10,6,5,-0.0019640387275242643,0.015826380997256084,-0.03856382978723405,0.013831258644536604,0.025265957446808485,0.018527095877721278,0.05215517241379308,0.03775365738555925,0.12596006144393246,0.37,8,左侧观察,,67,10000,10000
22,AWP | Wildfire (Factory New),1009.0,990.0,506,83,0.164,0.9812,steamdt-live,1025.0,152,1030.0,146,,14,12,12,2,6,10,6,5,0.02071753410813537,-0.000990099009900991,-0.027996070726915567,0.01970692268822627,0.01560975609756099,0.024365482233502433,0.039047619047619,0.10719733131426201,-0.010784313725490158,0.34,8,左侧观察,,67,10000,10000
23,★ Driver Gloves | Crimson Weave (Minimal Wear),7978.0,7690.0,156,24,0.1538,0.9639,steamdt-live,8488.88,22,8464.62,30,,14,12,7,5,8,10,6,5,0.010126582278481067,-0.00025062656641605674,-0.03658536585365857,0.009873417721518951,0.055778651223949094,0.009873417721518951,0.06130132956818446,0.0118587101274652,-0.16190700298238403,0.23,2,左侧观察,,67,10000,10000
24,★ Sport Gloves | Arid (Field-Tested),6387.0,6350.0,347,101,0.2911,0.9942,steamdt-live,6599.0,53,6588.36,80,,17,15,9,5,4,10,6,0,0.0,-0.00015654351909832886,-0.017155165781983284,-0.00015654351909832886,0.015491329479768834,0.013809523809523716,0.028519279032626077,0.005905976848570749,-0.1596052631578947,0.35,4,左侧观察,,66,10000,10000
25,★ Specialist Gloves | Foundation (Minimal Wear),6159.5,6020.0,176,38,0.2159,0.9774,steamdt-live,6353.89,34,6291.29,48,,17,12,7,5,6,10,4,5,-0.00016233766233764158,8.118201006657166e-05,-0.021133038507927027,-8.116883116882079e-05,0.03607198748043816,0.01541378173425656,0.045038759689922436,0.0448756225657172,-0.17713807835457007,0.36,2,左侧观察,,66,10000,10000
26,AK-47 | Neon Revolution (Factory New),1648.9,1630.0,558,154,0.276,0.9885,steamdt-live,1720.0,101,1698.66,130,,17,12,12,2,6,10,6,0,0.029731422466197532,-0.016756112104949206,-0.015368802902055667,0.012477127313365033,0.023672493013121132,0.0247980111870727,0.043561484918793414,0.04426852438252071,-0.035730994152046724,0.36,17,左侧观察,,65,10000,10000
27,AK-47 | Leet Museo (Factory New),3740.0,3680.0,597,113,0.1893,0.984,steamdt-live,3800.0,62,3780.0,67,,14,12,12,2,4,10,6,5,0.0021680216802169028,0.011357490535424564,-0.01072386058981234,0.013550135501354976,0.015219337511190756,0.030871003307607392,0.022222222222222254,0.03888888888888897,0.0685714285714285,0.36,10,左侧观察,,65,10000,10000
28,★ Specialist Gloves | Forest DDPAT (Minimal Wear),1993.9,1930.0,158,29,0.1835,0.968,steamdt-live,2035.29,28,1997.6,53,,14,12,7,5,6,10,6,5,0.009693877551020469,0.007529055078322466,-0.04343582235236698,0.017295918367346896,0.026891166422645107,0.01989769820971876,0.04505790285347555,0.002524033626965849,-0.1582800020263082,0.37,11,左侧观察,,65,10000,10000
29,M4A1-S | Control Panel (Factory New),1159.0,1140.0,719,128,0.178,0.9836,steamdt-live,1188.88,68,1179.3,120,,14,12,12,2,4,10,6,5,0.02981578947368413,-0.013194320224192757,-0.01041666666666663,0.016228070175438702,0.018220338983050866,0.024767801857585203,0.025553462081959633,0.025675077467906204,0.225666525603047,0.15,14,左侧观察,,65,10000,10000
30,★ Hand Wraps | Spruce DDPAT (Minimal Wear),2620.0,2560.0,188,33,0.1755,0.9771,steamdt-live,2644.49,33,2600.73,53,,14,12,7,5,6,10,6,5,0.0176165073053125,0.00028076923076914007,-0.038027251608628077,0.017902222709286653,0.020067897769019405,0.017902222709286653,0.04735164835164829,0.020502417127071793,-0.10969882033972567,0.19,9,左侧观察,,65,10000,10000
31,★ Moto Gloves | Cool Mint (Minimal Wear),7284.49,7140.0,165,26,0.1576,0.9802,steamdt-live,7394.26,36,7320.91,55,,14,12,7,5,6,10,6,5,-6.817400789427275e-05,0.013564769723111159,-0.025422441823571007,0.01349567095049875,0.012269863782681467,0.020236694677871148,0.041388340571127835,-0.002124657534246621,-0.18036680731364274,0.37,5,左侧观察,,65,10000,10000
32,M4A1-S | Flashback (Factory New),878.5,869.0,685,99,0.1445,0.9892,steamdt-live,898.0,65,887.47,89,,11,12,12,2,8,9,6,5,0.004779244424214957,-0.006228765571913875,-0.020289855072463836,-0.0014792899408283544,0.011924467114819426,0.044642857142857206,0.06288045451632884,0.014450867052023142,-0.04619565217391308,0.16,15,左侧观察,,65,10000,10000
33,AWP | POP AWP (Factory New),235.5,228.0,1295,91,0.0703,0.9682,steamdt-live,230.0,306,232.38,304,,7,12,15,2,10,10,6,3,0.0048000000000001375,0.01733899504600145,-0.038461538461538436,0.022222222222222143,0.012875536480686733,0.03603603603603611,0.09141186695109416,0.017699115044247815,-0.25566343042071193,0.32,12,左侧观察,,65,10000,10000
34,★ Specialist Gloves | Forest DDPAT (Field-Tested),1960.0,1930.0,275,82,0.2982,0.9847,steamdt-live,1974.37,34,1926.14,64,,17,12,9,5,4,10,2,5,-0.0002659713168188249,0.004773107840938096,-0.02491736587846427,0.004505867014341636,0.01702475121204383,0.020671601850428933,0.025430074883626808,0.019121693121693095,-0.1577874945343244,0.29,3,左侧观察,,64,10000,10000
35,★ Specialist Gloves | Foundation (Field-Tested),5560.0,5450.0,335,80,0.2388,0.9802,steamdt-live,5671.81,37,5615.93,67,,17,12,9,5,8,7,6,0,0.006340579710145011,-0.00990099009900991,-0.014285714285714235,-0.0036231884057971175,0.034918406738024266,0.0,0.06382978723404253,0.012891344383057168,-0.2114695340501792,0.37,11,左侧观察,,64,10000,10000
36,M4A1-S | Nightmare (Factory New),1820.0,1800.0,383,74,0.1932,0.989,steamdt-live,1818.26,55,1859.62,70,,14,12,9,2,6,10,6,5,0.008287292817679592,-0.003693150684931479,-0.008219178082191747,0.004563535911602301,0.03591217344736719,0.05469964500336433,0.037448385389094785,0.07846521586979605,0.09533734939759042,0.35,5,左侧观察,,64,10000,10000
37,USP-S | The Traitor (Factory New),665.0,650.0,285,52,0.1825,0.9774,steamdt-live,685.0,74,680.0,119,,14,12,9,2,6,10,6,5,-0.003000090911845832,0.010638297872340496,-0.02436212045058095,0.007606291099730322,0.016941134730804497,0.011499148211243426,0.03343023255813948,0.03394125969805817,-0.03466496341888281,0.37,10,左侧观察,,64,10000,10000
38,M4A4 | The Emperor (Factory New),1628.8,1610.0,391,64,0.1637,0.9885,steamdt-live,1709.99,127,1648.32,121,,14,12,9,2,6,10,6,5,0.006674907292954169,0.0,-0.018799272286234125,0.006674907292954169,0.011920288756104291,0.008576116907644149,0.0356423919478982,0.015809660419719984,-0.0890380313199105,0.34,5,左侧观察,,64,10000,10000
39,Glock-18 | Water Elemental (Factory New),304.0,300.0,615,81,0.1317,0.9868,steamdt-live,313.69,246,313.0,305,,11,12,12,2,6,10,6,5,0.00662471016893007,0.00032905561039831,-0.01821138211382123,0.006955945677376674,0.011382113821138184,0.006955945677376674,0.04339343591680045,0.06666666666666665,-0.27532777115613827,0.37,8,左侧观察,,64,10000,10000
40,AWP | LongDog (Factory New),2938.5,2880.0,339,34,0.1003,0.9801,steamdt-live,2972.17,132,2973.6,170,,11,12,9,2,8,10,6,5,-0.003572036060554562,0.003243427791054909,-0.031466227347611175,-0.0003401939105289742,0.03163618388531886,0.003243427791054909,0.06699476107318625,-0.02017339113037675,-0.17918994413407818,0.32,6,左侧观察,,63,10000,10000
41,Tec-9 | Bamboo Forest (Factory New),207.0,200.0,1437,106,0.0738,0.9662,steamdt-live,209.1,279,202.0,247,,7,12,15,2,6,10,6,5,0.013737373737373826,0.006377042646472653,-0.034146341463414664,0.02020202020202011,0.014634146341463428,0.02020202020202011,0.03809523809523807,0.06321385336070318,-0.11982570806100223,0.37,12,左侧观察,,63,10000,10000
42,AWP | Sun in Leo (Factory New),501.0,492.0,1127,82,0.0728,0.982,steamdt-live,514.5,440,510.0,296,,7,12,15,2,8,10,6,3,0.004624717211555884,-0.001614188919888404,-0.0263352826510721,0.0030030631243869177,0.023411306042884994,0.0149510747351147,0.05473584905660378,0.027945913782136733,-0.18802269043760134,0.36,14,左侧观察,,63,10000,10000
43,AK-47 | Orbit Mk01 (Factory New),644.0,634.0,691,85,0.123,0.9845,steamdt-live,650.0,148,643.0,159,,11,12,12,2,4,10,6,5,0.03431763766959306,-0.007716049382716084,-0.019561815336463173,0.026336791699920203,0.01228878648233489,0.028799999999999937,0.029199504786061592,0.08340353833192915,-0.11249137336093862,0.36,16,左侧观察,,62,10000,10000
44,Glock-18 | Gold Toof (Factory New),917.0,902.0,551,63,0.1143,0.9836,steamdt-live,940.0,115,929.98,135,,11,12,12,2,4,10,6,5,0.022664455500276404,-0.008648648648648671,-0.037253858435337905,0.013819789939192972,0.023948908994145812,0.021158129175946616,0.028601694915254217,0.021727019498607225,-0.08158564188850836,0.37,16,左侧观察,,62,10000,10000
45,M4A4 | 龍王 (Dragon King) (Factory New),380.9,372.0,782,80,0.1023,0.9766,steamdt-live,394.49,190,384.69,178,,11,12,12,2,6,10,6,3,0.022459893048128343,-0.006276150627614996,-0.033341948823985446,0.016042780748663166,0.017834065650038755,0.020134228187919545,0.035532994923857864,0.03542234332425065,0.0,0.19,11,左侧观察,,62,10000,10000
46,★ Bloodhound Gloves | Snakebite (Field-Tested),1275.0,1230.0,224,60,0.2679,0.9647,steamdt-live,1365.5,21,1289.6,64,,17,12,7,5,2,10,3,5,0.0028592149246016163,0.059797516333349954,-0.03721508828250397,0.06282770520910597,0.0113213399503721,0.06575944764404484,0.0113213399503721,0.0625,-0.05555555555555558,0.13,11,左侧观察,,61,10000,10000
47,M4A1-S | Briefing (Factory New),385.99,378.0,272,33,0.1213,0.9793,steamdt-live,389.9,57,392.7,93,,11,12,9,2,6,10,6,5,-0.002590673575129543,0.002571428571428669,-0.02648171500630514,-2.5906735751313192e-05,0.02650693568726359,0.0028058507183497117,0.03502499999999997,-0.007737789203084766,-0.28121042830540033,0.37,4,左侧观察,,61,10000,10000
48,FAMAS | Eye of Athena (Factory New),208.5,205.0,315,37,0.1175,0.9832,steamdt-live,226.8,86,220.0,99,,11,12,9,2,8,10,6,3,0.033004095398698974,-0.027518656716417955,-0.06928251121076223,0.004577210310768409,0.05227272727272725,0.017073170731707332,0.0691964285714286,0.024570024570024662,-0.23570381231671556,0.36,8,左侧观察,,61,10000,10000
49,AWP | CMYK (Factory New),3978.5,3870.0,285,31,0.1088,0.9727,steamdt-live,3929.5,87,3946.25,79,,11,12,9,2,8,10,4,5,-0.00012755102040817867,0.0025513458349279983,-0.02717217315342635,0.0024234693877551727,0.017379344836209065,0.012757731958762841,0.06440476190476185,-0.02117324697969858,-0.13637362637362638,0.28,7,左侧观察,,61,10000,10000
50,Tec-9 | Cracked Opal (Factory New),50.9,49.0,373,31,0.0831,0.9627,steamdt-live,50.0,141,49.95,64,,7,12,9,2,10,10,6,5,0.052291666666666625,-0.011086913482478589,-0.09262759924385633,0.04062500000000013,0.057547169811320686,0.04062500000000013,0.09165302782324058,0.05557903634826711,0.21829268292682924,0.32,8,左侧观察,,61,10000,10000
51,M4A4 | In Living Color (Factory New),595.0,592.0,844,66,0.0782,0.995,steamdt-live,591.5,152,596.42,215,,7,15,12,2,4,10,6,5,0.0017094017094017033,0.008532423208191142,-0.015979814970563444,0.01025641025641022,0.01170568561872909,0.011986301369863117,0.029556650246305383,0.025507548152004178,-0.04446240905416332,0.37,8,左侧观察,,61,10000,10000
52,Glock-18 | Steel Disruption (Factory New),242.31,235.0,361,27,0.0748,0.9698,steamdt-live,241.0,67,244.36,101,,7,12,9,2,10,10,6,5,0.008368200836819994,0.0,-0.08076923076923082,0.008368200836819994,0.07307692307692304,0.01048218029350112,0.10608308605341255,-0.08584000303455597,-0.10575139146567714,0.37,4,左侧观察,,61,10000,10000
53,AK-47 | Blue Laminate (Factory New),185.0,182.0,1204,57,0.0473,0.9838,steamdt-live,183.27,630,184.53,350,,3,12,15,2,8,10,6,5,-0.0016420361247946325,0.004769736842105354,-0.028191489361702238,0.0031198686371101125,0.014677419354838683,0.009196035242290845,0.06164558906354001,0.018166666666666664,-0.15737931034482755,0.35,9,左侧观察,,61,10000,10000
54,Glock-18 | Nuclear Garden (Factory New),278.4,271.0,2704,109,0.0403,0.9734,steamdt-live,278.0,256,277.66,297,,3,12,15,2,8,10,6,5,0.012160489332265323,-0.007194244604316502,-0.01201438848920855,0.004878759193184257,0.012946141191617189,0.026022304832713727,0.06339079679652504,0.04458405873892968,-0.22135078711279121,0.14,5,左侧观察,,61,10000,10000
55,Galil AR | Blue Titanium (Factory New),124.0,120.0,997,34,0.0341,0.9677,steamdt-live,125.0,119,124.77,256,,3,12,15,2,8,10,6,5,0.01722723543888427,0.0,-0.05861456483126115,0.01722723543888427,0.04239709630087274,0.01722723543888427,0.05660377358490565,-0.03494435364619819,-0.15352583794115648,0.37,13,左侧观察,,61,10000,0
56,★ Sport Gloves | Red Racer (Minimal Wear),1838.0,2380.0,48,29,0.6042,1.2949,steamdt-live,1858.5,58,1888.0,34,"溢价求购:买一高于卖一,多为定向收特定图案,买一价不可作退出价",20,0,4,5,6,18,4,3,-0.01490111081007861,0.011001100110010986,-0.02560718057022171,-0.004063939311839571,0.029567053854276715,0.011279229711141703,0.04766839378238341,-0.04096008348552049,-0.00969827586206895,0.37,6,左侧观察,买一异常溢价(不作为可成交退出价),60,0,0
57,Desert Eagle | Ocean Drive (Factory New),1683.89,1620.0,234,39,0.1667,0.9621,steamdt-live,1711.23,47,1666.16,67,,14,12,7,2,4,10,6,5,0.022190320186013412,0.0,-0.03486926246980249,0.022190320186013412,0.013452702382644177,0.022190320186013412,0.019905882352941107,0.03552517091361107,-0.03522872032426172,0.37,5,左侧观察,,60,10000,0
58,AK-47 | Cartel (Factory New),337.03,333.0,893,71,0.0795,0.988,steamdt-live,335.0,273,336.56,222,,7,12,12,2,6,10,6,5,-0.0029641606036109325,0.006006006006006093,-0.014778761061946866,0.003024042636007085,0.014705882352941124,0.015151515151515138,0.03416462447743984,0.047922922922922995,-0.07662624035281151,0.36,7,左侧观察,,60,10000,0
59,M4A4 | Desert-Strike (Factory New),501.5,491.0,884,58,0.0656,0.9791,steamdt-live,506.31,132,506.09,203,,7,12,12,2,6,10,6,5,0.0009990009990010762,0.0009980039920158834,-0.012158054711246202,0.0019980019980019303,0.010184344530849154,0.0029999999999998916,0.0340723049365359,0.038302277432712195,-0.08818181818181814,0.37,8,左侧观察,,60,10000,0
60,USP-S | Target Acquired (Factory New),2317.14,2270.0,144,38,0.2639,0.9797,steamdt-live,2418.0,50,2330.31,51,,17,12,7,2,6,6,6,3,-0.003034901365705611,-0.00021743857360301266,-0.008562512358043728,-0.0032516800346845676,0.011344382423517874,0.0,0.033830636688379934,0.004149377593360981,0.008333333333333304,0.06,5,左侧观察,,59,0,0
61,★ Driver Gloves | Overtake (Minimal Wear),503.0,750.0,108,22,0.2037,1.4911,steamdt-live,504.5,77,538.18,64,"溢价求购:买一高于卖一,多为定向收特定图案,买一价不可作退出价",17,0,7,5,8,18,4,0,-0.03186138613861378,0.028819210079564783,-0.024154589371980673,-0.003960396039603964,0.02801932367149762,0.03711340206185576,0.06402932584060583,-0.06489933260210812,-0.05893358278765204,0.27,12,左侧观察,买一异常溢价(不作为可成交退出价),59,0,0
62,Glock-18 | Twilight Galaxy (Factory New),3258.7,3180.0,302,34,0.1126,0.9758,steamdt-live,3308.92,70,3244.4,109,,11,12,9,2,4,10,6,5,-0.0037562500000000165,0.01769772708737194,-0.030303030303030276,0.013875000000000082,0.01684848484848478,0.02170380540894601,0.01684848484848478,0.020909705942510293,-0.05918515296505722,0.34,8,左侧观察,,59,0,0
63,Glock-18 | Franklin (Factory New),764.5,738.0,432,44,0.1019,0.9653,steamdt-live,798.41,85,779.99,147,,11,12,9,2,4,10,6,5,-0.00013368983957218195,0.016178633507153428,-0.03856041131105403,0.016042780748663166,0.01935483870967747,0.02288021534320328,0.02564102564102566,0.03896103896103886,-0.2036297716722727,0.16,6,左侧观察,,59,0,0
64,Tec-9 | Remote Control (Factory New),189.5,181.0,543,34,0.0626,0.9551,steamdt-live,182.77,76,190.22,124,,7,9,12,2,8,10,6,5,0.018611111111111134,-0.0058903736023997455,-0.07692307692307687,0.012611111111111128,0.04330254041570436,0.012611111111111128,0.07137762380273072,0.0025301138551234725,-0.14803215854912588,0.1,4,左侧观察,,59,0,0
65,AK-47 | Point Disarray (Factory New),428.5,423.0,1047,64,0.0611,0.9872,steamdt-live,438.0,331,429.0,268,,7,12,15,2,4,10,6,3,0.0,0.007058823529411784,-0.018475750577367167,0.007058823529411784,0.011547344110854452,0.016627078384798155,0.02815622161671205,0.051597051597051635,-0.027272727272727226,0.36,12,左侧观察,,59,0,0
66,USP-S | Spiral Glitch (Factory New),517.98,507.0,35,21,0.6,0.9788,steamdt-live,510.0,47,521.38,91,,20,12,4,2,4,10,6,0,-0.018249018249018256,0.0,-3.849855630411181e-05,-0.018249018249018256,0.018286814244465877,0.0,0.018286814244465877,0.0019646365422396617,0.020000000000000018,0.3,4,左侧观察,,58,0,0
67,USP-S | Cortex (Factory New),179.47,178.0,437,41,0.0938,0.9918,steamdt-live,178.5,152,183.0,232,,7,15,9,2,6,10,4,5,0.000616626492516481,0.0,-0.03562547302411079,0.000616626492516481,0.019230769230769273,0.014204545454545414,0.03877221324717284,0.005633802816901401,-0.19594594594594594,0.28,9,左侧观察,,58,0,0
68,AWP | Electric Hive (Factory New),542.0,532.0,495,45,0.0909,0.9815,steamdt-live,525.49,212,554.17,185,,7,12,9,2,8,9,6,5,-0.0028392958546280544,-0.0024867122247531626,-0.03945454545454552,-0.005318947567669818,0.04456363636363636,0.0009523990933160142,0.06992920353982301,-0.01593632958801494,-0.16189792663476876,0.36,7,左侧观察,,58,0,0
69,FAMAS | ZX Spectron (Factory New),160.49,157.0,638,56,0.0878,0.9783,steamdt-live,160.75,139,163.74,148,,7,12,12,2,4,10,6,5,0.0,0.013530601922104202,-0.034196384953590564,0.013530601922104202,0.016564417177914015,0.037540453074433655,0.0211284807034684,0.07583892617449672,-0.17853848519011983,0.25,4,左侧观察,,58,0,0
70,Tec-9 | Safety Net (Factory New),94.0,88.0,466,28,0.0601,0.9362,steamdt-live,89.84,96,95.25,86,,7,9,9,2,10,10,6,5,-0.00011128421989770043,-0.00022259321090700723,-0.05290893760539628,-0.00033385265969287925,0.053225126475548,0.0010028972587474705,0.08055271238485162,-0.08055271238485162,-0.28988142292490116,0.37,2,左侧观察,,58,0,0
71,Desert Eagle | Crimson Web (Factory New),890.0,873.0,90,19,0.2111,0.9809,steamdt-live,1050.0,51,930.8,55,,17,12,4,2,6,7,4,5,-0.0011339633129515692,-0.009438162229543301,-0.032400335621006415,-0.010561423012784843,0.042557769267180134,0.0,0.046588608340742854,-0.011111111111111072,-0.06610703043022037,0.23,5,左侧观察,,57,0,0
72,M4A1-S | Moss Quartz (Factory New),520.36,513.0,475,42,0.0884,0.9859,steamdt-live,529.5,129,522.88,182,,7,12,9,2,6,10,6,5,0.005927441932307653,-0.0012284069097888706,-0.04243085342404973,0.0046917537118917885,0.03366822039406492,0.020333732033961383,0.046785125480857226,0.005895884479325986,-0.16542101042502,0.32,10,左侧观察,,57,0,0
73,FAMAS | Valence (Factory New),191.0,184.0,258,15,0.0581,0.9634,steamdt-live,194.5,86,193.43,114,,3,12,9,2,8,19,4,0,-0.021858495006013556,0.02111734830259282,-0.01928304015590554,-0.0012027401558332151,0.020462587825016754,0.02787643956517072,0.0543618180017823,-0.0543618180017823,-0.12163715796734875,0.32,18,左侧观察,,57,0,0
74,★ Hydra Gloves | Case Hardened (Field-Tested),354.4,370.0,390,13,0.0333,1.044,steamdt-live,359.5,401,349.3,170,,3,15,9,5,4,10,6,5,0.009455587392550147,-0.008515469770082329,-0.009929078014184411,0.0008595988538682153,0.010201190138849459,0.058484848484848584,0.01600090145923716,-0.01600090145923716,-0.0456284153005464,0.37,9,左侧观察,,57,0,0
75,USP-S | Stainless (Factory New),291.0,278.0,296,33,0.1115,0.9553,steamdt-live,296.81,218,305.0,94,,11,9,9,2,4,10,6,5,0.009411764705882453,-0.002468120115179051,-0.033121445299431174,0.006920415224913601,0.013559322033898313,0.021052631578947434,0.026430244228838995,0.06985294117647056,-0.1313173527567988,0.34,11,左侧观察,,56,0,0
76,M4A4 | Hellish (Factory New),760.0,751.0,640,43,0.0672,0.9882,steamdt-live,789.5,175,766.36,230,,7,12,12,2,8,6,4,5,-0.0006497725795971965,-0.011703511053316018,-0.0320754716981132,-0.012345679012345734,0.04282115869017633,0.0026385224274405594,0.072039072039072,-0.02564102564102566,-0.12081810189255482,0.25,12,左侧观察,,56,0,0
77,Five-SeveN | Boost Protocol (Factory New),69.59,66.0,1387,65,0.0469,0.9484,steamdt-live,69.9,248,71.81,238,,3,9,15,2,6,10,6,5,0.01571594877764837,-0.0030085959885386426,-0.03888111888111889,0.012660069848661193,0.026713286713286655,0.038656716417910575,0.03212795549374137,0.02338235294117652,-0.19549132947976877,0.37,7,左侧观察,,56,0,0
78,Glock-18 | Ironwork (Factory New),215.0,210.0,866,39,0.045,0.9767,steamdt-live,214.5,86,216.19,146,,3,12,12,2,8,10,4,5,0.0,0.002336448598130758,-0.03167420814479638,0.002336448598130758,0.02941176470588236,0.011792452830188704,0.05714285714285716,-0.020010964912280715,-0.284928492849285,0.37,3,左侧观察,,56,0,0
79,M4A1-S | Glitched Paint (Factory New),33.42,32.1,1420,24,0.0169,0.9605,steamdt-live,34.22,842,34.4,697,,3,12,15,2,8,10,6,0,-0.02424600827912482,0.012727272727272698,-0.0023598820058996495,-0.011827321111768097,0.017925359976491362,0.012727272727272698,0.07140872464573489,-0.0505681818181819,-0.143076923076923,0.31,11,左侧观察,,56,0,0
80,MP9 | Hot Rod (Factory New),1304.49,1290.0,244,31,0.127,0.9889,steamdt-live,1326.5,126,1335.0,123,,11,12,7,2,4,8,6,5,-0.002293577981651418,-0.0003908045977011332,-0.016541353383458635,-0.0026834862385320957,0.023950617283950648,0.011232558139534943,0.025197838904207903,0.027562032296179595,0.023129411764705843,0.37,10,左侧观察,,55,0,0
81,AK-47 | Green Laminate (Factory New),273.5,265.0,339,29,0.0855,0.9689,steamdt-live,269.92,121,278.0,137,,7,12,9,2,4,10,6,5,0.002041573867854529,-0.00011113169105381182,-0.01857923497267766,0.0019302152932443306,0.01668488160291437,0.005288640595903171,0.016756520472096637,0.003420074349442359,-0.2047142015321154,0.36,3,左侧观察,,55,0,0
82,P250 | See Ya Later (Factory New),699.0,689.0,274,21,0.0766,0.9857,steamdt-live,720.0,109,708.72,87,,7,12,9,2,4,10,6,5,0.0014306151645206988,-0.0014285714285714457,-0.014799154334038,0.0,0.014799154334038,0.0,0.02136476913168872,-0.014799154334038,-0.061114842175956974,0.37,7,左侧观察,,55,0,0
83,AK-47 | Safari Mesh (Factory New),38.66,36.9,608,37,0.0609,0.9545,steamdt-live,42.82,184,39.94,186,,7,9,12,2,8,8,4,5,0.0,-0.005658436213991869,-0.024586051179126822,-0.005658436213991869,0.03010536879076775,0.04911804613297144,0.05707317073170737,-0.05707317073170737,-0.10301624129930409,0.35,18,左侧观察,,55,0,0
84,Galil AR | Firefight (Factory New),72.88,65.0,594,43,0.0724,0.8919,steamdt-live,67.79,118,70.74,196,,7,6,12,2,8,10,4,5,-0.0001475143826523695,0.00014753614635587553,-0.06315644002211152,0.0,0.06315644002211152,0.013606459330143705,0.06315644002211152,0.007280832095096779,-0.29765851636966423,0.29,7,左侧观察,,54,0,0
85,M4A1-S | Master Piece (Factory New),1947.5,1880.0,84,6,0.0714,0.9653,steamdt-live,2179.22,25,2020.0,67,,7,12,4,2,8,10,6,5,-0.0010256410256410664,-0.0002566735112936591,-0.02985074626865669,-0.0012820512820512775,0.031094527363184077,0.0,0.0668423574508864,-0.0668423574508864,-0.18752607425949108,0.26,2,左侧观察,,54,0,0
86,MP9 | Latte Rush (Factory New),337.0,323.0,497,33,0.0664,0.9585,steamdt-live,359.88,181,355.84,245,,7,9,9,2,8,8,6,5,-0.0038427431274017376,0.0,-0.017711962833913963,-0.0038427431274017376,0.021486643437862885,0.0029761904761904656,0.06128133704735372,-0.00295857988165682,-0.20799059929494712,0.24,6,左侧观察,,54,0,0
87,M4A1-S | Guardian (Factory New),453.49,442.0,670,43,0.0642,0.9747,steamdt-live,460.0,322,454.15,211,,7,12,12,2,4,8,4,5,-0.002942920519183878,-0.0011013458446221813,-0.02079569892473121,-0.004041025190521075,0.024752688172043014,0.0021878453038675083,0.026741066638051203,-0.007680525164113772,-0.11837552004354757,0.37,6,左侧观察,,54,0,0
88,USP-S | Black Lotus (Factory New),168.87,167.0,624,36,0.0577,0.9889,steamdt-live,167.81,129,174.41,128,,3,12,12,2,8,8,4,5,-0.006412519119896487,-0.006394694771744813,-0.05514174541411909,-0.012766207789151607,0.06720400222345746,0.0,0.077967032967033,-0.023792902850494513,-0.24748878923766815,0.31,2,左侧观察,,54,0,0
89,AWP | Corticera (Factory New),940.0,1000.0,172,37,0.2151,1.0638,steamdt-live,993.68,44,963.0,50,"溢价求购:买一高于卖一,多为定向收特定图案,买一价不可作退出价",17,0,7,2,6,10,6,5,0.01791208791208776,0.014790024829968829,-0.06618778860954333,0.03296703296703307,0.018789144050104345,0.04444444444444451,0.03589743589743588,0.07489994282447121,0.05617977528089879,0.36,16,左侧观察,买一异常溢价(不作为可成交退出价),53,0,0
90,AWP | Chrome Cannon (Factory New),436.5,429.0,376,39,0.1037,0.9828,steamdt-live,441.9,299,447.0,142,,11,12,9,2,4,4,6,5,-0.002272727272727315,-0.005694760820045608,-0.012345679012345734,-0.007954545454545436,0.02020202020202022,0.0,0.02130044843049328,-0.007954545454545436,0.0034482758620688614,0.36,8,左侧观察,,53,0,0
91,M4A1-S | Basilisk (Factory New),191.0,184.0,551,56,0.1016,0.9634,steamdt-live,184.9,177,191.39,183,,11,12,12,2,8,6,2,0,0.019333191308052777,-0.033909817649824814,-0.03712820512820514,-0.015232211333617296,0.036979166666666674,0.008178844056706547,0.0677624281536755,0.015934065934065877,-0.18867924528301883,0.36,10,左侧观察,,53,0,0
92,Desert Eagle | Light Rail (Factory New),78.33,72.0,452,39,0.0863,0.9192,steamdt-live,74.1,169,74.58,176,,7,6,9,2,8,10,6,5,0.023013698630137025,-0.006427423674343902,-0.0758323838460564,0.016438356164383494,0.060640587416128544,0.03055555555555567,0.06631433245249774,0.061061061061060906,-0.14624324013347134,0.16,10,左侧观察,,53,0,0
93,Desert Eagle | Trigger Discipline (Factory New),40.9,38.2,725,46,0.0634,0.934,steamdt-live,41.3,422,41.35,325,,7,9,12,2,4,10,6,3,0.03325,-0.010404064843939076,-0.04761904761904767,0.022499999999999964,0.02619047619047621,0.022499999999999964,0.02619047619047621,0.07631578947368411,-0.14237785699308025,0.37,10,左侧观察,,53,0,0
94,Tec-9 | Blue Titanium (Factory New),208.86,199.0,653,30,0.0459,0.9528,steamdt-live,220.6,39,206.71,128,,3,9,12,2,8,8,6,5,-0.0010588631660009007,-0.004047217537942682,-0.033627906976744115,-0.005101795254367825,0.038692275496442274,0.0,0.06816030293467967,0.06070402298850586,-0.2754136287156477,0.14,4,左侧观察,,53,0,0
95,AK-47 | Emerald Pinstripe (Factory New),88.5,85.0,818,30,0.0367,0.9605,steamdt-live,91.99,219,89.66,276,,3,12,12,2,8,7,4,5,-0.004459308807134965,-0.008958566629339249,-0.04064171122994653,-0.013377926421404673,0.0631946649730073,0.0,0.0631946649730073,-0.009402283411685697,-0.22368421052631582,0.35,8,左侧观察,,53,0,0
96,★ Driver Gloves | Hand Sweaters (Minimal Wear),1504.0,2230.0,36,30,0.8333,1.4827,steamdt-live,1487.49,36,1568.77,38,"溢价求购:买一高于卖一,多为定向收特定图案,买一价不可作退出价",20,0,4,5,6,11,6,0,-0.007338225483655814,-0.0003427419354838923,-0.00892561983471074,-0.0076784523015343,0.016210317460317425,0.0016767676767677209,0.03409740259740257,-0.033783696005196484,-0.02937030995106038,0.2,4,左侧观察,买一异常溢价(不作为可成交退出价),52,0,0
97,M4A4 | Falak (Factory New),878.88,869.0,72,49,0.6806,0.9888,steamdt-live,891.99,50,886.5,99,,20,12,4,2,2,6,6,0,-0.007319819819819773,-0.0029722064662507375,0.013837511987943474,-0.010270270270270276,0.010270270270270276,0.009047072330654382,0.010270270270270276,0.016046242774566455,-0.0018398637137989615,0.37,7,左侧观察,,52,0,0
98,★ Driver Gloves | Plum Quill (Field-Tested),615.0,653.0,56,18,0.3214,1.0618,steamdt-live,606.99,49,682.59,30,"溢价求购:买一高于卖一,多为定向收特定图案,买一价不可作退出价",20,0,4,5,6,6,6,5,-0.004938474159146833,0.0008244159013339747,-0.01159490797048568,-0.004118129614438026,0.01566528825103375,0.00165019224739682,0.036523809523809514,-0.003284126176127722,-0.04411023622047239,0.37,4,左侧观察,买一异常溢价(不作为可成交退出价),52,0,0
99,M4A4 | Eye of Horus (Factory New),4159.99,5110.0,292,39,0.1336,1.2284,steamdt-live,4220.0,133,4180.79,92,"溢价求购:买一高于卖一,多为定向收特定图案,买一价不可作退出价",11,0,9,2,10,9,6,5,-0.0014067090676418426,-0.00167986964211575,-0.029567441860465227,-0.003084215621899533,0.04147695852534572,0.004932879501977183,0.08672008781558727,-0.0044298193131506736,-0.15593182509891457,0.34,8,左侧观察,买一异常溢价(不作为可成交退出价),52,0,0
100,USP-S | Sleeping Potion (Factory New),47.7,44.9,253,26,0.1028,0.9413,steamdt-live,48.0,167,49.1,86,,11,9,9,2,8,7,6,0,0.008336807002917945,-0.014055394791236075,-0.016803278688524603,-0.005835764902042406,0.022540983606557208,0.03921568627450989,0.05432196669310063,-0.05074626865671639,-0.02053388090349073,0.37,14,左侧观察,,52,0,0
101,Desert Eagle | Mudder (Factory New),44.8,40.0,350,34,0.0971,0.8929,steamdt-live,45.0,62,45.89,120,,7,6,9,2,8,9,6,5,-0.0022271714922049712,0.0,-0.02939904885430178,-0.0022271714922049712,0.023965141612200425,0.0022371364653241965,0.06236919213059866,-0.06432748538011712,-0.11216805390408247,0.33,3,左侧观察,,52,0,0
102,Glock-18 | Vogue (Factory New),73.98,71.0,915,36,0.0393,0.9597,steamdt-live,72.79,296,77.17,550,,3,9,15,2,8,9,6,0,-0.01987110633727185,-0.0028767123287670726,-0.01559608776103616,-0.022690655209452126,0.04600262123197896,0.0,0.05048265066527513,0.00971008461645173,-0.0901249999999999,0.25,7,左侧观察,,52,0,0
103,AK-47 | Searing Rage (Factory New),118.0,114.0,1432,35,0.0244,0.9661,steamdt-live,116.5,400,120.94,266,,3,12,15,2,4,10,6,0,-0.02459711620016969,0.01304347826086949,-0.0008474576271185752,-0.01187446988973706,0.01671168129642142,0.017467248908296984,0.029166666666666674,-0.029166666666666674,-0.11909262759924388,0.35,8,左侧观察,,52,0,0
104,AWP | The End (Factory New),310.0,282.0,63,15,0.2381,0.9097,steamdt-live,290.0,65,291.6,136,,17,6,4,2,6,10,6,0,0.034482758620689724,-0.033333333333333326,-0.010238907849829393,0.0,0.033333333333333326,0.01754385964912286,0.041924080742674064,-0.033333333333333326,-0.14680788467196226,0.36,9,左侧观察,,51,0,0
105,USP-S | Ancient Visions (Factory New),301.0,278.0,62,13,0.2097,0.9236,steamdt-live,311.0,29,297.81,71,,17,6,4,2,6,10,6,0,-0.02633837216978019,0.009525423728813598,-0.0028960705588099156,-0.017063832596211026,0.019845971563980935,0.011239388794566985,0.04241157556270092,-0.04241157556270092,-0.12103771914290773,0.23,5,左侧观察,,51,0,0
106,Galil AR | Dusk Ruins (Factory New),251.39,245.0,292,25,0.0856,0.9746,steamdt-live,265.0,50,261.71,99,,7,12,9,2,8,6,4,3,0.009764705882352898,-0.023690240397685414,-0.038425279987933214,-0.014156862745098087,0.05203816131830008,0.005560000000000009,0.05203816131830008,-0.047765151515151594,-0.2729770374226387,0.26,17,左侧观察,,51,0,0
107,Glock-18 | AXIA (Factory New),304.5,285.0,699,40,0.0572,0.936,steamdt-live,307.4,258,310.0,581,,3,9,12,2,4,10,6,5,-0.0016722408026755842,0.0201005025125629,-0.03548387096774197,0.018394648829431537,0.01774193548387093,0.046391752577319645,0.027156549520766737,0.01331114808652245,-0.09099050689593413,0.37,9,左侧观察,,51,0,0
108,AK-47 | Asiimov (Factory New),2214.0,3000.0,241,67,0.278,1.355,steamdt-live,2289.0,82,2271.79,60,"溢价求购:买一高于卖一,多为定向收特定图案,买一价不可作退出价",17,0,7,2,8,7,4,5,-0.00404198302813763,-0.00715262674050976,-0.03470575555076527,-0.011165698972755655,0.037391304347826115,0.0,0.0658227848101266,-0.0033760972316002613,0.1131221719457014,0.35,7,左侧观察,买一异常溢价(不作为可成交退出价),50,0,0
109,MP9 | Food Chain (Factory New),99.16,93.0,208,17,0.0817,0.9379,steamdt-live,99.94,118,104.28,98,,7,9,7,2,4,10,6,5,0.03305526590198116,0.0009084485717170132,-0.045391200477801985,0.03399374348279438,0.012940473820425957,0.03399374348279438,0.027652480878603725,-0.016269841269841323,-0.11067264573991031,0.23,4,左侧观察,,50,0,0
110,Galil AR | Black Sand (Factory New),95.0,89.0,538,40,0.0743,0.9368,steamdt-live,90.54,185,91.69,110,,7,9,12,2,2,10,3,5,0.0,0.04429065743944638,-0.008009153318077833,0.04429065743944638,0.013618041180956553,0.07824222936763148,0.013618041180956553,0.07785714285714285,-0.2756799999999999,0.2,7,左侧观察,,50,0,0
111,Glock-18 | Fully Tuned (Factory New),1058.0,2200.0,69,42,0.6087,2.0794,steamdt-live,1090.0,58,1146.76,23,"溢价求购:买一高于卖一,多为定向收特定图案,买一价不可作退出价",20,0,4,2,6,10,4,3,-0.000945179584120992,0.0009460737937558861,-0.012599160055996261,0.0,0.012599160055996261,0.008099094807050955,0.0315257588517448,-0.0065727699530516714,0.07085020242914974,1.37,6,左侧观察,买一异常溢价(不作为可成交退出价),49,0,0
112,Glock-18 | Gamma Doppler (Factory New),649.48,2580.0,1665,103,0.0619,3.9724,steamdt-live,670.0,551,670.26,500,"溢价求购:买一高于卖一,多为定向收特定图案,买一价不可作退出价",7,0,15,2,4,10,6,5,0.007751937984496138,-0.0008000000000000229,-0.021986353297952954,0.0069457364341085626,0.015193328278999219,0.0069457364341085626,0.020392156862745092,-0.016684330052990082,-0.15376096105486714,0.37,9,左侧观察,买一异常溢价(不作为可成交退出价),49,0,0
113,Five-SeveN | Heat Treated (Factory New),109.77,107.0,736,37,0.0503,0.9748,steamdt-live,111.98,355,111.06,219,,3,12,12,2,6,8,6,0,-0.004527755139002054,-0.0014554716637861231,-0.02790492957746471,-0.005976636783482814,0.03371478873239431,0.0034738093061521536,0.03447972556953116,0.0679054382722053,-0.07053344623200675,0.3,11,左侧观察,,49,0,0
114,★ Hydra Gloves | Mangrove (Minimal Wear),217.0,231.0,126,17,0.1349,1.0645,steamdt-live,218.16,54,222.87,86,"溢价求购:买一高于卖一,多为定向收特定图案,买一价不可作退出价",11,0,7,5,4,10,6,5,0.017797241893402926,-0.0066831456559554026,-0.022096678664176195,0.010995154677599706,0.011344480386350164,0.013355748575698101,0.020316027088036148,-0.020316027088036148,-0.08392434988179664,0.3,5,左侧观察,买一异常溢价(不作为可成交退出价),48,0,0
115,★ Sport Gloves | Pandora's Box (Field-Tested),21549.0,28140.0,433,100,0.2309,1.3059,steamdt-live,21500.0,357,21900.0,82,"溢价求购:买一高于卖一,多为定向收特定图案,买一价不可作退出价",17,0,9,5,4,6,6,0,0.005188067444876765,-0.009216589861751112,-0.009724770642201785,-0.004076338706688887,0.018242425626155856,0.0,0.018242425626155856,-0.009148097794778431,-0.05282171020749815,0.37,7,左侧观察,买一异常溢价(不作为可成交退出价),47,0,0
116,MP9 | Hydra (Factory New),272.0,261.0,116,16,0.1379,0.9596,steamdt-live,280.0,66,276.46,81,,11,9,7,2,2,10,6,0,0.007723427730783383,-0.007299270072992692,-0.010913059294288874,0.00036778227289446797,0.010549290651145737,0.0018416206261511192,0.010909090909090868,-0.010909090909090868,-0.04561403508771933,0.19,6,左侧观察,,47,0,0
117,AWP | Chromatic Aberration (Factory New),444.5,433.0,275,25,0.0909,0.9741,steamdt-live,439.5,178,449.54,181,,7,12,9,2,4,9,4,0,-0.016759776536312887,-0.001136363636363602,0.018202502844141044,-0.01787709497206702,0.01787709497206702,0.010344827586206806,0.021158129175946505,0.00738058127807828,-0.059893048128342286,0.34,8,左侧观察,,47,0,0
118,AWP | Safari Mesh (Factory New),40.79,37.4,487,29,0.0595,0.9169,steamdt-live,44.54,113,41.67,163,,3,6,9,2,6,10,6,5,0.05445795339412385,-0.02017775642565467,-0.06732813607370658,0.033181357649442855,0.04091229720197509,0.033181357649442855,0.04203851573508688,0.05128865979381447,-0.2935573259438864,0.36,8,左侧观察,,47,0,0
119,Galil AR | Rocket Pop (Factory New),55.49,54.0,583,30,0.0515,0.9731,steamdt-live,56.3,267,56.73,262,,3,12,12,2,4,12,2,0,-0.006977992485238893,-0.00018018018018017834,-0.008691025186236323,-0.007156915369475714,0.01578573962398011,0.027592592592592613,0.021857923497267673,-0.017528328611897903,-0.18588615023474175,0.37,5,左侧观察,,47,0,0
120,M4A1-S | Boreal Forest (Factory New),70.33,64.0,555,23,0.0414,0.91,steamdt-live,69.95,107,72.59,113,,3,6,12,2,8,12,4,0,-0.02293706293706299,0.0010020040080160886,-0.028532608695652106,-0.021958041958041852,0.04986413043478244,0.015833817547937334,0.0787774996706625,-0.0787774996706625,-0.2888233499440658,0.18,19,左侧观察,,47,0,0
121,Five-SeveN | Hot Shot (Factory New),284.0,241.0,137,11,0.0803,0.8486,steamdt-live,263.89,71,276.96,76,,7,3,7,2,8,8,6,5,-0.00391404162432718,-0.002984849057316774,-0.03919725185319123,-0.006887207858191191,0.04577999566066404,0.0,0.05116680450181588,-0.008678011946354092,-0.24281205164992825,0.19,4,左侧观察,,46,0,0
122,AK-47 | Nightwish (Factory New),768.48,1120.0,659,46,0.0698,1.4574,steamdt-live,770.0,206,786.69,146,"溢价求购:买一高于卖一,多为定向收特定图案,买一价不可作退出价",7,0,12,2,4,10,6,5,-0.0013003901170350884,0.0006250000000000977,-0.015364916773367487,-0.0006762028608582327,0.016030729833546697,0.0038666527327830824,0.024771573604060904,-0.019795918367346954,0.09333029820168459,0.35,10,左侧观察,买一异常溢价(不作为可成交退出价),46,0,0
123,AK-47 | AUTOEXEC (Factory New),4547.99,4360.0,23,33,1.4348,0.9587,steamdt-live,4599.5,19,4651.8,32,,20,9,2,2,6,4,2,0,-0.018877986348122877,-0.011199043374279904,0.03146314631463154,-0.02986561433447099,0.031208861433592583,0.010664444444444365,0.031208861433592583,-0.005903825136612029,0.04551494252873556,0.35,6,左侧观察,,45,0,0
124,Desert Eagle | Night (Factory New),589.0,530.0,27,2,0.0741,0.8998,steamdt-live,766.0,25,565.5,65,,7,6,2,2,8,9,6,5,-0.0021332487085912177,-0.0008833922261484162,-0.039538742888106104,-0.003014756439414068,0.040712468193384255,0.0,0.0729052248471237,-0.0729052248471237,-0.17864923747276684,0.2,2,左侧观察,,45,0,0
125,M4A1-S | Blood Tiger (Factory New),115.99,114.0,786,39,0.0496,0.9828,steamdt-live,114.47,223,117.71,207,,3,12,12,2,6,6,4,0,-0.021366796676276056,-0.008230809218506385,-0.004305614183199746,-0.029421739867729335,0.03360067539046019,0.004122807017543861,0.037824661679415006,0.004210895692604577,-0.16003815673613153,0.37,6,左侧观察,,45,0,0
126,★ Sport Gloves | Frosty (Minimal Wear),2380.0,3180.0,41,22,0.5366,1.3361,steamdt-live,2540.0,46,2457.16,26,"溢价求购:买一高于卖一,多为定向收特定图案,买一价不可作退出价",20,0,4,5,6,5,4,0,-0.01659496004917027,-0.008333333333333304,0.001025430680885897,-0.024790002048760473,0.025389025389025432,0.0,0.040322580645161255,-0.040322580645161255,-0.02777777777777779,0.37,7,左侧观察,买一异常溢价(不作为可成交退出价),44,0,0
127,★ Specialist Gloves | Sunburst (Minimal Wear),2197.0,2760.0,55,25,0.4545,1.2563,steamdt-live,2175.0,51,2185.95,19,"溢价求购:买一高于卖一,多为定向收特定图案,买一价不可作退出价",20,0,4,5,2,7,6,0,-0.009090909090909038,-0.002293577981651418,0.009405827024546953,-0.011363636363636354,0.011363636363636354,0.00694444444444442,0.011363636363636354,0.011627906976744207,-0.021812457836743904,0.37,4,左侧观察,买一异常溢价(不作为可成交退出价),44,0,0
128,P250 | Dark Filigree (Factory New),55.6,51.0,102,8,0.0784,0.9173,steamdt-live,51.97,63,54.14,101,,7,6,7,2,8,10,4,0,-0.05006395030147992,-0.0003846893633391302,-0.004909090909090974,-0.050429380595651385,0.05509090909090908,0.006000774293457356,0.05509090909090908,-0.0354491462509281,-0.24996391975754084,0.31,8,左侧观察,,44,0,0
129,Five-SeveN | Retrobution (Factory New),70.48,65.0,504,34,0.0675,0.9222,steamdt-live,68.8,129,69.53,92,,7,6,12,2,4,7,6,0,-0.011461318051575908,-0.0028985507246377384,-0.013566986998304276,-0.014326647564469885,0.027699265121537753,0.0,0.027699265121537753,0.02686567164179099,-0.2172033223347366,0.3,4,左侧观察,,44,0,0
130,P250 | Mint Kimono (Factory New),89.8,88.0,185,12,0.0649,0.98,steamdt-live,89.66,96,91.99,84,,7,12,7,2,8,4,4,0,-0.02260738507912574,-0.0126665932371407,-0.026820324777370397,-0.03498761976531384,0.060869565217391286,0.0,0.060869565217391286,-0.04302337995089145,-0.26027397260273977,0.37,15,左侧观察,,44,0,0
131,AK-47 | Crane Flight (Factory New),315.0,380.0,226,48,0.2124,1.2063,steamdt-live,319.5,174,322.9,143,"溢价求购:买一高于卖一,多为定向收特定图案,买一价不可作退出价",17,0,7,2,4,6,4,3,0.005056890012642201,-0.009433962264150941,-0.012176084920387242,-0.004424778761061843,0.01654698719950054,0.004208110175975444,0.01869158878504673,-0.009433962264150941,-0.05513228148059268,0.36,12,左侧观察,买一异常溢价(不作为可成交退出价),43,0,0
132,★ Specialist Gloves | Field Agent (Field-Tested),766.0,1180.0,728,37,0.0508,1.5405,steamdt-live,769.4,584,792.5,173,"溢价求购:买一高于卖一,多为定向收特定图案,买一价不可作退出价",3,0,12,5,6,8,6,3,-0.00852713178294573,-0.0031274433150898506,-0.013861991642034499,-0.011627906976744207,0.02532871266945269,0.0,0.039548022598870025,-0.04015056461731492,-0.0355400345440563,0.06,12,左侧观察,买一异常溢价(不作为可成交退出价),43,0,0
133,MP9 | Ruby Poison Dart (Factory New),29.7,27.3,588,18,0.0306,0.9192,steamdt-live,30.0,250,30.14,257,,3,6,12,2,4,10,6,0,0.0,0.024137931034482696,-0.020270270270270285,0.024137931034482696,0.010000000000000009,0.02768166089965396,0.028459273797841078,-0.01980198019801982,-0.2918454935622318,0.37,8,左侧观察,,43,0,0
134,FAMAS | Waters of Nephthys (Factory New),987.27,1120.0,166,24,0.1446,1.1344,steamdt-live,1057.9,56,1004.23,60,"溢价求购:买一高于卖一,多为定向收特定图案,买一价不可作退出价",11,0,7,2,6,7,4,5,-0.006018054162487463,-0.005751765893037386,-0.03585796069936553,-0.011735205616850597,0.0471723657744082,0.0,0.0471723657744082,0.027971079510479946,-0.1883855024711697,0.37,9,左侧观察,买一异常溢价(不作为可成交退出价),42,0,0
135,FAMAS | Meltdown (Factory New),484.99,451.0,155,12,0.0774,0.9299,steamdt-live,519.65,41,487.41,89,,7,6,7,2,8,8,4,0,-0.031169346833432532,-0.006168032786885269,-0.006195248993765223,-0.03714512606710341,0.04307249121976242,0.0,0.06642925890279117,-0.027686447473937448,-0.2717867867867868,0.27,8,左侧观察,,42,0,0
136,USP-S | Royal Blue (Factory New),596.5,501.0,46,5,0.1087,0.8399,steamdt-live,625.1,39,614.9,44,,11,3,4,2,4,5,6,5,-0.004834139023170536,-0.0008375209380234727,-0.012510288065843644,-0.005667611268544759,0.018106995884773713,0.0006710283509478998,0.02913411458333326,-0.02913411458333326,-0.03478964401294493,0.14,4,左侧观察,,40,0,0
137,★ Hand Wraps | Constrictor (Field-Tested),256.0,285.0,491,26,0.053,1.1133,steamdt-live,267.23,303,260.0,228,"溢价求购:买一高于卖一,多为定向收特定图案,买一价不可作退出价",3,0,9,5,6,11,6,0,-0.011244668476153463,0.0039215686274509665,-0.008076923076923204,-0.007367196587824698,0.01538461538461533,0.02400000000000002,0.04406273338312172,-0.04406273338312172,-0.10801393728222997,0.34,13,左侧观察,买一异常溢价(不作为可成交退出价),40,0,0
138,Five-SeveN | Jungle (Factory New),387.5,218.0,10,3,0.3,0.5626,steamdt-live,370.0,5,368.5,7,,8,1,2,2,6,9,6,5,-0.0013531799729363803,-0.0013550135501354532,-0.03650586701434155,-0.0027063599458727605,0.039113428943937434,0.0,0.04657179818887447,-0.04657179818887447,-0.03521403325042538,0.37,2,左侧观察,,39,0,0
139,P250 | Forest Night (Factory New),84.7,74.0,140,6,0.0429,0.8737,steamdt-live,105.0,9,74.5,36,,3,3,7,2,10,5,4,5,-0.0054448871181937974,-0.01321938843637327,-0.040764331210191074,-0.0185922974767595,0.054987212276214836,0.0,0.16232146905463607,-0.16232146905463607,-0.21382978723404245,0.12,7,左侧观察,,39,0,0
140,AK-47 | First Class (Factory New),1983.45,1050.0,9,2,0.2222,0.5294,steamdt-live,1399.9,19,1360.21,16,,8,1,2,2,4,10,6,5,0.0,0.00022795793808372267,-0.010909884355225885,0.00022795793808372267,0.01068441341188453,0.003919108421285733,0.02835202514465318,-0.02835202514465318,0.047524066230265616,0.36,4,左侧观察,,38,0,0
141,Glock-18 | Brass (Factory New),775.64,498.0,60,5,0.0833,0.6421,steamdt-live,719.5,25,749.12,51,,7,1,4,2,8,10,6,0,-0.07191379110326246,-0.000694444444444442,-0.0010301446065492659,-0.07255829541499625,0.07351369448486333,0.0,0.07696057678738666,-0.05328947368421055,-0.20992236485225158,0.19,3,左侧观察,,38,0,0
142,P250 | Bone Mask (Factory New),440.0,10.0,1,2,2.0,0.0227,steamdt-live,0.0,0,218.87,1,,8,1,2,2,2,8,6,5,-0.002374561222382887,0.0,-0.01042092357989366,-0.002374561222382887,0.012770739681242316,0.0011396601740571999,0.012770739681242316,-0.005352547606793712,-0.2976450065416486,0.18,2,左侧观察,,34,0,0
143,AK-47 | Black Laminate (Factory New),1497.3,1160.0,13,2,0.1538,0.7747,steamdt-live,1498.5,16,1569.99,16,,8,1,2,2,10,5,0,0,-0.12823397075365583,-0.03400000000000003,0.0,-0.1578740157480315,0.1578740157480315,0.0,0.15811076750070285,-0.15811076750070285,-0.21173993156093707,0.36,4,左侧观察,,28,0,0
144,★ Hand Wraps | Badlands (Field-Tested),2828.0,2800.0,306,195,0.6373,0.9901,steamdt-live,2888.0,23,2888.0,63,,20,15,9,5,6,10,6,5,0.03152173913043477,-0.006673691605198484,-0.03140901912616245,0.02463768115942022,0.007196770229945582,0.024823337561152403,0.04103085791793826,0.03779816513761469,0.09718719689621724,0.36,7,回撤不明显,,76,0,0
145,Five-SeveN | Fairy Tale (Factory New),2058.0,1980.0,180,61,0.3389,0.9621,steamdt-live,2021.5,40,2069.99,62,,20,12,7,2,4,20,6,5,-0.023525523540546267,0.03666153846153852,-0.016266009852216712,0.012273533034882655,0.00025222551928782977,0.03666153846153852,0.023434782608695692,0.05285937499999993,0.4258940537490301,0.15,4,回撤不明显,,76,0,0
146,★ Hand Wraps | Spruce DDPAT (Field-Tested),2487.48,2470.0,300,141,0.47,0.993,steamdt-live,2516.19,24,2495.0,68,,20,15,9,5,4,10,6,5,0.01975308641975304,0.00382566585956412,-0.020161290322580627,0.023654320987654298,0.003569153858171137,0.023654320987654298,0.023935836263184296,0.02386499279687171,-0.0030140280561121724,0.32,6,回撤不明显,,74,0,0
147,★ Driver Gloves | Lunar Weave (Field-Tested),4549.5,4440.0,292,119,0.4075,0.9759,steamdt-live,4555.0,21,4560.64,80,,20,12,9,5,6,10,6,5,0.012373453318335281,0.010999999999999899,-0.012222222222222245,0.023509561304836835,0.0,0.04107551487414196,0.037753807106599035,0.005441028270362969,-0.24801652892561987,0.37,6,回撤不明显,,73,0,0
148,★ Driver Gloves | Diamondback (Field-Tested),2848.89,2810.0,320,120,0.375,0.9863,steamdt-live,2880.0,22,2900.0,56,,20,12,9,5,6,10,6,5,0.010714285714285676,0.006674911660777383,-0.017157619836567384,0.017460714285714163,0.0,0.017460714285714163,0.049894947473736906,0.017460714285714163,-0.1715934864786276,0.37,5,回撤不明显,,73,0,0
149,★ Moto Gloves | Cool Mint (Field-Tested),6618.5,6500.0,319,115,0.3605,0.9821,steamdt-live,6750.0,45,6722.98,89,,20,12,9,5,6,10,6,5,0.015625,0.018230769230769273,-0.03469079939668174,0.034140625000000036,0.0017345399698340813,0.034140625000000036,0.04214365312531654,7.555152614080463e-05,-0.1673795445968046,0.37,3,回撤不明显,,73,0,0
150,AWP | Black Nile (Factory New),102.2,99.0,1053,49,0.0465,0.9687,steamdt-live,104.89,247,103.3,382,,3,12,15,2,10,20,6,5,-0.021047479197259022,0.02200000000000002,-0.05320233571229949,0.0004894762604013003,0.0527389007322272,0.02200000000000002,0.11896551724137927,0.06702860722489046,-0.3730061349693251,0.36,11,长期阴跌,,73,0,0
151,★ Driver Gloves | Convoy (Field-Tested),3330.0,3270.0,175,131,0.7486,0.982,steamdt-live,3400.24,19,3366.74,40,,20,12,7,5,6,10,6,5,0.020188010479272656,0.0060422960725075026,-0.016818181818181843,0.026352288488210807,0.005818796294361217,0.02857142857142847,0.034782608695652195,0.04062499999999991,-0.12273306848477827,0.37,10,回撤不明显,,71,0,0
152,M4A4 | Poseidon (Factory New),9499.5,9410.0,200,24,0.12,0.9906,steamdt-live,9598.5,111,9591.0,75,,11,15,7,2,4,20,6,5,-0.005322866820796857,0.026972972972973075,-0.010586232577933785,0.021506532609280038,5.2631578947415214e-05,0.026972972972973075,0.028680981595092025,-0.0052358762238861045,-0.17320161886940255,0.37,3,回撤不明显,,70,0,0
153,★ Hand Wraps | Slaughter (Field-Tested),3370.0,3290.0,274,121,0.4416,0.9763,steamdt-live,3399.5,43,3400.65,86,,20,12,9,5,2,10,6,5,0.004843619831588208,0.03863922850987622,-0.017199817379394355,0.04367000207495231,0.0,0.04431360396653239,0.013899049012435993,0.05345420443888704,-0.0792349726775956,0.37,4,回撤不明显,,69,0,0
154,★ Moto Gloves | Boom! (Field-Tested),3329.8,3280.0,247,93,0.3765,0.985,steamdt-live,3468.0,27,3293.3,60,,20,12,7,5,4,10,6,5,0.003451521807342317,0.02979987492182623,-0.022392638036809798,0.03335425164731731,0.0,0.035628930817610094,0.027630149281934968,0.02022924411400262,-0.09509312025674699,0.32,6,回撤不明显,,69,0,0
155,★ Hand Wraps | Badlands (Minimal Wear),2994.5,2900.0,143,45,0.3147,0.9684,steamdt-live,3070.0,19,3050.0,51,,20,12,7,5,4,10,6,5,0.008704663212435237,0.02390247243339494,-0.031124497991967925,0.032815198618307395,0.0031671945324220907,0.03460207612456756,0.015475798485347414,0.06028368794326244,0.01717979248171453,0.09,11,回撤不明显,,69,0,0
156,★ Bloodhound Gloves | Snakebite (Minimal Wear),1304.98,1240.0,142,32,0.2254,0.9502,steamdt-live,1455.0,15,1311.15,56,,17,9,7,5,2,20,6,3,-0.021072978303747547,0.051733169996534434,-0.03130397566605014,0.02957001972386597,0.002659615120064851,0.05383950707011986,0.007242297451502511,-0.00535060975609758,-0.07415395530329905,0.37,18,回撤不明显,,69,0,0
157,AK-47 | Aquamarine Revenge (Factory New),1318.0,1300.0,359,110,0.3064,0.9863,steamdt-live,1327.38,117,1331.91,89,,20,12,9,2,4,10,6,5,0.011820330969267046,0.026479750778816147,-0.02384615384615385,0.0386130811662726,0.007440431364279965,0.0386130811662726,0.025652398905891993,0.15817223198594021,0.21838485431149235,0.35,10,回撤不明显,,68,0,0
158,M4A1-S | Player Two (Factory New),1040.0,1030.0,451,101,0.2239,0.9904,steamdt-live,1048.0,127,1060.0,136,,17,15,9,2,4,10,6,5,0.026018654884634174,-0.004784688995215336,-0.0082765335929893,0.021109474717722065,0.008106819265617515,0.022615535889872085,0.028037383177570097,0.0884467655339145,0.07216494845360821,0.34,7,回撤不明显,,68,0,0
159,M4A4 | Spider Lily (Factory New),427.5,420.0,779,77,0.0988,0.9825,steamdt-live,437.99,169,437.31,142,,7,12,12,2,4,20,6,5,-0.014285714285714235,0.032608695652173836,-0.020979020979020935,0.017857142857142794,0.0034965034965035446,0.03265858254021925,0.022477305467267228,0.056860321384425205,-0.06262333903433759,0.37,7,回撤不明显,,68,0,0
160,M4A4 | Red DDPAT (Factory New),765.0,743.0,171,38,0.2222,0.9712,steamdt-live,760.0,28,754.29,68,,17,12,7,2,8,10,6,5,0.039671682626539084,-0.007513157894736944,-0.06041131105398456,0.031860465116279046,0.030475578406169768,0.031860465116279046,0.05595744680851067,-0.04496074955684981,-0.3044813278008299,0.37,14,长期阴跌,,67,0,0
161,★ Moto Gloves | Eclipse (Minimal Wear),3560.0,3420.0,133,42,0.3158,0.9607,steamdt-live,3751.34,18,3594.17,39,,20,12,7,5,4,10,3,5,2.9463846387134396e-06,0.048909840895698276,-0.015949550594375195,0.04891293138754094,0.0,0.0635755258126196,0.021709260785930162,0.06874812368658056,-0.09987357774968397,0.37,5,回撤不明显,,66,0,0
162,★ Hydra Gloves | Case Hardened (Minimal Wear),546.5,547.0,119,23,0.1933,1.0009,steamdt-live,569.5,116,566.0,70,,14,15,7,5,6,10,6,3,0.020522388059701413,-0.000914076782449702,-0.026339691189827374,0.019589552238805874,0.006363636363636349,0.019589552238805874,0.030856534846604,-0.030856534846604,-0.0462478184991274,0.34,8,回撤不明显,,66,0,0
163,★ Hydra Gloves | Mangrove (Field-Tested),176.5,176.0,120,19,0.1583,0.9972,steamdt-live,179.0,112,177.44,321,,14,15,7,5,4,10,6,5,-0.006239364719228702,0.007420091324201072,0.013218390804597746,0.0011344299489506326,0.0028248587570621764,0.026162790697674465,0.018353726362625222,-0.003950338600451353,-0.04851752021563338,0.28,9,回撤不明显,,66,0,0
164,★ Bloodhound Gloves | Charred (Field-Tested),1630.0,1580.0,234,72,0.3077,0.9693,steamdt-live,1600.0,17,1618.18,62,,20,12,7,5,0,10,6,5,0.018078431372549053,0.027181798338533403,-0.01226597805035512,0.045751633986928164,0.0,0.053359228414365134,0.0,0.1038289065194895,-0.0334720703632333,0.37,10,回撤不明显,,65,0,0
165,AWP | Hyper Beast (Factory New),1069.5,1050.0,362,76,0.2099,0.9818,steamdt-live,1099.0,80,1080.61,82,,17,12,9,2,4,10,6,5,0.02501226091221187,0.023444976076554935,-0.03547776726584673,0.04904364884747414,0.009263547938860639,0.05369458128078808,0.02684258416742491,0.17078457344907982,0.07392456922520796,0.34,11,回撤不明显,,65,0,0
166,M4A4 | The Battlestar (Factory New),590.0,586.0,665,62,0.0932,0.9932,steamdt-live,603.99,86,599.9,195,,7,15,12,2,8,10,6,5,-0.001105354058721919,0.02012587315858627,-0.022141156204083745,0.01899827288428324,0.00421940928270037,0.02012587315858627,0.055244195356285,0.0535714285714286,-0.09370199692780334,0.33,6,回撤不明显,,65,0,0
167,AWP | Printstream (Factory New),1093.0,1080.0,432,158,0.3657,0.9881,steamdt-live,1097.9,331,1099.0,158,,20,12,9,2,0,10,6,5,0.0004675081813931836,0.021495327102803774,-0.013330873195258164,0.021972884525479186,0.0017170831506649886,0.02292934019653714,0.0022365238030033208,0.016744186046511622,0.0032124827902708653,0.36,7,回撤不明显,,64,0,0
168,★ Hydra Gloves | Emerald (Minimal Wear),293.0,306.0,82,17,0.2073,1.0444,steamdt-live,289.0,62,293.2,60,,17,15,4,5,2,10,6,5,0.05452693608817416,-0.0031045187995859536,-0.03302849103060146,0.05125313739041859,0.0034482758620689724,0.05509108831367948,0.00857632933104635,-0.00857632933104635,-0.0034482758620689724,0.37,9,回撤不明显,,64,0,0
169,★ Bloodhound Gloves | Bronzed (Minimal Wear),1481.53,1440.0,134,27,0.2015,0.972,steamdt-live,1530.0,19,1497.92,53,,17,12,7,5,2,10,6,5,0.0,0.02350949913644218,-0.030462564803279357,0.02350949913644218,0.007669225307773697,0.02350949913644218,0.010664440734557634,0.01128327645051197,-0.1436242774566474,0.37,2,回撤不明显,,64,0,0
170,Glock-18 | Bullet Queen (Factory New),773.99,759.0,456,73,0.1601,0.9806,steamdt-live,790.0,86,789.5,117,,14,12,9,2,6,10,6,5,0.01324432576769019,0.01985716544563343,-0.03229974160206717,0.03336448598130848,1.2919896640761763e-05,0.03336448598130848,0.04477519839065991,0.051616847826087,-0.053801955990220085,0.29,7,回撤不明显,,64,0,0
171,AWP | Atheris (Factory New),200.0,195.0,561,50,0.0891,0.975,steamdt-live,196.8,301,205.93,247,,7,12,12,2,10,10,6,5,0.025089974293059036,-0.012940114354498822,-0.06924438914676745,0.011825192802056517,0.015999999999999903,0.014432989690721598,0.11299409564159191,0.0277299075669748,-0.304519913771778,0.32,7,长期阴跌,,64,0,0
172,★ Hand Wraps | Leather (Minimal Wear),4057.99,3970.0,192,38,0.1979,0.9783,steamdt-live,4118.86,30,4078.28,36,,14,12,7,5,4,10,6,5,-0.009045821231866147,0.0019728395061728854,-0.0026915568570035076,-0.007090827679185341,0.009763299170327033,0.014497500000000052,0.029188995215311042,0.006196379866104662,-0.09196912060863738,0.19,2,回撤不明显,,63,0,0
173,★ Driver Gloves | Diamondback (Minimal Wear),3030.0,2910.0,182,28,0.1538,0.9604,steamdt-live,3060.0,23,3061.74,43,,14,12,7,5,4,10,6,5,0.01322033898305075,0.013716962194713966,-0.025920422651477648,0.027118644067796627,0.0026333113890717463,0.030612244897959107,0.028846153846153855,-0.031175059952038398,-0.15598885793871864,0.31,5,回撤不明显,,63,0,0
174,M4A4 | Buzz Kill (Factory New),3170.0,3120.0,999,85,0.0851,0.9842,steamdt-live,3240.0,148,3213.0,136,,7,12,15,2,6,10,6,5,0.015161290322580623,0.007308547823323908,-0.015873015873015928,0.022580645161290214,0.0014175460702472442,0.025889967637540368,0.0352983423564891,0.01602564102564097,-0.0942857142857143,0.37,7,回撤不明显,,63,0,0
175,USP-S | Cyrex (Factory New),235.72,234.0,3070,177,0.0577,0.9927,steamdt-live,236.48,437,235.3,554,,3,15,15,2,10,10,3,5,0.003916449086161844,0.016948417858690945,-0.02212765957446805,0.02093124456048745,0.0037791932059447753,0.06640909090909086,0.08355468749999995,0.02008782990564817,-0.3099705882352941,0.37,16,长期阴跌,,63,0,0
176,AWP | Phobos (Factory New),38.8,37.8,1297,47,0.0362,0.9742,steamdt-live,36.62,374,39.77,527,,3,12,15,2,10,10,6,5,-0.0005442176870749105,-0.0029948271167982154,-0.07640110580547876,-0.003537414965986474,0.07966825835637104,0.0027382256297916463,0.11545893719806766,0.07705882352941162,-0.3064393939393939,0.36,7,长期阴跌,,63,0,0
177,AWP | Acheron (Factory New),61.88,61.0,2658,70,0.0263,0.9858,steamdt-live,59.79,588,59.48,436,,3,12,15,2,10,10,6,5,0.012565800645270908,-0.0025155123260104384,-0.05760921747479597,0.010018678892850907,0.04816770683309335,0.025694085187101035,0.08068006182380227,0.06442376521116677,-0.32038391224862894,0.32,9,长期阴跌,,63,0,0
178,AK-47 | Frontside Misty (Factory New),793.99,781.0,391,77,0.1969,0.9836,steamdt-live,820.2,96,792.49,167,,14,12,9,2,4,10,6,5,0.011703511053315907,0.018624678663239136,-0.02658227848101269,0.03054616384915465,0.006904761904761858,0.03447420634920628,0.028692241696286258,0.0782176870748299,-0.062142011834319555,0.36,20,回撤不明显,,62,0,0
179,M4A4 | Global Offensive (Factory New),330.5,322.0,334,53,0.1587,0.9743,steamdt-live,335.0,85,327.72,121,,14,12,9,2,4,10,6,5,0.021230283911672032,0.01232508571958113,-0.039393939393939426,0.033817034700315496,0.0038905775075986915,0.03545023696682481,0.017861424118916225,0.05376205787781352,-0.13757894736842102,0.25,7,回撤不明显,,62,0,0
180,M4A4 | Desolate Space (Factory New),526.5,521.0,664,93,0.1401,0.9896,steamdt-live,525.5,158,540.0,183,,11,12,12,2,4,10,6,5,0.009708737864077666,0.01057692307692304,-0.01904761904761909,0.020388349514563142,0.0009505703422053591,0.02237354085603105,0.02504638218923938,0.050999999999999934,-0.042805100182149336,0.35,11,回撤不明显,,62,0,0
181,USP-S | Monster Mashup (Factory New),519.5,504.0,568,57,0.1004,0.9702,steamdt-live,524.5,129,519.9,171,,11,12,12,2,4,10,6,5,-0.0009813542688911214,0.02062868369351678,-0.02019230769230773,0.01962708537782132,0.009532888465204947,0.02566633761105619,0.028917509393050156,0.046324269889224556,-0.09652173913043482,0.34,8,回撤不明显,,62,0,0
182,M4A4 | Royal Paladin (Factory New),1394.5,1360.0,315,82,0.2603,0.9753,steamdt-live,1397.5,84,1400.6,68,,17,12,9,2,0,10,6,5,0.021481481481481435,0.01116751269035543,-0.0357142857142857,0.03288888888888897,0.002303916658318972,0.03288888888888897,0.0039999999999998925,0.12452519778385307,-0.01106382978723397,0.12,8,回撤不明显,,61,0,0
183,★ Bloodhound Gloves | Guerrilla (Field-Tested),1197.0,1170.0,216,53,0.2454,0.9774,steamdt-live,1340.0,23,1229.0,58,,17,12,7,5,4,10,6,0,-0.016687526074259496,0.015697921086126332,0.016108520559559025,-0.0012515644555695093,0.0012515644555695093,0.018723404255319043,0.02682926829268295,0.02439901068900885,-0.0720930232558139,0.37,7,回撤不明显,,61,0,0
184,Desert Eagle | Kumicho Dragon (Factory New),460.0,443.0,459,62,0.1351,0.963,steamdt-live,477.5,104,463.5,143,,11,12,9,2,6,10,6,5,-0.0011037771253228357,0.01659705186854965,-0.013093681917211275,0.01547495529702636,0.0,0.022222222222222143,0.03155855912756056,0.08235294117647052,-0.13109180204004534,0.32,5,回撤不明显,,61,0,0
185,Galil AR | Cerberus (Factory New),1083.5,1050.0,270,30,0.1111,0.9691,steamdt-live,1119.0,63,1095.63,94,,11,12,9,2,6,10,6,5,0.009315323707498768,0.0,-0.022313296903460844,0.009315323707498768,0.008691674290942308,0.011671335200746924,0.035173642030276064,0.03190476190476188,-0.13319306554452437,0.35,6,回撤不明显,,61,0,0
186,M4A4 | X-Ray (Factory New),917.5,903.0,1073,80,0.0746,0.9842,steamdt-live,940.0,233,920.99,226,,7,12,15,2,4,10,6,5,0.016853932584269593,0.013812154696132506,-0.03207212693993411,0.030898876404494402,0.0027173913043477826,0.030898876404494402,0.02652519893899208,0.02571268865287868,-0.08524426719840483,0.27,10,回撤不明显,,61,0,0
187,M4A1-S | Decimator (Factory New),299.38,291.0,1101,78,0.0708,0.972,steamdt-live,291.0,319,299.15,331,,7,12,15,2,4,10,6,5,0.00027652955409607216,0.005598175409496253,-0.017323369565217295,0.0058762530245419775,0.009867301803334394,0.00870047488647785,0.023489932885906062,0.043010752688172005,-0.07619047619047614,0.35,9,回撤不明显,,61,0,0
188,Desert Eagle | Code Red (Factory New),1158.0,1110.0,248,74,0.2984,0.9585,steamdt-live,1179.49,64,1132.16,94,,17,9,7,2,6,10,6,3,0.004465753424657715,0.029339297566120193,-0.02188476998660116,0.03393607305936075,0.0,0.04829629629629628,0.032341880341880236,0.12095049504950506,0.09573767953234502,0.36,10,回撤不明显,,60,0,0
189,M4A1-S | Hyper Beast (Factory New),1911.49,1880.0,229,66,0.2882,0.9835,steamdt-live,1945.0,52,1966.91,78,,17,12,7,2,6,10,6,0,0.021310602024507297,-0.0028742827334377052,-0.01210526315789473,0.018375066595631262,0.004172961708778344,0.022460550949451763,0.033624873609706785,0.07750281848928964,0.03156502968159747,0.37,9,回撤不明显,,60,0,0
190,★ Bloodhound Gloves | Charred (Minimal Wear),1619.5,1550.0,112,20,0.1786,0.9571,steamdt-live,1698.24,17,1648.98,37,,14,9,7,5,4,10,6,5,0.028253968253968198,0.0,-0.03344584228290892,0.028253968253968198,0.006136851795029097,0.028253968253968198,0.018484848484848437,0.012250765672854547,-0.10918591859185922,0.35,3,回撤不明显,,60,0,0
191,M4A4 | Cyber Security (Factory New),976.0,960.0,375,65,0.1733,0.9836,steamdt-live,1020.0,63,972.88,124,,14,12,9,2,2,10,6,5,0.012060828526481382,0.008165803108808323,-0.020544427324088343,0.020325117986365937,0.0006368772470467521,0.024192020212653986,0.011300813008130128,0.06326845102132261,-0.024681704260651638,0.37,10,回撤不明显,,60,0,0
192,AK-47 | B the Monster (Factory New),2309.0,2270.0,508,61,0.1201,0.9831,steamdt-live,2300.0,279,2303.0,164,,11,12,12,2,6,10,4,3,-0.0035010940919036893,0.010101010101010166,-0.015086206896551713,0.006564551422319376,0.008620689655172376,0.015860676916553684,0.03137502632133082,-0.0034662045060658286,-0.0980392156862745,0.36,10,回撤不明显,,60,0,0
193,FAMAS | Mecha Industries (Factory New),712.0,705.0,1270,133,0.1047,0.9902,steamdt-live,730.0,166,726.55,188,,11,15,15,2,8,0,6,3,0.012251515578739713,-0.008342734578476008,0.007528409090909127,0.00380656985760619,0.017931034482758568,0.053254437869822535,0.05066666666666664,0.08290620389663728,-0.1711292200232829,0.3,14,可能加速下跌,,60,0,0
194,Desert Eagle | Midnight Storm (Factory New),599.0,590.0,767,66,0.086,0.985,steamdt-live,610.56,149,599.2,139,,7,12,12,2,6,10,6,5,0.006887192536047415,0.00916503807534208,-0.015859766277128595,0.016115351993214677,0.00033377837116166376,0.016115351993214677,0.04617834394904463,0.0,-0.2354818123803446,0.3,8,回撤不明显,,60,0,0
195,Galil AR | Amber Fade (Factory New),116.99,112.0,512,38,0.0742,0.9573,steamdt-live,115.49,132,116.54,184,,7,9,12,2,6,12,6,5,-0.01709547824600388,0.004348204191668925,-0.015235690235690269,-0.012821608684502994,0.02786195286195292,0.022035398230088488,0.03758333333333341,-0.029495798319327804,-0.4077435897435898,0.31,8,长期阴跌,,59,0,0
196,Desert Eagle | Sputnik (Factory New),59.9,59.0,2001,96,0.048,0.985,steamdt-live,60.9,497,62.0,498,,3,12,15,2,6,10,6,5,-0.001695202576707966,0.017150619799626288,-0.01519198664440724,0.015426343448041946,0.0016666666666667052,0.017150619799626288,0.049206349206349254,0.03651150718117324,-0.306712962962963,0.31,4,长期阴跌,,59,0,0
197,M4A1-S | Fizzy POP (Factory New),80.3,79.0,2583,73,0.0283,0.9838,steamdt-live,80.0,446,79.49,411,,3,12,15,2,6,10,6,5,0.006386511687316299,0.00888437618987159,-0.027211729622266367,0.015327628049559117,0.01230119284294251,0.04331277070481687,0.035315533980582625,0.03922081317819326,-0.33752812734394533,0.37,5,长期阴跌,,59,0,0
198,P250 | Inferno (Factory New),51.45,48.0,1051,22,0.0209,0.9329,steamdt-live,48.72,105,48.54,131,,3,9,15,2,4,14,6,5,-0.005525992632009702,-0.0010290183165261313,-0.017494470138749163,-0.006549324600900519,0.022946859903381633,0.0,0.024125452352231624,0.05544683626875391,-0.32770083102493075,0.34,6,长期阴跌,,58,0,0
199,★ Moto Gloves | Spearmint (Field-Tested),11829.99,14140.0,396,128,0.3232,1.1953,steamdt-live,11888.0,191,11889.14,88,"溢价求购:买一高于卖一,多为定向收特定图案,买一价不可作退出价",20,0,9,5,2,10,6,5,0.014069645955321786,0.0064658894554103785,-0.0259739495798319,0.0206265081861563,0.005883193277310905,0.0206265081861563,0.013180680680680679,0.024285899822503065,-0.13649708029197083,0.37,5,回撤不明显,买一异常溢价(不作为可成交退出价),57,0,0
200,AK-47 | Neon Rider (Factory New),1568.0,1550.0,457,114,0.2495,0.9885,steamdt-live,1598.0,178,1588.08,119,,17,12,9,2,6,0,6,5,0.013192628961295805,-0.013209648896468806,0.01180645161290328,-0.00019128993177319753,0.013209648896468806,0.02517162471395884,0.037918763038409575,0.045333333333333226,0.15336520779698426,0.36,12,可能加速下跌,,57,0,0
201,M4A4 | The Coalition (Factory New),7679.48,7330.0,299,46,0.1538,0.9545,steamdt-live,7777.0,39,7717.88,63,,14,9,9,2,2,10,6,5,0.006780821917808266,0.04483298183549911,-0.013513513513513487,0.05191780821917802,0.0027272727272726893,0.05924546520449692,0.012601260126012592,0.04192672998643143,-0.14201117318435752,0.12,7,回撤不明显,,57,0,0
202,Desert Eagle | Golden Koi (Factory New),1438.99,1400.0,490,60,0.1224,0.9729,steamdt-live,1448.44,166,1446.18,134,,11,12,9,2,4,10,6,3,0.00739697076435375,0.006286713286713264,-0.01934369602763386,0.013730186685452672,0.005191842378154177,0.013730186685452672,0.01775426621160414,0.050212014392164495,-0.01975490296255422,0.34,14,回撤不明显,,57,0,0
203,Galil AR | Sugar Rush (Factory New),949.97,924.0,309,31,0.1003,0.9727,steamdt-live,964.24,68,951.22,96,,11,12,9,2,2,10,6,5,0.02217414818820984,0.005259259259259297,-0.0300480517027929,0.02755002704164422,0.003325849298109418,0.02755002704164422,0.009932256383533011,-0.009932256383533011,-0.14762673844773444,0.37,5,回撤不明显,,57,0,0
204,P250 | Black & Tan (Factory New),58.0,54.0,80,7,0.0875,0.931,steamdt-live,58.67,55,58.57,53,,7,9,4,2,4,20,6,5,-0.0066071428571428115,0.04260291209778888,-0.04142416980486141,0.03571428571428581,0.008377500427423579,0.043353121064939604,0.024554322233434234,-0.024554322233434234,-0.150805270863836,0.3,8,回撤不明显,,57,0,0
205,Five-SeveN | Berries And Cherries (Factory New),596.89,583.0,281,19,0.0676,0.9767,steamdt-live,599.98,124,604.39,125,,7,12,9,2,6,10,6,5,0.021993185689948902,-0.005034088446600249,-0.021666666666666612,0.016848381601362927,0.005183333333333318,0.018861805271063625,0.033360864143548885,-0.03337651821862353,-0.14239942528735638,0.36,8,回撤不明显,,57,0,0
206,P250 | Wingshot (Factory New),39.34,38.4,223,14,0.0628,0.9761,steamdt-live,47.81,110,41.53,127,,7,12,7,2,8,10,6,5,0.010211896859841696,-0.005812484205205859,-0.020260130065032356,0.00434005616543276,0.016008004002000864,0.00434005616543276,0.06777251184834121,-0.06777251184834121,-0.4019458802067497,0.18,5,长期阴跌,,57,0,0
207,Glock-18 | Sacrifice (Factory New),49.0,47.5,470,27,0.0574,0.9694,steamdt-live,52.77,112,47.8,153,,3,12,9,2,10,10,6,5,-0.002136752136752018,0.023554603854389677,-0.05070993914807298,0.02136752136752129,0.030425963488843855,0.023554603854389677,0.09280698424748535,-0.09108195474424807,-0.30624092888243837,0.37,2,长期阴跌,,57,0,0
208,Tec-9 | Ossified (Factory New),74.87,70.0,566,29,0.0512,0.935,steamdt-live,79.54,60,75.94,169,,3,9,12,2,10,10,6,5,0.04865013019048914,-0.02339257710402498,-0.06448717948717952,0.024119501164862278,0.04192307692307684,0.024119501164862278,0.17870095614902726,0.05253521126760563,-0.40215999999999996,0.37,18,长期阴跌,,57,0,0
209,AK-47 | Inheritance (Factory New),712.0,708.0,838,42,0.0501,0.9944,steamdt-live,715.0,700,715.97,232,,3,15,12,2,4,10,6,5,-0.0014606741573033322,0.0014628108473049295,-0.00835654596100277,0.0,0.00835654596100277,0.0099290780141843,0.024657534246575352,-0.017931034482758568,-0.08423259463144217,0.36,12,回撤不明显,,57,0,0
210,AK-47 | Consequence of the Jinn (Factory New),3648.0,3490.0,24,26,1.0833,0.9567,steamdt-live,3787.0,24,3648.5,34,,20,9,2,2,2,10,6,5,0.0022274815536684756,0.013474093624114447,-0.016027397260274023,0.015731588472782887,0.0005479452054794054,0.015731588472782887,0.014048724587700456,-0.01803235001978465,-0.08376240110511113,0.35,2,回撤不明显,,56,0,0
211,Tec-9 | Decimator (Factory New),835.0,817.0,187,74,0.3957,0.9784,steamdt-live,850.0,42,880.0,43,,20,12,7,2,4,0,6,5,-0.0012195121951219523,0.019536019536019467,0.0,0.018292682926829285,0.0,0.055625790139064435,0.017011007122255672,0.07051282051282048,0.4649122807017543,0.32,11,回撤不明显,,56,0,0
212,★ Driver Gloves | Brocade Flowers (Field-Tested),815.0,1870.0,77,28,0.3636,2.2945,steamdt-live,814.5,89,865.0,88,"溢价求购:买一高于卖一,多为定向收特定图案,买一价不可作退出价",20,0,4,5,6,10,6,5,0.0031152647975076775,0.011801242236024745,-0.0092592592592593,0.01495327102803734,0.0,0.019399249061326618,0.04063604240282681,-0.04063604240282681,-0.08994413407821233,0.37,14,回撤不明显,买一异常溢价(不作为可成交退出价),56,0,0
213,★ Moto Gloves | Boom! (Minimal Wear),3359.5,3250.0,156,32,0.2051,0.9674,steamdt-live,3494.4,24,3358.5,56,,17,12,7,5,6,0,6,3,-0.0029638411381149865,-0.0016349583828775271,-0.007355104442483107,-0.004593953764078229,0.01191526919682262,0.0,0.03685116145683964,0.021323569660440578,-0.11606790367153574,0.35,4,暂未减速,,56,0,0
214,★ Specialist Gloves | Emerald Web (Minimal Wear),9598.5,13200.0,198,40,0.202,1.3752,steamdt-live,9923.64,100,9798.99,70,"溢价求购:买一高于卖一,多为定向收特定图案,买一价不可作退出价",17,0,7,5,6,10,6,5,-0.0052358762238861045,0.010421601136902048,0.005210526315789554,0.005131158699408278,0.00015624999999996891,0.010474786819665294,0.03513268998793728,-0.035181183092928614,-0.19995832465096897,0.3,2,回撤不明显,买一异常溢价(不作为可成交退出价),56,0,0
215,USP-S | Orange Anolis (Factory New),438.0,429.0,248,42,0.1694,0.9795,steamdt-live,439.99,65,434.52,100,,14,12,7,2,0,10,6,5,0.03088967971530243,0.0,-0.02430555555555558,0.03088967971530243,0.0,0.034571428571428475,0.0,0.04451923076923081,-0.3314048315125404,0.32,5,长期阴跌,,56,0,0
216,Glock-18 | Red Tire (Factory New),71.94,71.0,300,27,0.09,0.9869,steamdt-live,73.0,68,72.41,103,,7,12,9,2,10,7,4,5,-0.0013715539706486979,-0.011948908117016988,-0.051762257770841535,-0.013304073515292836,0.06437768240343356,0.0,0.09928634030299244,-0.04080000000000006,-0.4786956521739131,1.37,12,长期阴跌,,56,0,0
217,Glock-18 | Wasteland Rebel (Factory New),777.99,771.0,463,41,0.0886,0.991,steamdt-live,810.0,90,783.0,157,,7,15,9,2,2,10,6,5,-0.001955671447196883,0.016316133246244258,-0.01525267050123258,0.014328552803129169,0.006398467432950139,0.016316133246244258,0.006398467432950139,0.018311518324607423,-0.02568566061365063,0.29,7,回撤不明显,,56,0,0
218,Desert Eagle | Cobalt Disruption (Factory New),638.59,631.0,612,48,0.0784,0.9881,steamdt-live,640.0,268,651.5,209,,7,12,12,2,2,10,6,5,0.020733652312599604,-0.0022031249999999725,-0.011820330969267157,0.01848484848484855,0.0022031249999999725,0.01848484848484855,0.014521604938271593,-0.00993798449612393,-0.1370405405405405,0.36,11,回撤不明显,,56,0,0
219,USP-S | Purple DDPAT (Factory New),174.1,174.0,1085,73,0.0673,0.9994,steamdt-live,175.78,220,176.88,286,,7,15,15,2,8,0,6,3,-0.006480808983742037,-0.020975088567733335,-0.0028412256267409397,-0.027319962009050847,0.032777777777777795,0.0006322202425426138,0.06478298238074776,-0.01638418079096049,-0.34395960509458134,0.37,14,长期阴跌,,56,0,0
220,M4A1-S | Nitro (Factory New),78.0,74.0,1304,49,0.0376,0.9487,steamdt-live,76.9,437,76.6,340,,3,9,15,2,6,10,6,5,0.0,0.0,-0.04607721046077218,0.0,0.02420382165605106,0.021333333333333204,0.047263681592039974,0.009222661396574239,-0.3086642599277979,0.26,5,长期阴跌,,56,0,0
221,★ Hand Wraps | Leather (Field-Tested),4010.0,3940.0,314,82,0.2611,0.9825,steamdt-live,4049.5,26,4168.73,56,,17,12,9,5,6,0,6,0,0.0,0.029011553273427415,0.011688311688311748,0.029011553273427415,0.007920792079207928,0.04130943102104445,0.03827234553089387,0.014940491263611078,-0.07222222222222219,0.37,5,回撤不明显,,55,0,0
222,Desert Eagle | Night Heist (Factory New),578.5,576.0,773,70,0.0906,0.9957,steamdt-live,619.5,133,599.0,149,,7,15,12,2,8,0,6,5,-0.00159583694709442,0.005073143611661113,-0.0008665511265164572,0.003469210754553309,0.027731092436974802,0.014912280701754321,0.06139468475192267,0.003190788332813055,-0.28824528162602425,0.27,14,暂未减速,,55,0,0
223,Glock-18 | Dragon Tattoo (Factory New),547.5,527.0,351,27,0.0769,0.9626,steamdt-live,550.0,237,559.99,241,,7,12,9,2,4,10,6,5,-0.00016697588126168839,0.015939581748343867,-0.014625228519195566,0.01576994434137302,0.0,0.017828261233291842,0.020572450805008913,0.0047530784900260414,-0.14453125,0.34,3,回撤不明显,,55,0,0
224,★ Hand Wraps | Overprint (Field-Tested),667.0,669.0,799,33,0.0413,1.003,steamdt-live,660.0,741,658.84,265,,3,15,12,5,4,10,6,0,-0.026332089495868072,0.022249806051202636,0.027857575428189785,-0.004668167328871542,0.004683203915762824,0.022249806051202636,0.021040118870727986,-0.019583333333333286,-0.04430067596971188,0.35,9,回撤不明显,,55,0,0
225,Galil AR | Rainbow Spoon (Factory New),172.0,170.0,931,30,0.0322,0.9884,steamdt-live,178.0,394,173.64,590,,3,12,15,2,2,10,6,5,0.0127774833657186,0.0,-0.012616279069767367,0.0127774833657186,0.005780346820809301,0.0127774833657186,0.005780346820809301,0.05521472392638027,-0.11559029206088023,0.37,9,回撤不明显,,55,0,0
226,M4A4 | Evil Daimyo (Factory New),57.5,56.0,1794,51,0.0284,0.9739,steamdt-live,56.88,903,56.85,687,,3,12,15,2,2,10,6,5,0.01971679512457425,-0.0007031112673580031,-0.010464703795672325,0.018999820756407937,0.001229796205200251,0.052972772735691676,0.00542337298810347,-0.0024565713283032364,-0.0815831987075929,0.25,6,回撤不明显,,55,0,0
227,★ Driver Gloves | Wave Chaser (Field-Tested),1039.7,1920.0,75,45,0.6,1.8467,steamdt-live,1025.0,82,1037.7,58,"溢价求购:买一高于卖一,多为定向收特定图案,买一价不可作退出价",20,0,4,5,4,10,6,5,0.016856717897868023,-0.0004875670404680399,-0.02039825157843611,0.01636093207734257,0.004371053909664857,0.026026026026026106,0.02999905365761335,-0.02999905365761335,0.031187122736418438,0.37,8,回撤不明显,买一异常溢价(不作为可成交退出价),54,0,0
228,★ Specialist Gloves | Sunburst (Field-Tested),1015.0,1560.0,165,41,0.2485,1.5369,steamdt-live,1024.0,192,1020.0,59,"溢价求购:买一高于卖一,多为定向收特定图案,买一价不可作退出价",17,0,7,5,4,10,6,5,0.00657108721624855,0.003956478733926794,-0.019552336421229444,0.01055356431700516,0.009205118944193402,0.014999999999999902,0.026378896882493952,-0.026378896882493952,-0.016472868217054293,0.37,6,回撤不明显,买一异常溢价(不作为可成交退出价),54,0,0
229,Glock-18 | Neo-Noir (Factory New),1297.16,1240.0,369,72,0.1951,0.9559,steamdt-live,1300.0,85,1309.99,124,,14,9,9,2,4,10,6,0,0.008806285838366401,0.032039732776351526,-0.032342664145246225,0.04112816965973143,0.003793766833397494,0.04400806451612893,0.019265151515151513,0.07270286618662114,-0.04105925925925935,0.14,9,回撤不明显,,54,0,0
230,M4A1-S | Vaporwave (Factory New),981.99,971.0,525,51,0.0971,0.9888,steamdt-live,987.0,230,987.3,137,,7,12,12,2,0,10,6,5,0.0181347150259068,-0.0005190839694656502,-0.0137966274910577,0.017606217616580322,0.002042682926829298,0.022906249999999906,0.002042682926829298,0.0170792335577421,-0.027732673267326757,0.34,10,回撤不明显,,54,0,0
231,USP-S | Jawbreaker (Factory New),106.87,105.0,396,31,0.0783,0.9825,steamdt-live,108.53,226,112.8,183,,7,12,9,2,4,9,6,5,0.0034579439252337973,-0.0046567942628295,-0.008157211716722235,-0.001214953271027941,0.009362254356692579,0.0006554307116104496,0.021336996336996372,-0.005860465116279023,-0.14503999999999995,0.37,5,回撤不明显,,54,0,0
232,Tec-9 | Phoenix Chalk (Factory New),74.2,70.0,402,24,0.0597,0.9434,steamdt-live,81.2,107,75.16,113,,3,9,9,2,10,10,6,5,-0.00666666666666671,-0.00402684563758382,-0.024199843871975046,-0.010666666666666602,0.03335070349140179,0.0,0.08395061728395059,-0.08395061728395059,-0.4111111111111111,0.09,6,长期阴跌,,54,0,0
233,AK-47 | Steel Delta (Factory New),63.8,63.0,1804,50,0.0277,0.9875,steamdt-live,63.07,331,64.56,384,,3,12,15,2,6,7,4,5,-0.003297738693467389,-0.00630219001102883,-0.03573591762568151,-0.009579145728643157,0.04497274379164151,0.02055016181229785,0.04497274379164151,-0.039006551881761276,-0.3523975767532601,0.36,4,长期阴跌,,54,0,0
234,M4A4 | Etch Lord (Factory New),19.84,19.1,799,22,0.0275,0.9627,steamdt-live,20.29,368,21.22,437,,3,12,12,2,6,10,4,5,0.0,-0.0005037783375315685,-0.03734238603297768,-0.0005037783375315685,0.03829374697043142,0.005575266092245235,0.04385542168674694,-0.03548857559552754,-0.39141104294478535,0.25,6,长期阴跌,,54,0,0
235,★ Broken Fang Gloves | Jade (Minimal Wear),750.6,860.0,69,20,0.2899,1.1458,steamdt-live,735.5,34,773.93,73,"溢价求购:买一高于卖一,多为定向收特定图案,买一价不可作退出价",17,0,4,5,6,10,6,5,0.02011095700416088,0.0,-0.020380434782608647,0.02011095700416088,0.0006793478260869179,0.02011095700416088,0.036420804401938844,-0.029042904290428995,-0.04666234607906672,0.37,3,回撤不明显,买一异常溢价(不作为可成交退出价),53,0,0
236,M4A4 | Griffin (Factory New),570.65,548.0,498,54,0.1084,0.9603,steamdt-live,561.82,45,550.86,141,,11,12,9,2,8,0,6,5,0.008587182500225943,-0.01261874887972747,0.005727272727272581,-0.0041399258790562055,0.029936956292043848,0.011717602115780101,0.060687185608321315,0.029644859813084068,-0.23372468283997327,0.25,9,可能加速下跌,,53,0,0
237,★ Hand Wraps | Duct Tape (Field-Tested),276.0,284.0,225,24,0.1067,1.029,steamdt-live,270.5,170,271.22,220,,11,15,7,5,4,0,6,5,-0.001865671641791078,0.009345794392523255,0.0,0.00746268656716409,0.0036900369003689537,0.018867924528301883,0.021739130434782594,-0.018181818181818188,-0.0689334114969482,0.17,8,回撤不明显,,53,0,0
238,Galil AR | Phoenix Blacklight (Factory New),990.47,967.0,446,40,0.0897,0.9763,steamdt-live,1000.0,139,995.42,128,,7,12,9,2,2,10,6,5,1.0111325695838502e-05,0.0014863498483317361,-0.011009999999999964,0.0014964762029949785,0.009529999999999927,0.0014964762029949785,0.009529999999999927,0.0009802930773117335,-0.16767226890756304,0.34,6,回撤不明显,,53,0,0
239,FAMAS | Survivor Z (Factory New),32.0,30.1,1114,45,0.0404,0.9406,steamdt-live,32.0,214,32.77,290,,3,9,15,2,6,10,3,5,0.03707482993197275,0.04952443424073483,-0.10882085480448633,0.08843537414965996,0.03000909366474691,0.09626584446728326,0.033816425120772875,0.23076923076923084,-0.3267410056806228,0.37,7,长期阴跌,,53,0,0
240,★ Moto Gloves | Blood Pressure (Minimal Wear),1250.0,1480.0,108,28,0.2593,1.184,steamdt-live,1306.0,84,1261.44,68,"溢价求购:买一高于卖一,多为定向收特定图案,买一价不可作退出价",17,0,7,5,2,10,6,5,0.011885245901639419,0.012555690562980892,-0.014921516697887771,0.024590163934426146,0.0,0.025430680885972112,0.013806706114398382,-0.013806706114398382,-0.05660377358490565,0.35,3,回撤不明显,买一异常溢价(不作为可成交退出价),52,0,0
241,★ Specialist Gloves | Crimson Web (Minimal Wear),1792.5,2820.0,291,38,0.1306,1.5732,steamdt-live,1835.0,213,1810.5,62,"溢价求购:买一高于卖一,多为定向收特定图案,买一价不可作退出价",11,0,9,5,6,10,6,5,0.0019701660568534063,0.0070224719101124045,-0.010030649205906905,0.009006473402758175,0.0011145165784340882,0.009574767671078677,0.041443850267379734,-0.041443850267379734,-0.06102671555788375,0.34,6,回撤不明显,买一异常溢价(不作为可成交退出价),52,0,0
242,AK-47 | Panthera onca (Factory New),2350.0,2230.0,113,13,0.115,0.9489,steamdt-live,2435.99,33,2382.67,57,,11,9,7,2,4,10,4,5,0.011130434782608667,0.01049191606467148,-0.021276595744680882,0.021739130434782705,0.00800351208969341,0.021739130434782705,0.02083333333333337,-0.02083333333333337,-0.06000000000000005,0.35,4,回撤不明显,,52,0,0
243,Glock-18 | Warhawk (Factory New),42.29,41.1,390,27,0.0692,0.9719,steamdt-live,42.69,72,42.94,241,,7,12,9,2,10,6,6,0,-0.005376344086021612,-0.00611045828437129,-0.02772727272727271,-0.011453950444132777,0.038863636363636433,0.03146341463414637,0.09771708982291438,-0.09771708982291438,-0.3330704936129948,0.37,7,长期阴跌,,52,0,0
244,Five-SeveN | Copper Galaxy (Factory New),114.99,111.0,608,33,0.0543,0.9653,steamdt-live,112.94,132,116.71,152,,3,12,12,2,8,10,0,5,-9.000900090005981e-05,0.01665316410117912,-0.03222996515679444,0.016561656165616556,0.01620209059233446,0.12939999999999996,0.0527551790656714,0.04574074074074064,-0.3527793696275072,0.37,6,长期阴跌,,52,0,0
245,M4A4 | Magnesium (Factory New),39.4,39.1,1344,54,0.0402,0.9924,steamdt-live,39.5,512,40.0,257,,3,15,15,2,8,0,4,5,-0.005037783375314908,-0.012658227848101222,-0.007499999999999951,-0.017632241813602123,0.025000000000000022,0.0028284906145539246,0.0625,-0.046454767726161306,-0.17038927887683464,0.16,6,可能加速下跌,,52,0,0
246,M4A4 | Sheet Lightning (Factory New),28.5,26.4,1137,32,0.0281,0.9263,steamdt-live,27.6,539,28.8,602,,3,6,15,2,8,9,4,5,-0.0089509488005729,-0.0028901734104045396,-0.014814814814814836,-0.011815252416756072,0.031239031239031156,0.026403867608776554,0.06377204884667564,-0.0576988733356093,-0.3188548864758144,0.28,11,长期阴跌,,52,0,0
247,Glock-18 | Ghost Protocol (Factory New),3359.5,3300.0,11,22,2.0,0.9823,steamdt-live,3428.99,11,3472.99,13,,20,12,2,2,6,2,4,3,0.0,-0.02055393586005827,-0.029565709435563692,-0.02055393586005827,0.02055393586005827,0.0028358208955223674,0.04951195360022631,-0.0344877137519759,-0.01133019423190107,0.56,9,可能加速下跌,,51,0,0
248,★ Moto Gloves | Eclipse (Field-Tested),3570.0,3430.0,256,113,0.4414,0.9608,steamdt-live,3600.0,21,3582.59,58,,20,12,9,5,2,0,3,0,0.039290989660265785,0.014781125639568016,0.010447761194029903,0.05465288035450522,0.0035142173678819333,0.06567164179104479,0.006954102920723182,0.06742412916728968,-0.08179012345679015,0.27,11,回撤不明显,,51,0,0
249,★ Bloodhound Gloves | Bronzed (Field-Tested),1478.0,1450.0,250,47,0.188,0.9811,steamdt-live,1600.0,12,1480.0,63,,14,12,7,5,2,0,6,5,-0.002367264119039536,0.0020338983050847137,-0.006718172657037336,-0.000338180588434267,0.007054081289889158,0.0027137042062415073,0.014338112704234796,0.03465173258662935,-0.11497005988023956,0.13,4,回撤不明显,,51,0,0
250,★ Driver Gloves | Rezan the Red (Minimal Wear),829.0,890.0,147,23,0.1565,1.0736,steamdt-live,804.99,80,813.25,74,"溢价求购:买一高于卖一,多为定向收特定图案,买一价不可作退出价",14,0,7,5,4,10,6,5,0.011929604022627327,0.0,-0.00995644057249534,0.011929604022627327,1.2422360248454112e-05,0.011929604022627327,0.02720241691842895,-0.02866968325791852,-0.03171911085450352,0.32,2,回撤不明显,买一异常溢价(不作为可成交退出价),51,0,0
251,★ Hydra Gloves | Rattler (Field-Tested),176.49,175.0,116,16,0.1379,0.9916,steamdt-live,177.99,116,185.89,197,,11,15,7,5,2,0,6,5,0.01930232558139533,0.006673511293634693,0.0117647058823529,0.026104651162790704,0.005690140845070357,0.05053571428571435,0.005690140845070357,-0.002261292328565645,-0.08771839139873872,0.37,14,回撤不明显,,51,0,0
252,Glock-18 | Bunsen Burner (Factory New),30.4,29.3,544,35,0.0643,0.9638,steamdt-live,30.47,196,30.75,198,,7,12,12,2,0,10,3,5,0.06428571428571428,0.020134228187919323,-0.06040268456375841,0.08571428571428563,0.0,0.08571428571428563,0.004584151931892655,-0.004584151931892655,-0.22250639386189264,0.37,5,回撤不明显,,51,0,0
253,MP9 | Sand Scale (Factory New),35.6,33.2,937,35,0.0374,0.9326,steamdt-live,32.44,257,35.57,203,,3,9,15,2,8,8,6,0,-0.03260225251926496,-0.006127450980392246,-0.013450292397660824,-0.03852993479549505,0.051461988304093764,0.0006169031462059937,0.05422740524781344,0.013749999999999929,-0.38965192850423336,0.37,14,长期阴跌,,51,0,0
254,M4A4 | Turbine (Factory New),84.0,81.0,1159,38,0.0328,0.9643,steamdt-live,84.07,221,84.54,300,,3,12,15,2,4,9,6,0,-0.003567181926278251,0.0023866348448686736,-0.00872230080150882,-0.0011890606420926764,0.00990099009900991,0.02564102564102555,0.021549213744903817,-0.0117647058823529,-0.28510638297872337,0.37,8,回撤不明显,,51,0,0
255,Tec-9 | Flash Out (Factory New),24.09,22.8,900,22,0.0244,0.9465,steamdt-live,23.32,165,23.53,106,,3,9,15,2,8,8,6,0,-0.02051067392214323,-0.0034188034188032956,-0.0004184100418409553,-0.023859355378819558,0.024267782426778184,0.0,0.06720000000000004,-0.02833333333333332,-0.3556231003039513,0.34,8,长期阴跌,,51,0,0
256,M4A4 | Polysoup (Factory New),143.9,136.0,1268,30,0.0237,0.9451,steamdt-live,149.0,285,149.0,394,,3,9,15,2,4,10,3,5,0.04332129963898912,-0.0041522491349480495,-0.024579195718008373,0.03898916967509036,0.0041522491349480495,0.06592592592592594,0.021021838220287137,-0.021021838220287137,-0.16337209302325573,0.37,6,回撤不明显,,51,0,0
257,★ Hand Wraps | Constrictor (Minimal Wear),692.4,686.0,102,25,0.2451,0.9908,steamdt-live,730.0,42,690.89,65,,17,15,7,5,0,0,6,0,0.0,0.027345724907063218,0.0,0.027345724907063218,0.0,0.031179104477611963,0.0,0.026201262532491665,0.031179104477611963,0.37,5,回撤不明显,,50,0,0
258,FAMAS | Bad Trip (Factory New),484.0,477.0,138,26,0.1884,0.9855,steamdt-live,484.97,51,510.01,69,,14,12,7,2,4,0,6,5,0.0,0.0,-0.0020618556701030855,0.0,0.0020618556701030855,0.004149377593360981,0.017059301380990988,-0.017059301380990988,0.005192107995846351,1.26,2,回撤不明显,,50,0,0
259,AWP | Containment Breach (Factory New),2629.9,2650.0,154,28,0.1818,1.0076,steamdt-live,2676.8,59,2650.4,73,,14,15,7,2,8,0,4,0,-0.004854550207252006,-0.013133701076963433,-0.007081942899517912,-0.017924493072930314,0.0248794957360029,0.0,0.05331173506119502,0.00782531385563412,-0.08952743638566729,0.36,4,可能加速下跌,,50,0,0
260,Glock-18 | Fade (Factory New),9098.5,10210.0,136,22,0.1618,1.1222,steamdt-live,9447.91,139,9348.99,74,"溢价求购:买一高于卖一,多为定向收特定图案,买一价不可作退出价",14,0,7,2,8,10,6,3,-0.006020765027322406,0.0003947262809638197,0.005494505494505475,-0.005628415300546474,0.009730188617638413,0.0020374449339206624,0.05821501287145825,-0.05821501287145825,-0.1319053525426963,0.37,2,回撤不明显,买一异常溢价(不作为可成交退出价),50,0,0
261,FAMAS | Djinn (Factory New),238.88,235.0,136,13,0.0956,0.9838,steamdt-live,237.63,40,236.28,118,,7,12,7,2,6,10,6,0,-0.005397883017754013,0.0018231927072291931,0.0008441311779849858,-0.0035845316914772107,0.005681100871102074,0.0018231927072291931,0.03120259133215786,-0.012950121146294569,-0.22619944326183072,0.19,12,回撤不明显,,50,0,0
262,M4A4 | Hellfire (Factory New),2208.0,2140.0,623,56,0.0899,0.9692,steamdt-live,2296.5,72,2260.0,96,,7,12,12,2,6,0,6,5,0.0052358737541216005,0.03233556536795712,0.014349282296650667,0.03774074406011363,0.013010318528488107,0.04265896994772489,0.04097646033129909,0.05389221556886237,-0.10696163994317032,0.17,8,暂未减速,,50,0,0
263,Desert Eagle | Eastern Enigma (Factory New),414.88,405.0,75,33,0.44,0.9762,steamdt-live,420.0,66,428.66,128,,20,12,4,2,0,0,6,5,-0.000892921784878209,0.002125603864734371,0.0011839180438775188,0.001230784081859282,0.0038895558223289717,0.014376528117359344,0.0038895558223289717,0.01192712017366282,0.0,1.36,4,回撤不明显,,49,0,0
264,★ Sport Gloves | Hedge Maze (Field-Tested),25352.0,35440.0,588,146,0.2483,1.3979,steamdt-live,25789.0,374,26188.88,113,"溢价求购:买一高于卖一,多为定向收特定图案,买一价不可作退出价",17,0,12,5,4,0,6,5,0.0,-0.0010638717049529234,0.011135679993625303,-0.0010638717049529234,0.005725939289356052,0.01005996135381193,0.016907088568326345,0.023083131557707803,-0.07474452554744526,0.37,4,回撤不明显,买一异常溢价(不作为可成交退出价),49,0,0
265,FAMAS | Styx (Factory New),658.0,647.0,358,51,0.1425,0.9833,steamdt-live,681.0,69,668.48,62,,11,12,9,2,4,0,6,5,0.007645259938837912,-0.0015174506828528056,-0.0047479912344777775,0.006116207951070374,0.0251851851851852,0.013086989992301845,0.0251851851851852,0.1344827586206896,-0.07713884992987374,0.37,10,可能加速下跌,,49,0,0
266,M4A4 | Dark Blossom (Factory New),347.5,335.0,241,34,0.1411,0.964,steamdt-live,350.0,83,346.99,122,,11,12,7,2,6,0,6,5,-0.003155569580309159,-0.0014388903277792187,-0.004028571428571492,-0.004589919389540675,0.02393811533052037,0.0,0.03340018942559475,0.0759379844961241,-0.20850821167883204,0.37,3,暂未减速,,49,0,0
267,Desert Eagle | Mecha Industries (Factory New),164.48,164.0,960,113,0.1177,0.9971,steamdt-live,160.0,360,164.9,195,,11,15,15,2,6,0,0,0,0.03737179487179487,-0.011308162886980222,-0.0031948881789137795,0.02564102564102555,0.0211672580447817,0.06666666666666665,0.04761904761904767,0.1331444759206799,-0.06432748538011701,0.37,15,可能加速下跌,,49,0,0
268,M4A4 | Neo-Noir (Factory New),678.5,672.0,860,67,0.0779,0.9904,steamdt-live,681.0,252,678.9,198,,7,15,12,2,2,0,6,5,-0.0022672672672672256,0.021083838733464644,0.009090909090909038,0.018768768768768762,0.0005891883929886044,0.028030303030303072,0.00948905109489051,0.03193916349809878,-0.05369595536959548,0.37,14,回撤不明显,,49,0,0
269,AK-47 | Safety Net (Factory New),84.9,83.0,1844,69,0.0374,0.9776,steamdt-live,84.4,374,86.0,532,,3,12,15,2,6,0,6,5,0.00011906179307064058,0.004761904761904745,0.013148371531966019,0.004881533515894931,0.007058823529411673,0.019323671497584627,0.035979440319817146,0.058705469141997035,-0.2990033222591362,0.36,3,回撤不明显,,49,0,0
270,Glock-18 | Green Line (Factory New),43.48,41.9,1493,53,0.0355,0.9637,steamdt-live,43.39,234,40.91,477,,3,12,15,2,6,7,4,0,-0.01534772182254196,-0.00389673648319544,-0.009736404654476338,-0.01918465227817756,0.028734267394918134,0.0004892367906066397,0.03309692671394793,-0.0024390243902439046,-0.3849624060150376,0.37,14,长期阴跌,,49,0,0
271,AWP | Exothermic (Factory New),56.3,54.0,452,15,0.0332,0.9591,steamdt-live,54.34,285,55.44,287,,3,9,9,2,8,10,3,5,-0.0011797090051121062,0.06968503937007897,-0.02003853564547209,0.06842312229650038,0.00018399264029433926,0.08679999999999999,0.0789830508474576,-0.061485319516407566,-0.15053931530404874,0.36,14,回撤不明显,,49,0,0
272,★ Moto Gloves | Smoke Out (Minimal Wear),1176.0,2010.0,153,35,0.2288,1.7092,steamdt-live,1175.0,132,1180.0,58,"溢价求购:买一高于卖一,多为定向收特定图案,买一价不可作退出价",17,0,7,5,2,10,4,3,-0.015563243206487054,0.014091073926332687,-0.006342905405405386,-0.0016914720907105218,0.008023648648648685,0.02385061980229075,0.008023648648648685,0.030715225976305494,-0.0204336947456214,0.37,13,回撤不明显,买一异常溢价(不作为可成交退出价),48,0,0
273,AWP | Oni Taiji (Factory New),3768.46,6070.0,357,55,0.1541,1.6107,steamdt-live,3855.0,99,3780.67,88,"溢价求购:买一高于卖一,多为定向收特定图案,买一价不可作退出价",14,0,9,2,2,10,6,5,0.0010866612333604309,0.02264857530529163,-0.023348368267444908,0.023759847867427242,0.00173245033112579,0.02459488852637315,0.008169495986314002,0.04723079060719737,-0.0692862435169177,0.34,5,回撤不明显,买一异常溢价(不作为可成交退出价),48,0,0
274,USP-S | Pathfinder (Factory New),207.0,202.0,141,18,0.1277,0.9758,steamdt-live,212.88,75,219.74,95,,11,12,7,2,8,4,4,0,-0.019347887191979773,-0.011130750489657504,-0.024450436451716073,-0.030263281176801327,0.05401700027419798,0.0,0.07832049512444905,-0.0286250586579071,-0.37641211025756893,0.1,16,长期阴跌,,48,0,0
275,★ Sport Gloves | Big Game (Minimal Wear),1300.0,1690.0,229,27,0.1179,1.3,steamdt-live,1295.0,186,1275.99,66,"溢价求购:买一高于卖一,多为定向收特定图案,买一价不可作退出价",11,0,7,5,4,10,6,5,0.0008006405124099114,0.02079199999999992,-0.011867088607594889,0.021609287429944057,0.0,0.029024193548387034,0.018469230769230793,-0.017335386984982715,-0.0023534010946051342,0.37,4,回撤不明显,买一异常溢价(不作为可成交退出价),48,0,0
276,Galil AR | Stone Cold (Factory New),145.0,137.0,344,30,0.0872,0.9448,steamdt-live,142.65,140,140.24,113,,7,9,9,2,0,10,6,5,-0.002836363636363526,0.022828385967471387,-0.016170578133943847,0.019927272727272793,0.0,0.04384071455154448,0.00014259232853264248,0.042366582429017585,-0.19170028818443796,0.35,7,回撤不明显,,48,0,0
277,FAMAS | Pulse (Factory New),182.38,176.0,613,43,0.0701,0.965,steamdt-live,191.88,200,184.79,176,,7,12,12,2,8,0,2,5,-0.00938245428041351,-0.024079623287671215,-0.027226318774815628,-0.033236151603498576,0.059557572319909324,0.0,0.059557572319909324,0.01615778916870969,-0.17100000000000004,0.24,15,可能加速下跌,,48,0,0
278,Tec-9 | Bamboozle (Factory New),44.39,41.2,699,34,0.0486,0.9281,steamdt-live,43.43,186,44.56,171,,3,6,12,2,8,10,2,5,0.0,0.0,-0.024044943820224707,0.0,0.023825578781748735,0.08574999999999999,0.05484221980413495,0.01400887228578096,-0.3318461538461539,0.27,4,长期阴跌,,48,0,0
279,AWP | Capillary (Factory New),40.5,39.0,756,32,0.0423,0.963,steamdt-live,41.99,156,42.18,229,,3,12,12,2,8,7,4,0,-0.02390057361376674,-0.00832517140058775,-0.019910986179432988,-0.03202676864244747,0.0513000702740688,0.0,0.05813953488372092,0.06775639335618244,-0.3216080402010051,0.32,9,长期阴跌,,48,0,0
280,AWP | Black Box (Factory New),157.0,156.0,38,27,0.7105,0.9936,steamdt-live,158.0,63,161.18,77,,20,15,4,2,6,0,0,0,-0.015170051382431993,-0.024844720496894457,0.04127388535031851,-0.039637876192806454,0.042566166605683575,0.012903225806451646,0.042566166605683575,-0.03384615384615386,-0.012578616352201255,0.32,13,可能加速下跌,,47,0,0
281,★ Driver Gloves | Dragon Fists (Field-Tested),612.5,719.0,88,24,0.2727,1.1739,steamdt-live,619.5,99,645.0,30,"溢价求购:买一高于卖一,多为定向收特定图案,买一价不可作退出价",17,0,4,5,0,10,6,5,0.0008436864133400945,0.012396694214876103,-0.014686226568867089,0.013250839550695614,0.002442996742671011,0.02083333333333326,0.002442996742671011,0.004098360655737654,-0.0032546786004882255,0.37,8,回撤不明显,买一异常溢价(不作为可成交退出价),47,0,0
282,★ Moto Gloves | 3rd Commando Company (Minimal Wear),468.0,458.0,127,29,0.2283,0.9786,steamdt-live,444.0,46,440.33,99,,17,12,7,5,0,0,6,0,0.012672811059907918,0.0018885096700795856,-0.0022988505747126853,0.014585253456221192,0.0,0.01575547866205307,0.0,0.00879745240440788,0.1363354838709676,0.27,3,回撤不明显,,47,0,0
283,Glock-18 | Weasel (Factory New),229.5,227.0,497,95,0.1911,0.9891,steamdt-live,227.0,89,234.14,82,,14,12,9,2,0,10,0,0,0.026175115207373256,0.030402371115501925,-0.0091324200913242,0.05737327188940089,0.0,0.0926190476190476,0.0023913043478260843,0.14450319233838793,0.062268518518518556,0.37,10,回撤不明显,,47,0,0
284,Desert Eagle | Emerald Jörmungandr (Factory New),2905.0,2910.0,333,41,0.1231,1.0017,steamdt-live,3044.0,105,2994.99,118,,11,15,9,2,4,0,6,0,-0.00034376074252318034,-0.0010316368638239037,-0.0018528685149602486,-0.0013750429700928324,0.009749113716934765,0.00868055555555558,0.017229772017605227,-0.01724972005994596,-0.1289250845587353,0.35,2,回撤不明显,,47,0,0
285,M4A1-S | Atomic Alloy (Factory New),1039.5,1010.0,470,52,0.1106,0.9716,steamdt-live,1031.07,95,1030.74,94,,11,12,9,2,2,0,6,5,0.00528742397488724,0.005806067584578356,0.019400000000000084,0.01112419070041204,0.0031528046421663847,0.020534653465346553,0.007606100284988093,0.06426432627774914,0.010529411764705898,0.34,6,回撤不明显,,47,0,0
286,MP9 | Dart (Factory New),19.6,18.1,121,12,0.0992,0.9235,steamdt-live,19.9,79,18.48,141,,7,6,7,2,4,10,6,5,0.02212389380530988,0.0,-0.01685698749320297,0.02212389380530988,0.016498137307078165,0.024958402662229595,0.016498137307078165,-0.0005408328826391751,-0.6376470588235295,0.37,4,长期阴跌,,47,0,0
287,★ Specialist Gloves | Mogul (Field-Tested),659.5,691.0,326,31,0.0951,1.0478,steamdt-live,658.48,266,660.29,194,,7,15,9,5,0,0,6,5,0.013207460139301075,-0.0007587483686910534,-0.004454308893310888,0.01243869063177483,0.0007587483686910534,0.028874999999999984,0.0023030303030302512,0.005312977099236615,-0.027355982274741453,0.34,11,回撤不明显,,47,0,0
288,★ Specialist Gloves | Lt. Commander (Field-Tested),688.0,863.0,501,40,0.0798,1.2544,steamdt-live,685.0,443,680.0,176,"溢价求购:买一高于卖一,多为定向收特定图案,买一价不可作退出价",7,0,12,5,2,10,6,5,-0.005166051660516646,0.008902077151335286,0.0037037037037037646,0.0036900369003689537,0.0,0.021021021021021102,0.00512070226773953,-0.00512070226773953,-0.04761904761904767,0.37,7,回撤不明显,买一异常溢价(不作为可成交退出价),47,0,0
289,AWP | Neo-Noir (Factory New),317.5,312.0,1033,51,0.0494,0.9827,steamdt-live,320.0,626,326.0,283,,3,12,15,2,4,0,6,5,-0.003996601315416792,0.003159557661927437,0.007194928684627566,-0.0008496711457972594,0.0008496711457972594,0.01437699680511173,0.015503875968992276,0.024193548387096753,-0.036418816388467334,0.36,9,回撤不明显,,47,0,0
290,AWP | Fever Dream (Factory New),116.5,110.0,1165,47,0.0403,0.9442,steamdt-live,117.0,451,119.69,442,,3,9,15,2,4,10,4,0,-0.017049408489909434,0.030973451327433565,0.004017467248908169,0.013395963813500389,0.0,0.030973451327433565,0.029085757146428803,0.07770582793709524,-0.17022792022792022,0.36,9,回撤不明显,,47,0,0
291,Desert Eagle | Mulberry (Factory New),81.9,78.0,1034,32,0.0309,0.9524,steamdt-live,80.8,519,83.0,272,,3,9,15,2,0,10,3,5,0.013992297817714938,0.02291429294847447,-0.019632519506669888,0.037227214377406836,0.0,0.06315789473684208,0.0024691358024692134,0.003851410113057563,-0.0967020681945221,0.37,7,回撤不明显,,47,0,0
292,AWP | PAW (Factory New),44.0,41.5,1260,22,0.0175,0.9432,steamdt-live,44.0,1021,45.09,330,,3,9,15,2,2,10,6,0,0.0235294117647058,0.011494252873563315,-0.030786773090079822,0.03529411764705892,0.0,0.05011933174224348,0.006772009029345272,0.07343254452305437,-0.05882352941176472,0.36,9,回撤不明显,,47,0,0
293,MP9 | Arctic Tri-Tone (Factory New),34.18,32.0,2153,33,0.0153,0.9362,steamdt-live,34.27,802,33.52,1372,,3,9,15,2,2,10,6,0,-0.010843373493975905,0.020706455542021995,0.00911854103343468,0.009638554216867545,0.0,0.020706455542021995,0.014117647058823457,-0.008284023668638896,-0.16179044761190298,0.37,14,回撤不明显,,47,0,0
294,M4A1-S | Solitude (Factory New),75.0,73.0,4853,45,0.0093,0.9733,steamdt-live,79.39,2636,79.3,2235,,3,12,15,2,8,0,4,3,-0.001315789473684159,-0.002766798418972427,0.0001315962626662337,-0.004078947368421071,0.014324781872639747,0.010547396528704844,0.0710603829160531,-0.053756719589948765,-0.24006024096385536,0.24,6,暂未减速,,47,0,0
295,M4A1-S | Fatal Glitch (Factory New),613.0,594.0,31,18,0.5806,0.969,steamdt-live,619.5,38,615.0,72,,20,12,4,2,2,0,6,0,0.0,0.012871565241816763,0.0,0.012871565241816763,0.0016286644951140072,0.013223140495867813,0.011114875219797038,-0.011114875219797038,-0.06838905775075987,0.26,3,回撤不明显,,46,0,0
296,Glock-18 | Ifrit Lattice (Factory New),71.59,69.0,63,19,0.3016,0.9638,steamdt-live,72.8,65,71.4,87,,20,12,4,2,2,0,6,0,0.019971469329529423,-0.0013986013986013734,0.008633093525179714,0.018544935805991702,0.0013986013986013734,0.02733812949640302,0.009708737864077555,-0.009708737864077555,-0.09044585987261144,1.37,2,回撤不明显,,46,0,0
297,★ Sport Gloves | Frosty (Field-Tested),1125.0,1670.0,171,46,0.269,1.4844,steamdt-live,1120.0,187,1129.48,108,"溢价求购:买一高于卖一,多为定向收特定图案,买一价不可作退出价",17,0,7,5,6,0,6,5,0.003155996393146898,0.006741573033707926,-0.0071620411817368,0.009918845807033394,0.0,0.013574660633484115,0.038213825676255864,-0.03862660944206009,-0.060780893599892694,0.12,5,回撤不明显,买一异常溢价(不作为可成交退出价),46,0,0
298,★ Driver Gloves | Garden (Field-Tested),1104.5,1870.0,166,38,0.2289,1.6931,steamdt-live,1138.0,164,1111.4,134,"溢价求购:买一高于卖一,多为定向收特定图案,买一价不可作退出价",17,0,7,5,6,0,6,5,0.009545454545454524,-0.0054029716343989564,0.00917431192660545,0.004090909090909145,0.013398838767306853,0.013767783386874788,0.03914745541539799,-0.039565217391304364,-0.11569255404323464,0.21,6,可能加速下跌,买一异常溢价(不作为可成交退出价),46,0,0
299,★ Specialist Gloves | Chocolate Chesterfield (Field-Tested),527.0,790.0,115,24,0.2087,1.4991,steamdt-live,520.0,116,535.6,63,"溢价求购:买一高于卖一,多为定向收特定图案,买一价不可作退出价",17,0,7,5,6,0,6,5,0.006717850287907945,-0.010486177311725409,-0.006673021925643452,-0.0038387715930902067,0.011428571428571455,0.008746355685131268,0.04243542435424352,-0.03888888888888886,-0.051188299817184646,0.11,11,可能加速下跌,买一异常溢价(不作为可成交退出价),46,0,0
300,M4A1-S | Mecha Industries (Factory New),1492.5,1470.0,537,100,0.1862,0.9849,steamdt-live,1500.0,165,1508.8,120,,14,12,12,2,4,0,2,0,0.008804665117948751,0.0020208259202814105,0.00441496598639457,0.010843283733719788,0.011523941982912844,0.02931034482758621,0.022318007035379894,0.058886129833274126,-0.025248830951696832,0.37,13,可能加速下跌,,46,0,0
301,USP-S | Kill Confirmed (Factory New),1582.33,1540.0,258,37,0.1434,0.9732,steamdt-live,1634.0,110,1584.0,73,,11,12,9,2,0,10,2,0,-0.01655041217501585,0.020265652201947093,0.0174193548387096,0.0033798351299936247,0.0016845425867508812,0.020858064516128927,0.0016845425867508812,0.05488666666666653,-0.029245398773006137,0.37,6,回撤不明显,,46,0,0
302,AWP | Dragon Lore (Factory New),73899.5,77250.0,133,19,0.1429,1.0453,steamdt-live,75996.0,158,75999.0,40,,11,15,7,5,2,0,6,0,-0.0006756802410826657,-0.0006761370935570721,-0.0026954359530724226,-0.0013513604821654424,0.004043153929608745,0.0,0.008060402684563761,-0.008060402684563761,-0.014647057254860152,0.36,2,回撤不明显,,46,0,0
303,Five-SeveN | Fowl Play (Factory New),446.47,415.0,135,19,0.1407,0.9295,steamdt-live,451.93,56,449.73,44,,11,6,7,2,2,10,3,5,0.0,0.06302380952380959,-0.0344605623117773,0.06302380952380959,0.0011186433093943737,0.06429082240762818,0.005634743875278292,0.19058666666666668,0.10512376237623777,0.3,3,回撤不明显,,46,0,0
304,★ Sport Gloves | Arid (Minimal Wear),7786.99,7530.0,174,24,0.1379,0.967,steamdt-live,7903.79,43,7825.92,40,,11,12,7,5,0,0,6,5,0.03298013245033116,-0.001539941018079305,-0.006513586420159201,0.031389403973509866,0.0016679487179487307,0.031389403973509866,0.0016679487179487307,0.010576874410322956,-0.0700147135398006,0.37,2,回撤不明显,,46,0,0
305,★ Specialist Gloves | Lt. Commander (Minimal Wear),1084.5,1750.0,231,30,0.1299,1.6136,steamdt-live,1100.0,195,1109.0,83,"溢价求购:买一高于卖一,多为定向收特定图案,买一价不可作退出价",11,0,7,5,2,10,6,5,-0.0036883356385430943,0.003701989819528073,-0.01094391244870041,0.0,0.009589041095890427,0.0069637883008355494,0.01319381255686991,0.015925058548009297,-0.09132802681189778,0.32,5,回撤不明显,买一异常溢价(不作为可成交退出价),46,0,0
306,Desert Eagle | Naga (Factory New),179.5,173.0,290,37,0.1276,0.9638,steamdt-live,184.0,53,182.62,116,,11,12,9,2,6,0,6,0,0.01950078003120126,-0.019018471964149075,-0.00011142061281343985,0.00011143302874971894,0.019018471964149075,0.0035221110303571557,0.036655396339827284,0.04664723032069973,-0.22125813449023857,0.37,12,可能加速下跌,,46,0,0
307,Tec-9 | Whiteout (Factory New),1213.9,1150.0,161,18,0.1118,0.9474,steamdt-live,1234.0,73,1220.98,107,,11,9,7,2,6,0,6,5,-0.0027885080661695927,-0.0016366612111292644,-0.004742470002448762,-0.004420605434309999,0.00914211084809391,0.0,0.03297246054696512,-0.03297246054696512,-0.11994142125944285,0.37,2,回撤不明显,,46,0,0
308,★ Driver Gloves | Racing Green (Field-Tested),175.38,179.0,185,18,0.0973,1.0206,steamdt-live,174.0,123,177.21,276,,7,15,7,5,6,0,6,0,0.0029325513196480912,0.01754385964912286,0.014880952380952328,0.02052785923753664,0.0,0.03571428571428581,0.04390351118193314,-0.03322591399044328,-0.11174638827913619,0.37,10,回撤不明显,,46,0,0
309,USP-S | Printstream (Factory New),639.0,632.0,503,44,0.0875,0.989,steamdt-live,629.5,391,646.35,135,,7,12,12,2,4,0,4,5,-0.005957980558168652,-0.007097791798107211,-0.006232471174820842,-0.013013483850736862,0.01916484886257397,0.0,0.01916484886257397,-0.014095536413469056,-0.02697271813895985,0.37,11,可能加速下跌,,46,0,0
310,USP-S | Lead Conduit (Factory New),86.9,85.0,530,38,0.0717,0.9781,steamdt-live,86.42,104,90.73,103,,7,12,12,2,2,0,6,5,0.0011566042100394913,-0.0016173752310536527,-0.006206896551724239,-0.0004626416840156633,0.006666666666666599,0.0,0.006666666666666599,-0.006095457159286943,-0.2581974248927038,0.14,4,回撤不明显,,46,0,0
311,Five-SeveN | Buddy (Factory New),24.64,24.0,458,28,0.0611,0.974,steamdt-live,23.09,143,23.49,177,,7,12,9,2,0,10,6,0,-0.05174644243208293,0.0500227376080038,0.008260869565217543,-0.00431220353600692,0.00431220353600692,0.0500227376080038,0.00431220353600692,0.022586359610274664,-0.40103761348897526,0.37,3,长期阴跌,,46,0,0
312,★ Sport Gloves | Nocts (Field-Tested),3745.0,4260.0,1005,55,0.0547,1.1375,steamdt-live,3755.0,806,3818.98,178,"溢价求购:买一高于卖一,多为定向收特定图案,买一价不可作退出价",3,0,15,5,2,10,6,5,0.01202702702702707,0.00013352917612508008,-0.010562909479877036,0.012162162162162149,0.0,0.028846153846153744,0.011742974007124984,-0.011742974007124984,-0.03653202984306658,0.37,3,回撤不明显,买一异常溢价(不作为可成交退出价),46,0,0
313,P250 | Visions (Factory New),48.68,46.7,414,22,0.0531,0.9593,steamdt-live,49.44,300,49.28,251,,3,9,9,2,2,10,6,5,0.024842105263158,0.0,-0.02962206332992856,0.024842105263158,0.0065306122448979265,0.024842105263158,0.013576494427558261,-0.01277631312107086,-0.21483870967741936,0.37,6,回撤不明显,,46,0,0
314,USP-S | 27 (Factory New),31.66,29.9,487,22,0.0452,0.9444,steamdt-live,29.3,102,30.8,200,,3,9,9,2,8,6,4,5,-0.0013559322033898091,-0.005431093007467802,-0.016338779593197628,-0.006779661016949157,0.02300766922307429,0.0,0.06658171392163104,-0.06658171392163104,-0.3340909090909091,0.07,4,长期阴跌,,46,0,0
315,AK-47 | Bloodsport (Factory New),1035.0,1030.0,1556,65,0.0418,0.9952,steamdt-live,1028.5,1095,1032.97,341,,3,15,15,2,0,0,6,5,0.005432098765432158,0.01080550098231825,0.006511258014811894,0.016296296296296253,0.0,0.024390243902439046,0.0,0.028999999999999915,-0.00867052023121384,0.36,9,回撤不明显,,46,0,0
316,Desert Eagle | Calligraffiti (Factory New),34.0,31.2,1132,15,0.0133,0.9176,steamdt-live,32.44,110,34.0,293,,3,6,15,2,2,10,3,5,0.09000000000000008,-0.007951070336391641,-0.03938520653218058,0.08133333333333326,0.011578305911029929,0.08133333333333326,0.011578305911029929,0.030495552731893083,-0.30535331905781593,1.36,3,长期阴跌,,46,0,0
317,Desert Eagle | Directive (Factory New),674.0,661.0,96,43,0.4479,0.9807,steamdt-live,750.0,11,730.0,33,,20,12,4,2,2,0,0,5,0.030065040650406605,0.06394733934237329,-8.129420372315899e-05,0.09593495934959351,0.011730205278592365,0.1721739130434783,0.011730205278592365,0.49273564847625795,0.4838624455109857,0.36,12,反弹较远,,45,0,0
318,FAMAS | Roll Cage (Factory New),889.0,869.0,99,26,0.2626,0.9775,steamdt-live,917.0,42,907.78,61,,17,12,4,2,4,0,6,0,-0.0027948574622693734,-0.0033632286995515237,0.0005592841163311046,-0.0061486864169927324,0.0078125,0.0,0.022539857064321045,-0.022539857064321045,-0.019629466254962424,0.37,6,回撤不明显,,45,0,0
319,Desert Eagle | Fennec Fox (Factory New),2540.0,2920.0,432,59,0.1366,1.1496,steamdt-live,2598.0,114,2530.0,85,"溢价求购:买一高于卖一,多为定向收特定图案,买一价不可作退出价",11,0,9,2,2,10,6,5,0.005508264462809942,0.03972745168144076,-0.024193548387096753,0.045454545454545414,0.0,0.054166666666666696,0.007453903491565272,0.04158089748867844,-0.13884066850471433,0.33,9,回撤不明显,买一异常溢价(不作为可成交退出价),45,0,0
320,Galil AR | Crimson Tsunami (Factory New),39.8,38.1,679,43,0.0633,0.9573,steamdt-live,38.56,276,39.81,256,,7,9,12,2,6,0,4,5,0.00026322716504334487,0.01473684210526316,0.009030544488711989,0.015003948407475765,0.0,0.044986449864498734,0.035758939734933715,-0.035758939734933715,-0.26969696969696966,0.37,4,回撤不明显,,45,0,0
321,FAMAS | Neural Net (Factory New),45.44,44.3,514,30,0.0584,0.9749,steamdt-live,45.11,131,45.49,275,,3,12,12,2,8,4,4,0,-0.007891275756247262,-0.0057445868316393645,-0.016174250593055883,-0.013590530469092421,0.029544964416648667,0.0,0.06054279749478075,-0.06054279749478075,-0.3436406067677946,0.37,7,长期阴跌,,45,0,0
322,Tec-9 | Mummy's Rot (Factory New),70.99,63.0,451,26,0.0576,0.8874,steamdt-live,69.99,74,71.33,87,,3,6,9,2,6,10,4,5,-0.0014285714285713347,0.0012875536480685401,-0.026425591098748313,-0.00014285714285722229,0.02656467315716282,0.007050359712230225,0.03991769547325119,-0.03991769547325119,-0.3397169811320755,0.34,4,长期阴跌,,45,0,0
323,AK-47 | Ice Coaled (Factory New),89.4,86.0,1668,40,0.024,0.962,steamdt-live,91.01,1235,89.72,694,,3,12,15,2,4,0,6,3,0.0011173184357540222,-0.0022321428571426827,-0.0076505155782237155,-0.0011173184357541333,0.0065562840315589455,0.004494382022471877,0.021453590192644367,-0.006666666666666599,-0.07835051546391747,0.35,15,回撤不明显,,45,0,0
324,★ Driver Gloves | Brocade Crane (Minimal Wear),2469.0,2960.0,20,28,1.4,1.1989,steamdt-live,2479.5,27,2598.9,21,"溢价求购:买一高于卖一,多为定向收特定图案,买一价不可作退出价",20,0,2,5,2,9,6,0,-0.008032128514056214,-0.0004048582995951344,0.003029228835680353,-0.008433734939759074,0.009428284854563707,0.0,0.010420841683366766,-0.007636655948553006,0.03565436241610742,0.11,3,回撤不明显,买一异常溢价(不作为可成交退出价),44,0,0
325,★ Driver Gloves | Plum Quill (Minimal Wear),1040.0,1240.0,12,16,1.3333,1.1923,steamdt-live,1041.0,17,1094.84,20,"溢价求购:买一高于卖一,多为定向收特定图案,买一价不可作退出价",20,0,2,5,8,0,6,3,0.0,0.009708737864077666,0.0009718172983479434,0.009708737864077666,0.0,0.05103587670540688,0.07763804388314377,-0.07763804388314377,-0.07832467785675046,0.11,3,回撤不明显,买一异常溢价(不作为可成交退出价),44,0,0
326,★ Driver Gloves | Hand Sweaters (Field-Tested),669.0,870.0,93,37,0.3978,1.3004,steamdt-live,671.0,82,665.0,50,"溢价求购:买一高于卖一,多为定向收特定图案,买一价不可作退出价",20,0,4,5,4,0,6,5,0.02629144178874321,-0.0015776425512733505,-0.002307692307692344,0.024672320740169562,0.0022522522522522292,0.038281250000000044,0.02207505518763797,-0.022794117647058854,0.002262443438914019,0.1,4,回撤不明显,买一异常溢价(不作为可成交退出价),44,0,0
327,AK-47 | Wild Lotus (Factory New),95666.0,106740.0,114,34,0.2982,1.1158,steamdt-live,95999.5,110,97800.0,39,"溢价求购:买一高于卖一,多为定向收特定图案,买一价不可作退出价",17,0,7,2,2,10,6,0,-0.008132460853385703,0.008199140038782637,0.0,0.0,0.002315201067912609,0.008199140038782637,0.007572928337275409,-0.007572928337275409,-0.013752577319587678,0.31,4,回撤不明显,买一异常溢价(不作为可成交退出价),44,0,0
328,Tec-9 | Fuel Injector (Factory New),280.48,277.0,409,55,0.1345,0.9876,steamdt-live,280.0,141,283.0,178,,11,12,9,2,8,0,2,0,-0.00874125874125875,-0.022927689594356315,-0.013759095141211763,-0.03146853146853146,0.044794648091313505,0.0,0.06418918918918914,0.029739776951672958,-0.09180327868852456,0.37,13,可能加速下跌,,44,0,0
329,FAMAS | Commemoration (Factory New),381.99,375.0,344,39,0.1134,0.9817,steamdt-live,379.0,178,395.79,114,,11,12,9,2,6,0,4,0,-5.190760446416309e-05,-0.016299833887043147,-0.00772598506309552,-0.01635089540617707,0.023950553695596177,0.0,0.04292929292929293,-0.028205128205128216,-0.13541381512911765,0.37,7,可能加速下跌,,44,0,0
330,P250 | Steel Disruption (Factory New),36.99,35.6,245,25,0.102,0.9624,steamdt-live,38.79,128,36.2,111,,11,12,7,2,4,0,3,5,0.00612602100350057,0.04957958828645981,0.007346459006758677,0.056009334889148166,0.006858710562414272,0.06533254855797543,0.015769439912996175,0.005555555555555536,-0.3155605974664397,0.18,6,长期阴跌,,44,0,0
331,Glock-18 | Snack Attack (Factory New),710.0,702.0,362,34,0.0939,0.9887,steamdt-live,758.0,72,738.99,91,,7,12,9,2,8,2,4,0,-0.001034482758620725,-0.019675526406627508,-0.03139612558450233,-0.020689655172413834,0.050802139037433136,0.0,0.06269389694913463,-0.004905395935529078,-0.13624253336415282,0.32,12,可能加速下跌,,44,0,0
332,★ Moto Gloves | Finish Line (Field-Tested),487.5,676.0,439,34,0.0774,1.3867,steamdt-live,487.9,437,498.5,242,"溢价求购:买一高于卖一,多为定向收特定图案,买一价不可作退出价",7,0,9,5,2,10,6,5,0.003975026014568117,0.010551190895710993,-0.011316872427983515,0.014568158168574374,0.0018427518427518441,0.017745302713987554,0.006926054186188635,0.004119464469618972,-0.11040145985401462,0.37,7,回撤不明显,买一异常溢价(不作为可成交退出价),44,0,0
333,★ Hydra Gloves | Emerald (Field-Tested),192.7,199.0,117,9,0.0769,1.0327,steamdt-live,197.47,102,196.77,561,,7,15,7,5,6,0,4,0,-0.008651399491094058,-0.012833675564681735,-0.010075566750629705,-0.021374045801526687,0.03123425692695203,0.0,0.03123425692695203,0.006806282722513046,-0.14798404962339384,0.06,11,可能加速下跌,,44,0,0
334,M4A1-S | Blue Phosphor (Factory New),3540.0,3570.0,519,38,0.0732,1.0085,steamdt-live,3574.5,315,3649.99,140,,7,15,12,2,2,0,6,0,0.0028248587570620654,-0.0028169014084507005,-0.005059021922428353,0.0,0.005059021922428353,0.0,0.011173184357541888,-0.013652828085817803,-0.02304401821443358,0.34,7,回撤不明显,,44,0,0
335,M4A1-S | Cyrex (Factory New),1288.5,1260.0,522,35,0.067,0.9779,steamdt-live,1267.0,234,1266.0,131,,7,12,12,2,0,0,6,5,0.0028112449799195804,0.014016820184221013,-0.0032025620496397567,0.01686746987951815,0.0,0.01686746987951815,0.0,0.021791767554479424,-0.00039478878799836803,0.37,5,回撤不明显,,44,0,0
336,Galil AR | Chromatic Aberration (Factory New),131.48,125.0,628,37,0.0589,0.9507,steamdt-live,127.98,187,129.99,184,,3,9,12,2,0,10,3,5,-0.01258162127727347,0.032096774193548505,0.00875572335127317,0.019111323459149565,0.0,0.0665,7.813110399246259e-05,-0.01652193959886261,-0.22436363636363632,0.23,7,回撤不明显,,44,0,0
337,M4A1-S | Stratosphere (Factory New),208.99,207.0,410,20,0.0488,0.9905,steamdt-live,224.96,230,227.13,292,,3,15,9,2,8,0,2,5,0.0046511627906977715,-0.03245370370370371,-0.022682849220419188,-0.027953488372092994,0.05000227283058323,0.021955990220049015,0.06908685968819595,-0.043524027459954207,-0.18933281613653996,0.37,10,可能加速下跌,,44,0,0
338,AWP | Crakow! (Factory New),511.5,506.0,749,36,0.0481,0.9892,steamdt-live,514.0,373,518.06,228,,3,12,12,2,4,0,6,5,-0.0019512195121951237,0.0,0.004901960784313708,-0.0019512195121951237,0.0019512195121951237,0.008875739644970349,0.0163461538461539,0.0009784735812132794,-0.07168784029038111,0.36,11,回撤不明显,,44,0,0
339,M4A4 | Temukau (Factory New),637.5,626.0,773,37,0.0479,0.982,steamdt-live,635.0,646,655.0,302,,3,12,12,2,4,0,6,5,0.0017271157167531026,-0.00470219435736674,0.0029921259842520254,-0.002983199874391551,0.00470219435736674,0.007936507936507908,0.018547140649149974,-0.015351217242983384,-0.0814939103769492,0.34,9,回撤不明显,,44,0,0
340,M4A1-S | Knight (Factory New),16299.5,15160.0,17,6,0.3529,0.9301,steamdt-live,17800.0,14,16400.0,31,,20,9,2,2,4,0,6,0,0.006141975308642023,0.0,0.006211180124223503,0.006141975308642023,0.0061280487804877826,0.012391304347826093,0.02979166666666666,-0.02979166666666666,-0.008424996000119367,0.19,2,回撤不明显,,43,0,0
341,★ Broken Fang Gloves | Jade (Field-Tested),426.48,500.0,132,31,0.2348,1.1724,steamdt-live,425.0,113,435.0,101,"溢价求购:买一高于卖一,多为定向收特定图案,买一价不可作退出价",17,0,7,5,0,10,4,0,0.007075471698113178,-0.0012177985948477188,-0.008187134502923965,0.005849056603773661,0.0023859649122807136,0.01542857142857157,0.00355140186915881,-0.0035281198158835236,-0.00700831218421849,0.37,6,回撤不明显,买一异常溢价(不作为可成交退出价),43,0,0
342,★ Sport Gloves | Ultra Violent (Field-Tested),5860.0,8070.0,518,66,0.1274,1.3771,steamdt-live,5783.0,565,5918.0,169,"溢价求购:买一高于卖一,多为定向收特定图案,买一价不可作退出价",11,0,12,5,4,0,6,5,0.012796752272526746,0.007842453816660822,-0.007097791798107211,0.020739564027888013,0.0,0.020739564027888013,0.028067226890756247,-0.028067226890756247,-0.03520186853520191,0.27,3,回撤不明显,买一异常溢价(不作为可成交退出价),43,0,0
343,AWP | Elite Build (Factory New),448.5,440.0,382,38,0.0995,0.981,steamdt-live,477.49,80,472.38,132,,7,12,9,2,8,0,0,5,-2.1561017680027383e-05,-0.032967506845770767,-0.03173277661795404,-0.03298835705045278,0.07676156363860931,0.0,0.07676156363860931,0.03222094361334871,-0.1307634164777023,0.36,4,可能加速下跌,,43,0,0
344,USP-S | Neo-Noir (Factory New),696.5,686.0,486,41,0.0844,0.9849,steamdt-live,705.0,207,697.5,169,,7,12,9,2,2,0,6,5,0.0034532374100719743,-0.0012905075996558768,-0.006433166547534008,0.0021582733812950394,0.0042887776983560055,0.009420289855072372,0.009246088193456625,0.00868935553946426,0.0021582733812950394,0.35,8,回撤不明显,,43,0,0
345,Glock-18 | Wraiths (Factory New),37.2,35.0,418,28,0.067,0.9409,steamdt-live,38.09,156,36.88,150,,7,9,9,2,2,10,4,0,-0.059897931775449775,0.053714285714285825,0.004045307443365731,-0.009401020682245353,0.012054647736404966,0.05977011494252893,0.012054647736404966,0.05703640011464617,-0.3518453427065026,0.37,5,长期阴跌,,43,0,0
346,AK-47 | The Outsiders (Factory New),381.0,368.0,992,57,0.0575,0.9659,steamdt-live,395.75,172,379.5,294,,3,12,15,2,6,0,2,3,-0.0039011703511053764,-0.009138381201044377,-0.005174644243208237,-0.013003901170351106,0.018111254851228997,0.009308510638297962,0.04287515762925598,-0.001315789473684159,-0.1891025641025641,0.36,6,可能加速下跌,,43,0,0
347,USP-S | Royal Guard (Factory New),30.0,28.3,1098,25,0.0228,0.9433,steamdt-live,29.82,719,29.71,706,,3,9,15,2,8,0,3,3,0.00033978933061518113,0.009171195652173836,0.025435540069686402,0.00951410125722063,0.0013445378151260012,0.061071428571428665,0.07156249999999997,-0.06865203761755478,-0.1467547386559448,0.3,14,回撤不明显,,43,0,0
348,AK-47 | Crossfade (Factory New),27.78,24.7,2801,49,0.0175,0.8891,steamdt-live,28.45,1163,26.34,974,,3,6,15,2,6,0,6,5,0.013076923076922986,0.0,0.0038610038610038533,0.013076923076922986,0.008656379375235224,0.05360000000000009,0.041135784492173255,-0.04078659868900225,-0.18603213844252164,0.35,2,回撤不明显,,43,0,0
349,AK-47 | Slate (Factory New),92.0,91.0,1970,28,0.0142,0.9891,steamdt-live,92.0,1355,93.21,664,,3,12,15,2,0,0,6,5,-0.003278688524590123,0.00877192982456143,0.005494505494505475,0.005464480874316946,0.003142268934879233,0.012101210121012063,0.003142268934879233,0.013215859030837107,-0.07999999999999996,0.36,6,回撤不明显,,43,0,0
350,★ Sport Gloves | Violet Beadwork (Minimal Wear),3727.2,5040.0,46,29,0.6304,1.3522,steamdt-live,3779.0,65,3725.0,30,"溢价求购:买一高于卖一,多为定向收特定图案,买一价不可作退出价",20,0,4,5,2,0,6,5,0.0,0.0021684503919889853,-0.004435516271594997,0.0021684503919889853,0.002276684076603752,0.020547945205479534,0.009308510638297851,-0.009308510638297851,0.001478693372765072,0.37,2,回撤不明显,买一异常溢价(不作为可成交退出价),42,0,0
351,★ Specialist Gloves | Chocolate Chesterfield (Minimal Wear),1109.0,1670.0,39,23,0.5897,1.5059,steamdt-live,1095.0,41,1119.5,32,"溢价求购:买一高于卖一,多为定向收特定图案,买一价不可作退出价",20,0,4,5,2,0,6,5,0.0,-0.0009099181073702889,-0.0031746031746031633,-0.0009099181073702889,0.004081632653061273,0.016666666666666607,0.010810810810810811,0.0009207011914420526,0.009191176470588314,0.37,3,回撤不明显,买一异常溢价(不作为可成交退出价),42,0,0
352,★ Specialist Gloves | Lime Polycam (Field-Tested),1619.5,2230.0,126,37,0.2937,1.377,steamdt-live,1639.99,135,1657.39,69,"溢价求购:买一高于卖一,多为定向收特定图案,买一价不可作退出价",17,0,7,5,4,0,6,3,0.011540860885838944,-0.0012334258402713072,-0.003109452736318463,0.010293200249532175,0.006441717791411006,0.012820512820512775,0.028494301139772027,-0.028494301139772027,-0.0008020730503455198,0.37,8,回撤不明显,买一异常溢价(不作为可成交退出价),42,0,0
353,★ Specialist Gloves | Big Swell (Field-Tested),1145.98,1670.0,118,34,0.2881,1.4573,steamdt-live,1149.0,124,1139.0,101,"溢价求购:买一高于卖一,多为定向收特定图案,买一价不可作退出价",17,0,7,5,4,0,6,3,0.0,-0.007831078667932645,-0.0008790252393385822,-0.007831078667932645,0.00870322019147085,0.0013186813186814028,0.021477663230240585,-0.018103448275862077,0.013345195729537407,0.37,5,回撤不明显,买一异常溢价(不作为可成交退出价),42,0,0
354,P250 | Lotus Imprint (Factory New),84.3,79.0,73,18,0.2466,0.9371,steamdt-live,83.99,76,86.2,69,,17,9,4,2,4,0,6,0,0.0011876484560569,-0.0036773428232502736,-0.002133206921071218,-0.002494061757719823,0.0069756443603689045,0.0,0.021095571095571142,-0.021095571095571142,0.02426829268292674,0.37,6,回撤不明显,,42,0,0
355,★ Bloodhound Gloves | Guerrilla (Minimal Wear),1237.48,1170.0,127,27,0.2126,0.9455,steamdt-live,1297.98,21,1236.0,64,,17,9,7,5,4,0,0,0,-8.071090162098393e-06,-0.0024052042809408203,-0.008403428598868334,-0.0024132559584822966,0.017409968995945713,0.0,0.022151898734177222,-0.0024132559584822966,-0.11397849462365595,0.19,1,价格更新稀疏,,42,0,0
356,Tec-9 | Sultan (Factory New),37.19,35.6,157,27,0.172,0.9572,steamdt-live,36.4,123,37.66,117,,14,9,7,2,4,0,6,0,0.028063350930814135,-0.016216216216216273,-0.0002777777777777102,0.011392053348152187,0.018867924528301994,0.013927576601671321,0.021505376344086113,-0.016216216216216273,0.1934426229508197,0.37,8,可能加速下跌,,42,0,0
357,AK-47 | Hydroponic (Factory New),25298.5,24900.0,223,33,0.148,0.9842,steamdt-live,25999.0,122,25990.0,70,,11,12,7,2,6,0,4,0,-0.0008177883333851943,-0.014855971943098067,-0.00607482487379174,-0.015661611235947115,0.019607843137254943,0.0,0.036608863198458574,0.0245905838485998,-0.0667985591369753,0.27,7,可能加速下跌,,42,0,0
358,AWP | Desert Hydra (Factory New),9194.0,12180.0,279,39,0.1398,1.3248,steamdt-live,9100.0,227,9182.5,62,"溢价求购:买一高于卖一,多为定向收特定图案,买一价不可作退出价",11,0,9,2,4,10,6,0,-0.01094626882258154,0.022471910112359605,-0.0001666666666666483,0.011279657720731251,0.0,0.022471910112359605,0.021442243585607645,0.0022026431718060735,-0.0714285714285714,0.34,7,回撤不明显,买一异常溢价(不作为可成交退出价),42,0,0
359,Five-SeveN | Angry Mob (Factory New),469.0,459.0,239,32,0.1339,0.9787,steamdt-live,476.95,83,477.77,115,,11,12,7,2,4,0,6,0,-0.0008557980316644676,0.004282655246252709,0.011644517553352607,0.0034231921266580922,0.015739769150052485,0.015107571100818173,0.015739769150052485,0.05604467361689669,0.022231909328683575,0.3,8,可能加速下跌,,42,0,0
360,Tec-9 | Toxic (Factory New),169.15,164.0,255,32,0.1255,0.9696,steamdt-live,175.0,86,174.5,111,,11,12,9,2,6,0,2,0,-0.0004046710602381154,-0.023711757561737268,-0.005804931317891948,-0.024106833159902807,0.02977182596700967,0.0,0.03537142857142861,-0.00407079646017694,-0.2894902984132329,0.37,17,可能加速下跌,,42,0,0
361,USP-S | Serum (Factory New),635.0,616.0,168,21,0.125,0.9701,steamdt-live,728.79,42,652.07,76,,11,12,7,2,4,2,4,0,-0.01003898032421735,-0.007796996828075442,-0.006943164362519183,-0.01775770325454773,0.02457757296466978,0.0,0.02810089384106773,-0.0070367474589523304,-0.1155988857938719,0.35,5,可能加速下跌,,42,0,0
362,P250 | Crimson Kimono (Factory New),142.0,139.0,141,17,0.1206,0.9789,steamdt-live,145.33,63,148.81,92,,11,12,7,2,8,0,2,0,-0.0019195173784877229,-0.024658286970258958,-0.0026664843429508034,-0.02653047233838357,0.029126213592232997,0.0,0.06848596168984522,-0.06848596168984522,-0.3035118697272905,0.37,4,长期阴跌,,42,0,0
363,AWP | Silk Tiger (Factory New),3261.0,3170.0,317,37,0.1167,0.9721,steamdt-live,3415.97,67,3290.0,78,,11,12,9,2,8,0,0,0,0.0012269976288270534,-0.0009160567281149001,-0.011974541597211785,0.00030981690127895867,0.011518642012731117,0.00030981690127895867,0.06681928745170984,0.017631455765330095,-0.10510428100987923,0.34,1,价格更新稀疏,,42,0,0
364,Tec-9 | Brother (Factory New),20.31,17.8,215,23,0.107,0.8764,steamdt-live,17.78,171,16.86,1475,,11,3,7,2,10,0,4,5,-0.0029359953024075125,-0.007067137809187329,-0.009307737056428178,-0.009982384028185631,0.01919720767888322,0.007168458781362075,0.11866178776790381,-0.11866178776790381,-0.5060064459419866,0.25,5,长期阴跌,,42,0,0
365,Five-SeveN | Triumvirate (Factory New),86.48,81.0,222,22,0.0991,0.9366,steamdt-live,85.57,168,86.13,206,,7,9,7,2,8,0,6,3,-0.0012796649604467358,-0.004426324985439711,-0.005552984729291999,-0.005700325732898914,0.011221656640444277,0.0,0.05149262013095102,-0.05149262013095102,-0.20485626569913473,0.37,2,暂未减速,,42,0,0
366,★ Hydra Gloves | Rattler (Minimal Wear),221.49,224.0,124,12,0.0968,1.0113,steamdt-live,220.0,68,224.89,67,,7,15,7,5,2,0,6,0,0.016018306636155666,-0.009009009009009028,0.00045787545787545625,0.006864988558352492,0.011235955056179803,0.009591115598182709,0.011235955056179803,-0.008562415502478604,-0.028268551236749095,0.37,4,可能加速下跌,,42,0,0
367,★ Sport Gloves | Nocts (Minimal Wear),5399.99,7810.0,389,32,0.0823,1.4463,steamdt-live,5437.0,322,5649.8,80,"溢价求购:买一高于卖一,多为定向收特定图案,买一价不可作退出价",7,0,9,5,0,10,6,5,-0.006805223468824728,0.00490740740740736,0.0106887257180035,-0.0019312120654773057,0.0019312120654773057,0.026191376701966806,0.0033060887133804506,0.02396452495518453,-0.04193149717514122,0.15,7,回撤不明显,买一异常溢价(不作为可成交退出价),42,0,0
368,★ Specialist Gloves | Crimson Web (Field-Tested),793.0,1250.0,557,44,0.079,1.5763,steamdt-live,795.5,481,795.63,211,"溢价求购:买一高于卖一,多为定向收特定图案,买一价不可作退出价",7,0,12,5,2,10,6,0,-0.008738592324040506,0.0001135059464505428,0.013814955640050641,-0.008626078259782455,0.008626078259782455,0.010191082802547768,0.008750000000000036,-0.007509386733416723,-0.05539011316259679,0.34,16,回撤不明显,买一异常溢价(不作为可成交退出价),42,0,0
369,Desert Eagle | Starcade (Factory New),1226.0,1220.0,610,40,0.0656,0.9951,steamdt-live,1236.66,142,1240.0,168,,7,15,12,2,6,0,0,0,-0.0016280016280015852,-0.00040766408479409044,-0.0226574806281723,-0.0020350020350020648,0.024242713655826753,0.0008163265306122547,0.04961240310077519,-0.011290322580645107,-0.15796703296703296,0.33,1,价格更新稀疏,,42,0,0
370,AWP | Duality (Factory New),64.9,63.0,1013,25,0.0247,0.9707,steamdt-live,65.0,630,66.15,512,,3,12,15,2,6,0,4,0,-0.0009250693802035359,0.0015432098765433278,0.0009259259259259967,0.0006167129201357646,0.0007698229407235857,0.015808420723117944,0.03134328358208949,-0.026694661067786507,-0.17534942820838628,0.36,8,回撤不明显,,42,0,0
371,M4A1-S | Black Lotus (Factory New),74.9,73.0,1505,31,0.0206,0.9746,steamdt-live,74.39,1048,76.52,561,,3,12,15,2,4,0,6,0,0.004032258064516014,-0.005488621151271689,-0.007999999999999896,-0.0014784946236559016,0.009466666666666623,0.03180555555555564,0.02095413811280955,-0.009466666666666623,-0.13232889511796309,0.37,17,回撤不明显,,42,0,0
372,★ Hand Wraps | Duct Tape (Minimal Wear),427.0,585.0,105,30,0.2857,1.37,steamdt-live,440.9,66,427.0,61,"溢价求购:买一高于卖一,多为定向收特定图案,买一价不可作退出价",17,0,7,5,6,0,6,0,-0.016091954022988464,-0.01869158878504673,0.05329426862635889,-0.03448275862068961,0.03448275862068961,0.03831891223732997,0.03448275862068961,-0.014084507042253502,-0.045454545454545414,0.37,7,可能加速下跌,买一异常溢价(不作为可成交退出价),41,0,0
373,★ Sport Gloves | Scarlet Shamagh (Minimal Wear),1951.5,2980.0,173,32,0.185,1.527,steamdt-live,1980.0,168,2039.0,66,"溢价求购:买一高于卖一,多为定向收特定图案,买一价不可作退出价",14,0,7,5,4,0,6,5,0.0,0.005670103092783485,-0.00333932699717443,0.005670103092783485,0.0005122950819672623,0.016145833333333304,0.024499999999999966,-0.023523523523523493,-0.06426858513189448,0.37,3,回撤不明显,买一异常溢价(不作为可成交退出价),41,0,0
374,★ Hand Wraps | Arboreal (Minimal Wear),452.0,482.0,118,21,0.178,1.0664,steamdt-live,452.0,95,463.5,98,"溢价求购:买一高于卖一,多为定向收特定图案,买一价不可作退出价",14,0,7,5,4,0,6,5,-0.0022026431718061845,-0.002207505518763808,-0.0020003956826625258,-0.004405286343612369,0.009662364978856752,0.004444444444444473,0.027956989247311825,-0.027956989247311825,-0.09789442171439977,0.37,11,回撤不明显,买一异常溢价(不作为可成交退出价),41,0,0
375,MP9 | Setting Sun (Factory New),269.0,246.0,83,13,0.1566,0.9145,steamdt-live,270.0,24,276.0,66,,14,6,4,2,4,0,6,5,0.0,0.024761904761904763,0.009615384615384581,0.024761904761904763,0.0,0.034615384615384714,0.028495070244501375,0.003731343283582156,-0.046099290780141855,0.37,2,回撤不明显,,41,0,0
376,★ Broken Fang Gloves | Needle Point (Field-Tested),273.47,280.0,93,13,0.1398,1.0239,steamdt-live,269.85,94,269.39,116,,11,15,4,5,0,0,6,0,0.0035074626865672087,0.00338365434669452,-0.005565862708719838,0.006902985074626944,0.00018525379770273354,0.008822759729335772,0.0005555555555554204,0.022236533070687292,-0.025741930825330384,0.37,12,回撤不明显,,41,0,0
377,M4A1-S | Hot Rod (Factory New),8492.5,8700.0,334,41,0.1228,1.0244,steamdt-live,8793.5,181,8617.25,118,,11,15,9,2,4,0,0,0,-5.883045064125625e-05,-0.000706006942401638,-0.0024647887323944184,-0.0007647958583362202,0.010140451075237533,0.0,0.01690108236383636,-0.012499999999999956,-0.09654255319148941,0.26,0,价格更新稀疏,,41,0,0
378,★ Driver Gloves | Overtake (Field-Tested),263.99,350.0,225,24,0.1067,1.3258,steamdt-live,264.0,193,269.8,192,"溢价求购:买一高于卖一,多为定向收特定图案,买一价不可作退出价",11,0,7,5,0,10,3,5,0.013565592723909337,0.003764258555133182,-0.018979206049149266,0.01738091567750888,0.0019281663516067526,0.06233400402414491,0.0019281663516067526,-0.0019281663516067526,-0.05717857142857141,0.37,4,回撤不明显,买一异常溢价(不作为可成交退出价),41,0,0
379,MP9 | Deadly Poison (Factory New),56.99,57.0,198,21,0.1061,1.0002,steamdt-live,55.0,69,58.9,42,,11,15,7,2,0,0,6,0,0.009359515507432414,0.0,0.029862029862030015,0.009359515507432414,0.0,0.03950103950103956,0.0,0.3157894736842106,0.12039111835404359,0.37,5,回撤不明显,,41,0,0
380,Glock-18 | Mirror Mosaic (Factory New),154.99,149.0,355,33,0.093,0.9614,steamdt-live,159.0,219,156.0,162,,7,12,9,2,0,0,6,5,0.004164427727028519,0.03672240802675586,-0.007334311241498859,0.04103976356797423,0.0,0.04103976356797423,0.0,0.040201342281879215,-0.04273979371255632,0.37,7,回撤不明显,,41,0,0
381,P250 | Muertos (Factory New),123.4,119.0,279,25,0.0896,0.9643,steamdt-live,125.0,137,123.9,174,,7,12,9,2,4,3,4,0,-0.004016064257028162,-0.004838709677419284,-0.012139966674601266,-0.008835341365461824,0.01751592356687892,0.004804169041608963,0.028269942515158575,-0.011217948717948678,-0.23110474172845663,0.24,12,暂未减速,,41,0,0
382,AK-47 | Nouveau Rouge (Factory New),358.99,350.0,421,27,0.0641,0.975,steamdt-live,384.5,298,369.0,174,,7,12,9,2,4,0,4,3,-0.0027839029768467194,-0.007739296276845664,-0.007359982489260952,-0.010501653803748678,0.01778434430490572,0.0,0.029756756756756708,-0.02844384303112313,-0.06268929503916443,0.36,10,暂未减速,,41,0,0
383,M4A4 | Urban DDPAT (Factory New),149.0,139.0,552,34,0.0616,0.9329,steamdt-live,157.61,102,150.38,123,,7,9,12,2,4,0,2,5,0.03424657534246567,-0.013245033112582738,0.006896551724137945,0.020547945205479534,0.023335081279496572,0.020547945205479534,0.023335081279496572,0.006756756756756799,-0.1945945945945946,0.34,7,可能加速下跌,,41,0,0
384,M4A1-S | Party Animal (Factory New),161.0,156.0,374,21,0.0561,0.9689,steamdt-live,162.5,258,166.4,453,,3,12,9,2,6,0,4,5,0.0006195786864930941,-0.003095975232198178,0.024826973141151898,-0.0024783147459728205,0.009230769230769265,0.03870967741935494,0.030120481927710885,-0.024242424242424288,-0.09024128383341812,0.37,9,回撤不明显,,41,0,0
385,Desert Eagle | Printstream (Factory New),464.0,464.0,1227,47,0.0383,1.0,steamdt-live,458.5,953,472.65,426,,3,15,15,2,2,0,4,0,-2.1528525296021783e-05,0.0021744278671229633,-0.0010752688172043223,0.0021528525296017342,0.0,0.01526717557251911,0.009574468085106425,-0.009574468085106425,-0.03523316062176163,0.15,7,回撤不明显,,41,0,0
386,★ Driver Gloves | Seigaiha (Field-Tested),490.99,657.0,69,23,0.3333,1.3381,steamdt-live,489.5,87,494.5,45,"溢价求购:买一高于卖一,多为定向收特定图案,买一价不可作退出价",20,0,4,5,4,0,4,3,0.000607041683528875,-0.0070980788675429896,-0.0016161616161616266,-0.006495346013759562,0.009101917255297631,0.004069529652351855,0.018020000000000036,-0.001037639877924712,-0.014076305220883545,0.37,3,回撤不明显,买一异常溢价(不作为可成交退出价),40,0,0
387,★ Sport Gloves | Creme Pinstripe (Field-Tested),537.0,755.0,109,27,0.2477,1.406,steamdt-live,530.0,113,541.0,50,"溢价求购:买一高于卖一,多为定向收特定图案,买一价不可作退出价",17,0,7,5,6,1,4,0,0.003724394785847407,-0.016697588126159513,-0.01377410468319562,-0.013035381750465591,0.02930402930402931,0.0,0.03019213174748403,-0.026629935720844822,-0.0535714285714286,0.26,6,可能加速下跌,买一异常溢价(不作为可成交退出价),40,0,0
388,★ Broken Fang Gloves | Needle Point (Minimal Wear),375.0,408.0,100,21,0.21,1.088,steamdt-live,368.91,57,384.22,42,"溢价求购:买一高于卖一,多为定向收特定图案,买一价不可作退出价",17,0,7,5,0,0,6,5,-0.002732240437158473,0.010712328767123358,-0.003837674532538693,0.007950819672131182,0.0029459459459458825,0.010712328767123358,0.0029459459459458825,0.010712328767123358,0.015134421177182888,0.37,4,回撤不明显,买一异常溢价(不作为可成交退出价),40,0,0
389,AK-47 | Fuel Injector (Factory New),2385.0,3020.0,437,49,0.1121,1.2662,steamdt-live,2410.0,199,2415.0,130,"溢价求购:买一高于卖一,多为定向收特定图案,买一价不可作退出价",11,0,9,2,2,10,6,0,-0.006055543954896603,0.0021008403361344463,-0.00020876826722338038,-0.003967425349759912,0.006042925609501926,0.004210526315789442,0.006042925609501926,0.0021008403361344463,-0.026530612244897944,0.35,4,回撤不明显,买一异常溢价(不作为可成交退出价),40,0,0
390,★ Sport Gloves | Slingshot (Minimal Wear),5399.0,8540.0,364,40,0.1099,1.5818,steamdt-live,5495.0,329,5650.0,83,"溢价求购:买一高于卖一,多为定向收特定图案,买一价不可作退出价",11,0,9,5,4,0,6,5,-9.237875288681252e-05,-0.0024020694752402427,-0.003589837997054479,-0.002494226327944604,0.009357798165137599,9.26183199037034e-05,0.027207207207207262,-0.01836363636363636,-0.08180272108843534,0.34,5,回撤不明显,买一异常溢价(不作为可成交退出价),40,0,0
391,MP9 | Music Box (Factory New),45.5,44.4,275,21,0.0764,0.9758,steamdt-live,43.65,98,44.0,102,,7,12,9,2,10,0,0,0,-0.004911810672024952,-0.020641687233565187,-0.01991247264770246,-0.025452109845947812,0.04276315789473695,0.015116279069767424,0.08528918692372167,-0.0854808296668762,-0.502677452432494,0.24,8,长期阴跌,,40,0,0
392,★ Specialist Gloves | Fade (Field-Tested),1083.99,2070.0,1107,52,0.047,1.9096,steamdt-live,1097.49,995,1124.0,388,"溢价求购:买一高于卖一,多为定向收特定图案,买一价不可作退出价",3,0,15,5,6,0,6,5,0.000554067780958345,0.0004522381172127332,-0.003313391624482187,0.0010065564687413708,0.0023101702715140338,0.004159333024548406,0.03085382208314702,-0.023432432432432426,-0.08908403361344541,0.34,6,回撤不明显,买一异常溢价(不作为可成交退出价),40,0,0
393,AK-47 | Elite Build (Factory New),51.8,49.0,1060,25,0.0236,0.9459,steamdt-live,51.3,708,50.77,418,,3,9,15,2,6,0,0,5,0.0003869969040248833,-0.017988394584139256,0.01333333333333342,-0.01760835913312686,0.031476535673407025,0.01540000000000008,0.031476535673407025,-0.00039377830281539516,-0.15213760855043423,0.36,8,可能加速下跌,,40,0,0
394,★ Driver Gloves | Dragon Fists (Minimal Wear),1297.0,1820.0,38,26,0.6842,1.4032,steamdt-live,1289.5,43,1332.5,33,"溢价求购:买一高于卖一,多为定向收特定图案,买一价不可作退出价",20,0,4,5,6,0,4,0,-0.00536193029490617,-0.00693107431651907,-0.005712109672505683,-0.012255840674071261,0.017897943640517888,0.0,0.037327360955580424,-0.033604628505478296,-0.013389441469012997,0.37,4,可能加速下跌,买一异常溢价(不作为可成交退出价),39,0,0
395,★ Sport Gloves | Creme Pinstripe (Minimal Wear),1049.5,1400.0,41,23,0.561,1.334,steamdt-live,1098.5,40,1085.5,37,"溢价求购:买一高于卖一,多为定向收特定图案,买一价不可作退出价",20,0,4,5,8,0,2,0,-0.007421150278293154,-0.019158878504672905,-0.000926784059314234,-0.02643784786641934,0.027340129749768294,0.0043062200956938135,0.06917960088691799,-0.06917960088691799,-0.05108499095840868,0.11,6,可能加速下跌,买一异常溢价(不作为可成交退出价),39,0,0
396,★ Specialist Gloves | Blackbook (Minimal Wear),3215.0,4400.0,45,24,0.5333,1.3686,steamdt-live,3230.0,63,3300.0,29,"溢价求购:买一高于卖一,多为定向收特定图案,买一价不可作退出价",20,0,4,5,4,0,6,0,-0.0029420873335398445,-0.0013977325671687968,-0.0027302152051985606,-0.004335707649427034,0.0070510187378584055,0.0015576323987538387,0.02546226129130036,-0.009244992295839749,0.021283354510800434,0.12,4,回撤不明显,买一异常溢价(不作为可成交退出价),39,0,0
397,★ Sport Gloves | Ultra Violent (Minimal Wear),11387.5,12410.0,273,63,0.2308,1.0898,steamdt-live,11450.0,290,11654.0,71,"溢价求购:买一高于卖一,多为定向收特定图案,买一价不可作退出价",17,0,9,5,4,0,4,0,-0.004829645240604141,-0.007323744816024047,-0.003500175008750439,-0.012118018967333999,0.015575778788939454,0.0,0.020674646354733373,-0.020674646354733373,-0.04652936689549958,0.37,3,可能加速下跌,买一异常溢价(不作为可成交退出价),39,0,0
398,★ Broken Fang Gloves | Yellow-banded (Minimal Wear),442.0,509.0,109,23,0.211,1.1516,steamdt-live,470.0,58,464.5,61,"溢价求购:买一高于卖一,多为定向收特定图案,买一价不可作退出价",17,0,7,5,4,0,6,0,-0.001129943502824804,0.0,0.0011312217194570096,-0.001129943502824804,0.0033821871476887866,0.0011325028312569874,0.026431718061673992,0.0034052213393871433,-0.07820646506777895,0.37,6,回撤不明显,买一异常溢价(不作为可成交退出价),39,0,0
399,AK-47 | Fire Serpent (Factory New),14900.0,13640.0,60,12,0.2,0.9154,steamdt-live,15150.0,53,15180.0,36,,17,6,4,2,4,0,6,0,0.0033670033670034627,0.0,-0.003355704697986628,0.0033670033670034627,0.01715039577836408,0.0033670033670034627,0.01715039577836408,0.02769251991585331,-0.006633554451815016,0.33,2,暂未减速,,39,0,0
400,★ Driver Gloves | Snow Leopard (Minimal Wear),3398.0,6370.0,227,36,0.1586,1.8746,steamdt-live,3370.0,234,3483.0,74,"溢价求购:买一高于卖一,多为定向收特定图案,买一价不可作退出价",14,0,7,5,2,0,6,5,0.0029850746268655914,0.0029761904761904656,-0.004457652303120341,0.005970149253731405,0.0,0.007473841554558991,0.014475800555636797,-0.014475800555636797,-0.07044996290074779,0.37,2,回撤不明显,买一异常溢价(不作为可成交退出价),39,0,0
401,★ Hand Wraps | Slaughter (Minimal Wear),3540.0,3440.0,175,25,0.1429,0.9718,steamdt-live,3780.0,35,3715.3,61,,11,12,7,5,4,0,0,0,0.0,0.0028328611898016387,-0.01862663330553238,0.0028328611898016387,0.015846538782318564,0.0028328611898016387,0.028806584362139898,-0.015299026425591111,-0.10808767951625098,0.19,1,价格更新稀疏,,39,0,0
402,MP9 | Pandora's Box (Factory New),817.5,781.0,41,3,0.0732,0.9554,steamdt-live,887.4,43,838.09,43,,7,9,4,2,6,0,6,5,0.0049170251997541214,0.0,-0.005501222493887514,0.0049170251997541214,0.0006112469437652424,0.005535055350553542,0.04374780676102463,-0.04374780676102463,-0.15328845157949245,0.37,4,回撤不明显,,39,0,0
403,MP9 | Mount Fuji (Factory New),94.89,91.0,1225,46,0.0376,0.959,steamdt-live,96.0,508,96.93,330,,3,9,15,2,2,2,6,0,-0.006276150627614996,-0.0052631578947368585,0.007482347981873749,-0.011506276150627603,0.013569937369519836,0.012861736334405238,0.013569937369519836,-0.0031645569620253333,-0.10849056603773588,0.37,10,可能加速下跌,,39,0,0
404,AWP | Mortis (Factory New),74.0,71.0,1023,33,0.0323,0.9595,steamdt-live,75.67,325,75.6,399,,3,9,15,2,10,0,0,0,-0.010695187165775333,0.0,-0.038189533239038176,-0.010695187165775333,0.048476276199048374,0.0001351533991080789,0.10735826296743067,0.02792054452007231,-0.27436752304373413,0.32,1,价格更新稀疏,,39,0,0
405,★ Sport Gloves | Blaze (Field-Tested),725.0,1040.0,106,36,0.3396,1.4345,steamdt-live,715.0,115,730.0,55,"溢价求购:买一高于卖一,多为定向收特定图案,买一价不可作退出价",20,0,7,5,6,0,0,0,-0.0006954102920723182,-0.005567153792623514,0.016254416961130724,-0.006258692628650864,0.007638888888888862,0.035507246376811574,0.034459459459459496,-0.034459459459459496,-0.10641703873235031,0.37,10,回撤不明显,买一异常溢价(不作为可成交退出价),38,0,0
406,Tec-9 | Orange Murano (Factory New),91.99,86.0,63,13,0.2063,0.9349,steamdt-live,96.61,23,97.0,23,,17,9,4,2,6,0,0,0,0.0,0.0,-0.00010869565217397348,0.0,0.00010869565217397348,0.0,0.04077163712200216,-0.03168421052631587,-0.09369458128078823,0.1,0,价格更新稀疏,,38,0,0
407,USP-S | Caiman (Factory New),474.9,463.0,234,32,0.1368,0.9749,steamdt-live,521.4,44,476.64,91,,11,12,7,2,2,0,4,0,0.0005693559951076566,0.0008640856498556282,-0.0079079497907949,0.0014339336173083694,0.0064853556485355845,0.010425531914893593,0.010624999999999996,0.007211028632025496,-0.16666666666666674,0.37,9,回撤不明显,,38,0,0
408,★ Moto Gloves | Polygon (Minimal Wear),1039.49,1480.0,131,17,0.1298,1.4238,steamdt-live,1069.5,124,1049.0,59,"溢价求购:买一高于卖一,多为定向收特定图案,买一价不可作退出价",11,0,7,5,6,0,4,5,0.0014457831325300763,0.0004716073147257305,-0.0019240019240018835,0.001918072289156525,9.620009620014969e-06,0.019107843137254887,0.036617238183503265,-0.02805984104721837,-0.09373147340889276,0.37,4,回撤不明显,买一异常溢价(不作为可成交退出价),38,0,0
409,★ Driver Gloves | Black Tie (Minimal Wear),1876.5,3470.0,311,34,0.1093,1.8492,steamdt-live,1889.0,301,1899.0,68,"溢价求购:买一高于卖一,多为定向收特定图案,买一价不可作退出价",11,0,9,5,2,0,6,5,5.329354082284077e-05,0.0,-0.005564682813079647,5.329354082284077e-05,0.005511685833907487,0.0002665245202557731,0.005775140404789658,-0.0010114991482113034,0.0037443166622090907,0.37,2,回撤不明显,买一异常溢价(不作为可成交退出价),38,0,0
410,★ Driver Gloves | Racing Green (Minimal Wear),247.5,410.0,170,18,0.1059,1.6566,steamdt-live,267.8,70,263.0,105,"溢价求购:买一高于卖一,多为定向收特定图案,买一价不可作退出价",11,0,7,5,8,0,4,3,-0.003952411370169218,-0.007976271594051898,-0.011913214990138088,-0.011897157457681162,0.023668639053254448,0.0,0.053211430320186826,-0.053211430320186826,-0.11092750916014082,0.34,10,暂未减速,买一异常溢价(不作为可成交退出价),38,0,0
411,★ Moto Gloves | Polygon (Field-Tested),674.5,870.0,309,26,0.0841,1.2898,steamdt-live,678.88,269,680.89,189,"溢价求购:买一高于卖一,多为定向收特定图案,买一价不可作退出价",7,0,9,5,6,0,6,5,0.001481481481481417,-0.004289940828402283,0.000741289844329085,-0.0028148148148148255,0.02659474468177414,0.0,0.03772748716922325,-0.026608821402747562,-0.045248226950354575,0.37,13,可能加速下跌,买一异常溢价(不作为可成交退出价),38,0,0
412,★ Sport Gloves | Amphibious (Field-Tested),1829.0,2820.0,1086,82,0.0755,1.5418,steamdt-live,1830.0,980,1844.0,268,"溢价求购:买一高于卖一,多为定向收特定图案,买一价不可作退出价",7,0,15,5,2,0,6,3,0.010611461475185102,-0.007515533005941877,0.013055555555555598,0.0030161776802850593,0.007515533005941877,0.022416009838448048,0.007515533005941877,0.007158590308369961,-0.05159450350012962,0.37,5,回撤不明显,买一异常溢价(不作为可成交退出价),38,0,0
413,FAMAS | Rapid Eye Movement (Factory New),105.0,102.0,334,24,0.0719,0.9714,steamdt-live,107.0,149,110.0,148,,7,12,9,2,4,0,4,0,-0.005142589995324909,-0.013157894736842146,-0.009722222222222188,-0.018232819074333828,0.02777777777777779,0.0,0.02777777777777779,0.036525172754195534,-0.05405405405405406,0.24,5,可能加速下跌,,38,0,0
414,★ Sport Gloves | Slingshot (Field-Tested),2075.0,3810.0,1054,61,0.0579,1.8361,steamdt-live,2079.5,864,2114.99,260,"溢价求购:买一高于卖一,多为定向收特定图案,买一价不可作退出价",3,0,15,5,4,0,6,5,0.0017019207391197888,0.00728155339805836,0.0012171372930867008,0.008995866763919391,0.0,0.014669926650366705,0.029920523609163197,-0.029920523609163197,-0.08791208791208793,0.34,6,回撤不明显,买一异常溢价(不作为可成交退出价),38,0,0
415,Glock-18 | Grinder (Factory New),60.18,56.0,858,37,0.0431,0.9305,steamdt-live,59.78,334,61.8,250,,3,9,12,2,6,0,6,0,-0.0006677796327211327,-0.003007016371533555,0.0,-0.0036727879799666185,0.03273905996758519,0.028965517241379413,0.034304207119741026,-0.034147920375465324,-0.29622641509433956,0.37,4,暂未减速,,38,0,0
416,M4A1-S | Icarus Fell (Factory New),2933.99,2910.0,607,23,0.0379,0.9918,steamdt-live,2998.38,399,2998.0,177,,3,15,12,2,0,0,6,0,0.00034030968181042454,-0.0018744684470148876,-0.00017012589316089954,-0.0015347966649651434,0.0020442176870748563,0.0017036531239329467,0.0020442176870748563,0.01434749990492623,-0.04258769782998861,0.37,4,回撤不明显,,38,0,0
417,USP-S | Desert Tactical (Factory New),19.4,18.4,813,25,0.0308,0.9485,steamdt-live,19.09,145,19.33,287,,3,9,12,2,6,0,6,0,-0.005641025641025643,-0.015471892728210479,0.026315789473684292,-0.021025641025641084,0.04502251125562773,0.03077753779697634,0.04502251125562773,-0.015979381443298912,-0.4545714285714286,0.37,6,长期阴跌,,38,0,0
418,M4A1-S | Liquidation (Factory New),62.4,61.0,1212,34,0.0281,0.9776,steamdt-live,59.9,564,62.04,278,,3,12,15,2,0,0,6,0,0.00459016393442635,0.008485639686683921,0.0,0.013114754098360715,0.003225806451612967,0.03344481605351168,0.003225806451612967,0.03691275167785224,-0.038880248833592534,0.37,15,回撤不明显,,38,0,0
419,★ Specialist Gloves | Lime Polycam (Minimal Wear),3450.0,4600.0,38,41,1.0789,1.3333,steamdt-live,3498.0,41,3510.16,34,"溢价求购:买一高于卖一,多为定向收特定图案,买一价不可作退出价",20,0,4,5,6,0,2,0,-0.0002857551078725429,-0.013863084178933782,-0.007234042553191489,-0.014144877839691428,0.021276595744680882,0.014705882352941124,0.04166666666666663,-0.03819347644270976,-0.04140038899694365,0.12,5,可能加速下跌,买一异常溢价(不作为可成交退出价),37,0,0
420,★ Specialist Gloves | Pillow Punchers (Minimal Wear),8350.0,12700.0,83,44,0.5301,1.521,steamdt-live,8450.0,87,8498.88,32,"溢价求购:买一高于卖一,多为定向收特定图案,买一价不可作退出价",20,0,4,5,6,0,2,0,0.0034647550776583103,-0.005834027860459612,0.009786605669282356,-0.002389486260453988,0.011541876294761777,0.018354777730349436,0.035351201478743044,-0.026749810595023016,0.007602268613491114,0.37,6,可能加速下跌,买一异常溢价(不作为可成交退出价),37,0,0
421,★ Driver Gloves | Garden (Minimal Wear),2700.0,3990.0,49,23,0.4694,1.4778,steamdt-live,2749.5,63,2708.5,43,"溢价求购:买一高于卖一,多为定向收特定图案,买一价不可作退出价",20,0,4,5,8,0,0,0,-0.0005556584552695032,0.000741289844329085,-0.014241373014423964,0.00018521948508976038,0.014058791309110807,0.000741289844329085,0.05726256983240219,-0.05726256983240219,-0.06574394463667821,0.37,1,价格更新稀疏,买一异常溢价(不作为可成交退出价),37,0,0
422,M4A4 | Dark Operative (Factory New),41.39,37.1,95,23,0.2421,0.8964,steamdt-live,39.5,78,41.38,103,,17,6,4,2,8,0,0,0,-0.004807692307692402,-0.04589371980676327,-0.007159904534606132,-0.050480769230769273,0.052757793764988126,0.0050890585241731845,0.07710280373831768,-0.059523809523809534,-0.03658536585365857,0.26,11,可能加速下跌,,37,0,0
423,Galil AR | Aqua Terrace (Factory New),877.7,792.0,30,7,0.2333,0.9024,steamdt-live,928.9,20,901.15,34,,17,6,4,2,2,0,6,0,-0.0005690224194833116,-0.0005693463903438944,-0.0011367511651699802,-0.0011380448389666231,0.0022735023303398494,0.0,0.010930809105251238,-0.011487780155422844,-0.0647144699125134,0.19,4,回撤不明显,,37,0,0
424,★ Hand Wraps | Desert Shamagh (Minimal Wear),394.5,462.0,154,28,0.1818,1.1711,steamdt-live,398.5,53,396.0,113,"溢价求购:买一高于卖一,多为定向收特定图案,买一价不可作退出价",14,0,7,5,2,0,4,5,0.0,-0.0012658227848101333,0.002538071065989911,-0.0012658227848101333,0.0012658227848101333,0.011538461538461497,0.007547169811320753,-0.007547169811320753,-0.04247572815533984,0.27,3,回撤不明显,买一异常溢价(不作为可成交退出价),37,0,0
425,USP-S | Whiteout (Factory New),2775.48,2660.0,146,20,0.137,0.9584,steamdt-live,2900.0,56,2870.0,47,,11,9,7,2,2,0,6,0,0.004260837347165536,0.023973436635307044,-0.00772058823529409,0.028336420896628356,0.0,0.04145590994371484,0.0076939578119413765,0.005608695652173923,-0.047372575939591544,0.28,6,回撤不明显,,37,0,0
426,M4A4 | Full Throttle (Factory New),1200.0,1130.0,240,29,0.1208,0.9417,steamdt-live,1216.78,141,1265.08,96,,11,9,7,2,4,0,4,0,-0.003281378178835115,-0.012345679012345734,-0.0008196721311475308,-0.015586546349466768,0.016393442622950838,0.0,0.021207177814029365,-0.017199017199017175,-0.09638554216867468,0.37,4,可能加速下跌,,37,0,0
427,Five-SeveN | Anodized Gunmetal (Factory New),89.6,83.0,127,13,0.1024,0.9263,steamdt-live,93.0,66,91.19,83,,11,6,7,2,0,0,6,5,0.0,0.025523635115027865,-0.007046255256278999,0.025523635115027865,0.0010034563496488236,0.026698751002635523,0.004444444444444473,-0.046707096499627676,-0.24042048151915907,0.29,6,回撤不明显,,37,0,0
428,MP9 | Airlock (Factory New),166.39,159.0,260,26,0.1,0.9556,steamdt-live,163.7,98,163.77,113,,11,9,9,2,0,0,6,0,0.0010416666666668295,0.0024484299442981694,0.0006744742166899798,0.0034926470588236835,0.0,0.004723926380368226,0.0007931665649786312,-0.0007931665649786312,-0.06079027355623101,0.19,4,回撤不明显,,37,0,0
429,P250 | Contaminant (Factory New),63.4,60.0,252,21,0.0833,0.9464,steamdt-live,58.0,23,67.77,20,,7,9,9,2,10,0,0,0,0.0,-0.10769230769230764,-0.02985074626865669,-0.10769230769230764,0.13432835820895528,0.0,0.14074074074074072,0.01221640488656206,-0.09076657783351616,0.37,1,价格更新稀疏,,37,0,0
430,★ Hand Wraps | CAUTION! (Field-Tested),780.0,861.0,594,45,0.0758,1.1038,steamdt-live,780.0,522,769.0,226,"溢价求购:买一高于卖一,多为定向收特定图案,买一价不可作退出价",7,0,12,5,2,0,6,5,0.004572175048987548,0.0,-0.007133592736705552,0.004572175048987548,0.003240440699935232,0.005228758169934622,0.014102564102564052,-0.014102564102564052,-0.05108588351431387,0.34,4,回撤不明显,买一异常溢价(不作为可成交退出价),37,0,0
431,Galil AR | Kami (Factory New),32.6,29.7,491,36,0.0733,0.911,steamdt-live,34.6,190,36.2,100,,7,6,9,2,2,0,6,5,0.0,0.0,0.006172839506172867,0.0,0.0060975609756096505,0.0030769230769231992,0.0060975609756096505,0.13588850174216027,-0.3191311612364244,0.26,5,长期阴跌,,37,0,0
432,AK-47 | Head Shot (Factory New),543.48,540.0,392,23,0.0587,0.9936,steamdt-live,551.4,197,551.37,132,,3,15,9,2,4,0,4,0,-0.002786936009763319,-0.007269937529682524,0.0008933454876938196,-0.010036612688755664,0.010036612688755664,0.0,0.02774647131433472,-0.02774647131433472,-0.058077263037487614,0.36,9,可能加速下跌,,37,0,0
433,Glock-18 | Shinobu (Factory New),123.0,118.0,929,54,0.0581,0.9593,steamdt-live,123.0,370,125.58,183,,3,9,15,2,2,0,6,0,0.01655462184873957,0.016781020087625054,0.00421940928270037,0.03361344537815136,0.007744433688286478,0.03902686264571731,0.007744433688286478,0.0004066693777957653,-0.09558823529411764,0.28,9,回撤不明显,,37,0,0
434,Glock-18 | Off World (Factory New),39.0,38.3,698,38,0.0544,0.9821,steamdt-live,39.37,240,38.95,119,,3,12,12,2,2,0,6,0,0.048648648648648596,-0.00592783505154626,0.01453249245955579,0.04243243243243233,0.011025641025640964,0.05758157389635321,0.011025641025640964,0.059033498077979196,-0.26812144212523725,0.37,7,可能加速下跌,,37,0,0
435,★ Specialist Gloves | Crimson Kimono (Field-Tested),10887.5,11130.0,849,42,0.0495,1.0223,steamdt-live,10987.5,741,11099.0,179,,3,15,12,5,2,0,0,0,-9.184423218222548e-05,4.592633416011793e-05,0.017570093457943914,-4.592211609111274e-05,0.009326660600545988,0.017523364485981352,0.009326660600545988,0.02326127819548862,0.027219549014057876,0.37,0,价格更新稀疏,,37,0,0
436,MP9 | Rose Iron (Factory New),57.5,53.0,490,24,0.049,0.9217,steamdt-live,57.73,183,58.67,180,,3,6,9,2,6,0,6,5,-0.003789183603169155,-0.005878284923928168,0.002936603903955781,-0.009645194626248799,0.015916481259626858,0.017699115044247815,0.03280067283431465,-0.0342626805508901,-0.2778196433057021,0.27,7,可能加速下跌,,37,0,0
437,P250 | Cyber Shell (Factory New),24.0,22.0,348,16,0.046,0.9167,steamdt-live,22.62,135,23.29,121,,3,6,9,2,10,5,2,0,-0.03323517038283552,-0.015665796344647487,-0.009583333333333388,-0.04838031131678577,0.05355648535564839,0.0,0.08272506082725062,-0.08309687880016214,-0.31036585365853653,0.34,5,长期阴跌,,37,0,0
438,AK-47 | Midnight Laminate (Factory New),84.2,80.0,1535,31,0.0202,0.9501,steamdt-live,84.77,1014,87.0,694,,3,9,15,2,2,0,6,0,0.02564102564102555,0.0035714285714285587,0.02375000000000016,0.0293040293040292,0.007067137809187329,0.05506883604505619,0.007067137809187329,0.00023730422401513351,-0.08259875938622274,0.19,16,回撤不明显,,37,0,0
439,AWP | Medusa (Factory New),29500.0,28940.0,10,8,0.8,0.981,steamdt-live,30999.0,22,32820.96,10,,20,12,2,2,0,0,0,0,0.0535714285714286,0.0,0.0,0.0535714285714286,0.0,0.0535714285714286,0.0,0.042439662178875626,0.017258918257211375,0.36,1,价格更新稀疏,,36,0,0
440,★ Sport Gloves | Violet Beadwork (Field-Tested),1408.0,2700.0,164,44,0.2683,1.9176,steamdt-live,1399.5,156,1378.0,88,"溢价求购:买一高于卖一,多为定向收特定图案,买一价不可作退出价",17,0,7,5,4,0,3,0,0.03195995379283789,0.028358208955223896,-0.00038491147036179285,0.061224489795918435,0.0,0.07656250000000009,0.01571428571428568,0.020740740740740726,-0.022265109480764655,0.11,7,回撤不明显,买一异常溢价(不作为可成交退出价),36,0,0
441,Tec-9 | Cut Out (Factory New),95.45,77.0,26,6,0.2308,0.8067,steamdt-live,98.0,24,99.1,30,,17,3,2,2,6,0,6,0,0.0,0.037612783998260735,-0.00010869565217397348,0.037612783998260735,0.0021952749320509612,0.037612783998260735,0.045499999999999985,-0.045499999999999985,-0.3156234315623432,0.37,2,长期阴跌,,36,0,0
442,M4A4 | Bullet Rain (Factory New),1552.0,2000.0,290,58,0.2,1.2887,steamdt-live,1686.0,67,1550.87,98,"溢价求购:买一高于卖一,多为定向收特定图案,买一价不可作退出价",17,0,9,2,2,0,6,0,-0.0006464124111182912,0.0031500646830529,0.0012944983818770073,0.0025016160310278313,0.0013715389568577097,0.003799352750808893,0.010924744897959249,0.06298235753745751,-0.030706250000000046,0.37,3,回撤不明显,买一异常溢价(不作为可成交退出价),36,0,0
443,★ Moto Gloves | Transport (Minimal Wear),347.0,505.0,124,23,0.1855,1.4553,steamdt-live,357.48,114,359.55,68,"溢价求购:买一高于卖一,多为定向收特定图案,买一价不可作退出价",14,0,7,5,2,0,3,5,0.0235294117647058,-0.002873563218390829,0.013412816691505292,0.020588235294117574,0.008571428571428563,0.06116207951070329,0.008571428571428563,0.019089574155653377,0.011661807580174877,0.37,4,回撤不明显,买一异常溢价(不作为可成交退出价),36,0,0
444,AK-47 | The Oligarch (Factory New),1719.0,1650.0,184,34,0.1848,0.9599,steamdt-live,1698.0,171,1767.18,89,,14,9,7,2,4,0,0,0,-0.0002942907592701216,-0.00029437739181625844,-0.012209302325581373,-0.0005885815185403542,0.01279069767441865,0.0002945508100147265,0.021607605877268843,0.00801424755120217,-0.03850509626274068,0.35,0,价格更新稀疏,,36,0,0
445,★ Hand Wraps | Giraffe (Minimal Wear),464.0,536.0,136,22,0.1618,1.1552,steamdt-live,460.0,73,486.94,69,"溢价求购:买一高于卖一,多为定向收特定图案,买一价不可作退出价",14,0,7,5,6,0,4,0,-0.007454739084132078,-0.012875536480686733,0.005353319057815886,-0.020234291799786974,0.020234291799786974,0.01098901098901095,0.040667361835245,-0.039665970772442605,-0.06652055684078084,0.33,12,可能加速下跌,买一异常溢价(不作为可成交退出价),36,0,0
446,★ Moto Gloves | Blood Pressure (Field-Tested),699.0,1000.0,230,36,0.1565,1.4306,steamdt-live,720.0,218,732.07,130,"溢价求购:买一高于卖一,多为定向收特定图案,买一价不可作退出价",14,0,7,5,4,0,6,0,-0.0035486160397445454,-0.004273504273504258,0.015129682997118143,-0.007806955287437911,0.008510638297872353,0.007930785868781598,0.018919829328542526,-0.019607843137254943,-0.09043591411841245,0.34,10,回撤不明显,买一异常溢价(不作为可成交退出价),36,0,0
447,★ Broken Fang Gloves | Unhinged (Field-Tested),307.41,385.0,124,19,0.1532,1.2524,steamdt-live,304.5,138,312.14,109,"溢价求购:买一高于卖一,多为定向收特定图案,买一价不可作退出价",14,0,7,5,4,0,6,0,0.004983388704318914,0.006611570247933907,-0.0033112582781457123,0.011627906976744207,0.01586891179987726,0.014999999999999902,0.01586891179987726,0.014999999999999902,-0.09428911362284353,0.37,14,暂未减速,买一异常溢价(不作为可成交退出价),36,0,0
448,★ Specialist Gloves | Tiger Strike (Minimal Wear),2094.5,3230.0,312,43,0.1378,1.5421,steamdt-live,2179.0,243,2095.0,86,"溢价求购:买一高于卖一,多为定向收特定图案,买一价不可作退出价",11,0,9,5,0,0,6,5,-0.0006631809619007667,0.007213272421255024,-0.0012574994000479345,0.0065453077544115335,0.00023866348448686736,0.012080212611741858,0.002381519409383137,-0.002381519409383137,-0.08497160332022713,0.37,3,回撤不明显,买一异常溢价(不作为可成交退出价),36,0,0
449,M4A4 | Daybreak (Factory New),4408.99,4270.0,171,21,0.1228,0.9685,steamdt-live,4668.47,49,4416.23,57,,11,12,7,2,4,0,0,0,-0.00011337868480720825,-0.00011565937181090558,-0.0032772064640071985,-0.0002290249433106739,0.0035054808452933406,0.0,0.020872844205392815,-0.02088371607562023,-0.16019238095238097,0.35,0,价格更新稀疏,,36,0,0
450,P250 | Hive (Factory New),55.07,50.0,155,17,0.1097,0.9079,steamdt-live,46.9,85,47.19,133,,11,6,7,2,10,0,0,0,0.0,-0.001702852277564837,-0.0021240441801190224,-0.001702852277564837,0.0038232795242141293,0.0,0.09389489953632146,-0.09424488219389726,-0.49834206867044606,0.23,1,价格更新稀疏,,36,0,0
451,★ Hand Wraps | Cobalt Skulls (Minimal Wear),2405.0,3630.0,363,37,0.1019,1.5094,steamdt-live,2480.0,300,2423.9,96,"溢价求购:买一高于卖一,多为定向收特定图案,买一价不可作退出价",11,0,9,5,0,0,6,5,0.004604437002930117,0.003541666666666776,-0.00020924879681938346,0.008162411050648855,0.0,0.01201305931736929,0.00041502386387215484,-0.00041502386387215484,-0.053634577603143385,0.1,8,回撤不明显,买一异常溢价(不作为可成交退出价),36,0,0
452,Galil AR | Vandal (Factory New),76.4,74.0,266,26,0.0977,0.9686,steamdt-live,76.19,89,76.14,81,,7,12,9,2,0,0,6,0,-0.00013097576948251088,-0.0026198585276395736,-0.00013095861707712597,-0.002750491159135504,0.002881089575694107,0.0,0.002881089575694107,0.015200000000000102,-0.26470304200869144,0.88,2,回撤不明显,,36,0,0
453,★ Sport Gloves | Scarlet Shamagh (Field-Tested),1079.0,1590.0,416,40,0.0962,1.4736,steamdt-live,1084.5,327,1099.99,164,"溢价求购:买一高于卖一,多为定向收特定图案,买一价不可作退出价",7,0,9,5,4,0,6,5,-0.003707136237256714,0.0037209302325580396,0.008411214953271129,0.0,0.0055299539170506895,0.027619047619047654,0.027927927927927976,-0.02748986029743128,-0.1082644628099173,0.37,7,回撤不明显,买一异常溢价(不作为可成交退出价),36,0,0
454,AWP | Ice Coaled (Factory New),178.5,176.0,345,33,0.0957,0.986,steamdt-live,185.0,241,184.68,131,,7,12,9,2,2,0,4,0,0.0056657223796034994,0.005633802816901401,0.008571428571428674,0.011331444759206777,0.0027932960893854997,0.020000000000000018,0.008333333333333304,0.002808988764045006,-0.06431828903915715,0.35,7,回撤不明显,,36,0,0
455,USP-S | Blood Tiger (Factory New),101.0,95.0,332,29,0.0873,0.9406,steamdt-live,99.8,70,100.25,150,,7,9,9,2,2,0,4,3,0.0026000000000001577,-0.0045880710153601845,0.0030090270812437314,-0.0020000000000000018,0.0045880710153601845,0.023799753795650247,0.006569779016524002,0.01836734693877551,-0.22635658914728685,0.37,12,回撤不明显,,36,0,0
456,P250 | Epicenter (Factory New),127.19,118.0,183,14,0.0765,0.9277,steamdt-live,125.65,78,122.95,102,,7,6,7,2,8,0,6,0,0.0,-0.0001626412946246214,-8.131403480249322e-05,-0.0001626412946246214,0.006063055780113125,0.003673469387755146,0.05539336201598033,-0.05539336201598033,-0.134215900288712,0.37,4,回撤不明显,,36,0,0
457,Glock-18 | Trace Lock (Factory New),38.5,34.7,242,16,0.0661,0.9013,steamdt-live,35.8,236,37.43,102,,7,6,7,2,8,0,6,0,0.051066217732884445,-0.04698344901227969,-0.007242339832869038,0.0016835016835017313,0.04977375565610853,0.020000000000000018,0.06052631578947365,-0.024590163934426146,-0.08226221079691509,0.37,12,可能加速下跌,,36,0,0
458,FAMAS | Faulty Wiring (Factory New),19.98,19.2,447,26,0.0582,0.961,steamdt-live,23.09,79,20.73,130,,3,12,9,2,10,0,0,0,-0.02488687782805432,-0.07285382830626452,-0.0251433612704014,-0.09592760180995474,0.11865902073224532,0.0,0.12059859154929575,0.049921177088807056,-0.5126829268292683,0.37,15,长期阴跌,,36,0,0
459,MP9 | Goo (Factory New),26.03,24.1,501,27,0.0539,0.9259,steamdt-live,25.11,251,24.75,562,,3,6,12,2,2,0,6,5,0.01791530944625408,-0.010000000000000009,0.020357291233900954,0.007736156351791479,0.010000000000000009,0.052743513398553654,0.010000000000000009,-0.0020161290322581182,-0.725,0.37,8,长期阴跌,,36,0,0
460,AWP | Green Energy (Factory New),204.38,196.0,750,38,0.0507,0.959,steamdt-live,201.96,350,204.9,490,,3,9,12,2,4,0,6,0,0.028205128205128105,0.007281795511221878,-0.005102040816326481,0.03569230769230769,4.951230380745297e-05,0.046424870466321266,0.029038461538461458,0.030408163265306154,-0.17597617201844218,0.36,11,回撤不明显,,36,0,0
461,AWP | Lightning Strike (Factory New),3016.97,2990.0,586,25,0.0427,0.9911,steamdt-live,3048.0,472,3050.0,145,,3,15,12,2,0,0,4,0,0.0008053030202190836,0.003148794679966649,0.0016933333333333245,0.003956633434051726,0.00034128561961566106,0.012575935559657525,0.00034128561961566106,0.018558406482106715,-0.0008378870673952932,0.34,4,回撤不明显,,36,0,0
462,M4A4 | Tooth Fairy (Factory New),89.79,88.0,1593,36,0.0226,0.9801,steamdt-live,87.87,434,92.0,545,,3,12,15,2,4,0,0,0,0.000227583067819781,-0.0003412969283276279,0.010114942528735682,-0.00011379153390977947,0.001477272727272716,0.010000000000000009,0.01821229050279327,-0.012696629213483135,-0.18260465116279068,0.37,0,价格更新稀疏,,36,0,0
463,★ Driver Gloves | Seigaiha (Minimal Wear),1010.1,1270.0,23,21,0.913,1.2573,steamdt-live,967.97,36,955.0,32,"溢价求购:买一高于卖一,多为定向收特定图案,买一价不可作退出价",20,0,2,5,2,0,6,0,-0.0041972717733472775,0.006322444678608985,-0.0020942408376963817,0.0020986358866736943,0.0,0.008447729672650395,0.012409513960703222,-0.011387163561076608,-0.015463917525773141,0.11,5,回撤不明显,买一异常溢价(不作为可成交退出价),35,0,0
464,★ Specialist Gloves | Big Swell (Minimal Wear),2545.0,3190.0,42,33,0.7857,1.2534,steamdt-live,2569.5,50,2536.0,34,"溢价求购:买一高于卖一,多为定向收特定图案,买一价不可作退出价",20,0,4,5,0,0,6,0,0.018036072144288484,-0.0015748031496063408,0.039583333333333304,0.016432865731462964,0.001967729240456517,0.03531332925086761,0.0035363457760314576,0.014399999999999968,0.036159346271705806,0.28,4,回撤不明显,买一异常溢价(不作为可成交退出价),35,0,0
465,AWP | Queen's Gambit (Factory New),1325.5,2370.0,103,44,0.4272,1.788,steamdt-live,1380.0,111,1370.57,54,"溢价求购:买一高于卖一,多为定向收特定图案,买一价不可作退出价",20,0,7,2,6,0,0,0,-0.002259887005649719,0.0007550018875046582,-0.00150432493418573,-0.0015065913370998496,0.0030086498683715712,0.002647503782148286,0.04088277858176559,-0.04088277858176559,-0.01413164745258455,0.36,1,价格更新稀疏,买一异常溢价(不作为可成交退出价),35,0,0
466,★ Driver Gloves | Queen Jaguar (Minimal Wear),677.0,910.0,119,33,0.2773,1.3442,steamdt-live,679.41,57,679.48,87,"溢价求购:买一高于卖一,多为定向收特定图案,买一价不可作退出价",17,0,7,5,0,0,6,0,0.0060690596667212215,-0.001474926253687281,-0.0007413887694429633,0.004585181997596166,0.002210759027265974,0.007440476190476275,0.002945508100147265,0.008941877794336861,-0.016688695551133614,0.36,8,回撤不明显,买一异常溢价(不作为可成交退出价),35,0,0
467,MP9 | Wild Lily (Factory New),16549.0,15910.0,31,8,0.2581,0.9614,steamdt-live,16400.0,23,17190.55,14,,17,12,4,2,0,0,0,0,0.03147897732633109,0.0,0.003123028391167182,0.03147897732633109,0.0,0.034700315457413256,0.0,0.00619669918399901,-0.006000363658403507,0.16,1,价格更新稀疏,,35,0,0
468,★ Specialist Gloves | Blackbook (Field-Tested),1633.5,2280.0,148,38,0.2568,1.3958,steamdt-live,1674.5,154,1638.0,66,"溢价求购:买一高于卖一,多为定向收特定图案,买一价不可作退出价",17,0,7,5,0,0,6,0,0.0,0.011455108359133215,0.002171889543903127,0.011455108359133215,0.0,0.014596273291925366,0.0,0.006171926971690445,0.02157598499061919,0.12,5,回撤不明显,买一异常溢价(不作为可成交退出价),35,0,0
469,★ Moto Gloves | Finish Line (Minimal Wear),976.5,1270.0,181,46,0.2541,1.3006,steamdt-live,994.0,138,999.48,73,"溢价求购:买一高于卖一,多为定向收特定图案,买一价不可作退出价",17,0,7,5,0,0,6,0,0.0030967396783916357,0.0015384615384614886,0.0062008281573500135,0.004639965431743054,0.002859185132237263,0.012441679626749691,0.002859185132237263,0.0036074368698548742,-0.014114368790889231,0.37,7,回撤不明显,买一异常溢价(不作为可成交退出价),35,0,0
470,FAMAS | Cyanospatter (Factory New),42.8,39.0,321,28,0.0872,0.9112,steamdt-live,46.0,55,44.55,75,,7,6,9,2,8,1,2,0,-0.004555808656036331,-0.020594965675057364,-0.028761061946902755,-0.02505694760820054,0.053097345132743445,0.01904761904761898,0.06733493135759427,0.120418848167539,-0.22924545290833787,0.35,8,可能加速下跌,,35,0,0
471,★ Driver Gloves | Queen Jaguar (Field-Tested),300.0,393.0,230,20,0.087,1.31,steamdt-live,298.5,203,308.38,93,"溢价求购:买一高于卖一,多为定向收特定图案,买一价不可作退出价",7,0,7,5,0,10,6,0,0.020905923344947785,0.018771331058020424,-0.010344827586206917,0.04006968641114983,0.0016054585591009918,0.041884816753926746,0.0016054585591009918,0.017035775127768327,-0.021279386209383966,0.34,8,回撤不明显,买一异常溢价(不作为可成交退出价),35,0,0
472,FAMAS | Night Borre (Factory New),69.3,65.0,250,16,0.064,0.938,steamdt-live,64.82,82,68.23,100,,7,9,7,2,10,0,0,0,-0.000923218956762395,-0.001694132142307292,-0.062463935372186974,-0.0026157870441606557,0.06491633006347375,0.0,0.1215611871527309,-0.1215611871527309,-0.43634782608695655,0.37,1,价格更新稀疏,,35,0,0
473,★ Driver Gloves | Black Tie (Field-Tested),770.0,1190.0,696,36,0.0517,1.5455,steamdt-live,755.0,619,769.99,154,"溢价求购:买一高于卖一,多为定向收特定图案,买一价不可作退出价",3,0,12,5,4,0,6,5,0.0009678231932861436,0.0,0.005706742756570016,0.0009678231932861436,0.0,0.020270270270270174,0.01564537157757495,0.006666666666666599,-0.03821656050955413,0.34,6,回撤不明显,买一异常溢价(不作为可成交退出价),35,0,0
474,AK-47 | Legion of Anubis (Factory New),349.99,346.0,753,38,0.0505,0.9886,steamdt-live,339.5,339,349.89,249,,3,12,12,2,2,0,4,0,0.0014619883040936088,-0.008759124087591275,-0.002915451895043719,-0.007309941520467822,0.010204081632653073,0.0,0.014513788098693747,0.018510185101850984,-0.017536751938881823,0.36,5,可能加速下跌,,35,0,0
475,★ Sport Gloves | Big Game (Field-Tested),837.5,953.0,764,36,0.0471,1.1379,steamdt-live,844.0,573,849.0,173,"溢价求购:买一高于卖一,多为定向收特定图案,买一价不可作退出价",3,0,12,5,4,0,6,5,-0.0006035003017501595,0.011473429951690761,0.004242424242424159,0.010863005431502648,0.0,0.015151515151515138,0.027293844367015097,-0.02898550724637683,-0.0693410378930992,0.34,6,回撤不明显,买一异常溢价(不作为可成交退出价),35,0,0
476,Tec-9 | Re-Entry (Factory New),46.97,44.0,991,26,0.0262,0.9368,steamdt-live,42.89,211,44.55,220,,3,9,15,2,6,0,0,0,-0.0013956734124215275,-0.000931749359422307,-0.033715441672285906,-0.0023261223540358422,0.038125140165956584,0.0,0.038125140165956584,0.1480192719486082,-0.20574074074074078,0.37,0,价格更新稀疏,,35,0,0
477,★ Moto Gloves | Spearmint (Minimal Wear),18250.0,26430.0,181,36,0.1989,1.4482,steamdt-live,18400.0,155,18481.0,56,"溢价求购:买一高于卖一,多为定向收特定图案,买一价不可作退出价",14,0,7,5,2,0,6,0,0.00027337342810285215,-0.0024596884394643137,-0.0005464480874316502,-0.002186987424822262,0.002732240437158473,2.7398010904455816e-05,0.00812522079404332,0.005509641873278293,-0.07781707933299642,0.35,3,回撤不明显,买一异常溢价(不作为可成交退出价),34,0,0
478,★ Specialist Gloves | Buckshot (Minimal Wear),399.49,530.0,150,28,0.1867,1.3267,steamdt-live,421.99,98,414.5,65,"溢价求购:买一高于卖一,多为定向收特定图案,买一价不可作退出价",14,0,7,5,6,0,2,0,-0.007092198581560183,-0.016034482758620627,0.009629629629629655,-0.023012961604304105,0.02682095006090135,0.0,0.048833333333333284,-0.048833333333333284,-0.13717062634989197,0.37,10,可能加速下跌,买一异常溢价(不作为可成交退出价),34,0,0
479,★ Sport Gloves | Occult (Field-Tested),3084.5,4090.0,267,48,0.1798,1.326,steamdt-live,3122.5,310,3121.5,112,"溢价求购:买一高于卖一,多为定向收特定图案,买一价不可作退出价",14,0,9,5,0,0,6,0,0.0016207455429497752,-0.0017799352750809128,0.004885993485342022,-0.00016207455429495532,0.0017799352750809128,0.009986902423051669,0.004518315313861598,-0.004518315313861598,-0.053834355828220826,0.37,13,回撤不明显,买一异常溢价(不作为可成交退出价),34,0,0
480,★ Sport Gloves | Red Racer (Field-Tested),838.88,1400.0,216,35,0.162,1.6689,steamdt-live,845.5,201,839.0,79,"溢价求购:买一高于卖一,多为定向收特定图案,买一价不可作退出价",14,0,7,5,4,0,4,0,0.006024096385542244,0.00464670658682631,0.020282728948985973,0.01069879518072292,0.0013333333333332975,0.030565110565110576,0.021006441975539136,-0.021006441975539136,-0.08118291347207007,0.11,8,回撤不明显,买一异常溢价(不作为可成交退出价),34,0,0
481,★ Sport Gloves | Hedge Maze (Minimal Wear),46200.0,66850.0,223,32,0.1435,1.447,steamdt-live,47000.0,176,47626.5,48,"溢价求购:买一高于卖一,多为定向收特定图案,买一价不可作退出价",11,0,7,5,0,0,6,5,0.0010954565667740113,0.0010834236186347823,0.0021630434782609065,0.00218006702892648,0.002159827213822907,0.019867549668874274,0.002159827213822907,0.004347826086956497,0.004347826086956497,0.37,3,回撤不明显,买一异常溢价(不作为可成交退出价),34,0,0
482,★ Specialist Gloves | Marble Fade (Field-Tested),844.5,1350.0,372,45,0.121,1.5986,steamdt-live,844.5,334,845.08,170,"溢价求购:买一高于卖一,多为定向收特定图案,买一价不可作退出价",11,0,9,5,4,0,2,3,0.007147111375819026,-0.0011827321111768097,-0.0065088757396449815,0.005955926146515855,0.002951593860684776,0.02987804878048772,0.018023255813953476,-0.016880093131548257,-0.0220034742327736,0.34,9,回撤不明显,买一异常溢价(不作为可成交退出价),34,0,0
483,Glock-18 | Reactor (Factory New),482.2,440.0,215,24,0.1116,0.9125,steamdt-live,545.0,52,490.65,107,,11,6,7,2,6,0,2,0,-0.014120000000000021,-0.023735140179332093,0.004016064257028162,-0.03752,0.038481518481518484,0.0,0.03944111776447101,0.06942222222222227,0.013158171750984327,0.17,19,可能加速下跌,,34,0,0
484,★ Driver Gloves | Snow Leopard (Field-Tested),1649.99,2500.0,541,54,0.0998,1.5152,steamdt-live,1689.5,479,1698.49,164,"溢价求购:买一高于卖一,多为定向收特定图案,买一价不可作退出价",7,0,12,5,4,0,6,0,-0.0009038867128653427,-0.004831121833534402,0.01978737786517537,-0.0057306417595661685,0.0057306417595661685,0.015378461538461563,0.01669249106078663,-0.016639748258249876,-0.037233049363986415,0.37,5,回撤不明显,买一异常溢价(不作为可成交退出价),34,0,0
485,★ Moto Gloves | Transport (Field-Tested),216.3,246.0,263,25,0.0951,1.1373,steamdt-live,212.8,197,217.99,229,"溢价求购:买一高于卖一,多为定向收特定图案,买一价不可作退出价",7,0,9,5,2,0,6,5,-0.0023776223776222905,-0.005561007523716022,0.019438239627394216,-0.007925407925407857,0.009495438465835004,0.011358775723587344,0.009495438465835004,0.0025440497503064208,-0.06205923836389271,0.37,11,回撤不明显,买一异常溢价(不作为可成交退出价),34,0,0
486,AK-47 | Breakthrough (Factory New),59.5,55.0,371,33,0.0889,0.9244,steamdt-live,59.86,365,58.84,225,,7,6,9,2,4,0,6,0,0.0005122076148198484,0.004095563139931757,-0.005602716468590785,0.004609868533378858,0.00942760942760934,0.03228070175438602,0.018515429524603833,0.0006802721088436936,-0.10983358547655053,0.36,12,回撤不明显,,34,0,0
487,★ Hand Wraps | Overprint (Minimal Wear),881.0,1040.0,349,30,0.086,1.1805,steamdt-live,884.5,291,900.0,97,"溢价求购:买一高于卖一,多为定向收特定图案,买一价不可作退出价",7,0,9,5,2,0,6,5,-0.002842524161455362,0.004561003420752607,-0.0005681818181818565,0.0017055144968731728,0.0056433408577878375,0.012643678160919603,0.007323943661971866,-0.003957037874505409,-0.03715846994535521,0.19,14,回撤不明显,买一异常溢价(不作为可成交退出价),34,0,0
488,M4A1-S | Printstream (Factory New),2732.16,3790.0,629,52,0.0827,1.3872,steamdt-live,2744.0,461,2783.35,168,"溢价求购:买一高于卖一,多为定向收特定图案,买一价不可作退出价",7,0,12,2,4,0,6,3,-0.0012785388127853903,-0.0006730065837601273,-0.000875944377532023,-0.001950684931506852,0.005764192139738,0.011911111111110984,0.01632403240324043,-0.01486273067520505,-0.029428063943161664,0.26,11,回撤不明显,买一异常溢价(不作为可成交退出价),34,0,0
489,★ Sport Gloves | Omega (Field-Tested),1142.0,2000.0,896,65,0.0725,1.7513,steamdt-live,1114.5,754,1144.0,256,"溢价求购:买一高于卖一,多为定向收特定图案,买一价不可作退出价",7,0,12,5,6,0,4,0,0.0017889087656528524,-0.004464285714285698,0.0004474272930647949,-0.0026833631484793896,0.004464285714285698,0.0045045045045044585,0.0304347826086957,-0.03211805555555558,-0.08606557377049184,0.17,5,回撤不明显,买一异常溢价(不作为可成交退出价),34,0,0
490,★ Hand Wraps | Arboreal (Field-Tested),237.8,256.0,353,24,0.068,1.0765,steamdt-live,251.0,333,246.32,216,"溢价求购:买一高于卖一,多为定向收特定图案,买一价不可作退出价",7,0,9,5,2,0,6,5,-0.0029288702928870203,-0.004196391103650887,0.017237710151096097,-0.0071129707112970175,0.013305613305613306,0.014102564102564052,0.013305613305613306,0.004444444444444473,-0.08554913294797684,0.18,14,可能加速下跌,买一异常溢价(不作为可成交退出价),34,0,0
491,★ Specialist Gloves | Tiger Strike (Field-Tested),1000.0,1510.0,969,58,0.0599,1.51,steamdt-live,999.0,835,1015.0,282,"溢价求购:买一高于卖一,多为定向收特定图案,买一价不可作退出价",3,0,15,5,0,0,6,5,0.0024924623115578637,0.0015238400769939098,0.001006036217303885,0.004020100502512669,0.0,0.009090909090909038,0.0010000000000000009,0.004020100502512669,-0.034782608695652195,0.37,12,回撤不明显,买一异常溢价(不作为可成交退出价),34,0,0
492,★ Sport Gloves | Vice (Field-Tested),2666.66,5270.0,1513,71,0.0469,1.9763,steamdt-live,2660.0,1363,2725.0,291,"溢价求购:买一高于卖一,多为定向收特定图案,买一价不可作退出价",3,0,15,5,0,0,6,5,-0.0015015015015015232,0.0,0.005890348889895813,-0.0015015015015015232,0.002811621368322359,0.007575757575757569,0.0034840594912524114,-0.003334707182734542,-0.03255137297690491,0.37,5,回撤不明显,买一异常溢价(不作为可成交退出价),34,0,0
493,MP9 | Hypnotic (Factory New),96.23,91.0,536,20,0.0373,0.9457,steamdt-live,96.72,204,101.73,239,,3,9,12,2,8,0,0,0,-0.002461538461538404,-0.012954966070326979,-0.015151515151515138,-0.01538461538461533,0.030303030303030276,0.03314679294016365,0.054187192118226646,-0.054187192118226646,-0.1504424778761062,0.37,14,可能加速下跌,,34,0,0
494,Desert Eagle | Blaze (Factory New),4000.0,3980.0,505,16,0.0317,0.995,steamdt-live,4050.0,422,4056.33,124,,3,15,12,2,2,0,0,0,-0.00014878738282986248,-0.007936507936507908,-0.0003197905743587137,-0.008084114467093118,0.008401319817843311,0.0,0.01063566658421966,-0.01063566658421966,-0.0037359900373599153,0.36,1,价格更新稀疏,,34,0,0
495,★ Sport Gloves | Blaze (Minimal Wear),1570.0,2030.0,25,23,0.92,1.293,steamdt-live,1639.0,30,1590.5,27,"溢价求购:买一高于卖一,多为定向收特定图案,买一价不可作退出价",20,0,2,5,0,0,6,0,0.014861294583883744,0.021802798568174353,0.00033036009250086984,0.036988110964332854,0.0,0.040768975803778584,0.0,0.02047448813779651,-0.030265596046942567,0.12,5,回撤不明显,买一异常溢价(不作为可成交退出价),33,0,0
496,★ Driver Gloves | Brocade Flowers (Minimal Wear),2434.8,3520.0,37,30,0.8108,1.4457,steamdt-live,2444.55,47,2441.23,43,"溢价求购:买一高于卖一,多为定向收特定图案,买一价不可作退出价",20,0,4,5,4,0,0,0,-0.0009021199819575498,-0.0006977221424173674,-0.004205798285014328,-0.001599212695288288,0.005798285014291471,0.01450000000000018,0.023071058861292792,-0.006204081632652958,-0.016043645180844557,0.11,0,价格更新稀疏,买一异常溢价(不作为可成交退出价),33,0,0
497,★ Driver Gloves | Wave Chaser (Minimal Wear),3134.5,4830.0,40,31,0.775,1.5409,steamdt-live,2998.0,52,3117.74,22,"溢价求购:买一高于卖一,多为定向收特定图案,买一价不可作退出价",20,0,4,5,4,0,0,0,-0.0006594131223210953,-0.010887495875948505,-0.003940886699507429,-0.011539729640619889,0.015435139573070633,0.0,0.019941157240928375,-0.019941157240928375,0.006377979187646821,0.37,1,价格更新稀疏,买一异常溢价(不作为可成交退出价),33,0,0
498,★ Sport Gloves | Occult (Minimal Wear),5900.0,7000.0,86,40,0.4651,1.1864,steamdt-live,6000.0,94,5999.0,32,"溢价求购:买一高于卖一,多为定向收特定图案,买一价不可作退出价",20,0,4,5,4,0,0,0,-0.0002555801669790192,0.0055389859394971985,0.009026046591592785,0.005281990117566915,0.0,0.014617368873602654,0.01617475404368851,-0.01617475404368851,-0.024793388429752095,0.37,1,价格更新稀疏,买一异常溢价(不作为可成交退出价),33,0,0
499,★ Driver Gloves | Brocade Crane (Field-Tested),1058.88,1440.0,70,32,0.4571,1.3599,steamdt-live,1045.5,85,1073.42,46,"溢价求购:买一高于卖一,多为定向收特定图案,买一价不可作退出价",20,0,4,5,4,0,0,0,-0.0014314616177424355,-0.0008409946673293422,-0.0015435921867554825,-0.002271252433484805,0.0038113387327298742,0.04602301150575294,0.019681384729345774,-0.019681384729345774,-0.007471258911873169,0.11,0,价格更新稀疏,买一异常溢价(不作为可成交退出价),33,0,0
500,Desert Eagle | Hand Cannon (Factory New),2649.0,2190.0,20,8,0.4,0.8267,steamdt-live,2978.0,30,2552.43,33,,20,3,2,2,2,0,4,0,0.0,-0.009699584469801348,0.010008268381474172,-0.009699584469801348,0.009699584469801348,0.000211607867110164,0.01211044540430073,0.06351249999999986,-0.0916619217081851,0.2,4,回撤不明显,,33,0,0
501,★ Specialist Gloves | Pillow Punchers (Field-Tested),2469.9,5560.0,210,59,0.281,2.2511,steamdt-live,2419.5,218,2496.0,139,"溢价求购:买一高于卖一,多为定向收特定图案,买一价不可作退出价",17,0,7,5,4,0,0,0,-0.008198401311744208,0.0,0.0018480492813142124,-0.008198401311744208,0.011843986113947325,0.012343096234309625,0.024788391777509022,-0.024788391777509022,0.009176225234619473,0.37,1,价格更新稀疏,买一异常溢价(不作为可成交退出价),33,0,0
502,★ Sport Gloves | Superconductor (Minimal Wear),17395.5,30360.0,179,44,0.2458,1.7453,steamdt-live,17797.0,148,17484.44,43,"溢价求购:买一高于卖一,多为定向收特定图案,买一价不可作退出价",17,0,7,5,4,0,0,0,-8.6219284379907e-05,-2.8742239595258567e-05,-0.007445230488361432,-0.00011495904583991301,0.02261490055062365,0.0004313319530711013,0.02261490055062365,8.623663332185671e-05,-0.06375134553283102,0.37,0,价格更新稀疏,买一异常溢价(不作为可成交退出价),33,0,0
503,★ Sport Gloves | Superconductor (Field-Tested),11587.99,14700.0,460,112,0.2435,1.2686,steamdt-live,11763.99,262,11549.99,108,"溢价求购:买一高于卖一,多为定向收特定图案,买一价不可作退出价",17,0,9,5,2,0,0,0,-5.526655145482451e-05,0.013275232987708163,-6.140350877203993e-05,0.01321923275990633,0.0,0.01327612193012162,0.012821367521367533,0.03134119117778367,-0.06764691637068132,0.37,1,价格更新稀疏,买一异常溢价(不作为可成交退出价),33,0,0
504,AK-47 | Gold Arabesque (Factory New),12847.9,14010.0,219,32,0.1461,1.0905,steamdt-live,13088.88,168,12990.0,68,"溢价求购:买一高于卖一,多为定向收特定图案,买一价不可作退出价",11,0,7,2,2,0,6,5,0.005459801546995768,-0.0016613722406300102,-0.007704843553996588,0.0037893585436361565,0.0039446814251091755,0.003828573660975998,0.011730769230769211,-0.011692757413746646,-0.07567952573492376,0.25,4,回撤不明显,买一异常溢价(不作为可成交退出价),33,0,0
505,P250 | Contamination (Factory New),53.25,44.0,65,6,0.0923,0.8263,steamdt-live,40.09,34,40.94,47,,7,3,4,2,6,0,6,5,-0.0012434717731908407,-0.001743027888446047,-0.007405578869414842,-0.002984332255657751,0.010367810417180823,0.0,0.04909867172675508,-0.04954954954954949,-0.3837048424289008,0.18,2,长期阴跌,,33,0,0
506,Tec-9 | Avalanche (Factory New),71.87,67.0,440,35,0.0795,0.9322,steamdt-live,74.94,166,72.74,155,,7,9,9,2,6,0,0,0,0.0,-0.0001391207568167685,-0.04160000000000008,-0.0001391207568167685,0.04173333333333329,0.0,0.04173333333333329,0.024226877583012785,-0.2768890230405473,0.37,0,价格更新稀疏,,33,0,0
507,P250 | Undertow (Factory New),265.34,253.0,145,11,0.0759,0.9535,steamdt-live,277.84,95,266.18,120,,7,9,7,2,8,0,0,0,-3.6384805705114154e-05,-0.03453043699741665,-0.024317512158756105,-0.03456556541988065,0.05804252902126461,0.0,0.07210798713106725,-0.03336976320582885,-0.24402404626912455,0.37,4,可能加速下跌,,33,0,0
508,★ Sport Gloves | Vice (Minimal Wear),8200.0,20710.0,993,59,0.0594,2.5256,steamdt-live,8285.0,943,8200.0,203,"溢价求购:买一高于卖一,多为定向收特定图案,买一价不可作退出价",3,0,15,5,4,0,6,0,0.01031494140625,-0.010692925753639781,6.103888176767214e-05,-0.00048828125,0.010692925753639781,0.0012227928588897097,0.01893122453870122,-0.01893122453870122,-0.06100917431192665,0.37,5,可能加速下跌,买一异常溢价(不作为可成交退出价),33,0,0
509,★ Driver Gloves | King Snake (Minimal Wear),2958.5,8150.0,845,46,0.0544,2.7548,steamdt-live,3000.0,846,3030.0,152,"溢价求购:买一高于卖一,多为定向收特定图案,买一价不可作退出价",3,0,12,5,2,0,6,5,-0.001013513513513531,0.000507270882651234,-0.007710358699296038,-0.00050675675675671,0.00821320817968485,0.0030853732962636826,0.013175450300200175,-0.01231229426650382,-0.01873963515754562,0.37,2,回撤不明显,买一异常溢价(不作为可成交退出价),33,0,0
510,M4A1-S | Fade (Factory New),1160.0,1650.0,1770,90,0.0508,1.4224,steamdt-live,1179.5,1402,1188.0,984,"溢价求购:买一高于卖一,多为定向收特定图案,买一价不可作退出价",3,0,15,2,2,0,6,5,-0.0003621001810502067,0.0004484769034394098,-8.620689655169933e-05,8.621432882138791e-05,0.002579535683576939,0.009573542210618013,0.005572224603514808,-0.005145797598627766,-0.11740089781632801,0.34,8,回撤不明显,买一异常溢价(不作为可成交退出价),33,0,0
511,P250 | Vino Primo (Factory New),109.99,104.0,410,15,0.0366,0.9455,steamdt-live,114.98,135,116.68,102,,3,9,9,2,10,0,0,0,-0.008342555546096864,-0.05579878101124558,-0.019367225978796254,-0.06367583212735173,0.08180983387594964,0.018425925925925846,0.10577235772357729,-0.09844262295081974,-0.26423172118536364,0.31,6,可能加速下跌,,33,0,0
512,Tec-9 | Titanium Bit (Factory New),538.88,533.0,663,23,0.0347,0.9891,steamdt-live,536.0,10,537.16,43,,3,12,12,2,0,0,4,0,-0.004609922486384033,0.000952398737604776,0.055298364000156974,-0.003661914233135777,0.003661914233135777,0.010101010101010166,0.003661914233135777,0.020952380952381056,0.050959785102252964,0.19,11,回撤不明显,,33,0,0
513,FAMAS | Decommissioned (Factory New),30.15,27.4,634,20,0.0315,0.9088,steamdt-live,25.0,148,26.51,107,,3,6,12,2,10,0,0,0,-0.00423076923076926,-0.0343762070297412,0.0003847633705271747,-0.038461538461538436,0.06191369606003749,0.0,0.1848712096511249,-0.16611074049366248,-0.4545057822387083,0.37,9,长期阴跌,,33,0,0
514,AK-47 | Jet Set (Factory New),6398.91,4310.0,10,5,0.5,0.6736,steamdt-live,6495.91,7,6342.61,15,,20,1,2,2,4,0,3,0,0.0004969663037974748,-0.0030070389547514065,0.08993453789996764,-0.0025115670479887164,0.005038644773974754,0.08812968462371185,0.016101985446163036,-0.01587299124425323,-0.19662951234958836,0.2,4,回撤不明显,,32,0,0
515,Galil AR | Orange DDPAT (Factory New),559.9,418.0,9,3,0.3333,0.7466,steamdt-live,798.0,8,674.9,8,,8,1,2,2,10,0,6,3,0.00017860332202190854,-0.00017857142857147235,0.0,0.0,0.17353054054851957,0.0,0.22236111111111112,-0.06667777962993837,-0.192645998558039,0.37,2,暂未减速,,32,0,0
516,Five-SeveN | Fall Hazard (Factory New),1819.99,1000.0,6,2,0.3333,0.5495,steamdt-live,2356.5,8,1713.06,15,,8,1,2,2,8,0,6,5,0.0073212038528938095,4.0864219872815966e-05,-0.006490812958256709,0.007362367248050505,0.0005076053281056758,0.012530587637274992,0.07512147716229356,-0.07761145810898129,-0.06697602980343464,0.3,7,回撤不明显,,32,0,0
517,★ Specialist Gloves | Mogul (Minimal Wear),893.0,1360.0,177,34,0.1921,1.523,steamdt-live,890.0,173,908.02,74,"溢价求购:买一高于卖一,多为定向收特定图案,买一价不可作退出价",14,0,7,5,0,0,6,0,0.010795454545454497,0.0005621135469364713,0.006864988558352492,0.011363636363636465,0.004474272930648726,0.026173181136861512,0.004474272930648726,0.0011248593925758943,-0.05268759978712079,0.37,10,回撤不明显,买一异常溢价(不作为可成交退出价),32,0,0
518,★ Hand Wraps | CAUTION! (Minimal Wear),1178.0,1510.0,241,45,0.1867,1.2818,steamdt-live,1173.0,164,1191.0,81,"溢价求购:买一高于卖一,多为定向收特定图案,买一价不可作退出价",14,0,7,5,0,0,6,0,0.012931034482758674,-0.0017021276595744483,0.012658227848101333,0.011206896551724244,0.0017021276595744483,0.024463095747561114,0.0017021276595744483,0.047321428571428514,-0.07601417881055539,0.3,3,回撤不明显,买一异常溢价(不作为可成交退出价),32,0,0
519,★ Sport Gloves | Pandora's Box (Minimal Wear),33900.0,55600.0,180,33,0.1833,1.6401,steamdt-live,34595.0,198,34300.0,47,"溢价求购:买一高于卖一,多为定向收特定图案,买一价不可作退出价",14,0,7,5,2,0,4,0,-0.0043971881525927126,0.001477126693156583,-0.004407092343958197,-0.0029265566634312234,0.007320751401923897,0.011925373134328288,0.011330494633691068,0.006935780906552669,-0.035576102418207634,0.37,7,回撤不明显,买一异常溢价(不作为可成交退出价),32,0,0
520,AWP | Gungnir (Factory New),77550.0,75860.0,133,19,0.1429,0.9782,steamdt-live,78000.0,168,78388.0,38,,11,12,7,2,0,0,0,0,-6.436663233744255e-06,-0.0016671065081520497,0.003630537862246319,-0.0016735324407827212,0.0029186006145776044,0.0020156601286922537,0.0029186006145776044,0.0032471312694859478,0.03401378685049128,0.31,1,价格更新稀疏,,32,0,0
521,Tec-9 | Isaac (Factory New),113.98,106.0,232,21,0.0905,0.93,steamdt-live,109.86,95,111.28,133,,7,6,7,2,10,0,0,0,-0.0004546281142026043,-0.0006367688529064219,-0.0473798181030749,-0.0010911074740862503,0.048419229103508044,0.0,0.10245098039215694,-0.10245098039215694,-0.3246034673552195,0.37,0,价格更新稀疏,,32,0,0
522,★ Sport Gloves | Amphibious (Minimal Wear),4045.5,7900.0,509,42,0.0825,1.9528,steamdt-live,4009.0,435,4140.66,120,"溢价求购:买一高于卖一,多为定向收特定图案,买一价不可作退出价",7,0,12,5,4,0,4,0,-0.0002490970232905676,-0.0011212158963498364,0.003875968992248069,-0.0013700336280981773,0.009144834404349989,0.008680337149326922,0.022195121951219532,-0.022195121951219532,-0.03339361060880053,0.37,8,回撤不明显,买一异常溢价(不作为可成交退出价),32,0,0
523,P250 | Cartel (Factory New),207.0,197.0,79,6,0.0759,0.9517,steamdt-live,221.35,46,210.94,69,,7,9,4,2,8,0,2,0,-0.0064341663558373785,-0.0286250586579071,-0.008597577886659935,-0.03487504662439389,0.04317278358139964,0.0,0.06330603194714701,-0.06330603194714701,-0.19064748201438841,0.18,8,可能加速下跌,,32,0,0
524,★ Moto Gloves | POW! (Field-Tested),439.5,710.0,624,44,0.0705,1.6155,steamdt-live,458.0,658,457.5,309,"溢价求购:买一高于卖一,多为定向收特定图案,买一价不可作退出价",7,0,12,5,6,0,2,0,-0.0011185682326622093,-0.015677491601343796,-0.008869179600886956,-0.016778523489932917,0.02657807308970095,0.0,0.04870129870129869,-0.04746423927178145,-0.20090909090909093,0.34,12,可能加速下跌,买一异常溢价(不作为可成交退出价),32,0,0
525,Glock-18 | Sand Dune (Factory New),3499.0,0.0,4,0,0.0,,steamdt-live,2500.0,1,2209.17,6,缺买一价,3,0,2,2,10,10,0,5,0.2755448275862069,0.19444294256950378,-0.21602128096715933,0.5235655172413793,0.0022581825243770393,0.5235655172413793,0.3686281794798514,0.19266961436924035,-0.005698005698005604,0.37,3,悠悠盘口不足,,32,0,0
526,M4A1-S | Imminent Danger (Factory New),8500.0,10280.0,31,9,0.2903,1.2094,steamdt-live,8500.0,29,9023.29,25,"溢价求购:买一高于卖一,多为定向收特定图案,买一价不可作退出价",17,0,4,2,8,0,0,0,5.882698982295764e-05,0.0,-0.054907542281476096,5.882698982295764e-05,0.05485194533708415,5.882698982295764e-05,0.055230134824217236,-0.055230134824217236,-0.07516211864037947,1.37,0,价格更新稀疏,买一异常溢价(不作为可成交退出价),31,0,0
527,MP9 | Dark Age (Factory New),500.0,405.0,31,5,0.1613,0.81,steamdt-live,500.0,33,549.18,26,,14,3,4,2,8,0,0,0,0.00018871485185889547,-0.05660377358490565,-0.00018867924528309654,-0.05642574070579354,0.05660377358490565,0.0,0.05660377358490565,-0.0007993605115906854,0.0,0.19,2,可能加速下跌,,31,0,0
528,MP9 | Starlight Protector (Factory New),614.99,1031.0,216,31,0.1435,1.6765,steamdt-live,613.45,174,619.8,82,"溢价求购:买一高于卖一,多为定向收特定图案,买一价不可作退出价",11,0,7,2,0,0,6,5,-0.00018190838432285972,0.014654559288112656,-0.001980524839082287,0.014469985116586814,0.0008306730080135383,0.04328231292517004,0.0008306730080135383,0.010626029654036362,0.05044606928200834,0.34,2,回撤不明显,买一异常溢价(不作为可成交退出价),31,0,0
529,★ Sport Gloves | Bronze Morph (Minimal Wear),795.0,970.0,183,23,0.1257,1.2201,steamdt-live,796.0,116,793.0,83,"溢价求购:买一高于卖一,多为定向收特定图案,买一价不可作退出价",11,0,7,5,2,0,6,0,0.0,-0.0037688442211055717,0.0,-0.0037688442211055717,0.0037688442211055717,0.0,0.007509386733416723,0.0029088149740734703,-0.04457831325301209,0.27,2,回撤不明显,买一异常溢价(不作为可成交退出价),31,0,0
530,★ Broken Fang Gloves | Yellow-banded (Field-Tested),275.91,310.0,155,19,0.1226,1.1236,steamdt-live,280.0,122,276.44,102,"溢价求购:买一高于卖一,多为定向收特定图案,买一价不可作退出价",11,0,7,5,8,0,0,0,0.0008312852392655667,-0.0036112816438553796,0.00025306388055379436,-0.002782998409715076,0.007517985611510736,0.04116981132075481,0.05671794871794866,-0.053481989708404676,-0.02677248677248667,0.37,10,回撤不明显,买一异常溢价(不作为可成交退出价),31,0,0
531,★ Moto Gloves | Turtle (Minimal Wear),751.0,960.0,148,18,0.1216,1.2783,steamdt-live,757.0,125,756.0,78,"溢价求购:买一高于卖一,多为定向收特定图案,买一价不可作退出价",11,0,7,5,2,0,6,0,0.0,0.0006662225183211579,-0.006618133686300487,0.0006662225183211579,0.0059563203176704604,0.008053691275167862,0.00910410344372603,0.0013333333333334085,-0.040010226255911996,0.37,7,回撤不明显,买一异常溢价(不作为可成交退出价),31,0,0
532,★ Moto Gloves | POW! (Minimal Wear),1009.49,1670.0,287,31,0.108,1.6543,steamdt-live,1007.5,288,1015.04,70,"溢价求购:买一高于卖一,多为定向收特定图案,买一价不可作退出价",11,0,9,5,0,0,6,0,0.006513026052104243,0.00298656047784962,0.0030150753768845018,0.009519038076152286,0.0,0.01358148893360167,0.0,0.020253164556962133,-0.028447444551591095,0.35,4,回撤不明显,买一异常溢价(不作为可成交退出价),31,0,0
533,★ Specialist Gloves | Field Agent (Minimal Wear),1832.5,3440.0,338,34,0.1006,1.8772,steamdt-live,1834.5,257,1886.79,62,"溢价求购:买一高于卖一,多为定向收特定图案,买一价不可作退出价",11,0,9,5,0,0,6,0,0.0027624309392264568,0.009641873278236845,0.003604103132797354,0.012430939226519389,0.0024496461622209864,0.01805555555555549,0.0024496461622209864,0.0382436260623229,0.013158622214850313,0.34,6,回撤不明显,买一异常溢价(不作为可成交退出价),31,0,0
534,AK-47 | Baroque Purple (Factory New),417.51,393.0,294,26,0.0884,0.9413,steamdt-live,406.99,94,420.5,152,,7,9,9,2,4,0,0,0,0.01750000000000007,-2.4570024570014226e-05,-0.024390243902439046,0.01747500000000013,0.007341463414634153,0.01747500000000013,0.019301204819277107,0.05301423027166874,-0.20041257367387033,0.36,1,价格更新稀疏,,31,0,0
535,★ Driver Gloves | Imperial Plaid (Field-Tested),899.5,1370.0,424,37,0.0873,1.5231,steamdt-live,896.0,357,914.8,187,"溢价求购:买一高于卖一,多为定向收特定图案,买一价不可作退出价",7,0,9,5,4,0,6,0,0.021454545454545393,-0.003203987184051238,-0.004524886877828038,0.018181818181818077,0.0033370411568409697,0.02954187684564924,0.015254758869301388,-0.013085429792483616,-0.07628865979381438,0.34,8,回撤不明显,买一异常溢价(不作为可成交退出价),31,0,0
536,AWP | Fade (Factory New),4250.0,4550.0,480,40,0.0833,1.0706,steamdt-live,4308.5,333,4320.0,171,"溢价求购:买一高于卖一,多为定向收特定图案,买一价不可作退出价",7,0,9,2,4,0,6,3,-0.00081785255286837,-0.006080449017773604,-0.0070765661252900625,-0.006893328659890119,0.015291936978683918,0.0,0.021864211737629424,-0.020511638626411588,-0.10462225593056085,0.36,7,可能加速下跌,买一异常溢价(不作为可成交退出价),31,0,0
537,★ Hand Wraps | Cobalt Skulls (Field-Tested),1230.0,1710.0,913,50,0.0548,1.3902,steamdt-live,1244.5,684,1259.09,207,"溢价求购:买一高于卖一,多为定向收特定图案,买一价不可作退出价",3,0,15,5,4,0,4,0,0.004016064257028162,-0.016000000000000014,0.01882160392798693,-0.012048192771084376,0.016000000000000014,0.0069586573884568015,0.018677049010299984,-0.0112540192926045,-0.05384615384615388,0.37,10,可能加速下跌,买一异常溢价(不作为可成交退出价),31,0,0
538,Desert Eagle | Heat Treated (Factory New),226.0,3500.0,1506,68,0.0452,15.4867,steamdt-live,233.99,307,229.99,381,"溢价求购:买一高于卖一,多为定向收特定图案,买一价不可作退出价",3,0,15,2,6,1,4,0,-0.014969029593943528,-0.013100436681222738,-0.009880749574105674,-0.027873365450791443,0.04990120654138819,0.0009743998582691926,0.04990120654138819,-0.03497160425295698,-0.2441471571906354,0.37,10,可能加速下跌,买一异常溢价(不作为可成交退出价),31,0,0
539,USP-S | Bleeding Edge (Factory New),32.9,29.4,877,36,0.041,0.8936,steamdt-live,31.44,504,31.5,391,,3,6,12,2,2,0,6,0,0.007194244604316724,0.020779220779220786,-0.0071428571428572285,0.028122956180510306,0.0,0.05150501672240804,0.01132075471698113,0.001273885350318471,-0.1557465091299678,0.37,10,回撤不明显,,31,0,0
540,USP-S | Forest Leaves (Factory New),27.33,25.0,571,19,0.0333,0.9147,steamdt-live,25.96,90,26.66,118,,3,6,12,2,8,0,0,0,0.0,-0.0015384615384614886,-0.03668025194516478,-0.0015384615384614886,0.038162282326787644,0.0,0.05496905715325806,-0.05496905715325806,-0.3375861189078846,0.37,1,价格更新稀疏,,31,0,0
541,★ Driver Gloves | King Snake (Field-Tested),860.0,1850.0,1595,41,0.0257,2.1512,steamdt-live,873.5,1431,865.3,299,"溢价求购:买一高于卖一,多为定向收特定图案,买一价不可作退出价",3,0,15,5,2,0,6,0,0.002358490566037652,0.0117647058823529,0.0005899705014749124,0.014150943396226356,0.004053271569195105,0.023809523809523725,0.005780346820809301,-0.005780346820809301,-0.02934537246049662,0.35,13,回撤不明显,买一异常溢价(不作为可成交退出价),31,0,0
542,AWP | Sovereign Flame (Factory New),3126.6,2850.0,19,31,1.6316,0.9115,steamdt-live,3059.88,15,2993.0,42,,20,6,2,2,0,0,0,0,0.0,-0.0016677785190126748,-0.0006666666666667043,-0.0016677785190126748,0.0023333333333332984,0.0,0.0023333333333332984,0.02324786324786321,-0.06468750000000001,0.36,1,价格更新稀疏,,30,0,0
543,M4A1-S | Welcome to the Jungle (Factory New),10199.5,12250.0,37,23,0.6216,1.201,steamdt-live,9700.0,43,10348.52,40,"溢价求购:买一高于卖一,多为定向收特定图案,买一价不可作退出价",20,0,4,2,4,0,0,0,0.00021551035223055237,0.0,-0.020413131313131383,0.00021551035223055237,0.02020202020202022,0.00021551035223055237,0.02020202020202022,-0.015228426395939132,-0.06623026569118218,0.37,0,价格更新稀疏,买一异常溢价(不作为可成交退出价),30,0,0
544,Tec-9 | Snek-9 (Factory New),29.67,28.6,392,35,0.0893,0.9639,steamdt-live,29.9,97,29.31,116,,7,12,9,2,0,0,0,0,0.0,0.0,0.015939015939016032,0.0,0.0,0.04714285714285715,0.0,0.046022119158044994,-0.2480123108489356,0.18,2,回撤不明显,,30,0,0
545,★ Hand Wraps | Giraffe (Field-Tested),239.38,269.0,337,28,0.0831,1.1237,steamdt-live,248.5,265,247.98,191,"溢价求购:买一高于卖一,多为定向收特定图案,买一价不可作退出价",7,0,9,5,0,0,4,5,-0.004201680672268893,0.010042194092827028,0.03703703703703698,0.005798319327731116,0.002583333333333382,0.04305010893246175,0.002583333333333382,0.014752013565069833,-0.07036893203883499,0.37,7,回撤不明显,买一异常溢价(不作为可成交退出价),30,0,0
546,USP-S | Blueprint (Factory New),670.5,652.0,191,15,0.0785,0.9724,steamdt-live,668.99,89,681.15,83,,7,12,7,2,2,0,0,0,0.0,-0.0007617625093353508,0.0033419755121615324,-0.0007617625093353508,0.0007617625093353508,0.0026678257220364987,0.008169014084506987,-0.0011645788852889805,-0.05040454222853086,0.34,1,价格更新稀疏,,30,0,0
547,AWP | Snake Camo (Factory New),3500.0,1420.0,2,3,1.5,0.4057,steamdt-live,2599.5,6,1953.97,23,,8,1,2,2,10,0,6,0,0.015123177789553521,0.0,0.0,0.015123177789553521,0.0,0.015123177789553521,0.18550646102542723,-0.18550646102542723,-0.23798065673504398,0.32,2,回撤不明显,,29,0,0
548,★ Specialist Gloves | Cloud Chaser (Minimal Wear),5179.5,6120.0,36,32,0.8889,1.1816,steamdt-live,5210.0,56,5222.37,29,"溢价求购:买一高于卖一,多为定向收特定图案,买一价不可作退出价",20,0,4,5,0,0,0,0,0.0024424797943827237,0.0,-9.676083431064963e-05,0.0024424797943827237,0.0,0.002539495739763531,0.0,9.654373431167151e-05,0.05220924327069576,0.37,1,价格更新稀疏,买一异常溢价(不作为可成交退出价),29,0,0
549,M4A4 | Radiation Hazard (Factory New),2439.0,1930.0,9,5,0.5556,0.7913,steamdt-live,2399.0,7,2347.0,11,,20,1,2,2,4,0,0,0,0.0,0.0,0.0,0.0,0.0,0.0,0.022083333333333344,-0.022083333333333344,-0.12800526094823395,0.37,0,价格更新稀疏,,29,0,0
550,P250 | Kintsugi (Factory New),123.99,175.0,117,40,0.3419,1.4114,steamdt-live,126.89,119,124.99,63,"溢价求购:买一高于卖一,多为定向收特定图案,买一价不可作退出价",20,0,7,2,0,0,0,0,0.0,-8.064516129036026e-05,0.037830599263475095,-8.064516129036026e-05,0.0004836759371221744,0.043686868686868774,0.0008863819500403158,-0.0008863819500403158,0.09338624338624335,0.37,4,回撤不明显,买一异常溢价(不作为可成交退出价),29,0,0
551,Tec-9 | Terrace (Factory New),793.9,641.0,16,5,0.3125,0.8074,steamdt-live,714.9,14,732.6,30,,20,3,2,2,2,0,0,0,0.00013987970345508138,-0.00013986013986022616,0.0,0.0,0.00013986013986022616,0.0,0.00708333333333333,-0.006945409084595067,-0.10413533834586464,0.14,0,价格更新稀疏,,29,0,0
552,★ Specialist Gloves | Cloud Chaser (Field-Tested),2765.0,3800.0,161,37,0.2298,1.3743,steamdt-live,2757.0,155,2830.0,72,"溢价求购:买一高于卖一,多为定向收特定图案,买一价不可作退出价",17,0,7,5,0,0,0,0,0.0,0.0,-0.00036258158085566983,0.0,0.00036258158085566983,0.0007259528130671988,0.002893309222423146,-0.002893309222423146,-0.00036258158085566983,0.37,0,价格更新稀疏,买一异常溢价(不作为可成交退出价),29,0,0
553,AK-47 | X-Ray (Factory New),12899.3,14200.0,166,27,0.1627,1.1008,steamdt-live,13445.0,61,12999.5,54,"溢价求购:买一高于卖一,多为定向收特定图案,买一价不可作退出价",14,0,7,2,6,0,0,0,-8.46381718154765e-05,-0.007394924357849719,-0.00026923076923079936,-0.007478936636786893,0.007746153846153847,0.0,0.030127819548872226,-0.020256721859334692,-0.13771850663458007,0.36,1,价格更新稀疏,买一异常溢价(不作为可成交退出价),29,0,0
554,★ Driver Gloves | Imperial Plaid (Minimal Wear),1828.87,2570.0,202,30,0.1485,1.4052,steamdt-live,1810.0,163,1859.23,66,"溢价求购:买一高于卖一,多为定向收特定图案,买一价不可作退出价",11,0,7,5,0,0,6,0,0.008403361344537785,0.005555555555555536,0.020000000000000018,0.014005602240896309,0.004400440044004417,0.046242774566473965,0.004400440044004417,0.04022988505747116,-0.03774587985114297,0.28,7,回撤不明显,买一异常溢价(不作为可成交退出价),29,0,0
555,★ Sport Gloves | Omega (Minimal Wear),2889.49,4500.0,439,43,0.0979,1.5574,steamdt-live,2888.88,380,2930.0,86,"溢价求购:买一高于卖一,多为定向收特定图案,买一价不可作退出价",7,0,9,5,2,0,6,0,0.014738406368386858,-0.006885740707000099,0.036391901663051396,0.0077511808166996765,0.007227027640030026,0.04669565217391303,0.007227027640030026,0.01918504145351907,-0.039917048577761904,0.37,12,回撤不明显,买一异常溢价(不作为可成交退出价),29,0,0
556,★ Moto Gloves | 3rd Commando Company (Field-Tested),237.0,258.0,197,19,0.0964,1.0886,steamdt-live,254.65,183,237.91,150,"溢价求购:买一高于卖一,多为定向收特定图案,买一价不可作退出价",7,0,7,5,4,0,6,0,-0.0033542976939203717,-0.002944888514934796,0.021413276231263323,-0.0062893081761006275,0.0062893081761006275,0.04175824175824183,0.02268041237113405,-0.02268041237113405,-0.026694045174537995,0.36,12,回撤不明显,买一异常溢价(不作为可成交退出价),29,0,0
557,★ Sport Gloves | Bronze Morph (Field-Tested),440.5,520.0,273,24,0.0879,1.1805,steamdt-live,462.91,232,455.0,194,"溢价求购:买一高于卖一,多为定向收特定图案,买一价不可作退出价",7,0,9,5,8,0,0,0,0.0022748260095948325,-0.0337078651685393,-0.015543237250554287,-0.03150971868735786,0.04656319290465627,0.0,0.052863436123347984,-0.052863436123347984,-0.15270935960591137,0.37,13,可能加速下跌,买一异常溢价(不作为可成交退出价),29,0,0
558,★ Moto Gloves | Turtle (Field-Tested),349.5,494.0,337,27,0.0801,1.4134,steamdt-live,345.0,325,359.5,143,"溢价求购:买一高于卖一,多为定向收特定图案,买一价不可作退出价",7,0,9,5,6,0,2,0,0.0056657223796034994,-0.028169014084507005,0.004267425320056972,-0.022662889518413554,0.028169014084507005,0.0,0.04958677685950408,-0.05141600219961506,-0.04984852657670069,0.34,7,可能加速下跌,买一异常溢价(不作为可成交退出价),29,0,0
559,★ Hand Wraps | Desert Shamagh (Field-Tested),232.98,256.0,261,20,0.0766,1.0988,steamdt-live,236.0,196,231.48,233,"溢价求购:买一高于卖一,多为定向收特定图案,买一价不可作退出价",7,0,9,5,2,0,6,0,0.0038345540715210014,-0.006480964848276871,0.022466960352422793,-0.0026712623869021845,0.006523605150214662,0.031091314031180373,0.012836368288626443,-0.012836368288626443,-0.09887885393958273,0.37,19,回撤不明显,买一异常溢价(不作为可成交退出价),29,0,0
560,Five-SeveN | Nightshade (Factory New),100.8,97.0,586,17,0.029,0.9623,steamdt-live,99.7,55,97.73,43,,3,12,12,2,0,0,0,0,-0.0010211375472276574,-0.0010221813349687858,0.0,-0.0020422750944552037,0.0020422750944552037,0.0,0.0020422750944552037,0.02873684210526317,-0.11548556430446189,0.3,1,价格更新稀疏,,29,0,0
561,USP-S | Guardian (Factory New),34.8,32.6,1190,24,0.0202,0.9368,steamdt-live,34.9,639,34.93,480,,3,9,15,2,0,0,0,0,0.0244049412473637,0.0235294117647058,0.00912131346913947,0.048508586923772246,0.0,0.08749999999999991,0.0,0.028064992614475592,-0.2673684210526316,0.37,13,回撤不明显,,29,0,0
562,FAMAS | Spitfire (Factory New),2300.0,640.0,7,2,0.2857,0.2783,steamdt-live,2800.0,3,2240.0,10,,8,1,2,2,4,0,6,5,0.00222717149220486,-0.004444444444444473,-0.0022222222222222365,-0.00222717149220486,0.004444444444444473,0.0,0.02608695652173909,-0.01754385964912286,-0.1759131176972658,0.37,3,回撤不明显,,28,0,0
563,Galil AR | CAUTION! (Factory New),410.0,308.0,51,5,0.098,0.7512,steamdt-live,455.0,31,431.32,45,,7,1,4,2,10,0,4,0,-0.011904761904761862,-0.012048192771084376,-0.02211874272409775,-0.023809523809523836,0.0454016298020955,0.0,0.11827956989247312,-0.11827956989247312,-0.14583333333333337,1.08,4,暂未减速,,28,0,0
564,Five-SeveN | Scumbria (Factory New),34.39,31.3,337,23,0.0682,0.9101,steamdt-live,33.0,55,32.16,116,,7,6,9,2,4,0,0,0,0.0,0.0,0.0,0.0,0.0,0.008782936010037545,0.019512195121951237,-0.019512195121951237,-0.32223393045310866,0.37,0,价格更新稀疏,,28,0,0
565,★ Specialist Gloves | Fade (Minimal Wear),3079.48,3990.0,585,38,0.065,1.2957,steamdt-live,2999.5,589,3008.79,158,"溢价求购:买一高于卖一,多为定向收特定图案,买一价不可作退出价",7,0,12,5,4,0,0,0,0.0005002501250626068,-0.0001666666666666483,-0.00016672224074687492,0.0003335000833750712,0.0001666666666666483,0.0003335000833750712,0.026136363636363624,-0.010066006600660038,-0.09078508638981508,0.37,0,价格更新稀疏,买一异常溢价(不作为可成交退出价),28,0,0
566,Five-SeveN | Kami (Factory New),32.0,28.0,807,23,0.0285,0.875,steamdt-live,29.33,387,30.64,148,,3,3,12,2,2,0,6,0,0.00034270047978068874,0.004796163069544335,0.0037839697282422424,0.005140507196710109,0.004750593824228044,0.01207729468599017,0.009790681971640902,-0.009790681971640902,-0.27900688298918386,0.29,5,回撤不明显,,28,0,0
567,FAMAS | Sundown (Factory New),698.0,589.0,13,5,0.3846,0.8438,steamdt-live,785.0,11,740.41,21,,20,3,2,2,0,0,0,0,0.0,0.0,0.0,0.0,0.0,0.0,0.0,0.0,-0.08157894736842108,1.37,0,价格更新稀疏,,27,0,0
568,Five-SeveN | Candy Apple (Factory New),520.0,424.0,31,5,0.1613,0.8154,steamdt-live,508.0,39,504.0,58,,14,3,4,2,4,0,0,0,0.0,0.0,-0.008849557522123908,0.0,0.008849557522123908,0.0,0.01945525291828798,-0.01945525291828798,0.010425020048115519,0.37,0,价格更新稀疏,,27,0,0
569,★ Specialist Gloves | Marble Fade (Minimal Wear),2327.0,3860.0,207,31,0.1498,1.6588,steamdt-live,2295.0,165,2450.0,54,"溢价求购:买一高于卖一,多为定向收特定图案,买一价不可作退出价",11,0,7,5,0,0,4,0,0.0025830419580419317,0.00047517121421503106,-0.0008733624454148048,0.0030594405594406293,0.0017398869073510514,0.011013215859030812,0.0017398869073510514,-0.0013054830287205776,0.002441677113317553,0.37,8,回撤不明显,买一异常溢价(不作为可成交退出价),27,0,0
570,★ Moto Gloves | Smoke Out (Field-Tested),683.0,900.0,305,40,0.1311,1.3177,steamdt-live,697.0,300,683.7,133,"溢价求购:买一高于卖一,多为定向收特定图案,买一价不可作退出价",11,0,9,5,2,0,0,0,0.00014615609470891577,-0.0018997515709483492,-0.0010220470141625304,-0.0017538731365098759,0.0027741276098700585,0.0,0.010144927536231862,0.012601927353595332,-0.04475524475524473,0.37,1,价格更新稀疏,买一异常溢价(不作为可成交退出价),27,0,0
571,★ Driver Gloves | Rezan the Red (Field-Tested),355.5,463.0,220,21,0.0955,1.3024,steamdt-live,369.99,179,370.49,125,"溢价求购:买一高于卖一,多为定向收特定图案,买一价不可作退出价",7,0,7,5,2,0,6,0,-0.003995194591121187,-0.0028050490883591017,0.0068354430379746756,-0.006789036962534634,0.008229878644162358,0.0,0.012499999999999956,-0.011126564673157202,-0.01386962552011095,0.34,7,回撤不明显,买一异常溢价(不作为可成交退出价),27,0,0
572,AK-47 | Vulcan (Factory New),3620.0,5650.0,851,44,0.0517,1.5608,steamdt-live,3629.5,690,3790.0,166,"溢价求购:买一高于卖一,多为定向收特定图案,买一价不可作退出价",3,0,12,2,4,0,6,0,-0.0015136920324755332,-0.007717750826901848,0.0009641873278236623,-0.009219760561442136,0.009219760561442136,0.0,0.026369168356997985,-0.013563501849568449,-0.052631578947368474,0.36,12,回撤不明显,买一异常溢价(不作为可成交退出价),27,0,0
573,M4A4 | Howl (Factory New),44800.0,51260.0,93,24,0.2581,1.1442,steamdt-live,45000.0,103,46850.0,31,"溢价求购:买一高于卖一,多为定向收特定图案,买一价不可作退出价",17,0,4,5,0,0,0,0,0.0,0.0,0.006741573033707926,0.0,0.0,0.006752884863874931,0.0033370411568409697,-0.0033370411568409697,0.02517162471395884,0.37,0,价格更新稀疏,买一异常溢价(不作为可成交退出价),26,0,0
574,Glock-18 | Pink DDPAT (Factory New),480.0,401.0,20,5,0.25,0.8354,steamdt-live,510.0,15,508.15,33,,17,3,2,2,2,0,0,0,0.0,0.0,0.0,0.0,0.0,0.0,0.01336073997944498,-0.01336073997944498,-0.0917691579943235,0.28,0,价格更新稀疏,,26,0,0
575,Galil AR | Tornado (Factory New),157.37,130.0,33,7,0.2121,0.8261,steamdt-live,169.5,20,166.05,34,,17,3,4,2,0,0,0,0,0.0,0.0,0.0,0.0,0.0,0.0,6.354047528267515e-05,-0.003230301494806076,-0.10022870211549462,1.1,0,价格更新稀疏,,26,0,0
576,USP-S | Para Green (Factory New),252.0,233.0,185,26,0.1405,0.9246,steamdt-live,254.67,90,245.42,97,,11,6,7,2,0,0,0,0,0.0,0.0,0.0,0.0,0.0,0.0,0.0,0.12063926940639269,-0.29880000000000007,0.37,0,价格更新稀疏,,26,0,0
577,AK-47 | Case Hardened (Factory New),2995.5,14000.0,475,60,0.1263,4.6737,steamdt-live,3047.49,323,3136.99,173,"溢价求购:买一高于卖一,多为定向收特定图案,买一价不可作退出价",11,0,9,2,4,0,0,0,-0.0005005005005005447,0.0,-0.0010000000000000009,-0.0005005005005005447,0.0014999999999999458,0.005370028528276505,0.029797570850202404,0.07449548392650884,0.1987850070834567,0.36,0,价格更新稀疏,买一异常溢价(不作为可成交退出价),26,0,0
578,MP9 | Stained Glass (Factory New),828.9,780.0,60,7,0.1167,0.941,steamdt-live,887.98,29,836.6,57,,11,9,4,2,0,0,0,0,0.0,-0.00012062726176120808,0.024721878862793645,-0.00012062726176120808,0.00012062726176120808,0.02459826946847965,0.0013253012048193291,-0.0013253012048193291,-0.04986244841815679,0.31,0,价格更新稀疏,,26,0,0
579,P250 | Whiteout (Factory New),1881.5,1700.0,36,4,0.1111,0.9035,steamdt-live,1930.5,34,1881.47,35,,8,6,4,2,6,0,0,0,-0.006090861067089226,0.0,-0.015948598519504364,-0.006090861067089226,0.021942318888796497,0.0007819148936170084,0.049522606718868434,-0.049522606718868434,-0.02966993295513154,0.37,1,价格更新稀疏,,26,0,0
580,FAMAS | Hexane (Factory New),63.0,56.0,284,13,0.0458,0.8889,steamdt-live,63.89,119,59.23,66,,3,6,9,2,0,0,6,0,0.0,0.0,0.01944922547332184,0.0,0.0,0.01944922547332184,0.0,0.0038983050847456457,-0.3154184003698567,0.37,2,长期阴跌,,26,0,0
581,AK-47 | Red Laminate (Factory New),3037.99,1580.0,7,6,0.8571,0.5201,steamdt-live,3999.5,9,3292.92,6,,20,1,2,2,0,0,0,0,0.0,0.0,-0.00032905669317762065,0.0,0.00032905669317762065,0.0,0.0006578969009766178,-0.0006578969009766178,-0.07378353658536596,0.36,0,价格更新稀疏,,25,0,0
582,Galil AR | Hunting Blind (Factory New),39.38,16.4,20,6,0.3,0.4165,steamdt-live,68.94,19,38.19,14,,20,1,2,2,0,0,0,0,0.0,0.0,0.0,0.0,0.0,0.0,0.0,0.0,-0.010365379632029215,0.19,0,价格更新稀疏,,25,0,0
583,Desert Eagle | Sunset Storm 弐 (Factory New),3098.3,3550.0,50,12,0.24,1.1458,steamdt-live,3070.0,36,3130.0,47,"溢价求购:买一高于卖一,多为定向收特定图案,买一价不可作退出价",17,0,4,2,2,0,0,0,-0.002754606169278362,0.0,-3.2483457798049287e-06,-0.002754606169278362,0.0027578455671448676,0.0,0.009357857373346268,-0.009517664139377269,-0.02848101265822789,0.23,0,价格更新稀疏,买一异常溢价(不作为可成交退出价),25,0,0
584,AWP | The Prince (Factory New),16800.0,17850.0,71,16,0.2254,1.0625,steamdt-live,16880.0,70,16775.47,39,"溢价求购:买一高于卖一,多为定向收特定图案,买一价不可作退出价",17,0,4,2,2,0,0,0,0.0,2.9806312619395925e-05,0.004495236498422095,2.9806312619395925e-05,0.00047249067531018873,0.004525176797465891,0.006957319599834144,-0.006957319599834144,-0.0066339008142116684,0.3,0,价格更新稀疏,买一异常溢价(不作为可成交退出价),25,0,0
585,Desert Eagle | Urban DDPAT (Factory New),147.49,89.0,27,6,0.2222,0.6034,steamdt-live,168.5,16,153.81,38,,17,1,2,2,0,0,3,0,0.09125925925925915,0.0011539505837634412,0.0,0.09251851851851867,0.0,0.09251851851851867,0.0,0.02473424581393724,0.07226463104325687,0.2,2,回撤不明显,,25,0,0
586,P250 | Digital Architect (Factory New),255.6,196.0,25,3,0.12,0.7668,steamdt-live,324.9,22,257.9,43,,8,1,2,2,8,0,4,0,-0.011697247706421998,-0.01137154792295203,0.006153846153846176,-0.022935779816513846,0.035435299445262136,0.0,0.0705116549692717,-0.0705116549692717,-0.11859029621711104,0.37,19,可能加速下跌,,25,0,0
587,P250 | Apep's Curse (Factory New),710.0,630.0,58,6,0.1034,0.8873,steamdt-live,700.0,35,708.0,48,,11,6,4,2,2,0,0,0,0.0,-0.014084507042253502,0.021582733812949728,-0.014084507042253502,0.014084507042253502,0.007194244604316502,0.014084507042253502,0.0035842293906809264,-0.17400231279352418,0.37,1,价格更新稀疏,,25,0,0
588,★ Specialist Gloves | Buckshot (Field-Tested),255.5,300.0,319,22,0.069,1.1742,steamdt-live,260.0,327,262.65,195,"溢价求购:买一高于卖一,多为定向收特定图案,买一价不可作退出价",7,0,9,5,2,0,2,0,0.009351669941060958,-0.005372158206166322,0.024144869215291687,0.003929273084479323,0.005372158206166322,0.030241935483870996,0.011605415860735047,-0.013513513513513487,-0.0585157343945758,0.34,12,回撤不明显,买一异常溢价(不作为可成交退出价),25,0,0
589,Five-SeveN | Orange Peel (Factory New),22.88,20.4,523,21,0.0402,0.8916,steamdt-live,22.04,78,23.15,142,,3,6,12,2,2,0,0,0,0.019751952227836433,-0.007207207207207245,0.09396984924623131,0.012402388608176329,0.008992805755395628,0.10753768844221101,0.008992805755395628,0.11482043500252903,-0.26508836278759584,0.34,5,回撤不明显,,25,0,0
590,AK-47 | Jaguar (Factory New),2900.0,2340.0,136,5,0.0368,0.8069,steamdt-live,3178.44,40,3009.02,42,,3,3,7,2,6,0,4,0,0.024500691167357758,-0.03623106526377362,0.05820933165195452,-0.012618060237107875,0.03623106526377362,0.04693140794223827,0.03623106526377362,0.04429240187252437,-0.06451009361350724,0.36,2,可能加速下跌,,25,0,0
591,Tec-9 | Blast From the Past (Factory New),45.46,38.6,67,9,0.1343,0.8491,steamdt-live,44.77,41,45.9,49,,11,3,4,2,4,0,0,0,0.00022336385972754336,-0.00022331397945507536,-0.004889975550122272,0.0,0.004889975550122272,0.11925000000000008,0.021848372296263907,-0.021848372296263907,-0.3949182321935396,0.37,0,价格更新稀疏,,24,0,0
592,M4A1-S | Electrum (Factory New),37.2,46.0,450,43,0.0956,1.2366,steamdt-live,38.78,466,37.1,188,"溢价求购:买一高于卖一,多为定向收特定图案,买一价不可作退出价",7,0,9,2,0,0,6,0,-0.0008125677139761978,0.005692599620493288,0.0027159152634437245,0.0048754062838569645,0.0026881720430107503,0.01449275362318847,0.0026881720430107503,0.008152173913043681,-0.003759398496240629,0.37,12,回撤不明显,买一异常溢价(不作为可成交退出价),24,0,0
593,Five-SeveN | Case Hardened (Factory New),238.64,420.0,227,19,0.0837,1.76,steamdt-live,240.99,146,241.56,114,"溢价求购:买一高于卖一,多为定向收特定图案,买一价不可作退出价",7,0,7,2,4,0,4,0,-0.0020746887966804906,-0.009688149688149794,-0.005365249690466367,-0.01174273858921171,0.017044985555097036,0.0,0.022691834222404617,-0.022691834222404617,-0.1883243022185871,0.37,12,可能加速下跌,买一异常溢价(不作为可成交退出价),24,0,0
594,P250 | Facets (Factory New),500.0,0.0,2,0,0.0,,steamdt-live,2499.48,3,205.43,14,缺买一价,3,0,2,2,6,0,6,5,0.013679957158853062,-0.013399289213332,0.004449877750611231,9.736624312361997e-05,0.0477448662680201,0.009632869710522574,0.0477448662680201,-0.026121171897221962,-0.13148437830296367,0.37,18,悠悠盘口不足,,24,0,0
595,Desert Eagle | Sunset Storm 壱 (Factory New),3078.99,3500.0,49,10,0.2041,1.1367,steamdt-live,3184.72,38,3265.11,46,"溢价求购:买一高于卖一,多为定向收特定图案,买一价不可作退出价",17,0,4,2,0,0,0,0,0.0,0.00036063784163120616,-0.00019814909257453994,0.00036063784163120616,0.0,0.0006467338316540339,0.0001623645473763924,0.0001624172889955755,0.002445075338273428,0.23,1,价格更新稀疏,买一异常溢价(不作为可成交退出价),23,0,0
596,MP9 | Green Plaid (Factory New),60.99,41.0,12,2,0.1667,0.6722,steamdt-live,70.0,5,180.6,2,,8,1,2,2,10,0,0,0,0.0,0.0,0.0,0.0,0.0,0.0,0.12871428571428567,0.0,-0.008292682926829276,0.37,0,价格更新稀疏,,23,0,0
597,Glock-18 | Blue Fissure (Factory New),220.99,201.0,48,7,0.1458,0.9095,steamdt-live,258.5,26,219.33,61,,11,6,4,2,0,0,0,0,0.0007756889943422163,0.0,0.00532110091743121,0.0007756889943422163,0.0,0.006100917431192787,0.0,0.01919144981412657,-0.07338403041825081,0.19,1,价格更新稀疏,,23,0,0
598,Five-SeveN | Hyper Beast (Factory New),2646.27,2440.0,39,5,0.1282,0.9221,steamdt-live,2846.09,34,2652.13,37,,11,6,4,2,0,0,0,0,0.0,0.0,-0.0012040189321598227,0.0,0.0012040189321598227,0.0,0.0014075471698112851,-0.0014075471698112851,-0.05489682069157642,0.37,0,价格更新稀疏,,23,0,0
599,FAMAS | Afterimage (Factory New),288.98,259.0,83,9,0.1084,0.8963,steamdt-live,288.0,35,284.7,55,,11,6,4,2,0,0,0,0,-0.0007020007020006602,0.0,0.0007024938531787761,-0.0007020007020006602,0.0007020007020006602,0.001054852320675037,0.0007020007020006602,0.06314649538817707,-0.23033252230332524,0.37,1,价格更新稀疏,,23,0,0
600,★ Specialist Gloves | Crimson Kimono (Minimal Wear),17388.0,18300.0,354,20,0.0565,1.0524,steamdt-live,17100.0,349,17452.0,70,"溢价求购:买一高于卖一,多为定向收特定图案,买一价不可作退出价",3,0,9,5,4,0,2,0,-0.0029069767441860517,-0.002915451895043719,0.005847953216374213,-0.005813953488372103,0.011560693641618491,0.0239520958083832,0.021655176359527406,-0.01041666666666663,0.00890908018172154,0.37,9,可能加速下跌,买一异常溢价(不作为可成交退出价),23,0,0
601,Desert Eagle | Pilot (Factory New),1132.3,880.0,37,5,0.1351,0.7772,steamdt-live,1328.7,47,1051.9,37,,11,1,4,2,4,0,0,0,0.0,-9.505703422041378e-05,0.0,-9.505703422041378e-05,9.505703422041378e-05,0.0,0.021752271480251717,-0.021752271480251717,0.10784623486045297,0.23,0,价格更新稀疏,,22,0,0
602,FAMAS | Macabre (Factory New),64.49,56.0,72,7,0.0972,0.8684,steamdt-live,72.49,38,66.06,56,,7,3,4,2,6,0,0,0,-0.004475999382620888,-0.00015503875969002934,-0.01892792247122954,-0.004630344188918167,0.023470623864324858,0.0,0.03458083832335335,-0.03458083832335335,-0.14013333333333344,0.19,1,价格更新稀疏,,22,0,0
603,AK-47 | Wasteland Rebel (Factory New),2351.2,2000.0,21,2,0.0952,0.8506,steamdt-live,2086.8,28,2212.2,30,,7,3,2,2,8,0,0,0,0.0,0.0,0.0,0.0,0.0,0.0,0.05932203389830504,-0.05953400333498571,-0.12609405754009795,0.35,0,价格更新稀疏,,22,0,0
604,Tec-9 | Rust Leaf (Factory New),87.58,80.0,120,8,0.0667,0.9135,steamdt-live,100.0,27,86.57,43,,7,6,7,2,0,0,0,0,0.0,0.018590422402635642,-0.00011764705882355564,0.018590422402635642,0.0,0.018590422402635642,0.0012690355329950664,0.018470588235294016,-0.26635593220338993,0.37,1,价格更新稀疏,,22,0,0
605,Galil AR | Urban Rubble (Factory New),92.99,74.0,77,4,0.0519,0.7958,steamdt-live,108.7,19,92.89,23,,3,1,4,2,8,0,4,0,-0.0010673497705196988,-0.007479431563201189,-0.005308419152776356,-0.008538798164158368,0.013801889797218414,0.0,0.06699477701888312,-0.0678374310085299,-0.2626607397999683,0.19,3,可能加速下跌,,22,0,0
606,Tec-9 | Brass (Factory New),450.0,368.0,10,4,0.4,0.8178,steamdt-live,480.0,10,447.79,31,,8,3,2,2,0,0,6,0,-0.0015812917594654197,-0.001115349438979285,-0.0022222222222222365,-0.0026948775055678498,0.004911111111111088,0.0,0.004911111111111088,-0.004911111111111088,-0.18435336976320582,0.37,2,回撤不明显,,21,0,0
607,P250 | Gunsmoke (Factory New),118.0,35.0,6,2,0.3333,0.2966,steamdt-live,90.0,11,142.09,9,,8,1,2,2,8,0,0,0,0.0,0.0,0.0,0.0,0.0,0.0011123470522802492,0.052631578947368474,-0.052631578947368474,-0.30501930501930496,0.18,0,价格更新稀疏,,21,0,0
608,Tec-9 | Jambiya (Factory New),40.98,35.6,276,20,0.0725,0.8687,steamdt-live,40.98,92,40.18,87,,7,3,9,2,0,0,0,0,0.0,0.0,0.006009013520280382,0.0,0.0,0.006009013520280382,0.0,0.08918406072106255,-0.3718930748788495,0.37,0,价格更新稀疏,,21,0,0
609,AWP | BOOM (Factory New),2348.0,2600.0,41,7,0.1707,1.1073,steamdt-live,2649.0,23,2413.69,27,"溢价求购:买一高于卖一,多为定向收特定图案,买一价不可作退出价",14,0,4,2,0,0,0,0,-0.00021285653469560462,-0.0002129018522460946,0.0,-0.00042571306939120923,0.00042571306939120923,0.0,0.0008510638297872797,-0.017367650136011714,-0.05284388866478418,0.32,0,价格更新稀疏,买一异常溢价(不作为可成交退出价),20,0,0
610,Glock-18 | Night (Factory New),221.2,187.0,34,5,0.1471,0.8454,steamdt-live,329.0,24,220.2,41,,11,3,4,2,0,0,0,0,0.0,0.10099999999999998,0.0,0.10099999999999998,0.004520795660036159,0.10099999999999998,0.004520795660036159,0.09009900990098996,-0.2078851757257456,0.37,5,回撤不明显,,20,0,0
611,AWP | Pink DDPAT (Factory New),854.9,526.0,41,1,0.0244,0.6153,steamdt-live,997.92,14,880.76,44,,3,1,4,2,6,0,4,0,-0.005780346820809301,-0.005930232558139514,-0.01131557892330548,-0.011676300578034704,0.022859755400617243,0.0,0.03943820224719108,-0.03943820224719108,-0.1653241947609424,0.36,3,暂未减速,,20,0,0
612,FAMAS | Prime Conspiracy (Factory New),565.5,438.0,23,4,0.1739,0.7745,steamdt-live,507.5,23,519.2,35,,8,1,2,2,0,0,6,0,-0.0009861932938856066,0.001974333662388972,-0.0009852216748768017,0.0009861932938854956,0.0009842519685039353,0.0029644268774704496,0.0009842519685039353,0.0,-0.10964912280701755,1.37,4,回撤不明显,,19,0,0
613,MP9 | Storm (Factory New),197.39,84.0,24,4,0.1667,0.4256,steamdt-live,212.3,14,203.5,10,,8,1,2,2,0,0,6,0,-0.00303045608364072,0.0,0.0,-0.00303045608364072,0.00303045608364072,0.0,0.00303045608364072,-0.00303045608364072,0.00452926208651383,0.37,3,回撤不明显,,19,0,0
614,Glock-18 | Synth Leaf (Factory New),2193.0,1920.0,23,3,0.1304,0.8755,steamdt-live,2300.0,25,2305.93,27,,8,3,2,2,4,0,0,0,-0.0020473157415832333,-0.00022794620469568372,-0.004754358161648153,-0.0022747952684258888,0.006793478260869512,0.0,0.022073578595317778,-0.022291573785109264,-0.17987419502015722,1.3,0,价格更新稀疏,,19,0,0
615,P250 | Mehndi (Factory New),199.5,163.0,33,4,0.1212,0.817,steamdt-live,195.5,42,194.77,71,,8,3,4,2,2,0,0,0,-0.0011794871794871264,0.0,-0.002557544757033292,-0.0011794871794871264,0.0037340153452685154,0.0,0.013822784810126554,-0.011721128475745912,-0.03526672940710274,0.37,1,价格更新稀疏,,19,0,0
616,P250 | Bengal Tiger (Factory New),343.0,201.0,25,2,0.08,0.586,steamdt-live,315.7,22,303.9,25,,7,1,2,2,6,0,0,0,0.0003284072249589709,-0.0022980958634275517,0.0,-0.0019704433497537144,0.03981042654028444,0.0,0.03981042654028444,0.01503006012024044,-0.10486008836524308,0.37,1,价格更新稀疏,,18,0,0
617,M4A4 | Tornado (Factory New),754.0,651.0,13,3,0.2308,0.8634,steamdt-live,730.0,19,741.9,13,,8,3,2,2,2,0,0,0,0.0,0.0,0.0,0.0,0.0,0.0,0.010840108401083959,-0.013513513513513487,-0.17045454545454541,0.25,0,价格更新稀疏,,17,0,0
618,Five-SeveN | Crimson Blossom (Factory New),575.49,492.0,13,3,0.2308,0.8549,steamdt-live,544.5,26,641.27,18,,8,3,2,2,2,0,0,0,0.0,-0.0009174311926605228,0.0001835199119104569,-0.0009174311926605228,0.0009174311926605228,0.0,0.007292616226071136,-0.007292616226071136,-0.05616224648985957,0.37,1,价格更新稀疏,,17,0,0
619,Tec-9 | Hades (Factory New),168.0,141.0,37,3,0.0811,0.8393,steamdt-live,178.69,25,170.14,46,,7,3,4,2,0,0,0,0,0.03607770582793712,0.0,0.08825503355704711,0.03607770582793712,0.0,0.12751677852348986,0.0,0.09446254071661242,-0.020293911826452016,0.14,5,回撤不明显,,16,0,0
620,USP-S | Business Class (Factory New),555.0,475.0,13,2,0.1538,0.8559,steamdt-live,558.0,15,565.73,22,,8,3,2,2,0,0,0,0,0.0,0.0,0.0,0.0,0.0,0.0,0.0,0.052891182273486104,-0.18918918918918914,0.37,0,价格更新稀疏,,15,0,0
621,Five-SeveN | Neon Kimono (Factory New),3648.9,2640.0,33,4,0.1212,0.7235,steamdt-live,3199.9,27,3199.3,36,,8,1,4,2,0,0,0,0,3.125097659295584e-05,-0.00021874999999993427,0.0,-0.0001875058595580681,0.00021874999999993427,0.0,0.00021874999999993427,-0.00021874999999993427,0.04228701742954888,0.37,0,价格更新稀疏,,15,0,0
622,P250 | Iron Clad (Factory New),44.99,39.3,229,8,0.0349,0.8735,steamdt-live,44.38,25,45.77,73,,3,3,7,2,0,0,0,0,0.0,0.0,-0.0022482014388487404,0.0,0.0022482014388487404,0.0,0.0022482014388487404,-0.0022482014388487404,-0.11222244448889773,0.28,0,价格更新稀疏,,15,0,0
623,MP9 | Dry Season (Factory New),2300.0,55.0,2,4,2.0,0.0239,steamdt-live,769.5,2,697.0,3,,8,1,2,2,0,0,0,0,0.0,0.0,0.0,0.0,0.0028612303290415086,0.0,0.0028612303290415086,0.0,-0.0028612303290415086,0.37,0,价格更新稀疏,,13,0,0
624,Five-SeveN | Contractor (Factory New),240.0,36.0,3,3,1.0,0.15,steamdt-live,229.0,8,265.35,2,,8,1,2,2,0,0,0,0,0.0,0.0,0.0,0.0,0.0,0.0,0.0,0.0,0.0,0.37,0,价格更新稀疏,,13,0,0
625,AK-47 | Jungle Spray (Factory New),1150.0,720.0,5,4,0.8,0.6261,steamdt-live,999.0,6,1029.02,13,,8,1,2,2,0,0,0,0,0.0,0.0,0.0,0.0,0.0,0.0,0.0,0.0,-0.0876712328767123,0.35,0,价格更新稀疏,,13,0,0
626,AK-47 | Predator (Factory New),666.0,358.0,6,3,0.5,0.5375,steamdt-live,1001.0,5,721.92,5,,8,1,2,2,0,0,0,0,0.0,0.0,0.0,0.0,0.0,0.0,0.0,0.0,0.003012048192771122,0.35,0,价格更新稀疏,,13,0,0
627,MP9 | Bulldozer (Factory New),7499.5,4020.0,6,3,0.5,0.536,steamdt-live,6799.0,5,7094.37,6,,8,1,2,2,0,0,0,0,0.0,0.0,0.0,0.0,0.0,0.0,0.0,0.0,0.0,0.26,0,价格更新稀疏,,13,0,0
628,M4A4 | Zirka (Factory New),574.88,405.0,10,4,0.4,0.7045,steamdt-live,575.0,8,588.14,23,,8,1,2,2,0,0,0,0,0.0,0.0,0.0,0.0,0.0,0.0,0.00020869565217396246,-0.00020869565217396246,-0.04914074000562374,0.25,0,价格更新稀疏,,13,0,0
629,P250 | Splash (Factory New),404.5,283.0,8,3,0.375,0.6996,steamdt-live,319.5,14,319.0,10,,8,1,2,2,0,0,0,0,0.0,-0.0015649452269170805,0.0,-0.0015649452269170805,0.0015649452269170805,0.0,0.0015649452269170805,-0.0015649452269170805,0.013148701009972674,0.18,1,价格更新稀疏,,13,0,0
630,M4A4 | Jungle Tiger (Factory New),665.5,400.0,8,3,0.375,0.6011,steamdt-live,519.5,10,551.53,9,,8,1,2,2,0,0,0,0,0.0,0.0,0.0,0.0,0.0009615384615384581,0.0,0.0009615384615384581,-0.0009615384615384581,-0.21996996996996998,0.25,0,价格更新稀疏,,13,0,0
631,Glock-18 | Groundwater (Factory New),579.0,260.0,6,2,0.3333,0.4491,steamdt-live,666.0,7,640.17,7,,8,1,2,2,0,0,0,0,0.0,0.0,0.0017301038062282892,0.0,0.0,0.0017301038062282892,0.0,0.0008643042350906516,-0.24805194805194808,0.27,0,价格更新稀疏,,13,0,0
632,P250 | Nuclear Threat (Factory New),12888.88,680.0,3,1,0.3333,0.0528,steamdt-live,21888.0,1,13168.0,1,,8,1,2,2,0,0,0,0,0.0,0.0,0.0,0.0,0.0,0.0,0.0,0.0,-0.6525516275813791,0.18,0,价格更新稀疏,,13,0,0
633,Galil AR | Shattered (Factory New),500.0,73.0,10,3,0.3,0.146,steamdt-live,399.0,4,5455.16,1,,8,1,2,2,0,0,0,0,0.0,0.0,0.0,0.0,0.0,0.0,0.0,0.002512562814070307,0.0,0.19,0,价格更新稀疏,,13,0,0
634,P250 | Red Rock (Factory New),248.0,130.0,8,2,0.25,0.5242,steamdt-live,314.3,10,263.1,13,,8,1,2,2,0,0,0,0,0.0,0.0,0.0,0.0,0.0,0.0,0.0,0.0,-0.07237703385075756,0.18,0,价格更新稀疏,,13,0,0
635,M4A4 | Faded Zebra (Factory New),408.0,228.0,13,3,0.2308,0.5588,steamdt-live,520.0,10,420.31,13,,8,1,2,2,0,0,0,0,0.0,0.0,0.0,0.0,0.0,0.0,0.0,0.0,0.23374659812518894,0.37,0,价格更新稀疏,,13,0,0
636,Five-SeveN | Nitro (Factory New),438.9,162.0,7,1,0.1429,0.3691,steamdt-live,409.5,6,422.45,14,,8,1,2,2,0,0,0,0,0.0,0.0,0.0,0.0,0.0,0.0,0.0,0.0,0.00244798041615657,0.37,0,价格更新稀疏,,13,0,0
637,M4A4 | Desert Storm (Factory New),488.0,330.0,15,2,0.1333,0.6762,steamdt-live,448.8,12,432.07,6,,8,1,2,2,0,0,0,0,0.0,0.0,0.0,0.0,0.0,0.0,0.0,0.08017499999999989,0.016659215510953063,0.25,0,价格更新稀疏,,13,0,0
638,USP-S | Overgrowth (Factory New),573.0,306.0,25,3,0.12,0.534,steamdt-live,568.9,16,585.92,30,,8,1,2,2,0,0,0,0,0.0,0.0,0.0,0.0,0.0,0.0,0.00017574692442889894,-0.00017574692442889894,0.14929292929292926,0.37,0,价格更新稀疏,,13,0,0
639,Galil AR | Winter Forest (Factory New),4900.0,0.0,3,0,0.0,,steamdt-live,5100.0,2,3520.6,2,缺买一价,3,0,2,2,0,0,0,0,0.0,0.0,0.0,0.0,0.0,0.0,0.0014181983208532145,-0.0014181983208532145,0.2952191748063939,0.19,0,悠悠盘口不足,,7,0,0
640,Tec-9 | Nuclear Threat (Factory New),4588.88,0.0,1,0,0.0,,steamdt-live,0.0,0,4688.0,1,缺买一价,3,0,2,2,0,0,0,0,0.0,0.0,0.0,0.0,0.0,0.0,0.0,0.0,-0.46306343833258645,0.14,0,悠悠盘口不足,,7,0,0
641,FAMAS | Contrast Spray (Factory New),0.0,308.0,0,2,,,steamdt-live,810.0,2,762.38,6,缺卖一价,0,0,0,2,0,0,0,0,0.0002624052061193094,0.0,0.0006170327289911626,0.0002624052061193094,0.0005243975982589522,0.0013265560765463036,0.0005243975982589522,0.00028865330114413723,-0.03459541598075222,0.19,1,悠悠盘口不足,,2,0,0
642,P250 | Modern Hunter (Factory New),,,0,0,,,,8000.0,2,2970.0,1,无悠悠数据,0,0,0,2,0,0,0,0,0.0,0.0,0.0,0.0,0.0,0.0,0.001680672268907557,-0.001680672268907557,0.4747724530381803,0.37,0,悠悠盘口不足,,2,0,0
643,M4A4 | Modern Hunter (Factory New),0.0,1300.0,0,4,,,steamdt-live,4299.5,3,4025.88,9,缺卖一价,0,0,0,2,0,0,0,0,0.0,0.0,0.0,0.0,0.0,0.0,0.0,0.0,-6.706158488878344e-05,0.37,0,悠悠盘口不足,,2,0,0
