排名,marketHashName,youpin_sell,youpin_buy,youpin_sell_count,youpin_buy_count,挂买/挂卖,买一/卖一,数据来源,buff_sell,buff_sell_count,c5_sell,c5_sell_count,备注,盘口深度分,盘口紧密度分,流动性分,品质分,回撤位置分,跌速减弱分,低点企稳分,下行跌幅收敛分,前12h涨跌,近12h涨跌,前24h涨跌,近24h涨跌,48h回撤,距48h低点,5日回撤,5日涨跌,30日涨跌,K线时效(小时),24h变价次数,信号状态,报价风险,V2.6总分,建议资金,实际获批
1,★ Driver Gloves | Diamondback (Field-Tested),2399.99,2310.0,303,66,0.2178,0.9625,steamdt-live,2350.0,22,2445.01,38,,17,12,9,5,10,17,6,5,-0.025635593220339037,0.021961295933898617,-0.012552301255230103,-0.004237288135593209,0.04257486249745368,0.021961295933898617,0.10271095838106148,-0.05470635559131132,-0.265625,0.42,6,减速明显,,81,25000,25000
2,M4A4 | Full Throttle (Factory New),1024.5,1000.0,243,29,0.1193,0.9761,steamdt-live,1024.98,138,1074.5,111,,11,12,7,2,8,20,6,3,-0.02458536585365856,0.024704940988197643,-0.013939528037787752,-0.0004878048780487809,0.014420533146062064,0.024704940988197643,0.06736458807464729,-0.06736458807464729,-0.23401869158878508,0.42,7,减速明显,,69,10000,10000
3,USP-S | Road Rash (Factory New),880.0,854.0,161,20,0.1242,0.9705,steamdt-live,887.5,57,899.0,45,,11,12,7,2,8,17,6,5,-0.008450704225352101,0.0,-0.02460737012166303,-0.008450704225352101,0.032850124740353204,0.03529411764705892,0.06382978723404253,-0.022222222222222254,-0.1654654426826493,0.4,3,减速明显,,68,10000,10000
4,AK-47 | The Outsiders (Factory New),325.0,309.0,980,53,0.0541,0.9508,steamdt-live,329.38,173,319.19,305,,3,9,15,2,8,20,6,5,-0.00784929356357933,0.010000000000000009,-0.033354578287656755,0.002072213500784903,0.03135148259431242,0.010000000000000009,0.05181224004753415,-0.04156156156156143,-0.28107401901157814,0.42,6,减速明显,,68,10000,10000
5,M4A4 | The Coalition (Factory New),6178.5,6070.0,303,50,0.165,0.9824,steamdt-live,6998.0,38,6860.0,49,,14,12,9,2,10,13,6,0,-0.00983999999999996,-0.0016159004605316163,-0.02129658628249298,-0.011440000000000006,0.03249295333542124,0.016200657894736903,0.10443542542397444,-0.06697372395046819,-0.2773684210526316,0.34,7,减速明显,,66,10000,10000
6,M4A4 | Magnesium (Factory New),35.58,34.0,1252,45,0.0359,0.9556,steamdt-live,36.0,541,35.62,310,,3,9,15,2,6,20,6,5,-0.009474590869939625,0.03130434782608682,-0.032500000000000084,0.021533161068044704,0.011666666666666714,0.05141843971631199,0.04917156600748274,0.0022535211267604716,-0.15667219720312875,0.35,8,减速明显,,66,10000,10000
7,★ Specialist Gloves | Fade (Minimal Wear),2770.0,3920.0,634,31,0.0489,1.4152,steamdt-live,2799.0,629,2785.12,166,"溢价求购:买一高于卖一,多为定向收特定图案,买一价不可作退出价",3,0,12,5,8,19,6,5,-0.005721982758620681,0.0006972367028290627,-0.039503191305847896,-0.005028735632183867,0.044333275832327046,0.00435097897026826,0.05428473881870943,-0.05428473881870943,-0.1503067484662577,0.42,9,减速明显,买一异常溢价(不作为可成交退出价),58,0,0
8,★ Sport Gloves | Pandora's Box (Minimal Wear),31450.0,43000.0,183,32,0.1749,1.3672,steamdt-live,31800.0,202,33643.26,41,"溢价求购:买一高于卖一,多为定向收特定图案,买一价不可作退出价",14,0,7,5,8,12,6,5,-0.00940281140916377,-0.0015873015873015817,-0.01651563418179569,-0.010975187898990546,0.017187500000000022,0.0015923566878981443,0.053551813900299394,-0.053551813900299394,-0.11377245508982037,0.32,4,减速明显,买一异常溢价(不作为可成交退出价),57,0,0
9,Glock-18 | Reactor (Factory New),365.66,339.0,213,20,0.0939,0.9271,steamdt-live,418.5,58,376.94,99,,7,6,7,2,10,13,6,5,-0.024191616766466972,-0.0027273223149512082,-0.05604682711149078,-0.02685296074517629,0.09375697043297226,0.0,0.1496279069767441,-0.12938095238095237,-0.2885992217898832,0.42,4,减速明显,,56,0,0
10,★ Driver Gloves | Racing Green (Minimal Wear),237.0,334.0,163,15,0.092,1.4093,steamdt-live,245.25,71,243.6,90,"溢价求购:买一高于卖一,多为定向收特定图案,买一价不可作退出价",7,0,7,5,8,17,6,5,-0.008368200836820106,0.0,-0.024489795918367308,-0.008368200836820106,0.03265306122448974,0.000211014982063773,0.06290775374639201,-0.01043841336116913,-0.1412732345374833,0.42,9,减速明显,买一异常溢价(不作为可成交退出价),55,0,0
11,★ Moto Gloves | Smoke Out (Field-Tested),618.5,833.0,297,27,0.0909,1.3468,steamdt-live,634.99,310,623.9,122,"溢价求购:买一高于卖一,多为定向收特定图案,买一价不可作退出价",7,0,9,5,8,12,6,3,-0.01273885350318471,-0.0024193548387096975,-0.024844720496894457,-0.015127388535031816,0.03359374999999998,0.0008090614886731018,0.07201800450112528,-0.07257459889038831,-0.13070976809557278,0.41,13,减速明显,买一异常溢价(不作为可成交退出价),50,0,0
12,★ Driver Gloves | Crimson Weave (Field-Tested),6297.0,6160.0,234,71,0.3034,0.9782,steamdt-live,7000.0,21,6599.5,43,,20,12,7,5,10,10,6,5,-0.018926707687514588,-0.00015878056525886475,0.020588235294117574,-0.01908248305942828,0.03115624278790674,0.01909694125262984,0.08675467971150896,-0.0430091185410334,-0.25900211814544594,0.42,2,左侧观察,,75,25000,25000
13,★ Specialist Gloves | Forest DDPAT (Field-Tested),1580.0,1540.0,286,64,0.2238,0.9747,steamdt-live,1700.0,33,1566.34,59,,17,12,9,5,8,10,6,5,-0.002580645161290307,0.01315653298835695,-0.018366054464851178,0.010541935483870946,0.01981226533166458,0.013812297734627776,0.07862352941176476,-0.0325262507720816,-0.24911792905081498,0.42,4,左侧观察,,72,10000,10000
14,★ Moto Gloves | Cool Mint (Field-Tested),5580.0,5420.0,300,93,0.31,0.9713,steamdt-live,5800.0,45,5849.0,88,,20,12,9,5,8,10,2,5,-0.012389380530973493,0.0,0.03669724770642202,-0.012389380530973493,0.03688987923151399,0.03342902120566715,0.061711787455860145,-0.031081785032123666,-0.284202424475659,0.42,7,左侧观察,,71,10000,10000
15,AK-47 | Leet Museo (Factory New),3249.5,3200.0,520,92,0.1769,0.9848,steamdt-live,3495.0,59,3335.5,64,,14,12,12,2,10,10,6,5,-0.01803576841467114,0.001697792869269854,0.030937500000000062,-0.016368596544407366,0.020968471866043115,0.02689873417721511,0.08449710819579626,-0.0313432835820896,-0.1482939632545932,0.42,14,左侧观察,,71,10000,10000
16,AK-47 | Asiimov (Factory New),1836.0,1830.0,224,83,0.3705,0.9967,steamdt-live,1950.0,78,1905.21,83,,20,15,7,2,10,10,6,0,-0.03930176703591104,0.0,0.050060439560439596,-0.03930176703591104,0.03930176703591104,0.011575821354387728,0.09977494373593399,-0.018181818181818188,-0.18761061946902657,0.42,3,左侧观察,,70,10000,10000
17,M4A4 | Red DDPAT (Factory New),877.9,858.0,171,69,0.4035,0.9773,steamdt-live,930.0,27,911.98,43,,20,12,7,2,10,10,4,3,-0.02836484983314791,0.005037206639954217,0.04534883720930227,-0.02347052280311457,0.04727280619885843,0.02618351841028632,0.1464268351968887,-0.056021505376344094,-0.1078252032520326,0.42,14,左侧观察,,68,10000,10000
18,AK-47 | Cartel (Factory New),269.94,269.0,874,56,0.0641,0.9965,steamdt-live,271.0,285,271.68,243,,7,15,12,2,10,13,4,5,-0.0200925122867881,-0.0005900575306093669,-0.03581881533101039,-0.020670714079213726,0.06228373702422141,0.009536581731485638,0.12012987012987009,-0.09666666666666668,-0.2595628415300546,0.42,14,左侧观察,,68,10000,10000
19,★ Bloodhound Gloves | Snakebite (Field-Tested),1062.4,1040.0,225,40,0.1778,0.9789,steamdt-live,1065.44,18,1064.13,76,,14,12,7,5,10,10,4,5,-0.0009433962264151496,0.003210576015108657,-0.026173873898703737,0.0022641509433962703,0.031337472760925134,0.01908872901678671,0.10232361639205734,-0.07536988685813739,-0.1696756545525595,0.42,5,左侧观察,,67,10000,10000
20,M4A4 | Neo-Noir (Factory New),564.5,560.0,896,54,0.0603,0.992,steamdt-live,557.0,270,574.9,204,,7,15,12,2,10,9,6,5,-0.01675485008818345,-0.0008968609865470656,-0.00874125874125875,-0.01763668430335097,0.046232876712328785,0.0017985611510791255,0.08613617719442168,-0.05029838022165389,-0.18625546026968987,0.41,10,左侧观察,,66,10000,10000
21,★ Bloodhound Gloves | Charred (Field-Tested),1309.0,1290.0,240,55,0.2292,0.9855,steamdt-live,1590.0,22,1312.49,53,,17,12,7,5,10,10,4,0,-0.029742609163292966,0.007698229407236301,-0.00875874578906466,-0.022273345184565474,0.035450331955405145,0.01591785733688278,0.09311976500093533,-0.0514492753623188,-0.1785274995607099,0.19,16,左侧观察,,65,10000,10000
22,Glock-18 | Weasel (Factory New),267.99,262.0,497,112,0.2254,0.9776,steamdt-live,270.0,78,268.6,43,,17,12,9,2,8,10,2,5,-0.022222222222222254,0.015113636363636385,0.04854368932038833,-0.007444444444444365,0.038773314203730314,0.05924901185770759,0.06947916666666665,0.08313798399482675,0.24357308584686788,0.3,13,左侧观察,,65,10000,10000
23,AK-47 | Neon Rider (Factory New),1347.0,1330.0,470,104,0.2213,0.9874,steamdt-live,1347.87,193,1350.94,105,,17,12,9,2,8,10,6,0,-0.010913293769865051,0.0037378277153559125,0.04670802636680893,-0.007216258066428116,0.01326215022091315,0.020159724707082605,0.06685933147632306,-0.028992753623188428,-0.07904467353951894,0.17,11,左侧观察,,64,10000,10000
24,USP-S | Spiral Glitch (Factory New),461.5,457.0,30,20,0.6667,0.9902,steamdt-live,478.0,56,488.0,62,,20,15,4,2,8,10,4,0,-0.03852163586741397,0.0,0.03223655913978507,-0.03852163586741397,0.03852163586741397,0.007663922793074152,0.06746953868536443,-0.05816326530612248,-0.1654611211573237,0.42,5,左侧观察,,63,10000,10000
25,Desert Eagle | Eastern Enigma (Factory New),379.38,370.0,79,33,0.4177,0.9753,steamdt-live,379.0,64,379.3,134,,20,12,4,2,8,10,4,3,-0.003642314189189144,0.003973509933774766,-0.018445595854922336,0.000316722972973027,0.016861219195849597,0.010666666666666602,0.05838509316770191,-0.05838509316770191,-0.13863636363636367,0.16,7,左侧观察,,63,10000,10000
26,AWP | Printstream (Factory New),977.0,964.0,457,149,0.326,0.9867,steamdt-live,979.0,372,987.2,174,,20,12,9,2,6,5,4,5,-0.005161943319838103,-0.006002645233492698,-0.020812685827552024,-0.011133603238866363,0.031714568880079286,0.0030800821355236874,0.04682926829268297,-0.04682926829268297,-0.12258643915581502,0.42,15,左侧观察,,63,10000,10000
27,Tec-9 | Bamboo Forest (Factory New),183.5,179.0,1312,101,0.077,0.9755,steamdt-live,184.49,306,182.88,204,,7,12,15,2,8,8,6,5,-0.020153550863723613,-0.004897159647404559,0.0478212290502793,-0.0249520153550864,0.0249520153550864,0.031006877889277362,0.07167512690355338,-0.04749999999999999,-0.19079646017699115,0.33,12,左侧观察,,63,10000,10000
28,Glock-18 | Shinobu (Factory New),103.0,100.0,975,46,0.0472,0.9709,steamdt-live,105.4,343,108.47,222,,3,12,15,2,10,10,6,5,0.009607843137255045,0.0001942124684404245,-0.02392344497607657,0.009803921568627416,0.014354066985645897,0.01980198019801982,0.09251101321585908,-0.07207207207207211,-0.24921641519061155,0.42,8,左侧观察,,63,10000,10000
29,Desert Eagle | Light Rail (Factory New),83.49,80.0,377,45,0.1194,0.9582,steamdt-live,83.98,140,82.5,117,,11,9,9,2,10,10,6,5,0.02499999999999991,0.0060975609756097615,-0.05882352941176472,0.03125,0.02941176470588236,0.03125,0.08333333333333337,0.19185206587691428,-0.07000338180588428,0.42,10,左侧观察,,62,10000,10000
30,AK-47 | Orbit Mk01 (Factory New),535.0,520.0,855,58,0.0678,0.972,steamdt-live,520.0,166,533.99,131,,7,12,12,2,10,10,6,3,0.026923076923076827,-0.02621722846441943,-0.017013232514177745,0.0,0.02621722846441943,0.0019267822736031004,0.11789652247667515,-0.08127208480565373,-0.24560054548883625,0.42,6,左侧观察,,62,10000,10000
31,M4A4 | The Emperor (Factory New),1388.5,1360.0,396,62,0.1566,0.9795,steamdt-live,1428.99,137,1422.17,132,,14,12,9,2,8,14,2,0,-0.029773691654879753,0.012100007289161052,-0.03150684931506853,-0.018033946251768018,0.048972602739726034,0.02851851851851861,0.07309746328437916,-0.029020979020979,-0.19245085494940095,0.42,7,左侧观察,,61,10000,10000
32,Desert Eagle | Golden Koi (Factory New),1214.0,1180.0,482,51,0.1058,0.972,steamdt-live,1239.5,178,1231.58,159,,11,12,9,2,8,8,6,5,0.005328407224958864,-0.008566831905527983,-0.01774193548387093,-0.003284072249589487,0.01700404858299598,0.011666666666666714,0.07328244274809159,-0.06615384615384612,-0.19039679893297767,0.41,7,左侧观察,,61,10000,10000
33,Glock-18 | Snack Attack (Factory New),596.0,583.0,372,33,0.0887,0.9782,steamdt-live,644.5,71,606.96,96,,7,12,9,2,10,14,4,3,-0.006373890409130389,0.0008396305625524292,-0.008569065343258853,-0.0055396115597677875,0.014061207609594728,0.016943368539594106,0.09696969696969693,-0.053186757323505196,-0.23589743589743595,0.42,10,左侧观察,,61,10000,10000
34,M4A4 | Buzz Kill (Factory New),2699.5,2650.0,968,82,0.0847,0.9817,steamdt-live,2790.0,149,2739.8,149,,7,12,15,2,8,7,6,3,-0.01436624840880163,-0.003874538745387457,0.026315789473684292,-0.018185124568103284,0.028782155063860393,0.022537878787878718,0.06913793103448274,-0.042221039560049634,-0.2265042979942693,0.31,9,左侧观察,,60,10000,10000
35,M4A4 | X-Ray (Factory New),729.0,712.0,1016,71,0.0699,0.9767,steamdt-live,730.0,268,724.39,245,,7,12,15,2,10,10,4,0,-0.014285714285714235,-0.0001518288474809948,0.011004126547455195,-0.014435374149659896,0.018441734417344202,0.00749652294853953,0.11595069563094951,-0.09677057356608476,-0.2718088421560546,0.33,7,左侧观察,,60,10000,10000
36,AWP | Sovereign Flame (Factory New),2742.99,2600.0,20,29,1.45,0.9479,steamdt-live,2799.99,23,2785.0,44,,20,9,2,2,8,7,6,5,-0.0012727272727273142,-0.0021882395776443575,-0.012382922484629133,-0.0034581818181819157,0.015798281905418654,0.00017883211678815236,0.06611347759413877,-0.06611347759413877,-0.11422227106416549,0.42,3,左侧观察,,59,0,0
37,M4A1-S | Welcome to the Jungle (Factory New),9499.5,12100.0,37,12,0.3243,1.2738,steamdt-live,10000.0,43,10000.0,21,"溢价求购:买一高于卖一,多为定向收特定图案,买一价不可作退出价",20,0,4,2,8,16,4,5,-0.010406358399566606,-5.2631578947415214e-05,-0.03025435885003136,-0.01045844227544035,0.04032852798852382,0.010585106382978715,0.07682215743440235,-0.07068088436705144,-0.08641084824004619,0.36,5,左侧观察,买一异常溢价(不作为可成交退出价),59,0,0
38,★ Bloodhound Gloves | Guerrilla (Field-Tested),1047.0,1020.0,207,46,0.2222,0.9742,steamdt-live,1164.0,26,1065.91,63,,17,12,7,5,4,10,4,0,-0.0191415094339622,0.007011570534091183,0.053154495777446575,-0.01226415094339628,0.01226415094339628,0.04701047010470094,0.020121665886757123,-0.0196629213483146,-0.17849492738271777,0.42,6,左侧观察,,59,0,0
39,M4A1-S | Hyper Beast (Factory New),1659.5,1610.0,254,50,0.1969,0.9702,steamdt-live,1700.22,57,1682.96,82,,14,12,9,2,8,5,4,5,-0.01124673524865416,-0.005989817310572021,-0.006770588235294084,-0.017169186669746317,0.023823529411764688,0.030067160751306554,0.058973631981854235,-0.04296424452133796,-0.07548746518105853,0.42,4,左侧观察,,59,0,0
40,★ Driver Gloves | Crimson Weave (Minimal Wear),6800.0,6500.0,148,25,0.1689,0.9559,steamdt-live,7100.0,23,7550.84,19,,14,9,7,5,8,10,6,0,-0.0419836573682727,0.0,0.017226059789618553,-0.0419836573682727,0.04211860825468372,7.353481873662027e-05,0.05634062772776538,-0.028352113762820763,-0.2799653536270157,0.28,2,左侧观察,,59,0,0
41,M4A4 | The Battlestar (Factory New),468.0,456.0,671,49,0.073,0.9744,steamdt-live,490.82,93,475.42,197,,7,12,12,2,10,9,4,3,-0.033985581874356297,-0.002132196162046962,0.01788372434325014,-0.03604531410916578,0.05370430281462313,0.0042918454935623185,0.08931698774080554,-0.0760118460019743,-0.27216174183514774,0.42,12,左侧观察,,59,0,0
42,★ Specialist Gloves | Blackbook (Field-Tested),1499.5,2130.0,162,41,0.2531,1.4205,steamdt-live,1499.48,164,1511.49,61,"溢价求购:买一高于卖一,多为定向收特定图案,买一价不可作退出价",17,0,7,5,8,14,4,3,-0.019607843137254943,-0.0003466666666666063,-0.033138697201789635,-0.019947712418300623,0.05242536841839185,0.007715053763440949,0.05395583596214515,-0.05006018371872034,-0.10452075246342185,0.42,8,左侧观察,买一异常溢价(不作为可成交退出价),58,0,0
43,AWP | The End (Factory New),289.0,265.0,59,14,0.2373,0.917,steamdt-live,275.0,73,296.76,122,,17,6,4,2,8,10,6,5,0.021937842778793515,-0.01610017889087656,-0.048662562176075674,0.005484460694698434,0.04513888888888884,0.005668312305723289,0.054982817869415834,-0.04447533009034055,-0.2248280527680685,0.37,5,左侧观察,,58,0,0
44,★ Hand Wraps | Constrictor (Minimal Wear),641.11,631.0,112,14,0.125,0.9842,steamdt-live,644.5,52,665.83,69,,11,12,7,5,6,6,6,5,-0.00265532073479402,-0.0018216354238026478,-0.01066166868941354,-0.004472119132284624,0.012035381865252992,0.0017343750000000657,0.03374529012810845,-0.034472891566264985,-0.0708550724637681,0.3,3,左侧观察,,58,0,0
45,USP-S | Monster Mashup (Factory New),416.5,405.0,559,45,0.0805,0.9724,steamdt-live,420.0,149,424.9,163,,7,12,12,2,8,6,6,5,-0.016431924882629123,-0.005966587112171795,-0.005834305717619559,-0.02230046948356812,0.028004667444574083,0.01833740831295838,0.07143175636509569,-0.05017103762827824,-0.266725352112676,0.42,15,左侧观察,,58,0,0
46,AK-47 | Ice Coaled (Factory New),80.9,77.0,1681,30,0.0178,0.9518,steamdt-live,85.0,1234,80.77,791,,3,9,15,2,8,10,6,5,0.018750000000000044,-0.008957055214724008,-0.056492510909305405,0.009624999999999995,0.04741125132680757,0.009624999999999995,0.06947004608294938,-0.05862470862470859,-0.14889357218124355,0.42,18,左侧观察,,58,0,0
47,FAMAS | Styx (Factory New),733.0,722.0,377,74,0.1963,0.985,steamdt-live,765.0,75,750.32,52,,14,12,9,2,10,6,4,0,-0.025674786043449638,-0.009459459459459474,0.041838134430727036,-0.03489137590520075,0.03931847968545221,0.005486968449931462,0.08260325406758451,0.0061770761839397,0.03604240282685511,0.41,15,左侧观察,,57,0,0
48,AWP | Containment Breach (Factory New),2200.0,2200.0,146,24,0.1644,1.0,steamdt-live,2348.0,62,2297.0,86,,14,15,7,2,10,6,0,3,0.055089365504915166,-0.06830588364834478,-0.04765957446808511,-0.016979445933869575,0.06830588364834478,0.0,0.11606827167239886,-0.08333333333333337,-0.2346495042616107,0.38,8,左侧观察,,57,0,0
49,AK-47 | Consequence of the Jinn (Factory New),3498.38,3300.0,24,26,1.0833,0.9433,steamdt-live,3599.99,26,3535.0,27,,20,9,2,2,4,10,6,3,0.0,0.0024011461318051985,-0.01634723788049608,0.0024011461318051985,0.013846370683579967,0.0029759174311927428,0.023344500279173563,-0.021158365976496896,-0.0906212633220691,0.4,5,左侧观察,,56,0,0
50,Tec-9 | Decimator (Factory New),636.87,609.0,221,45,0.2036,0.9562,steamdt-live,649.5,55,648.55,50,,17,9,7,2,10,5,6,0,-0.010054137664346485,-0.004890625000000037,-0.004618937644341847,-0.014895591647331785,0.01869029275808931,0.0,0.1129944289693593,-0.07833574529667153,0.0093026941362917,0.37,12,左侧观察,,56,0,0
51,Tec-9 | Sultan (Factory New),35.5,31.3,151,26,0.1722,0.8817,steamdt-live,35.5,121,36.12,91,,14,6,7,2,6,10,6,5,0.022857142857142687,-0.008379888268156388,-0.040043883708173356,0.014285714285714235,0.026330224904004385,0.01573676680972813,0.032697547683923744,-0.027130720745409787,-0.06159132963256675,0.16,5,左侧观察,,56,0,0
52,Desert Eagle | Cobalt Disruption (Factory New),540.48,520.0,597,38,0.0637,0.9621,steamdt-live,563.5,281,554.49,242,,7,12,12,2,10,4,4,5,-0.006427915518824601,-0.011090573012939031,-0.02767857142857144,-0.017447199265381075,0.044642857142857095,0.0,0.10084033613445376,-0.0939881456392887,-0.2646048109965635,0.42,11,左侧观察,,56,0,0
53,M4A1-S | Blue Phosphor (Factory New),3228.0,3140.0,522,28,0.0536,0.9727,steamdt-live,3299.0,328,3300.0,160,,3,12,12,2,6,10,6,5,0.023125000000000062,-0.014050091631032324,-0.023646071700991644,0.008750000000000036,0.015253203172666208,0.008750000000000036,0.036417910447761215,-0.027417896956914767,-0.13770535595031386,0.42,11,左侧观察,,56,0,0
54,★ Broken Fang Gloves | Jade (Minimal Wear),684.9,790.0,74,17,0.2297,1.1535,steamdt-live,724.0,35,698.94,64,"溢价求购:买一高于卖一,多为定向收特定图案,买一价不可作退出价",17,0,4,5,8,10,6,5,0.0,-0.000145985401459936,-0.011301473665978778,-0.000145985401459936,0.011445809217268343,0.0005843681519357435,0.0504644392069874,-0.0504644392069874,-0.1269598470363289,0.42,2,左侧观察,买一异常溢价(不作为可成交退出价),55,0,0
55,M4A1-S | Mecha Industries (Factory New),1320.0,1300.0,555,79,0.1423,0.9848,steamdt-live,1349.39,167,1379.99,120,,11,12,12,2,8,6,4,0,-0.015176216023950029,-0.006772009029345383,0.019629769550434384,-0.021845451581349873,0.021845451581349873,0.01538461538461533,0.07627711686494054,-0.03649635036496346,-0.11823647294589179,0.42,12,左侧观察,,55,0,0
56,★ Sport Gloves | Hedge Maze (Field-Tested),23347.5,31000.0,591,75,0.1269,1.3278,steamdt-live,23998.5,403,24152.85,110,"溢价求购:买一高于卖一,多为定向收特定图案,买一价不可作退出价",11,0,12,5,6,10,6,5,-0.002055894635399902,0.002060130045709041,-0.013485637601588052,0.0,0.014873417721518956,0.0063577586206895464,0.039157990040742385,-0.018497109826589586,-0.14476424284849287,0.41,5,左侧观察,买一异常溢价(不作为可成交退出价),55,0,0
57,AWP | Wildfire (Factory New),902.5,894.0,489,60,0.1227,0.9906,steamdt-live,908.0,166,929.5,165,,11,15,9,2,6,6,6,0,-0.020589692231483325,-0.007696536558548628,0.04574324324324319,-0.028127759471043068,0.028127759471043068,0.0163288288288288,0.038860903736994024,-0.038860903736994024,-0.09296482412060303,0.42,12,左侧观察,,55,0,0
58,AWP | Electric Hive (Factory New),429.0,416.0,486,37,0.0761,0.9697,steamdt-live,435.0,227,438.0,191,,7,12,9,2,10,9,6,0,-0.0011630611770179211,-0.0009315323707498324,-0.018493150684931514,-0.002093510118632236,0.01942857142857146,0.001166861143523823,0.08235294117647063,-0.08235294117647063,-0.28500000000000003,0.35,9,左侧观察,,55,0,0
59,AWP | Chromatic Aberration (Factory New),413.0,406.0,288,21,0.0729,0.9831,steamdt-live,416.99,189,429.99,160,,7,12,9,2,6,8,6,5,-0.0012071463061322785,-0.0016920473773265332,-0.017319098457888482,-0.002897151134717446,0.02016607354685651,0.0,0.04618937644341803,-0.04618937644341803,-0.11951562699867824,0.42,2,左侧观察,,55,0,0
60,★ Hydra Gloves | Emerald (Field-Tested),190.0,185.0,112,8,0.0714,0.9737,steamdt-live,189.5,101,192.95,337,,7,12,7,5,6,7,6,5,-0.002624671916010457,-0.0026315789473684292,-0.015452994986821067,-0.005249343832021025,0.020621220734921786,0.013368983957219305,0.049028955688262155,-0.04678068410462777,-0.11303533816990408,0.42,3,左侧观察,,55,0,0
61,Glock-18 | AXIA (Factory New),260.0,245.0,709,42,0.0592,0.9423,steamdt-live,254.31,263,269.9,596,,3,9,12,2,10,15,4,0,-0.019961389961389964,0.00189102942914543,-0.038961038961038974,-0.018108108108108145,0.05090501959320759,0.027515151515151492,0.09655760417776837,-0.09498220640569399,-0.2896368715083799,0.18,11,左侧观察,,55,0,0
62,Glock-18 | Off World (Factory New),39.84,37.2,729,37,0.0508,0.9337,steamdt-live,39.0,243,39.44,118,,3,9,12,2,10,10,6,3,0.0418421052631579,-0.014902753220510268,-0.0681706718979892,0.026315789473684292,0.04878048780487809,0.026315789473684292,0.08729230049145797,0.09983079526226724,-0.1333333333333333,0.36,12,左侧观察,,55,0,0
63,★ Specialist Gloves | Cloud Chaser (Minimal Wear),4888.0,5940.0,48,25,0.5208,1.2152,steamdt-live,4939.5,54,4977.5,22,"溢价求购:买一高于卖一,多为定向收特定图案,买一价不可作退出价",20,0,4,5,4,10,6,5,0.00845535161889055,-0.0004089979550102596,-0.019116010923434845,0.008042895442359255,0.01122686355820779,0.008042895442359255,0.022302230223022357,-0.022302230223022357,-0.04407652081402125,0.17,2,左侧观察,买一异常溢价(不作为可成交退出价),54,0,0
64,USP-S | Printstream (Factory New),579.0,566.0,512,42,0.082,0.9775,steamdt-live,578.0,416,604.5,171,,7,12,12,2,8,9,4,0,-0.014480408858603022,-0.0008643042350907626,-0.010118043844856706,-0.015332197614991494,0.02611625947767482,0.01403508771929829,0.06623586429725359,-0.05090311986863716,-0.10939907550077044,0.42,11,左侧观察,,54,0,0
65,Desert Eagle | Blaze (Factory New),3796.49,3700.0,507,14,0.0276,0.9746,steamdt-live,3830.0,438,3984.5,118,,3,12,12,2,4,10,6,5,0.013189973614775585,-0.011328154500402365,-0.012889732750964278,0.0017124010554088187,0.011330729166666775,0.004894123875066159,0.016195947644331854,-0.01389870129870141,-0.07829813061422686,0.41,4,左侧观察,,54,0,0
66,★ Bloodhound Gloves | Charred (Minimal Wear),1420.0,1340.0,129,20,0.155,0.9437,steamdt-live,1580.0,22,1470.0,24,,14,9,7,5,8,10,0,0,0.012676056338028152,-0.012517385257301838,-0.013203613620569876,0.0,0.013203613620569876,0.1359999999999999,0.050802139037433136,-0.050802139037433136,-0.1820276497695853,0.41,8,左侧观察,,53,0,0
67,M4A1-S | Cyrex (Factory New),1218.0,1180.0,547,33,0.0603,0.9688,steamdt-live,1234.99,246,1230.0,126,,7,12,12,2,4,5,6,5,-0.0061000406669378116,-0.00327332242225864,-0.003646677471636939,-0.0093533956893046,0.011363636363636354,0.000410677618069899,0.01734570391286805,-0.009756097560975618,-0.06307692307692303,0.41,4,左侧观察,,53,0,0
68,M4A4 | Temukau (Factory New),576.0,568.0,752,38,0.0505,0.9861,steamdt-live,579.0,700,584.3,389,,3,12,12,2,6,9,4,5,0.002595155709342656,-0.006039689387402958,-0.025295109612141653,-0.0034602076124568004,0.028667790893760592,0.006113537117903967,0.046199701937406856,-0.021872028257030274,-0.15973741794310725,0.42,13,左侧观察,,53,0,0
69,Desert Eagle | Conspiracy (Factory New),137.0,136.0,1423,52,0.0365,0.9927,steamdt-live,138.89,825,142.0,322,,3,15,15,2,8,6,4,0,0.01449275362318847,-0.021428571428571463,-0.017793594306049876,-0.007246376811594235,0.029195011337868504,0.00366300366300365,0.05190311418685123,-0.007246376811594235,-0.11601496967350622,0.42,17,左侧观察,,53,0,0
70,★ Hand Wraps | Overprint (Field-Tested),597.49,611.0,836,26,0.0311,1.0226,steamdt-live,600.0,791,597.79,268,,3,15,12,5,8,8,2,0,-0.02568932480270214,-0.004183333333333317,-0.009840177509084502,-0.02976519112727749,0.03931247387207781,0.0,0.07365891472868213,-0.06642187499999996,-0.14826799714896644,0.42,11,左侧观察,,53,0,0
71,★ Hand Wraps | Giraffe (Field-Tested),239.0,238.0,329,28,0.0851,0.9958,steamdt-live,239.0,288,238.5,124,,7,15,9,5,4,10,2,0,-0.01301455301455301,0.004760500484475738,-0.0020746887966804906,-0.008316008316008316,0.01446280991735538,0.04148471615720517,0.023661372195840857,-0.008068541008151686,-0.06397174254317117,0.42,15,左侧观察,,52,0,0
72,Desert Eagle | Printstream (Factory New),430.0,423.0,1491,37,0.0248,0.9837,steamdt-live,435.0,964,451.3,463,,3,12,15,2,8,5,4,3,-0.013636363636363669,-0.009216589861751112,-0.03296703296703296,-0.022727272727272707,0.053905390539053855,0.002331002331002363,0.07922912205567456,-0.07922912205567456,-0.12047453466966651,0.42,17,左侧观察,,52,0,0
73,★ Driver Gloves | Plum Quill (Field-Tested),615.3,677.0,47,24,0.5106,1.1003,steamdt-live,606.0,44,645.0,25,"溢价求购:买一高于卖一,多为定向收特定图案,买一价不可作退出价",20,0,4,5,8,5,4,5,-0.0008196721311475308,-0.005742411812961423,-0.012944983818770184,-0.006557377049180357,0.01941747572815533,0.0016528925619834212,0.05282900906533283,-0.02619315442712511,-0.07462549819048059,0.42,7,左侧观察,买一异常溢价(不作为可成交退出价),51,0,0
74,AWP | Dragon Lore (Factory New),73000.0,72550.0,126,11,0.0873,0.9938,steamdt-live,72000.0,156,76999.0,23,,7,15,7,5,4,9,4,0,0.0,-0.0015342465753425127,-0.01348685099597291,-0.0015342465753425127,0.015000405416362605,0.012333333333333307,0.015027027027027073,-0.015020371759268625,-0.025561497326203164,0.42,2,左侧观察,,51,0,0
75,P250 | Vino Primo (Factory New),93.9,88.0,417,14,0.0336,0.9372,steamdt-live,98.38,133,95.34,738,,3,9,9,2,10,9,4,5,-0.002116402116402183,-0.0042417815482501675,-0.05405405405405406,-0.006349206349206327,0.08390243902439021,0.0,0.15007241129616222,-0.10562910753405075,-0.28265851795263564,0.42,4,左侧观察,,51,0,0
76,Desert Eagle | Mulberry (Factory New),76.3,71.0,1088,32,0.0294,0.9305,steamdt-live,76.99,545,78.9,261,,3,9,15,2,6,10,6,0,0.02533333333333343,-0.007802340702210753,-0.04018428461735346,0.0173333333333332,0.024296675191815886,0.017604694585222624,0.04625000000000001,-0.03295310519645134,-0.15457063711911356,0.42,15,左侧观察,,51,0,0
77,M4A1-S | Black Lotus (Factory New),69.29,64.0,1521,32,0.021,0.9237,steamdt-live,70.0,1091,71.98,525,,3,6,15,2,6,8,6,5,-0.008571428571428452,-0.0015850144092218743,0.0,-0.010142857142857009,0.014226774790155106,0.018970588235294183,0.032262569832402055,-0.032262569832402055,-0.1779570530312018,0.42,11,左侧观察,,51,0,0
78,AK-47 | Crossfade (Factory New),24.37,21.8,2776,33,0.0119,0.8945,steamdt-live,25.0,1188,25.25,892,,3,6,15,2,10,10,0,5,-0.008898305084745761,0.041898247114151355,0.03508771929824572,0.032627118644067865,0.03485148514851477,0.10772727272727267,0.08623922009748786,-0.04055118110236211,-0.2615151515151515,0.41,10,左侧观察,,51,0,0
79,★ Moto Gloves | Spearmint (Field-Tested),10448.0,12600.0,418,69,0.1651,1.206,steamdt-live,10713.31,199,10607.76,95,"溢价求购:买一高于卖一,多为定向收特定图案,买一价不可作退出价",14,0,9,5,8,10,4,0,-0.0452375539895431,0.0,0.041923259118900935,-0.0452375539895431,0.04541115505250237,0.00971247235311079,0.05303030303030298,-0.035635562086700934,-0.21242124212421243,0.42,10,左侧观察,买一异常溢价(不作为可成交退出价),50,0,0
80,★ Hydra Gloves | Rattler (Field-Tested),174.0,171.0,109,14,0.1284,0.9828,steamdt-live,171.41,126,170.91,221,,11,12,7,5,4,6,2,3,0.01110465116279058,-0.01725030188028287,-0.014270158748352357,-0.006337209302325619,0.028920454545454555,0.014302670623145275,0.028920454545454555,0.002992957746478897,-0.07631194941360864,0.42,13,左侧观察,,50,0,0
81,USP-S | Blueprint (Factory New),575.47,550.0,205,16,0.078,0.9557,steamdt-live,580.0,96,578.84,78,,7,9,7,2,8,6,6,5,-0.002827586206896493,-0.0049968877515733645,-0.020270270270270285,-0.007810344827586135,0.02545300592718036,0.0,0.06571962009903398,-0.047219324823258635,-0.20062508681761348,0.41,7,左侧观察,,50,0,0
82,Galil AR | Crimson Tsunami (Factory New),39.99,38.7,709,32,0.0451,0.9677,steamdt-live,39.9,271,40.39,240,,3,12,12,2,6,9,6,0,-0.024390243902439046,-0.0025000000000000577,0.0024449877750611915,-0.02682926829268295,0.02682926829268295,0.00025068939583849925,0.047277936962750844,0.026234567901234573,-0.19556451612903236,0.4,4,左侧观察,,50,0,0
83,Five-SeveN | Heat Treated (Factory New),94.1,86.0,723,20,0.0277,0.9139,steamdt-live,97.4,358,95.85,232,,3,6,12,2,10,8,4,5,-0.004210526315789553,-0.005285412262156397,-0.04233870967741937,-0.009473684210526412,0.04949494949494959,0.0010638297872340718,0.0951923076923078,-0.07654563297350359,-0.24502567394094998,0.35,7,左侧观察,,50,0,0
84,Five-SeveN | Retrobution (Factory New),69.5,67.0,450,42,0.0933,0.964,steamdt-live,69.69,122,69.0,86,,7,12,9,2,2,10,2,5,0.0001470804530079306,0.014705882352941124,-0.028714285714285803,0.014855125753787446,0.014285714285714235,0.035103510351035094,0.014285714285714235,0.04482132041187148,-0.18718341382966197,0.42,4,左侧观察,,49,0,0
85,M4A1-S | Icarus Fell (Factory New),2640.0,2590.0,610,28,0.0459,0.9811,steamdt-live,2760.0,391,2749.5,178,,3,12,12,2,8,6,6,0,-0.00336894648284225,-0.007332205301748496,-0.029424708753578055,-0.010676449977327973,0.040000000000000036,0.0038022813688212143,0.06713780918727918,-0.06348772778709943,-0.1483870967741936,0.42,9,左侧观察,,49,0,0
86,M4A1-S | Party Animal (Factory New),139.0,129.0,377,16,0.0424,0.9281,steamdt-live,135.0,273,149.8,481,,3,6,9,2,8,10,6,5,0.00746268656716409,0.025851851851852015,-0.03942652329749108,0.033507462686567235,0.024649623212902316,0.03358459586536311,0.057891156462585025,-0.037261035801181674,-0.1853529411764705,0.16,7,左侧观察,,49,0,0
87,★ Specialist Gloves | Lime Polycam (Field-Tested),1519.5,2130.0,123,40,0.3252,1.4018,steamdt-live,1512.5,138,1550.0,52,"溢价求购:买一高于卖一,多为定向收特定图案,买一价不可作退出价",20,0,7,5,2,8,6,0,0.0033003300330032292,-0.004934210526315819,-0.008507853403141308,-0.0016501650165016146,0.01272201515675686,0.015100671140939603,0.014336917562724039,-0.0046067785455742305,-0.09493462585644619,0.16,8,左侧观察,买一异常溢价(不作为可成交退出价),48,0,0
88,★ Sport Gloves | Occult (Field-Tested),3011.5,3980.0,284,41,0.1444,1.3216,steamdt-live,3038.5,314,3043.5,98,"溢价求购:买一高于卖一,多为定向收特定图案,买一价不可作退出价",11,0,9,5,4,10,6,3,0.006135378459486418,-0.001955325777159178,-0.016560091818330847,0.004168056018672983,0.01262295081967213,0.010570469798657722,0.02839167607678661,-0.02839167607678661,-0.08687083080654945,0.42,10,左侧观察,买一异常溢价(不作为可成交退出价),48,0,0
89,★ Moto Gloves | Spearmint (Minimal Wear),15666.0,20030.0,192,21,0.1094,1.2786,steamdt-live,15999.0,159,16188.0,50,"溢价求购:买一高于卖一,多为定向收特定图案,买一价不可作退出价",11,0,7,5,10,6,4,5,-0.0027261756632548373,-0.015705821499106598,-0.046911584960689034,-0.01838918033401904,0.05994011976047908,0.0021064726158559477,0.09427104367391681,-0.0872409081659351,-0.19903061224489793,0.06,8,左侧观察,买一异常溢价(不作为可成交退出价),48,0,0
90,★ Specialist Gloves | Lt. Commander (Minimal Wear),1002.0,1330.0,222,23,0.1036,1.3273,steamdt-live,998.0,209,1039.0,89,"溢价求购:买一高于卖一,多为定向收特定图案,买一价不可作退出价",11,0,7,5,8,11,6,0,-0.01816396661757491,-0.0020000000000000018,-0.026290630975143392,-0.020127638684339755,0.04497607655502389,0.0,0.06989748369058713,-0.06989748369058713,-0.16728550092199357,0.2,8,左侧观察,买一异常溢价(不作为可成交退出价),48,0,0
91,★ Broken Fang Gloves | Yellow-banded (Minimal Wear),408.0,490.0,138,14,0.1014,1.201,steamdt-live,419.99,68,427.0,54,"溢价求购:买一高于卖一,多为定向收特定图案,买一价不可作退出价",11,0,7,5,8,8,6,3,-0.015388314498677502,-0.00366300366300365,0.004589371980676216,-0.018994950709305014,0.030878859857482177,0.0,0.051162790697674376,-0.04784130688448074,-0.1309904153354633,0.42,5,左侧观察,买一异常溢价(不作为可成交退出价),48,0,0
92,FAMAS | Rapid Eye Movement (Factory New),84.37,80.0,369,14,0.0379,0.9482,steamdt-live,84.46,173,87.9,173,,3,9,9,2,8,6,6,5,-0.0009427292010369959,-0.004836046237320035,-0.013255813953488405,-0.005774216356351558,0.018953488372092986,0.01773220747889015,0.06763178251740509,-0.06763178251740509,-0.25382506411957184,0.42,9,左侧观察,,48,0,0
93,AK-47 | Searing Rage (Factory New),101.9,98.0,1317,30,0.0228,0.9617,steamdt-live,104.0,402,104.99,439,,3,12,15,2,8,4,4,0,0.006776379477250849,-0.02019230769230762,-0.023629489603024578,-0.013552758954501365,0.04319248826291078,0.008910891089108919,0.07194899817850631,-0.029523809523809508,-0.21312741312741312,0.42,12,左侧观察,,48,0,0
94,★ Sport Gloves | Creme Pinstripe (Field-Tested),520.5,720.0,101,30,0.297,1.3833,steamdt-live,528.0,104,545.0,63,"溢价求购:买一高于卖一,多为定向收特定图案,买一价不可作退出价",17,0,7,5,4,10,4,0,0.027397260273972712,-0.008571428571428563,-0.016361886429258954,0.018590998043052753,0.014204545454545414,0.040999999999999925,0.02710280373831775,-0.003827751196172291,-0.07876106194690269,0.31,17,左侧观察,买一异常溢价(不作为可成交退出价),47,0,0
95,AK-47 | Breakthrough (Factory New),48.4,45.0,411,26,0.0633,0.9298,steamdt-live,46.34,371,53.5,350,,7,6,9,2,10,8,2,3,-0.02594685080560788,-0.004511278195488577,-0.022299509001636686,-0.0303410755388156,0.047873433326484416,0.011790393013100475,0.10176390773405697,-0.08761567237645196,-0.27593749999999995,0.4,7,左侧观察,,47,0,0
96,AWP | Fade (Factory New),3888.0,4310.0,476,29,0.0609,1.1085,steamdt-live,3950.0,347,3980.0,187,"溢价求购:买一高于卖一,多为定向收特定图案,买一价不可作退出价",7,0,9,2,8,10,6,5,0.026315789473684292,-0.012820512820512775,-0.03797468354430378,0.013157894736842035,0.03266331658291455,0.013157894736842035,0.05382157778323915,-0.04914793776241044,-0.1647684130599848,0.19,6,左侧观察,买一异常溢价(不作为可成交退出价),47,0,0
97,★ Specialist Gloves | Crimson Web (Field-Tested),727.9,1040.0,583,25,0.0429,1.4288,steamdt-live,740.0,535,740.0,221,"溢价求购:买一高于卖一,多为定向收特定图案,买一价不可作退出价",3,0,12,5,6,10,6,5,0.008194444444444393,0.0020664003306241074,-0.019073569482288777,0.01027777777777783,0.014229570402493619,0.025952045133991408,0.03655629139072847,-0.010340136054421745,-0.10142063001852997,0.19,14,左侧观察,买一异常溢价(不作为可成交退出价),47,0,0
98,AWP | Queen's Gambit (Factory New),1279.0,2260.0,101,32,0.3168,1.767,steamdt-live,1288.0,108,1290.9,51,"溢价求购:买一高于卖一,多为定向收特定图案,买一价不可作退出价",20,0,7,2,6,5,6,0,0.0,-0.00852713178294573,-0.0182648401826484,-0.00852713178294573,0.026636225266362223,0.015079365079365026,0.04907063197026018,-0.04907063197026018,-0.063003663003663,0.42,6,左侧观察,买一异常溢价(不作为可成交退出价),46,0,0
99,P250 | Kintsugi (Factory New),115.6,155.0,114,22,0.193,1.3408,steamdt-live,118.0,124,116.0,76,"溢价求购:买一高于卖一,多为定向收特定图案,买一价不可作退出价",14,0,7,2,6,10,4,3,-0.013769363166953652,0.008726003490401313,-0.006837606837606813,-0.005163511187607606,0.024472573839662504,0.01403508771929829,0.036666666666666736,-0.02033898305084747,-0.04454913629225554,0.42,8,左侧观察,买一异常溢价(不作为可成交退出价),46,0,0
100,★ Sport Gloves | Arid (Minimal Wear),6619.0,7740.0,177,36,0.2034,1.1694,steamdt-live,6800.0,40,6905.29,33,"溢价求购:买一高于卖一,多为定向收特定图案,买一价不可作退出价",17,0,7,5,8,8,0,0,-0.004511278195488688,-0.0001510574018126487,-0.022058823529411797,-0.004661654135338367,0.026617647058823524,0.039742381401193905,0.05280480824270173,-0.05280480824270173,-0.20344184367290452,0.42,7,左侧观察,买一异常溢价(不作为可成交退出价),45,0,0
101,★ Specialist Gloves | Field Agent (Field-Tested),714.5,1080.0,717,26,0.0363,1.5115,steamdt-live,730.0,577,735.0,206,"溢价求购:买一高于卖一,多为定向收特定图案,买一价不可作退出价",3,0,12,5,4,10,6,5,0.0028070175438597023,0.0,-0.01041666666666663,0.0028070175438597023,0.012303013547138475,0.006338028169014187,0.029211956521739135,-0.027229407760381186,-0.10295040803515376,0.41,11,左侧观察,买一异常溢价(不作为可成交退出价),45,0,0
102,★ Sport Gloves | Vice (Field-Tested),2440.0,4860.0,1570,51,0.0325,1.9918,steamdt-live,2450.0,1454,2533.0,314,"溢价求购:买一高于卖一,多为定向收特定图案,买一价不可作退出价",3,0,15,5,8,5,4,5,0.002430133657351119,-0.014141414141414121,-0.023338607594936667,-0.01174564601053063,0.03671535728385311,0.00020496003279357744,0.06656108095287272,-0.06495497221689983,-0.1159420289855072,0.22,4,左侧观察,买一异常溢价(不作为可成交退出价),45,0,0
103,MP9 | Ruby Poison Dart (Factory New),29.94,28.1,530,16,0.0302,0.9385,steamdt-live,29.0,235,28.77,272,,3,9,12,2,6,10,3,0,0.03571428571428581,-0.00793103448275867,-0.04697072838665761,0.02750000000000008,0.024415055951169884,0.06555555555555559,0.041000000000000036,-0.02176130567834067,-0.2529213191378863,0.42,8,左侧观察,,45,0,0
104,★ Driver Gloves | King Snake (Field-Tested),776.5,1640.0,1633,36,0.022,2.112,steamdt-live,789.5,1485,794.77,317,"溢价求购:买一高于卖一,多为定向收特定图案,买一价不可作退出价",3,0,15,5,8,5,4,5,-0.004187817258883175,-0.010449853447177304,-0.026559604694255667,-0.014593908629441654,0.040765904879555226,0.0,0.07504466944609889,-0.05878787878787883,-0.12752808988764042,0.42,16,左侧观察,买一异常溢价(不作为可成交退出价),45,0,0
105,Glock-18 | Twilight Galaxy (Factory New),2744.0,2580.0,282,27,0.0957,0.9402,steamdt-live,2824.71,78,2770.0,99,,7,9,9,2,10,5,2,0,-0.029268292682926855,-0.015075376884422065,0.027201145311381625,-0.04390243902439028,0.047056780691092204,0.00512820512820511,0.08472314876584386,-0.06666666666666665,-0.19198105984758362,0.41,6,左侧观察,,44,0,0
106,★ Sport Gloves | Slingshot (Minimal Wear),4980.0,7010.0,362,33,0.0912,1.4076,steamdt-live,5000.0,327,5030.0,82,"溢价求购:买一高于卖一,多为定向收特定图案,买一价不可作退出价",7,0,9,5,6,8,4,5,0.0,-0.006000000000000005,-0.028937657797630578,-0.006000000000000005,0.03476403185084487,0.001007049345417954,0.049349655700076545,-0.03952072664025508,-0.1712412371684131,0.42,9,左侧观察,买一异常溢价(不作为可成交退出价),44,0,0
107,USP-S | Sleeping Potion (Factory New),48.3,45.4,238,19,0.0798,0.94,steamdt-live,45.49,204,47.29,118,,7,9,7,2,10,4,0,5,-0.007054296707994845,-0.020667384284176582,-0.056474384832593705,-0.027575887131252697,0.07914979757085017,0.010888888888888948,0.0865461847389557,-0.020878174773999114,-0.11411879259980529,0.39,8,左侧观察,,44,0,0
108,AK-47 | Vulcan (Factory New),3427.5,6630.0,897,27,0.0301,1.9344,steamdt-live,3455.0,741,3605.0,183,"溢价求购:买一高于卖一,多为定向收特定图案,买一价不可作退出价",3,0,12,2,6,10,6,5,0.0,0.002192982456140413,-0.0200292271984871,0.002192982456140413,0.027328452239060108,0.023134328358209055,0.04791666666666672,-0.047784414502014205,-0.10180817610062898,0.41,5,左侧观察,买一异常溢价(不作为可成交退出价),44,0,0
109,P250 | Iron Clad (Factory New),39.87,35.1,279,6,0.0215,0.8804,steamdt-live,43.68,31,41.99,82,,3,6,9,2,8,10,6,0,-0.017254128666502444,0.0,-0.005393478793822015,-0.017254128666502444,0.02255454768325571,0.0,0.059226050023596155,-0.01042442293373047,-0.2602968460111318,0.42,3,左侧观察,,44,0,0
110,★ Specialist Gloves | Marble Fade (Minimal Wear),2197.28,4320.0,228,28,0.1228,1.9661,steamdt-live,2188.0,191,2199.0,62,"溢价求购:买一高于卖一,多为定向收特定图案,买一价不可作退出价",11,0,7,5,4,10,6,0,-0.027809179290074648,0.017674418604651132,-0.0015801354401805412,-0.010626271761247974,0.012189616252821667,0.017674418604651132,0.018393898609241788,-0.018614039022202267,-0.06475742680059837,0.41,6,左侧观察,买一异常溢价(不作为可成交退出价),43,0,0
111,★ Specialist Gloves | Crimson Kimono (Minimal Wear),15666.0,20680.0,362,23,0.0635,1.3201,steamdt-live,15999.0,358,16829.58,75,"溢价求购:买一高于卖一,多为定向收特定图案,买一价不可作退出价",7,0,9,5,8,7,4,3,0.0074622166246851585,-0.020783198424852323,-0.04213288295080975,-0.013476070528967266,0.0550411677775432,0.0,0.05626506024096389,-0.05626506024096389,-0.09965517241379307,0.42,10,左侧观察,买一异常溢价(不作为可成交退出价),43,0,0
112,MP9 | Airlock (Factory New),140.9,137.0,276,12,0.0435,0.9723,steamdt-live,149.23,104,149.95,113,,3,12,9,2,8,5,4,0,-0.0070224719101124045,-0.0035360678925034916,-0.010905049663124222,-0.010533707865168496,0.02132388692088627,0.0035612535612534746,0.06688741721854297,-0.0407788140785621,-0.19485714285714284,0.35,9,左侧观察,,43,0,0
113,★ Driver Gloves | Garden (Field-Tested),1069.5,1700.0,177,23,0.1299,1.5895,steamdt-live,1065.0,167,1097.5,113,"溢价求购:买一高于卖一,多为定向收特定图案,买一价不可作退出价",11,0,7,5,6,9,4,0,-0.009726725335803654,-0.003741814780168329,-0.017743403093721577,-0.013432144511347888,0.030937215650591487,0.009478672985782088,0.039675383228133465,-0.0304961310878471,-0.13554493137119616,0.42,7,左侧观察,买一异常溢价(不作为可成交退出价),42,0,0
114,★ Sport Gloves | Bronze Morph (Minimal Wear),754.0,1010.0,188,21,0.1117,1.3395,steamdt-live,780.0,114,785.02,89,"溢价求购:买一高于卖一,多为定向收特定图案,买一价不可作退出价",11,0,7,5,6,7,6,0,-0.0006596306068601399,-0.0046204620462045876,-0.0172563560695439,-0.00527704485488123,0.021313050024661773,0.016172506738544534,0.03761471402861627,-0.03761471402861627,-0.08437363384660224,0.32,11,左侧观察,买一异常溢价(不作为可成交退出价),42,0,0
115,MP9 | Setting Sun (Factory New),244.5,226.0,91,9,0.0989,0.9243,steamdt-live,260.0,23,245.0,55,,7,6,4,2,8,9,6,0,-0.0239043824701195,-0.0020408163265306367,0.012505042355788643,-0.02589641434262946,0.029376736800317604,0.00040916530278223284,0.05889145496535797,-0.05889145496535797,-0.15365710131884103,0.24,2,左侧观察,,42,0,0
116,★ Driver Gloves | Imperial Plaid (Minimal Wear),1726.98,2020.0,207,20,0.0966,1.1697,steamdt-live,1750.0,169,1735.61,49,"溢价求购:买一高于卖一,多为定向收特定图案,买一价不可作退出价",7,0,7,5,4,10,6,3,0.008158508158508049,-0.0017456647398843561,-0.01411606542684285,0.006398601398601489,0.013154285714285674,0.006498312769913195,0.02978651685393252,-0.01890629793325982,-0.08139361702127657,0.42,5,左侧观察,买一异常溢价(不作为可成交退出价),42,0,0
117,★ Specialist Gloves | Mogul (Field-Tested),563.0,616.0,350,33,0.0943,1.0941,steamdt-live,590.0,298,593.47,209,"溢价求购:买一高于卖一,多为定向收特定图案,买一价不可作退出价",7,0,9,5,10,6,2,3,-0.0008771929824561431,-0.012291483757682187,-0.0330788804071247,-0.013157894736842146,0.04580152671755722,0.0044642857142858094,0.09347300564061245,-0.09347300564061245,-0.18829997546862154,0.42,19,左侧观察,买一异常溢价(不作为可成交退出价),42,0,0
118,★ Sport Gloves | Amphibious (Minimal Wear),3658.5,6270.0,523,31,0.0593,1.7138,steamdt-live,3705.0,478,3712.0,134,"溢价求购:买一高于卖一,多为定向收特定图案,买一价不可作退出价",3,0,12,5,8,12,2,0,-0.009851551956815086,-0.0027259097723865144,-0.024229654990782223,-0.012550607287449389,0.03672985781990523,0.016250000000000098,0.07332826747720367,-0.07332826747720367,-0.1289285714285714,0.42,7,左侧观察,买一异常溢价(不作为可成交退出价),42,0,0
119,★ Sport Gloves | Big Game (Minimal Wear),1175.0,1430.0,242,14,0.0579,1.217,steamdt-live,1210.0,196,1258.65,61,"溢价求购:买一高于卖一,多为定向收特定图案,买一价不可作退出价",3,0,7,5,8,8,6,5,0.0025423728813558366,-0.006762468300929858,-0.02147773447217849,-0.004237288135593209,0.026100506427736647,0.00042571306939120923,0.06000000000000005,-0.03687735145370041,-0.13919413919413914,0.36,3,左侧观察,买一异常溢价(不作为可成交退出价),42,0,0
120,★ Hydra Gloves | Mangrove (Minimal Wear),210.0,231.0,122,9,0.0738,1.1,steamdt-live,204.5,51,217.0,55,"溢价求购:买一高于卖一,多为定向收特定图案,买一价不可作退出价",7,0,7,5,6,10,6,0,-0.02619047619047621,0.0,0.009615384615384581,-0.02619047619047621,0.02619047619047621,0.0,0.045685752951607594,-0.03309692671394804,-0.06621004566210043,0.35,6,左侧观察,买一异常溢价(不作为可成交退出价),41,0,0
121,USP-S | Business Class (Factory New),656.56,480.0,13,3,0.2308,0.7311,steamdt-live,684.0,14,603.8,25,,8,1,2,2,6,10,6,5,0.01324942033786014,-0.013076168682575995,-0.028948214860083588,0.0,0.025814778960955187,0.003323363243602495,0.04210426119237254,0.022817746006470907,0.039546855362154076,0.19,6,左侧观察,,40,0,0
122,Desert Eagle | Fennec Fox (Factory New),2230.0,2400.0,431,62,0.1439,1.0762,steamdt-live,2240.0,126,2299.99,86,"溢价求购:买一高于卖一,多为定向收特定图案,买一价不可作退出价",11,0,9,2,10,4,4,0,-0.021818181818181848,-0.013099663657284433,0.026666666666666616,-0.03463203463203468,0.05065985525755645,0.013636363636363669,0.0897959183673469,-0.010867154579729421,-0.21916033474561436,0.42,12,左侧观察,买一异常溢价(不作为可成交退出价),40,0,0
123,★ Sport Gloves | Superconductor (Field-Tested),10199.5,12320.0,472,67,0.1419,1.2079,steamdt-live,10350.0,291,10600.0,107,"溢价求购:买一高于卖一,多为定向收特定图案,买一价不可作退出价",11,0,9,5,8,5,2,0,0.008446601941747511,-0.018051410416867197,-0.017925247902364605,-0.009757281553398056,0.028572789180437153,0.020052005200519973,0.0599539170506912,-0.05560185185185185,-0.16397540983606562,0.42,8,左侧观察,买一异常溢价(不作为可成交退出价),40,0,0
124,AWP | Graphite (Factory New),795.49,870.0,592,29,0.049,1.0937,steamdt-live,808.0,430,809.4,340,"溢价求购:买一高于卖一,多为定向收特定图案,买一价不可作退出价",3,0,12,2,4,10,6,3,0.007591616434210247,-0.0043929912390487935,-0.008155096935584694,0.003165275290675673,0.017913580246913585,0.004419247717774244,0.029298352654057336,-0.0043929912390487935,-0.11905869324473972,0.42,11,左侧观察,买一异常溢价(不作为可成交退出价),40,0,0
125,★ Hand Wraps | Cobalt Skulls (Field-Tested),1161.5,1560.0,970,36,0.0371,1.3431,steamdt-live,1210.0,739,1214.48,204,"溢价求购:买一高于卖一,多为定向收特定图案,买一价不可作退出价",3,0,15,5,8,4,2,3,0.011440677966101598,-0.02681189777963977,-0.02719725636649928,-0.015677966101694918,0.040082644628099184,0.0,0.05722402597402598,-0.04403292181069962,-0.12140695915279875,0.26,7,左侧观察,买一异常溢价(不作为可成交退出价),40,0,0
126,★ Hydra Gloves | Emerald (Minimal Wear),271.49,309.0,88,14,0.1591,1.1382,steamdt-live,274.63,60,299.83,52,"溢价求购:买一高于卖一,多为定向收特定图案,买一价不可作退出价",14,0,4,5,8,4,4,0,-0.01612266149592445,-0.009160583941605793,-0.008932384341637012,-0.025135552443534825,0.03384341637010668,0.0,0.05732638888888886,-0.05568695652173905,-0.06353695974612816,0.35,10,左侧观察,买一异常溢价(不作为可成交退出价),39,0,0
127,★ Specialist Gloves | Sunburst (Field-Tested),994.99,1330.0,162,24,0.1481,1.3367,steamdt-live,1015.0,199,1029.5,64,"溢价求购:买一高于卖一,多为定向收特定图案,买一价不可作退出价",11,0,7,5,4,5,4,3,-0.0015000150001499568,-0.0035052929924185294,-0.00991089108910892,-0.005000050000499967,0.017778874629812425,0.015295918367346895,0.02785539814362481,-0.014861386138613875,-0.07828624363131076,0.16,10,左侧观察,买一异常溢价(不作为可成交退出价),39,0,0
128,★ Driver Gloves | Snow Leopard (Minimal Wear),3185.0,5130.0,230,26,0.113,1.6107,steamdt-live,3200.0,232,3220.0,54,"溢价求购:买一高于卖一,多为定向收特定图案,买一价不可作退出价",11,0,7,5,4,6,6,0,0.00015627441787779972,-0.004687499999999956,-0.01231709575847384,-0.00453195811845597,0.016975308641975273,0.0,0.019698368728839677,-0.01484689143210638,-0.12739726027397258,0.42,10,左侧观察,买一异常溢价(不作为可成交退出价),39,0,0
129,★ Moto Gloves | 3rd Commando Company (Field-Tested),233.0,252.0,191,16,0.0838,1.0815,steamdt-live,228.98,208,232.05,150,"溢价求购:买一高于卖一,多为定向收特定图案,买一价不可作退出价",7,0,7,5,6,10,4,0,-0.02765957446808509,0.0021006564551422358,-0.008898823330943495,-0.02561702127659582,0.034287883260933794,0.02912359550561794,0.041924686192468696,-0.025575556406655653,-0.09465443618535507,0.41,10,左侧观察,买一异常溢价(不作为可成交退出价),39,0,0
130,★ Hand Wraps | Overprint (Minimal Wear),839.5,1030.0,377,20,0.0531,1.2269,steamdt-live,834.5,309,873.3,106,"溢价求购:买一高于卖一,多为定向收特定图案,买一价不可作退出价",3,0,9,5,6,7,4,5,0.0,-0.008318478906714222,-0.027167630057803427,-0.008318478906714222,0.035260115606936426,0.0,0.04410080183276055,-0.040804597701149414,-0.11081513052743741,0.42,6,左侧观察,买一异常溢价(不作为可成交退出价),39,0,0
131,★ Sport Gloves | Amphibious (Field-Tested),1749.0,2640.0,1109,49,0.0442,1.5094,steamdt-live,1742.5,1022,1758.59,247,"溢价求购:买一高于卖一,多为定向收特定图案,买一价不可作退出价",3,0,15,5,8,4,4,0,-0.011265208595145682,-0.006839555428897137,-0.015266370699223097,-0.018027715005438205,0.03301886792452835,0.0017246335153779935,0.05581143321593063,-0.055043383947939284,-0.10590589563343433,0.42,10,左侧观察,买一异常溢价(不作为可成交退出价),39,0,0
132,USP-S | Kill Confirmed (Factory New),1411.0,1500.0,270,25,0.0926,1.0631,steamdt-live,1387.38,128,1446.52,70,"溢价求购:买一高于卖一,多为定向收特定图案,买一价不可作退出价",7,0,9,2,8,5,4,3,-0.014104372355430161,-0.007596566523605075,-0.01459346768589298,-0.021593794076163575,0.03318466898954697,0.0,0.07445680091261442,-0.06880998724746623,-0.15850063686540905,0.24,5,左侧观察,买一异常溢价(不作为可成交退出价),38,0,0
133,M4A1-S | Stratosphere (Factory New),193.99,173.0,398,16,0.0402,0.8918,steamdt-live,192.99,264,194.8,362,,3,6,9,2,8,10,0,0,-0.015357142857142847,0.0,0.018181818181818077,-0.015357142857142847,0.027660217654171593,0.07216666666666671,0.056237468824881454,-0.05159958720330238,-0.27035916824196593,0.42,10,左侧观察,,38,0,0
134,Glock-18 | Trace Lock (Factory New),31.2,25.5,328,14,0.0427,0.8173,steamdt-live,29.48,263,31.29,114,,3,3,9,2,8,5,4,3,-0.014905597880092825,-0.0090786819098857,-0.029884318766066786,-0.023848956608148453,0.05332476710568579,0.00340483486550891,0.07906250000000004,-0.06622306717363746,-0.2741379310344828,0.42,11,左侧观察,,37,0,0
135,★ Hand Wraps | CAUTION! (Minimal Wear),1100.99,1190.0,242,24,0.0992,1.0808,steamdt-live,1139.5,165,1115.0,81,"溢价求购:买一高于卖一,多为定向收特定图案,买一价不可作退出价",7,0,7,5,6,4,4,3,0.004054054054054124,-0.012122027815163694,-0.013263165380649311,-0.008117117117117156,0.021272623831028015,0.0,0.03294685990338164,-0.03294685990338164,-0.1261984126984127,0.42,5,左侧观察,买一异常溢价(不作为可成交退出价),36,0,0
136,MP9 | Deadly Poison (Factory New),65.9,55.0,150,13,0.0867,0.8346,steamdt-live,58.0,57,60.88,39,,7,3,7,2,2,10,4,0,-0.03710035903573261,0.029829545454545414,-0.0003418219107844678,-0.008377500427423579,0.011082693947144007,0.0396128338411903,0.011082693947144007,0.09786106378951365,0.2343051713130453,0.42,11,左侧观察,,35,0,0
137,Five-SeveN | Case Hardened (Factory New),209.57,285.0,223,17,0.0762,1.3599,steamdt-live,211.4,163,222.27,110,"溢价求购:买一高于卖一,多为定向收特定图案,买一价不可作退出价",7,0,7,2,6,7,6,0,-0.009570505869595958,-0.0024276466108150707,-0.0023986454707929372,-0.011974918674272916,0.014391195974227555,0.0,0.047409090909090956,-0.04086956521739138,-0.27734482758620693,0.42,4,左侧观察,买一异常溢价(不作为可成交退出价),35,0,0
138,AK-47 | Nouveau Rouge (Factory New),376.5,311.0,410,23,0.0561,0.826,steamdt-live,381.91,267,379.5,158,,3,3,9,2,6,4,6,0,0.007657894736842197,-0.016740226162805905,-0.015288934957242706,-0.009210526315789447,0.02435864213526817,0.0040000000000000036,0.04441624365482233,0.06205923836389271,-0.04885812449474525,0.42,8,左侧观察,,33,0,0
139,Five-SeveN | Jungle (Factory New),345.0,235.0,11,3,0.2727,0.6812,steamdt-live,359.5,5,339.5,5,,8,1,2,2,4,7,6,0,-0.005847953216374324,-0.0014705882352941124,-0.0014598540145985828,-0.007309941520467822,0.013081395348837233,0.0,0.01594202898550723,-0.01594202898550723,-0.14805520702634878,0.35,8,左侧观察,,30,0,0
140,USP-S | Overgrowth (Factory New),487.0,364.0,18,3,0.1667,0.7474,steamdt-live,567.5,10,490.58,16,,8,1,2,2,2,10,4,0,-0.024316109422492405,0.011422637590861928,0.020007440783762487,-0.01317122593718334,0.01317122593718334,0.017763845350052154,0.01317122593718334,0.022035676810073346,-0.13957597173144876,0.19,20,左侧观察,,29,0,0
141,FAMAS | Djinn (Factory New),196.49,186.0,127,16,0.126,0.9466,steamdt-live,250.0,58,194.87,91,,11,9,7,2,10,18,6,5,-0.01704168580029597,0.011523488191020004,-0.029223834761503698,-0.005714577274350763,0.034723598177134885,0.01420838971583227,0.08964776230963278,-0.08964776230963278,-0.3638144363553263,0.25,11,长期阴跌,,68,0,0
142,★ Specialist Gloves | Foundation (Field-Tested),4500.0,4410.0,311,87,0.2797,0.98,steamdt-live,4766.0,37,4584.3,60,,17,12,9,5,10,10,4,0,-0.038445099799119475,0.00011112345816211011,0.06374417764077656,-0.03833824849339651,0.05233231546804251,0.034482758620689724,0.08163265306122447,-0.038461538461538436,-0.3066255778120185,0.42,11,长期阴跌,,67,0,0
143,★ Sport Gloves | Arid (Field-Tested),5416.99,5300.0,339,76,0.2242,0.9784,steamdt-live,5498.24,59,5373.25,77,,17,12,9,5,8,10,6,0,-0.013861754581821595,0.013820754716981076,-0.00065079955373748,-0.00023257977486279557,0.004861561255671831,0.013822667589938886,0.05715915072819788,-0.04729609929078016,-0.2624227865477008,0.42,6,回撤不明显,,67,0,0
144,M4A4 | 龍王 (Dragon King) (Factory New),319.98,309.0,770,53,0.0688,0.9657,steamdt-live,314.29,207,316.99,195,,7,12,12,2,8,20,6,0,-0.019193233571893176,0.042421227197346756,-0.008387096774193581,0.022413793103448487,0.0015883604942977803,0.042421227197346756,0.06182089552238801,-0.05476691729323302,-0.20230964467005075,0.41,9,回撤不明显,,67,0,0
145,M4A1-S | Nightmare (Factory New),1517.76,1500.0,395,66,0.1671,0.9883,steamdt-live,1561.38,61,1532.27,62,,14,12,9,2,8,10,6,5,-0.00577178734550432,0.004679980671083994,0.024585300067430982,-0.0011188185276348461,0.0011188185276348461,0.046731034482758504,0.06179066834804536,-0.019097659809604983,-0.010909090909090868,0.42,8,回撤不明显,,66,0,0
146,Desert Eagle | Naga (Factory New),138.0,130.0,296,36,0.1216,0.942,steamdt-live,150.0,80,139.36,118,,11,9,9,2,10,16,4,5,-0.010752688172043001,0.0,-0.02447552447552448,-0.010752688172043001,0.0678195082410159,0.014705882352941124,0.12101910828025475,-0.07070707070707072,-0.368421052631579,0.29,5,长期阴跌,,66,0,0
147,Glock-18 | Ramese's Reach (Factory New),382.0,373.0,536,65,0.1213,0.9764,steamdt-live,385.0,92,389.47,156,,11,12,12,2,8,10,6,5,-0.013157894736842146,0.01866666666666661,-0.0013140604467805073,0.0052631578947368585,0.003911342894393766,0.03804347826086962,0.0786077811814081,0.06258692628650908,-0.21649061634704136,0.34,7,回撤不明显,,66,0,0
148,USP-S | Orion (Factory New),508.86,504.0,511,34,0.0665,0.9904,steamdt-live,528.36,191,522.49,249,,7,15,12,2,10,9,6,5,0.0047843137254903745,-0.006986183748341368,-0.016393442622950838,-0.002235294117647002,0.01859209257473482,0.005652173913043512,0.09936283185840711,-0.08623042666283576,-0.30720217835262076,0.42,11,长期阴跌,,66,0,0
149,M4A1-S | Fizzy POP (Factory New),56.5,56.0,2378,61,0.0257,0.9912,steamdt-live,56.94,468,57.53,472,,3,15,15,2,10,15,6,0,-0.05096660808435849,0.04629629629629628,-0.015400588337082577,-0.007029876977152849,0.02232220107284999,0.05018587360594795,0.1030322273376727,-0.09988848175880205,-0.4514030488396932,0.42,9,长期阴跌,,66,0,0
150,M4A1-S | Blood Tiger (Factory New),83.0,78.0,789,25,0.0317,0.9398,steamdt-live,84.0,243,83.48,230,,3,9,12,2,10,20,4,5,-0.005180722891566347,0.0052077025554075895,-0.033760186263096736,0.0,0.03263403263403264,0.03750000000000009,0.14344685242518063,-0.14344685242518063,-0.39855072463768115,0.32,10,长期阴跌,,65,0,0
151,M4A1-S | Control Panel (Factory New),909.0,890.0,714,118,0.1653,0.9791,steamdt-live,1020.0,68,909.99,121,,14,12,12,2,8,10,3,3,-0.005791907514450911,0.05233781788160319,0.03037522334723053,0.046242774566473965,0.005494505494505475,0.08774038461538458,0.07720858145036302,-0.003951177098581393,-0.20474516695957823,0.42,12,回撤不明显,,64,0,0
152,★ Hand Wraps | Leather (Field-Tested),3333.0,3260.0,290,88,0.3034,0.9781,steamdt-live,3504.5,28,3534.57,53,,20,12,9,5,8,0,6,3,0.05110266677815667,-0.017972893341190344,-0.00031269349845208794,0.03221131065751215,0.047578225460780166,0.03316800991940494,0.07576097897792977,-0.0365659777424483,-0.2526905829596413,0.42,7,可能加速下跌,,63,0,0
153,Desert Eagle | Code Red (Factory New),1068.0,1050.0,260,58,0.2231,0.9831,steamdt-live,1108.0,63,1078.0,104,,17,12,9,2,4,10,6,3,-0.009924565681194819,0.02741702741702734,0.026314760508308943,0.01722035964644908,0.005753225716360499,0.05625445051032507,0.01917566674013671,-0.006511627906976791,-0.012025901942645745,0.41,14,回撤不明显,,63,0,0
154,Desert Eagle | Directive (Factory New),602.5,553.0,102,21,0.2059,0.9178,steamdt-live,707.0,18,604.79,28,,17,6,7,2,10,10,6,5,0.005833333333333357,-0.001657000828500399,-0.012345679012345734,0.004166666666666652,0.008230452674897082,0.025636660765354646,0.0981213980989446,-0.011582124811339245,0.3140676117775354,0.25,4,回撤不明显,,63,0,0
155,M4A1-S | Flashback (Factory New),675.0,660.0,685,99,0.1445,0.9778,steamdt-live,675.0,68,678.99,86,,11,12,12,2,10,10,6,0,-0.03508771929824561,0.022727272727272707,0.038866359866952305,-0.013157894736842146,0.014598540145985384,0.040863531225906025,0.12797457561429337,-0.08225696804894633,-0.32296890672016043,0.38,9,长期阴跌,,63,0,0
156,Glock-18 | Green Line (Factory New),32.98,32.1,1396,46,0.033,0.9733,steamdt-live,31.9,249,33.1,446,,3,12,15,2,10,10,6,5,0.04140127388535042,-0.024464831804281495,-0.07100591715976323,0.015923566878981,0.056213017751479244,0.029032258064516148,0.11142061281337046,-0.07240476882814773,-0.476018396846255,0.42,10,长期阴跌,,63,0,0
157,★ Hand Wraps | Slaughter (Field-Tested),2780.0,2750.0,273,79,0.2894,0.9892,steamdt-live,3034.33,47,2889.53,77,,17,12,9,5,10,0,4,5,-0.004034318507480816,-0.002583237657864501,-0.0033867521367522135,-0.006607134561852912,0.03806228373702425,0.01090909090909098,0.0972267324803533,-0.03755941685794295,-0.23594888003298065,0.42,15,暂未减速,,62,0,0
158,★ Hydra Gloves | Case Hardened (Minimal Wear),515.0,534.0,125,19,0.152,1.0369,steamdt-live,517.0,116,539.99,64,,14,15,7,5,0,10,6,5,0.014920000000000044,0.018799511291530457,-0.01665781658701604,0.03400000000000003,0.0,0.03400000000000003,0.0,0.001957402275237774,-0.10938845822566756,0.12,7,回撤不明显,,62,0,0
159,Glock-18 | Water Elemental (Factory New),272.99,272.0,648,83,0.1281,0.9964,steamdt-live,274.3,256,278.02,317,,11,15,12,2,6,10,6,0,-0.012904411764705803,0.016760400759804783,0.036190476190476106,0.0036397058823529616,0.009362412454185787,0.04794625719769674,0.040389482564679446,0.014832713754646898,-0.28990219540110285,0.42,11,回撤不明显,,62,0,0
160,Galil AR | Sugar Rush (Factory New),764.95,733.0,327,37,0.1131,0.9582,steamdt-live,750.0,72,768.77,85,,11,9,9,2,10,10,6,5,-0.0008000000000000229,0.0008006405124099114,-0.024707412223667125,0.0,0.031020271055929527,0.0008006405124099114,0.09090909090909094,-0.09090909090909094,-0.3052339045854562,0.28,2,长期阴跌,,62,0,0
161,Desert Eagle | Night Heist (Factory New),438.0,425.0,769,64,0.0832,0.9703,steamdt-live,457.95,145,449.49,166,,7,12,12,2,10,10,6,3,-0.026966292134831482,0.011547344110854452,0.02298850574712641,-0.01573033707865168,0.04274849200104902,0.020979020979021046,0.10612244897959189,-0.10245901639344257,-0.4104979811574697,0.42,13,长期阴跌,,62,0,0
162,Galil AR | Vandal (Factory New),62.0,58.0,265,19,0.0717,0.9355,steamdt-live,68.14,68,66.05,56,,7,9,9,2,10,20,0,5,-0.03226326826907566,0.03350558426404393,-0.08569321533923302,0.00016131634134541883,0.08554572271386429,0.03350558426404393,0.10520998701111284,-0.0424710424710425,-0.4037888258486393,0.42,2,长期阴跌,,62,0,0
163,AWP | Elite Build (Factory New),359.46,345.0,370,25,0.0676,0.9598,steamdt-live,373.5,89,374.7,115,,7,9,9,2,10,14,6,5,-0.010989614814000737,-0.0014445246958165736,-0.026791443850267327,-0.012418264739820994,0.03887700534759364,0.0013929128593714868,0.1002252816020025,-0.09909774436090235,-0.3006614785992219,0.41,8,长期阴跌,,62,0,0
164,M4A1-S | Guardian (Factory New),334.5,321.0,707,46,0.0651,0.9596,steamdt-live,360.0,314,354.71,217,,7,9,12,2,10,13,6,3,-0.014735294117647069,-0.001462730230753162,-0.02857142857142858,-0.016176470588235348,0.04428571428571426,2.9896259977846285e-05,0.15743073047858946,-0.12434554973821987,-0.34655206094940416,0.42,8,长期阴跌,,62,0,0
165,M4A1-S | Fatal Glitch (Factory New),582.0,561.0,29,17,0.5862,0.9639,steamdt-live,580.0,38,598.88,56,,20,12,2,2,4,10,6,5,-0.0015519917227108104,0.0017271157167531026,-0.008717948717948731,0.00017244352474565794,0.008547008547008517,0.0017444170020206595,0.016949152542372836,-0.010238907849829393,-0.12518853695324283,0.42,2,回撤不明显,,61,0,0
166,Glock-18 | Gold Toof (Factory New),735.88,731.0,510,57,0.1118,0.9934,steamdt-live,740.0,108,732.37,154,,11,15,12,2,10,0,6,5,-0.00068493150684934,0.00393420150788204,0.008287292817679592,0.0032465753424657517,0.007978219055617242,0.03150704225352108,0.08051475204017577,-0.08051475204017577,-0.2741625371655104,0.42,7,回撤不明显,,61,0,0
167,Galil AR | Stone Cold (Factory New),115.5,111.0,326,21,0.0644,0.961,steamdt-live,121.86,136,118.99,124,,7,12,9,2,10,10,6,5,0.0324253075571177,-0.016937611711634992,-0.026851376774414182,0.01493848857644986,0.02110348334604628,0.015027682573161005,0.08427812574328075,-0.021020511951178156,-0.30000000000000004,0.4,6,长期阴跌,,61,0,0
168,AK-47 | Inheritance (Factory New),644.0,640.0,840,42,0.05,0.9938,steamdt-live,645.0,717,650.0,248,,3,15,12,2,8,10,6,5,0.0015624999999999112,0.004680187207488196,-0.01538461538461533,0.006250000000000089,0.009230769230769265,0.006250000000000089,0.05224429727740987,-0.05294117647058827,-0.16903225806451616,0.41,10,回撤不明显,,61,0,0
169,★ Driver Gloves | Lunar Weave (Field-Tested),3800.0,3750.0,281,73,0.2598,0.9868,steamdt-live,3874.25,19,3925.87,68,,17,12,9,5,8,0,6,3,0.01964949548592676,-0.01041666666666663,0.018113003514463433,0.009028146574614926,0.019164999677356853,0.027860427373546104,0.07629106554687226,-0.022885060426844905,-0.24990130280300038,0.42,10,可能加速下跌,,60,0,0
170,Desert Eagle | Trigger Discipline (Factory New),33.18,32.0,763,36,0.0472,0.9644,steamdt-live,33.66,447,33.57,376,,3,12,12,2,10,10,6,5,0.0,0.03687499999999999,-0.05882352941176472,0.03687499999999999,0.024117647058823577,0.03687499999999999,0.12684210526315787,-0.1046950890447923,-0.3387803905938621,0.42,8,长期阴跌,,60,0,0
171,FAMAS | Decommissioned (Factory New),20.0,17.6,624,16,0.0256,0.88,steamdt-live,21.0,89,19.04,120,,3,6,12,2,10,20,2,5,-0.02683063163778654,0.09362435381964374,-0.18310502283105012,0.0642817216321967,0.13019643672910008,0.09994222992489887,0.2016771488469602,-0.2016771488469602,-0.5481727574750831,0.39,12,长期阴跌,,60,0,0
172,★ Hand Wraps | Spruce DDPAT (Field-Tested),2180.0,2120.0,291,84,0.2887,0.9725,steamdt-live,2453.83,27,2311.45,61,,17,12,9,5,8,0,3,5,0.010156971375807844,-0.003656307129798919,0.07227722772277234,0.006463527239150446,0.018018018018018056,0.07920792079207928,0.05217391304347829,-0.017132551848512145,-0.12869704236610713,0.2,6,可能加速下跌,,59,0,0
173,M4A4 | Tooth Fairy (Factory New),71.6,68.0,1582,32,0.0202,0.9497,steamdt-live,71.0,472,71.5,602,,3,9,15,2,10,9,6,5,-0.0014044943820226141,-0.002812939521800173,-0.0349688262401735,-0.004213483146067398,0.040335679480238085,0.0,0.094508301404853,-0.094508301404853,-0.3116504854368931,0.42,10,长期阴跌,,59,0,0
174,★ Moto Gloves | Boom! (Field-Tested),2779.0,2680.0,249,69,0.2771,0.9644,steamdt-live,2998.1,33,2710.0,51,,17,12,7,5,10,0,4,3,-0.0001825817053131562,-0.010226442658875068,0.002012440541529381,-0.010407157202848238,0.0536519953625455,0.004075583549462802,0.08073893664222087,-0.025004497211728705,-0.21811886901327182,0.37,4,可能加速下跌,,58,0,0
175,★ Driver Gloves | Convoy (Minimal Wear),2899.0,2790.0,131,36,0.2748,0.9624,steamdt-live,3121.0,33,3018.92,24,,17,12,7,5,8,0,6,3,-0.00016949152542378165,-0.017121546024749912,0.025730180806675884,-0.01728813559322029,0.024952996613065492,0.022574955908289285,0.06120466321243523,0.01933895921237694,-0.19438654995136861,0.24,3,可能加速下跌,,58,0,0
176,★ Bloodhound Gloves | Bronzed (Field-Tested),1249.5,1180.0,240,48,0.2,0.9444,steamdt-live,1399.0,15,1264.35,58,,17,9,7,5,2,10,3,5,-0.00983606557377048,0.0343543046357615,0.05354058721934374,0.02418032786885238,0.0035487858367558855,0.08457892818082402,0.01225296442687751,0.024600246002460135,-0.1719681908548708,0.19,5,回撤不明显,,58,0,0
177,USP-S | Pathfinder (Factory New),170.0,162.0,123,16,0.1301,0.9529,steamdt-live,179.74,74,178.35,85,,11,9,7,2,10,10,4,5,-0.00846474953617804,-0.005964214711729698,-0.0483337011697198,-0.01437847866419284,0.0619654582574628,0.0,0.08488991764009268,-0.07668911579404736,-0.42855222024269723,0.16,7,长期阴跌,,58,0,0
178,Five-SeveN | Triumvirate (Factory New),65.38,63.0,228,23,0.1009,0.9636,steamdt-live,69.15,187,65.31,226,,11,12,7,2,10,7,4,5,-0.0018239854081167906,-0.005481955230698943,-0.026631158455392767,-0.007295941632467051,0.0330174711282204,0.0,0.13952569169960483,-0.13952569169960483,-0.4219842463934861,0.35,2,长期阴跌,,58,0,0
179,Galil AR | Amber Fade (Factory New),126.3,119.0,529,43,0.0813,0.9422,steamdt-live,119.96,129,124.15,96,,7,9,12,2,10,10,3,5,-0.024922897391014387,0.02547444007522648,0.043217391304347874,-8.335417187632643e-05,8.335417187632643e-05,0.08072072072072056,0.169079448638914,-0.00033333333333340764,-0.3105747126436782,0.36,4,长期阴跌,,58,0,0
180,AK-47 | Safari Mesh (Factory New),32.19,31.7,579,34,0.0587,0.9848,steamdt-live,31.47,181,31.92,240,,3,12,12,2,8,10,6,5,-0.015625,0.0,-0.012345679012345623,-0.015625,0.027177269919703595,0.016129032258064502,0.0627789348408212,-0.06694312796208524,-0.39539347408829173,0.25,14,长期阴跌,,58,0,0
181,AK-47 | Aquamarine Revenge (Factory New),1198.5,1180.0,359,94,0.2618,0.9846,steamdt-live,1197.0,122,1189.48,100,,17,12,9,2,8,0,4,5,0.005892255892255838,-0.0058577405857740406,0.024579560155239433,0.0,0.0058577405857740406,0.024579560155239433,0.050943863489299135,0.0,0.012114706333384406,0.26,2,回撤不明显,,57,0,0
182,M4A1-S | Chantico's Fire (Factory New),1568.0,1540.0,264,58,0.2197,0.9821,steamdt-live,1599.5,72,1595.92,76,,17,12,9,2,6,0,6,5,0.0032051282051281937,0.00191693290734829,-0.006369426751592355,0.00512820512820511,0.001273885350318471,0.011939335269441687,0.04593274069206388,-0.032098765432098775,-0.08757637474541746,0.38,6,回撤不明显,,57,0,0
183,M4A1-S | Golden Coil (Factory New),1442.45,1420.0,337,57,0.1691,0.9844,steamdt-live,1464.09,98,1449.66,129,,14,12,9,2,8,1,6,5,-0.00343878954607979,-0.004520358868184915,-0.008861622358554921,-0.007943603851444214,0.017069846678023803,0.0,0.06515920388336927,-0.035150501672240764,-0.13625748502994006,0.41,2,暂未减速,,57,0,0
184,FAMAS | ZX Spectron (Factory New),124.0,119.0,629,37,0.0588,0.9597,steamdt-live,123.99,150,121.11,179,,3,9,12,2,10,10,6,5,0.008666666666666822,0.0005783212161267759,-0.024390243902439046,0.00924999999999998,0.0072950819672130685,0.02635593220338972,0.13794576126414693,-0.1030217745519183,-0.33232261976955724,0.32,3,长期阴跌,,57,0,0
185,Tec-9 | Mummy's Rot (Factory New),56.0,52.0,474,27,0.057,0.9286,steamdt-live,55.89,88,54.0,101,,3,6,9,2,10,16,6,5,-0.010989010989011061,0.0,-0.025000000000000022,-0.010989010989011061,0.0357142857142857,0.0,0.08998988877654202,-0.018181818181818188,-0.43925233644859807,0.42,6,长期阴跌,,57,0,0
186,AWP | Acheron (Factory New),41.8,40.9,2505,76,0.0303,0.9785,steamdt-live,42.0,565,41.52,566,,3,12,15,2,10,8,2,5,-0.04374572795625431,-0.010721944245889792,0.06554989075018214,-0.05399863294600127,0.05593451568894936,0.07314551563711569,0.12033898305084745,-0.07507239919803954,-0.47175572519083964,0.42,5,长期阴跌,,57,0,0
187,M4A4 | Global Offensive (Factory New),268.53,261.0,319,28,0.0878,0.972,steamdt-live,268.0,104,268.63,134,,7,12,9,2,8,10,3,5,-0.0092592592592593,0.0018691588785046953,0.015037593984962516,-0.007407407407407418,0.007407407407407418,0.0763052208835342,0.0722791470506785,-0.06418045952929674,-0.2891246684350133,0.31,7,回撤不明显,,56,0,0
188,USP-S | Purple DDPAT (Factory New),146.0,140.0,968,74,0.0764,0.9589,steamdt-live,143.83,170,142.92,283,,7,9,15,2,8,6,4,5,-0.00520833333333337,-0.002303664921466053,0.04121475054229928,-0.007500000000000062,0.06514913657770804,0.02820143884892068,0.07194805194805198,-0.023637108894657755,-0.39696202531645575,0.38,10,长期阴跌,,56,0,0
189,M4A4 | Turbine (Factory New),65.6,63.0,1145,43,0.0376,0.9604,steamdt-live,66.99,223,65.5,322,,3,12,15,2,8,10,6,0,-0.04140414041404139,0.025039123630672844,-0.013905325443786976,-0.0174017401740173,0.038179148311306865,0.025039123630672844,0.07590293453724595,-0.033780793627378736,-0.4018264840182648,0.3,9,长期阴跌,,56,0,0
190,★ Hand Wraps | Badlands (Field-Tested),2494.5,2430.0,306,86,0.281,0.9741,steamdt-live,2794.5,23,2513.06,57,,17,12,9,5,6,0,6,0,0.036475409836065564,-0.013641755634638209,0.017514595496246788,0.022336065573770547,0.0179133858267716,0.04810924369747904,0.04020777222008465,0.002612540192926005,-0.10269784172661867,0.41,7,可能加速下跌,,55,0,0
191,AK-47 | The Empress (Factory New),1593.88,1580.0,350,81,0.2314,0.9913,steamdt-live,1640.0,170,1639.5,103,,17,15,9,2,6,0,6,0,0.00606136349434494,-0.010012422360248352,0.017678855325914178,-0.004011747797287857,0.014907292954264406,0.01845367412140586,0.03401212121212116,-0.015211615693543346,0.03532315686911347,0.42,8,可能加速下跌,,55,0,0
192,M4A1-S | Player Two (Factory New),951.0,941.0,438,84,0.1918,0.9895,steamdt-live,982.5,135,953.62,146,,14,12,9,2,6,5,4,3,-0.006249999999999978,-0.0031446540880503138,0.014799154334038,-0.009375000000000022,0.009375000000000022,0.02868639667705075,0.043836718278705056,-0.01755183421316342,-0.048048048048048075,0.41,10,回撤不明显,,55,0,0
193,★ Moto Gloves | Boom! (Minimal Wear),2860.0,2790.0,162,31,0.1914,0.9755,steamdt-live,3255.38,26,3029.9,37,,14,12,7,5,8,0,4,5,-0.0003448870494913159,-0.013282732447817858,0.017546938059308737,-0.013623038454905978,0.01379310344827589,0.021428571428571352,0.07548682407096119,-0.06229508196721312,-0.21525586500205784,0.42,2,可能加速下跌,,55,0,0
194,★ Hand Wraps | Leather (Minimal Wear),3465.0,3350.0,187,31,0.1658,0.9668,steamdt-live,3855.5,30,3499.0,28,,14,12,7,5,8,0,4,5,-0.0007143877696813572,-0.009150700600514705,0.003297018348623837,-0.009858551221603062,0.010000000000000009,0.01911764705882346,0.06351351351351353,-0.020909861542808716,-0.24673913043478257,0.23,4,可能加速下跌,,55,0,0
195,M4A4 | Dark Blossom (Factory New),275.0,264.0,226,20,0.0885,0.96,steamdt-live,315.5,90,274.88,124,,7,12,7,2,10,10,2,5,0.0,-7.275372862847185e-05,-0.03476123595505631,-7.275372862847185e-05,0.033813708260105435,0.018451278251204295,0.11897435897435904,-0.11897435897435904,-0.3651732101616628,0.31,2,长期阴跌,,55,0,0
196,M4A1-S | Leaded Glass (Factory New),248.5,242.0,1062,75,0.0706,0.9738,steamdt-live,247.49,198,249.44,211,,7,12,15,2,10,0,4,5,-0.002484472049689379,0.02735574927355744,-0.0016535758577924664,0.02480331262939961,0.010039999999999938,0.039873949579831924,0.11293906810035836,-0.041145248150013525,-0.2313975155279503,0.42,10,暂未减速,,55,0,0
197,USP-S | Cyrex (Factory New),194.7,190.0,2913,166,0.057,0.9759,steamdt-live,192.0,399,191.14,482,,3,12,15,2,8,10,0,5,-0.04134408602150541,0.07195333968930506,0.08771929824561409,0.027634408602150495,0.0,0.15842424242424236,0.05376237623762381,0.01670212765957446,-0.3824232633279483,0.42,17,长期阴跌,,55,0,0
198,Tec-9 | Ossified (Factory New),57.98,54.0,491,27,0.055,0.9314,steamdt-live,61.19,67,59.1,261,,3,9,9,2,8,15,6,3,-0.01177474402730383,0.001208772232774935,-0.023170528421403547,-0.01058020477815702,0.033666666666666734,0.001208772232774935,0.07645747053201668,-0.07365393832880662,-0.4945074106364429,0.42,3,长期阴跌,,55,0,0
199,Five-SeveN | Copper Galaxy (Factory New),94.0,88.0,635,31,0.0488,0.9362,steamdt-live,93.9,125,95.16,161,,3,9,12,2,10,10,6,3,-0.020937500000000053,0.00010639429726566618,-0.010309278350515427,-0.02083333333333337,0.030927835051546393,0.0015982951518380695,0.15162454873646203,-0.08737864077669899,-0.39623611021902494,0.42,6,长期阴跌,,55,0,0
200,AK-47 | Safety Net (Factory New),60.56,59.0,2096,46,0.0219,0.9742,steamdt-live,63.31,435,61.6,562,,3,12,15,2,10,7,3,3,-0.02400000000000002,-0.006557377049180357,0.01296596434359798,-0.030399999999999983,0.030399999999999983,0.06315789473684208,0.11390554174586931,-0.08042488619119881,-0.4362790697674418,0.2,13,长期阴跌,,55,0,0
201,★ Moto Gloves | Eclipse (Minimal Wear),3053.0,2950.0,134,42,0.3134,0.9663,steamdt-live,3200.0,23,3130.0,32,,20,12,7,5,8,0,2,0,0.02048047622422211,-0.03630050505050508,0.059709848096944906,-0.01656348045689693,0.03630050505050508,0.045547945205479445,0.060615384615384627,-0.0027601300037563004,-0.14958217270194984,0.4,7,可能加速下跌,,54,0,0
202,★ Moto Gloves | Eclipse (Field-Tested),3017.41,2930.0,282,84,0.2979,0.971,steamdt-live,3248.5,20,3076.57,55,,17,12,9,5,8,0,3,0,-0.0008196721311475308,-0.009873666940114934,0.045415595544130216,-0.01068524590163944,0.020982583190572668,0.07076295244854491,0.06552802725301954,-0.004253704253704416,-0.13442053930005737,0.33,11,可能加速下跌,,54,0,0
203,★ Specialist Gloves | Emerald Web (Field-Tested),7199.0,7060.0,372,72,0.1935,0.9807,steamdt-live,7758.65,83,7342.96,71,,14,12,9,5,8,0,6,0,-6.84931506849118e-05,-0.01376806630591132,0.02824142545249675,-0.01383561643835618,0.027162162162162162,0.025498575498575482,0.06863315867779285,-0.04000533404453932,-0.265333197265027,0.41,7,可能加速下跌,,54,0,0
204,Tec-9 | Whiteout (Factory New),990.0,941.0,145,17,0.1172,0.9505,steamdt-live,1020.0,65,1019.0,98,,11,9,7,2,10,8,2,5,-0.0040000000000000036,-0.0060240963855421326,-0.05391725560317506,-0.010000000000000009,0.06293481244498289,0.010204081632652962,0.12890453145622527,-0.12890453145622527,-0.32168550873586843,0.17,5,长期阴跌,,54,0,0
205,AWP | Sun in Leo (Factory New),405.0,395.0,1101,62,0.0563,0.9753,steamdt-live,397.58,464,400.04,334,,3,12,15,2,10,10,2,0,-0.009480354879594421,0.012334937045757055,-0.0037878787878787845,0.002737642585551203,0.006080402010050334,0.02748051948051944,0.10256584768257004,-0.06931112365894987,-0.3156055363321799,0.42,18,长期阴跌,,54,0,0
206,AK-47 | Slate (Factory New),88.0,84.0,1852,17,0.0092,0.9545,steamdt-live,90.0,1426,89.24,637,,3,9,15,2,4,10,6,5,-0.0010502975843156293,0.028037383177570208,-0.0312040700960996,0.02695763799743256,0.0,0.03529411764705892,0.027624309392265234,-0.01101371094628012,-0.11885451086412335,0.41,10,回撤不明显,,54,0,0
207,M4A1-S | Solitude (Factory New),66.46,64.0,5039,44,0.0087,0.963,steamdt-live,69.7,2780,68.98,2402,,3,12,15,2,6,10,6,0,0.008942103667777923,-0.0016523959741625571,-0.010201020102010072,0.007274931797514261,0.005089820359281516,0.014656488549618318,0.0330277899025172,-0.0330277899025172,-0.33206030150753774,0.32,10,长期阴跌,,54,0,0
208,Five-SeveN | Angry Mob (Factory New),535.0,521.0,247,60,0.2429,0.9738,steamdt-live,545.77,74,536.0,84,,17,12,7,2,6,0,4,5,-0.00280636108512633,0.0028142589118198558,0.041910331384015675,0.0,0.002798507462686617,0.042154110123225674,0.03606853020739409,0.10251650165016502,0.15318230852211445,0.42,9,回撤不明显,,53,0,0
209,★ Hand Wraps | Arboreal (Minimal Wear),395.5,405.0,127,24,0.189,1.024,steamdt-live,407.5,85,414.0,92,,14,15,7,5,10,0,2,0,-0.0037878787878787845,-0.013941698352344711,-0.010000000000000009,-0.017676767676767624,0.0347394540942928,0.0012870012870012104,0.08252553126252982,-0.08144230088077642,-0.22198443968879378,0.15,11,可能加速下跌,,53,0,0
210,★ Specialist Gloves | Foundation (Minimal Wear),5391.0,5260.0,181,34,0.1878,0.9757,steamdt-live,5472.83,37,5418.91,45,,14,12,7,5,10,0,2,3,-0.0012706159693899322,-0.02714998267598312,-0.004396203833130885,-0.02838610144381626,0.032657514188972114,0.0,0.09173478808790525,-0.0016685185185185691,-0.2474751775227636,0.07,3,可能加速下跌,,53,0,0
211,AK-47 | Aphrodite (Factory New),1657.99,1610.0,373,55,0.1475,0.9711,steamdt-live,1680.0,217,1691.13,195,,11,12,9,2,8,0,6,5,-0.0012001200120012046,-0.003911084409732646,-0.0014979029358898055,-0.005106510651065155,0.01251340083382968,0.004842424242424315,0.062487984167373445,-0.028995607613469976,-0.11337433155080212,0.42,6,暂未减速,,53,0,0
212,AWP | Silk Tiger (Factory New),2898.99,2780.0,322,47,0.146,0.959,steamdt-live,2941.97,74,2898.0,80,,11,9,9,2,6,10,6,0,-0.0165631469979296,0.01684210526315799,0.026203966005665658,0.0,9.31590224513279e-05,0.03499999999999992,0.040079496522027136,0.013619861073219885,-0.18320180383314544,0.42,8,回撤不明显,,53,0,0
213,AK-47 | Frontside Misty (Factory New),697.0,690.0,394,53,0.1345,0.99,steamdt-live,702.7,97,711.95,179,,11,12,9,2,8,0,6,5,0.013119533527696792,0.0028776978417266452,0.003657644476956934,0.016034985422740622,0.0028612303290415086,0.02424687729610575,0.07066666666666666,-0.0386206896551724,-0.14478527607361968,0.42,12,回撤不明显,,53,0,0
214,Glock-18 | Wraiths (Factory New),32.0,31.1,371,29,0.0782,0.9719,steamdt-live,32.1,153,32.0,166,,7,12,9,2,6,10,2,5,-0.0003144654088050869,0.006605850896508336,-0.030487804878048697,0.0062893081761006275,0.024390243902438935,0.06489184692179695,0.04534606205250602,-0.007444168734491385,-0.37597503900156004,0.42,5,长期阴跌,,53,0,0
215,Glock-18 | Wasteland Rebel (Factory New),750.5,741.0,452,34,0.0752,0.9873,steamdt-live,755.0,99,748.38,146,,7,12,9,2,4,10,6,3,0.004563758389261707,-4.0085515766952184e-05,-0.009308510638297851,0.004523489932885871,0.006095941351466294,0.005873655913978482,0.021738562091503266,-0.012704485488126638,-0.05746851385390428,0.42,5,回撤不明显,,53,0,0
216,★ Driver Gloves | Racing Green (Field-Tested),176.0,171.0,187,14,0.0749,0.9716,steamdt-live,178.5,108,177.14,128,,7,12,7,5,2,20,0,0,-0.017284236083010662,0.03529411764705892,-0.008653295128939753,0.01739984970229491,0.0,0.10000000000000009,0.005087620124364034,0.0,-0.0707497360084478,0.33,11,回撤不明显,,53,0,0
217,P250 | Crimson Kimono (Factory New),124.94,113.0,154,11,0.0714,0.9044,steamdt-live,129.0,61,125.89,105,,7,6,7,2,10,10,6,5,0.04575762627104507,-0.00422411731888106,-0.06615815691158144,0.04134022337056176,0.02755292652552921,0.04134022337056176,0.09855699855699851,-0.10115107913669064,-0.37373433583959903,0.23,4,长期阴跌,,53,0,0
218,Galil AR | Dusk Ruins (Factory New),194.0,187.0,284,20,0.0704,0.9639,steamdt-live,216.79,64,200.0,83,,7,12,9,2,10,9,4,0,-0.017676767676767624,-0.0025706940874036244,-0.010000000000000009,-0.02020202020202022,0.030000000000000027,0.006224066390041472,0.15109613617468165,-0.13739439751000448,-0.44252873563218387,0.42,9,长期阴跌,,53,0,0
219,P250 | See Ya Later (Factory New),693.8,675.0,276,17,0.0616,0.9729,steamdt-live,720.0,110,698.88,84,,7,12,9,2,2,10,6,5,0.026315789473684292,0.002239075478511987,-0.019622093023255793,0.028613787991104367,0.008857142857142897,0.028613787991104367,0.008857142857142897,0.025587961388934044,-0.12674638137193206,0.42,15,回撤不明显,,53,0,0
220,Glock-18 | Sacrifice (Factory New),40.49,37.8,421,22,0.0523,0.9336,steamdt-live,37.19,138,39.5,137,,3,9,9,2,10,9,6,5,-0.004279219042524818,-0.0010744023636851674,-0.06525000000000003,-0.00534902380315605,0.11028708133971288,0.014733969986357343,0.16445742529768592,-0.12822315986872945,-0.42341085271317835,0.39,6,长期阴跌,,53,0,0
221,MP9 | Sand Scale (Factory New),28.0,27.4,884,34,0.0385,0.9786,steamdt-live,27.49,213,28.08,199,,3,12,12,2,10,10,4,0,-0.017216642754662836,0.003284671532846728,0.014925373134328401,-0.013988522238163603,0.021708185053380902,0.04524714828897336,0.1245222929936306,-0.0830553702468313,-0.40252119104542494,0.32,11,长期阴跌,,53,0,0
222,★ Driver Gloves | Convoy (Field-Tested),2855.0,2770.0,192,84,0.4375,0.9702,steamdt-live,2897.81,20,2869.26,34,,20,12,7,5,8,0,0,0,0.006690140845070358,-0.0013990905911157592,0.01865136298421799,0.005281690140845008,0.027677972393546857,0.05740740740740735,0.06500124448170608,-0.005226480836236891,-0.18880522801534305,0.19,6,可能加速下跌,,52,0,0
223,AK-47 | Neon Revolution (Factory New),1502.0,1470.0,555,110,0.1982,0.9787,steamdt-live,1534.0,103,1529.99,137,,14,12,12,2,8,0,4,0,-0.007189542483660105,-0.011191573403554922,0.04081632653061229,-0.018300653594771288,0.018300653594771288,0.021768707482993088,0.050568900126422234,0.009408602150537737,-0.07699870951883481,0.42,15,可能加速下跌,,52,0,0
224,M4A4 | Poseidon (Factory New),8331.58,8230.0,201,36,0.1791,0.9878,steamdt-live,8499.5,111,8398.98,79,,14,12,7,2,8,0,4,5,-0.006058010539455871,-0.013780776515151527,0.025518853183944534,-0.019755302965236754,0.03547348923361893,0.04144750000000008,0.06070124013528755,-0.025546198830409317,-0.21622013170272814,0.42,8,可能加速下跌,,52,0,0
225,AK-47 | The Oligarch (Factory New),1545.0,1510.0,199,33,0.1658,0.9773,steamdt-live,1550.0,178,1566.08,99,,14,12,7,2,8,0,4,5,-0.00032102728731941976,-0.0077071290944122905,-0.0006416426050689372,-0.008025682182985605,0.008662175168431152,0.009803921568627416,0.062494311251888646,-0.062494311251888646,-0.12214911533085604,0.4,2,回撤不明显,,52,0,0
226,FAMAS | Mecha Industries (Factory New),679.88,673.0,1325,156,0.1177,0.9899,steamdt-live,690.0,177,685.0,168,,11,12,15,2,6,0,3,3,0.004444444444444473,0.001474926253687281,0.05092715128680192,0.00592592592592589,0.02162793043327904,0.07863383637807786,0.04500703234880454,-0.013798111837327487,-0.20248064929115916,0.42,14,可能加速下跌,,52,0,0
227,Five-SeveN | Hot Shot (Factory New),204.49,188.0,141,16,0.1135,0.9194,steamdt-live,253.0,73,216.88,72,,11,6,7,2,10,10,6,0,-0.048885994697427826,4.8904538341165704e-05,-0.022728305832083295,-0.048839480906088695,0.07045774807945815,4.8904538341165704e-05,0.15576748410535868,-0.11091304347826081,-0.4157428571428571,0.35,2,长期阴跌,,52,0,0
228,M4A4 | Hellfire (Factory New),1753.0,1710.0,610,63,0.1033,0.9755,steamdt-live,1781.21,88,1755.0,103,,11,12,12,2,10,0,2,3,0.0033351955307263648,-0.023925789406281872,0.04404225163168052,-0.02067039106145252,0.02584051125312592,0.03148591636314424,0.09665251267675312,-0.05727346060769023,-0.2783038287361054,0.41,5,可能加速下跌,,52,0,0
229,AK-47 | Rat Rod (Factory New),418.5,403.0,521,41,0.0787,0.963,steamdt-live,430.0,50,424.6,126,,7,12,12,2,10,0,4,5,-0.0021181454459872073,-0.01297169811320753,-0.00023529411764711128,-0.015062367615909622,0.017605633802816878,0.0011961722488038617,0.0810882023582109,-0.04778156996587035,-0.23909090909090913,0.41,4,可能加速下跌,,52,0,0
230,M4A1-S | Moss Quartz (Factory New),413.3,410.0,459,33,0.0719,0.992,steamdt-live,419.99,123,420.44,190,,7,15,9,2,10,0,4,5,-0.009038852870190683,-0.01313276026743071,-0.005576601802395387,-0.02205290804978466,0.02750652956540156,0.011775074053220314,0.12884935606938852,-0.11289976389783207,-0.3251694015838028,0.42,12,长期阴跌,,52,0,0
231,USP-S | Jawbreaker (Factory New),99.0,95.0,406,25,0.0616,0.9596,steamdt-live,97.8,218,103.5,202,,7,9,9,2,4,10,6,5,0.008247422680412342,0.0,-0.010103071742014413,0.008247422680412342,0.0020408163265306367,0.02947368421052632,0.015105740181268867,-0.0020408163265306367,-0.19100008271982793,0.39,6,回撤不明显,,52,0,0
232,AWP | POP AWP (Factory New),168.8,165.0,1311,79,0.0603,0.9775,steamdt-live,168.47,341,168.54,296,,7,12,15,2,10,0,1,5,0.0,-0.001718416686418589,0.03852307692307688,-0.001718416686418589,0.001718416686418589,0.06156269691241345,0.10292864749733766,-0.07434065934065937,-0.4327609427609428,0.42,6,长期阴跌,,52,0,0
233,FAMAS | Faulty Wiring (Factory New),16.19,15.2,484,9,0.0186,0.9389,steamdt-live,16.0,82,16.06,150,,3,9,9,2,8,10,6,5,0.0,0.0,-0.06432748538011701,0.0,0.06432748538011701,0.019108280254777066,0.07407407407407418,-0.034399517199758645,-0.49669707455174583,0.4,2,长期阴跌,,52,0,0
234,★ Driver Gloves | Hand Sweaters (Field-Tested),678.5,930.0,101,36,0.3564,1.3707,steamdt-live,660.0,91,690.0,40,"溢价求购:买一高于卖一,多为定向收特定图案,买一价不可作退出价",20,0,7,5,0,10,4,5,-0.007575757575757569,0.007633587786259444,0.003039513677811634,0.0,0.0,0.020092735703245657,0.0,0.0060975609756097615,-0.08269631688672685,0.42,4,回撤不明显,买一异常溢价(不作为可成交退出价),51,0,0
235,★ Hand Wraps | Badlands (Minimal Wear),2620.0,2520.0,147,50,0.3401,0.9618,steamdt-live,2767.5,23,2706.74,39,,20,12,7,5,4,0,3,0,0.006239446873225196,-0.008522727272727293,0.05456452883579588,-0.002336457503535172,0.008522727272727293,0.07716049382716039,0.018192048012003026,-0.018192048012003026,-0.13599603895032186,0.42,5,回撤不明显,,51,0,0
236,★ Hand Wraps | Slaughter (Minimal Wear),3129.5,3090.0,186,36,0.1935,0.9874,steamdt-live,3209.5,37,3184.25,61,,14,12,7,5,8,0,2,3,-0.00015624999999996891,-0.021878418502891073,0.0006253908692932519,-0.022031249999999947,0.07067557535263547,0.0,0.07081353919239908,-0.01881172597585834,-0.1951661103081489,0.23,4,可能加速下跌,,51,0,0
237,★ Broken Fang Gloves | Jade (Field-Tested),415.49,485.0,134,23,0.1716,1.1673,steamdt-live,440.0,109,436.82,79,"溢价求购:买一高于卖一,多为定向收特定图案,买一价不可作退出价",14,0,7,5,4,10,6,5,-0.001203369434416346,0.0011807228915663437,-0.009535160905840279,-2.4067388688320257e-05,0.009558998808104846,0.0011807228915663437,0.02809356725146195,-0.026727570859686023,-0.03198825776990821,0.42,9,回撤不明显,买一异常溢价(不作为可成交退出价),51,0,0
238,★ Driver Gloves | Diamondback (Minimal Wear),2528.0,2370.0,186,26,0.1398,0.9375,steamdt-live,2830.0,24,2536.0,31,,11,9,7,5,8,0,6,5,-0.00039408866995072067,-0.0033510743150010347,0.05729166666666674,-0.0037438423645320684,0.01404056162246492,0.05333333333333323,0.07331378299120239,-0.051585068467454476,-0.26275882181393995,0.42,3,可能加速下跌,,51,0,0
239,AWP | Hyper Beast (Factory New),918.0,900.0,360,49,0.1361,0.9804,steamdt-live,921.47,95,955.62,81,,11,12,9,2,6,0,6,5,-0.0010741138560687036,-0.012903225806451646,0.02083333333333326,-0.013963480128893702,0.031032298923369228,0.021134593993325845,0.047717842323651505,-0.012372243141473893,-0.08154077038519258,0.41,7,可能加速下跌,,51,0,0
240,M4A1-S | Master Piece (Factory New),1850.0,1760.0,76,10,0.1316,0.9514,steamdt-live,1880.0,22,1940.0,56,,11,9,4,2,4,10,6,5,0.016483516483516425,0.0,-0.013282732447817858,0.016483516483516425,0.0,0.016483516483516425,0.021164021164021163,0.0,-0.24489795918367352,0.32,2,回撤不明显,,51,0,0
241,AK-47 | Black Laminate (Factory New),1298.5,790.0,16,2,0.125,0.6084,steamdt-live,1429.0,18,1283.28,17,,8,1,2,2,8,19,6,5,-0.007099627560521293,0.0028367131637556664,-0.04773867490265338,-0.004283054003724418,0.05219542819158762,0.0031581251368000274,0.05219542819158762,-0.042049551735206414,-0.38862315388280133,0.42,5,长期阴跌,,51,0,0
242,M4A1-S | Atomic Alloy (Factory New),1117.5,1090.0,525,62,0.1181,0.9754,steamdt-live,1118.0,81,1132.0,67,,11,12,12,2,0,10,4,0,-0.008318098720292433,0.03004885242879518,0.023386342376052305,0.021480804387568497,0.0004472271914132131,0.05573925366084076,0.0004472271914132131,0.1408882082695253,0.10643564356435653,0.42,13,回撤不明显,,51,0,0
243,Glock-18 | Royal Legion (Factory New),238.99,230.0,402,46,0.1144,0.9624,steamdt-live,244.99,65,241.99,93,,11,12,9,2,8,0,4,5,-0.0004132231404958553,-0.012029764365440232,0.029787234042553123,-0.012438016528925622,0.01852156057494858,0.0390869565217391,0.060943025540274975,0.05649617611953506,-0.12598741954359272,0.42,7,可能加速下跌,,51,0,0
244,M4A4 | Griffin (Factory New),418.0,410.0,473,46,0.0973,0.9809,steamdt-live,408.44,46,407.87,138,,7,12,9,2,10,0,6,5,0.0016296296296296475,0.005447912044569403,0.041184636742248815,0.007086419753086437,0.0,0.05121134020618556,0.08753914988814315,-0.083438202247191,-0.38495988901622535,0.42,6,长期阴跌,,51,0,0
245,FAMAS | Pulse (Factory New),142.0,138.0,602,48,0.0797,0.9718,steamdt-live,136.5,247,139.66,164,,7,12,12,2,10,1,2,5,-0.00014186409419758572,-0.03164018161180482,-0.03754778809393777,-0.03177755710029784,0.06487634445433987,0.0,0.1476208317721992,-0.05972308328166964,-0.3647912885662431,0.29,5,长期阴跌,,51,0,0
246,Desert Eagle | Heat Treated (Factory New),179.99,3370.0,1383,77,0.0557,18.7233,steamdt-live,180.94,335,183.83,372,"溢价求购:买一高于卖一,多为定向收特定图案,买一价不可作退出价",3,0,15,2,10,10,6,5,0.016949152542372836,-5.555555555547542e-05,-0.043139798897178006,0.016892655367231724,0.026975889285328014,0.019773371104815807,0.10327819848545228,-0.07412551440329218,-0.3406959706959707,0.42,5,长期阴跌,买一异常溢价(不作为可成交退出价),51,0,0
247,M4A1-S | Boreal Forest (Factory New),49.6,45.1,593,27,0.0455,0.9093,steamdt-live,54.84,104,48.72,127,,3,6,12,2,10,10,3,5,0.04698581560283688,0.03132938187976286,-0.05823418910457101,0.07978723404255317,0.0,0.08314806580702538,0.09341272794938593,-0.09341272794938593,-0.5111869168255243,0.42,7,长期阴跌,,51,0,0
248,AWP | Mortis (Factory New),62.78,58.0,1009,35,0.0347,0.9239,steamdt-live,61.0,350,64.75,407,,3,6,15,2,10,6,4,5,-0.0016254876462938883,-0.006838163464669478,-0.023492063492063453,-0.008452535760728241,0.031746031746031744,0.0024650780608053147,0.11645422943221329,-0.10805673344056155,-0.31835959325064245,0.37,5,长期阴跌,,51,0,0
249,Glock-18 | Grinder (Factory New),46.05,43.4,844,26,0.0308,0.9425,steamdt-live,46.04,349,47.24,287,,3,9,12,2,10,6,4,5,-0.023157894736842155,-0.00991379310344831,-0.006483999163354959,-0.032842105263157895,0.04431038069482007,0.02202447163515009,0.14894405335309369,-0.08101620324064818,-0.42053481331987896,0.25,10,长期阴跌,,51,0,0
250,USP-S | Orange Anolis (Factory New),489.99,466.0,255,52,0.2039,0.951,steamdt-live,479.0,53,487.62,55,,17,9,9,2,10,0,3,0,0.004469035965098955,0.014830508474576343,0.04075304540420821,0.019365822515428954,0.0,0.07640449438202257,0.09843779408996789,0.05856353591160213,-0.16768027801911378,0.38,10,回撤不明显,,50,0,0
251,Desert Eagle | Heirloom (Factory New),630.0,601.0,114,23,0.2018,0.954,steamdt-live,657.5,39,652.62,38,,17,9,7,2,8,0,2,5,0.0,-0.015625,-0.012345679012345734,-0.015625,0.02777777777777779,0.004784688995215225,0.058295964125560484,-0.027027027027026973,0.01128465255148714,0.42,3,可能加速下跌,,50,0,0
252,★ Bloodhound Gloves | Guerrilla (Minimal Wear),1115.0,1070.0,136,26,0.1912,0.9596,steamdt-live,1241.5,21,1178.7,42,,14,9,7,5,8,0,4,3,-0.0013280212483399723,-0.011524822695035408,0.0008861320336730483,-0.012837538733953102,0.026200873362445365,0.0,0.07602300412682106,-0.0304347826086957,-0.19581680490443565,0.42,6,可能加速下跌,,50,0,0
253,Desert Eagle | Ocean Drive (Factory New),1387.5,1320.0,232,35,0.1509,0.9514,steamdt-live,1547.5,53,1394.14,72,,14,9,7,2,10,0,3,5,0.00038647917471834603,0.030832095096582357,-0.001491662275786787,0.031230490233968622,0.008928571428571397,0.06730769230769229,0.081058885084344,-0.0759240759240759,-0.2280945757997218,0.42,5,回撤不明显,,50,0,0
254,Glock-18 | Neo-Noir (Factory New),1063.97,1040.0,387,53,0.137,0.9775,steamdt-live,1079.93,83,1069.29,123,,11,12,9,2,10,0,6,0,-0.006846005888841322,-0.02341484010720707,-0.011275349256421818,-0.030100547862788152,0.04103650292924743,0.0,0.08283192248676785,-0.05104352479486263,-0.18904107500819367,0.36,9,可能加速下跌,,50,0,0
255,★ Hand Wraps | Giraffe (Minimal Wear),385.0,391.0,217,23,0.106,1.0156,steamdt-live,408.98,119,416.25,76,,11,15,7,5,10,0,2,0,-0.0025348542458808465,-0.021601016518424387,-0.014981273408239737,-0.02408111533586821,0.038701622971285876,0.0,0.13870246085011184,-0.13870246085011184,-0.2269076305220884,0.42,8,可能加速下跌,,50,0,0
256,Tec-9 | Avalanche (Factory New),60.55,57.0,445,30,0.0674,0.9414,steamdt-live,64.09,168,62.51,162,,7,9,9,2,6,10,2,5,0.012833333333333474,-0.0036202073391476963,-0.030538051381483244,0.009166666666666545,0.02322955315373454,0.02627118644067794,0.040107799619530815,-0.037360890302066796,-0.35585106382978726,0.42,6,长期阴跌,,50,0,0
257,Glock-18 | Nuclear Garden (Factory New),239.49,236.0,2410,124,0.0515,0.9854,steamdt-live,240.0,305,251.8,245,,3,12,15,2,8,10,0,0,-0.03214730245933306,0.06430155210643007,0.0712183908045978,0.030087128202927138,0.0,0.11888111888111896,0.058084772370486704,0.069042316258352,-0.30434782608695654,0.42,15,长期阴跌,,50,0,0
258,M4A4 | Falak (Factory New),838.0,834.0,75,40,0.5333,0.9952,steamdt-live,849.0,53,831.55,109,,20,15,4,2,6,0,2,0,0.0011778563015312216,-0.02170588235294124,0.010714285714285676,-0.020553592461719727,0.03308139534883725,0.0018674698795180245,0.04198205048445269,-0.03588405797101457,-0.07605555555555565,0.31,5,可能加速下跌,,49,0,0
259,Desert Eagle | Emerald Jörmungandr (Factory New),2550.0,2600.0,308,46,0.1494,1.0196,steamdt-live,2784.5,106,2677.0,120,,11,15,9,2,10,0,2,0,-0.0019062142584826969,-0.025974025974025983,-0.00940367838664602,-0.027830728173846686,0.036645258783528534,0.0,0.10195456946645531,-0.05499555292024905,-0.21514312096029553,0.28,2,可能加速下跌,,49,0,0
260,★ Broken Fang Gloves | Needle Point (Minimal Wear),360.0,369.0,106,15,0.1415,1.025,steamdt-live,375.0,55,385.0,32,,11,15,7,5,4,0,2,5,-0.0027049919396705535,-0.013698630136986356,0.030957746478873283,-0.016366567392551712,0.020408163265306145,0.014084507042253502,0.020408163265306145,0.014084507042253502,-0.03871829105473967,0.34,4,可能加速下跌,,49,0,0
261,USP-S | The Traitor (Factory New),597.44,590.0,305,41,0.1344,0.9875,steamdt-live,606.0,88,624.3,128,,11,12,9,2,6,0,4,5,-0.011421941893525966,-0.01247954511644811,-0.004894388526642701,-0.02375894637079634,0.04256410256410248,0.0,0.049419252187748564,-0.03389391979301415,-0.20128342245989295,0.42,12,可能加速下跌,,49,0,0
262,★ Broken Fang Gloves | Unhinged (Field-Tested),319.0,350.0,96,8,0.0833,1.0972,steamdt-live,330.0,128,318.5,78,"溢价求购:买一高于卖一,多为定向收特定图案,买一价不可作退出价",7,0,4,5,4,20,6,3,-0.01273885350318471,0.02741935483870961,-0.011023622047244053,0.014331210191082855,0.0015673981191222097,0.03241491085899506,0.020000000000000018,-0.009824037803892405,-0.06295969402765511,0.33,7,回撤不明显,买一异常溢价(不作为可成交退出价),49,0,0
263,Five-SeveN | Berries And Cherries (Factory New),504.0,486.0,276,18,0.0652,0.9643,steamdt-live,524.33,132,514.7,139,,7,12,9,2,10,0,4,5,-0.00390625,-0.0117647058823529,0.019920318725099584,-0.015625,0.04635761589403975,0.003984063745019917,0.08705575480925976,-0.06666666666666665,-0.2810168476012497,0.42,11,可能加速下跌,,49,0,0
264,Glock-18 | Warhawk (Factory New),36.35,35.6,420,26,0.0619,0.9794,steamdt-live,39.67,78,36.78,203,,7,12,9,2,10,0,4,5,-0.005692599620493399,-0.008996728462377312,-0.0029729729729729426,-0.014638113309839995,0.02729462135402716,0.0,0.09554615576013925,0.009722222222222188,-0.38948605979173656,0.42,6,长期阴跌,,49,0,0
265,AK-47 | Point Disarray (Factory New),354.5,345.0,1062,39,0.0367,0.9732,steamdt-live,350.45,340,364.95,269,,3,12,15,2,10,0,2,5,-0.008306017000944577,-0.01831984089190175,-0.0055801104972375,-0.026473692982943553,0.04509536784741153,0.002718168812589461,0.0967783505154639,-0.056662180349932756,-0.1980549199084668,0.42,12,可能加速下跌,,49,0,0
266,M4A1-S | Nitro (Factory New),56.5,55.0,1296,45,0.0347,0.9735,steamdt-live,58.89,480,58.47,354,,3,12,15,2,10,0,2,5,0.003287197231834016,-0.027418520434557725,-0.010104469943483574,-0.02422145328719716,0.03242408646423056,0.0,0.11709455228553545,-0.11723274377836912,-0.4303030303030303,0.12,6,长期阴跌,,49,0,0
267,Desert Eagle | Sputnik (Factory New),43.65,42.3,2201,74,0.0336,0.9691,steamdt-live,41.73,515,43.07,569,,3,12,15,2,10,1,6,0,-0.026836479417784886,-0.024772143024071047,-0.020494542214301692,-0.05094382533545605,0.07039429717086221,0.01904761904761898,0.13691830403309213,-0.10776138550352798,-0.44211229946524067,0.42,18,长期阴跌,,49,0,0
268,AWP | Phobos (Factory New),30.9,29.8,1285,42,0.0327,0.9644,steamdt-live,30.0,400,31.35,535,,3,12,15,2,10,0,2,5,-0.006796116504854233,-0.022482893450635477,-0.028301886792452935,-0.029126213592232997,0.059266227657572945,0.0,0.1404011461318051,0.0,-0.2786727578744891,0.42,9,可能加速下跌,,49,0,0
269,AWP | Capillary (Factory New),32.96,32.0,820,26,0.0317,0.9709,steamdt-live,37.2,188,35.64,215,,3,12,12,2,10,3,4,3,0.0003006614552016895,-0.009317703636910202,-0.013056379821958619,-0.009019843656043247,0.021958456973293794,0.0,0.09176081565169458,-0.07259425998874502,-0.3781132075471698,0.42,3,长期阴跌,,49,0,0
270,AWP | Fever Dream (Factory New),99.79,94.0,1200,35,0.0292,0.942,steamdt-live,103.0,494,100.2,435,,3,9,15,2,10,3,2,5,-9.852216748773568e-05,-0.0167504187604689,-0.024038461538461564,-0.01684729064039403,0.05403355768319262,0.007979797979797976,0.0928181818181818,-0.06738317757009338,-0.2608148148148147,0.4,11,可能加速下跌,,49,0,0
271,★ Sport Gloves | Blaze (Minimal Wear),1499.0,1530.0,27,18,0.6667,1.0207,steamdt-live,1499.0,42,1509.4,23,,20,15,2,5,0,0,6,0,-0.0014027119096919893,0.0026755852842810235,0.007130844265052172,0.0012691202992451966,0.0,0.008409014463504949,0.0006666666666667043,0.03379310344827591,-0.12492702860478688,0.42,4,回撤不明显,,48,0,0
272,★ Bloodhound Gloves | Bronzed (Minimal Wear),1269.5,1180.0,145,28,0.1931,0.9295,steamdt-live,1400.0,19,1326.61,37,,14,6,7,5,10,0,6,0,-0.0007849293563578774,-0.00274941084053415,-0.003129890453834161,-0.003532182103610726,0.006651017214397537,0.0,0.08504504504504506,-0.030916030534351102,-0.16999019287348804,0.19,2,回撤不明显,,48,0,0
273,★ Bloodhound Gloves | Snakebite (Minimal Wear),1144.0,1090.0,146,23,0.1575,0.9528,steamdt-live,1398.0,16,1150.4,39,,14,9,7,5,8,0,2,3,0.0,0.0,-0.00435161009573537,0.0,0.00435161009573537,0.02188476998660116,0.06612244897959185,-0.065359477124183,-0.19578207381370827,0.42,2,回撤不明显,,48,0,0
274,Tec-9 | Fuel Injector (Factory New),236.0,232.0,403,52,0.129,0.9831,steamdt-live,238.0,146,236.5,191,,11,12,9,2,8,0,6,0,-0.002096436058700246,-0.010504201680672232,0.03695652173913033,-0.012578616352201255,0.012578616352201255,0.023913043478260843,0.07647058823529407,-0.012330145948666327,-0.15430746579523835,0.42,6,可能加速下跌,,48,0,0
275,M4A4 | Cyber Security (Factory New),753.48,735.0,407,50,0.1229,0.9755,steamdt-live,800.0,66,764.99,115,,11,12,9,2,10,0,4,0,-0.004807505410063362,-0.018906250000000013,0.029633088725817158,-0.02362286351090437,0.02362286351090437,0.03372204692001657,0.11198585739540368,-0.11198585739540368,-0.23271657111434707,0.36,11,可能加速下跌,,48,0,0
276,Desert Eagle | Mecha Industries (Factory New),156.5,153.0,948,98,0.1034,0.9776,steamdt-live,155.0,376,156.19,196,,11,12,15,2,8,0,0,0,-0.0029754368194480074,-0.015810527652549422,0.019886363636363757,-0.018738921245885054,0.019545828325637338,0.03333333333333344,0.07738095238095233,-0.02208201892744477,-0.06344410876132933,0.42,16,可能加速下跌,,48,0,0
277,Galil AR | Phoenix Blacklight (Factory New),828.0,790.0,457,41,0.0897,0.9541,steamdt-live,838.0,149,840.0,127,,7,9,9,2,10,0,6,5,-0.004199160167966398,-0.002409638554216831,-0.0011983223487117556,-0.006598680263947165,0.021276595744680882,0.0,0.09656301145662849,-0.03157894736842104,-0.2849740932642487,0.41,7,可能加速下跌,,48,0,0
278,USP-S | Neo-Noir (Factory New),685.0,676.0,471,34,0.0722,0.9869,steamdt-live,700.0,214,686.0,142,,7,12,9,2,2,10,6,0,-0.005083514887436413,0.0,-0.0007256894049346707,-0.005083514887436413,0.005805515239477477,0.0,0.005805515239477477,-0.005805515239477477,-0.05124653739612184,0.41,5,回撤不明显,,48,0,0
279,M4A4 | In Living Color (Factory New),505.0,500.0,864,42,0.0486,0.9901,steamdt-live,514.0,184,528.53,223,,3,15,12,2,10,0,6,0,0.0009990401379067482,-0.011741682974559686,-0.004892787524366504,-0.01075437324923112,0.02601785955370406,0.005976095617529875,0.08181818181818179,-0.04536862003780717,-0.1926458832933653,0.41,11,可能加速下跌,,48,0,0
280,Galil AR | Rocket Pop (Factory New),52.77,48.0,560,26,0.0464,0.9096,steamdt-live,52.9,256,54.6,238,,3,6,12,2,4,10,6,5,0.017115384615384643,-0.0022688598979012653,-0.03147699757869249,0.0148076923076923,0.004339622641509333,0.055400000000000116,0.022777777777777675,0.021091331269349922,-0.23165404775771703,0.29,3,回撤不明显,,48,0,0
281,AK-47 | Bloodsport (Factory New),991.0,988.0,1581,51,0.0323,0.997,steamdt-live,999.0,1141,1014.9,358,,3,15,15,2,4,0,4,5,0.0,-0.009000000000000008,-0.005469915464942798,-0.009000000000000008,0.01881188118811883,0.0010101010101009056,0.027477919528949957,-0.02354911813971816,-0.04251207729468598,0.42,11,可能加速下跌,,48,0,0
282,Tec-9 | Re-Entry (Factory New),38.0,37.3,835,24,0.0287,0.9816,steamdt-live,38.8,193,38.44,240,,3,12,12,2,10,0,4,5,-0.005455962587685104,-0.007314524555903867,-0.013076923076922986,-0.012730579371265316,0.03430749682337997,0.0010537407797681642,0.08872901678657086,0.02481121898597638,-0.24378109452736318,0.42,6,暂未减速,,48,0,0
283,AK-47 | AUTOEXEC (Factory New),3839.0,3680.0,25,29,1.16,0.9586,steamdt-live,3947.88,21,3912.0,24,,20,9,2,2,10,2,2,0,-0.015193719929096017,-0.012856775520699415,-0.0017694641051567706,-0.027855153203342642,0.02957532861476242,0.012928759894459185,0.08985301090564246,-0.08985301090564246,-0.12451539338654505,0.42,8,可能加速下跌,,47,0,0
284,★ Broken Fang Gloves | Unhinged (Minimal Wear),475.0,467.0,61,21,0.3443,0.9832,steamdt-live,479.0,66,474.5,56,,20,12,4,5,0,0,6,0,-0.0021141649048626032,0.005296610169491567,0.0021186440677967155,0.003171247357293794,0.0031512605042016695,0.005296610169491567,0.0031512605042016695,-0.001346971418950127,-0.11109029599100784,0.2,5,回撤不明显,,47,0,0
285,★ Driver Gloves | Lunar Weave (Minimal Wear),3997.5,3820.0,150,30,0.2,0.9556,steamdt-live,4989.5,17,4049.5,41,,17,9,7,5,6,0,3,0,-0.0016169154228855565,-0.0039865454092438135,0.019140575484852373,-0.005597014925373123,0.015272816849365656,0.06600000000000006,0.04568079544505066,-0.04568079544505066,-0.25834879406307976,0.42,7,可能加速下跌,,47,0,0
286,★ Specialist Gloves | Forest DDPAT (Minimal Wear),1790.0,1630.0,154,27,0.1753,0.9106,steamdt-live,1998.7,21,1683.87,35,,14,6,7,5,4,0,6,5,-0.00121212121212122,0.021765776699029127,0.022906915470692235,0.020527272727272727,0.0,0.04390440469917234,0.028265574054303633,-0.02481583580429958,-0.23321038251366122,0.42,2,回撤不明显,,47,0,0
287,AK-47 | Crane Flight (Factory New),307.0,295.0,228,37,0.1623,0.9609,steamdt-live,307.5,195,306.0,137,,14,12,7,2,0,10,2,0,-0.019287348806799498,0.020000000000000018,0.006249999999999867,0.0003269042170643832,0.002379943272585061,0.020000000000000018,0.002379943272585061,0.01661129568106312,-0.08520179372197312,0.42,8,回撤不明显,,47,0,0
288,M4A1-S | Briefing (Factory New),308.0,291.0,276,38,0.1377,0.9448,steamdt-live,312.1,71,295.28,102,,11,9,9,2,10,0,6,0,-0.002294429260721431,-0.001386587304271436,0.027279029462738302,-0.003677835138509389,0.003677835138509389,0.033314669652855455,0.12379821958456982,-0.12379821958456982,-0.3559869138495093,0.42,3,长期阴跌,,47,0,0
289,FAMAS | Meltdown (Factory New),444.99,415.0,142,14,0.0986,0.9326,steamdt-live,445.0,54,447.21,85,,7,9,7,2,6,7,4,5,-0.004831460674157295,-0.006435587670768905,-0.03260869565217395,-0.011235955056179803,0.04347826086956519,0.007602821287899575,0.04530463461204648,0.07003891050583655,-0.32307692307692304,0.14,12,长期阴跌,,47,0,0
290,M4A4 | Desolate Space (Factory New),427.5,415.0,641,52,0.0811,0.9708,steamdt-live,436.0,187,439.5,180,,7,12,12,2,10,0,4,0,-0.0046253469010175685,-0.006737918215613314,0.006752037252619303,-0.011332099907493065,0.01361329026303637,0.0035211267605634866,0.09042553191489366,-0.04788418708240538,-0.18571428571428572,0.42,9,可能加速下跌,,47,0,0
291,★ Hand Wraps | Arboreal (Field-Tested),229.88,238.0,360,29,0.0806,1.0353,steamdt-live,244.0,316,238.25,174,,7,15,9,5,6,0,2,3,0.007063829787234077,-0.028648694329417745,-0.018297267942184003,-0.021787234042553227,0.03968585512574152,0.0,0.047721623860812024,-0.034117647058823586,-0.1099237232353738,0.42,11,可能加速下跌,,47,0,0
292,P250 | Inferno (Factory New),43.7,42.5,353,23,0.0652,0.9725,steamdt-live,43.46,124,43.42,149,,7,12,9,2,8,2,4,3,-0.0045485558335227605,-0.007996344528215737,-0.01589077887197854,-0.012508528542187758,0.028200537153088567,0.00023036166781853495,0.07597361140668224,-0.07597361140668224,-0.3036086607858861,0.42,10,长期阴跌,,47,0,0
293,M4A4 | Spider Lily (Factory New),360.0,356.0,882,53,0.0601,0.9889,steamdt-live,360.0,186,368.67,141,,7,12,12,2,8,0,6,0,0.023616133518776117,-0.021712546536590716,0.03008595988538687,0.0013908205841446364,0.023066485753052923,0.030042918454935563,0.07127931274669141,-0.04905301529439732,-0.21052631578947367,0.32,4,可能加速下跌,,47,0,0
294,AWP | Crakow! (Factory New),424.5,415.0,793,41,0.0517,0.9776,steamdt-live,456.81,379,449.4,248,,3,12,12,2,10,3,0,5,-0.0011402508551880963,-0.03082191780821919,-0.05698924731182797,-0.03192702394526792,0.08709677419354833,0.0,0.11192468619246865,-0.11192468619246865,-0.2572178477690289,0.42,9,可能加速下跌,,47,0,0
295,M4A1-S | Decimator (Factory New),246.0,238.0,1126,46,0.0409,0.9675,steamdt-live,240.0,336,258.0,407,,3,12,15,2,10,1,4,0,-0.014198782961460488,-0.012345679012345734,0.002847843775427128,-0.026369168356997985,0.026369168356997985,0.0,0.10674408217954445,-0.08571428571428574,-0.19999999999999996,0.42,7,可能加速下跌,,47,0,0
296,MP9 | Rose Iron (Factory New),47.5,44.5,509,19,0.0373,0.9368,steamdt-live,48.47,186,48.37,191,,3,9,12,2,6,8,2,5,-0.0020881186051368017,-0.00606821510776312,-0.036418511066398485,-0.008143662560033404,0.04426559356136828,0.010638297872340496,0.04961984793917562,-0.012679276657659555,-0.3203605666046645,0.42,6,长期阴跌,,47,0,0
297,AK-47 | Phantom Disruptor (Factory New),118.0,117.0,1534,52,0.0339,0.9915,steamdt-live,119.75,306,126.5,565,,3,15,15,2,10,0,2,0,-0.000166071576849669,-0.020014948924507947,0.012016806722689122,-0.02017769658722912,0.024067488214374322,0.0,0.09160892994611247,-0.01666666666666672,-0.29548032718371253,0.42,9,可能加速下跌,,47,0,0
298,Tec-9 | Titanium Bit (Factory New),479.5,465.0,615,16,0.026,0.9698,steamdt-live,475.2,17,463.26,34,,3,12,12,2,10,3,2,3,-0.005377591260886994,-0.01789500466457472,-0.03631670934438891,-0.023176363904763964,0.058651383977563754,0.0,0.12750287253480008,-0.10336817653890829,-0.09194275632228976,0.42,13,可能加速下跌,,47,0,0
299,FAMAS | Bad Trip (Factory New),498.0,473.0,119,35,0.2941,0.9498,steamdt-live,497.22,52,502.63,61,,17,9,7,2,0,0,6,5,0.002848484848484878,0.0016317157188614484,0.0012135922330096527,0.004484848484848536,0.0023675762439806514,0.01597874948917055,0.0023675762439806514,0.013679639558826562,-0.0035671342685370533,0.42,6,回撤不明显,,46,0,0
300,★ Hand Wraps | Spruce DDPAT (Minimal Wear),2384.0,2220.0,177,36,0.2034,0.9312,steamdt-live,2699.5,27,2399.3,40,,17,9,7,5,0,0,3,5,0.0257317181006278,0.02758620689655178,0.01426008968609871,0.05402776549650712,0.0008382229673092878,0.08363636363636373,0.0008382229673092878,0.03652173913043488,-0.13309090909090904,0.42,7,回撤不明显,,46,0,0
301,USP-S | Target Acquired (Factory New),2030.0,1930.0,154,30,0.1948,0.9507,steamdt-live,2249.0,50,2170.0,40,,14,9,7,2,10,0,4,0,-0.008313539192399078,-0.02754491017964067,0.04207920792079212,-0.03562945368171022,0.03562945368171022,0.005946481665014769,0.08968201651128471,0.002716720177821763,-0.16786226685796268,0.3,10,可能加速下跌,,46,0,0
302,AWP | CMYK (Factory New),3321.99,3200.0,262,32,0.1221,0.9633,steamdt-live,3366.0,89,3338.6,78,,11,12,9,2,10,0,2,0,-0.006049008786768728,-0.03682516671498992,-0.027738940148333335,-0.04265141974472553,0.06920986270664053,0.006663636363636316,0.09851017639077342,-0.08072590218916298,-0.26989230769230776,0.34,13,可能加速下跌,,46,0,0
303,M4A1-S | Hot Rod (Factory New),7928.0,8110.0,331,35,0.1057,1.023,steamdt-live,7990.0,178,8200.0,127,,11,15,9,2,6,3,0,0,0.0,-0.007759699624530714,-0.010465044275187352,-0.007759699624530714,0.02002472187886284,0.02428940568475446,0.04251207729468598,-0.02123456790123457,-0.15185878577159673,0.42,7,可能加速下跌,,46,0,0
304,MP9 | Hot Rod (Factory New),1263.41,1220.0,272,28,0.1029,0.9656,steamdt-live,1310.0,114,1287.33,131,,11,12,9,2,8,0,4,0,0.01127950389166621,-0.02620258114978491,-0.002178374112075776,-0.015218629374169512,0.02734375,0.0040322580645162365,0.0674157303370787,0.03794112497811564,-0.07538061641292237,0.42,10,可能加速下跌,,46,0,0
305,USP-S | Black Lotus (Factory New),124.5,118.0,542,49,0.0904,0.9478,steamdt-live,124.5,138,131.62,183,,7,9,12,2,10,0,6,0,0.022399999999999975,-0.025821596244131384,0.04166666666666674,-0.0040000000000000036,0.02734375,0.017988552739166108,0.12937062937062938,-0.09913169319826332,-0.42334414080592864,0.36,7,长期阴跌,,46,0,0
306,P250 | Mint Kimono (Factory New),72.98,66.0,170,15,0.0882,0.9044,steamdt-live,65.87,86,69.65,78,,7,6,7,2,10,6,3,5,-0.0019616719480910483,-0.0040822497732082574,-0.016619676509867953,-0.006035913686434191,0.02226510316164465,0.09966611018363958,0.116194820877499,-0.11737907007905657,-0.48539062499999996,0.23,3,长期阴跌,,46,0,0
307,USP-S | Blood Tiger (Factory New),77.77,74.0,365,27,0.074,0.9515,steamdt-live,74.69,101,75.86,132,,7,9,9,2,10,0,4,5,0.0,-0.0054593874833555045,0.01678851881938792,-0.0054593874833555045,0.0054593874833555045,0.03319961267118532,0.15870691597206577,-0.06637500000000007,-0.4141960784313725,0.42,3,长期阴跌,,46,0,0
308,Desert Eagle | Starcade (Factory New),940.49,913.0,587,35,0.0596,0.9708,steamdt-live,990.0,139,1000.42,167,,3,12,12,2,10,2,0,5,-0.008691206543967267,-0.030428055698813794,-0.059615384615384626,-0.03885480572597133,0.08737864077669899,0.0,0.1454545454545455,-0.135632183908046,-0.33238636363636365,0.18,11,长期阴跌,,46,0,0
309,M4A4 | Desert-Strike (Factory New),405.5,400.0,909,43,0.0473,0.9864,steamdt-live,424.9,140,415.3,189,,3,12,15,2,10,0,4,0,-0.0035842293906810374,-0.027577937649880147,0.02073170731707319,-0.031063321385902065,0.03594693547620176,0.013749999999999929,0.09868859746610348,-0.06566820276497698,-0.2579375972184098,0.33,10,可能加速下跌,,46,0,0
310,P250 | Cyber Shell (Factory New),20.13,19.4,310,13,0.0419,0.9637,steamdt-live,19.0,111,19.45,96,,3,12,9,2,10,10,0,0,-0.034062023385866835,0.0,-0.01649999999999996,-0.034062023385866835,0.050000000000000044,0.06145251396648055,0.0812379110251451,-0.0812379110251451,-0.4808743169398907,0.42,6,长期阴跌,,46,0,0
311,AK-47 | Steel Delta (Factory New),45.8,43.5,1744,47,0.0269,0.9498,steamdt-live,45.59,639,47.9,420,,3,9,15,2,10,0,2,5,-0.00021743857360312369,-0.00848194867333607,0.02427616926503351,-0.008697542944118286,0.00891304347826083,0.06270396270396272,0.12326923076923069,-0.06959183673469382,-0.49779687155761176,0.42,8,长期阴跌,,46,0,0
312,Five-SeveN | Orange Peel (Factory New),18.54,15.5,526,13,0.0247,0.836,steamdt-live,16.98,105,16.72,134,,3,3,12,2,10,5,6,5,-0.0029726516052318575,-0.0029815146094216427,-0.011750881316098694,-0.005945303210463826,0.01762632197414815,0.0,0.08882833787465949,-0.08733624454148481,-0.4818717074682368,0.39,5,长期阴跌,,46,0,0
313,★ Driver Gloves | Brocade Flowers (Field-Tested),809.99,1590.0,101,36,0.3564,1.963,steamdt-live,798.5,97,852.11,125,"溢价求购:买一高于卖一,多为定向收特定图案,买一价不可作退出价",20,0,7,5,2,0,6,5,0.0,0.0,-0.003121098626716612,0.0,0.003121098626716612,0.01719745222929947,0.005603985056039873,-0.001250781738586615,-0.13394793926247284,0.42,5,回撤不明显,买一异常溢价(不作为可成交退出价),45,0,0
314,Five-SeveN | Fairy Tale (Factory New),1618.0,1550.0,216,55,0.2546,0.958,steamdt-live,1674.74,48,1653.21,36,,17,9,7,2,10,0,0,0,-0.017857142857142905,-0.019393939393939408,0.06329113924050622,-0.036904761904761885,0.048554308261347656,0.057862046420398716,0.10115105995289098,-0.059302325581395365,-0.14318092756754475,0.35,10,可能加速下跌,,45,0,0
315,FAMAS | Roll Cage (Factory New),853.47,820.0,99,21,0.2121,0.9608,steamdt-live,875.0,42,873.48,53,,17,12,4,2,4,0,6,0,-1.1671335200746924e-05,-0.0038749285122374744,-0.0008163265306122547,-0.0038865546218486147,0.005047796689204853,0.0,0.019000000000000017,-0.019000000000000017,-0.10112797396497064,0.4,4,回撤不明显,,45,0,0
316,M4A4 | Bullet Rain (Factory New),1318.5,1300.0,301,48,0.1595,0.986,steamdt-live,1330.0,66,1320.0,138,,14,12,9,2,8,0,0,0,-0.0008446696896950989,-0.022246941045606206,0.014766917293233206,-0.023072819418511692,0.023072819418511692,0.014621008080030862,0.0740870786516854,-0.07603363700070076,-0.19357798165137619,0.4,1,价格更新稀疏,,45,0,0
317,★ Broken Fang Gloves | Needle Point (Field-Tested),275.3,266.0,86,13,0.1512,0.9662,steamdt-live,260.0,98,269.27,93,,14,12,4,5,6,0,4,0,-0.0002647503782148286,-0.016381038852948948,-0.004143126177024614,-0.016641452344931862,0.03703703703703709,0.0,0.03703703703703709,-0.02985074626865669,-0.054545454545454564,0.42,9,可能加速下跌,,45,0,0
318,★ Moto Gloves | Cool Mint (Minimal Wear),6100.0,5960.0,156,23,0.1474,0.977,steamdt-live,6229.0,39,6277.71,33,,11,12,7,5,10,0,0,0,-0.007795889440113446,-0.031746031746031744,0.024195499637067464,-0.03929443263249077,0.03929443263249077,0.0,0.08658705499195152,-0.054263565891472854,-0.2776791000592066,0.42,4,可能加速下跌,,45,0,0
319,Glock-18 | Ironwork (Factory New),246.0,244.0,619,81,0.1309,0.9919,steamdt-live,248.88,55,245.04,69,,11,15,12,2,0,0,0,5,0.01046829601777488,0.03615374857287823,0.1144761904761904,0.047000512732866095,0.0,0.16685714285714282,0.0,0.2117495796657105,-0.10894545454545457,0.42,8,反弹较远,,45,0,0
320,M4A1-S | Basilisk (Factory New),145.9,144.0,553,37,0.0669,0.987,steamdt-live,151.97,191,153.57,194,,7,12,12,2,10,0,2,0,-0.022737637631116137,-0.02733333333333332,0.038497970230040535,-0.04944947553586554,0.04951140065146575,0.003438789546079679,0.12372372372372364,-0.12372372372372364,-0.32136378436206336,0.42,12,长期阴跌,,45,0,0
321,Galil AR | Kami (Factory New),27.4,25.2,501,26,0.0519,0.9197,steamdt-live,29.47,195,30.72,103,,3,6,12,2,6,7,4,5,0.0,-0.0036363636363636598,-0.014336917562723928,-0.0036363636363636598,0.017921146953404965,0.00366300366300365,0.04828065300451545,-0.04463040446304045,-0.36866359447004604,0.42,3,长期阴跌,,45,0,0
322,AK-47 | Emerald Pinstripe (Factory New),66.8,64.0,821,41,0.0499,0.9581,steamdt-live,68.96,232,68.83,287,,3,9,12,2,8,0,6,5,-0.0014903129657226621,-0.0029850746268657025,0.016666666666666607,-0.0044709388971683195,0.005952380952381042,0.012121212121211977,0.07836644591611486,-0.07209334629809694,-0.38715596330275237,0.42,6,长期阴跌,,45,0,0
323,★ Moto Gloves | POW! (Field-Tested),422.0,610.0,643,31,0.0482,1.4455,steamdt-live,436.0,719,417.99,301,"溢价求购:买一高于卖一,多为定向收特定图案,买一价不可作退出价",3,0,12,5,6,10,6,3,0.02405063291139231,0.03334981458590858,-0.027093596059113323,0.058202531645569655,0.0,0.059543726235741445,0.03688940092165893,-0.03466512702078517,-0.2216201117318436,0.42,14,回撤不明显,买一异常溢价(不作为可成交退出价),45,0,0
324,Galil AR | Blue Titanium (Factory New),82.9,80.0,951,36,0.0379,0.965,steamdt-live,87.98,149,80.28,253,,3,12,15,2,10,0,0,3,-0.010590015128593144,-0.05575158786167955,-0.058713988388651495,-0.06575119283137443,0.12060466644758472,0.0,0.18472631258251238,-0.16374999999999995,-0.4770032573289902,0.31,9,长期阴跌,,45,0,0
325,AWP | Black Box (Factory New),146.5,125.0,51,21,0.4118,0.8532,steamdt-live,150.46,65,151.2,63,,20,3,4,2,10,0,2,3,0.006778978454929696,-0.023333333333333317,0.029932254942624192,-0.01671253104235193,0.03306712428222558,0.018492769744160142,0.08058240240994108,-0.08058240240994108,-0.12012012012012008,0.37,5,可能加速下跌,,44,0,0
326,★ Sport Gloves | Violet Beadwork (Field-Tested),1397.9,2360.0,168,56,0.3333,1.6882,steamdt-live,1350.0,172,1444.5,72,"溢价求购:买一高于卖一,多为定向收特定图案,买一价不可作退出价",20,0,7,5,6,2,4,0,-0.007309941520467822,-0.00589101620029453,-0.0014598540145985828,-0.013157894736842146,0.021384559623051858,0.005961251862891315,0.03557651093013281,-0.028287626862448678,-0.09023519105060995,0.42,5,可能加速下跌,买一异常溢价(不作为可成交退出价),44,0,0
327,★ Moto Gloves | 3rd Commando Company (Minimal Wear),577.0,549.0,115,30,0.2609,0.9515,steamdt-live,580.0,41,588.88,42,,17,9,7,5,6,0,0,0,0.0524561403508772,-0.038173028838139667,0.14457831325301207,0.012280701754386003,0.038173028838139667,0.15863453815261042,0.038173028838139667,0.19916037990730917,0.23290598290598297,0.32,14,反弹较远,,44,0,0
328,Glock-18 | Steel Disruption (Factory New),253.99,249.0,324,39,0.1204,0.9804,steamdt-live,266.94,75,252.89,67,,11,12,9,2,4,0,6,0,0.011060167310167346,0.005966824456024478,0.017348608837970403,0.017092985842985797,0.0,0.034738134206219184,0.017864771447434924,0.16652059596844881,-0.24413426188839404,0.29,5,回撤不明显,,44,0,0
329,Tec-9 | Toxic (Factory New),158.09,150.0,231,24,0.1039,0.9488,steamdt-live,160.0,84,158.5,108,,11,9,7,2,4,0,6,5,-0.0037712130735386706,-0.002586750788643566,0.006134193385189501,-0.006348208673790046,0.01807453416149063,0.0029182262259721536,0.024135802469135825,0.05752893170111717,-0.2989356984478936,0.33,5,可能加速下跌,,44,0,0
330,Galil AR | Cerberus (Factory New),865.0,842.0,284,29,0.1021,0.9734,steamdt-live,998.5,66,885.74,92,,11,12,9,2,10,0,0,0,0.0,-0.05467468562055766,-0.03635405690200211,-0.05467468562055766,0.08904109589041098,0.005232558139534937,0.1389356467693902,-0.0803191489361702,-0.29854028220669737,0.42,8,可能加速下跌,,44,0,0
331,AK-47 | B the Monster (Factory New),2015.5,1950.0,532,50,0.094,0.9675,steamdt-live,2099.0,276,2073.5,154,,7,12,12,2,8,3,0,0,-0.016160154365653656,-0.01176759009561168,-0.022169811320754684,-0.027737578388808526,0.053755868544600904,0.03358974358974365,0.07076994006454584,-0.07076994006454584,-0.2186470246171739,0.4,11,可能加速下跌,,44,0,0
332,★ Specialist Gloves | Crimson Web (Minimal Wear),1740.0,3040.0,292,27,0.0925,1.7471,steamdt-live,1760.0,214,1760.4,57,"溢价求购:买一高于卖一,多为定向收特定图案,买一价不可作退出价",7,0,9,5,4,10,4,5,-0.0005924170616113944,0.03141671606401908,-0.035428571428571476,0.0308056872037914,0.005430122892254974,0.0564663023679417,0.016949152542372836,-0.016393442622950838,-0.08640795560152681,0.41,7,回撤不明显,买一异常溢价(不作为可成交退出价),44,0,0
333,Glock-18 | Franklin (Factory New),644.1,615.0,444,40,0.0901,0.9548,steamdt-live,655.1,86,643.46,132,,7,9,9,2,6,0,6,5,0.005500652619802482,-0.005625096584762734,-0.0070204132014628495,-0.00015538566722594904,0.007174707997099183,0.013322834645669301,0.04672592592592584,-0.0008385093167700974,-0.30736275565123783,0.42,3,长期阴跌,,44,0,0
334,Tec-9 | Isaac (Factory New),92.89,86.0,246,21,0.0854,0.9258,steamdt-live,94.96,102,94.71,149,,7,6,7,2,8,5,4,5,-0.0011764705882353343,-0.0053538922796873,-0.012671594508975703,-0.006524064171122945,0.0191129883843717,0.0,0.05541997152735412,-0.05214285714285716,-0.3927964439796051,0.29,2,长期阴跌,,44,0,0
335,★ Broken Fang Gloves | Yellow-banded (Field-Tested),273.91,268.0,151,12,0.0795,0.9784,steamdt-live,278.0,124,275.8,83,,7,12,7,5,4,0,4,5,0.0018115942028984477,-0.009367088607594831,0.007299270072992803,-0.0075724637681158224,0.021749999999999936,0.0,0.021749999999999936,-0.0075724637681158224,-0.037223198594024565,0.42,6,可能加速下跌,,44,0,0
336,M4A4 | Hellish (Factory New),621.5,612.0,673,37,0.055,0.9847,steamdt-live,629.5,194,646.0,227,,3,12,12,2,10,0,0,5,-0.01000769822940728,-0.033437013996889586,-0.04904831625183015,-0.043110084680523464,0.0893639467244941,0.0,0.11199062696462248,-0.10057887120115772,-0.32774472687939427,0.3,15,长期阴跌,,44,0,0
337,AK-47 | Blue Laminate (Factory New),135.0,131.0,1273,59,0.0463,0.9704,steamdt-live,135.85,701,140.79,428,,3,12,15,2,10,0,2,0,-0.007246376811594235,-0.014598540145985384,0.022222222222222143,-0.021739130434782594,0.021739130434782594,0.015037593984962516,0.12903225806451613,-0.12440005188740433,-0.37497106347516096,0.4,11,长期阴跌,,44,0,0
338,M4A4 | Etch Lord (Factory New),19.97,19.1,853,22,0.0258,0.9564,steamdt-live,18.9,405,19.89,480,,3,9,12,2,10,3,2,3,-0.005128205128205221,-0.02577319587628868,-0.05339805825242727,-0.030769230769230882,0.08252427184466038,0.0,0.08827785817655576,0.021069692058346634,-0.3799212598425198,0.42,3,长期阴跌,,44,0,0
339,M4A4 | Polysoup (Factory New),119.0,116.0,1286,31,0.0241,0.9748,steamdt-live,125.99,290,132.32,439,,3,12,15,2,10,0,2,0,-0.012096774193548376,-0.02857142857142858,0.03333333333333344,-0.040322580645161255,0.06958561376075068,0.008474576271186418,0.09505703422053235,-0.03252032520325199,-0.3388888888888889,0.42,14,长期阴跌,,44,0,0
340,USP-S | Guardian (Factory New),27.5,26.2,1200,19,0.0158,0.9527,steamdt-live,27.0,659,27.54,546,,3,9,15,2,10,2,0,3,-0.0017857142857142794,-0.03398926654740608,-0.05084745762711862,-0.0357142857142857,0.0847457627118644,0.0,0.0951742627345844,-0.09090909090909094,-0.3315177024015845,0.33,7,长期阴跌,,44,0,0
341,★ Driver Gloves | Brocade Crane (Field-Tested),1048.0,1700.0,84,31,0.369,1.6221,steamdt-live,1024.5,87,1041.1,46,"溢价求购:买一高于卖一,多为定向收特定图案,买一价不可作退出价",20,0,4,5,0,10,4,0,-0.008746355685131157,0.004411764705882337,-0.00048567265662946557,-0.004373177842565634,0.004856726566294323,0.01435643564356437,0.004856726566294323,0.01435643564356437,-0.0686363636363636,0.16,4,回撤不明显,买一异常溢价(不作为可成交退出价),43,0,0
342,USP-S | Ancient Visions (Factory New),247.6,216.0,65,14,0.2154,0.8724,steamdt-live,245.0,33,252.0,66,,17,3,4,2,10,2,2,3,-0.002005615724027243,-0.015273311897106123,-0.02043222003929268,-0.017248295226634625,0.037328094302554016,0.0,0.09255898366606174,-0.09255898366606174,-0.3029871977240398,0.42,6,长期阴跌,,43,0,0
343,Desert Eagle | Hypnotic (Factory New),998.0,960.0,212,41,0.1934,0.9619,steamdt-live,999.0,77,988.33,78,,14,12,7,2,2,0,6,0,0.0,-0.0016868686868686256,0.002024291497975783,-0.0016868686868686256,0.0016868686868686256,0.01889690721649484,0.007202410848819674,-0.007202410848819674,-0.11201257861635217,0.42,6,回撤不明显,,43,0,0
344,USP-S | Caiman (Factory New),424.0,401.0,239,27,0.113,0.9458,steamdt-live,453.19,53,411.99,86,,11,9,7,2,8,0,6,0,0.0,-0.0023488957768306173,-0.004915662650602504,-0.0023488957768306173,0.007253012048192731,0.002408759124087556,0.07788894111327471,-0.0026870007262164153,-0.2219557334944855,0.42,3,回撤不明显,,43,0,0
345,Desert Eagle | Midnight Storm (Factory New),455.5,439.0,730,65,0.089,0.9638,steamdt-live,469.0,147,476.0,121,,7,12,12,2,10,0,0,0,-0.008275038389353395,-0.02043010752688168,0.04432268697937536,-0.028536085992151516,0.04085070541166558,0.03522727272727266,0.09421730830416797,-0.08899999999999997,-0.39185580774365825,0.42,18,长期阴跌,,43,0,0
346,AWP | Atheris (Factory New),165.0,159.0,581,49,0.0843,0.9636,steamdt-live,160.0,297,170.2,282,,7,12,12,2,10,0,0,0,-0.003065825067628425,-0.035214664737096,0.011553663727576824,-0.03817252780282532,0.041916167664670656,6.250390649409354e-05,0.0957386684751893,-0.013320177602368033,-0.40476190476190477,0.42,4,长期阴跌,,43,0,0
347,Desert Eagle | Kumicho Dragon (Factory New),383.0,374.0,503,36,0.0716,0.9765,steamdt-live,396.0,132,416.0,134,,7,12,12,2,10,0,0,0,-0.0025062656641604564,-0.03768844221105527,0.0,-0.040100250626566414,0.040100250626566414,0.0,0.08373205741626799,-0.04249999999999998,-0.21676891615541927,0.38,5,可能加速下跌,,43,0,0
348,AWP | Safari Mesh (Factory New),37.27,33.5,451,32,0.071,0.8988,steamdt-live,36.26,122,37.54,187,,7,6,9,2,8,7,4,0,-0.024286095543101016,-0.008205689277899442,-0.005837092066861227,-0.03229250066720046,0.03794109843459803,0.0,0.07001795332136451,-0.06522299561742717,-0.37847103188207065,0.42,8,长期阴跌,,43,0,0
349,Desert Eagle | The Bronze (Factory New),120.0,117.0,602,42,0.0698,0.975,steamdt-live,122.5,147,121.8,207,,7,12,12,2,10,0,0,0,-0.015873015873015928,-0.032258064516129004,0.020738820479585307,-0.04761904761904767,0.04761904761904767,0.016949152542372836,0.13662853442693723,-0.09084021516781582,-0.37460913070669166,0.37,8,长期阴跌,,43,0,0
350,M4A1-S | Vaporwave (Factory New),877.5,863.0,554,37,0.0668,0.9835,steamdt-live,870.0,239,930.0,156,,7,12,12,2,8,0,2,0,0.020408163265306145,-0.033333333333333326,0.0005672149744753163,-0.013605442176870763,0.04026475455046885,0.0005750431282345314,0.05945945945945941,-0.04395604395604391,-0.17060707748627213,0.41,10,可能加速下跌,,43,0,0
351,P250 | Dark Filigree (Factory New),51.48,33.0,97,6,0.0619,0.641,steamdt-live,42.95,58,43.68,104,,7,1,4,2,10,10,6,3,-0.0326576576576576,0.0,-0.011135857461024523,-0.0326576576576576,0.04342984409799544,0.0004658746797112645,0.15751275009807753,-0.12346938775510197,-0.3950704225352112,0.42,2,长期阴跌,,43,0,0
352,FAMAS | Hexane (Factory New),49.76,41.5,316,9,0.0285,0.834,steamdt-live,47.89,109,47.9,63,,3,3,9,2,10,7,4,5,-0.002479851208927464,-0.007872384503832652,-0.032200000000000006,-0.0103327133705311,0.042200000000000015,0.0,0.1115027829313543,-0.1115027829313543,-0.47141280353200876,0.42,4,长期阴跌,,43,0,0
353,AWP | Duality (Factory New),60.9,54.0,949,25,0.0263,0.8867,steamdt-live,59.89,608,59.0,543,,3,6,15,2,2,10,0,5,0.016111111111110965,0.07526881720430123,-0.016393442622950838,0.09259259259259256,0.0,0.13461538461538458,0.013707790036777023,0.0,-0.21280853902601737,0.42,11,回撤不明显,,43,0,0
354,Glock-18 | Fully Tuned (Factory New),1025.0,2230.0,56,35,0.625,2.1756,steamdt-live,1005.42,57,1069.5,23,"溢价求购:买一高于卖一,多为定向收特定图案,买一价不可作退出价",20,0,4,2,8,3,2,3,0.01429411764705879,-0.028185350577045742,-0.020624495909667084,-0.014294117647058902,0.0647255813953489,0.0,0.0647255813953489,-0.037479537034377786,-0.07759633027522939,0.16,8,可能加速下跌,买一异常溢价(不作为可成交退出价),42,0,0
355,★ Sport Gloves | Creme Pinstripe (Minimal Wear),1020.0,1280.0,42,19,0.4524,1.2549,steamdt-live,1026.0,45,1055.0,36,"溢价求购:买一高于卖一,多为定向收特定图案,买一价不可作退出价",20,0,4,5,4,0,6,3,0.0,0.0,-0.004878048780487809,0.0,0.009708737864077666,0.021021021021021102,0.026252983293556076,-0.026252983293556076,-0.11692134539630317,0.42,6,回撤不明显,买一异常溢价(不作为可成交退出价),42,0,0
356,★ Driver Gloves | Dragon Fists (Field-Tested),599.49,750.0,95,27,0.2842,1.2511,steamdt-live,599.48,101,614.0,28,"溢价求购:买一高于卖一,多为定向收特定图案,买一价不可作退出价",17,0,4,5,0,10,6,0,-0.0058001933397779926,0.0049958088851633775,0.0033278148464022106,-0.0008333611120370232,0.002495923325235405,0.007529411764706007,0.0033417014414204305,-0.00252911813643919,-0.07701308698999232,0.23,11,回撤不明显,买一异常溢价(不作为可成交退出价),42,0,0
357,★ Specialist Gloves | Chocolate Chesterfield (Field-Tested),517.5,599.0,120,33,0.275,1.1575,steamdt-live,509.5,108,546.2,46,"溢价求购:买一高于卖一,多为定向收特定图案,买一价不可作退出价",17,0,7,5,6,0,4,3,0.008737864077669855,-0.019249278152069338,-0.008624008624008694,-0.010679611650485477,0.02019230769230773,0.0,0.042293233082706716,-0.04139228598306677,-0.08855098389982108,0.42,9,可能加速下跌,买一异常溢价(不作为可成交退出价),42,0,0
358,★ Specialist Gloves | Pillow Punchers (Field-Tested),2409.0,5310.0,211,53,0.2512,2.2042,steamdt-live,2400.0,223,2424.0,142,"溢价求购:买一高于卖一,多为定向收特定图案,买一价不可作退出价",17,0,7,5,4,0,4,5,-0.0004132231404958553,-0.007854485324514271,-0.004115226337448541,-0.008264462809917328,0.012345679012345734,0.0014604631754642217,0.020408163265306145,0.00041684035014588616,-0.05025722200237437,0.42,2,可能加速下跌,买一异常溢价(不作为可成交退出价),42,0,0
359,Five-SeveN | Fowl Play (Factory New),420.0,397.0,157,27,0.172,0.9452,steamdt-live,449.98,48,438.18,42,,14,9,7,2,10,0,0,0,0.0,-0.06454630495790459,-0.04407851690294429,-0.06454630495790459,0.10577971646673934,0.0,0.1717171717171717,-0.09890109890109888,-0.0341578327444052,0.17,2,可能加速下跌,,42,0,0
360,Tec-9 | Blast From the Past (Factory New),38.57,32.9,73,9,0.1233,0.853,steamdt-live,40.0,37,40.59,54,,11,3,4,2,10,8,4,0,-0.022681451612903136,-0.005415162454873723,-0.007255441581185851,-0.027973790322580627,0.035026269702276625,0.0,0.10489672777906711,-0.10489672777906711,-0.42994383683121484,0.42,5,长期阴跌,,42,0,0
361,FAMAS | Valence (Factory New),169.38,162.0,243,23,0.0947,0.9564,steamdt-live,169.97,99,168.93,100,,7,9,7,2,0,10,2,5,-0.006047904191616715,0.017711910356045468,0.05117391578019759,0.011556886227545027,5.919261276188248e-05,0.0667466531952512,5.919261276188248e-05,0.05515302935665223,-0.21427906976744182,0.38,4,回撤不明显,,42,0,0
362,FAMAS | Eye of Athena (Factory New),165.59,160.0,319,29,0.0909,0.9662,steamdt-live,149.37,108,158.82,99,,7,12,9,2,10,2,0,0,-0.06753355704697972,-0.040100250626566525,-0.04585477415666106,-0.10492569511025884,0.1459691252144082,0.0,0.21093502377179085,-0.11693762932308605,-0.43533814690205264,0.42,8,长期阴跌,,42,0,0
363,Tec-9 | Cracked Opal (Factory New),47.0,45.0,431,29,0.0673,0.9574,steamdt-live,43.0,149,45.69,58,,7,9,9,2,10,2,0,3,-0.051961823966065634,-0.03803131991051456,-0.017708333333333326,-0.088016967126193,0.12226985098999799,0.0,0.1568627450980392,-0.006699006699006693,-0.10416666666666663,0.37,6,可能加速下跌,,42,0,0
364,Tec-9 | Blue Titanium (Factory New),159.99,153.0,530,28,0.0528,0.9563,steamdt-live,159.5,45,161.0,107,,3,9,12,2,10,1,2,3,-0.018204682915144765,-0.027874351936565955,-0.059158262437320364,-0.045571591113240384,0.09694600260638009,0.0,0.13380434782608697,-0.11612688553682338,-0.32892631578947373,0.16,11,长期阴跌,,42,0,0
365,Galil AR | Black Sand (Factory New),75.0,73.0,726,37,0.051,0.9733,steamdt-live,73.86,202,74.98,113,,3,12,12,2,10,0,0,3,0.0,-0.019774386197743743,0.008836524300441795,-0.019774386197743743,0.019774386197743743,0.025833333333333375,0.09061807436591973,-0.023274266067178084,-0.3315837104072398,0.25,3,长期阴跌,,42,0,0
366,AWP | Black Nile (Factory New),78.99,75.0,1010,46,0.0455,0.9495,steamdt-live,79.5,259,81.99,437,,3,9,15,2,10,0,3,0,0.08695652173913038,-0.018757763975155384,-0.0018867924528301883,0.06656764785309188,0.018757763975155384,0.07469387755102042,0.10167178437393398,-0.01064629258517047,-0.4723446893787575,0.37,12,长期阴跌,,42,0,0
367,AK-47 | Nightwish (Factory New),702.5,940.0,885,37,0.0418,1.3381,steamdt-live,746.99,210,729.0,135,"溢价求购:买一高于卖一,多为定向收特定图案,买一价不可作退出价",3,0,12,2,4,10,6,5,0.0066225165562914245,0.027046783625731097,-0.010196649672250535,0.03384841795437832,0.0007112375533427917,0.05718585402558318,0.01679496151154658,-0.0174825174825175,-0.10923730425410505,0.41,6,回撤不明显,买一异常溢价(不作为可成交退出价),42,0,0
368,Tec-9 | Remote Control (Factory New),142.5,136.0,593,24,0.0405,0.9544,steamdt-live,152.8,76,144.5,125,,3,9,12,2,10,0,6,0,-0.0034482758620689724,-0.01384083044982698,-0.006849315068493178,-0.017241379310344862,0.020618556701030966,0.0035211267605634866,0.09235668789808915,-0.09518064639024704,-0.36946902654867253,0.36,5,长期阴跌,,42,0,0
369,Galil AR | Rainbow Spoon (Factory New),144.5,138.0,950,19,0.02,0.955,steamdt-live,149.98,406,159.4,659,,3,9,15,2,10,0,0,3,0.0,-0.04620462046204621,-0.044103728941889186,-0.04620462046204621,0.08827055334721434,0.010489510489510412,0.11349693251533743,-0.11060503477565087,-0.2204779629929331,0.42,14,可能加速下跌,,42,0,0
370,M4A4 | Evil Daimyo (Factory New),49.05,46.1,1828,35,0.0191,0.9399,steamdt-live,47.7,1002,49.9,799,,3,9,15,2,8,0,2,3,0.0,-0.02234064357450294,-0.0022494887525562612,-0.02234064357450294,0.024539877300613355,0.0,0.06286836935166984,-0.04599999999999993,-0.22803042563521603,0.42,10,可能加速下跌,,42,0,0
371,Desert Eagle | Calligraffiti (Factory New),26.9,26.0,1105,10,0.009,0.9665,steamdt-live,29.06,106,27.74,285,,3,12,15,2,10,0,0,0,-0.0003501400560222967,-0.05779334500875666,-0.008333333333333415,-0.058123249299719904,0.0692041522491349,0.026717557251908275,0.09731543624161076,-0.02677279305354563,-0.35799522673031026,0.65,3,长期阴跌,,42,0,0
372,★ Hand Wraps | Desert Shamagh (Minimal Wear),372.0,396.0,148,23,0.1554,1.0645,steamdt-live,395.0,69,376.6,87,"溢价求购:买一高于卖一,多为定向收特定图案,买一价不可作退出价",14,0,7,5,4,5,6,0,-0.005333333333333301,-0.002680965147453085,-0.0013315579227696217,-0.008000000000000007,0.009320905459387463,0.0013458950201883368,0.021052631578947323,0.017783857729138264,-0.12470588235294122,0.42,7,回撤不明显,买一异常溢价(不作为可成交退出价),41,0,0
373,USP-S | Serum (Factory New),523.99,478.0,174,23,0.1322,0.9122,steamdt-live,608.47,51,546.74,65,,11,6,7,2,10,0,2,3,-0.0028893600255163188,-0.019663185624235635,-0.022036697247706405,-0.02249573162723506,0.04315886134067948,0.0,0.08352096819589083,-0.08353708948266458,-0.31447368421052635,0.07,8,长期阴跌,,41,0,0
374,Glock-18 | Bullet Queen (Factory New),677.5,656.0,478,43,0.09,0.9683,steamdt-live,679.28,98,682.49,131,,7,12,9,2,6,0,2,3,-0.002220588235294141,-0.0014591224631166355,0.021021021021021102,-0.003676470588235281,0.013828238719068464,0.026515151515151603,0.04711673699015473,-0.04718374235285838,-0.15312499999999996,0.34,9,可能加速下跌,,41,0,0
375,★ Hydra Gloves | Rattler (Minimal Wear),207.99,199.0,128,11,0.0859,0.9568,steamdt-live,225.0,63,224.9,56,,7,9,7,5,6,0,4,3,-0.0023809523809523725,-0.0072076372315035275,-0.006998297711367507,-0.009571428571428564,0.018868814566724845,0.0,0.04670455587129896,-0.034849187935034776,-0.0756,0.42,5,暂未减速,,41,0,0
376,★ Driver Gloves | Snow Leopard (Field-Tested),1569.0,2220.0,548,39,0.0712,1.4149,steamdt-live,1560.0,483,1583.89,221,"溢价求购:买一高于卖一,多为定向收特定图案,买一价不可作退出价",7,0,12,5,8,3,6,0,0.00031555695803087147,-0.01577287066246058,-0.02191358024691359,-0.015462290943515256,0.03703703703703709,0.006451612903225712,0.0525356817491649,-0.04265111997545257,-0.08846558373261659,0.42,6,可能加速下跌,买一异常溢价(不作为可成交退出价),41,0,0
377,Five-SeveN | Boost Protocol (Factory New),55.0,52.0,1318,52,0.0395,0.9455,steamdt-live,57.5,286,57.0,285,,3,9,15,2,10,0,2,0,0.0024796315975912364,-0.028268551236749095,-0.004232804232804255,-0.02585901523202272,0.029982363315696703,0.00018185124568104172,0.10569105691056913,-0.0693739424703892,-0.2666666666666667,0.42,11,可能加速下跌,,41,0,0
378,Glock-18 | Vogue (Factory New),67.51,64.0,851,31,0.0364,0.948,steamdt-live,65.3,327,68.6,655,,3,9,12,2,8,0,2,5,-0.0029998500074996937,-0.017601925680758246,-0.016231370813044044,-0.020548972551372446,0.036446805371108115,0.0532258064516129,0.05362318840579716,-0.010606060606060619,-0.19857633775159556,0.3,8,可能加速下跌,,41,0,0
379,USP-S | Bleeding Edge (Factory New),31.89,28.4,828,24,0.029,0.8906,steamdt-live,32.78,435,32.0,361,,3,6,12,2,0,10,3,5,0.0,0.04283845650752127,-0.019871794871794912,0.04283845650752127,0.003125976867771163,0.07049345417925479,0.003125976867771163,0.015605095541401326,-0.128688524590164,0.42,12,回撤不明显,,41,0,0
380,★ Driver Gloves | Seigaiha (Minimal Wear),945.18,1290.0,28,18,0.6429,1.3648,steamdt-live,948.38,34,969.0,20,"溢价求购:买一高于卖一,多为定向收特定图案,买一价不可作退出价",20,0,2,5,2,0,6,5,-0.0005269370204873391,-0.0033741749087918826,-0.001410199743217433,-0.003899333951606132,0.005304034855086237,0.013054662379421211,0.007163865546218506,-0.007163865546218506,-0.07440557797015157,0.16,5,回撤不明显,买一异常溢价(不作为可成交退出价),40,0,0
381,AWP | The Prince (Factory New),16299.99,17070.0,69,14,0.2029,1.0472,steamdt-live,16658.0,72,17290.0,20,,17,15,4,2,2,0,0,0,0.0,-0.006097564693637092,0.006134355828220972,-0.006097564693637092,0.010651586478815811,3.006227184876309e-05,0.01071223300593771,-0.01071223300593771,-0.021837051154953158,0.36,1,价格更新稀疏,,40,0,0
382,★ Driver Gloves | Overtake (Minimal Wear),504.9,684.0,105,21,0.2,1.3547,steamdt-live,516.91,70,520.0,48,"溢价求购:买一高于卖一,多为定向收特定图案,买一价不可作退出价",17,0,7,5,8,1,2,0,-0.01538461538461533,-0.013867187500000044,-0.028037383177570097,-0.02903846153846157,0.05626168224299066,0.009800000000000031,0.05626168224299066,-0.004240212996745929,-0.0974419477663967,0.42,11,暂未减速,买一异常溢价(不作为可成交退出价),40,0,0
383,M4A4 | Royal Paladin (Factory New),1247.49,1190.0,307,52,0.1694,0.9539,steamdt-live,1274.89,81,1243.49,60,,14,9,9,2,6,0,0,0,0.012201872201872188,0.0,0.003274832787527826,0.012201872201872188,0.0,0.023448559670781854,0.039776061776061744,-0.00520799999999999,-0.09728493647912884,0.42,1,价格更新稀疏,,40,0,0
384,AK-47 | Hydroponic (Factory New),24247.5,24440.0,212,33,0.1557,1.0079,steamdt-live,24999.5,119,24400.0,70,,14,15,7,2,2,0,0,0,-0.00043302540415701696,0.00041258380608555356,0.002004173639951201,-2.0620257340842052e-05,0.002160493827160548,0.001983512056034309,0.010306122448979549,-0.00010309278350517648,-0.07526410129285688,0.42,0,价格更新稀疏,,40,0,0
385,Desert Eagle | Night (Factory New),490.0,471.0,21,3,0.1429,0.9612,steamdt-live,480.0,26,467.4,44,,8,12,2,2,8,1,4,3,-0.0042337002540220325,-0.0063775510204081565,-0.011715481171548192,-0.010584250635055081,0.022175732217573296,0.0,0.06600323721599433,-0.06600323721599433,-0.2798151001540833,0.42,10,暂未减速,,40,0,0
386,AWP | Corticera (Factory New),819.99,797.0,176,25,0.142,0.972,steamdt-live,838.0,48,832.67,51,,11,12,7,2,8,0,0,0,0.0,-0.012060240963855384,-0.006844397645144329,-0.012060240963855384,0.023240023823704603,0.0,0.06647464650834489,-0.02322838866454635,-0.13809558846715786,0.42,1,价格更新稀疏,,40,0,0
387,★ Sport Gloves | Pandora's Box (Field-Tested),19998.5,24020.0,473,56,0.1184,1.2011,steamdt-live,19999.5,399,20288.0,91,"溢价求购:买一高于卖一,多为定向收特定图案,买一价不可作退出价",11,0,9,5,8,0,4,3,-0.012146933996780351,-0.012419753086419738,-0.0009260161809143685,-0.024415825162203086,0.0331883007009911,0.0,0.074010621894809,-0.06549065420560751,-0.12287280701754388,0.41,5,可能加速下跌,买一异常溢价(不作为可成交退出价),40,0,0
388,FAMAS | Commemoration (Factory New),348.88,338.0,335,33,0.0985,0.9688,steamdt-live,349.5,158,340.0,119,,7,12,9,2,10,0,0,0,-0.009527534855131248,-0.04090267983074758,-0.02210382513661191,-0.050040512978123064,0.07103825136612019,0.0,0.09850192231207733,-0.0449438202247191,-0.21387283236994215,0.42,8,可能加速下跌,,40,0,0
389,MP9 | Music Box (Factory New),39.0,38.2,267,24,0.0899,0.9795,steamdt-live,41.93,79,41.07,96,,7,12,9,2,10,0,0,0,-0.015476190476190421,-0.056831922611850105,0.0494752623688155,-0.0714285714285714,0.07253269916765748,0.0030864197530864335,0.10693840164872914,-0.01862103673880222,-0.48684210526315785,0.3,7,长期阴跌,,40,0,0
390,★ Moto Gloves | Polygon (Field-Tested),623.0,727.0,310,27,0.0871,1.1669,steamdt-live,626.66,265,625.0,174,"溢价求购:买一高于卖一,多为定向收特定图案,买一价不可作退出价",7,0,9,5,8,2,6,3,-0.002382843526608447,-0.0079617834394905,-0.013322884012539227,-0.010325655281969826,0.023510971786833812,0.004838709677419395,0.06386175807663408,-0.041538461538461524,-0.13037409268565048,0.42,12,可能加速下跌,买一异常溢价(不作为可成交退出价),40,0,0
391,★ Sport Gloves | Bronze Morph (Field-Tested),423.5,504.0,348,30,0.0862,1.1901,steamdt-live,430.0,248,434.0,175,"溢价求购:买一高于卖一,多为定向收特定图案,买一价不可作退出价",7,0,9,5,8,0,6,5,0.009004739336492928,-0.005401596993893865,-0.0023640661938534313,0.0035545023696681444,0.020809248554913284,0.009535160905840279,0.054666398803544736,0.0011820330969267712,-0.1329006367600991,0.42,11,可能加速下跌,买一异常溢价(不作为可成交退出价),40,0,0
392,USP-S | Cortex (Factory New),149.0,145.0,455,39,0.0857,0.9732,steamdt-live,155.49,166,157.79,270,,7,12,9,2,10,0,0,0,-0.011757021554539393,-0.015201586252478583,-0.024840764331210186,-0.026779882429784463,0.05095541401273884,0.020547945205479534,0.12301353737492648,0.011129207383278938,-0.2870472271400546,0.42,13,暂未减速,,40,0,0
393,MP9 | Latte Rush (Factory New),285.0,267.0,532,36,0.0677,0.9368,steamdt-live,307.9,178,297.79,240,,7,9,12,2,10,0,0,0,-0.009852216748768461,-0.05472636815920395,-0.004901960784313708,-0.0640394088669951,0.07014681892332786,0.06426677620523535,0.08799999999999997,-0.07014681892332786,-0.3206197854588796,0.29,18,长期阴跌,,40,0,0
394,USP-S | Lead Conduit (Factory New),67.39,61.0,484,30,0.062,0.9052,steamdt-live,69.23,119,65.0,125,,7,6,9,2,10,0,6,0,-0.005891016200294641,-0.03703703703703709,0.013432835820895717,-0.042709867452135564,0.05797101449275366,0.0,0.1333333333333333,-0.13101604278074863,-0.3979809206260998,0.42,4,长期阴跌,,40,0,0
395,AK-47 | Legion of Anubis (Factory New),334.21,333.0,794,30,0.0378,0.9964,steamdt-live,337.97,341,337.12,287,,3,15,12,2,4,0,4,0,-0.004439445957144517,-0.0064510375170938605,-0.0076654233604511735,-0.010861844441813706,0.018444007166143028,0.00014962892027758912,0.025626822157434503,-0.006185137827470433,-0.036858789625360266,0.3,11,暂未减速,,40,0,0
396,FAMAS | Survivor Z (Factory New),18.57,16.4,981,26,0.0265,0.8831,steamdt-live,18.65,272,18.42,394,,3,6,15,2,10,4,0,0,-0.049064238745574085,-0.02021276595744681,-0.006532663316582865,-0.06828528072837625,0.07899999999999996,0.08352941176470607,0.25845410628019316,-0.24816326530612243,-0.5216826798234224,0.42,13,长期阴跌,,40,0,0
397,★ Driver Gloves | Hand Sweaters (Minimal Wear),1419.0,1910.0,39,26,0.6667,1.346,steamdt-live,1410.0,40,1444.0,44,"溢价求购:买一高于卖一,多为定向收特定图案,买一价不可作退出价",20,0,4,5,4,0,6,0,0.0,-0.004588775150017654,-0.002815909890883539,-0.004588775150017654,0.007391763463569179,0.0,0.02219140083217752,-0.02219140083217752,-0.11875000000000002,0.42,2,回撤不明显,买一异常溢价(不作为可成交退出价),39,0,0
398,★ Sport Gloves | Red Racer (Minimal Wear),1789.5,2340.0,49,25,0.5102,1.3076,steamdt-live,1830.0,60,1833.94,26,"溢价求购:买一高于卖一,多为定向收特定图案,买一价不可作退出价",20,0,4,5,4,0,6,0,-0.0008342602892101869,-0.0038964653492903345,0.0016713091922004875,-0.004727474972191281,0.005557099194220649,0.0,0.02186389723968296,-0.02186389723968296,-0.0823076923076923,0.42,2,回撤不明显,买一异常溢价(不作为可成交退出价),39,0,0
399,★ Specialist Gloves | Pillow Punchers (Minimal Wear),8000.0,10930.0,90,35,0.3889,1.3662,steamdt-live,8000.0,101,8178.5,34,"溢价求购:买一高于卖一,多为定向收特定图案,买一价不可作退出价",20,0,4,5,8,0,2,0,-0.00018293798402346795,-0.024152232251768768,-0.004915048543689293,-0.024330751875114354,0.029126213592232997,0.0,0.05213270142180093,-0.03608651123561657,-0.07834101382488479,0.42,4,可能加速下跌,买一异常溢价(不作为可成交退出价),39,0,0
400,★ Sport Gloves | Frosty (Field-Tested),1059.0,1500.0,208,45,0.2163,1.4164,steamdt-live,1040.0,207,1063.8,90,"溢价求购:买一高于卖一,多为定向收特定图案,买一价不可作退出价",17,0,7,5,8,0,2,0,-0.006074766355140149,-0.022096850023507253,-0.022831050228310557,-0.028037383177570097,0.05022831050228316,0.0,0.05239179954441908,-0.03703703703703709,-0.14368052696582956,0.16,9,可能加速下跌,买一异常溢价(不作为可成交退出价),39,0,0
401,★ Specialist Gloves | Emerald Web (Minimal Wear),8350.0,10880.0,196,36,0.1837,1.303,steamdt-live,8688.0,101,8643.0,61,"溢价求购:买一高于卖一,多为定向收特定图案,买一价不可作退出价",14,0,7,5,10,0,0,3,0.0,-0.04465930018416209,0.03576537911301858,-0.04465930018416209,0.04597701149425293,0.012195121951219523,0.08261950815142305,-0.08261950815142305,-0.2654867256637168,0.42,6,可能加速下跌,买一异常溢价(不作为可成交退出价),39,0,0
402,USP-S | Whiteout (Factory New),2599.5,2390.0,148,21,0.1419,0.9194,steamdt-live,2700.0,58,2716.3,41,,11,6,7,2,4,0,4,5,-0.00019131432944330395,-0.005166475315729002,-0.0024809160305343525,-0.0053568012244117336,0.007824427480916052,0.04021608643457375,0.018871485185884107,-0.01084474885844744,-0.13349999999999995,0.33,4,回撤不明显,,39,0,0
403,AK-47 | Panthera onca (Factory New),1935.0,1820.0,113,16,0.1416,0.9406,steamdt-live,2055.0,34,2020.01,52,,11,9,7,2,10,0,0,0,0.0,-0.02739381754209602,-0.028564453125,-0.02739381754209602,0.05147058823529416,0.018421052631578894,0.1283783783783784,-0.13006339072966788,-0.2801339285714286,0.4,2,可能加速下跌,,39,0,0
404,AWP | LongDog (Factory New),2470.0,2360.0,357,41,0.1148,0.9555,steamdt-live,2538.0,133,2478.57,152,,11,9,9,2,8,0,0,0,-0.0006048216380989402,-0.00345763888048356,-0.007773554710942099,-0.004060369263770847,0.019062748212867353,0.010224948875255713,0.050000000000000044,-0.050000000000000044,-0.2735294117647059,0.42,1,价格更新稀疏,,39,0,0
405,★ Moto Gloves | Turtle (Minimal Wear),699.5,890.0,151,16,0.106,1.2723,steamdt-live,710.0,128,717.5,71,"溢价求购:买一高于卖一,多为定向收特定图案,买一价不可作退出价",11,0,7,5,8,1,4,3,-0.005637773079633535,-0.007795889440113446,-0.014856984171063625,-0.013389711064129672,0.03266817754684648,0.0007147962830593713,0.05660377358490565,-0.03314917127071826,-0.13150287224407253,0.42,13,暂未减速,买一异常溢价(不作为可成交退出价),39,0,0
406,★ Hydra Gloves | Mangrove (Field-Tested),170.0,163.0,115,12,0.1043,0.9588,steamdt-live,172.45,118,171.75,290,,11,9,7,5,4,0,3,0,-0.0034822983168892874,-0.009900990099009799,-0.0038735040758511863,-0.013348810214741769,0.019042123485285667,0.0625,0.019042123485285667,0.002358490566037874,-0.06439185470555853,0.33,10,可能加速下跌,,39,0,0
407,★ Hand Wraps | Desert Shamagh (Field-Tested),230.91,228.0,234,22,0.094,0.9874,steamdt-live,230.0,201,231.2,174,,7,12,7,5,4,0,4,0,0.0,-0.008620689655172376,0.0,-0.008620689655172376,0.012451696006869906,0.002178649237472685,0.017010000854773888,0.007799491718517126,-0.07671309863112685,0.41,14,可能加速下跌,,39,0,0
408,AK-47 | Green Laminate (Factory New),217.0,202.0,365,25,0.0685,0.9309,steamdt-live,232.49,133,218.4,138,,7,9,9,2,8,4,0,0,-0.0022831050228310223,-0.006864988558352381,-0.01573033707865168,-0.0091324200913242,0.024719101123595544,0.03333333333333344,0.07264957264957261,-0.026905829596412523,-0.33817250213492744,0.42,6,长期阴跌,,39,0,0
409,P250 | Wingshot (Factory New),38.49,35.7,180,11,0.0611,0.9275,steamdt-live,38.49,119,38.88,128,,7,6,7,2,6,0,6,5,0.002077922077922123,-0.00233281493001547,-0.005938548928479115,-0.0002597402597401821,0.005940082644627975,0.040270270270270414,0.030234315948601598,-0.030234315948601598,-0.3840614498319731,0.23,4,长期阴跌,,39,0,0
410,Five-SeveN | Buddy (Factory New),21.55,19.9,421,18,0.0428,0.9234,steamdt-live,19.18,154,19.51,190,,3,6,9,2,10,2,2,5,-0.013000000000000123,-0.028368794326241065,-0.07407407407407418,-0.041000000000000036,0.11203703703703716,0.0,0.1490683229813664,-0.08492366412213748,-0.444862518089725,0.39,12,长期阴跌,,39,0,0
411,Tec-9 | Bamboozle (Factory New),35.54,34.1,666,25,0.0375,0.9595,steamdt-live,34.0,207,34.43,201,,3,9,12,2,10,0,0,3,-0.002851439977188508,-0.027738061195310193,-0.025833333333333375,-0.030510407755916735,0.05555555555555558,0.008902077151335286,0.10526315789473684,-0.06925814399124008,-0.38181818181818183,0.33,4,长期阴跌,,39,0,0
412,MP9 | Mount Fuji (Factory New),83.4,79.0,1246,41,0.0329,0.9472,steamdt-live,80.7,554,85.88,458,,3,9,15,2,10,0,0,0,-0.0015494636471992118,-0.03664796466515452,-0.012941176470588123,-0.038140643623361226,0.0505882352941176,0.0,0.0993303571428571,-0.09325842696629205,-0.23867924528301887,0.41,13,可能加速下跌,,39,0,0
413,AK-47 | Midnight Laminate (Factory New),79.6,72.0,1540,33,0.0214,0.9045,steamdt-live,77.9,1066,80.68,699,,3,6,15,2,6,0,2,5,0.02316602316602312,-0.020125786163521897,-0.0038461538461538325,0.002574002574002643,0.022952464567916664,0.03866666666666685,0.037082818294190356,-0.03457677531292591,-0.1439560439560439,0.41,13,可能加速下跌,,39,0,0
414,M4A4 | Dark Operative (Factory New),39.13,37.4,89,19,0.2135,0.9558,steamdt-live,40.68,82,40.58,92,,17,9,4,2,2,0,4,0,-0.0022994379151763944,0.0020486555697825093,-0.0005107252298262033,-0.000255493101686155,0.0007660878447394159,0.011111111111111072,0.0066006600660065695,-0.0066006600660065695,-0.1711501800466002,0.42,5,回撤不明显,,38,0,0
415,★ Specialist Gloves | Sunburst (Minimal Wear),2085.0,2540.0,69,14,0.2029,1.2182,steamdt-live,2164.5,56,2134.6,22,"溢价求购:买一高于卖一,多为定向收特定图案,买一价不可作退出价",17,0,4,5,6,0,6,0,-0.0004772130756383053,-0.004535688708522279,-0.00142483404733873,-0.005010737294201872,0.006428431872441465,0.0,0.03539208882720335,-0.03539208882720335,-0.05227272727272725,0.42,2,回撤不明显,买一异常溢价(不作为可成交退出价),38,0,0
416,★ Sport Gloves | Ultra Violent (Minimal Wear),10789.5,12960.0,276,53,0.192,1.2012,steamdt-live,10888.5,300,11498.01,79,"溢价求购:买一高于卖一,多为定向收特定图案,买一价不可作退出价",14,0,9,5,6,2,2,0,0.0,-0.008272438990762465,-0.010819657225985324,-0.008272438990762465,0.01909177689894992,0.02757142857142858,0.03233183856502242,-0.03233183856502242,-0.10087500000000005,0.42,8,可能加速下跌,买一异常溢价(不作为可成交退出价),38,0,0
417,★ Sport Gloves | Superconductor (Minimal Wear),15488.0,26020.0,195,36,0.1846,1.68,steamdt-live,15999.5,149,16200.0,35,"溢价求购:买一高于卖一,多为定向收特定图案,买一价不可作退出价",14,0,7,5,10,0,2,0,-0.01622291021671829,-0.025176233635448186,-0.018207240341651776,-0.04099071207430338,0.05845162466944287,0.0024595469255663804,0.08083086053412458,-0.08080358467610316,-0.1739733333333333,0.4,11,可能加速下跌,买一异常溢价(不作为可成交退出价),38,0,0
418,FAMAS | Waters of Nephthys (Factory New),863.74,1120.0,160,25,0.1562,1.2967,steamdt-live,888.5,60,896.2,57,"溢价求购:买一高于卖一,多为定向收特定图案,买一价不可作退出价",14,0,7,2,6,2,4,3,-0.015551801801801712,-0.011953923060204374,0.0016920473773265332,-0.02731981981981979,0.028413948256467925,0.0,0.03492737430167592,-0.01230417381360771,-0.2734598432085057,0.42,14,可能加速下跌,买一异常溢价(不作为可成交退出价),38,0,0
419,★ Specialist Gloves | Buckshot (Minimal Wear),388.0,493.0,153,22,0.1438,1.2706,steamdt-live,403.5,98,400.0,55,"溢价求购:买一高于卖一,多为定向收特定图案,买一价不可作退出价",11,0,7,5,6,0,6,3,0.0012870012870012104,-0.0025706940874036244,-0.0012853470437017567,-0.0012870012870013214,0.01645162108038234,0.0025839793281654533,0.030000000000000027,-0.030000000000000027,-0.1300448430493274,0.42,6,暂未减速,买一异常溢价(不作为可成交退出价),38,0,0
420,Desert Eagle | Sunset Storm 弐 (Factory New),2888.0,2660.0,49,6,0.1224,0.9211,steamdt-live,3199.99,30,3250.71,41,,11,6,4,2,8,0,2,5,-0.0013563919972872096,-0.01935483870967747,-0.016836139356559476,-0.020684977958630002,0.037172862143690644,0.0,0.06673129746324125,-0.03733333333333333,-0.08317460317460312,0.42,3,可能加速下跌,,38,0,0
421,★ Specialist Gloves | Mogul (Minimal Wear),880.0,1170.0,192,22,0.1146,1.3295,steamdt-live,883.5,178,898.26,71,"溢价求购:买一高于卖一,多为定向收特定图案,买一价不可作退出价",11,0,7,5,4,0,6,5,0.00511633711102788,-0.006772009029345383,-0.0022750424448216844,-0.001690319799430573,0.011224845222980062,0.0011376564277587597,0.025470653377630104,-0.023307436182020025,-0.06730259671436145,0.42,12,可能加速下跌,买一异常溢价(不作为可成交退出价),38,0,0
422,P250 | Apep's Curse (Factory New),616.09,624.0,70,6,0.0857,1.0128,steamdt-live,599.9,47,619.17,57,,7,15,4,2,10,0,0,0,0.0,-0.00016666666666675933,-0.0625,-0.00016666666666675933,0.06265625000000008,0.0,0.11778114384035065,-0.11778114384035065,-0.27635705669481303,0.42,0,价格更新稀疏,,38,0,0
423,Desert Eagle | Mudder (Factory New),34.79,32.5,324,25,0.0772,0.9342,steamdt-live,31.18,72,31.68,145,,7,9,9,2,10,1,0,0,-0.06040462427745674,-0.04091048908028294,-0.023150762281197057,-0.09884393063583818,0.11970638057594585,0.0,0.12415730337078656,-0.1236649803260258,-0.4960400840471957,0.42,8,长期阴跌,,38,0,0
424,AWP | Chrome Cannon (Factory New),414.0,402.0,383,29,0.0757,0.971,steamdt-live,418.9,325,436.65,134,,7,12,9,2,6,0,2,0,-0.003529411764705892,-0.022432113341204207,0.0,-0.025882352941176467,0.0383275261324042,0.0,0.0482758620689655,-0.0482758620689655,-0.0830564784053156,0.42,11,可能加速下跌,,38,0,0
425,MP9 | Dart (Factory New),18.75,17.9,124,7,0.0565,0.9547,steamdt-live,19.24,113,18.64,134,,3,9,7,2,10,0,2,5,-0.011979166666666652,-0.01739588824459659,-0.004665629860031051,-0.029166666666666563,0.03369621565578007,0.01969365426695835,0.08582638548307997,-0.08582638548307997,-0.4775784753363228,0.42,16,长期阴跌,,38,0,0
426,★ Specialist Gloves | Crimson Kimono (Field-Tested),10467.0,10010.0,902,26,0.0288,0.9563,steamdt-live,10000.0,793,10616.89,186,,3,9,15,5,6,0,0,0,0.0,0.0,-0.042970619198009374,0.0,0.042970619198009374,0.020408163265306145,0.042970619198009374,-0.04284237528236157,-0.08155767817781046,0.41,0,价格更新稀疏,,38,0,0
427,AWP | PAW (Factory New),42.77,41.3,1277,24,0.0188,0.9656,steamdt-live,43.92,1043,45.75,279,,3,12,15,2,6,0,0,0,0.010000000000000009,-0.015196868524061657,0.007025761124121788,-0.005348837209302237,0.032352941176470584,0.04572127139364324,0.032352941176470584,-0.0025652985074626766,-0.0718315972222221,0.41,13,可能加速下跌,,38,0,0
428,★ Specialist Gloves | Lime Polycam (Minimal Wear),3350.0,4570.0,35,31,0.8857,1.3642,steamdt-live,3299.0,38,3404.24,24,"溢价求购:买一高于卖一,多为定向收特定图案,买一价不可作退出价",20,0,4,5,6,0,2,0,-0.00887573964497046,-0.01522388059701496,-0.00280277327039391,-0.02396449704142012,0.029420417769932317,0.0,0.04570436794908883,-0.0432134570765661,-0.12026666666666663,0.16,4,可能加速下跌,买一异常溢价(不作为可成交退出价),37,0,0
429,★ Specialist Gloves | Chocolate Chesterfield (Minimal Wear),1074.0,1350.0,40,20,0.5,1.257,steamdt-live,1049.5,40,1100.0,27,"溢价求购:买一高于卖一,多为定向收特定图案,买一价不可作退出价",20,0,4,5,6,0,2,0,-0.0018518518518518823,-0.02643784786641934,0.009817671809256634,-0.02824074074074079,0.02824074074074079,0.0014312977099235624,0.03627180899908178,-0.03627180899908178,-0.08739130434782605,0.42,5,可能加速下跌,买一异常溢价(不作为可成交退出价),37,0,0
430,★ Specialist Gloves | Blackbook (Minimal Wear),3164.5,4300.0,45,19,0.4222,1.3588,steamdt-live,3144.0,63,3148.01,41,"溢价求购:买一高于卖一,多为定向收特定图案,买一价不可作退出价",20,0,4,5,2,0,6,0,-0.0006349206349206549,-0.0012706480304955914,-0.005367856015156325,-0.0019047619047618536,0.00710563713879675,0.007692307692307665,0.011009751494180597,-0.011009751494180597,-0.09914040114613176,0.16,5,回撤不明显,买一异常溢价(不作为可成交退出价),37,0,0
431,★ Sport Gloves | Blaze (Field-Tested),699.5,840.0,112,29,0.2589,1.2009,steamdt-live,700.0,125,710.4,38,"溢价求购:买一高于卖一,多为定向收特定图案,买一价不可作退出价",17,0,7,5,6,0,2,0,-0.00573426573426572,-0.01603601069067373,0.008462623413258097,-0.021678321678321733,0.028472222222222232,0.0,0.045051194539249106,-0.037164487267721924,-0.1417177914110429,0.16,11,可能加速下跌,买一异常溢价(不作为可成交退出价),37,0,0
432,AK-47 | X-Ray (Factory New),11577.91,15800.0,155,28,0.1806,1.3647,steamdt-live,11753.91,64,12030.71,45,"溢价求购:买一高于卖一,多为定向收特定图案,买一价不可作退出价",14,0,7,2,8,0,6,0,-0.0011625904236995943,-0.0017752295555459874,-0.002319786923275169,-0.002935756114364474,0.005240185928223395,0.0,0.05036827427821522,-0.018821186440677984,-0.20080693035134944,0.41,3,回撤不明显,买一异常溢价(不作为可成交退出价),37,0,0
433,★ Moto Gloves | Blood Pressure (Minimal Wear),1189.91,1360.0,118,21,0.178,1.1429,steamdt-live,1218.91,86,1227.0,49,"溢价求购:买一高于卖一,多为定向收特定图案,买一价不可作退出价",14,0,7,5,2,0,4,5,1.669476952859128e-05,-0.0067529215358931305,-0.0008507089241034382,-0.0067363395048331,0.007581317764803974,0.0,0.007581317764803974,0.011398215044623905,-0.13145255474452544,0.42,2,回撤不明显,买一异常溢价(不作为可成交退出价),37,0,0
434,M4A4 | Daybreak (Factory New),4000.0,3750.0,166,19,0.1145,0.9375,steamdt-live,4200.0,46,4249.5,48,,11,9,7,2,6,0,2,0,-0.01785072481130945,-0.024152232251768768,-0.0010770703685973881,-0.04157182221157307,0.0426041168022977,0.0,0.047392236246725394,-0.011857707509881465,-0.19999999999999996,0.42,4,可能加速下跌,,37,0,0
435,FAMAS | Cyanospatter (Factory New),35.4,33.9,274,22,0.0803,0.9576,steamdt-live,30.98,56,35.74,101,,7,9,9,2,10,0,0,0,-0.0027472527472527375,-0.146556473829201,0.0,-0.14890109890109882,0.14890109890109882,0.0,0.20072239422084615,-0.1123209169054441,-0.48002685464921113,0.41,4,长期阴跌,,37,0,0
436,★ Specialist Gloves | Field Agent (Minimal Wear),1624.99,2270.0,337,27,0.0801,1.3969,steamdt-live,1640.0,280,1633.11,57,"溢价求购:买一高于卖一,多为定向收特定图案,买一价不可作退出价",7,0,9,5,8,3,2,3,-0.009011715229798711,-0.014859048196423141,-0.0378612716763006,-0.0237368579152899,0.06286620530565168,0.003135976690062936,0.07016439594646395,-0.06609770114942526,-0.14429173249078464,0.42,9,可能加速下跌,买一异常溢价(不作为可成交退出价),37,0,0
437,FAMAS | Neural Net (Factory New),33.67,32.2,471,28,0.0594,0.9563,steamdt-live,33.53,148,33.93,287,,3,9,9,2,10,0,4,0,-0.0067587422862182,-0.007988165680473225,-0.010755813953488347,-0.014692918013517464,0.025290697674418494,0.0,0.08387978142076502,-0.07477924944812364,-0.4411666666666666,0.42,4,长期阴跌,,37,0,0
438,AK-47 | Head Shot (Factory New),534.3,515.0,356,19,0.0534,0.9639,steamdt-live,537.0,199,539.44,119,,3,12,9,2,0,0,6,5,0.020038513603691133,-0.0018691588785046953,0.002848948374760907,0.018131899559572062,0.0018691588785046953,0.02298850574712641,0.0018691588785046953,0.008498583569405138,-0.10685912124303798,0.42,6,回撤不明显,,37,0,0
439,Galil AR | Firefight (Factory New),51.99,48.0,641,27,0.0421,0.9233,steamdt-live,54.77,144,53.53,190,,3,6,12,2,10,0,4,0,-0.011987263532496684,-0.014407582938388619,-0.011296296296296249,-0.026222138977336606,0.042541436464088256,0.0,0.1376679382982252,-0.1376679382982252,-0.40698072316641953,0.42,10,长期阴跌,,37,0,0
440,AWP | Lightning Strike (Factory New),2940.0,2800.0,591,22,0.0372,0.9524,steamdt-live,2932.99,479,2969.98,162,,3,9,12,2,4,0,4,3,0.0005211952744961224,0.018576141691265757,-0.0038075458636206427,0.01910701876302978,0.0,0.036392226148409756,0.015775167785235022,-0.008280698432449274,-0.04757590517941235,0.41,9,回撤不明显,,37,0,0
441,★ Hydra Gloves | Case Hardened (Field-Tested),341.91,321.0,356,13,0.0365,0.9388,steamdt-live,347.91,419,337.77,162,,3,9,9,5,2,0,6,3,0.00014861049190084685,0.0037741456166417997,-0.0016320474777448135,0.003923316986179204,0.006558823529411839,0.005716837874050862,0.01378142427516138,-0.013810218978102196,-0.05120786516853937,0.41,7,回撤不明显,,37,0,0
442,USP-S | Desert Tactical (Factory New),15.5,13.8,764,26,0.034,0.8903,steamdt-live,14.89,154,14.76,324,,3,6,12,2,10,0,4,0,0.0,-0.005390835579514808,0.0,-0.005390835579514808,0.005390835579514808,0.0,0.131764705882353,-0.131764705882353,-0.5365777080062795,0.42,9,长期阴跌,,37,0,0
443,AK-47 | Elite Build (Factory New),49.9,47.0,1111,23,0.0207,0.9419,steamdt-live,49.0,760,50.76,415,,3,9,15,2,4,0,4,0,-0.008032128514056214,-0.0080971659919028,-0.0016038492381716951,-0.016064257028112428,0.021565495207667706,0.0,0.025844930417495027,-0.012096774193548376,-0.19368109264439692,0.42,8,可能加速下跌,,37,0,0
444,P250 | Lotus Imprint (Factory New),78.0,68.0,72,17,0.2361,0.8718,steamdt-live,78.9,85,79.64,86,,17,3,4,2,6,0,4,0,0.0033036848792882267,-0.012158054711246091,-0.0025348542458808465,-0.008894536213468918,0.012658227848101222,0.0,0.04282734077800954,-0.03584672435105074,-0.11554598026987184,0.22,5,可能加速下跌,,36,0,0
445,Five-SeveN | Candy Apple (Factory New),450.0,305.0,32,5,0.1562,0.6778,steamdt-live,458.5,39,483.22,41,,14,1,4,2,10,3,2,0,-0.04166666666666663,-0.021739130434782594,-0.01538461538461533,-0.0625,0.07692307692307687,0.0,0.09365558912386707,-0.09365558912386707,-0.22413793103448276,0.35,4,可能加速下跌,,36,0,0
446,Tec-9 | Orange Murano (Factory New),83.88,79.0,96,10,0.1042,0.9418,steamdt-live,92.88,20,88.97,29,,11,9,4,2,10,0,0,0,0.0,-0.05380710659898491,-0.0351545494122768,-0.05380710659898491,0.08707009142359601,0.0,0.08816175671268611,-0.08816175671268611,-0.20114285714285718,0.42,3,可能加速下跌,,36,0,0
447,★ Sport Gloves | Scarlet Shamagh (Field-Tested),1050.99,1470.0,419,31,0.074,1.3987,steamdt-live,1063.91,334,1076.0,136,"溢价求购:买一高于卖一,多为定向收特定图案,买一价不可作退出价",7,0,9,5,4,0,6,5,-0.0004739336492890489,-0.003328591749644394,0.005240590757503494,-0.0038009478672985653,0.008499999999999952,0.020378640776699042,0.017307152875175258,-0.017307152875175258,-0.1013339033775118,0.21,7,回撤不明显,买一异常溢价(不作为可成交退出价),36,0,0
448,AK-47 | Case Hardened (Factory New),2699.89,12100.0,501,35,0.0699,4.4817,steamdt-live,2680.0,340,2690.0,210,"溢价求购:买一高于卖一,多为定向收特定图案,买一价不可作退出价",7,0,12,2,6,0,4,5,-0.007349291725337159,-0.007407407407407418,-0.010372930689467097,-0.014702259934779138,0.02492268510096418,0.022900763358778553,0.039040761882906394,-0.011070110701106972,-0.10367892976588633,0.42,4,暂未减速,买一异常溢价(不作为可成交退出价),36,0,0
449,Five-SeveN | Scumbria (Factory New),28.07,24.4,306,20,0.0654,0.8693,steamdt-live,30.44,65,29.09,114,,7,3,9,2,8,0,2,5,-0.01718803712616024,-0.01818817768450509,-0.02448021462105976,-0.035063595737366726,0.06837039495519415,0.0024999999999999467,0.06837039495519415,0.1264044943820224,-0.3193501454898158,0.35,7,长期阴跌,,36,0,0
450,Glock-18 | Gamma Doppler (Factory New),551.5,2180.0,1658,95,0.0573,3.9529,steamdt-live,564.0,642,578.48,492,"溢价求购:买一高于卖一,多为定向收特定图案,买一价不可作退出价",3,0,15,2,10,0,6,0,-0.002703670546105652,-0.012549596940699126,-0.002678571428571419,-0.015219337511190645,0.024822695035460973,0.0018214936247722413,0.08241574908241567,-0.05802562170308967,-0.261744966442953,0.17,14,可能加速下跌,买一异常溢价(不作为可成交退出价),36,0,0
451,Glock-18 | Dragon Tattoo (Factory New),490.91,475.0,351,16,0.0456,0.9676,steamdt-live,494.99,259,501.86,210,,3,12,9,2,6,0,4,0,0.0028311425682507885,-0.01006251260334734,-0.0060301507537688925,-0.007259858442871581,0.018179999999999974,0.0018571428571430015,0.047516492045013514,-0.047516492045013514,-0.19785947712418295,0.41,8,可能加速下跌,,36,0,0
452,AWP | Green Energy (Factory New),166.99,158.0,747,20,0.0268,0.9462,steamdt-live,177.95,364,184.09,523,,3,9,12,2,10,0,0,0,-0.014140845070422459,-0.045716898108463355,-0.02149944873208387,-0.05921126760563378,0.08191764253120004,0.0,0.10938666666666663,-0.034739884393063525,-0.2863675213675213,0.37,9,可能加速下跌,,36,0,0
453,USP-S | Royal Guard (Factory New),30.0,28.0,1040,27,0.026,0.9333,steamdt-live,30.0,643,29.85,786,,3,9,15,2,6,1,0,0,-0.005634736493205228,-0.0050000000000000044,0.015824915824915964,-0.010606562810739129,0.013875123885034646,0.02931034482758621,0.04265554842847974,-0.03491755577109601,-0.16550181716522228,0.35,10,可能加速下跌,,36,0,0
454,★ Specialist Gloves | Fade (Field-Tested),1049.5,1850.0,1082,28,0.0259,1.7627,steamdt-live,1040.0,996,1085.8,461,"溢价求购:买一高于卖一,多为定向收特定图案,买一价不可作退出价",3,0,15,5,4,2,4,3,0.004761904761904745,-0.014218009478673022,-0.011206328279499078,-0.00952380952380949,0.022556390977443663,0.0010780840905588729,0.022556390977443663,0.03585657370517925,-0.11451681566624095,0.42,8,可能加速下跌,买一异常溢价(不作为可成交退出价),36,0,0
455,M4A4 | Sheet Lightning (Factory New),24.98,21.6,1059,26,0.0246,0.8647,steamdt-live,26.07,520,25.02,638,,3,3,15,2,4,0,4,5,-0.001980198019801982,-0.0087301587301587,0.001984126984126977,-0.010693069306930703,0.024599765716516897,0.003212851405622663,0.024599765716516897,-0.016535433070866024,-0.3061111111111111,0.34,5,长期阴跌,,36,0,0
456,Five-SeveN | Nightshade (Factory New),85.0,76.0,641,13,0.0203,0.8941,steamdt-live,75.52,64,72.19,52,,3,6,12,2,10,0,0,3,-0.02285714285714291,-0.040536948431685205,-0.04655770183259045,-0.06246753246753245,0.10600619195046446,0.0,0.17965909090909093,-0.15507958801498123,-0.48064748201438856,0.35,4,长期阴跌,,36,0,0
457,★ Driver Gloves | Seigaiha (Field-Tested),492.98,635.0,58,37,0.6379,1.2881,steamdt-live,492.88,70,488.0,47,"溢价求购:买一高于卖一,多为定向收特定图案,买一价不可作退出价",20,0,4,5,2,0,4,0,-0.004040404040404066,-0.010141987829614618,0.011235955056179803,-0.014141414141414121,0.014141414141414121,2.049222320121835e-05,0.014141414141414121,-0.004081632653061273,-0.06439924078299053,0.42,11,可能加速下跌,买一异常溢价(不作为可成交退出价),35,0,0
458,★ Driver Gloves | Wave Chaser (Minimal Wear),3119.5,4490.0,37,23,0.6216,1.4393,steamdt-live,3100.0,49,3300.0,12,"溢价求购:买一高于卖一,多为定向收特定图案,买一价不可作退出价",20,0,4,5,0,0,6,0,0.006635377892862948,-0.003215434083601254,0.01628289473684208,0.0033986081890273745,0.0048154093097912964,0.01990458957065311,0.0048154093097912964,0.02310231023102305,-0.01571678044133995,0.42,3,回撤不明显,买一异常溢价(不作为可成交退出价),35,0,0
459,★ Driver Gloves | Brocade Flowers (Minimal Wear),2417.0,3410.0,44,26,0.5909,1.4108,steamdt-live,2484.0,61,2468.0,36,"溢价求购:买一高于卖一,多为定向收特定图案,买一价不可作退出价",20,0,4,5,6,0,0,0,-0.0032948929159802853,-0.0012396694214875659,-0.008574928542262161,-0.004530477759472795,0.01306655777868515,0.0,0.03320000000000001,0.0072931860804335,-0.12044803656490732,0.16,1,价格更新稀疏,买一异常溢价(不作为可成交退出价),35,0,0
460,★ Specialist Gloves | Big Swell (Minimal Wear),2349.5,2810.0,45,24,0.5333,1.196,steamdt-live,2387.0,61,2431.4,33,"溢价求购:买一高于卖一,多为定向收特定图案,买一价不可作退出价",20,0,4,5,6,0,0,0,0.0,-0.00021276595744679216,0.0,-0.00021276595744679216,0.02063359733222181,0.0,0.03964847741671773,-0.04004085801838608,-0.03969165498383487,0.36,0,价格更新稀疏,买一异常溢价(不作为可成交退出价),35,0,0
461,★ Sport Gloves | Frosty (Minimal Wear),2223.5,3150.0,49,17,0.3469,1.4167,steamdt-live,2219.5,54,2259.5,23,"溢价求购:买一高于卖一,多为定向收特定图案,买一价不可作退出价",20,0,4,5,6,0,0,0,-0.004932735426008916,0.00022532672374953044,-0.02534965034965031,-0.004708520179372178,0.02632156174599698,0.00022532672374953044,0.03015075376884424,-0.022031284423881914,-0.11219644878579504,0.16,1,价格更新稀疏,买一异常溢价(不作为可成交退出价),35,0,0
462,Glock-18 | Ifrit Lattice (Factory New),69.0,66.0,64,12,0.1875,0.9565,steamdt-live,69.3,94,69.02,107,,14,9,4,2,6,0,0,0,0.007299270072992803,0.0,-0.04861111111111116,0.007299270072992803,0.04166666666666663,0.007299270072992803,0.045511135703416916,-0.04033379694019479,-0.14498141263940523,1.35,1,价格更新稀疏,,35,0,0
463,MP9 | Hydra (Factory New),266.5,251.0,136,16,0.1176,0.9418,steamdt-live,271.95,68,265.99,74,,11,9,7,2,2,0,4,0,0.0,-0.007499999999999951,0.00789770590447536,-0.007499999999999951,0.007499999999999951,0.00033847311019186144,0.01118959107806683,0.007041986900389929,-0.08876327509421023,0.42,3,回撤不明显,,35,0,0
464,P250 | Hive (Factory New),37.89,35.6,189,14,0.0741,0.9396,steamdt-live,41.76,83,38.55,147,,7,9,7,2,10,0,0,0,-0.007665677546983107,-0.05581858958385255,-0.006632277081798144,-0.06305637982195844,0.06949901768172884,0.0,0.10213270142180098,-0.052749999999999964,-0.5489285714285714,0.42,7,长期阴跌,,35,0,0
465,Glock-18 | Red Tire (Factory New),56.0,50.0,311,23,0.074,0.8929,steamdt-live,57.79,77,58.22,127,,7,6,9,2,10,1,0,0,-0.00017241379310339866,-0.0343162614243836,-0.04132231404958675,-0.03448275862068961,0.07438016528925617,0.0,0.1420254328175271,-0.1371340523882898,-0.5789157079479661,0.14,6,长期阴跌,,35,0,0
466,Glock-18 | Mirror Mosaic (Factory New),144.5,138.0,366,23,0.0628,0.955,steamdt-live,146.0,216,153.76,170,,7,9,9,2,4,0,4,0,-6.845095489071973e-05,-0.010815991237678069,0.0,-0.010883701827640535,0.010883701827640535,0.0,0.017006802721088454,-0.0068728522336769515,-0.0991271820448878,0.42,8,可能加速下跌,,35,0,0
467,Five-SeveN | Anodized Gunmetal (Factory New),79.0,74.0,146,9,0.0616,0.9367,steamdt-live,81.89,73,82.52,79,,7,9,7,2,10,0,0,0,-0.0025485436893204483,-0.038812507604331414,0.03141820002503448,-0.04126213592233019,0.041727316836487116,0.00012659830358274782,0.10217070121604721,-0.10217070121604721,-0.33169782590305386,0.42,2,长期阴跌,,35,0,0
468,MP9 | Food Chain (Factory New),94.0,85.0,224,11,0.0491,0.9043,steamdt-live,90.0,136,96.14,114,,3,6,7,2,10,0,2,5,-0.012567898604750272,-0.029230935174199058,-0.03206185567010311,-0.04143146234955797,0.07216494845360821,0.0,0.08069458631256388,-0.07206928549334979,-0.17733089579524686,0.29,7,可能加速下跌,,35,0,0
469,★ Hand Wraps | CAUTION! (Field-Tested),758.46,821.0,621,26,0.0419,1.0825,steamdt-live,763.5,529,759.9,213,"溢价求购:买一高于卖一,多为定向收特定图案,买一价不可作退出价",3,0,12,5,6,0,4,5,-0.00013145786775337065,-0.0021430449645016836,0.01426666666666665,-0.002274221112133601,0.005020975353958956,0.01195999999999997,0.03622857142857139,-0.035003178639542276,-0.0664460817476229,0.42,11,回撤不明显,买一异常溢价(不作为可成交退出价),35,0,0
470,USP-S | 27 (Factory New),29.7,25.6,437,17,0.0389,0.862,steamdt-live,29.28,87,27.39,195,,3,3,9,2,8,10,0,0,-0.1845056065239551,0.1412500000000001,0.06630434782608696,-0.06931702344546375,0.06931702344546375,0.1460251046025105,0.06931702344546375,0.006985294117647145,-0.3583977512297961,0.42,4,长期阴跌,,35,0,0
471,AWP | Neo-Noir (Factory New),312.49,298.0,1032,33,0.032,0.9536,steamdt-live,313.0,636,315.0,267,,3,9,15,2,4,0,2,0,0.00903225806451613,-0.002557544757033292,-0.0064102564102563875,0.006451612903225712,0.0031630403527269646,0.024630541871921263,0.018867924528301883,0.0,-0.04528763769889843,0.42,16,回撤不明显,,35,0,0
472,M4A1-S | Liquidation (Factory New),57.9,54.0,1236,31,0.0251,0.9326,steamdt-live,58.88,546,59.8,268,,3,9,15,2,4,0,2,0,-0.0015308725973804949,-0.015332197614991605,-0.008600337268128144,-0.016839598571185554,0.025295109612141653,0.03214285714285703,0.025295109612141653,-0.013651877133105894,-0.10939907550077055,0.42,12,可能加速下跌,,35,0,0
473,★ Sport Gloves | Big Game (Field-Tested),802.5,901.0,807,17,0.0211,1.1227,steamdt-live,813.0,626,807.99,192,"溢价求购:买一高于卖一,多为定向收特定图案,买一价不可作退出价",3,0,12,5,6,0,4,5,0.0012376237623761277,-0.00803461063040789,-0.007980356046654369,-0.0068069306930692575,0.021341463414634165,0.0,0.03429602888086647,-0.017747858017135854,-0.09115618523426083,0.42,10,可能加速下跌,买一异常溢价(不作为可成交退出价),35,0,0
474,M4A1-S | Imminent Danger (Factory New),8188.0,9020.0,31,11,0.3548,1.1016,steamdt-live,8487.5,29,8269.46,13,"溢价求购:买一高于卖一,多为定向收特定图案,买一价不可作退出价",20,0,4,2,2,0,6,0,0.0,-0.003650523241664594,0.0,-0.003650523241664594,0.005707346690953297,0.0,0.00847662872366195,-0.00847662872366195,-0.1353292148476688,0.42,2,回撤不明显,买一异常溢价(不作为可成交退出价),34,0,0
475,★ Sport Gloves | Occult (Minimal Wear),5688.0,6610.0,94,25,0.266,1.1621,steamdt-live,5779.0,102,6010.0,32,"溢价求购:买一高于卖一,多为定向收特定图案,买一价不可作退出价",17,0,4,5,4,0,4,0,-0.006055363321799345,-0.010008703220191428,-0.007640140784616722,-0.016003460207612452,0.02352133230320197,0.0,0.027611557531201925,-0.027694674758526383,-0.07520325203252032,0.02,4,可能加速下跌,买一异常溢价(不作为可成交退出价),34,0,0
476,★ Driver Gloves | Garden (Minimal Wear),2588.0,3410.0,53,14,0.2642,1.3176,steamdt-live,2500.0,53,2536.66,45,"溢价求购:买一高于卖一,多为定向收特定图案,买一价不可作退出价",17,0,4,5,8,0,0,0,-0.015360378101614836,0.0,-0.036432637571157445,-0.015360378101614836,0.05123339658444026,0.0,0.07407407407407407,-0.07045919315857962,-0.13793103448275867,0.42,1,价格更新稀疏,买一异常溢价(不作为可成交退出价),34,0,0
477,★ Sport Gloves | Scarlet Shamagh (Minimal Wear),1888.0,2720.0,179,28,0.1564,1.4407,steamdt-live,1968.0,161,1990.0,62,"溢价求购:买一高于卖一,多为定向收特定图案,买一价不可作退出价",14,0,7,5,6,0,2,0,5.211074575628416e-06,-0.01615424700364776,-0.005704663212435235,-0.01614912011005787,0.026804123711340222,0.0,0.03402404707086215,-0.03402404707086215,-0.09643455372098586,0.42,7,可能加速下跌,买一异常溢价(不作为可成交退出价),34,0,0
478,★ Specialist Gloves | Cloud Chaser (Field-Tested),2620.0,3330.0,160,25,0.1562,1.271,steamdt-live,2634.0,163,2650.0,64,"溢价求购:买一高于卖一,多为定向收特定图案,买一价不可作退出价",14,0,7,5,6,0,2,0,-0.0007464394089999882,-0.016516516516516533,0.0,-0.01725062734668914,0.01725062734668914,0.007692307692307665,0.04361760765689959,-0.04361760765689959,-0.06428571428571428,0.16,4,可能加速下跌,买一异常溢价(不作为可成交退出价),34,0,0
479,★ Moto Gloves | Transport (Minimal Wear),335.91,513.0,151,21,0.1391,1.5272,steamdt-live,335.0,115,350.49,55,"溢价求购:买一高于卖一,多为定向收特定图案,买一价不可作退出价",11,0,7,5,2,0,4,5,0.0029673590504450953,-0.00887573964497046,0.0014858841010401136,-0.005934718100890191,0.013254786450662692,0.009036144578313143,0.014705882352941124,-0.008758432950644934,-0.042857142857142816,0.42,6,可能加速下跌,买一异常溢价(不作为可成交退出价),34,0,0
480,M4A4 | Urban DDPAT (Factory New),123.0,112.0,466,33,0.0708,0.9106,steamdt-live,125.0,104,125.7,136,,7,6,9,2,8,0,2,0,-0.0023847376788552754,-0.019920318725099584,0.010441767068273045,-0.02225755166931631,0.023809523809523836,0.0,0.06818181818181823,-0.057399034408767036,-0.29714285714285715,0.42,4,可能加速下跌,,34,0,0
481,P250 | Visions (Factory New),47.5,42.0,406,23,0.0567,0.8842,steamdt-live,46.69,373,49.97,254,,3,6,9,2,8,0,3,3,-0.0012771392081736277,-0.004901960784313819,-0.0021240441801190224,-0.006172839506172867,0.012478849407783543,0.061136363636363544,0.05159455616494002,0.014999999999999902,-0.19151515151515153,0.42,8,暂未减速,,34,0,0
482,Five-SeveN | Kami (Factory New),26.36,25.0,742,22,0.0296,0.9484,steamdt-live,25.0,412,27.0,204,,3,9,12,2,8,0,0,0,0.0,-0.05660377358490565,0.001890359168241984,-0.05660377358490565,0.0716672855551429,0.0004001600640257674,0.0716672855551429,0.0004001600640257674,-0.3161925601750547,0.42,2,长期阴跌,,34,0,0
483,M4A1-S | Glitched Paint (Factory New),33.4,30.4,1228,22,0.0179,0.9102,steamdt-live,34.3,721,33.35,675,,3,6,15,2,8,0,0,0,0.008774495466510768,-0.03305305885763987,0.005588235294117672,-0.024568587306229794,0.06504065040650409,0.042187500000000044,0.06504065040650409,0.015529841656516385,-0.13824289405684753,0.42,14,可能加速下跌,,34,0,0
484,MP9 | Arctic Tri-Tone (Factory New),29.45,27.0,2168,30,0.0138,0.9168,steamdt-live,31.68,885,31.02,1352,,3,6,15,2,8,0,0,0,0.0033388981636059967,-0.019966722129783787,-0.0016666666666667052,-0.016694490818030094,0.04352062357908415,0.01551724137931032,0.07097791798107256,-0.06803797468354433,-0.25443037974683547,0.42,16,可能加速下跌,,34,0,0
485,★ Driver Gloves | Plum Quill (Minimal Wear),990.0,1220.0,17,11,0.6471,1.2323,steamdt-live,998.0,19,1061.24,20,"溢价求购:买一高于卖一,多为定向收特定图案,买一价不可作退出价",20,0,2,5,6,0,0,0,0.0,-0.010000000000000009,-0.03567984570877536,-0.010000000000000009,0.045323047251687565,0.0,0.04578313253012045,-0.04578313253012045,-0.10244786944696282,0.42,1,价格更新稀疏,买一异常溢价(不作为可成交退出价),33,0,0
486,★ Driver Gloves | Wave Chaser (Field-Tested),999.49,1990.0,69,36,0.5217,1.991,steamdt-live,969.5,82,1040.0,46,"溢价求购:买一高于卖一,多为定向收特定图案,买一价不可作退出价",20,0,4,5,4,0,0,0,0.0,-0.0005154639175257714,-0.02267002518891692,-0.0005154639175257714,0.023665659617321255,0.0,0.0256281407035176,-0.0256281407035176,-0.06265106835540946,0.16,1,价格更新稀疏,买一异常溢价(不作为可成交退出价),33,0,0
487,★ Sport Gloves | Violet Beadwork (Minimal Wear),3598.0,5000.0,50,19,0.38,1.3897,steamdt-live,3596.5,60,3687.5,21,"溢价求购:买一高于卖一,多为定向收特定图案,买一价不可作退出价",20,0,4,5,2,0,2,0,0.0,-0.0011111111111110628,-0.0057995028997513964,-0.0011111111111110628,0.0069041701187517734,0.014959074230877834,0.014524527267744558,-0.014521826587631015,-0.10547263681592045,0.42,3,回撤不明显,买一异常溢价(不作为可成交退出价),33,0,0
488,★ Moto Gloves | Smoke Out (Minimal Wear),1070.0,2000.0,160,23,0.1437,1.8692,steamdt-live,1126.0,132,1099.0,62,"溢价求购:买一高于卖一,多为定向收特定图案,买一价不可作退出价",11,0,7,5,8,0,2,0,-0.013022002694207502,-0.02638762511373971,-0.018916799562984088,-0.039066008082622394,0.057243803800981596,0.0,0.07596915291415152,-0.07636796809585056,-0.13709677419354838,0.36,8,可能加速下跌,买一异常溢价(不作为可成交退出价),33,0,0
489,★ Sport Gloves | Hedge Maze (Minimal Wear),41999.0,49060.0,220,28,0.1273,1.1681,steamdt-live,43192.0,183,43944.5,36,"溢价求购:买一高于卖一,多为定向收特定图案,买一价不可作退出价",11,0,7,5,10,0,0,0,-0.004450562055517304,-0.03219190708821085,-0.0312795155286405,-0.03649919706354665,0.06663703539085508,0.0,0.08696833661235448,-0.08696833661235448,-0.11579191140866119,0.42,7,可能加速下跌,买一异常溢价(不作为可成交退出价),33,0,0
490,★ Moto Gloves | Blood Pressure (Field-Tested),672.49,840.0,230,28,0.1217,1.2491,steamdt-live,694.0,220,689.0,139,"溢价求购:买一高于卖一,多为定向收特定图案,买一价不可作退出价",11,0,7,5,8,0,2,0,-0.002155957288738075,-0.018248441583088804,-0.002223837209302304,-0.020365056011187654,0.021832727272727226,0.0,0.050141951157502196,-0.050141951157502196,-0.09388684533193192,0.35,8,可能加速下跌,买一异常溢价(不作为可成交退出价),33,0,0
491,AWP | Gungnir (Factory New),76899.0,73450.0,141,17,0.1206,0.9551,steamdt-live,76500.0,170,76888.0,28,,11,9,7,2,4,0,0,0,0.0,-0.00390625,-0.0025974025974025983,-0.00390625,0.00649350649350644,0.0,0.016393442622950838,-0.0090673575129534,-0.012896857399079975,0.37,1,价格更新稀疏,,33,0,0
492,★ Hand Wraps | Duct Tape (Minimal Wear),387.5,483.0,208,25,0.1202,1.2465,steamdt-live,401.0,69,400.0,58,"溢价求购:买一高于卖一,多为定向收特定图案,买一价不可作退出价",11,0,7,5,6,0,4,0,0.0002551671344730444,-0.011479591836734748,-0.00020409204551263826,-0.011227353916815508,0.01644753540788879,0.0012919896640826156,0.049079754601227044,-0.05256723716381417,-0.12626832018038336,0.33,9,可能加速下跌,买一异常溢价(不作为可成交退出价),33,0,0
493,P250 | Mehndi (Factory New),180.3,153.0,42,5,0.119,0.8486,steamdt-live,181.5,48,183.61,61,,11,3,4,2,2,0,6,5,0.0,0.0009437628379505014,-0.003871039097494977,0.0009437628379505014,0.003702271094656484,0.0037298892167234587,0.012054794520547918,-0.012054794520547918,-0.0704748156931484,0.42,2,回撤不明显,,33,0,0
494,FAMAS | Afterimage (Factory New),230.0,204.0,81,9,0.1111,0.887,steamdt-live,279.23,42,262.71,44,,11,6,4,2,10,0,0,0,0.03520980040835031,-0.07422315247142164,-0.0418795911849249,-0.04162673444726872,0.08176301501117855,0.0,0.12845774914740427,-0.12845774914740427,-0.3270918665886483,0.42,5,长期阴跌,,33,0,0
495,★ Specialist Gloves | Buckshot (Field-Tested),251.99,305.0,292,23,0.0788,1.2104,steamdt-live,246.0,300,253.65,136,"溢价求购:买一高于卖一,多为定向收特定图案,买一价不可作退出价",7,0,9,5,8,0,4,0,-0.00393605912121453,-0.008064516129032251,-0.002084168336673353,-0.011968832837978893,0.03529411764705881,4.065205902681335e-05,0.050193050193050204,-0.048355899419729176,-0.0958873902017714,0.42,17,可能加速下跌,买一异常溢价(不作为可成交退出价),33,0,0
496,AWP | Ice Coaled (Factory New),169.5,162.0,374,27,0.0722,0.9558,steamdt-live,170.5,255,181.0,142,,7,9,9,2,4,0,2,0,0.0028818443804035088,-0.025862068965517238,0.038922155688622784,-0.023054755043227626,0.02804059865817987,0.018018018018018056,0.028096330275229398,-0.028096330275229398,-0.08576051779935279,0.42,7,可能加速下跌,,33,0,0
497,★ Moto Gloves | Turtle (Field-Tested),338.4,435.0,349,21,0.0602,1.2855,steamdt-live,349.53,310,357.0,128,"溢价求购:买一高于卖一,多为定向收特定图案,买一价不可作退出价",7,0,9,5,6,1,2,3,-0.0017391304347826875,-0.017421602787456414,-0.021248829754035636,-0.019130434782608785,0.0410881269481439,0.0,0.044067796610169574,-0.04135977337110486,-0.08538068596448556,0.42,10,可能加速下跌,买一异常溢价(不作为可成交退出价),33,0,0
498,Galil AR | Chromatic Aberration (Factory New),104.99,97.0,645,38,0.0589,0.9239,steamdt-live,107.99,192,106.9,204,,3,6,12,2,10,0,0,0,0.0,-0.023348837209302364,-0.022727272727272707,-0.023348837209302364,0.054144144144144146,0.049900000000000055,0.10646808510638306,-0.10646808510638306,-0.3558895705521473,0.42,11,长期阴跌,,33,0,0
499,Tec-9 | Brother (Factory New),15.0,14.2,244,13,0.0533,0.9467,steamdt-live,15.39,185,14.95,1366,,3,9,7,2,10,0,2,0,-0.009740259740259716,-0.019672131147541072,-0.025316455696202556,-0.02922077922077926,0.050793650793650835,0.0,0.13583815028901747,-0.13583815028901747,-0.5016666666666667,0.3,8,长期阴跌,,33,0,0
500,Glock-18 | Bunsen Burner (Factory New),28.0,24.9,503,26,0.0517,0.8893,steamdt-live,26.98,191,29.08,159,,3,6,12,2,10,0,0,0,0.013333333333333197,-0.06578947368421051,-0.017241379310344862,-0.053333333333333344,0.06965517241379304,0.0,0.08851351351351355,0.012382739212007499,-0.3046391752577319,0.42,6,长期阴跌,,33,0,0
501,★ Sport Gloves | Nocts (Field-Tested),3535.0,3950.0,1075,42,0.0391,1.1174,steamdt-live,3600.0,882,3620.0,160,"溢价求购:买一高于卖一,多为定向收特定图案,买一价不可作退出价",3,0,15,5,8,0,2,0,-0.004947773501924102,-0.023618784530386794,0.011398387545176636,-0.028449697636063753,0.028449697636063753,0.0,0.057466666666666666,-0.05581497232492039,-0.08313878080415049,0.42,5,可能加速下跌,买一异常溢价(不作为可成交退出价),33,0,0
502,P250 | Epicenter (Factory New),111.9,106.0,205,8,0.039,0.9473,steamdt-live,115.1,73,114.0,102,,3,9,7,2,8,0,4,0,-0.004389815627743654,-0.013227513227513255,-0.005240174672489051,-0.017559262510974505,0.018421052631578894,0.0,0.051694915254237195,-0.10113262109406373,-0.22129436325678487,0.21,3,可能加速下跌,,33,0,0
503,★ Sport Gloves | Slingshot (Field-Tested),1998.0,3660.0,1135,41,0.0361,1.8318,steamdt-live,2000.0,940,2107.38,273,"溢价求购:买一高于卖一,多为定向收特定图案,买一价不可作退出价",3,0,15,5,6,0,4,0,-0.003688222276862607,-0.01382033563672258,-0.012144765606023844,-0.017457585443816037,0.030097087378640808,0.0,0.0485714285714286,-0.03282021492884124,-0.12445223488168278,0.42,7,可能加速下跌,买一异常溢价(不作为可成交退出价),33,0,0
504,Tec-9 | Flash Out (Factory New),23.25,19.4,866,17,0.0196,0.8344,steamdt-live,18.8,231,19.31,114,,3,3,12,2,10,0,0,3,-0.01975308641975304,-0.052896725440806036,-0.07954545454545459,-0.07160493827160486,0.1454545454545454,0.0,0.1454545454545454,0.0005321979776478081,-0.4222495390288875,0.42,6,长期阴跌,,33,0,0
505,AWP | Medusa (Factory New),30699.0,27020.0,9,9,1.0,0.8802,steamdt-live,30599.0,22,31721.12,3,,20,6,2,2,2,0,0,0,-0.009677731539727064,-0.0032574350956057208,0.0508135593220338,-0.012903642052969455,0.012903642052969455,0.055137931034482834,0.012903642052969455,0.03725423728813548,0.019966666666666688,0.18,1,价格更新稀疏,,32,0,0
506,M4A1-S | Knight (Factory New),16880.0,14860.0,19,6,0.3158,0.8803,steamdt-live,17799.5,14,17556.24,15,,20,6,2,2,2,0,0,0,0.0,0.0,-0.006971203341471277,0.0,0.006971203341471277,0.0,0.006971203341471277,0.026139817629179385,0.04200746936633837,0.24,0,价格更新稀疏,,32,0,0
507,Desert Eagle | Urban DDPAT (Factory New),147.49,108.0,26,6,0.2308,0.7323,steamdt-live,117.5,16,123.19,35,,17,1,2,2,10,0,0,0,0.0,0.0,-0.07114624505928857,0.0,0.07114624505928857,0.0,0.18685121107266434,-0.18685121107266434,-0.12943617100096316,0.25,0,价格更新稀疏,,32,0,0
508,Galil AR | Orange DDPAT (Factory New),559.9,442.0,9,2,0.2222,0.7894,steamdt-live,787.9,10,688.1,9,,8,1,2,2,10,0,6,3,0.0,0.0,0.0,0.0,0.192762399077278,0.0,0.192762399077278,0.0,-0.1764965436093543,0.24,3,暂未减速,,32,0,0
509,AWP | Oni Taiji (Factory New),3197.0,5540.0,362,51,0.1409,1.7329,steamdt-live,3199.5,102,3290.0,87,"溢价求购:买一高于卖一,多为定向收特定图案,买一价不可作退出价",11,0,9,2,8,0,2,0,0.0034504391468004325,-0.0006251953735542104,-0.0031269543464665928,0.0028230865746550204,0.0007813720893889986,0.031290322580645125,0.0645208485735187,-0.04080120252385988,-0.1760309278350516,0.42,7,回撤不明显,买一异常溢价(不作为可成交退出价),32,0,0
510,Glock-18 | Fade (Factory New),8495.0,9010.0,138,19,0.1377,1.0606,steamdt-live,8786.5,141,8800.0,77,"溢价求购:买一高于卖一,多为定向收特定图案,买一价不可作退出价",11,0,7,2,8,0,4,0,0.00023126734505085622,-0.017919075144508634,-0.017272727272727217,-0.017691951896392277,0.03465909090909092,0.0,0.07658024892657211,-0.07658024892657211,-0.17516263714923774,0.42,6,可能加速下跌,买一异常溢价(不作为可成交退出价),32,0,0
511,M4A4 | Eye of Horus (Factory New),3880.0,4260.0,287,33,0.115,1.0979,steamdt-live,3945.0,144,4000.0,86,"溢价求购:买一高于卖一,多为定向收特定图案,买一价不可作退出价",11,0,9,2,6,0,4,0,-0.004934814368437346,-0.020356234096692072,0.0,-0.02519059422862191,0.025193062412963707,0.0,0.03629536921151444,-0.03302289600851949,-0.19791666666666663,0.42,8,可能加速下跌,买一异常溢价(不作为可成交退出价),32,0,0
512,★ Specialist Gloves | Marble Fade (Field-Tested),823.0,1260.0,400,39,0.0975,1.531,steamdt-live,824.0,351,846.0,133,"溢价求购:买一高于卖一,多为定向收特定图案,买一价不可作退出价",7,0,9,5,4,0,4,3,-0.0004440337465647648,-0.011886180814023262,0.021414562392743308,-0.01232493669518886,0.017313432835820874,0.008825692571708732,0.017313432835820874,-0.006026642833850682,-0.0583524027459954,0.42,12,可能加速下跌,买一异常溢价(不作为可成交退出价),32,0,0
513,★ Driver Gloves | Rezan the Red (Field-Tested),353.99,455.0,218,21,0.0963,1.2853,steamdt-live,380.0,192,355.99,97,"溢价求购:买一高于卖一,多为定向收特定图案,买一价不可作退出价",7,0,7,5,2,0,6,5,-0.001325923209298474,-2.824858757055626e-05,0.009886039886039866,-0.001354134341411184,0.004247538677918383,0.009957203994293895,0.01120111731843576,-0.0070406732117811455,-0.03807065217391303,0.41,7,回撤不明显,买一异常溢价(不作为可成交退出价),32,0,0
514,USP-S | Para Green (Factory New),214.99,190.0,180,17,0.0944,0.8838,steamdt-live,224.46,73,227.81,88,,7,6,7,2,8,0,2,0,0.0,-0.022728305832083295,-0.009009414838506258,-0.022728305832083295,0.02930287159111422,0.0,0.052949209285934495,0.023810657650364275,-0.3674904383642247,0.24,4,长期阴跌,,32,0,0
515,★ Specialist Gloves | Tiger Strike (Minimal Wear),1899.5,2450.0,322,26,0.0807,1.2898,steamdt-live,1898.5,259,1984.77,85,"溢价求购:买一高于卖一,多为定向收特定图案,买一价不可作退出价",7,0,9,5,8,0,0,3,-0.006395497569710917,-0.02239958805355302,-0.022750000000000048,-0.028651829112304905,0.055237621298830586,0.004497354497354555,0.07277167277167274,-0.07277167277167274,-0.17796059753193327,0.42,10,可能加速下跌,买一异常溢价(不作为可成交退出价),32,0,0
516,★ Sport Gloves | Ultra Violent (Field-Tested),5485.0,7010.0,587,45,0.0767,1.278,steamdt-live,5559.0,607,5754.76,173,"溢价求购:买一高于卖一,多为定向收特定图案,买一价不可作退出价",7,0,12,5,6,0,2,0,-0.0035650623885917776,-0.01878354203935595,-0.010582010582010581,-0.022281639928698804,0.032627865961199265,0.0,0.04108391608391604,-0.037614617730349686,-0.09338842975206607,0.32,7,可能加速下跌,买一异常溢价(不作为可成交退出价),32,0,0
517,★ Driver Gloves | Queen Jaguar (Field-Tested),296.0,376.0,240,16,0.0667,1.2703,steamdt-live,290.0,201,298.67,85,"溢价求购:买一高于卖一,多为定向收特定图案,买一价不可作退出价",7,0,7,5,2,0,6,5,-0.0017241379310344307,0.0,0.0017271157167531026,-0.0017241379310344307,0.006861063464837058,0.0,0.011945392491467532,-0.0025839793281653423,-0.026727181038829984,0.2,2,回撤不明显,买一异常溢价(不作为可成交退出价),32,0,0
518,★ Specialist Gloves | Lt. Commander (Field-Tested),595.5,810.0,523,29,0.0554,1.3602,steamdt-live,615.0,479,608.0,185,"溢价求购:买一高于卖一,多为定向收特定图案,买一价不可作退出价",3,0,12,5,10,0,2,0,-0.01696284329563813,-0.021364009860312283,-0.02350528474522795,-0.03796445880452337,0.06042915746292199,0.0033698399326032025,0.09014514896867842,-0.09083969465648856,-0.1646677608046122,0.41,18,可能加速下跌,买一异常溢价(不作为可成交退出价),32,0,0
519,Tec-9 | Snek-9 (Factory New),25.42,21.8,391,21,0.0537,0.8576,steamdt-live,26.7,115,26.78,128,,3,3,9,2,8,3,4,0,-0.011955264172772817,-0.0078064012490242085,-0.008033664881407887,-0.019668337832626226,0.02754399387911244,0.0,0.05747126436781602,-0.04183942706370147,-0.36130653266331647,0.41,3,长期阴跌,,32,0,0
520,MP9 | Goo (Factory New),18.68,17.2,488,22,0.0451,0.9208,steamdt-live,18.53,280,18.77,554,,3,6,9,2,8,0,4,0,-0.006871035940803516,-0.01383714741883968,-0.013555787278414888,-0.020613107822410215,0.03388946819603744,0.0,0.06034482758620674,-0.06034482758620674,-0.5781925791031186,0.42,12,长期阴跌,,32,0,0
521,★ Sport Gloves | Omega (Field-Tested),1079.5,1850.0,911,38,0.0417,1.7138,steamdt-live,1079.0,754,1106.4,216,"溢价求购:买一高于卖一,多为定向收特定图案,买一价不可作退出价",3,0,15,5,6,3,0,0,-0.0022922374429223957,-0.012347939111570838,-0.020572450805008913,-0.014611872146118698,0.03574620196604106,0.017924528301886733,0.045132743362831906,-0.023520574846831233,-0.097818543633308,0.42,11,可能加速下跌,买一异常溢价(不作为可成交退出价),32,0,0
522,MP9 | Wild Lily (Factory New),15296.0,13500.0,28,8,0.2857,0.8826,steamdt-live,15600.0,25,16226.0,8,,17,6,2,2,4,0,0,0,0.0,0.0,3.268935307776388e-05,0.0,0.0,3.334316193859266e-05,0.019455751786916275,-0.019455751786916275,-0.06731707317073166,0.21,0,价格更新稀疏,,31,0,0
523,Desert Eagle | Crimson Web (Factory New),888.88,849.0,94,18,0.1915,0.9551,steamdt-live,906.39,57,897.96,49,,14,9,4,2,2,0,0,0,0.0,-0.005159542915981197,-0.0005704697986577134,-0.005159542915981197,0.005727069351230463,0.0,0.010155902004454376,-0.009604456824512497,-0.11112,0.42,1,价格更新稀疏,,31,0,0
524,★ Moto Gloves | Polygon (Minimal Wear),1017.9,1130.0,130,18,0.1385,1.1101,steamdt-live,1005.0,135,1026.35,62,"溢价求购:买一高于卖一,多为定向收特定图案,买一价不可作退出价",11,0,7,5,6,0,2,0,-0.0004882955555338686,-0.018046449822662125,0.003892156862745022,-0.018525933376954407,0.01998069215692011,0.0,0.038148651493979946,-0.03768815351028376,-0.12601095747456303,0.33,3,可能加速下跌,买一异常溢价(不作为可成交退出价),31,0,0
525,★ Sport Gloves | Red Racer (Field-Tested),795.0,1280.0,236,27,0.1144,1.6101,steamdt-live,790.0,210,809.0,91,"溢价求购:买一高于卖一,多为定向收特定图案,买一价不可作退出价",11,0,7,5,4,0,4,0,-0.0035030651820342484,-0.008160703075957287,-0.0008750000000000702,-0.011635180783185262,0.02106567534076831,0.002538071065989911,0.025893958076448786,-0.020458772473651576,-0.10633484162895923,0.42,13,可能加速下跌,买一异常溢价(不作为可成交退出价),31,0,0
526,★ Driver Gloves | Rezan the Red (Minimal Wear),780.0,890.0,146,16,0.1096,1.141,steamdt-live,790.0,83,789.05,66,"溢价求购:买一高于卖一,多为定向收特定图案,买一价不可作退出价",11,0,7,5,2,0,6,0,0.006455777921239525,0.0006414368184732844,0.0006459948320414188,0.007101355713363455,0.011469488625562296,0.008403361344537785,0.011469488625562296,0.01298701298701288,-0.09302325581395354,0.42,7,可能加速下跌,买一异常溢价(不作为可成交退出价),31,0,0
527,★ Moto Gloves | Finish Line (Minimal Wear),909.0,1200.0,201,20,0.0995,1.3201,steamdt-live,930.0,150,934.99,75,"溢价求购:买一高于卖一,多为定向收特定图案,买一价不可作退出价",7,0,7,5,6,0,6,0,-0.0021967213114754136,-0.004370255972135473,-0.007592190889370909,-0.006557377049180357,0.017297297297297343,0.010000000000000009,0.042654028436018954,-0.04315789473684206,-0.1144666341938626,0.41,8,暂未减速,买一异常溢价(不作为可成交退出价),31,0,0
528,★ Moto Gloves | POW! (Minimal Wear),925.0,1600.0,311,28,0.09,1.7297,steamdt-live,938.0,302,964.5,73,"溢价求购:买一高于卖一,多为定向收特定图案,买一价不可作退出价",7,0,9,5,8,0,2,0,-0.008803728638011377,-0.03343782654127481,-0.003611971104231171,-0.041947177628171906,0.05128205128205132,0.0,0.07035175879396982,-0.07035175879396982,-0.13682088800134362,0.42,14,可能加速下跌,买一异常溢价(不作为可成交退出价),31,0,0
529,MP9 | Starlight Protector (Factory New),564.6,962.0,213,19,0.0892,1.7039,steamdt-live,587.99,190,580.7,78,"溢价求购:买一高于卖一,多为定向收特定图案,买一价不可作退出价",7,0,7,2,6,0,4,5,-0.005072590519503373,-0.007383966244725593,-0.009185441941074401,-0.012419100927059668,0.021490467937608226,0.0,0.04853387259858433,-0.04853387259858433,-0.08269699431356614,0.42,8,暂未减速,买一异常溢价(不作为可成交退出价),31,0,0
530,★ Moto Gloves | Transport (Field-Tested),205.5,259.0,270,20,0.0741,1.2603,steamdt-live,207.5,194,210.65,207,"溢价求购:买一高于卖一,多为定向收特定图案,买一价不可作退出价",7,0,9,5,4,0,6,0,-0.0008737864077670299,-0.001554756583422412,-0.0022280344860990953,-0.0024271844660194164,0.012019230769230727,0.017326732673267342,0.019093078758949833,-0.004842615012106588,-0.07636298260595986,0.22,13,暂未减速,买一异常溢价(不作为可成交退出价),31,0,0
531,★ Sport Gloves | Omega (Minimal Wear),2648.91,3650.0,438,30,0.0685,1.3779,steamdt-live,2676.5,380,2693.39,98,"溢价求购:买一高于卖一,多为定向收特定图案,买一价不可作退出价",7,0,9,5,8,0,2,0,-0.00018552875695732052,-0.016919651141213632,-0.014625228519195566,-0.017102040816326602,0.018740507501389225,0.011227333460584132,0.06712097200211309,-0.053622722400857525,-0.1167061255793792,0.41,9,可能加速下跌,买一异常溢价(不作为可成交退出价),31,0,0
532,AK-47 | Baroque Purple (Factory New),334.8,315.0,304,18,0.0592,0.9409,steamdt-live,344.99,103,338.5,157,,3,9,9,2,8,0,0,0,0.0,-0.0014912019087384154,-0.018155197657393818,-0.0014912019087384154,0.018181818181818188,0.014545454545454639,0.05128931708699336,-0.029565217391304355,-0.3297297297297297,0.4,1,价格更新稀疏,,31,0,0
533,USP-S | Stainless (Factory New),240.0,224.0,330,17,0.0515,0.9333,steamdt-live,249.5,231,254.62,88,,3,9,9,2,8,0,0,0,-0.0028112449799195804,-0.03342730567861463,-0.0311284046692607,-0.03614457831325302,0.06614785992217898,4.166840285013684e-05,0.07692307692307687,-0.06614785992217898,-0.298122477627654,0.42,5,可能加速下跌,,31,0,0
534,★ Sport Gloves | Vice (Minimal Wear),7705.0,17160.0,1022,37,0.0362,2.2271,steamdt-live,7980.0,1012,7902.5,214,"溢价求购:买一高于卖一,多为定向收特定图案,买一价不可作退出价",3,0,15,5,6,0,2,0,-0.0017827581815866855,-0.01773185355274909,-0.012076990816454858,-0.019483000127339833,0.03138562173721615,0.0,0.04938271604938271,-0.04914793776241044,-0.11823647294589179,0.42,8,可能加速下跌,买一异常溢价(不作为可成交退出价),31,0,0
535,★ Specialist Gloves | Tiger Strike (Field-Tested),947.5,1390.0,1047,30,0.0287,1.467,steamdt-live,944.91,893,966.7,302,"溢价求购:买一高于卖一,多为定向收特定图案,买一价不可作退出价",3,0,15,5,6,0,2,0,-0.008436213991769637,-0.019599501971363287,-0.008163265306122436,-0.027870370370370434,0.03580612244897963,0.007903999999999911,0.046027258960121165,-0.039725609756097624,-0.1044440863985745,0.42,18,可能加速下跌,买一异常溢价(不作为可成交退出价),31,0,0
536,Tec-9 | Hades (Factory New),163.29,131.0,37,5,0.1351,0.8023,steamdt-live,177.5,25,162.88,32,,11,3,4,2,6,0,4,0,-0.003090909090909033,-0.009787829047358532,-0.0060240963855421326,-0.012848484848484887,0.018795180722891547,0.0,0.03899935099415908,-0.03615598556127586,-0.09460811561978888,0.42,5,可能加速下跌,,30,0,0
537,P250 | Black & Tan (Factory New),65.5,55.0,75,6,0.08,0.8397,steamdt-live,65.5,42,62.0,55,,7,3,4,2,8,0,6,0,0.001615508885298933,0.0,-0.001612903225806428,0.001615508885298933,0.0,0.006493506493506551,0.06060606060606055,0.09579356663131855,-0.14577018462386326,0.42,4,回撤不明显,,30,0,0
538,Tec-9 | Jambiya (Factory New),34.0,30.1,270,15,0.0556,0.8853,steamdt-live,32.45,109,33.0,87,,3,6,9,2,8,0,2,0,-0.005719446116797089,-0.01755979412655162,-0.019191024505462062,-0.023178807947019764,0.041925007381163115,0.0,0.06779661016949146,-0.024939903846153744,-0.4537037037037036,0.42,10,长期阴跌,,30,0,0
539,Tec-9 | Phoenix Chalk (Factory New),57.96,53.0,472,22,0.0466,0.9144,steamdt-live,55.0,100,58.49,126,,3,6,9,2,10,0,0,0,-0.0035836177474403152,-0.05805788662442202,-0.00340136054421758,-0.061433447098976135,0.06462585034013602,0.0,0.10786699107866993,-0.06127325482164192,-0.5357866306549629,0.15,6,长期阴跌,,30,0,0
540,MP9 | Hypnotic (Factory New),92.0,84.0,495,22,0.0444,0.913,steamdt-live,90.9,180,93.42,275,,3,6,9,2,2,0,3,5,0.030217611906641295,-0.005143920323957496,0.010136674259681122,0.024918254594655576,0.00623155132830433,0.0821428571428573,0.00623155132830433,0.03002832861189808,-0.20263157894736838,0.42,8,回撤不明显,,30,0,0
541,P250 | Steel Disruption (Factory New),27.9,25.1,257,11,0.0428,0.8996,steamdt-live,24.9,133,26.4,90,,3,6,9,2,10,0,0,0,-0.07417488941816941,-0.08489525909592066,-0.051017113335485864,-0.15277305205852332,0.19599612528253152,0.0,0.24408014571949,-0.23876490369917458,-0.530188679245283,0.42,16,长期阴跌,,30,0,0
542,★ Driver Gloves | Brocade Crane (Minimal Wear),2475.0,2870.0,25,22,0.88,1.1596,steamdt-live,2480.0,25,2508.89,10,"溢价求购:买一高于卖一,多为定向收特定图案,买一价不可作退出价",20,0,2,5,2,0,0,0,-0.0004000160006399911,-0.009564208251630735,0.008227465214761143,-0.009960398415936655,0.009960398415936655,0.0,0.010000000000000009,-0.001210653753026647,-0.025590551181102317,0.16,1,价格更新稀疏,买一异常溢价(不作为可成交退出价),29,0,0
543,★ Driver Gloves | Dragon Fists (Minimal Wear),1250.5,1780.0,33,22,0.6667,1.4234,steamdt-live,1245.0,35,1304.28,32,"溢价求购:买一高于卖一,多为定向收特定图案,买一价不可作退出价",20,0,4,5,0,0,0,0,0.0,0.004417670682731023,-0.004796163069544335,0.004417670682731023,0.00039968025579539823,0.016666666666666607,0.0007990411506192396,0.00039999999999995595,-0.08051470588235299,0.42,1,价格更新稀疏,买一异常溢价(不作为可成交退出价),29,0,0
544,★ Driver Gloves | Queen Jaguar (Minimal Wear),669.98,860.0,107,23,0.215,1.2836,steamdt-live,666.55,68,694.0,62,"溢价求购:买一高于卖一,多为定向收特定图案,买一价不可作退出价",17,0,7,5,0,0,0,0,-0.00043486736545350624,-4.5005850760726496e-05,0.0028120300751879324,-0.0004798536446384283,0.0004798536446384283,0.0030850263355906016,0.003513230677231305,-0.003513230677231305,-0.045740873299928486,0.42,0,价格更新稀疏,买一异常溢价(不作为可成交退出价),29,0,0
545,★ Hand Wraps | Duct Tape (Field-Tested),264.5,291.0,158,23,0.1456,1.1002,steamdt-live,270.0,140,265.37,140,"溢价求购:买一高于卖一,多为定向收特定图案,买一价不可作退出价",11,0,7,5,4,0,2,0,-0.0037523452157598447,-0.0037664783427495685,-0.0037383177570093906,-0.007504690431519689,0.012027491408934776,0.017307692307692246,0.029357798165137616,0.011859219586840108,-0.07852564102564108,0.42,13,暂未减速,买一异常溢价(不作为可成交退出价),29,0,0
546,AK-47 | Gold Arabesque (Factory New),11050.0,12740.0,235,23,0.0979,1.1529,steamdt-live,11646.5,180,11497.5,60,"溢价求购:买一高于卖一,多为定向收特定图案,买一价不可作退出价",7,0,7,2,10,0,0,3,-0.012731130645650235,-0.030659239440326336,-0.012993118775911472,-0.043000043303165425,0.05531332820381296,0.0,0.08670138027936192,-0.08749329039184117,-0.17414050822122573,0.3,4,可能加速下跌,买一异常溢价(不作为可成交退出价),29,0,0
547,★ Sport Gloves | Nocts (Minimal Wear),5030.0,6300.0,416,27,0.0649,1.2525,steamdt-live,5199.0,343,5150.0,67,"溢价求购:买一高于卖一,多为定向收特定图案,买一价不可作退出价",7,0,9,5,8,0,0,0,-0.00028820171799170957,-0.026796943020218622,-0.012418338108882598,-0.027077421813194946,0.03906772375585066,0.012887635924285101,0.07169880963366249,-0.07169880963366249,-0.11746644442494958,0.41,11,可能加速下跌,买一异常溢价(不作为可成交退出价),29,0,0
548,P250 | Muertos (Factory New),117.8,110.0,248,16,0.0645,0.9338,steamdt-live,110.88,143,117.27,185,,7,9,7,2,2,0,2,0,-0.004609144542772836,0.02685682533802547,-0.00018433179723498228,0.022123893805309658,0.0,0.050995260663507125,0.006540632559806525,0.021935483870967776,-0.2774193548387096,0.23,9,回撤不明显,,29,0,0
549,M4A1-S | Printstream (Factory New),2449.0,3660.0,659,34,0.0516,1.4945,steamdt-live,2458.0,496,2542.92,179,"溢价求购:买一高于卖一,多为定向收特定图案,买一价不可作退出价",3,0,12,2,8,2,2,0,-0.008000000000000007,-0.012499999999999956,-0.027237354085603127,-0.020399999999999974,0.047081712062256864,0.0055430096489428315,0.07550018875047193,-0.07234848484848488,-0.13752421200915654,0.42,11,暂未减速,买一异常溢价(不作为可成交退出价),29,0,0
550,★ Driver Gloves | King Snake (Minimal Wear),2730.0,6950.0,873,27,0.0309,2.5458,steamdt-live,2800.0,911,2796.4,166,"溢价求购:买一高于卖一,多为定向收特定图案,买一价不可作退出价",3,0,12,5,6,1,2,0,0.0003564998199494518,-0.017275080183873914,-0.018554514931966803,-0.016924738926899496,0.03516522353772755,0.011298388590479824,0.04429165558091663,-0.04193718196174767,-0.10711365494685199,0.42,10,可能加速下跌,买一异常溢价(不作为可成交退出价),29,0,0
551,P250 | Contaminant (Factory New),65.89,60.0,582,8,0.0137,0.9106,steamdt-live,65.0,29,67.41,37,,3,6,12,2,6,0,0,0,-0.0032453164183510186,-0.03803463075329283,-0.0014729709824715664,-0.04115651275999421,0.042568861393430524,0.0004617515776512704,0.042568861393430524,0.050080775444264924,0.3853367433930093,0.42,9,可能加速下跌,,29,0,0
552,MP9 | Stained Glass (Factory New),818.3,760.0,49,8,0.1633,0.9288,steamdt-live,840.0,23,844.5,38,,14,6,4,2,2,0,0,0,0.0,-0.0004885794552340617,0.011365040148239691,-0.0004885794552340617,0.0006106497313140835,0.01087090796788126,0.011117824773413942,-0.011117824773413942,-0.051763097210795306,0.37,1,价格更新稀疏,,28,0,0
553,AK-47 | Wild Lotus (Factory New),91888.0,100700.0,110,15,0.1364,1.0959,steamdt-live,94499.0,102,95159.88,27,"溢价求购:买一高于卖一,多为定向收特定图案,买一价不可作退出价",11,0,7,2,6,0,2,0,0.0,-0.022457685720060905,0.0,-0.022457685720060905,0.022468085106382985,0.0,0.030676399848094893,-0.030686625104169973,-0.05260336117125475,0.36,2,可能加速下跌,买一异常溢价(不作为可成交退出价),28,0,0
554,AWP | Desert Hydra (Factory New),8200.0,11160.0,292,29,0.0993,1.361,steamdt-live,8407.88,216,8493.5,64,"溢价求购:买一高于卖一,多为定向收特定图案,买一价不可作退出价",7,0,9,2,8,0,2,0,-0.011183690096679078,-0.017964071856287456,-0.012346198830409327,-0.028946857340451326,0.040935672514619936,0.0,0.06605922551252852,-0.05741709293637565,-0.16322261339864275,0.42,10,可能加速下跌,买一异常溢价(不作为可成交退出价),28,0,0
555,P250 | Bengal Tiger (Factory New),278.9,84.0,22,2,0.0909,0.3012,steamdt-live,267.0,24,283.7,26,,7,1,2,2,8,1,4,3,-0.0022263450834880683,-0.007065823726292164,-0.010646108663729725,-0.00927643784786647,0.01982378854625544,0.0,0.06282906282906275,-0.06447091800981075,-0.12516382699868933,0.4,4,暂未减速,,28,0,0
556,AK-47 | Fuel Injector (Factory New),2063.38,2900.0,449,39,0.0869,1.4055,steamdt-live,2050.5,204,2092.33,119,"溢价求购:买一高于卖一,多为定向收特定图案,买一价不可作退出价",7,0,9,2,8,0,2,0,-0.010000471720364335,-0.0229665983704197,-0.03328925167586305,-0.032737393273267634,0.06468092870501307,0.0,0.07568517850703216,-0.07212996063170285,-0.1613496932515337,0.4,10,可能加速下跌,买一异常溢价(不作为可成交退出价),28,0,0
557,P250 | Undertow (Factory New),248.35,224.0,130,8,0.0615,0.902,steamdt-live,248.34,95,248.39,125,,7,6,7,2,6,0,0,0,-0.0006416683376779808,-0.0034110518078573904,-0.0020012007204323057,-0.00405053138159206,0.006043626175705419,0.0,0.04627673873804672,-0.04149137365394251,-0.3101666666666667,0.42,1,价格更新稀疏,,28,0,0
558,FAMAS | Night Borre (Factory New),59.5,55.0,239,12,0.0502,0.9244,steamdt-live,64.72,83,63.27,104,,3,6,7,2,10,0,0,0,0.00047355958958172906,-0.06121804985799939,0.003325942350332678,-0.06077348066298349,0.06269691241335851,0.0,0.08179012345679004,-0.08179012345679004,-0.38020833333333337,0.42,7,长期阴跌,,28,0,0
559,M4A1-S | Fade (Factory New),1049.5,1540.0,1843,83,0.045,1.4674,steamdt-live,1049.5,1481,1080.0,990,"溢价求购:买一高于卖一,多为定向收特定图案,买一价不可作退出价",3,0,15,2,8,0,0,0,0.007324074074074094,-0.035765826217242336,-0.015047879616963078,-0.028703703703703676,0.046363636363636385,0.008653846153846123,0.0725022104332449,-0.07168141592920352,-0.18587504850601477,0.42,18,可能加速下跌,买一异常溢价(不作为可成交退出价),28,0,0
560,★ Driver Gloves | Black Tie (Field-Tested),723.47,1050.0,708,20,0.0282,1.4513,steamdt-live,729.0,663,730.0,154,"溢价求购:买一高于卖一,多为定向收特定图案,买一价不可作退出价",3,0,12,5,6,0,2,0,0.0037154696132597476,-0.022967152430885318,-0.0013793103448276334,-0.01933701657458564,0.023222540171692674,0.0,0.04505716207128452,-0.044414535666218,-0.10353535353535348,0.42,7,可能加速下跌,买一异常溢价(不作为可成交退出价),28,0,0
561,Glock-18 | Ghost Protocol (Factory New),3287.0,2700.0,6,19,3.1667,0.8214,steamdt-live,3400.0,10,3400.0,8,,20,3,2,2,0,0,0,0,-0.0004530266130331473,-0.0001520912547529063,0.027809374999999914,-0.0006050489663999015,0.0007569562454969869,0.02718749999999992,0.003939393939393909,0.04382343601143224,-0.06085714285714283,0.16,0,价格更新稀疏,,27,0,0
562,USP-S | Royal Blue (Factory New),564.5,416.0,36,7,0.1944,0.7369,steamdt-live,573.8,36,579.0,31,,14,1,4,2,6,0,0,0,0.0,-0.0008849557522123686,0.027272727272727337,-0.0008849557522123686,0.0008849557522123686,0.026363636363636367,0.037346521145975364,-0.012248468941382318,-0.12085344961843958,0.19,1,价格更新稀疏,,27,0,0
563,★ Driver Gloves | Black Tie (Minimal Wear),1769.5,3320.0,331,20,0.0604,1.8762,steamdt-live,1822.0,319,1828.06,73,"溢价求购:买一高于卖一,多为定向收特定图案,买一价不可作退出价",7,0,9,5,4,0,2,0,-0.0005563282336578101,-0.01530754244364041,0.005313199105145383,-0.01585535465924892,0.01585535465924892,0.0,0.020047751206244246,0.005513556528164543,-0.08814432989690724,0.12,5,可能加速下跌,买一异常溢价(不作为可成交退出价),27,0,0
564,AWP | Exothermic (Factory New),49.77,42.2,378,21,0.0556,0.8479,steamdt-live,45.5,295,50.09,428,,3,3,9,2,10,0,0,0,-0.005119453924914752,-0.02551457975986271,-0.02576891105569401,-0.030503412969283272,0.05548628428927671,0.01022449433207373,0.10882352941176465,-0.10531496062992118,-0.2774244833068362,0.42,12,可能加速下跌,,27,0,0
565,★ Moto Gloves | Finish Line (Field-Tested),424.0,611.0,450,23,0.0511,1.441,steamdt-live,447.88,442,439.0,201,"溢价求购:买一高于卖一,多为定向收特定图案,买一价不可作退出价",3,0,9,5,8,0,2,0,-0.0034642032332563577,-0.017381228273464666,-0.011415525114155223,-0.020785219399538146,0.03196347031963476,0.00952380952380949,0.07221006564551424,-0.07221006564551424,-0.1975775927327782,0.41,11,可能加速下跌,买一异常溢价(不作为可成交退出价),27,0,0
566,P250 | Forest Night (Factory New),69.0,48.0,153,5,0.0327,0.6957,steamdt-live,96.0,14,67.69,35,,3,1,7,2,10,0,4,0,-0.004386606228980794,-0.007343222205903999,-0.006536897152818133,-0.011697616610615524,0.018158047646717024,0.0,0.14171428571428568,-0.1423677198325085,-0.4246680286006128,0.18,8,长期阴跌,,27,0,0
567,AWP | BOOM (Factory New),2188.0,1910.0,41,6,0.1463,0.8729,steamdt-live,2400.0,24,2218.28,26,,11,3,4,2,4,0,2,0,0.0,0.0,-0.0009132420091324533,0.0,0.005002273760800313,0.017674418604651132,0.027555555555555555,-0.014192385672448737,-0.10638436907795856,0.38,2,回撤不明显,,26,0,0
568,Galil AR | Aqua Terrace (Factory New),819.0,744.0,29,3,0.1034,0.9084,steamdt-live,887.9,29,843.6,20,,8,6,2,2,8,0,0,0,0.0,0.0,-0.0006101281269066394,0.0,0.0006101281269066394,0.023749999999999938,0.05753739930955126,-0.05753739930955126,-0.11926013549844072,0.42,0,价格更新稀疏,,26,0,0
569,P250 | Contamination (Factory New),43.98,34.1,74,6,0.0811,0.7754,steamdt-live,35.65,42,36.45,46,,7,1,4,2,8,0,4,0,-0.003320420586607531,-0.010272071071626976,-0.009591668950397425,-0.013558384061981288,0.02302000548095373,0.0,0.05562913907284772,-0.05562913907284772,-0.4416601409553642,0.42,8,长期阴跌,,26,0,0
570,USP-S | Forest Leaves (Factory New),27.0,25.0,502,25,0.0498,0.9259,steamdt-live,30.0,53,26.13,112,,3,6,12,2,0,0,3,0,0.0245833333333334,0.06262708418056118,0.0,0.08874999999999988,0.0019098548510313451,0.08874999999999988,0.0019098548510313451,0.09789915966386542,-0.32982816106694035,0.22,8,长期阴跌,,26,0,0
571,Tec-9 | Safety Net (Factory New),71.0,65.0,445,22,0.0494,0.9155,steamdt-live,65.68,123,67.89,112,,3,6,9,2,6,0,0,0,-0.0019120458891013214,-0.032124963159445796,-0.007734967892586098,-0.03397558464480055,0.04186725018234849,0.0,0.046319152025555366,-0.03397558464480055,-0.4207602081312285,0.42,3,长期阴跌,,26,0,0
572,Galil AR | Urban Rubble (Factory New),58.9,50.0,83,4,0.0482,0.8489,steamdt-live,57.99,29,61.9,19,,3,3,4,2,10,0,4,0,-0.006779661016949157,-0.013651877133105894,-0.016502750458409765,-0.02033898305084747,0.03650608434739133,0.0,0.11076923076923084,-0.11076923076923084,-0.5085451917353967,0.24,6,长期阴跌,,26,0,0
573,Tec-9 | Rust Leaf (Factory New),83.18,80.0,119,5,0.042,0.9618,steamdt-live,100.0,29,84.0,42,,3,12,7,2,2,0,0,0,-0.0013206867571137204,0.0,-0.0011991845545028523,-0.0013206867571137204,0.0025182875644560454,0.0,0.007280105024465966,-0.007280105024465966,-0.2262325581395348,0.16,1,价格更新稀疏,,26,0,0
574,Desert Eagle | Hand Cannon (Factory New),2649.0,2070.0,19,6,0.3158,0.7814,steamdt-live,2977.5,31,2749.13,16,,20,1,2,2,0,0,0,0,0.00018878610534267537,0.0,0.0,0.00018878610534267537,0.0,0.00018878610534267537,0.0,0.00018878610534267537,0.018846153846153957,0.42,0,价格更新稀疏,,25,0,0
575,P250 | Red Rock (Factory New),239.0,135.0,9,2,0.2222,0.5649,steamdt-live,240.0,8,227.48,9,,8,1,2,2,6,0,6,0,0.0008771160424523305,-0.003242485321181321,-0.0038009524225609548,-0.002368213314621559,0.00676767235733311,0.0006158177179553803,0.03282312925170072,-0.033234169145771486,-0.14304012055000948,0.23,5,回撤不明显,,25,0,0
576,M4A1-S | Electrum (Factory New),36.6,44.0,528,33,0.0625,1.2022,steamdt-live,37.0,463,37.0,203,"溢价求购:买一高于卖一,多为定向收特定图案,买一价不可作退出价",7,0,12,2,4,0,0,0,0.006811989100817373,-0.009472259810554884,0.04857142857142871,-0.0027247956403270157,0.01027582477014588,0.07647058823529407,0.021128644022465837,0.022346368715083997,-0.054019126389247774,0.42,12,可能加速下跌,买一异常溢价(不作为可成交退出价),25,0,0
577,★ Hand Wraps | Cobalt Skulls (Minimal Wear),2274.49,3380.0,389,22,0.0566,1.486,steamdt-live,2269.5,319,2344.49,96,"溢价求购:买一高于卖一,多为定向收特定图案,买一价不可作退出价",3,0,9,5,6,0,2,0,-0.00021862702229991093,-0.0074349442379182396,-0.005219660722053043,-0.007651945780498437,0.012573964497041512,0.0086666666666666,0.03343270868824533,-0.029090909090909056,-0.11550812976444735,0.33,4,可能加速下跌,买一异常溢价(不作为可成交退出价),25,0,0
578,★ Hand Wraps | Constrictor (Field-Tested),254.4,286.0,456,25,0.0548,1.1242,steamdt-live,258.88,313,256.0,166,"溢价求购:买一高于卖一,多为定向收特定图案,买一价不可作退出价",3,0,9,5,2,0,6,0,0.018000720028801043,-0.0003536484734174561,-3.999999999992898e-05,0.017640705628225062,0.0023529411764705577,0.029959514170040613,0.006249999999999978,-0.010116731517509692,-0.08518824840878847,0.2,10,回撤不明显,买一异常溢价(不作为可成交退出价),25,0,0
579,Galil AR | Tornado (Factory New),167.99,119.0,34,7,0.2059,0.7084,steamdt-live,157.77,22,145.62,48,,17,1,4,2,0,0,0,0,0.0,0.0,0.0,0.0,0.0,0.0,0.003421845058855788,0.004345127250155123,-0.2105177554892924,0.42,0,价格更新稀疏,,24,0,0
580,AWP | Pink DDPAT (Factory New),789.5,588.0,37,5,0.1351,0.7448,steamdt-live,900.0,18,806.19,31,,11,1,4,2,6,0,0,0,0.0,-0.0006329113924050667,-0.03599755948749239,-0.0006329113924050667,0.036019536019536,0.0,0.04932206247140147,-0.04932206247140147,-0.16521279407877343,0.37,1,价格更新稀疏,,24,0,0
581,P250 | Cartel (Factory New),212.6,179.0,68,7,0.1029,0.842,steamdt-live,189.86,48,201.99,59,,11,3,4,2,4,0,0,0,-0.00036867330278611554,0.00031612223393051586,-0.0065923716841939095,-5.266761468369907e-05,0.013458041049623115,0.00036882870541132817,0.01926752414897459,-0.01926752414897459,-0.2551588858375833,0.23,0,价格更新稀疏,,24,0,0
582,AK-47 | Fire Serpent (Factory New),14452.0,13500.0,62,6,0.0968,0.9341,steamdt-live,14398.0,54,14897.07,30,,7,9,4,2,2,0,0,0,0.0,-6.944926731022871e-05,0.0,-6.944926731022871e-05,6.944926731022871e-05,0.013979365470615068,0.013801842528853747,-0.013801842528853747,-0.029784366576819377,0.42,0,价格更新稀疏,,24,0,0
583,FAMAS | Macabre (Factory New),55.0,43.0,73,6,0.0822,0.7818,steamdt-live,64.63,40,57.02,68,,7,1,4,2,10,0,0,0,-0.004264756055953556,-0.05773513791331164,-0.011800404585300073,-0.06175366769020807,0.07282535401213752,0.0,0.1170332316583721,-0.1170332316583721,-0.2827334376630152,0.42,3,可能加速下跌,,24,0,0
584,M4A4 | Zirka (Factory New),550.0,445.0,10,3,0.3,0.8091,steamdt-live,575.0,9,503.57,26,,8,3,2,2,2,0,6,0,0.0,-0.00296988536242504,-0.0035118871460985135,-0.00296988536242504,0.006471342606293784,0.0,0.01231734823967845,-0.017136722943300486,-0.13573953935399719,0.31,3,回撤不明显,,23,0,0
585,AK-47 | Jet Set (Factory New),5797.5,2920.0,11,2,0.1818,0.5037,steamdt-live,5277.91,8,6052.26,9,,8,1,2,2,10,0,0,0,0.0,-0.03703764520855113,0.015188250961768235,-0.03703764520855113,0.08962311341095297,0.0,0.08976598757245524,-0.04018978306609855,-0.24595899707121938,0.42,2,可能加速下跌,,23,0,0
586,Galil AR | CAUTION! (Factory New),372.0,293.0,52,9,0.1731,0.7876,steamdt-live,399.4,34,386.36,33,,14,1,4,2,2,0,0,0,0.0,0.0,0.0,0.0,0.0,0.0,0.01300079596710002,-0.01300079596710002,-0.27555988315481983,0.14,0,价格更新稀疏,,23,0,0
587,M4A4 | Howl (Factory New),45098.9,48400.0,85,14,0.1647,1.0732,steamdt-live,44996.5,102,45697.5,22,"溢价求购:买一高于卖一,多为定向收特定图案,买一价不可作退出价",14,0,4,5,0,0,0,0,-1.1111604960256649e-05,-2.2223456858760926e-05,-3.33337037078385e-05,-3.3334814880658925e-05,6.6667407415677e-05,0.0043884026526843645,6.6667407415677e-05,0.0024171270718231774,-7.77777777777322e-05,0.42,0,价格更新稀疏,买一异常溢价(不作为可成交退出价),23,0,0
588,★ Driver Gloves | Overtake (Field-Tested),264.0,333.0,222,22,0.0991,1.2614,steamdt-live,261.5,201,266.3,156,"溢价求购:买一高于卖一,多为定向收特定图案,买一价不可作退出价",7,0,7,5,0,0,4,0,-0.0038610038610038533,0.013565891472868241,-0.0019267822736031004,0.009652509652509744,0.0,0.025490196078431282,0.0,0.029527559055118058,-0.05012713403559754,0.42,10,回撤不明显,买一异常溢价(不作为可成交退出价),23,0,0
589,Desert Eagle | Sunset Storm 壱 (Factory New),3069.0,2730.0,54,5,0.0926,0.8895,steamdt-live,3088.0,38,3163.72,42,,7,6,4,2,4,0,0,0,-0.00016233766233764158,-0.003409644422795899,0.026666666666666616,-0.0035714285714285587,0.0035714285714285587,0.02299999999999991,0.02571428571428569,-0.010000000000000009,-0.02555961263692652,0.42,1,价格更新稀疏,,23,0,0
590,AK-47 | Jaguar (Factory New),2650.0,2310.0,144,6,0.0417,0.8717,steamdt-live,2892.5,41,2683.74,37,,3,3,7,2,4,0,4,0,0.00559814290939209,-0.016500523295947978,0.054905511811023544,-0.01099475267404626,0.016500523295947978,0.04330708661417315,0.01851851851851849,-0.018154872174879544,-0.13100508280045908,0.42,6,可能加速下跌,,23,0,0
591,MP9 | Dry Season (Factory New),2300.0,55.0,2,4,2.0,0.0239,steamdt-live,769.5,2,685.0,3,,8,1,2,2,8,0,0,0,0.0,-0.016350364963503727,-0.005805515239477477,-0.016350364963503727,0.02579376554276791,0.0,0.062160732678228525,-0.007658321060383,-0.03605150214592279,0.42,1,价格更新稀疏,,21,0,0
592,FAMAS | Sundown (Factory New),670.0,388.0,14,3,0.2143,0.5791,steamdt-live,680.0,12,710.73,17,,8,1,2,2,2,0,6,0,0.0,0.0,0.0,0.0,0.014705882352941124,0.0,0.014705882352941124,0.0,-0.10666666666666669,0.42,2,暂未减速,,21,0,0
593,Tec-9 | Cut Out (Factory New),100.0,61.0,21,4,0.1905,0.61,steamdt-live,92.89,24,97.0,28,,8,1,2,2,2,0,6,0,-0.0010742292405200304,-0.0010753844499408194,-0.0010730765103551532,-0.002148458481039839,0.0032192295310655705,0.0,0.008538798164158368,0.033604094803605156,-0.2985728309295477,0.42,2,回撤不明显,,21,0,0
594,P250 | Whiteout (Factory New),1698.0,1270.0,34,4,0.1176,0.7479,steamdt-live,1958.81,32,1677.59,24,,8,1,4,2,6,0,0,0,0.0,-0.012020023557126058,0.06257822277847302,-0.012020023557126058,0.012310862525758082,0.049806007509386685,0.041103172334952864,-0.04137714285714289,-0.142029356109037,0.24,1,价格更新稀疏,,21,0,0
595,★ Driver Gloves | Imperial Plaid (Field-Tested),881.99,1220.0,431,30,0.0696,1.3832,steamdt-live,879.0,341,899.0,148,"溢价求购:买一高于卖一,多为定向收特定图案,买一价不可作退出价",7,0,9,5,0,0,0,0,0.0022805017103761926,0.0,0.0,0.0022805017103761926,0.0,0.02209302325581386,0.0,0.012672811059907918,-0.09144469595956461,0.41,0,价格更新稀疏,买一异常溢价(不作为可成交退出价),21,0,0
596,★ Specialist Gloves | Big Swell (Field-Tested),1168.48,1590.0,105,7,0.0667,1.3607,steamdt-live,1129.5,131,1180.43,101,"溢价求购:买一高于卖一,多为定向收特定图案,买一价不可作退出价",7,0,7,5,2,0,0,0,0.0,-0.0033530397952880042,-0.0006172839506173311,-0.0033530397952880042,0.004231684739486874,0.0,0.009210526315789447,0.009383378016085686,-0.042796610169491545,0.16,1,价格更新稀疏,买一异常溢价(不作为可成交退出价),21,0,0
597,M4A4 | Tornado (Factory New),727.0,650.0,13,2,0.1538,0.8941,steamdt-live,729.9,20,727.9,12,,8,6,2,2,2,0,0,0,0.0,-0.0012364335760406409,-0.005601092896174942,-0.0012364335760406409,0.004109589041095929,0.0,0.013568521031207648,-0.013568521031207648,-0.11341463414634145,0.3,1,价格更新稀疏,,20,0,0
598,Five-SeveN | Hyper Beast (Factory New),2642.0,2220.0,41,6,0.1463,0.8403,steamdt-live,2830.0,38,2760.18,33,,11,3,4,2,0,0,0,0,0.0,0.0,-0.00018921475875122162,0.0,0.0,0.00037864445285884507,0.0003783579265985715,-0.0003783579265985715,-0.05524763096728058,0.35,0,价格更新稀疏,,20,0,0
599,Glock-18 | Blue Fissure (Factory New),214.99,183.0,51,5,0.098,0.8512,steamdt-live,230.0,29,227.21,35,,7,3,4,2,4,0,0,0,-4.631988512660001e-05,-0.004122660737446715,-0.009633469425203045,-0.004168789661401551,0.011449328673900916,0.0,0.01965344277245784,-0.01965344277245784,-0.05165416850463156,0.24,1,价格更新稀疏,,20,0,0
600,AWP | Snake Camo (Factory New),3500.0,800.0,2,2,1.0,0.2286,steamdt-live,2600.0,5,2394.0,19,,8,1,2,2,0,0,6,0,0.004194630872483174,0.0,-0.00417710944026739,0.004194630872483174,0.002084201750729431,0.006305170239596425,0.002084201750729431,0.010552975939214893,0.0007691793191091367,0.42,3,回撤不明显,,19,0,0
601,P250 | Gunsmoke (Factory New),133.5,35.0,4,2,0.5,0.2622,steamdt-live,130.0,10,126.01,12,,8,1,2,2,6,0,0,0,0.0,-0.03453846153846152,0.0,-0.03453846153846152,0.03453846153846152,0.39455555555555555,0.03453846153846152,0.39455555555555555,0.19533333333333336,0.42,7,反弹较远,,19,0,0
602,Tec-9 | Brass (Factory New),450.0,339.0,11,4,0.3636,0.7533,steamdt-live,479.5,9,448.85,32,,8,1,2,2,0,0,6,0,-0.0011114816049794252,-0.001112718370980259,-0.0003333333333332966,-0.0022229632099588503,0.002555555555555533,0.0,0.002555555555555533,-0.002555555555555533,-0.15311320754716973,0.26,2,回撤不明显,,19,0,0
603,M4A4 | Faded Zebra (Factory New),408.0,202.0,11,3,0.2727,0.4951,steamdt-live,488.0,11,408.31,6,,8,1,2,2,0,0,6,0,0.0,0.0,0.0,0.0,0.0,0.0017432296398143254,0.0,0.0,0.020000000000000018,0.42,3,回撤不明显,,19,0,0
604,MP9 | Dark Age (Factory New),498.5,372.0,28,5,0.1786,0.7462,steamdt-live,508.1,35,502.48,30,,14,1,2,2,0,0,0,0,0.0,0.0,0.0,0.0,0.0,0.0,0.0,0.0,-0.003996003996003972,0.42,0,价格更新稀疏,,19,0,0
605,Glock-18 | Night (Factory New),214.99,171.0,34,4,0.1176,0.7954,steamdt-live,320.0,26,225.19,26,,8,1,4,2,4,0,0,0,0.0,0.0,-4.6511627906919983e-05,0.0,4.6511627906919983e-05,0.01992504388253713,0.02534227944509926,-0.02317233858875911,-0.06526086956521737,0.42,0,价格更新稀疏,,19,0,0
606,MP9 | Pandora's Box (Factory New),760.96,660.0,40,4,0.1,0.8673,steamdt-live,783.49,40,760.0,54,,8,3,4,2,2,0,0,0,-0.0013508196721311316,-0.0019304765781974487,-0.0032679738562091387,-0.003278688524590123,0.005886200130804431,0.041095890410958846,0.012345679012345734,-0.01221731219131783,-0.16892660309684193,0.25,5,回撤不明显,,19,0,0
607,Glock-18 | Synth Leaf (Factory New),2100.99,1240.0,24,2,0.0833,0.5902,steamdt-live,1998.6,21,2046.17,20,,7,1,2,2,6,0,0,0,-0.0006500325016252084,0.0,-0.001597523838050896,-0.0006500325016252084,0.0022465178972592703,5.0037528146029686e-05,0.036350223482273236,-0.036350223482273236,-0.2133044676244834,0.42,0,价格更新稀疏,,18,0,0
608,Glock-18 | Brass (Factory New),688.0,551.0,67,3,0.0448,0.8009,steamdt-live,720.0,21,688.0,36,,3,3,4,2,6,0,0,0,0.0,0.0,-0.017142857142857126,0.0,0.017142857142857126,0.0,0.038703367332681315,-0.03465693840325523,-0.2388370137628889,0.24,0,价格更新稀疏,,18,0,0
609,AK-47 | First Class (Factory New),1982.89,910.0,8,2,0.25,0.4589,steamdt-live,1399.3,19,1326.88,8,,8,1,2,2,4,0,0,0,0.0,-0.003754091960236683,-0.003740051463108185,-0.003754091960236683,0.007480102926216259,0.0,0.022952026803136683,-0.011178346797031002,-0.108279569892473,0.42,1,价格更新稀疏,,17,0,0
610,P250 | Splash (Factory New),338.0,280.0,6,4,0.6667,0.8284,steamdt-live,298.28,13,311.0,12,,8,3,2,2,0,0,0,0,0.0,0.0,0.0,0.0,0.0,0.0,0.0,0.0,-0.08547951925435382,0.42,0,价格更新稀疏,,15,0,0
611,M4A4 | Jungle Tiger (Factory New),600.0,400.0,9,3,0.3333,0.6667,steamdt-live,515.0,11,538.67,8,,8,1,2,2,2,0,0,0,0.0,0.0,0.0,0.0,0.0,0.0,0.008662175168431152,-0.008662175168431152,-0.2261457550713749,0.42,0,价格更新稀疏,,15,0,0
612,P250 | Digital Architect (Factory New),233.0,186.0,23,4,0.1739,0.7983,steamdt-live,299.5,19,234.16,25,,8,1,2,2,2,0,0,0,0.0,0.0,-0.0021413276231263545,0.0,0.0,0.0,0.006396588486140775,-0.006396588486140775,-0.24700255308147245,0.22,0,价格更新稀疏,,15,0,0
613,AK-47 | Wasteland Rebel (Factory New),2346.16,2000.0,19,2,0.1053,0.8525,steamdt-live,2300.0,26,2331.39,21,,8,3,2,2,0,0,0,0,0.0,0.0,0.0,0.0,0.0,0.0,0.0,0.0,-0.026743398781313377,0.42,0,价格更新稀疏,,15,0,0
614,Desert Eagle | Pilot (Factory New),1124.3,890.0,45,4,0.0889,0.7916,steamdt-live,1147.7,52,1051.9,25,,7,1,4,2,0,0,0,0,0.0,0.0,0.0,0.0,9.505703422041378e-05,0.0,9.505703422041378e-05,0.0,0.0022868032396379245,0.29,0,价格更新稀疏,,14,0,0
615,Five-SeveN | Neon Kimono (Factory New),3579.9,1940.0,37,3,0.0811,0.5419,steamdt-live,3199.9,23,3161.2,27,,7,1,4,2,0,0,0,0,0.0,0.0,-0.000189765323549973,0.0,0.000189765323549973,0.0,0.003624672991458411,0.0028233353424482743,-0.00980422866092412,0.42,0,价格更新稀疏,,14,0,0
616,M4A4 | Modern Hunter (Factory New),4400.0,330.0,1,3,3.0,0.075,steamdt-live,4299.0,4,4025.88,8,,8,1,2,2,0,0,0,0,0.0,0.0,0.0,0.0,0.0,0.0,0.0,0.0,-2.9806259314479888e-05,0.42,0,价格更新稀疏,,13,0,0
617,Five-SeveN | Contractor (Factory New),239.5,36.0,3,3,1.0,0.1503,steamdt-live,229.0,7,0.0,0,,8,1,2,2,0,0,0,0,0.0,0.0,0.0,0.0,0.0,0.0,0.0,0.0,0.0,0.42,0,价格更新稀疏,,13,0,0
618,Galil AR | Winter Forest (Factory New),4900.0,150.0,2,2,1.0,0.0306,steamdt-live,5200.0,1,3520.6,2,,8,1,2,2,0,0,0,0,0.0,0.0,0.0,0.0,0.0,0.0,0.0,0.0,0.30481996923818167,0.42,0,价格更新稀疏,,13,0,0
619,P250 | Bone Mask (Factory New),440.0,0.01,1,1,1.0,0.0,steamdt-live,0.0,0,188.57,2,,8,1,2,2,0,0,0,0,0.003616106333072855,0.0,-0.003311903370348812,0.003616106333072855,0.00038937019371176884,0.004204967729317444,0.003009708737864103,-0.003009708737864103,-0.03450545317788645,0.23,1,价格更新稀疏,,13,0,0
620,Glock-18 | Groundwater (Factory New),579.0,260.0,4,3,0.75,0.4491,steamdt-live,666.0,7,618.78,2,,8,1,2,2,0,0,0,0,0.0,0.0,0.0,0.0,0.0,0.0,0.0,0.0,-0.24805194805194808,0.42,0,价格更新稀疏,,13,0,0
621,AK-47 | Jungle Spray (Factory New),1088.0,540.0,5,3,0.6,0.4963,steamdt-live,999.0,6,1029.02,16,,8,1,2,2,0,0,0,0,0.0,0.0,0.0,0.0,0.0,0.0,0.0,0.0,0.0,0.41,0,价格更新稀疏,,13,0,0
622,AK-47 | Red Laminate (Factory New),3034.0,1150.0,6,3,0.5,0.379,steamdt-live,3999.99,8,4140.0,1,,8,1,2,2,0,0,0,0,0.0,0.011333333333333417,-0.009894454748876291,0.011333333333333417,0.0,0.011333333333333417,0.0006554698796766845,-0.0006554698796766845,-0.07217125382263001,0.42,1,价格更新稀疏,,13,0,0
623,Glock-18 | Sand Dune (Factory New),3499.0,560.0,4,2,0.5,0.16,steamdt-live,0.0,0,1849.54,4,,8,1,2,2,0,0,0,0,0.0,0.0,0.0,0.0,0.0,0.0,0.0,0.0,-0.007374092997295079,0.42,0,价格更新稀疏,,13,0,0
624,Galil AR | Shattered (Factory New),398.99,73.0,11,4,0.3636,0.183,steamdt-live,399.0,4,5455.16,1,,8,1,2,2,0,0,0,0,-5.0127825956258754e-05,7.519550832180144e-05,-5.0125313283189143e-05,2.5063912977962843e-05,2.5062656641594572e-05,7.519550832180144e-05,2.5062656641594572e-05,-2.5062656641594572e-05,0.0024874371859295863,0.24,0,价格更新稀疏,,13,0,0
625,FAMAS | Spitfire (Factory New),2888.88,620.0,6,2,0.3333,0.2146,steamdt-live,2800.0,3,2756.26,3,,8,1,2,2,0,0,0,0,0.14402787502641257,-0.001810767548148351,0.0,0.14195630647613755,0.001810767548148351,0.14432685800641853,0.001810767548148351,0.12793671709710552,0.006801478645841019,0.4,4,回撤不明显,,13,0,0
626,AK-47 | Predator (Factory New),666.0,134.0,6,2,0.3333,0.2012,steamdt-live,999.5,7,688.29,6,,8,1,2,2,0,0,0,0,0.0,0.0,0.0,0.0,0.0,0.0,0.0,0.0,0.0,0.42,0,价格更新稀疏,,13,0,0
627,P250 | Nuclear Threat (Factory New),9988.88,670.0,3,1,0.3333,0.0671,steamdt-live,2300.0,2,11888.0,1,,8,1,2,2,0,0,0,0,0.0,0.0,0.0,0.0,0.0,0.0,0.0,0.0,-0.6685554204158333,0.42,0,价格更新稀疏,,13,0,0
628,Galil AR | Hunting Blind (Factory New),39.11,20.1,15,4,0.2667,0.5139,steamdt-live,59.61,21,39.68,21,,8,1,2,2,0,0,0,0,0.0,0.0,0.0,0.0,0.0,0.0,0.002550369803621555,-0.002550369803621555,0.013474993521637613,0.24,0,价格更新稀疏,,13,0,0
629,Five-SeveN | Nitro (Factory New),419.5,75.0,8,2,0.25,0.1788,steamdt-live,409.5,6,423.0,8,,8,1,2,2,0,0,0,0,0.026315789473684292,0.0,0.0,0.026315789473684292,0.0,0.026315789473684292,0.0,0.026315789473684292,0.07198952879581144,0.42,1,价格更新稀疏,,13,0,0
630,Five-SeveN | Crimson Blossom (Factory New),572.9,451.0,15,3,0.2,0.7872,steamdt-live,551.9,28,575.7,20,,8,1,2,2,0,0,0,0,0.0,0.0,0.0,0.0,0.00018115942028984477,0.0,0.00018115942028984477,0.013590449954086203,-0.014464285714285707,0.35,0,价格更新稀疏,,13,0,0
631,M4A4 | Radiation Hazard (Factory New),2393.0,1860.0,10,2,0.2,0.7773,steamdt-live,2384.0,7,2341.5,7,,8,1,2,2,0,0,0,0,0.0,0.0,0.0,0.0,0.0,0.0,0.0,0.0,-0.0947715955834596,0.42,0,价格更新稀疏,,13,0,0
632,M4A4 | Desert Storm (Factory New),429.5,335.0,16,3,0.1875,0.78,steamdt-live,400.0,13,404.33,9,,8,1,2,2,0,0,0,0,0.0,0.0,0.0,0.0,0.0,0.0,0.0,0.0,-0.10249506372285044,0.42,0,价格更新稀疏,,13,0,0
633,Glock-18 | Pink DDPAT (Factory New),439.0,299.0,17,3,0.1765,0.6811,steamdt-live,512.0,12,442.98,20,,8,1,2,2,0,0,0,0,0.0,0.0,0.0022831050228311334,0.0,0.0,0.0022831050228311334,0.002272727272727315,-0.002272727272727315,-0.09391124871001033,0.34,0,价格更新稀疏,,13,0,0
634,MP9 | Storm (Factory New),185.59,83.0,17,3,0.1765,0.4472,steamdt-live,199.8,15,190.94,12,,8,1,2,2,0,0,0,0,0.0,0.0,0.0,0.0,0.0,0.0,0.0,0.008148188386115418,-0.060351374613943576,0.24,0,价格更新稀疏,,13,0,0
635,MP9 | Green Plaid (Factory New),78.76,27.0,12,2,0.1667,0.3428,steamdt-live,70.0,5,77.56,4,,8,1,2,2,0,0,0,0,0.1477291359239219,0.0,0.0,0.1477291359239219,0.0,0.1477291359239219,0.0,0.1477291359239219,0.1477291359239219,0.24,2,回撤不明显,,13,0,0
636,Five-SeveN | Fall Hazard (Factory New),2149.0,410.0,6,1,0.1667,0.1908,steamdt-live,2541.0,7,2089.67,11,,8,1,2,2,0,0,0,0,-0.0001291903116835691,0.0,0.0706166211598851,-0.0001291903116835691,0.0001291903116835691,0.07322722627099942,0.0001291903116835691,0.14817663833317773,0.21471961122833938,0.35,0,价格更新稀疏,,13,0,0
637,MP9 | Bulldozer (Factory New),7499.5,1000.0,6,1,0.1667,0.1333,steamdt-live,6799.0,5,7052.84,4,,8,1,2,2,0,0,0,0,0.0,0.0,0.0,0.0,0.0,0.0,0.0,0.0,0.0,0.42,0,价格更新稀疏,,13,0,0
638,FAMAS | Prime Conspiracy (Factory New),527.0,306.0,25,4,0.16,0.5806,steamdt-live,570.0,21,519.3,24,,8,1,2,2,0,0,0,0,0.0,0.02224409448818898,0.0009852216748769127,0.02224409448818898,0.0,0.023251231527093408,0.0,0.02426035502958568,-0.08814749780509223,1.42,1,价格更新稀疏,,13,0,0
639,Tec-9 | Nuclear Threat (Factory New),0.0,500.0,0,1,,,steamdt-live,0.0,0,6162.74,1,缺卖一价,0,0,0,2,10,0,0,0,0.0,-0.00038604276964604445,0.0006102548787929596,-0.00038604276964604445,0.00038604276964604445,0.00022397652466343843,0.36931290788387006,-0.36931290788387006,-0.27781716507548493,0.42,0,悠悠盘口不足,,12,0,0
640,Tec-9 | Terrace (Factory New),759.0,636.0,18,1,0.0556,0.8379,steamdt-live,713.0,14,697.3,14,,3,3,2,2,0,0,0,0,0.0,0.0,0.0,0.0,0.0,0.0,0.0026032726856620725,-0.003999428653049697,-0.1223410950283198,0.19,0,价格更新稀疏,,10,0,0
641,P250 | Facets (Factory New),500.0,0.0,2,0,0.0,,steamdt-live,2499.48,3,242.48,10,缺买一价,3,0,2,2,2,0,0,0,0.0,-0.010204914686913202,0.12376146788990816,-0.010204914686913202,0.010204914686913202,0.11572263378272662,0.010204914686913202,0.07145066501701192,0.03832484049158569,0.42,4,悠悠盘口不足,,9,0,0
642,FAMAS | Contrast Spray (Factory New),0.0,268.0,0,2,,,steamdt-live,810.0,2,557.99,6,缺卖一价,0,0,0,2,0,0,0,0,0.00025096352065956395,0.0,-0.00025090055377330334,0.00025096352065956395,0.00023292481903536277,0.00025096352065956395,0.00023292481903536277,-0.00023292481903536277,-0.2753282510162469,0.25,0,悠悠盘口不足,,2,0,0
643,P250 | Modern Hunter (Factory New),,,0,0,,,,8000.0,2,2361.83,1,无悠悠数据,0,0,0,2,0,0,0,0,0.00025410485213206435,0.0,-0.0002540402992594615,0.00025410485213206435,0.0002285840067389744,0.00025410485213206435,0.0002285840067389744,-0.0002285840067389744,0.1780993425712547,0.42,0,悠悠盘口不足,,2,0,0
