排名,marketHashName,youpin_sell,youpin_buy,youpin_sell_count,youpin_buy_count,挂买/挂卖,买一/卖一,数据来源,buff_sell,buff_sell_count,c5_sell,c5_sell_count,备注,盘口深度分,盘口紧密度分,流动性分,品质分,回撤位置分,跌速减弱分,低点企稳分,下行跌幅收敛分,前12h涨跌,近12h涨跌,前24h涨跌,近24h涨跌,48h回撤,距48h低点,5日回撤,5日涨跌,30日涨跌,K线时效(小时),24h变价次数,信号状态,报价风险,V2.6总分,建议资金,实际获批
1,AK-47 | Searing Rage (Factory New),115.0,114.0,1390,39,0.0281,0.9913,steamdt-live,118.3,402,122.85,248,,3,15,15,2,6,17,6,3,-0.008673026886383384,0.006124234470691103,-0.010300429184549431,-0.002601908065914982,0.029372045914922373,0.00877192982456143,0.033451000168095546,-0.033451000168095546,-0.1575091575091575,0.37,14,减速明显,,67,10000,10000
2,★ Moto Gloves | Cool Mint (Field-Tested),6380.0,6320.0,323,121,0.3746,0.9906,steamdt-live,6666.0,47,6340.0,95,,20,15,9,5,10,5,4,5,-0.0007770007770008247,-0.013996889580093264,-0.02765185856754304,-0.014763014763014781,0.03647416413373861,0.0,0.0824493103897419,-0.06310033988473474,-0.24970414201183433,0.33,6,左侧观察,,73,10000,10000
3,Glock-18 | Weasel (Factory New),220.0,217.0,502,83,0.1653,0.9864,steamdt-live,213.14,104,215.96,75,,14,12,12,2,8,13,4,5,-0.01495146524359392,-0.004576872781617891,-0.05037134119702924,-0.019459907070893068,0.06307969581080497,0.0023513920240783026,0.07330434782608697,-0.004018691588785095,-0.06517543859649133,0.25,14,左侧观察,,70,10000,10000
4,★ Bloodhound Gloves | Guerrilla (Field-Tested),1189.0,1160.0,215,52,0.2419,0.9756,steamdt-live,1309.96,25,1202.06,60,,17,12,7,5,6,9,6,5,-0.000843170320404707,0.0,-0.009189640768588192,-0.000843170320404707,0.010025062656641603,0.012820512820512775,0.03658536585365857,-0.014143094841930104,-0.10902255639097747,0.37,7,左侧观察,,67,10000,10000
5,Desert Eagle | Conspiracy (Factory New),141.5,141.0,1418,67,0.0472,0.9965,steamdt-live,142.0,850,142.98,271,,3,15,15,2,10,10,6,5,-0.010489510489510523,0.0,-0.01038062283737029,-0.010489510489510523,0.02076124567474047,0.007117437722419906,0.08944658944658945,-0.024003310801489763,-0.12654320987654322,0.37,10,左侧观察,,66,10000,10000
6,M4A4 | 龍王 (Dragon King) (Factory New),372.99,368.0,806,71,0.0881,0.9866,steamdt-live,373.5,193,377.62,182,,7,12,12,2,8,16,4,3,-0.005333333333333301,-2.6809651474501983e-05,-0.013157894736842146,-0.00535999999999992,0.01715415019762845,0.008081081081081187,0.05332487309644662,-0.01818899710450106,-0.13859122401847568,0.36,7,左侧观察,,64,10000,10000
7,M4A4 | Buzz Kill (Factory New),3060.0,3030.0,1002,82,0.0818,0.9902,steamdt-live,3140.0,147,3110.0,141,,7,15,15,2,8,8,4,5,0.007477243172951953,-0.012584704743465625,-0.029652996845425883,-0.005201560468140465,0.03424333280732206,0.0,0.06877379419900842,-0.03622047244094484,-0.15934065934065933,0.36,11,左侧观察,,64,10000,10000
8,★ Specialist Gloves | Foundation (Minimal Wear),6047.46,5990.0,177,38,0.2147,0.9905,steamdt-live,6138.68,32,6078.2,40,,17,15,7,5,8,5,6,0,-0.009297274734305305,-0.004692262621873833,-0.0043055442811916755,-0.013945912101458013,0.018030393814068013,0.0,0.062410852713178366,-0.02144822006472491,-0.188261744966443,0.02,2,左侧观察,,63,10000,10000
9,M4A4 | Royal Paladin (Factory New),1357.0,1310.0,320,62,0.1938,0.9654,steamdt-live,1398.4,84,1360.2,71,,14,12,9,2,6,9,6,5,0.005448930068387314,-0.007540352955803686,-0.024741824440619675,-0.002132509743363542,0.026821572002294958,0.0,0.030714285714285694,-0.030714285714285694,-0.16234567901234565,0.37,5,左侧观察,,63,10000,10000
10,Glock-18 | Royal Legion (Factory New),247.0,245.0,405,47,0.116,0.9919,steamdt-live,267.97,61,254.1,107,,11,15,9,2,10,7,4,5,0.01639999999999997,-0.0279417552144825,-0.03474903474903479,-0.01200000000000001,0.04633204633204635,0.029166666666666563,0.11412380747435624,-0.03137254901960784,-0.0750449370880768,0.32,4,左侧观察,,63,10000,10000
11,AWP | Printstream (Factory New),1077.0,1050.0,445,155,0.3483,0.9749,steamdt-live,1092.0,334,1075.9,162,,20,12,9,2,4,5,6,3,-0.00462962962962965,0.0008372093023256699,-0.008264462809917328,-0.0037962962962961866,0.017442922374429126,0.005514018691588962,0.017442922374429126,-0.009646716618494477,-0.07207603474001045,0.37,11,左侧观察,,61,10000,10000
12,★ Hand Wraps | Badlands (Minimal Wear),2930.0,2830.0,155,36,0.2323,0.9659,steamdt-live,3000.0,17,2972.5,46,,17,12,7,5,6,5,4,5,0.0077966101694915135,-0.014463504877228361,-0.013377926421404673,-0.006779661016949157,0.023170528421403547,0.0,0.035232136977280226,0.010344827586206806,-0.039029189898327266,0.37,6,左侧观察,,61,10000,10000
13,Glock-18 | Shinobu (Factory New),120.0,116.0,983,52,0.0529,0.9667,steamdt-live,119.49,363,123.55,176,,3,12,15,2,6,18,2,3,-0.008416666666666739,0.004202033784351578,-0.020408163265306145,-0.004250000000000087,0.024571428571428577,0.021282051282051295,0.03606001936108416,-0.006733167082294322,-0.15153021373286957,0.37,9,左侧观察,,61,10000,10000
14,★ Specialist Gloves | Lime Polycam (Field-Tested),1614.99,2190.0,122,42,0.3443,1.356,steamdt-live,1586.5,136,1599.8,69,"溢价求购:买一高于卖一,多为定向收特定图案,买一价不可作退出价",20,0,7,5,6,10,6,5,0.004430379746835467,-0.000315059861373701,-0.021671826625387025,0.004113924050632933,0.020679012345679038,0.010509554140127442,0.030553009471432913,-0.030553009471432913,-0.026675173928514484,0.12,4,左侧观察,买一异常溢价(不作为可成交退出价),59,0,0
15,★ Bloodhound Gloves | Snakebite (Minimal Wear),1280.0,1230.0,148,35,0.2365,0.9609,steamdt-live,1447.44,15,1292.12,55,,17,12,7,5,4,5,4,5,-0.0007764035435057215,-0.005431277632304887,-0.013019356618492295,-0.0062034643126110955,0.01914205581694739,0.0,0.026245720806390316,-0.006211180124223614,-0.18523233609166134,0.37,2,左侧观察,,59,0,0
16,★ Bloodhound Gloves | Bronzed (Minimal Wear),1424.5,1390.0,144,27,0.1875,0.9758,steamdt-live,1549.44,18,1480.0,48,,14,12,7,5,6,6,4,5,-0.0003472222222222765,-0.010420284821118453,-0.02803183195750336,-0.010763888888888906,0.038493989321849664,0.0,0.048747913188647796,-0.030952380952380953,-0.18600000000000005,0.37,3,左侧观察,,59,0,0
17,M4A1-S | Flashback (Factory New),829.0,821.0,731,88,0.1204,0.9903,steamdt-live,829.0,69,824.99,93,,11,15,12,2,10,4,2,3,-0.027853828306264483,-0.015513311614697045,-0.017663817663817638,-0.04293503480278427,0.05984045584045583,0.0,0.1189581152950725,-0.07719239373601794,-0.126994708994709,0.37,14,左侧观察,,59,0,0
18,AK-47 | Orbit Mk01 (Factory New),620.5,612.0,708,76,0.1073,0.9863,steamdt-live,649.94,156,631.56,145,,11,12,12,2,8,7,4,3,-0.008554891235211803,-0.004811547714514863,-0.01737500000000003,-0.013325276682355947,0.030468750000000044,0.0024232633279483995,0.06316997312558514,-0.007199999999999984,-0.1776010603048377,0.36,10,左侧观察,,59,0,0
19,M4A4 | Polysoup (Factory New),136.5,133.0,1265,30,0.0237,0.9744,steamdt-live,139.0,290,146.0,429,,3,12,15,2,8,8,6,5,0.0036363636363636598,-0.010869565217391353,-0.04447533009034055,-0.0072727272727273196,0.05142460041695629,0.0,0.05536332179930792,-0.038529266746495705,-0.23619271445358403,0.37,7,左侧观察,,59,0,0
20,Desert Eagle | The Bronze (Factory New),142.99,138.0,635,62,0.0976,0.9651,steamdt-live,142.5,166,142.67,218,,7,12,12,2,10,10,2,3,-0.013630388154708406,-0.00042087542087543284,-0.013177659429195687,-0.014045526880232528,0.028629856850715618,0.017857142857142794,0.15244156307619106,-0.04291759016723751,-0.28567848012431707,0.37,6,左侧观察,,58,0,0
21,AK-47 | Rat Rod (Factory New),500.92,493.0,501,48,0.0958,0.9842,steamdt-live,500.0,40,503.08,130,,7,12,12,2,8,8,4,5,0.0,-0.0072273846398220876,-0.03885496183206105,-0.0072273846398220876,0.04580152671755722,0.0,0.07479367899041478,0.0,-0.11816578483245155,0.37,3,左侧观察,,58,0,0
22,★ Hand Wraps | Duct Tape (Minimal Wear),423.5,535.0,108,36,0.3333,1.2633,steamdt-live,437.5,69,435.0,51,"溢价求购:买一高于卖一,多为定向收特定图案,买一价不可作退出价",20,0,7,5,4,10,6,5,0.012048192771084265,0.0071428571428571175,-0.011904761904761862,0.01927710843373487,0.010526315789473717,0.04444444444444451,0.02758620689655178,0.018050541516245522,-0.0558035714285714,0.11,10,左侧观察,买一异常溢价(不作为可成交退出价),57,0,0
23,AK-47 | Aquamarine Revenge (Factory New),1270.0,1250.0,382,94,0.2461,0.9843,steamdt-live,1319.99,124,1299.0,100,,17,12,9,2,8,5,4,0,-0.014619050185143867,-0.0078125,-0.015543766578249296,-0.02231733885557241,0.04475366679202708,0.0,0.061136985288681944,-0.020817270624518103,0.0672268907563025,0.36,12,左侧观察,,57,0,0
24,AK-47 | Blue Laminate (Factory New),181.31,178.0,1165,57,0.0489,0.9817,steamdt-live,181.59,672,180.83,380,,3,12,15,2,8,6,6,5,-0.0004958950906386317,-0.0031422271223814358,-0.009712446117749796,-0.0036365639980163733,0.019891598915989128,0.0,0.07413854897342675,-0.022540540540540444,-0.2433891213389121,0.37,8,左侧观察,,57,0,0
25,AWP | Wildfire (Factory New),995.0,976.0,522,81,0.1552,0.9809,steamdt-live,999.5,156,1025.0,146,,14,12,12,2,8,4,4,0,-0.008919722497522264,-0.0050000000000000044,0.003980099502487455,-0.013875123885034646,0.021632251720747342,0.005050505050504972,0.05238095238095242,0.025773195876288568,-0.07009345794392519,0.36,9,左侧观察,,56,0,0
26,USP-S | Serum (Factory New),620.0,604.0,173,19,0.1098,0.9742,steamdt-live,728.28,41,623.82,68,,11,12,7,2,8,7,4,5,-0.0008173338889067017,-0.005565624649141121,-0.020378045717156512,-0.00637840956440916,0.015091342335186608,0.0,0.05105914044324722,-0.03343986281081934,-0.16834339369550633,0.35,4,左侧观察,,56,0,0
27,★ Driver Gloves | Racing Green (Field-Tested),178.58,180.0,185,20,0.1081,1.008,steamdt-live,175.42,128,177.17,230,,11,15,7,5,4,8,6,0,-0.01500139938427092,-0.0031255327612661477,0.026724137931034564,-0.01808004478029679,0.018135005037501428,0.00022807617744313724,0.018135005037501428,-0.008870557658624878,-0.12254901960784315,0.28,4,左侧观察,,56,0,0
28,M4A1-S | Basilisk (Factory New),187.0,182.0,563,50,0.0888,0.9733,steamdt-live,186.5,184,190.19,174,,7,12,12,2,8,6,4,5,-0.013159972627256988,-0.005174161199125171,0.02742022714981074,-0.01826604200663262,0.024989544123797613,0.011388286334056419,0.059695472421095075,-0.029656607700312088,-0.20806794055201694,0.36,7,左侧观察,,56,0,0
29,Glock-18 | AXIA (Factory New),294.5,283.0,711,33,0.0464,0.961,steamdt-live,290.0,269,303.44,578,,3,12,12,2,8,8,6,5,-0.021845637583892574,-0.005111667638683981,-0.021346469622331665,-0.02684563758389258,0.04761904761904767,0.0017271157167531026,0.07348242811501593,-0.07051282051282048,-0.18309859154929575,0.14,8,左侧观察,,56,0,0
30,★ Sport Gloves | Creme Pinstripe (Field-Tested),527.0,766.0,112,34,0.3036,1.4535,steamdt-live,514.5,112,553.72,44,"溢价求购:买一高于卖一,多为定向收特定图案,买一价不可作退出价",20,0,7,5,8,6,4,5,-0.00862895493767979,-0.004835589941972973,-0.016037735849056656,-0.01342281879194629,0.029245283018867974,0.008823529411764675,0.05855443732845378,-0.056828597616865206,-0.08857395925597877,0.37,6,左侧观察,买一异常溢价(不作为可成交退出价),55,0,0
31,FAMAS | Commemoration (Factory New),382.38,378.0,338,38,0.1124,0.9885,steamdt-live,372.99,169,376.96,107,,11,12,9,2,6,4,6,5,-0.0013866666666666472,-0.003978850672933132,-0.009247027741083214,-0.00535999999999992,0.01715415019762845,0.0,0.042141756548536136,-0.029934980494148222,-0.2229375,0.36,4,左侧观察,,55,0,0
32,M4A1-S | Atomic Alloy (Factory New),1018.0,990.0,474,49,0.1034,0.9725,steamdt-live,1028.48,99,1019.5,93,,11,12,9,2,4,8,4,5,0.006843137254902043,-0.008744084597557933,-0.0104196984690611,-0.0019607843137254832,0.011650485436893177,0.018000000000000016,0.01987214049141195,0.022468185972700727,-0.05116972690837929,0.36,5,左侧观察,,55,0,0
33,FAMAS | ZX Spectron (Factory New),154.9,149.0,640,50,0.0781,0.9619,steamdt-live,153.49,126,156.6,165,,7,12,12,2,8,8,6,0,-0.017857142857142905,-0.0033116883116882656,-0.02183406113537123,-0.021109693877551017,0.04367601246105912,6.515506906445978e-05,0.06271372740595982,-0.0033116883116882656,-0.27769411764705876,0.27,5,左侧观察,,55,0,0
34,AWP | PAW (Factory New),43.8,42.8,1240,29,0.0234,0.9772,steamdt-live,44.3,1032,45.05,329,,3,12,15,2,2,10,6,5,0.01566098572086605,-0.006802721088435493,-0.013181818181818183,0.008751727314601387,0.011286681715575675,0.018604651162790642,0.011286681715575675,0.03204524033930256,-0.08079748163693601,0.36,8,左侧观察,,55,0,0
35,AK-47 | Consequence of the Jinn (Factory New),3588.0,3520.0,24,27,1.125,0.981,steamdt-live,3638.88,19,3684.0,40,,20,12,2,2,4,8,6,0,0.005837748924003794,-0.008839779005524906,-0.0134347587719299,-0.0030536344918991043,0.01668457170419424,0.0,0.024997350536278606,-0.02215681465129593,-0.07497164071362283,0.35,5,左侧观察,,54,0,0
36,★ Sport Gloves | Red Racer (Minimal Wear),1809.5,2380.0,49,24,0.4898,1.3153,steamdt-live,1759.5,55,1877.0,23,"溢价求购:买一高于卖一,多为定向收特定图案,买一价不可作退出价",20,0,4,5,8,10,4,3,-0.02777777777777779,0.005428571428571338,-0.020674646354733373,-0.022499999999999964,0.04270946681175192,0.006578947368421018,0.07826496935407834,-0.06806144067796616,-0.07345971563981046,0.37,6,左侧观察,买一异常溢价(不作为可成交退出价),54,0,0
37,FAMAS | Styx (Factory New),664.0,630.0,360,51,0.1417,0.9488,steamdt-live,681.0,71,672.0,60,,11,9,9,2,4,10,6,3,0.057122416534181264,-0.007414314288722079,-0.04552352048558417,0.049284578696343395,0.013452914798206317,0.049284578696343395,0.022222222222222254,0.0945273631840795,-0.09774436090225569,0.37,15,左侧观察,,54,0,0
38,M4A4 | The Coalition (Factory New),7100.0,6950.0,301,40,0.1329,0.9789,steamdt-live,7306.97,39,7234.98,59,,11,12,9,2,8,8,4,0,-0.0006181743251596483,-0.01051546391752578,-0.0512824857063543,-0.011127137852874558,0.036861118544286864,0.013873239436619667,0.07438601002957435,-0.025649702219815884,-0.21746929014023264,0.12,11,左侧观察,,54,0,0
39,AWP | Safari Mesh (Factory New),39.81,37.1,479,31,0.0647,0.9319,steamdt-live,43.69,121,40.53,169,,7,9,9,2,8,8,6,5,-0.00275000000000003,-0.002005515166708438,-0.019367492032360878,-0.004749999999999921,0.024264705882352855,0.0005026388539834947,0.06505401596993887,-0.004749999999999921,-0.2994897061411226,0.36,5,左侧观察,,54,0,0
40,Glock-18 | Reactor (Factory New),488.0,434.0,215,21,0.0977,0.8893,steamdt-live,468.0,52,449.5,98,,7,6,7,2,10,16,2,3,-0.023742560010465152,0.0038411720041091613,-0.04689967583741994,-0.01999258726317399,0.0659546172387998,0.02207871938879924,0.10279441117764476,-0.012087912087912045,-0.06389270690157856,0.37,20,左侧观察,,53,0,0
41,Desert Eagle | Light Rail (Factory New),71.5,67.0,455,34,0.0747,0.9371,steamdt-live,71.91,176,75.32,197,,7,9,9,2,10,9,2,5,0.013106525376463951,-0.015964767409854086,-0.033423180592991986,-0.0030674846625766694,0.0350877192982455,0.0,0.10028941739021013,-0.051724137931034586,-0.25745144874857206,0.28,7,左侧观察,,53,0,0
42,Five-SeveN | Berries And Cherries (Factory New),592.0,578.0,275,20,0.0727,0.9764,steamdt-live,588.0,125,586.85,122,,7,12,9,2,6,6,6,5,-0.00044085729788390093,-0.004495335029686132,-0.011945249543466985,-0.004934210526315708,0.016820519693745872,0.004037708087392344,0.03618118512679014,-0.03618118512679014,-0.19774436090225556,0.37,9,左侧观察,,53,0,0
43,Desert Eagle | Cobalt Disruption (Factory New),623.0,604.0,620,43,0.0694,0.9695,steamdt-live,638.5,278,629.97,216,,7,12,12,2,6,10,4,0,-0.022606173345524505,0.004838709677419395,-0.0010393700787401094,-0.017876848377841537,0.022883043962421024,0.004838709677419395,0.038580246913580196,-0.03410852713178292,-0.20128205128205123,0.37,5,左侧观察,,53,0,0
44,Galil AR | Chromatic Aberration (Factory New),128.8,123.0,602,37,0.0615,0.955,steamdt-live,125.99,189,128.86,191,,7,9,12,2,4,10,6,3,0.0,0.016048387096774253,-0.031098609157680923,0.016048387096774253,0.02105672105672096,0.032704918032786745,0.02105672105672096,0.021071399627198284,-0.2632163742690059,0.37,8,左侧观察,,53,0,0
45,★ Hand Wraps | Overprint (Field-Tested),657.5,669.0,804,31,0.0386,1.0175,steamdt-live,667.99,752,655.88,256,,3,15,12,5,2,10,6,0,-0.015045045045045002,0.0015549254550444314,0.010867585453220752,-0.013513513513513487,0.013513513513513487,0.0032985156679494754,0.013513513513513487,-0.0021263669501822013,-0.05522001725625536,0.37,5,左侧观察,,53,0,0
46,★ Sport Gloves | Blaze (Minimal Wear),1545.96,1950.0,30,25,0.8333,1.2614,steamdt-live,1559.0,38,1552.26,33,"溢价求购:买一高于卖一,多为定向收特定图案,买一价不可作退出价",20,0,4,5,4,8,6,5,0.0,-0.0026064516129031823,-0.01273885350318471,-0.0026064516129031823,0.0269637462235649,0.0,0.0269637462235649,0.06728339661719018,-0.04092609480560572,0.37,4,左侧观察,买一异常溢价(不作为可成交退出价),52,0,0
47,★ Broken Fang Gloves | Jade (Field-Tested),419.5,507.0,127,33,0.2598,1.2086,steamdt-live,425.43,115,429.99,88,"溢价求购:买一高于卖一,多为定向收特定图案,买一价不可作退出价",17,0,7,5,4,8,6,5,-0.009458439475422242,-0.002262174068341394,-0.005908835115363109,-0.011699216907255394,0.01753892327893458,0.02195121951219514,0.019883040935672502,0.014527845036319542,-0.03344867358708192,0.06,6,左侧观察,买一异常溢价(不作为可成交退出价),52,0,0
48,Galil AR | Cerberus (Factory New),1068.46,1010.0,274,28,0.1022,0.9453,steamdt-live,1085.01,69,1065.99,89,,11,9,9,2,8,7,6,0,-0.003271028037383217,-0.00048757618377870404,-0.012459621596677461,-0.003757009345794371,0.016169820027688075,0.01570271557884717,0.0507747105966162,-0.043535217586361585,-0.20862657757980696,0.37,9,左侧观察,,52,0,0
49,Glock-18 | Mirror Mosaic (Factory New),150.5,146.0,356,30,0.0843,0.9701,steamdt-live,157.88,220,156.88,159,,7,12,9,2,4,9,6,3,0.0018543046357615278,-0.005156002115282887,-0.02574359636105561,-0.0033112582781457123,0.0289696109426415,0.0033333333333334103,0.0289696109426415,0.01074546675621213,-0.059374999999999956,0.37,10,左侧观察,,52,0,0
50,AK-47 | Safari Mesh (Factory New),38.36,36.6,591,35,0.0592,0.9541,steamdt-live,37.39,185,37.84,191,,3,9,12,2,8,9,4,5,-0.0029333333333333433,0.0,-0.03000517330574226,-0.0029333333333333433,0.032850491464045395,0.013553808620222263,0.06431431431431434,-0.05365730194887364,-0.2210416666666667,0.37,13,左侧观察,,52,0,0
51,Galil AR | Rainbow Spoon (Factory New),169.99,168.0,928,26,0.028,0.9883,steamdt-live,173.5,401,173.14,611,,3,12,15,2,4,7,6,3,-0.008720930232558155,-0.0029912023460409998,0.0,-0.011686046511627857,0.017398843930635732,0.0,0.017398843930635732,0.0,-0.10531578947368414,0.37,9,左侧观察,,52,0,0
52,M4A1-S | Black Lotus (Factory New),73.4,71.0,1522,29,0.0191,0.9673,steamdt-live,74.5,1034,76.27,545,,3,12,15,2,4,10,6,0,-0.012178619756427644,0.0,-0.0065869068423174415,-0.012178619756427644,0.021316530366000896,0.0,0.026666666666666616,-0.02367259596094684,-0.17327293318233294,0.13,12,左侧观察,,52,0,0
53,Glock-18 | Twilight Galaxy (Factory New),3127.68,3060.0,317,27,0.0852,0.9784,steamdt-live,3291.08,78,3151.6,106,,7,12,9,2,8,9,4,0,-0.023736552609120887,-0.0021598685574821808,-0.008415922616749727,-0.02584515333295956,0.037488844437605806,0.007878887481752805,0.05221818181818183,-0.03763692307692312,-0.14263157894736844,0.36,17,左侧观察,,51,0,0
54,M4A4 | Temukau (Factory New),618.0,615.0,779,34,0.0436,0.9951,steamdt-live,622.5,653,626.45,330,,3,15,12,2,6,4,4,5,-0.00301340001282302,-0.006430868167202619,-0.015962145110410053,-0.009424889401808079,0.02906520031421833,0.0,0.033620015637216616,-0.033620015637216616,-0.10951008645533145,0.33,11,左侧观察,,51,0,0
55,USP-S | Bleeding Edge (Factory New),32.0,30.0,857,33,0.0385,0.9375,steamdt-live,30.53,522,33.0,407,,3,9,12,2,4,10,6,5,0.03333333333333344,-0.015161290322580623,-0.04458598726114649,0.01766666666666672,0.02770700636942669,0.01766666666666672,0.028944020356234113,-0.011654257041113558,-0.19382096646421965,0.3,9,左侧观察,,51,0,0
56,★ Hand Wraps | Arboreal (Minimal Wear),444.4,487.0,122,24,0.1967,1.0959,steamdt-live,445.0,93,453.0,90,"溢价求购:买一高于卖一,多为定向收特定图案,买一价不可作退出价",14,0,7,5,4,9,6,5,-0.001348314606741674,0.0,-0.015486725663716783,-0.001348314606741674,0.016814159292035447,0.004293785310734322,0.02631405972699996,-0.010244988864142601,-0.10741544147184068,0.28,5,左侧观察,买一异常溢价(不作为可成交退出价),50,0,0
57,MP9 | Airlock (Factory New),153.89,146.0,276,19,0.0688,0.9487,steamdt-live,154.05,103,156.12,102,,7,9,9,2,8,11,4,0,-0.027277893540443188,-0.001038623823434115,-0.03297307199120725,-0.028288185893793116,0.061531894133430964,0.005816993464052178,0.061531894133430964,-0.056641942009440394,-0.20173254486979986,0.3,4,左侧观察,,50,0,0
58,Tec-9 | Bamboo Forest (Factory New),196.0,192.0,1473,101,0.0686,0.9796,steamdt-live,187.0,290,196.98,264,,7,12,15,2,8,6,0,0,-0.0030364372469635637,-0.005076142131979711,-0.0217821782178218,-0.0080971659919028,0.03438762439649223,0.048128342245989275,0.05950095969289826,-0.040579568260805665,-0.18974782968168669,0.19,10,左侧观察,,50,0,0
59,Glock-18 | Steel Disruption (Factory New),236.78,228.0,365,21,0.0575,0.9629,steamdt-live,240.3,73,232.9,84,,3,12,9,2,10,12,2,0,-0.0236936746350751,0.00931744312026006,-0.019294605809128673,-0.01459699598053732,0.03360995850622406,0.0260815930919025,0.13612759643916916,-0.07897338553406885,-0.22366666666666668,0.37,14,左侧观察,,50,0,0
60,M4A1-S | Stratosphere (Factory New),205.0,200.0,397,17,0.0428,0.9756,steamdt-live,221.4,246,216.0,323,,3,12,9,2,10,8,6,0,0.009732360097323589,-0.012048192771084376,-0.014388489208633115,-0.0024330900243308973,0.021479713603818618,0.0024449877750611915,0.0868596881959911,-0.04867975312079453,-0.23933209647495357,0.37,13,左侧观察,,50,0,0
61,AK-47 | Midnight Laminate (Factory New),82.99,75.0,1533,28,0.0183,0.9037,steamdt-live,84.0,1031,83.98,691,,3,6,15,2,4,9,6,5,0.008293269230769118,-0.009417093813327004,-0.013048635824436494,-0.0012019230769231282,0.021201413427561988,0.025925925925925908,0.021201413427561988,0.016265133912192642,-0.11122994652406426,0.37,11,左侧观察,,50,0,0
62,AWP | The End (Factory New),308.0,280.0,67,17,0.2537,0.9091,steamdt-live,310.0,63,305.0,126,,17,6,4,2,2,10,3,5,0.03214285714285725,0.05536332179930792,-0.03448275862068961,0.08928571428571419,0.012305699481865329,0.08928571428571419,0.012305699481865329,0.016666666666666607,-0.10818713450292394,0.37,4,左侧观察,,49,0,0
63,USP-S | Sleeping Potion (Factory New),47.28,45.0,230,23,0.1,0.9518,steamdt-live,47.25,182,51.35,102,,11,9,7,2,6,8,6,0,-0.004440685134277866,0.002548853016142827,-0.008595387840670932,-0.0019031507718333396,0.010482180293501009,0.02297355873428697,0.04646464646464643,-0.022774327122153104,-0.05391862096612543,0.37,15,左侧观察,,49,0,0
64,AWP | LongDog (Factory New),2937.92,2820.0,331,33,0.0997,0.9599,steamdt-live,2948.0,132,2949.96,167,,7,9,9,2,6,10,6,0,-0.009998842095942595,0.01064334807945011,-0.0007350689127104681,0.0005380848266889338,0.01152356695612966,0.01064334807945011,0.036431616923581434,-0.031986820428336005,-0.20661085606265184,0.37,5,左侧观察,,49,0,0
65,AK-47 | Nouveau Rouge (Factory New),360.0,347.0,414,30,0.0725,0.9639,steamdt-live,374.61,289,379.0,161,,7,12,9,2,8,5,6,0,-0.016260162601625994,-0.008264462809917328,0.027855153203342642,-0.024390243902439046,0.05013192612137207,0.005586592178770999,0.05013192612137207,-0.019073569482288777,-0.11926605504587151,0.37,10,左侧观察,,49,0,0
66,★ Specialist Gloves | Blackbook (Minimal Wear),3100.0,4240.0,40,22,0.55,1.3677,steamdt-live,3209.11,57,3155.45,27,"溢价求购:买一高于卖一,多为定向收特定图案,买一价不可作退出价",20,0,4,5,6,6,4,3,-0.009841269841269873,-0.006091696056428342,-0.02021772939346811,-0.015873015873015928,0.0369680024852439,0.0,0.04600120634686167,-0.04600120634686167,-0.040099086545904994,0.37,4,左侧观察,买一异常溢价(不作为可成交退出价),48,0,0
67,★ Driver Gloves | Brocade Flowers (Field-Tested),850.0,1460.0,76,41,0.5395,1.7176,steamdt-live,789.9,86,868.0,89,"溢价求购:买一高于卖一,多为定向收特定图案,买一价不可作退出价",20,0,4,5,6,4,4,5,-0.0068749999999999645,-0.005789804908747698,-0.017802332719459746,-0.012624999999999997,0.030202578268876623,0.0,0.047050307636626876,-0.04647513278609372,-0.1262168141592921,0.2,3,左侧观察,买一异常溢价(不作为可成交退出价),48,0,0
68,Galil AR | Sugar Rush (Factory New),937.99,916.0,316,25,0.0791,0.9766,steamdt-live,951.96,72,942.68,92,,7,12,9,2,4,8,6,0,0.009872340425531867,-0.011893224338445973,-0.010495068265313656,-0.0021382978723404333,0.01261092455551227,0.0,0.016915933887415746,-0.016915933887415746,-0.20408145948239287,0.23,7,左侧观察,,48,0,0
69,★ Sport Gloves | Red Racer (Field-Tested),835.0,1330.0,220,45,0.2045,1.5928,steamdt-live,832.0,200,855.0,61,"溢价求购:买一高于卖一,多为定向收特定图案,买一价不可作退出价",17,0,7,5,2,10,6,0,-0.0012195121951219523,0.015873015873015817,-0.022646007151370662,0.014634146341463428,0.012931545853600679,0.015873015873015817,0.012931545853600679,0.004830917874396157,-0.08275086543337806,0.12,12,左侧观察,买一异常溢价(不作为可成交退出价),47,0,0
70,★ Hand Wraps | CAUTION! (Minimal Wear),1158.0,1490.0,250,41,0.164,1.2867,steamdt-live,1175.0,169,1187.0,78,"溢价求购:买一高于卖一,多为定向收特定图案,买一价不可作退出价",14,0,7,5,2,8,6,5,-0.003456896551724098,0.0017387693665169568,-0.011082693947144118,-0.0017241379310344307,0.014468085106382977,0.006081668114682914,0.014468085106382977,0.017127799736495364,-0.09953343701399686,0.37,5,左侧观察,买一异常溢价(不作为可成交退出价),47,0,0
71,★ Moto Gloves | Polygon (Field-Tested),661.9,869.0,319,36,0.1129,1.3129,steamdt-live,674.5,269,664.82,202,"溢价求购:买一高于卖一,多为定向收特定图案,买一价不可作退出价",11,0,9,5,6,10,6,0,-0.01135175504107544,0.0,-0.005348388055266717,-0.01135175504107544,0.02217429200336829,0.002878787878787925,0.04279165280770514,-0.029472140762463406,-0.08324099722991696,0.06,19,左侧观察,买一异常溢价(不作为可成交退出价),47,0,0
72,★ Driver Gloves | Queen Jaguar (Field-Tested),293.9,403.0,252,26,0.1032,1.3712,steamdt-live,289.9,196,305.34,87,"溢价求购:买一高于卖一,多为定向收特定图案,买一价不可作退出价",11,0,9,5,6,7,4,5,-0.0034317089910775866,-0.001721763085399397,-0.018855218855218903,-0.00514756348661638,0.023905723905723986,0.017192982456140316,0.030369924409659688,-0.000310355529501094,-0.06631453508969698,0.37,6,左侧观察,买一异常溢价(不作为可成交退出价),47,0,0
73,AK-47 | Head Shot (Factory New),538.5,536.0,384,18,0.0469,0.9954,steamdt-live,552.5,190,559.5,138,,3,15,9,2,4,8,6,0,-0.007341576506955216,-0.0018350664516487702,0.0,-0.009163170677853882,0.010110294117647078,0.016037735849056656,0.028854824165915227,-0.028854824165915227,-0.09798994974874375,0.37,11,左侧观察,,47,0,0
74,USP-S | Royal Guard (Factory New),31.5,29.2,1068,35,0.0328,0.927,steamdt-live,30.85,702,32.7,738,,3,6,15,2,4,10,3,3,-0.017191977077363862,-0.0006478781988985549,0.04944871366521886,-0.01782871696911803,0.01782871696911803,0.06379310344827593,0.01782871696911803,0.042581953362622604,-0.12258248009101236,0.37,10,左侧观察,,46,0,0
75,USP-S | Jawbreaker (Factory New),106.0,102.0,409,30,0.0733,0.9623,steamdt-live,105.36,233,110.28,190,,7,12,9,2,4,7,4,0,-0.011126694717157548,-0.0037821482602118373,0.0007485730326564077,-0.014866760168303017,0.022997032640949544,0.0034285714285713365,0.027236635583048674,-0.019815796818308584,-0.18953846153846154,0.34,9,左侧观察,,45,0,0
76,AWP | Electric Hive (Factory New),524.49,495.0,475,32,0.0674,0.9438,steamdt-live,520.99,217,532.58,179,,7,9,9,2,8,8,2,0,-0.018481612393773106,-0.003926826932286076,0.012160079164208693,-0.02233586523275921,0.023730850105136647,0.018808777429467183,0.07964601769911506,-0.06860111051406048,-0.25018024513338144,0.26,6,左侧观察,,45,0,0
77,AK-47 | Jet Set (Factory New),5758.91,4360.0,12,2,0.1667,0.7571,steamdt-live,5833.91,8,6109.03,14,,8,1,2,2,10,10,6,5,0.004396811831801406,0.0,-0.09600306498428879,0.004396811831801406,0.013194171945763333,0.004396811831801406,0.09660330712045839,-0.010423450529850165,-0.27102405063291146,0.2,2,左侧观察,,44,0,0
78,Desert Eagle | Fennec Fox (Factory New),2360.99,2930.0,445,55,0.1236,1.241,steamdt-live,2412.41,124,2372.79,84,"溢价求购:买一高于卖一,多为定向收特定图案,买一价不可作退出价",11,0,9,2,8,7,2,5,-0.004633333333333267,-0.011674927162519833,-0.05119588851551693,-0.01625416666666679,0.06661790867760431,0.0,0.06973289676394911,-0.05899163013152664,-0.23542822353699333,0.37,8,左侧观察,买一异常溢价(不作为可成交退出价),44,0,0
79,AK-47 | Case Hardened (Factory New),2959.0,13550.0,483,52,0.1077,4.5792,steamdt-live,2999.88,324,3100.0,168,"溢价求购:买一高于卖一,多为定向收特定图案,买一价不可作退出价",11,0,9,2,4,9,6,3,-0.006207843571742644,-0.00033783783783780663,-0.005512520868113602,-0.006543584165130567,0.011690046760187034,0.0030508474576271816,0.02824302134646961,-0.02824302134646961,-0.04517278209997444,0.36,3,左侧观察,买一异常溢价(不作为可成交退出价),44,0,0
80,USP-S | Caiman (Factory New),469.5,438.0,242,24,0.0992,0.9329,steamdt-live,517.38,48,470.0,87,,7,9,7,2,4,9,6,0,0.006170212765957306,-0.007189680693592715,-0.010317961676142295,-0.0010638297872340718,0.018747256881309182,0.0,0.021874999999999978,0.014038876889848728,-0.1898188093183779,0.37,8,左侧观察,,44,0,0
81,★ Sport Gloves | Bronze Morph (Field-Tested),432.0,520.0,294,29,0.0986,1.2037,steamdt-live,449.0,236,455.0,152,"溢价求购:买一高于卖一,多为定向收特定图案,买一价不可作退出价",7,0,9,5,6,10,4,3,-0.005265567765567747,-0.0023014959723820505,-0.012881355932203409,-0.007554945054945028,0.026936026936026924,0.0093131548311991,0.044101433296582115,-0.02911534154535278,-0.15825242718446597,0.37,19,左侧观察,买一异常溢价(不作为可成交退出价),44,0,0
82,AK-47 | Legion of Anubis (Factory New),349.5,347.0,770,34,0.0442,0.9928,steamdt-live,351.0,337,343.84,230,,3,15,12,2,2,8,2,0,-0.00872344100880973,-0.001365048938456681,0.024601769911504423,-0.01007658202337769,0.014756869824350316,0.015775480059084135,0.014756869824350316,0.012783505154638997,-0.03320680444256996,0.37,13,左侧观察,,44,0,0
83,★ Sport Gloves | Superconductor (Field-Tested),11199.5,14130.0,468,122,0.2607,1.2617,steamdt-live,11499.5,275,11553.0,102,"溢价求购:买一高于卖一,多为定向收特定图案,买一价不可作退出价",17,0,9,5,6,4,2,0,-0.00035313851858387313,-0.010907003444316832,-0.019306510222086737,-0.011256290279862302,0.030345480818598114,0.009009414838506258,0.0427777777777778,-0.026003391746749593,-0.11814960629921256,0.36,3,左侧观察,买一异常溢价(不作为可成交退出价),43,0,0
84,★ Moto Gloves | Finish Line (Field-Tested),478.5,674.0,419,40,0.0955,1.4086,steamdt-live,490.0,432,491.07,233,"溢价求购:买一高于卖一,多为定向收特定图案,买一价不可作退出价",7,0,9,5,4,7,6,5,-0.0027066416822819628,-0.0010438413361169019,-0.014769230769230757,-0.0037476577139288203,0.018461538461538418,0.0,0.020270270270270174,-0.015229471084585278,-0.11715867158671589,0.37,12,左侧观察,买一异常溢价(不作为可成交退出价),43,0,0
85,AWP | Graphite (Factory New),850.5,980.0,600,35,0.0583,1.1523,steamdt-live,861.91,426,868.88,276,"溢价求购:买一高于卖一,多为定向收特定图案,买一价不可作退出价",3,0,12,2,6,9,6,5,0.0,-0.0017605633802817433,-0.014459224985540753,-0.0017605633802817433,0.01619433198380571,0.0,0.04918949133594186,-0.032973280272882266,-0.11652885694103954,0.37,4,左侧观察,买一异常溢价(不作为可成交退出价),43,0,0
86,AWP | Pink DDPAT (Factory New),785.0,700.0,38,2,0.0526,0.8917,steamdt-live,996.34,15,842.73,40,,3,6,4,2,10,9,4,5,0.0006333122229258414,-0.006329113924050667,-0.07650017545911802,-0.005699810006333128,0.08176394899988304,0.0,0.1074474133030131,-0.1074474133030131,-0.22829645212980354,0.37,3,左侧观察,,43,0,0
87,★ Hydra Gloves | Case Hardened (Field-Tested),346.3,370.0,376,19,0.0505,1.0684,steamdt-live,348.0,400,345.2,159,"溢价求购:买一高于卖一,多为定向收特定图案,买一价不可作退出价",3,0,9,5,4,9,6,5,0.0013026487190621605,-0.0020237062734894673,-0.009604357798165153,-0.000723693732812225,0.010321100917431214,0.0008117824423052866,0.02623413258110019,0.004072134962187279,-0.05034387895460801,0.36,4,左侧观察,买一异常溢价(不作为可成交退出价),41,0,0
88,Glock-18 | Trace Lock (Factory New),35.89,33.8,292,14,0.0479,0.9418,steamdt-live,32.58,247,34.9,112,,3,9,9,2,10,8,0,0,-0.08282379099499715,-0.01272727272727281,0.007843137254901711,-0.09449694274596998,0.115875169606513,0.018124999999999947,0.13281873835507063,-0.11707317073170731,-0.16717791411042948,0.37,13,左侧观察,,41,0,0
89,AWP | The Prince (Factory New),16598.0,18120.0,72,13,0.1806,1.0917,steamdt-live,16875.0,72,16822.38,32,"溢价求购:买一高于卖一,多为定向收特定图案,买一价不可作退出价",14,0,4,2,4,5,6,5,-0.007799011728284788,-0.0040801632065282645,-0.00017857142857147235,-0.01184735369411205,0.012023809523809548,0.026722751453668092,0.015860780884053294,-0.015860780884053294,-0.023474730834853186,0.31,2,左侧观察,买一异常溢价(不作为可成交退出价),40,0,0
90,MP9 | Starlight Protector (Factory New),605.0,1040.0,210,31,0.1476,1.719,steamdt-live,612.5,164,605.23,79,"溢价求购:买一高于卖一,多为定向收特定图案,买一价不可作退出价",11,0,7,2,2,9,6,3,0.0035156056579794814,-0.004934210526315819,-0.012356345260412516,-0.001435951606780339,0.014577734343187654,0.0,0.014593784611375393,0.015117703317169662,0.025423728813559254,0.37,6,左侧观察,买一异常溢价(不作为可成交退出价),40,0,0
91,★ Sport Gloves | Big Game (Minimal Wear),1285.0,1460.0,227,24,0.1057,1.1362,steamdt-live,1309.99,185,1314.0,60,"溢价求购:买一高于卖一,多为定向收特定图案,买一价不可作退出价",11,0,7,5,4,7,6,0,-0.012996754638417762,-0.003489724699495933,0.02389517159225396,-0.016441124242238647,0.016441124242238647,7.782161728808745e-06,0.016441124242238647,0.005084082909659671,-0.03383458646616544,0.37,5,左侧观察,买一异常溢价(不作为可成交退出价),40,0,0
92,M4A1-S | Electrum (Factory New),36.15,46.1,515,43,0.0835,1.2752,steamdt-live,36.9,482,35.9,200,"溢价求购:买一高于卖一,多为定向收特定图案,买一价不可作退出价",7,0,12,2,6,5,4,3,0.0,-0.009615384615384692,-0.018867924528301994,-0.009615384615384692,0.03091397849462385,0.00417827298050133,0.03091397849462385,-0.023035230352303593,-0.047052603753634736,0.21,15,左侧观察,买一异常溢价(不作为可成交退出价),39,0,0
93,Five-SeveN | Case Hardened (Factory New),242.44,380.0,235,14,0.0596,1.5674,steamdt-live,234.1,145,231.79,123,"溢价求购:买一高于卖一,多为定向收特定图案,买一价不可作退出价",3,0,7,2,6,10,6,5,0.0018129235550568001,-0.0012926020078418698,-0.027250587840107476,0.000517978158587562,0.026746724890829743,0.004507042253521165,0.04609243178731637,-0.04609243178731637,-0.2216065551749613,0.37,3,左侧观察,买一异常溢价(不作为可成交退出价),39,0,0
94,★ Hand Wraps | Duct Tape (Field-Tested),263.4,296.0,227,30,0.1322,1.1238,steamdt-live,271.98,169,272.18,193,"溢价求购:买一高于卖一,多为定向收特定图案,买一价不可作退出价",11,0,7,5,6,6,2,0,-0.02788990825688087,-0.010947527368818322,0.0092592592592593,-0.038532110091743066,0.04029304029304026,0.009633911368015502,0.04029304029304026,-0.02238805970149249,-0.10580204778156999,0.06,11,左侧观察,买一异常溢价(不作为可成交退出价),37,0,0
95,★ Specialist Gloves | Crimson Kimono (Minimal Wear),16800.0,18580.0,358,21,0.0587,1.106,steamdt-live,17197.0,355,18398.0,64,"溢价求购:买一高于卖一,多为定向收特定图案,买一价不可作退出价",3,0,9,5,4,10,6,0,-0.023199697648050743,2.9762790559217933e-05,0.011676470588235288,-0.02317062534523362,0.023199023199023228,8.929368693633144e-05,0.028901734104046284,-0.01751513202140409,-0.008644852919481916,0.37,3,左侧观察,买一异常溢价(不作为可成交退出价),37,0,0
96,MP9 | Dry Season (Factory New),2300.0,55.0,2,4,2.0,0.0239,steamdt-live,769.5,2,697.0,3,,8,1,2,2,6,10,6,0,-0.03867372834602223,0.0,0.04022955523672889,-0.03867372834602223,0.03867372834602223,0.0028776978417266452,0.03867372834602223,0.0028776978417266452,-0.0028612303290415086,0.19,4,左侧观察,,35,0,0
97,★ Specialist Gloves | Tiger Strike (Field-Tested),999.99,1510.0,982,53,0.054,1.51,steamdt-live,992.0,823,1005.0,294,"溢价求购:买一高于卖一,多为定向收特定图案,买一价不可作退出价",3,0,15,5,2,5,4,0,-0.005002501250625291,-0.002513826043237799,0.0005005005005005447,-0.007503751875937992,0.013328028645315237,0.012244897959183598,0.013328028645315237,-0.006012024048096198,-0.05835896267608309,0.37,12,左侧观察,买一异常溢价(不作为可成交退出价),34,0,0
98,Desert Eagle | Sputnik (Factory New),57.8,57.0,2068,88,0.0426,0.9862,steamdt-live,55.94,494,57.79,508,,3,12,15,2,10,15,6,3,-0.01737146867871564,-0.002142857142857113,-0.04858096828046743,-0.019477101245832573,0.06711185308848078,0.016000000000000014,0.11301587301587301,-0.044132740335271925,-0.37911111111111107,0.37,13,长期阴跌,,66,0,0
99,M4A4 | Red DDPAT (Factory New),734.02,719.0,174,36,0.2069,0.9795,steamdt-live,733.8,30,730.0,70,,17,12,7,2,10,10,4,3,-0.02000322632682694,0.00137174211248281,-0.01182284332739969,-0.01865892348228204,0.02818270165208936,0.01388888888888884,0.08635794743429281,-0.03947368421052633,-0.3813559322033898,0.25,8,长期阴跌,,65,0,0
100,★ Sport Gloves | Hedge Maze (Field-Tested),25150.0,35810.0,579,191,0.3299,1.4239,steamdt-live,25400.0,381,25567.0,106,"溢价求购:买一高于卖一,多为定向收特定图案,买一价不可作退出价",20,0,12,5,4,10,6,5,0.002004008016031955,0.006000000000000005,-0.01379501166053998,0.008016032064128265,0.005889560852207598,0.013295729250604404,0.021172258114735,-0.021172258114735,-0.06851851851851853,0.37,9,回撤不明显,买一异常溢价(不作为可成交退出价),62,0,0
101,★ Bloodhound Gloves | Snakebite (Field-Tested),1233.5,1200.0,230,50,0.2174,0.9728,steamdt-live,1364.3,17,1219.99,77,,17,12,7,5,8,3,4,5,0.0028306451612902794,-0.018914202539585534,-0.023622047244094446,-0.016137096774193505,0.043145098039215735,0.0,0.05397797766749368,-0.0029666072800378362,-0.15249044807224732,0.37,10,可能加速下跌,,61,0,0
102,AK-47 | Hydroponic (Factory New),24899.9,25010.0,224,35,0.1562,1.0044,steamdt-live,25887.5,124,25399.5,68,,14,15,7,2,6,10,6,0,-0.008384527644928252,0.004960245388868856,-0.0005399999999999849,-0.003465871570648038,0.0040039999999998965,0.016322448979591897,0.040466281310211905,-0.01581422924901177,-0.084528842972168,0.37,7,回撤不明显,,60,0,0
103,AK-47 | Emerald Pinstripe (Factory New),83.8,81.0,818,38,0.0465,0.9666,steamdt-live,88.43,220,85.07,286,,3,12,12,2,10,10,6,5,0.010739856801909475,-0.010625737898465215,-0.05310734463276834,0.0,0.05310734463276834,0.0023923444976077235,0.11294590875410182,-0.06347787215020129,-0.31407055741998857,0.37,9,长期阴跌,,60,0,0
104,★ Hand Wraps | Badlands (Field-Tested),2710.0,2690.0,309,193,0.6246,0.9926,steamdt-live,2800.0,23,2715.0,58,,20,15,9,5,8,0,2,0,-0.006433166547534008,-0.023381294964028743,-0.010608203677510586,-0.02966404574696213,0.04619708413841561,0.005183265457238129,0.0793489318413021,-0.03035714285714286,0.04463255098114649,0.37,7,可能加速下跌,,59,0,0
105,★ Driver Gloves | Crimson Weave (Field-Tested),7222.73,6970.0,236,101,0.428,0.965,steamdt-live,7279.5,24,7300.0,56,,20,12,7,5,8,3,4,0,-0.009456425607184182,-0.00786675824175831,-0.019934684537517677,-0.01724879243485955,0.03683962773653526,0.0032266129592333215,0.07377029208808938,-0.05331542040762838,-0.20629340659340667,0.37,6,暂未减速,,59,0,0
106,★ Hand Wraps | Slaughter (Field-Tested),3220.0,3130.0,288,123,0.4271,0.972,steamdt-live,3299.99,45,3222.22,86,,20,12,9,5,8,1,0,3,0.0030800094769523056,-0.033742331288343586,-0.03546817035168426,-0.030766248511533867,0.06514319631992882,0.0,0.07827359180687632,-0.06222089907710626,-0.14841849148418496,0.37,9,可能加速下跌,,58,0,0
107,★ Hand Wraps | Leather (Field-Tested),3868.0,3760.0,305,82,0.2689,0.9721,steamdt-live,3938.19,27,3800.0,64,,17,12,9,5,10,0,2,3,-0.006636054447842876,-0.022508038585209,-0.021387846961740453,-0.028994728463486275,0.05413814561294339,0.0,0.08818236352729458,-0.07045009784735812,-0.15546171796866315,0.37,7,可能加速下跌,,58,0,0
108,FAMAS | Meltdown (Factory New),478.5,455.0,159,16,0.1006,0.9509,steamdt-live,485.73,56,480.54,92,,11,9,7,2,8,10,6,5,0.022041487313707142,0.012698412698412653,-0.04678350515463914,0.03501979191451632,0.013402061855670055,0.03501979191451632,0.05881195908733272,-0.05881195908733272,-0.30247813411078717,0.37,3,长期阴跌,,58,0,0
109,Desert Eagle | Starcade (Factory New),1230.0,1190.0,605,36,0.0595,0.9675,steamdt-live,1220.0,142,1219.0,171,,3,12,12,2,8,10,6,5,0.006198347107438051,0.001232032854209475,-0.008196721311475419,0.007438016528925617,0.0008196721311475308,0.00785448532451416,0.055038759689922445,-0.01574485264432779,-0.2032679738562092,0.33,2,回撤不明显,,58,0,0
110,MP9 | Sand Scale (Factory New),33.7,32.2,900,37,0.0411,0.9555,steamdt-live,32.38,234,34.19,221,,3,9,15,2,8,10,6,5,0.009639303482587236,-0.0027717893440097896,-0.008631319358816336,0.006840796019900619,0.005833589192508426,0.012824522990303455,0.0559766763848395,-0.012804878048780277,-0.4476287956328897,0.37,8,长期阴跌,,58,0,0
111,M4A4 | Etch Lord (Factory New),19.86,18.7,829,22,0.0265,0.9416,steamdt-live,20.0,368,20.78,456,,3,9,12,2,6,20,6,0,-0.009150991357397165,0.018984094407388463,-0.00906801007556679,0.009659379766141285,0.0055082623935903685,0.018984094407388463,0.0428915662650603,-0.0302734375,-0.42132867132867136,0.25,7,长期阴跌,,58,0,0
112,★ Hand Wraps | Spruce DDPAT (Field-Tested),2389.5,2340.0,303,143,0.4719,0.9793,steamdt-live,2453.23,27,2426.26,65,,20,12,9,5,8,1,2,0,-0.018255578093306246,-0.016528925619834656,-0.009045226130653283,-0.03448275862068961,0.04321608040201008,0.00421940928270037,0.06610999497739833,-0.042214978469958586,-0.07930367504835589,0.37,12,可能加速下跌,,57,0,0
113,★ Driver Gloves | Convoy (Minimal Wear),3249.49,3140.0,135,35,0.2593,0.9663,steamdt-live,3497.89,33,3287.54,32,,17,12,7,5,8,1,4,3,-0.004700712229125714,-0.010505513110575904,-0.016542473919523126,-0.0151568419457494,0.031448584202682595,0.0,0.058118840579710174,-0.03718814814814819,-0.1874243560890223,0.19,4,可能加速下跌,,57,0,0
114,★ Moto Gloves | Eclipse (Minimal Wear),3439.48,3350.0,147,37,0.2517,0.974,steamdt-live,3719.94,20,3492.24,28,,17,12,7,5,8,3,2,3,-0.0009977150032827176,-0.01291724183452947,-0.020227641728324364,-0.013902069111832893,0.030944042644908465,0.005695906432748643,0.05482824951909859,0.011611764705882432,-0.16110243902439025,0.35,9,可能加速下跌,,57,0,0
115,★ Driver Gloves | Lunar Weave (Field-Tested),4297.99,4220.0,283,117,0.4134,0.9819,steamdt-live,4386.16,23,4319.48,67,,20,12,9,5,10,0,0,0,-0.004520893860816111,-0.03782702579838615,-0.019951435319163102,-0.04217690769049742,0.06128685316391136,0.0,0.10467851099830794,-0.10467851099830794,-0.29892679695263336,0.37,7,可能加速下跌,,56,0,0
116,★ Moto Gloves | Boom! (Field-Tested),3155.5,3100.0,258,101,0.3915,0.9824,steamdt-live,3250.0,31,3276.99,53,,20,12,9,5,8,0,2,0,-0.012923076923076926,-0.016365336658354157,-0.013147906355327588,-0.02907692307692311,0.04184252877053418,0.00814696485623001,0.06831656273620568,-0.028927527311894186,-0.16443797166688734,0.37,11,可能加速下跌,,56,0,0
117,★ Driver Gloves | Diamondback (Field-Tested),2789.98,2720.0,319,120,0.3762,0.9749,steamdt-live,2879.0,21,2820.75,38,,20,12,9,5,8,0,2,0,-0.004596888260254617,-0.008888099467140309,-0.007332680447472484,-0.013444130127298393,0.02067822906465322,0.0072129963898917016,0.06954143738535934,-0.029572173913043454,-0.2139794337230596,0.37,10,可能加速下跌,,56,0,0
118,★ Bloodhound Gloves | Charred (Field-Tested),1547.49,1510.0,247,76,0.3077,0.9758,steamdt-live,1688.0,20,1587.04,59,,20,12,7,5,6,0,6,0,-0.0006414734836456271,-0.016523778352579344,-0.01593750000000005,-0.01715465227056212,0.03281875000000001,0.03166000000000002,0.03281875000000001,-0.0078093442843678584,-0.09741032370953628,0.37,7,可能加速下跌,,56,0,0
119,AK-47 | Neon Revolution (Factory New),1599.5,1590.0,588,142,0.2415,0.9941,steamdt-live,1660.0,109,1627.99,141,,17,15,12,2,8,0,2,0,-0.006402439024390194,-0.0184105553850874,-0.004546309841030882,-0.02469512195121948,0.03586497890295359,0.0,0.07221577726218098,-0.02972399150743099,-0.08599999999999997,0.35,11,可能加速下跌,,56,0,0
120,Galil AR | Dusk Ruins (Factory New),247.0,237.0,288,24,0.0833,0.9595,steamdt-live,269.99,53,253.91,90,,7,9,9,2,8,10,6,5,-0.02180885182809489,0.012295081967213184,-0.007756871792831799,-0.00978191148171903,0.027559055118110187,0.012295081967213184,0.0685923300275274,-0.015936254980079667,-0.33584296853993,0.26,7,长期阴跌,,56,0,0
121,★ Sport Gloves | Arid (Field-Tested),6220.0,6100.0,347,115,0.3314,0.9807,steamdt-live,6447.98,58,6267.65,79,,20,12,9,5,8,1,0,0,0.007460317460317389,-0.020009453285016576,-0.013544194785876429,-0.012698412698412653,0.023547880690737877,0.01146434669485319,0.05377652696432644,-0.05392045022435166,-0.1856506938989264,0.37,7,可能加速下跌,,55,0,0
122,★ Specialist Gloves | Foundation (Field-Tested),5279.5,5160.0,327,81,0.2477,0.9774,steamdt-live,5250.0,40,5233.0,63,,17,12,9,5,10,0,2,0,-0.020144725539790298,-0.021869158878504713,-0.0072745454545455335,-0.041573336214901446,0.04854545454545456,0.0,0.09775862068965513,-0.06251903446447316,-0.2660589060308556,0.37,4,可能加速下跌,,55,0,0
123,Glock-18 | Neo-Noir (Factory New),1248.0,1230.0,396,69,0.1742,0.9856,steamdt-live,1268.87,88,1279.5,117,,14,12,9,2,8,1,4,5,-0.0035354609091410305,-0.013828526274199948,-0.018986999544250205,-0.017315096969267474,0.03218301667312917,0.0,0.054545454545454564,-0.037408407250289266,-0.12112676056338023,0.31,8,可能加速下跌,,55,0,0
124,AK-47 | Leet Museo (Factory New),3550.0,3480.0,605,97,0.1603,0.9803,steamdt-live,3600.0,63,3596.3,68,,14,12,12,2,8,0,2,5,-0.0002754820936639035,-0.021769082391843497,-0.021563342318059342,-0.02203856749311295,0.053333333333333344,0.0033917467495760967,0.07189542483660127,-0.04312668463611857,-0.07019381875327402,0.36,7,可能加速下跌,,55,0,0
125,M4A1-S | Nightmare (Factory New),1715.0,1660.0,390,62,0.159,0.9679,steamdt-live,1715.0,58,1763.99,71,,14,12,9,2,10,1,4,3,0.004272727272727206,-0.029713949488548885,-0.032036298638801086,-0.025568181818181768,0.05678537054860444,0.0,0.09211222869242985,-0.055876685934489356,-0.029977375565610864,0.37,9,可能加速下跌,,55,0,0
126,Tec-9 | Avalanche (Factory New),70.62,68.0,464,38,0.0819,0.9629,steamdt-live,72.12,162,73.3,151,,7,12,9,2,8,6,6,5,-0.0004226542688081647,-0.0046511627906976605,-0.01238347015444552,-0.005071851225697421,0.017392514261861725,0.0,0.058399999999999896,0.046687416629613177,-0.3431919642857142,0.37,3,长期阴跌,,55,0,0
127,Desert Eagle | Night Heist (Factory New),553.5,537.0,805,52,0.0646,0.9702,steamdt-live,560.0,140,565.51,176,,7,12,12,2,10,5,4,3,-0.0017825311942959443,-0.011607142857142816,-0.02604166666666663,-0.013368983957219305,0.047332185886402756,0.0,0.10195671220430291,-0.042387543252595195,-0.3200162164154351,0.37,14,长期阴跌,,55,0,0
128,P250 | Cyber Shell (Factory New),22.52,22.2,370,21,0.0568,0.9858,steamdt-live,22.13,126,22.72,117,,3,12,9,2,10,10,6,3,0.00994575045207946,-0.009400179051029633,-0.021671826625386914,0.00045207956600346044,0.02122954444935876,0.00045207956600346044,0.09451718494271699,-0.09451718494271699,-0.36408045977011494,0.35,4,长期阴跌,,55,0,0
129,AK-47 | Inheritance (Factory New),707.0,705.0,822,46,0.056,0.9972,steamdt-live,709.5,703,707.0,228,,3,15,12,2,4,10,6,3,0.007857142857142785,0.002126151665485576,-0.013389711064129672,0.010000000000000009,0.004225352112676051,0.010000000000000009,0.02496207419666252,-0.02496207419666252,-0.09475032010243278,0.37,14,回撤不明显,,55,0,0
130,★ Driver Gloves | Convoy (Field-Tested),3160.0,3110.0,184,135,0.7337,0.9842,steamdt-live,3400.21,19,3120.0,45,,20,12,7,5,10,0,0,0,-0.009287925696594423,-0.025000000000000022,-0.021212121212121238,-0.034055727554179516,0.054545454545454564,0.0,0.09565217391304348,-0.07111894441004152,-0.18110236220472442,0.37,8,可能加速下跌,,54,0,0
131,Tec-9 | Decimator (Factory New),764.0,747.0,202,62,0.3069,0.9777,steamdt-live,810.6,55,805.2,37,,20,12,7,2,10,0,0,3,-0.011757425742574212,-0.04320601127113333,-0.03233532934131733,-0.054455445544554504,0.09989514485326167,0.0052631578947368585,0.10059450232503386,-0.08283313325330133,0.25902244487656945,0.32,13,可能加速下跌,,54,0,0
132,★ Broken Fang Gloves | Needle Point (Field-Tested),272.99,281.0,86,18,0.2093,1.0293,steamdt-live,275.21,95,269.0,103,,17,15,4,5,2,0,6,5,0.011382720656839096,-0.0073800738007380184,-0.005197698162242581,0.003918641537600243,0.0073800738007380184,0.015094339622641506,0.0073800738007380184,0.003731343283582156,-0.046099290780141855,0.37,8,回撤不明显,,54,0,0
133,★ Broken Fang Gloves | Yellow-banded (Field-Tested),276.0,283.0,152,23,0.1513,1.0254,steamdt-live,279.5,129,286.32,95,,14,15,7,5,4,2,4,3,-0.007168458781361964,-0.005415162454873612,0.01119930412090886,-0.012544802867383464,0.019572953736654797,0.0003267855197703895,0.019572953736654797,-0.013958482462419375,-0.05449927929164666,0.37,12,可能加速下跌,,54,0,0
134,USP-S | Orange Anolis (Factory New),429.0,420.0,255,34,0.1333,0.979,steamdt-live,430.0,62,433.98,112,,11,12,9,2,4,10,6,0,-0.0011764705882353343,0.010600706713780994,-0.021909233176838794,0.009411764705882453,0.015851896033584945,0.021428571428571352,0.015851896033584945,0.004919184820801226,-0.3490136570561456,0.32,11,长期阴跌,,54,0,0
135,P250 | Crimson Kimono (Factory New),145.09,138.0,134,15,0.1119,0.9511,steamdt-live,144.05,66,145.79,107,,11,9,7,2,4,10,6,5,-0.003714285714285781,0.03276455405792955,-0.036608863198458574,0.028928571428571415,0.008739333883842404,0.03648006907468715,0.02073419442556068,-0.020867319195214784,-0.2901493125708372,0.18,6,回撤不明显,,54,0,0
136,USP-S | Spiral Glitch (Factory New),513.0,502.0,37,20,0.5405,0.9786,steamdt-live,515.5,47,509.8,73,,20,12,4,2,4,0,6,5,0.004509803921568523,-0.004879953152449601,0.0,-0.00039215686274507444,0.007707879165368969,0.016773370031313073,0.018671799807507217,0.030315278900565845,0.019600000000000062,0.3,4,回撤不明显,,53,0,0
137,★ Specialist Gloves | Forest DDPAT (Field-Tested),1884.26,1850.0,287,84,0.2927,0.9818,steamdt-live,1915.64,32,1868.89,60,,17,12,9,5,8,0,2,0,-0.002344360510549648,-0.02408355091383807,-0.0031885503001599647,-0.026371450898671434,0.029475914501152833,0.0,0.05440194292653311,-0.03116640746500776,-0.19444827586206892,0.37,10,可能加速下跌,,53,0,0
138,Desert Eagle | Code Red (Factory New),1100.0,1070.0,261,65,0.249,0.9727,steamdt-live,1117.5,63,1106.12,107,,17,12,9,2,8,0,2,3,-0.003097345132743401,-0.023524189968930354,-0.01859459271675601,-0.026548672566371723,0.05171596306864712,0.0,0.05982905982905984,-0.013010318528488107,-0.05902480752780159,0.36,5,可能加速下跌,,53,0,0
139,★ Specialist Gloves | Forest DDPAT (Minimal Wear),1944.21,1880.0,165,28,0.1697,0.967,steamdt-live,2079.3,24,1952.95,43,,14,12,7,5,8,0,2,5,-0.0002525252525252819,-0.01782773427633244,-0.006821829855537698,-0.018075757575757523,0.02394196495808021,0.0,0.06885602352512954,-0.02495524004874694,-0.2093493289955266,0.13,7,可能加速下跌,,53,0,0
140,AK-47 | Neon Rider (Factory New),1489.5,1460.0,504,77,0.1528,0.9802,steamdt-live,1560.0,184,1557.92,117,,14,12,12,2,10,0,0,3,-0.00649350649350644,-0.026470588235294135,-0.012504007694774,-0.03279220779220782,0.05668144395186825,0.0,0.0860841821082341,-0.04519230769230764,0.003368137420006745,0.37,11,可能加速下跌,,53,0,0
141,USP-S | Pathfinder (Factory New),217.95,197.0,129,17,0.1318,0.9039,steamdt-live,199.97,74,203.51,93,,11,6,7,2,10,8,6,3,-0.0168125061449218,-0.002650000000000041,-0.017294685990338232,-0.01941795300363769,0.03637681159420292,0.0,0.0900506363760778,-0.09013364959175296,-0.4292540559100404,0.1,3,长期阴跌,,53,0,0
142,AWP | Ice Coaled (Factory New),180.0,176.0,346,31,0.0896,0.9778,steamdt-live,188.0,234,186.0,133,,7,12,9,2,2,10,6,5,0.020000000000000018,0.008403361344537785,-0.03314917127071826,0.02857142857142847,0.00990099009900991,0.02857142857142847,0.00990099009900991,0.0033444816053511683,-0.076828392655657,0.37,10,回撤不明显,,53,0,0
143,Glock-18 | Warhawk (Factory New),40.65,38.5,399,22,0.0551,0.9471,steamdt-live,42.02,77,40.6,235,,3,9,9,2,10,9,6,5,-0.028905876731963764,-0.00246002460024608,-0.010167888389690183,-0.03129479216435749,0.04114447860014192,0.013749999999999929,0.08876404494382029,-0.07630979498861057,-0.3918716256748651,0.18,4,长期阴跌,,53,0,0
144,Glock-18 | Grinder (Factory New),59.45,56.0,888,34,0.0383,0.942,steamdt-live,58.7,352,59.55,257,,3,9,12,2,6,10,6,5,0.01379310344827589,-0.00170068027210879,-0.02815013404825739,0.012068965517241459,0.01642091152815006,0.012068965517241459,0.0486223662884927,-0.047387211944173835,-0.32427765626798666,0.37,3,长期阴跌,,53,0,0
145,★ Moto Gloves | Eclipse (Field-Tested),3450.0,3370.0,262,118,0.4504,0.9768,steamdt-live,3595.0,20,3421.59,60,,20,12,9,5,6,0,0,0,0.0036762177650428995,-0.023192675636556692,-0.0196629213483146,-0.0196017191977077,0.03887921348314605,0.018330357142857245,0.04823643949930456,-0.00216097987751529,-0.1111598908949214,0.37,7,可能加速下跌,,52,0,0
146,AK-47 | The Empress (Factory New),1649.9,1630.0,351,98,0.2792,0.9879,steamdt-live,1739.0,162,1722.0,109,,17,12,9,2,10,0,2,0,-0.020289855072463725,-0.02372781065088747,-0.011461318051575908,-0.04353623188405786,0.06202387720295621,0.0,0.08287937743190654,-0.06785310734463268,0.10000666711114081,0.37,15,可能加速下跌,,52,0,0
147,★ Hydra Gloves | Case Hardened (Minimal Wear),538.98,553.0,124,25,0.2016,1.026,steamdt-live,588.38,111,562.83,70,,17,15,7,5,4,0,4,0,-0.0009191176470588758,-0.00831646734130631,-0.0045745654162854255,-0.009227941176470522,0.014661791590493523,0.0018401829030278982,0.027111913357400708,-0.027111913357400708,-0.08569974554707371,0.37,14,可能加速下跌,,52,0,0
148,M4A4 | Desolate Space (Factory New),504.3,501.0,625,76,0.1216,0.9935,steamdt-live,511.99,168,507.9,184,,11,15,12,2,8,0,4,0,-0.009708737864077666,-0.011176470588235232,-0.019980970504281603,-0.020776699029126156,0.0403425309229305,0.0007938082952967385,0.06437847866419288,-0.03759541984732817,-0.1524369747899159,0.37,7,暂未减速,,52,0,0
149,Glock-18 | Water Elemental (Factory New),289.0,282.0,666,71,0.1066,0.9758,steamdt-live,294.0,263,304.5,323,,11,12,12,2,10,0,2,3,-0.01620370370370361,-0.02857142857142858,-0.0052631578947369695,-0.04431216931216919,0.06774193548387097,0.0,0.09059441769722154,-0.024834660547982224,-0.3119047619047619,0.23,9,长期阴跌,,52,0,0
150,Galil AR | Firefight (Factory New),67.99,63.0,631,35,0.0555,0.9266,steamdt-live,65.7,114,68.71,205,,3,6,12,2,10,8,6,5,0.0,-0.004545454545454519,-0.026261434051342625,-0.004545454545454519,0.030687518442018225,0.0,0.09203980099502485,-0.019549320996866126,-0.3449651046859421,0.37,5,长期阴跌,,52,0,0
151,Desert Eagle | Calligraffiti (Factory New),33.39,31.1,1139,16,0.014,0.9314,steamdt-live,31.47,114,31.42,339,,3,9,15,2,6,8,6,3,-0.003483217226092461,-0.001588814744200695,-0.026510480887792842,-0.005066497783407065,0.031144002466851672,0.013548387096774306,0.042656916514320464,-0.0025396825396825085,-0.3693295865114412,0.66,3,长期阴跌,,52,0,0
152,AK-47 | AUTOEXEC (Factory New),4439.5,4300.0,23,32,1.3913,0.9686,steamdt-live,4519.0,23,4470.0,32,,20,12,2,2,8,3,4,0,-0.009966777408637828,-0.006823266219239343,-0.007144600647829846,-0.016722037652270205,0.023747166019056576,0.0,0.054318883800191675,-0.024285714285714244,0.022926267281105916,0.37,5,可能加速下跌,,51,0,0
153,★ Sport Gloves | Violet Beadwork (Field-Tested),1406.5,2680.0,160,53,0.3312,1.9054,steamdt-live,1430.0,157,1440.0,63,"溢价求购:买一高于卖一,多为定向收特定图案,买一价不可作退出价",20,0,7,5,0,10,6,3,-0.005681818181818232,0.004642857142857171,0.021770682148040565,-0.0010653409090909394,0.0024822695035461306,0.027392257121986896,0.0024822695035461306,0.08359013867488452,-0.016433566433566416,0.12,3,回撤不明显,买一异常溢价(不作为可成交退出价),51,0,0
154,M4A1-S | Hyper Beast (Factory New),1840.0,1800.0,223,71,0.3184,0.9783,steamdt-live,1888.0,54,1923.81,77,,20,12,7,2,8,0,2,0,-0.0010582010582010914,-0.025953389830508433,-0.00864940282928317,-0.026984126984127,0.0379232954396832,0.0,0.07027300303336703,-0.020505992010652507,-0.06173469387755104,0.37,4,可能加速下跌,,51,0,0
155,★ Specialist Gloves | Emerald Web (Field-Tested),8291.5,8150.0,371,98,0.2642,0.9829,steamdt-live,8288.0,86,8188.0,94,,17,12,9,5,8,0,0,0,0.0,-0.012065637065637014,0.01073170731707318,-0.012065637065637014,0.012065637065637014,1.2213009541461872e-06,0.0509967547519703,-0.029685370622741014,-0.22019047619047616,0.37,1,价格更新稀疏,,51,0,0
156,AWP | Containment Breach (Factory New),2627.7,2650.0,151,31,0.2053,1.0085,steamdt-live,2674.0,59,2648.3,79,,17,15,7,2,4,0,6,0,0.00022834525803006045,-0.0001902442736473331,-0.0006845668213281142,3.8057543005010075e-05,0.0006085269843686403,0.0029389312977099458,0.02569521690767529,-0.02497217068645652,-0.15180761781794716,0.33,2,回撤不明显,,51,0,0
157,★ Moto Gloves | Boom! (Minimal Wear),3159.5,3140.0,156,26,0.1667,0.9938,steamdt-live,3250.0,25,3179.1,47,,14,15,7,5,10,0,0,0,-0.01357398568019097,-0.04445788598215639,-0.0019353878219443565,-0.05742840095465396,0.05925264254875684,0.0,0.09392027530828795,-0.06344670583422751,-0.1814766839378238,0.37,6,可能加速下跌,,51,0,0
158,★ Hand Wraps | Spruce DDPAT (Minimal Wear),2549.0,2530.0,200,31,0.155,0.9925,steamdt-live,2575.0,33,2590.34,48,,14,15,7,5,8,0,2,0,-0.0003947146557935488,-0.022791312848626566,0.005374624835775332,-0.023177031439213902,0.026355996944232185,0.0,0.06630036630036629,-0.02337164750957854,-0.12630377482013644,0.37,6,可能加速下跌,,51,0,0
159,M4A1-S | Control Panel (Factory New),1090.0,1070.0,759,108,0.1423,0.9817,steamdt-live,1134.5,75,1124.49,123,,11,12,12,2,10,2,2,0,0.0022341376228776078,-0.02808738296923763,-0.03409581355200686,-0.025915996425379784,0.059128182995252465,0.0092592592592593,0.0831707152950677,-0.06034482758620685,0.12371134020618557,0.32,13,可能加速下跌,,51,0,0
160,M4A4 | Dark Blossom (Factory New),349.99,332.0,232,27,0.1164,0.9486,steamdt-live,348.79,86,345.65,107,,11,9,7,2,6,10,6,0,-0.014450867052023142,0.013636363636363669,-0.002853108158736628,-0.001011560693641722,0.0038617827603102395,0.018354840610453005,0.03713298791019004,0.07545115121344126,-0.26457446808510643,0.37,7,回撤不明显,,51,0,0
161,FAMAS | Neural Net (Factory New),43.44,42.0,526,21,0.0399,0.9669,steamdt-live,43.48,154,44.19,305,,3,12,12,2,8,5,4,5,-0.0022784233310549906,-0.007992692395524137,-0.022276676319893052,-0.01025290498974718,0.03230118066384502,0.0,0.06439801852250704,-0.06439801852250704,-0.38496389636131956,0.37,4,长期阴跌,,51,0,0
162,FAMAS | Decommissioned (Factory New),28.83,26.6,631,18,0.0285,0.9227,steamdt-live,25.44,149,25.38,109,,3,6,12,2,8,9,6,5,-0.002358490566037874,0.0,-0.03343465045592697,-0.002358490566037874,0.03534777651083243,0.003162055335968361,0.06828193832599116,-0.06862385321100917,-0.5063217272904104,0.34,3,长期阴跌,,51,0,0
163,USP-S | Guardian (Factory New),33.7,32.1,1217,18,0.0148,0.9525,steamdt-live,34.25,659,34.14,495,,3,9,15,2,6,7,4,5,-0.0014727540500737435,-0.005899705014749124,-0.024425287356321657,-0.007363770250368162,0.03160919540229867,0.05312500000000009,0.03160919540229867,0.09273670557717262,-0.30529787672644804,0.37,7,长期阴跌,,51,0,0
164,★ Driver Gloves | Brocade Crane (Minimal Wear),2492.5,3040.0,21,29,1.381,1.2197,steamdt-live,2479.0,26,2620.0,9,"溢价求购:买一高于卖一,多为定向收特定图案,买一价不可作退出价",20,0,2,5,2,10,6,5,-0.007494429815677495,0.011836734693877471,-0.00020251113811264876,0.004253595300790058,0.0,0.03313190247968323,0.005615724027276392,-0.005615724027276392,0.04094058366575681,0.37,4,回撤不明显,买一异常溢价(不作为可成交退出价),50,0,0
165,M4A1-S | Chantico's Fire (Factory New),1680.0,1650.0,257,65,0.2529,0.9821,steamdt-live,1795.0,70,1698.0,78,,17,12,9,2,8,0,2,0,-0.019886363636363646,-0.02608695652173909,0.0031347962382444194,-0.045454545454545414,0.04945117121194975,0.0,0.05935050391937291,-0.030582804385458795,-0.06119027661357923,0.33,13,可能加速下跌,,50,0,0
166,★ Sport Gloves | Frosty (Field-Tested),1132.5,1670.0,180,45,0.25,1.4746,steamdt-live,1138.0,189,1151.16,95,"溢价求购:买一高于卖一,多为定向收特定图案,买一价不可作退出价",17,0,7,5,0,10,6,5,0.024785939612438135,-0.00395778364116095,-0.009375000000000022,0.02073005858494814,0.004833040421792667,0.021190261496844,0.004833040421792667,0.0022123893805310324,-0.055699157842074465,0.12,8,回撤不明显,买一异常溢价(不作为可成交退出价),50,0,0
167,M4A1-S | Golden Coil (Factory New),1569.5,1540.0,331,68,0.2054,0.9812,steamdt-live,1599.0,97,1568.49,125,,17,12,9,2,8,0,2,0,-0.006521739130434745,-0.01938730853391679,0.0012437810945273853,-0.025782608695652187,0.03179629629629632,0.00031249999999993783,0.06078443113772458,-0.019693749999999954,-0.12374860335195526,0.37,16,可能加速下跌,,50,0,0
168,★ Bloodhound Gloves | Charred (Minimal Wear),1606.96,1530.0,119,23,0.1933,0.9521,steamdt-live,1670.0,18,1610.03,26,,14,9,7,5,4,0,6,5,-0.00031055900621113075,-0.001578129853991861,-0.005866008027168856,-0.0018881987577639148,0.007743130595862846,0.0,0.020146341463414652,-0.020146341463414652,-0.17124290871583292,0.36,2,回撤不明显,,50,0,0
169,M4A1-S | Mecha Industries (Factory New),1478.5,1460.0,525,100,0.1905,0.9875,steamdt-live,1490.5,172,1484.7,116,,14,12,12,2,6,0,4,0,0.005387205387205496,-0.009711989283322175,-0.005025125628140725,-0.004377104377104368,0.013675783855903956,0.004415760869565188,0.03148889340154726,-0.013675783855903956,-0.058280254777070106,0.28,7,可能加速下跌,,50,0,0
170,AK-47 | The Oligarch (Factory New),1708.5,1660.0,192,36,0.1875,0.9716,steamdt-live,1688.5,170,1767.18,95,,14,12,7,2,4,0,6,5,-0.002945508100147265,-0.0023633677991137247,0.0,-0.005301914580265077,0.005887547836326168,0.005059523809523903,0.02708153269951019,-0.006764705882352895,-0.03165126828736764,0.35,5,回撤不明显,,50,0,0
171,★ Driver Gloves | Lunar Weave (Minimal Wear),4520.0,4350.0,159,27,0.1698,0.9624,steamdt-live,4599.0,22,4595.0,53,,14,12,7,5,10,0,2,0,-0.017307692307692357,-0.01717764731463367,-0.004255319148936176,-0.03418803418803418,0.03829787234042559,0.0,0.09163987138263663,-0.058137111898312166,-0.28117048346055984,0.37,6,可能加速下跌,,50,0,0
172,Glock-18 | Ramese's Reach (Factory New),408.5,406.0,526,49,0.0932,0.9939,steamdt-live,399.99,110,413.71,182,,7,15,12,2,10,2,2,0,0.0019306434663604044,-0.024367042294746066,-0.034929245283018884,-0.02248344289938653,0.05662735849056599,0.0012515957846253034,0.09066315047627704,-0.06631652661064413,-0.2453018867924528,0.37,12,可能加速下跌,,50,0,0
173,Galil AR | Kami (Factory New),32.3,30.0,485,36,0.0742,0.9288,steamdt-live,30.0,203,33.79,101,,7,6,9,2,10,10,6,0,-0.07753846153846156,0.0006671114076051143,0.0,-0.07692307692307687,0.0825688073394496,0.0006671114076051143,0.08536585365853655,0.060070671378091856,-0.4415487714072971,0.26,6,长期阴跌,,50,0,0
174,M4A4 | Griffin (Factory New),529.9,510.0,526,37,0.0703,0.9624,steamdt-live,540.54,53,533.83,135,,7,12,12,2,10,0,2,5,-0.00046340061910321584,-0.017320673540538567,-0.018680878928987177,-0.017776047748799817,0.03419239601939272,0.0,0.0964276579418536,-0.008123689727463357,-0.3197689345314506,0.23,3,长期阴跌,,50,0,0
175,Desert Eagle | Trigger Discipline (Factory New),39.95,38.6,719,49,0.0682,0.9662,steamdt-live,38.3,449,40.0,351,,7,12,12,2,10,0,2,5,-0.012658227848101222,-0.017948717948717996,-0.012499999999999956,-0.03037974683544309,0.05896805896805912,0.007894736842105177,0.08809523809523812,0.007894736842105177,-0.31362007168458783,0.27,8,长期阴跌,,50,0,0
176,USP-S | Cyrex (Factory New),223.0,221.0,3089,152,0.0492,0.991,steamdt-live,219.5,473,226.44,492,,3,15,15,2,10,3,2,0,0.011467176318947336,-0.03546161620600252,-0.04100421976897828,-0.02440108449264411,0.06276686592655845,0.0,0.142578125,-0.07497155379493448,-0.36934348513144666,0.3,12,长期阴跌,,50,0,0
177,Desert Eagle | Eastern Enigma (Factory New),409.0,405.0,76,34,0.4474,0.9902,steamdt-live,415.0,71,415.51,126,,20,15,4,2,4,0,4,0,-0.0033906514894647133,-0.0060753341433779084,-0.004772464327034376,-0.00944538629208036,0.012983252087455988,0.0,0.01800720288115243,-0.00605117985856285,-0.09872190392243285,1.28,10,暂未减速,,49,0,0
178,Desert Eagle | Heirloom (Factory New),699.0,671.0,108,43,0.3981,0.9599,steamdt-live,707.0,31,731.23,41,,20,9,7,2,4,0,2,5,0.007092198581560183,-0.015492957746478853,0.06511557637105314,-0.008510638297872353,0.026462395543175532,0.07304043474256239,0.026462395543175532,0.024926686217008776,0.17722350405039,0.35,9,可能加速下跌,,49,0,0
179,★ Specialist Gloves | Sunburst (Field-Tested),1013.5,1540.0,158,45,0.2848,1.5195,steamdt-live,1009.5,199,1020.38,53,"溢价求购:买一高于卖一,多为定向收特定图案,买一价不可作退出价",17,0,7,5,4,10,6,0,0.010000000000000009,-0.004950495049504955,-0.00990099009900991,0.004999999999999893,0.009852216748768461,0.004999999999999893,0.026162790697674465,-0.0266343825665859,-0.06074766355140182,0.12,8,回撤不明显,买一异常溢价(不作为可成交退出价),49,0,0
180,AWP | Hyper Beast (Factory New),1023.0,990.0,375,69,0.184,0.9677,steamdt-live,1059.5,84,1051.25,73,,14,12,9,2,8,0,4,0,-0.0028598665395614953,-0.02198852772466542,-0.017790262172284632,-0.024785510009532885,0.03490566037735854,0.002941176470588225,0.06915377616014562,0.012871287128712883,-0.05233904585456228,0.36,13,可能加速下跌,,49,0,0
181,★ Hydra Gloves | Mangrove (Field-Tested),174.5,174.0,122,20,0.1639,0.9971,steamdt-live,175.99,121,175.23,328,,14,15,7,5,2,0,6,0,0.0019311598318754175,-0.010770975056689336,-0.002492917847025433,-0.008860615699193497,0.01412429378531077,0.0,0.01412429378531077,0.014534883720930258,-0.07052306381165441,0.37,7,可能加速下跌,,49,0,0
182,★ Driver Gloves | Crimson Weave (Minimal Wear),7699.5,7460.0,159,22,0.1384,0.9689,steamdt-live,7902.47,25,7817.92,24,,11,12,7,5,10,0,4,0,-0.0026755000637024295,-0.02146142054164535,-0.016169466031586865,-0.024079500573321422,0.039859613938330374,0.0,0.09871749617602066,-0.06573972435662889,-0.19531306628792455,0.37,8,可能加速下跌,,49,0,0
183,M4A4 | The Emperor (Factory New),1524.5,1510.0,411,55,0.1338,0.9905,steamdt-live,1583.48,134,1568.99,124,,11,15,9,2,10,0,2,0,-0.005680025244556686,-0.032370675975880725,-0.027197937131630656,-0.037866834963710905,0.0640348722986247,0.0,0.0952522255192878,-0.0701433363830436,-0.17505411255411252,0.32,11,可能加速下跌,,49,0,0
184,Tec-9 | Fuel Injector (Factory New),271.5,263.0,427,49,0.1148,0.9687,steamdt-live,279.8,144,278.44,175,,11,12,9,2,10,0,2,3,0.0071711711711712756,-0.028587784893913892,-0.008928571428571397,-0.021621621621621623,0.03205105351349424,0.0018450184501845879,0.08277027027027029,-0.042868222519918286,-0.14488188976377958,0.37,10,可能加速下跌,,49,0,0
185,Desert Eagle | Kumicho Dragon (Factory New),441.99,437.0,497,53,0.1066,0.9887,steamdt-live,459.5,104,457.99,134,,11,12,9,2,8,0,2,5,-0.0033222591362126463,-0.017799999999999927,-0.018478260869565166,-0.02106312292358803,0.05557692307692308,0.0011098527746320475,0.06947514684519673,-0.006764044943820213,-0.1815,0.32,8,可能加速下跌,,49,0,0
186,Glock-18 | Gold Toof (Factory New),891.0,880.0,548,56,0.1022,0.9877,steamdt-live,919.06,125,912.09,144,,11,12,12,2,8,0,4,0,-0.007692307692307665,-0.013842746400885897,-0.007633587786259555,-0.021428571428571463,0.0288985823336968,0.0,0.056673728813559365,-0.03729729729729725,-0.1984698469846985,0.13,12,可能加速下跌,,49,0,0
187,★ Specialist Gloves | Mogul (Field-Tested),659.4,691.0,328,31,0.0945,1.0479,steamdt-live,640.0,272,649.7,188,,7,15,9,5,4,2,4,3,-0.0015432098765432167,-0.010819165378670781,-0.015915441623132076,-0.012345679012345734,0.028064633701858854,0.0,0.028802088075510657,-0.014626635873749017,-0.06909090909090909,0.36,11,可能加速下跌,,49,0,0
188,AWP | CMYK (Factory New),3896.16,3810.0,292,26,0.089,0.9779,steamdt-live,3954.72,86,3912.01,77,,7,12,9,2,8,0,6,5,-0.0014117647058823346,-0.0021308855468590293,-0.00496246341773765,-0.0035396419437340176,0.013505507026205898,0.009292048006755982,0.05889855072463768,-0.061164002804826034,-0.19528592407165302,0.28,2,暂未减速,,49,0,0
189,M4A1-S | Leaded Glass (Factory New),293.9,289.0,1113,87,0.0782,0.9833,steamdt-live,302.24,180,302.95,205,,7,12,15,2,10,0,0,3,0.010000000000000009,-0.03168316831683171,-0.016393442622950838,-0.02200000000000013,0.03863167207313478,0.0,0.09695290858725758,-0.059163059163059306,-0.10684931506849327,0.14,13,可能加速下跌,,49,0,0
190,M4A4 | X-Ray (Factory New),892.5,866.0,1085,63,0.0581,0.9703,steamdt-live,927.0,250,910.0,247,,3,12,15,2,8,0,4,5,-0.002762430939226568,-0.011634349030470892,-0.013623978201634857,-0.01436464088397793,0.027792915531335116,0.003939223410241999,0.053580901856763896,-0.01436464088397793,-0.17407407407407405,0.37,15,可能加速下跌,,49,0,0
191,AK-47 | Point Disarray (Factory New),412.0,403.0,1044,53,0.0508,0.9782,steamdt-live,409.0,345,424.0,256,,3,12,15,2,8,2,4,3,-0.005995203836930418,-0.013268998793727338,-0.023419203747072626,-0.01918465227817745,0.042154566744730726,0.0,0.0679124886052872,-0.0488372093023256,-0.1297872340425532,0.36,3,可能加速下跌,,49,0,0
192,AWP | Acheron (Factory New),55.94,53.0,2488,60,0.0241,0.9474,steamdt-live,55.0,592,56.24,507,,3,9,15,2,10,4,6,0,-0.031088082901554404,-0.019607843137254943,-0.026563550773369138,-0.050086355785837644,0.07531943510423666,0.05769230769230771,0.14979131241304677,-0.11003236245954684,-0.38820912124582874,0.37,12,长期阴跌,,49,0,0
193,AK-47 | Steel Delta (Factory New),60.7,57.0,1958,45,0.023,0.939,steamdt-live,61.0,346,60.44,394,,3,9,15,2,10,10,0,0,-0.04107399712322202,0.007333333333333192,-0.007927699381639397,-0.0340418731021257,0.04169969874742352,0.02632025810833749,0.08479709267110858,-0.037579617834394896,-0.3830134748877092,0.37,11,长期阴跌,,49,0,0
194,AK-47 | Aphrodite (Factory New),1855.0,1820.0,358,88,0.2458,0.9811,steamdt-live,1888.48,214,1892.88,181,,17,12,9,2,6,0,2,0,0.00025423728813556146,-0.0177285435906126,0.02386117136659438,-0.017478813559322015,0.0177285435906126,0.005965292841648484,0.037863070539419064,-0.008021390374331583,-0.07481296758104738,0.37,5,可能加速下跌,,48,0,0
195,Five-SeveN | Fairy Tale (Factory New),1930.0,1890.0,243,51,0.2099,0.9793,steamdt-live,1984.49,40,1999.99,46,,17,12,7,2,8,0,2,0,-0.008272750062672363,-0.02426693629929222,-0.013351537727122054,-0.03233893206317373,0.04525869531879956,0.0,0.06763285024154586,-0.03980099502487566,0.1844123964406259,0.37,8,可能加速下跌,,48,0,0
196,M4A1-S | Player Two (Factory New),990.0,980.0,452,91,0.2013,0.9899,steamdt-live,998.5,129,1010.0,163,,17,12,9,2,8,0,0,0,-0.005342399222923788,-0.033203125,-0.017652671755725158,-0.038368139873725116,0.05534351145038163,0.0,0.07476635514018692,-0.025590551181102317,-0.04716073147256983,0.37,9,可能加速下跌,,48,0,0
197,★ Bloodhound Gloves | Bronzed (Field-Tested),1426.49,1400.0,262,45,0.1718,0.9814,steamdt-live,1500.0,14,1400.0,60,,14,12,9,5,8,0,0,0,-0.00034494653328731584,-0.033816425120772986,-0.01928281461434367,-0.03414970679544671,0.05084745762711862,0.0,0.06635545181727243,-0.045606380803054125,-0.19051749060422085,0.14,4,可能加速下跌,,48,0,0
198,★ Hand Wraps | Leather (Minimal Wear),3919.5,3800.0,195,33,0.1692,0.9695,steamdt-live,3999.09,28,3959.69,35,,14,12,7,5,8,0,2,0,-0.007940446650124056,-0.01963481740870432,-0.006770228738598116,-0.02741935483870972,0.033892038452058126,0.007873732282816626,0.06232057416267944,-0.04854958125986164,-0.16392918088737196,0.19,7,可能加速下跌,,48,0,0
199,M4A4 | Poseidon (Factory New),9198.73,9410.0,212,28,0.1321,1.023,steamdt-live,9300.0,113,9352.5,75,,11,15,7,2,6,0,4,3,-0.0063643170392555515,-0.009771247106948766,-0.01584293910205803,-0.01607337683174681,0.029669831223628762,0.0,0.04715869069815626,-0.016125996042569146,-0.18588105142047973,0.34,4,暂未减速,,48,0,0
200,★ Sport Gloves | Arid (Minimal Wear),7499.0,7230.0,169,22,0.1302,0.9641,steamdt-live,7588.0,45,7624.37,30,,11,12,7,5,6,0,2,5,0.0,-0.019738562091503264,-0.014935636023224341,-0.019738562091503264,0.03431597274089937,0.0,0.03858974358974354,-0.013289473684210518,-0.1368554327808471,0.18,8,可能加速下跌,,48,0,0
201,AWP | Chromatic Aberration (Factory New),445.0,431.0,285,27,0.0947,0.9685,steamdt-live,450.5,180,449.17,178,,7,12,9,2,2,10,6,0,-0.006772009029345383,0.011363636363636465,-0.003374578177727794,0.004514672686230181,0.0,0.03488372093023262,0.005586592178770999,0.012514220705347023,-0.08057851239669422,0.37,9,回撤不明显,,48,0,0
202,FAMAS | Mecha Industries (Factory New),679.5,670.0,1309,123,0.094,0.986,steamdt-live,668.0,187,677.4,202,,7,12,15,2,10,0,2,0,-0.018584703359542543,-0.02694828841951935,-0.014788732394366177,-0.045032165832737725,0.05915492957746482,0.0,0.10933333333333328,-0.011834319526627168,-0.25354788244496584,0.3,13,可能加速下跌,,48,0,0
203,AK-47 | Cartel (Factory New),327.88,321.0,877,65,0.0741,0.979,steamdt-live,324.78,273,338.38,243,,7,12,12,2,8,2,2,3,-0.00303030303030305,-0.01282674772036485,-0.01949132398383646,-0.015818181818181953,0.03482912332838051,0.005884539147670953,0.06362981115756106,-0.02905829596412568,-0.14979057591623046,0.36,7,可能加速下跌,,48,0,0
204,Tec-9 | Ossified (Factory New),71.25,66.0,557,29,0.0521,0.9263,steamdt-live,78.98,63,70.8,191,,3,6,12,2,10,9,6,0,0.01600898750175528,-0.02142363510711809,-0.04697537473233415,-0.005757618312034807,0.05055652407134237,0.012585812356979309,0.2218925156610616,-0.006176305446378372,-0.46566037735849064,0.27,15,长期阴跌,,48,0,0
205,AWP | Neo-Noir (Factory New),321.0,318.0,1027,50,0.0487,0.9907,steamdt-live,322.0,622,328.0,281,,3,15,15,2,2,0,6,5,-3.115264797504125e-05,3.115361849270748e-05,0.0034385745545484347,0.0,0.0092592592592593,0.01904761904761898,0.0092592592592593,0.006269592476489061,-0.07758620689655171,0.37,6,回撤不明显,,48,0,0
206,★ Moto Gloves | Blood Pressure (Minimal Wear),1250.0,1820.0,123,35,0.2846,1.456,steamdt-live,1293.48,86,1256.57,68,"溢价求购:买一高于卖一,多为定向收特定图案,买一价不可作退出价",17,0,7,5,2,10,6,0,-0.015091342335186608,0.008064516129032251,0.007200000000000095,-0.00714853057982523,0.009069000507356706,0.008975849154074567,0.009069000507356706,0.004016064257028162,-0.08725812340270167,0.37,7,回撤不明显,买一异常溢价(不作为可成交退出价),47,0,0
207,★ Moto Gloves | 3rd Commando Company (Minimal Wear),473.0,467.0,127,27,0.2126,0.9873,steamdt-live,458.0,43,454.25,79,,17,12,7,5,0,0,6,0,0.0018941062461457214,-0.0014288854693338404,0.031135739104762417,0.00046251431591914915,0.0016483516483516425,0.03332575068243848,0.0016483516483516425,0.040664375715922185,0.09589867310012057,0.27,2,回撤不明显,,47,0,0
208,★ Hand Wraps | Constrictor (Minimal Wear),675.0,670.0,107,21,0.1963,0.9926,steamdt-live,690.0,47,690.89,62,,14,15,7,5,4,0,2,0,-0.004339685626787104,-0.01603498542274051,-0.0027500759889417248,-0.020305084253762762,0.02299931971804481,0.0,0.02299931971804481,0.0031208203299153414,-0.007338343210929632,0.36,13,可能加速下跌,,47,0,0
209,AK-47 | Frontside Misty (Factory New),783.5,767.0,396,71,0.1793,0.9789,steamdt-live,798.8,96,785.99,163,,14,12,9,2,6,0,4,0,-0.005050505050505083,-0.005710659898477188,-0.0006183043319158976,-0.010732323232323204,0.014465408805031443,0.0006385696040869249,0.039710748866282564,-0.026708074534161463,-0.12360178970917224,0.34,12,可能加速下跌,,47,0,0
210,USP-S | Royal Blue (Factory New),589.3,579.0,46,8,0.1739,0.9825,steamdt-live,611.6,39,610.0,45,,14,12,4,2,6,0,6,3,-0.004388185654008447,-0.0010171215460247351,-0.006539235412474809,-0.005400843881856576,0.011904761904761973,0.0,0.03409277167677438,-0.03409277167677438,-0.044894651539708286,0.37,3,暂未减速,,47,0,0
211,AWP | Dragon Lore (Factory New),75500.0,77390.0,124,20,0.1613,1.025,steamdt-live,75500.0,156,76000.0,31,,14,15,7,5,0,0,6,0,0.0,0.024423337856173788,-0.0026996123113146586,0.024423337856173788,0.0036488885076507716,0.02443723795438202,0.0036488885076507716,0.020270270270270174,0.006700223340778022,0.37,4,回撤不明显,,47,0,0
212,Glock-18 | Bullet Queen (Factory New),760.0,745.0,453,58,0.128,0.9803,steamdt-live,774.5,91,779.15,126,,11,12,9,2,8,0,2,3,0.0,-0.01935483870967747,0.0013049264202380506,-0.01935483870967747,0.024390243902439046,0.0,0.06204104804571309,0.003963011889035695,-0.12643678160919536,0.29,7,可能加速下跌,,47,0,0
213,Desert Eagle | Golden Koi (Factory New),1400.0,1350.0,499,52,0.1042,0.9643,steamdt-live,1419.5,175,1409.71,132,,11,12,9,2,6,0,4,3,-0.003502540575205937,-0.00990099009900991,-0.013919388464211258,-0.01336885205465943,0.02710215427380125,0.0,0.04436860068259385,-0.014084507042253502,-0.10856415154409427,0.37,4,可能加速下跌,,47,0,0
214,Glock-18 | Snack Attack (Factory New),695.0,690.0,364,31,0.0852,0.9928,steamdt-live,730.0,70,717.48,81,,7,15,9,2,10,0,4,0,-1.4184397163052864e-05,-0.014170413764734269,-0.007042253521126751,-0.014184397163120588,0.021126760563380254,1.4388696240263954e-05,0.08249613856288529,-0.060810810810810856,-0.179456906729634,0.37,7,可能加速下跌,,47,0,0
215,AWP | Fever Dream (Factory New),115.67,114.0,1179,50,0.0424,0.9856,steamdt-live,116.45,474,119.8,436,,3,12,15,2,4,0,6,5,-0.0008620689655172153,-0.0019844693701467353,0.0,-0.002844827586206855,0.011367521367521394,0.004079861111111027,0.018914334181509784,0.004079861111111027,-0.22306555615260604,0.37,10,暂未减速,,47,0,0
216,Glock-18 | Vogue (Factory New),72.0,71.0,916,37,0.0404,0.9861,steamdt-live,74.0,305,75.73,541,,3,12,15,2,8,0,2,5,0.0037981551817689585,-0.027027027027026973,-0.010469798657718132,-0.023331524688008698,0.033167718544380276,0.02857142857142847,0.06078789459953038,0.02857142857142847,-0.18181818181818177,0.25,8,可能加速下跌,,47,0,0
217,USP-S | Desert Tactical (Factory New),18.5,18.4,771,26,0.0337,0.9946,steamdt-live,18.53,140,18.74,290,,3,15,12,2,8,7,0,0,0.008583690987124415,-0.015957446808510634,-0.02357255107386058,-0.007510729613733891,0.030906233630172864,0.15625,0.07453726863431709,0.025498891352550013,-0.49007717750826907,0.35,11,长期阴跌,,47,0,0
218,Glock-18 | Green Line (Factory New),40.49,38.1,1497,40,0.0267,0.941,steamdt-live,41.89,242,39.04,470,,3,9,15,2,8,6,4,0,-0.019965061142999674,-0.007894066717596182,-0.020293398533007267,-0.027701522335912165,0.047432762836185804,0.0,0.07895981087470438,-0.07633949739212897,-0.4253687315634218,0.17,18,长期阴跌,,47,0,0
219,M4A4 | Sheet Lightning (Factory New),28.24,27.5,1105,27,0.0244,0.9738,steamdt-live,26.81,534,28.69,640,,3,12,15,2,8,0,2,5,0.0,-0.03224637681159426,0.0,-0.03224637681159426,0.04573061807788492,0.0,0.07256944444444446,-0.07577854671280271,-0.32294043092522184,0.12,12,长期阴跌,,47,0,0
220,AWP | Black Box (Factory New),162.5,156.0,34,23,0.6765,0.96,steamdt-live,160.0,68,162.4,84,,20,12,4,2,4,0,4,0,-0.006254598969830827,-0.012711341478464755,0.038726114649681564,-0.0188864361049792,0.0188864361049792,0.02564102564102555,0.024271252591779424,0.006922592825676421,-0.04761904761904767,0.32,8,可能加速下跌,,46,0,0
221,Desert Eagle | Directive (Factory New),666.59,646.0,121,32,0.2645,0.9691,steamdt-live,888.0,9,695.12,39,,17,12,7,2,8,0,0,0,-0.02099300699300699,-0.04358633694767067,0.060830860534124565,-0.0636643356643356,0.0636643356643356,0.00433549858233695,0.0636643356643356,0.11766277128547586,0.3808266644666283,0.37,14,可能加速下跌,,46,0,0
222,★ Moto Gloves | Spearmint (Minimal Wear),18389.0,26570.0,184,42,0.2283,1.4449,steamdt-live,18400.0,159,18997.5,45,"溢价求购:买一高于卖一,多为定向收特定图案,买一价不可作退出价",17,0,7,5,0,10,4,3,0.016696152145068588,-5.4377379010372984e-05,-0.011584699453551894,0.016640866873065097,5.4377379010372984e-05,0.02818003913894329,5.4377379010372984e-05,0.01319595581145494,-0.08371804485989698,0.35,4,回撤不明显,买一异常溢价(不作为可成交退出价),46,0,0
223,USP-S | Target Acquired (Factory New),2289.99,2220.0,153,33,0.2157,0.9694,steamdt-live,2327.31,50,2301.44,43,,17,12,7,2,4,0,4,0,-0.0008789781337952274,-0.007575396429856052,0.004567203131796482,-0.008447715955834711,0.012935344827586293,0.0,0.023458422174840177,-0.023458422174840177,-0.08345407244346614,0.37,2,可能加速下跌,,46,0,0
224,★ Hydra Gloves | Mangrove (Minimal Wear),218.0,232.0,124,21,0.1694,1.0642,steamdt-live,211.0,53,222.5,80,"溢价求购:买一高于卖一,多为定向收特定图案,买一价不可作退出价",14,0,7,5,2,10,3,5,0.0317848410757946,0.033175355450236976,-0.05760368663594473,0.0660146699266504,0.0,0.0660146699266504,0.0113378684807256,-0.009090909090909038,-0.0754092798371363,0.37,2,回撤不明显,买一异常溢价(不作为可成交退出价),46,0,0
225,★ Hydra Gloves | Rattler (Field-Tested),169.5,167.0,115,18,0.1565,0.9853,steamdt-live,175.0,115,175.57,207,,14,12,7,5,6,0,2,0,-0.019718309859154903,-0.025862068965517238,0.008522727272727293,-0.04507042253521132,0.047913273043869054,0.002958579881656709,0.047913273043869054,-0.025301897642323157,-0.11635908664372852,0.27,13,可能加速下跌,,46,0,0
226,USP-S | The Traitor (Factory New),659.45,632.0,291,45,0.1546,0.9584,steamdt-live,675.0,84,662.07,121,,14,9,9,2,6,0,6,0,-0.004491085195886146,-0.008330952345148024,0.004496240601503665,-0.012784622524289246,0.015746268656716356,0.006793893129771078,0.04149709302325577,0.012995591330128065,-0.09972696245733781,0.37,12,可能加速下跌,,46,0,0
227,FAMAS | Afterimage (Factory New),283.55,256.0,81,11,0.1358,0.9028,steamdt-live,288.0,39,282.82,51,,11,6,4,2,2,10,6,5,0.007140827056984378,-0.0023633990616953593,-0.011310151036178384,0.004760551371322919,0.006603442219880518,0.008342840844266952,0.007300807300807288,0.04748148148148146,-0.22616832658421804,0.2,8,回撤不明显,,46,0,0
228,★ Driver Gloves | Imperial Plaid (Field-Tested),896.6,1350.0,429,40,0.0932,1.5057,steamdt-live,888.0,349,905.79,190,"溢价求购:买一高于卖一,多为定向收特定图案,买一价不可作退出价",7,0,9,5,4,10,6,5,0.005084745762711895,-0.001686340640809414,-0.012276785714285698,0.003389830508474523,0.008928571428571397,0.009090909090909038,0.02081863091037406,-0.02081863091037406,-0.08443225520419839,0.37,7,回撤不明显,买一异常溢价(不作为可成交退出价),46,0,0
229,USP-S | Cortex (Factory New),172.0,168.0,520,42,0.0808,0.9767,steamdt-live,177.98,158,175.47,218,,7,12,12,2,8,0,2,3,0.0,-0.02259887005649719,-0.008403361344537785,-0.02259887005649719,0.038728677001722556,0.005813953488372103,0.06838987614431868,-0.044146085419083936,-0.2746331236897275,0.37,6,可能加速下跌,,46,0,0
230,Desert Eagle | Mecha Industries (Factory New),152.0,149.0,1363,110,0.0807,0.9803,steamdt-live,150.68,376,153.12,214,,7,12,15,2,10,0,0,0,-0.028091296714321534,-0.032258064516129004,-0.003250000000000086,-0.05944319036869816,0.08536585365853655,0.0010010010010010895,0.1071428571428571,-0.025974025974025983,-0.15682967959527827,0.17,18,可能加速下跌,,46,0,0
231,MP9 | Latte Rush (Factory New),338.4,326.0,514,40,0.0778,0.9634,steamdt-live,340.0,171,355.25,251,,7,12,12,2,4,0,4,5,0.00591715976331364,-0.004705882352941226,0.0029673590504450953,0.0011834319526626835,0.025906735751295318,0.01621621621621605,0.027306697326818008,-0.027306697326818008,-0.2519893899204244,0.24,11,可能加速下跌,,46,0,0
232,M4A1-S | Moss Quartz (Factory New),510.99,505.0,479,37,0.0772,0.9883,steamdt-live,522.9,132,514.39,178,,7,12,9,2,8,2,6,0,-0.0019611650485437115,-0.0058366894297554595,-0.010300561149973131,-0.007786407766990244,0.017308025154329942,0.0,0.06394944128961344,-0.03493928119511225,-0.21926661573720396,0.32,8,暂未减速,,46,0,0
233,Five-SeveN | Copper Galaxy (Factory New),122.5,119.0,587,43,0.0733,0.9714,steamdt-live,130.0,108,121.77,164,,7,12,12,2,2,8,3,0,-0.008130081300813052,-0.0018852459016394096,0.08907384451921385,-0.010000000000000009,0.013528839922229419,0.08172692546859728,0.013528839922229419,0.03651685393258419,-0.30765294518990216,0.37,8,长期阴跌,,46,0,0
234,P250 | Contaminant (Factory New),64.0,58.0,233,16,0.0687,0.9062,steamdt-live,66.0,20,64.27,38,,7,6,7,2,8,10,6,0,-0.022354454808620194,0.05280473762131921,0.07206896551724129,0.029269861691862298,0.0,0.05297795327410326,0.051851851851851816,0.0847457627118644,0.015873015873015817,0.32,5,回撤不明显,,46,0,0
235,M4A4 | In Living Color (Factory New),578.0,567.0,868,51,0.0588,0.981,steamdt-live,591.0,155,581.5,231,,3,12,12,2,8,0,4,5,0.0,-0.012136752136752138,-0.010152284263959421,-0.012136752136752138,0.022992392223161517,0.0,0.051067323481116644,-0.012980358667805336,-0.17324749642346216,0.17,6,可能加速下跌,,46,0,0
236,Glock-18 | Ghost Protocol (Factory New),3360.0,3100.0,10,21,2.1,0.9226,steamdt-live,3418.0,13,3390.0,17,,20,6,2,2,6,0,4,5,0.0,-0.008521989565874355,0.008745349010269354,-0.008521989565874355,0.020119627062196055,0.0029850746268655914,0.04937049087565426,-0.0117647058823529,-0.03420523138832998,0.56,2,可能加速下跌,,45,0,0
237,P250 | Kintsugi (Factory New),123.8,172.0,102,33,0.3235,1.3893,steamdt-live,125.39,119,123.5,67,"溢价求购:买一高于卖一,多为定向收特定图案,买一价不可作退出价",20,0,7,2,0,10,6,0,-0.023596419853539552,0.029166666666666563,-0.0008130081300812275,0.004882017900732283,0.0024232633279482885,0.029166666666666563,0.004433696090286099,0.012295081967213184,0.03347280334728042,0.17,4,回撤不明显,买一异常溢价(不作为可成交退出价),45,0,0
238,AK-47 | X-Ray (Factory New),12758.5,12410.0,166,29,0.1747,0.9727,steamdt-live,13287.0,63,12828.98,47,,14,12,7,2,6,0,4,0,-0.0030394424303037404,-7.837297699753165e-05,-0.007822129883016893,-0.003117577197149668,0.010915320986410015,0.007303015948207703,0.0407142857142857,-0.018576923076923046,-0.15993415637860087,0.37,5,暂未减速,,45,0,0
239,Desert Eagle | Hypnotic (Factory New),1060.0,1030.0,241,41,0.1701,0.9717,steamdt-live,1107.34,73,1074.33,100,,14,12,7,2,10,0,0,0,-0.012629679747406364,-0.031521242576519004,0.008185538881309684,-0.043752819124943665,0.05314026922973858,0.0,0.08620689655172409,-0.0535714285714286,-0.01851851851851849,0.37,7,可能加速下跌,,45,0,0
240,Desert Eagle | Naga (Factory New),178.13,176.0,275,41,0.1491,0.988,steamdt-live,184.87,48,181.6,98,,11,12,9,2,6,0,2,3,-0.0008791208791208982,-0.02040255169379679,0.013927576601671321,-0.021263736263736344,0.026558828351276098,0.0,0.04400794289701082,0.013253697383390106,-0.26471559481548745,0.37,11,可能加速下跌,,45,0,0
241,★ Moto Gloves | Cool Mint (Minimal Wear),7099.96,6970.0,166,24,0.1446,0.9817,steamdt-live,7287.16,38,7164.16,48,,11,12,7,5,6,0,4,0,-0.006869155011172801,-0.013894444444444431,-0.004762172780798601,-0.020668156362934176,0.025331903812071954,0.0,0.047623135644715764,-0.04762441314553989,-0.21534397966513785,0.37,4,可能加速下跌,,45,0,0
242,M4A4 | Full Throttle (Factory New),1189.0,1170.0,251,34,0.1355,0.984,steamdt-live,1209.0,143,1229.66,99,,11,12,9,2,4,0,4,3,-0.0008333333333333526,-0.008340283569641338,0.0,-0.009166666666666656,0.02139917695473248,0.0,0.027004909983633363,-0.02421009437833399,-0.10399397136397892,0.26,4,可能加速下跌,,45,0,0
243,★ Driver Gloves | Diamondback (Minimal Wear),2900.0,2840.0,190,24,0.1263,0.9793,steamdt-live,3020.0,23,2930.0,36,,11,12,7,5,8,0,2,0,-0.007144043861106453,-0.029451137884872858,-0.006765676567656809,-0.03638478152517033,0.0425883129745791,0.0,0.05527919757369637,-0.05527919757369637,-0.21832884097035044,0.31,5,可能加速下跌,,45,0,0
244,MP9 | Hydra (Factory New),271.5,261.0,143,18,0.1259,0.9613,steamdt-live,284.5,65,276.46,83,,11,12,7,2,2,0,6,5,0.0018348623853210455,-0.005494505494505475,0.0018382352941177516,-0.003669724770642202,0.005494505494505475,0.005555555555555536,0.012727272727272698,-0.012727272727272698,-0.07966101694915251,0.37,3,回撤不明显,,45,0,0
245,AK-47 | B the Monster (Factory New),2338.9,2310.0,510,64,0.1255,0.9876,steamdt-live,2344.5,275,2380.0,154,,11,12,12,2,2,0,6,0,0.012936610608020649,-0.004299702000851391,0.008260869565217321,0.008581285036653785,0.004299702000851391,0.01735537190082659,0.014992630027374165,-0.0026012793176971583,-0.10523758698388275,0.35,7,回撤不明显,,45,0,0
246,Desert Eagle | Emerald Jörmungandr (Factory New),2867.5,2920.0,342,38,0.1111,1.0183,steamdt-live,3049.5,126,2984.0,123,,11,15,9,2,4,0,4,0,-0.00017322016282694808,-0.0064102564102563875,-0.006026170798898112,-0.006582366187424249,0.012568870523415931,0.0,0.022698612862547263,-0.01086581579855117,-0.15661764705882353,0.31,2,可能加速下跌,,45,0,0
247,Tec-9 | Snek-9 (Factory New),28.59,28.4,411,37,0.09,0.9934,steamdt-live,29.71,99,29.16,113,,7,15,9,2,4,4,4,0,-0.008623663332183562,-0.005219206680584509,-0.011255115961800843,-0.013797861331493522,0.024897680763983687,0.0,0.024897680763983687,-0.009355509355509328,-0.302001953125,0.36,6,长期阴跌,,45,0,0
248,M4A4 | Hellfire (Factory New),2088.0,2040.0,628,54,0.086,0.977,steamdt-live,2182.0,75,2159.11,102,,7,12,12,2,10,0,2,0,-0.0002326663564448106,-0.025366534791715134,-0.0050925925925925375,-0.025593299208934384,0.041647597254004576,0.002873563218390718,0.0871839581517001,-0.02581995812979765,-0.18521400778210118,0.37,7,可能加速下跌,,45,0,0
249,M4A4 | The Battlestar (Factory New),569.0,563.0,692,47,0.0679,0.9895,steamdt-live,580.0,85,579.4,201,,7,12,12,2,10,0,2,0,-0.003456577815993067,-0.018102124281695997,-0.013570822731128085,-0.021496130696474602,0.035593220338983045,0.0,0.08887109687750205,-0.030664395229982988,-0.20308123249299714,0.37,10,可能加速下跌,,45,0,0
250,AWP | POP AWP (Factory New),222.5,216.0,1315,70,0.0532,0.9708,steamdt-live,219.0,315,226.73,305,,3,12,15,2,10,0,0,3,0.002207505518763808,-0.03524229074889873,-0.013071895424836555,-0.0331125827814569,0.04575163398692805,0.0,0.13486608200995487,-0.08368200836820083,-0.3188180404354588,0.37,7,长期阴跌,,45,0,0
251,AK-47 | The Outsiders (Factory New),368.0,358.0,979,47,0.048,0.9728,steamdt-live,374.0,184,370.1,294,,3,12,15,2,8,1,4,0,-0.01195219123505975,-0.010752688172043001,-0.007905138339920903,-0.02257636122177953,0.030303030303030276,0.0013605442176871652,0.06361323155216281,-0.05154639175257736,-0.24897959183673468,0.37,14,可能加速下跌,,45,0,0
252,Tec-9 | Remote Control (Factory New),183.0,173.0,573,26,0.0454,0.9454,steamdt-live,195.23,67,188.61,123,,3,9,12,2,8,0,6,5,0.02844638949671774,-0.02664893617021269,0.002907774181159839,0.0010393873085339234,0.02664893617021269,0.040602786465737895,0.06770939474220494,-0.039422572178477666,-0.19916849015317284,0.14,10,可能加速下跌,,45,0,0
253,Tec-9 | Bamboozle (Factory New),43.37,41.2,733,28,0.0382,0.95,steamdt-live,42.32,205,43.78,175,,3,9,12,2,8,7,4,0,-0.012095836240986313,-0.0035319048740286574,-0.010131245682707735,-0.015585019772040076,0.0289123451124369,0.007859014050964452,0.07899891186071817,-0.038181818181818206,-0.38038067349926785,0.27,4,长期阴跌,,45,0,0
254,M4A1-S | Liquidation (Factory New),60.98,60.0,1206,32,0.0265,0.9839,steamdt-live,60.7,567,61.6,253,,3,12,15,2,4,0,4,5,-0.0001615508885298711,-0.01922766198093384,0.0016181229773462036,-0.019386106623586308,0.020967741935483786,0.011666666666666714,0.020967741935483786,0.011666666666666714,-0.047693755883275846,0.3,11,可能加速下跌,,45,0,0
255,M4A1-S | Glitched Paint (Factory New),33.9,32.6,1442,27,0.0187,0.9617,steamdt-live,34.92,823,33.5,723,,3,12,15,2,4,0,6,3,0.01836243226971712,-0.009754655631096565,-0.0030012004801921455,0.008428657435280096,0.009754655631096565,0.015151515151515138,0.02898550724637683,-0.02898550724637683,-0.11187698833510074,0.37,7,回撤不明显,,45,0,0
256,★ Sport Gloves | Creme Pinstripe (Minimal Wear),1055.5,1010.0,38,23,0.6053,0.9569,steamdt-live,1095.0,40,1084.99,36,,20,9,4,5,6,0,0,0,-0.0009465215333648302,0.0,0.006669842782277335,-0.0009465215333648302,0.001419110690633829,0.0057170080990947,0.031651376146789034,-0.031651376146789034,-0.05505819158460157,0.12,0,价格更新稀疏,,44,0,0
257,P250 | Lotus Imprint (Factory New),83.8,77.0,76,18,0.2368,0.9189,steamdt-live,82.8,69,85.0,72,,17,6,4,2,4,0,6,5,-0.004671218109953301,-0.0036101083032490378,-0.005953089653530141,-0.008264462809917328,0.014168353375401788,0.009756097560975618,0.021045164341451872,-0.015457788347205681,-0.002409638554216942,0.37,7,暂未减速,,44,0,0
258,FAMAS | Bad Trip (Factory New),484.0,472.0,135,29,0.2148,0.9752,steamdt-live,494.79,52,505.0,79,,17,12,7,2,2,0,4,0,0.0,0.0,0.0,0.0,0.0,0.008543446551364964,0.01224489795918371,-0.01224489795918371,-0.060194174757281504,1.26,4,回撤不明显,,44,0,0
259,★ Specialist Gloves | Emerald Web (Minimal Wear),9596.5,13360.0,195,40,0.2051,1.3922,steamdt-live,9688.8,101,9698.25,57,"溢价求购:买一高于卖一,多为定向收特定图案,买一价不可作退出价",17,0,7,5,4,0,6,5,0.0,0.0,-0.00020836589050376997,0.0,0.0001562825588664607,0.00486910994764389,0.02923473774720553,-0.029382016789723853,-0.21340163934426226,0.31,2,回撤不明显,买一异常溢价(不作为可成交退出价),44,0,0
260,★ Bloodhound Gloves | Guerrilla (Minimal Wear),1225.94,1190.0,136,27,0.1985,0.9707,steamdt-live,1243.98,21,1212.87,54,,14,12,7,5,6,0,0,0,-0.01000701960592254,-8.2448387311862e-06,-0.008786407766990245,-0.010015181938390905,0.018713592233009835,0.0,0.03625744934445774,-0.03625744934445774,-0.15183916083916094,0.19,1,价格更新稀疏,,44,0,0
261,M4A4 | Howl (Factory New),44948.5,51890.0,91,18,0.1978,1.1544,steamdt-live,45000.0,105,45981.0,42,"溢价求购:买一高于卖一,多为定向收特定图案,买一价不可作退出价",14,0,4,5,0,10,6,5,0.0,0.021556818181818205,-0.017857142857142905,0.021556818181818205,0.0,0.021556818181818205,0.0,0.010078651685393236,0.02860510086158574,0.34,2,回撤不明显,买一异常溢价(不作为可成交退出价),44,0,0
262,USP-S | Whiteout (Factory New),2796.94,2670.0,157,22,0.1401,0.9546,steamdt-live,2899.46,57,2791.88,40,,11,9,7,2,4,0,6,5,-0.001675299160564414,-0.0010483718034498546,0.008654358885670232,-0.0027219146276120654,0.026238965369309142,0.005908887832014598,0.026238965369309142,0.0013916786226686462,-0.06937333333333329,0.28,2,可能加速下跌,,44,0,0
263,MP9 | Hot Rod (Factory New),1284.0,1230.0,249,27,0.1084,0.9579,steamdt-live,1280.0,132,1282.5,132,,11,9,7,2,6,0,4,5,-0.000378527450965227,-0.010819165378670781,-0.007285331942729623,-0.011193597478543649,0.03541823662396382,0.004315417810906164,0.04349840458522958,0.01538949706488979,-0.02919984831247635,0.26,6,可能加速下跌,,44,0,0
264,AWP | Silk Tiger (Factory New),3195.5,3080.0,319,34,0.1066,0.9639,steamdt-live,3336.84,71,3252.48,74,,11,12,9,2,10,0,0,0,-0.0001534448365811958,-0.03314917127071826,-0.0007666360012266171,-0.03329752953813103,0.033742331288343586,0.0,0.09858348833881814,-0.04516520157623527,-0.17430976227984862,0.22,4,可能加速下跌,,44,0,0
265,M4A1-S | Briefing (Factory New),380.0,369.0,270,27,0.1,0.9711,steamdt-live,389.9,53,380.0,106,,11,12,9,2,8,0,2,0,0.0,-0.025391125929725478,0.012727272727272698,-0.025391125929725478,0.025391125929725478,0.0,0.050000000000000044,0.0,-0.28301886792452835,0.36,4,可能加速下跌,,44,0,0
266,Tec-9 | Toxic (Factory New),161.5,154.0,260,24,0.0923,0.9536,steamdt-live,165.17,84,163.0,106,,7,9,9,2,8,5,4,0,-0.024268081807882758,-0.013077487166951784,-0.006516201646821873,-0.037028203446425434,0.04137235116044402,0.0,0.07714285714285718,-0.0471976401179941,-0.354,0.28,16,长期阴跌,,44,0,0
267,M4A1-S | Hot Rod (Factory New),8438.5,8740.0,332,30,0.0904,1.0357,steamdt-live,8747.49,178,8550.25,123,,7,15,9,2,4,0,4,3,-0.0001768867924528683,-0.00471781565135343,-0.0014130946773434072,-0.0048938679245282835,0.01306979328089819,0.0011270613358642656,0.022190034762456512,-0.022190034762456512,-0.12071480671043033,0.36,5,暂未减速,,44,0,0
268,Desert Eagle | Mudder (Factory New),43.3,39.8,370,33,0.0892,0.9192,steamdt-live,44.44,67,45.39,121,,7,6,9,2,8,3,4,5,0.0,-0.013667425968109326,-0.0200892857142857,-0.013667425968109326,0.03131991051454153,0.0,0.07061601201974688,-0.07061601201974688,-0.2521588946459413,0.34,4,可能加速下跌,,44,0,0
269,M4A1-S | Vaporwave (Factory New),959.49,941.0,542,43,0.0793,0.9807,steamdt-live,978.05,228,985.8,132,,7,12,12,2,4,3,4,0,-0.008731381612737565,-0.005709844559585453,-0.0066225165562914245,-0.014391371340523929,0.020918580801844944,0.0,0.024908536585365848,-0.009814241486068132,-0.1322172780551335,0.37,7,可能加速下跌,,44,0,0
270,M4A4 | Spider Lily (Factory New),410.5,404.0,808,63,0.078,0.9842,steamdt-live,412.96,175,419.94,152,,7,12,12,2,8,3,0,0,-0.016587677725118488,-0.010843373493975905,-0.012865497076023358,-0.027251184834123254,0.039766081871345005,0.026250000000000107,0.061349552969153676,-0.009028582464271961,-0.1588114754098361,0.37,13,可能加速下跌,,44,0,0
271,P250 | Black & Tan (Factory New),57.7,53.0,79,5,0.0633,0.9185,steamdt-live,57.85,58,58.83,54,,7,6,4,2,4,10,6,5,0.0,0.03035714285714297,-0.03448275862068961,0.03035714285714297,0.005172413793103403,0.03035714285714297,0.021370420624151953,-0.021370420624151953,-0.15630940195935072,0.37,4,回撤不明显,,44,0,0
272,M4A1-S | Decimator (Factory New),286.0,283.0,1129,68,0.0602,0.9895,steamdt-live,288.8,325,299.08,324,,7,12,15,2,6,0,2,0,0.005181347150259086,-0.01718213058419249,-0.005154639175257714,-0.012089810017271163,0.01718213058419249,0.005272407732864748,0.04013961605584637,-0.02355752816660972,-0.14294276296074315,0.37,9,可能加速下跌,,44,0,0
273,AWP | Sun in Leo (Factory New),488.0,482.0,1173,68,0.058,0.9877,steamdt-live,498.0,455,493.0,303,,3,12,15,2,8,0,4,0,-0.006801902124841996,-0.014141414141414121,-0.004136194700875229,-0.02084712775135933,0.024916578416288693,0.0,0.06848896693899365,-0.02302302302302306,-0.21719602181584852,0.36,12,可能加速下跌,,44,0,0
274,Glock-18 | Wraiths (Factory New),37.0,35.0,427,24,0.0562,0.9459,steamdt-live,35.35,159,36.65,149,,3,9,9,2,8,4,4,5,-0.003899721448467952,-0.011465324384787423,-0.026572668112798348,-0.01532033426183832,0.04148590021691978,0.010000000000000009,0.0530404500401821,-0.019961186581646806,-0.40074588913375153,0.37,8,长期阴跌,,44,0,0
275,Galil AR | Rocket Pop (Factory New),54.68,53.0,592,30,0.0507,0.9693,steamdt-live,56.8,254,55.52,266,,3,12,12,2,6,0,4,5,-0.00506512301013029,-0.0058181818181818334,-0.003784465669489978,-0.01085383502170767,0.014597224725175773,0.012592592592592489,0.03204106921579042,-0.03204106921579042,-0.24360215797482365,0.37,5,可能加速下跌,,44,0,0
276,USP-S | Purple DDPAT (Factory New),168.5,166.0,1099,53,0.0482,0.9852,steamdt-live,168.98,215,173.97,290,,3,12,15,2,10,0,2,0,0.005722543352601139,-0.03155353755962986,-0.006318207926478969,-0.026011560693641633,0.042613636363636354,0.0,0.0948646325741298,-0.031609195402298895,-0.37126865671641796,0.33,8,长期阴跌,,44,0,0
277,AWP | Green Energy (Factory New),199.0,194.0,771,33,0.0428,0.9749,steamdt-live,200.0,360,198.47,495,,3,12,12,2,6,2,4,3,-0.0006499999999999284,-0.007004552959423704,-0.009704892057833314,-0.007650000000000046,0.017280649633590883,0.003488724845788216,0.04116140876370844,-0.007650000000000046,-0.2366538461538461,0.37,11,可能加速下跌,,44,0,0
278,Glock-18 | Nuclear Garden (Factory New),264.99,262.0,2649,113,0.0427,0.9887,steamdt-live,263.0,274,264.58,311,,3,12,15,2,10,0,2,0,-0.009296296296296247,-0.016785674230812453,-0.018181818181818188,-0.025925925925925908,0.038391224862888484,0.011577368360321527,0.10750644767205109,-0.04356680485853526,-0.297542735042735,0.31,9,可能加速下跌,,44,0,0
279,Five-SeveN | Heat Treated (Factory New),107.8,104.0,731,31,0.0424,0.9647,steamdt-live,108.88,364,111.97,217,,3,12,12,2,8,0,2,5,-0.004816430388949522,-0.015615012327641398,0.0024596884394645357,-0.020356234096692183,0.027865452249977496,0.0,0.051056338028169,-0.046017699115044275,-0.23816254416961136,0.3,13,可能加速下跌,,44,0,0
280,FAMAS | Survivor Z (Factory New),30.82,28.6,1143,44,0.0385,0.928,steamdt-live,29.78,234,30.62,307,,3,6,15,2,10,3,0,5,0.0,-0.03301100366788923,-0.06281250000000005,-0.03301100366788923,0.09375,0.0,0.12439613526570037,-0.08747640025173065,-0.3984650487450736,0.37,3,长期阴跌,,44,0,0
281,M4A1-S | Nitro (Factory New),73.0,71.0,1316,42,0.0319,0.9726,steamdt-live,72.9,442,74.79,343,,3,12,15,2,10,0,2,0,0.015600000000000058,-0.04293028751476957,-0.02088772845952991,-0.027999999999999914,0.04830287206266304,0.0,0.09328358208955223,-0.06729785056294768,-0.352,0.27,8,长期阴跌,,44,0,0
282,MP9 | Hypnotic (Factory New),89.52,88.0,539,15,0.0278,0.983,steamdt-live,93.73,212,95.85,259,,3,12,12,2,10,0,0,5,-0.006329113924050556,-0.04968152866242048,-0.012500000000000067,-0.05569620253164553,0.0675,0.0,0.10300601202404813,-0.10291612386010629,-0.1971300448430494,0.37,12,可能加速下跌,,44,0,0
283,AK-47 | Phantom Disruptor (Factory New),139.0,134.0,1623,39,0.024,0.964,steamdt-live,136.0,307,141.0,560,,3,12,15,2,10,0,2,0,-0.00021519259737468044,-0.02425025111206769,-0.010645092612305729,-0.02446022523491853,0.034844936484280775,0.0,0.0864512662054141,-0.06206896551724139,-0.22507122507122512,0.35,10,可能加速下跌,,44,0,0
284,M4A4 | Evil Daimyo (Factory New),54.2,52.0,1803,37,0.0205,0.9594,steamdt-live,54.99,937,54.97,690,,3,9,15,2,8,0,2,5,0.01149838303988493,-0.03730017761989335,-0.020932277924362475,-0.026230686309737572,0.046613896218117845,0.0,0.051784464660601714,-0.030237967436035018,-0.17878787878787872,0.26,8,可能加速下跌,,44,0,0
285,AWP | Duality (Factory New),63.18,60.0,1035,18,0.0174,0.9497,steamdt-live,62.0,643,63.8,519,,3,9,15,2,8,0,2,5,-0.00312989045383405,-0.02668759811616961,-0.01388888888888884,-0.029733959311424085,0.043209876543209846,0.0,0.07032538611485972,-0.0699069906990698,-0.23153197818542393,0.37,10,可能加速下跌,,44,0,0
286,AK-47 | Crossfade (Factory New),26.4,24.6,2833,41,0.0145,0.9318,steamdt-live,27.19,1235,27.17,933,,3,9,15,2,6,0,4,5,0.015671641791044744,-0.03012490815576785,0.01746393318147299,-0.014925373134328401,0.03190319031903199,0.05600000000000005,0.03190319031903199,0.008018327605956443,-0.1916717697489283,0.37,11,可能加速下跌,,44,0,0
287,★ Sport Gloves | Blaze (Field-Tested),748.0,1050.0,103,37,0.3592,1.4037,steamdt-live,732.0,119,742.0,43,"溢价求购:买一高于卖一,多为定向收特定图案,买一价不可作退出价",20,0,7,5,0,0,6,5,0.022284122562674202,-0.0027247956403270157,0.004898530440867743,0.01949860724233976,0.0027247956403270157,0.04571428571428582,0.0027247956403270157,0.01822228404506898,-0.08394653851929723,0.37,10,回撤不明显,买一异常溢价(不作为可成交退出价),43,0,0
288,Five-SeveN | Angry Mob (Factory New),469.5,455.0,241,32,0.1328,0.9691,steamdt-live,475.5,82,474.8,105,,11,12,7,2,2,0,4,5,-0.003185721217747184,-0.006307145275990522,0.010639658848614175,-0.009472773687208558,0.011578947368421022,0.00967741935483879,0.014690451206715638,0.020652173913043415,-0.02795031055900621,0.37,8,可能加速下跌,,43,0,0
289,★ Hand Wraps | Slaughter (Minimal Wear),3498.5,3450.0,178,23,0.1292,0.9861,steamdt-live,3599.0,38,3600.0,70,,11,12,7,5,4,0,4,0,0.00028344671201807614,-0.008642674978747489,-0.003389830508474523,-0.008361678004535134,0.01144391070923989,0.0,0.02819444444444441,-0.02819444444444441,-0.16603098927294402,0.19,3,可能加速下跌,,43,0,0
290,M4A4 | Eye of Horus (Factory New),4156.96,5110.0,304,36,0.1184,1.2293,steamdt-live,4383.0,134,4190.23,91,"溢价求购:买一高于卖一,多为定向收特定图案,买一价不可作退出价",11,0,9,2,10,0,6,5,-0.0006163971228406728,-0.0023663129196844768,0.0022596208163963016,-0.002981251454049705,0.033265116279069806,0.006527845036319535,0.08738529088913283,-0.05016337255798009,-0.1762523779327837,0.36,6,可能加速下跌,买一异常溢价(不作为可成交退出价),43,0,0
291,Five-SeveN | Hot Shot (Factory New),259.23,247.0,140,14,0.1,0.9528,steamdt-live,258.39,69,263.21,80,,11,9,7,2,8,2,4,0,-0.006123230003827085,-0.005044281863688882,-0.009101251422070411,-0.011136624569460518,0.020136518771331047,0.0,0.06920028818443813,-0.06920028818443813,-0.24667638483965015,0.3,10,暂未减速,,43,0,0
292,★ Sport Gloves | Amphibious (Field-Tested),1848.5,2790.0,1080,74,0.0685,1.5093,steamdt-live,1880.0,971,1863.48,265,"溢价求购:买一高于卖一,多为定向收特定图案,买一价不可作退出价",7,0,15,5,0,10,6,0,-0.005945945945945996,0.005927134312126103,0.011758271807492449,-5.405405405400909e-05,5.405405405400909e-05,0.01642857142857146,5.405405405400909e-05,0.03144689155282965,-0.040005397018147426,0.37,9,回撤不明显,买一异常溢价(不作为可成交退出价),43,0,0
293,USP-S | Black Lotus (Factory New),168.5,164.0,615,30,0.0488,0.9733,steamdt-live,159.4,133,167.34,185,,3,12,12,2,10,2,2,0,-0.01966717095310133,-0.016049382716049387,-0.01525534831058939,-0.035400907715582464,0.05011620284845952,0.0,0.11885019347705916,-0.08914285714285708,-0.3202558635394456,0.37,4,长期阴跌,,43,0,0
294,AK-47 | Bloodsport (Factory New),1014.5,1010.0,1581,66,0.0417,0.9956,steamdt-live,1020.0,1104,1034.3,353,,3,15,15,2,4,0,4,0,0.0014591439688715901,-0.016027197668771254,-0.000486144871171601,-0.014591439688715901,0.01650485436893201,0.0,0.01650485436893201,0.013506753376688385,-0.03247373447946511,0.23,12,可能加速下跌,,43,0,0
295,Desert Eagle | Printstream (Factory New),463.26,460.0,1229,45,0.0366,0.993,steamdt-live,463.5,984,472.9,436,,3,15,15,2,4,0,4,0,-0.005324813631522929,-0.009057815845824435,0.00859291084854985,-0.014334398296059647,0.017452599842884164,0.0,0.017452599842884164,-0.002650862068965587,-0.0669959677419355,0.37,17,可能加速下跌,,43,0,0
296,AWP | Mortis (Factory New),74.13,71.0,997,36,0.0361,0.9578,steamdt-live,73.32,338,75.9,398,,3,9,15,2,10,0,4,0,-0.003898373437290048,-0.010526315789473717,0.005270270270270272,-0.014383653716897538,0.0171581769436997,0.00013640703860295922,0.08338542317789721,-0.08350000000000013,-0.31700046576618546,0.32,8,长期阴跌,,43,0,0
297,Galil AR | Blue Titanium (Factory New),117.35,116.0,997,34,0.0341,0.9885,steamdt-live,114.24,133,118.13,313,,3,12,15,2,10,1,0,0,-0.023825447249623877,-0.021666523935942483,-0.03532258064516125,-0.04497575656244779,0.08248333467191393,0.010973451327433548,0.13085818624467438,-0.10596337455000793,-0.23328859060402685,0.37,19,可能加速下跌,,43,0,0
298,★ Sport Gloves | Violet Beadwork (Minimal Wear),3714.5,4290.0,51,35,0.6863,1.1549,steamdt-live,3774.5,68,3744.58,26,"溢价求购:买一高于卖一,多为定向收特定图案,买一价不可作退出价",20,0,4,5,2,0,6,5,0.00540540540540535,-0.0014784946236559016,-0.006711409395973145,0.003918918918918823,0.0032736737596263943,0.003918918918918823,0.009070294784580546,-0.009070294784580546,-0.03893919793014233,0.12,2,回撤不明显,买一异常溢价(不作为可成交退出价),42,0,0
299,M4A4 | Falak (Factory New),874.0,857.0,74,44,0.5946,0.9805,steamdt-live,884.5,53,879.0,99,,20,12,4,2,4,0,0,0,-0.0022653135193910767,-0.008945599854690789,0.004551247041689521,-0.011190648785791901,0.013001695873374741,0.027058823529411802,0.016891891891891886,0.011587485515643037,-0.08682008368200833,0.37,11,可能加速下跌,,42,0,0
300,★ Moto Gloves | Spearmint (Field-Tested),11400.0,14180.0,402,125,0.3109,1.2439,steamdt-live,11665.0,191,11657.83,83,"溢价求购:买一高于卖一,多为定向收特定图案,买一价不可作退出价",20,0,9,5,6,0,2,0,-0.008547008547008517,-0.017241379310344862,-0.0109881749688715,-0.02564102564102566,0.03634745253377225,0.0,0.049049049049049054,-0.048969717193626416,-0.17914746543778803,0.37,11,可能加速下跌,买一异常溢价(不作为可成交退出价),42,0,0
301,★ Specialist Gloves | Blackbook (Field-Tested),1624.5,2400.0,170,46,0.2706,1.4774,steamdt-live,1635.0,163,1629.4,64,"溢价求购:买一高于卖一,多为定向收特定图案,买一价不可作退出价",17,0,7,5,2,0,6,5,-0.00030674846625766694,-0.0030684258975145484,-0.004884004884004867,-0.0033742331288343363,0.008241758241758212,0.015312500000000062,0.008241758241758212,0.016583229036295277,-0.009451219512195075,0.37,10,回撤不明显,买一异常溢价(不作为可成交退出价),42,0,0
302,★ Specialist Gloves | Buckshot (Minimal Wear),402.9,511.0,152,36,0.2368,1.2683,steamdt-live,412.0,103,415.0,62,"溢价求购:买一高于卖一,多为定向收特定图案,买一价不可作退出价",17,0,7,5,4,0,4,5,0.0,0.012311557788944771,-0.0050000000000000044,0.012311557788944771,0.007635467980295574,0.020000000000000018,0.019708029197080368,-0.01710131492278799,-0.09663677130044845,0.37,6,回撤不明显,买一异常溢价(不作为可成交退出价),42,0,0
303,★ Driver Gloves | Garden (Field-Tested),1097.0,1660.0,160,37,0.2313,1.5132,steamdt-live,1129.5,165,1099.5,134,"溢价求购:买一高于卖一,多为定向收特定图案,买一价不可作退出价",17,0,7,5,4,0,6,3,0.00045599635202919764,0.0,-0.007243096423721118,0.00045599635202919764,0.0027272727272726893,0.0018264840182649067,0.02140945584299736,-0.0027272727272726893,-0.12589641434262944,0.22,6,回撤不明显,买一异常溢价(不作为可成交退出价),42,0,0
304,★ Moto Gloves | Transport (Minimal Wear),344.9,623.0,135,25,0.1852,1.8063,steamdt-live,344.99,122,346.76,58,"溢价求购:买一高于卖一,多为定向收特定图案,买一价不可作退出价",14,0,7,5,2,10,4,0,-0.008695652173912993,0.008479532163742531,-0.0057636887608069065,-0.00028985507246381825,0.006051873198847368,0.020414201183431846,0.01457142857142868,0.045151515151515165,-0.006051873198847368,0.37,7,回撤不明显,买一异常溢价(不作为可成交退出价),42,0,0
305,USP-S | Kill Confirmed (Factory New),1563.49,1560.0,256,41,0.1602,0.9978,steamdt-live,1599.0,111,1598.52,62,,14,15,9,2,2,0,0,0,-0.004663354179523238,-0.0006455736657078326,-0.006635783938874984,-0.005305917306578922,0.01190649232460983,0.042326666666666624,0.01357097791798112,0.017625503609062676,-0.10657714285714281,0.37,3,暂未减速,,42,0,0
306,M4A4 | Global Offensive (Factory New),319.98,312.0,337,36,0.1068,0.9751,steamdt-live,334.0,86,324.63,136,,11,12,9,2,6,0,2,0,0.00042876393482793596,-0.020449396926467855,-0.0036616623947273164,-0.020029400955530963,0.023617722445990474,0.0015023474178403884,0.04105730040757605,0.0047098718914846405,-0.21380835380835372,0.26,8,可能加速下跌,,42,0,0
307,USP-S | Blood Tiger (Factory New),101.99,100.0,348,34,0.0977,0.9805,steamdt-live,101.0,70,100.62,122,,7,12,9,2,6,0,6,0,0.027797012563062662,-0.031568816169393665,0.012925851703406988,-0.0046493223859926935,0.031568816169393665,0.009227683049147561,0.031568816169393665,0.026001835423677067,-0.2963636363636364,0.37,10,可能加速下跌,,42,0,0
308,AWP | Elite Build (Factory New),429.0,416.0,411,34,0.0827,0.9697,steamdt-live,436.66,81,448.4,127,,7,12,9,2,10,0,2,0,-0.004485310607759585,-0.03356611849515656,-0.005797101449275366,-0.03790087463556846,0.04347826086956519,0.001166861143523823,0.11690236521953934,-0.11106506423539164,-0.19512195121951215,0.36,12,可能加速下跌,,42,0,0
309,Five-SeveN | Retrobution (Factory New),68.39,65.0,462,34,0.0736,0.9504,steamdt-live,69.59,135,68.46,101,,7,9,9,2,6,0,6,3,-0.0014534883720929148,-0.004512372634643436,-0.0028985507246377384,-0.005959302325581395,0.011705202312138785,0.00014624159110865342,0.033493499152063344,0.009744574043998089,-0.3077234537908695,0.37,4,长期阴跌,,42,0,0
310,FAMAS | Valence (Factory New),175.0,168.0,276,19,0.0688,0.96,steamdt-live,191.43,93,183.54,118,,7,12,9,2,10,0,2,0,-0.027027027027026973,-0.02777777777777779,-0.03141361256544506,-0.05405405405405406,0.08376963350785338,0.0,0.10251807785014622,-0.06407102363889183,-0.19354838709677424,0.33,5,可能加速下跌,,42,0,0
311,Galil AR | Crimson Tsunami (Factory New),42.9,39.4,698,43,0.0616,0.9184,steamdt-live,40.89,267,40.52,244,,7,6,12,2,0,10,0,5,-0.04294175715695958,0.04486848891181028,0.05082987551867224,0.0,0.0,0.1577142857142857,0.0,0.06912928759894466,-0.2825779036827194,0.35,7,反弹较远,,42,0,0
312,M4A1-S | Cyrex (Factory New),1270.0,1260.0,526,32,0.0608,0.9921,steamdt-live,1280.0,241,1288.0,146,,7,15,12,2,2,0,4,0,-0.0007896794370602089,-0.006252005101761382,0.010268562401263726,-0.0070367474589523304,0.0070367474589523304,0.003159557661927437,0.0070367474589523304,0.02626262626262621,-0.03127383676582762,0.37,6,回撤不明显,,42,0,0
313,M4A4 | Hellish (Factory New),729.5,724.0,641,36,0.0562,0.9925,steamdt-live,750.0,182,765.99,247,,3,15,12,2,10,0,0,0,-0.0013218770654329637,-0.03441429516876238,-0.009168303863785199,-0.03569068076668869,0.04825894662683139,0.0,0.10927960927960922,-0.0988264360716492,-0.2018599562363238,0.37,18,可能加速下跌,,42,0,0
314,M4A1-S | Guardian (Factory New),435.0,421.0,684,34,0.0497,0.9678,steamdt-live,458.5,319,442.49,213,,3,12,12,2,8,0,2,3,-0.0011185682326622093,-0.025755879059350506,-0.009966777408637828,-0.02684563758389258,0.041596897858464765,0.0,0.0664234359909861,-0.04772329246935203,-0.1912994980479643,0.36,9,可能加速下跌,,42,0,0
315,USP-S | Orion (Factory New),609.99,605.0,526,25,0.0475,0.9918,steamdt-live,628.5,178,632.99,233,,3,15,12,2,8,0,2,0,-0.0024077046548957037,-0.018519710378117393,-0.013428770507379562,-0.020882825040128394,0.03326571365177977,0.0,0.057930501930501865,-0.03176190476190477,-0.2229426751592356,0.21,10,可能加速下跌,,42,0,0
316,MP9 | Mount Fuji (Factory New),93.0,91.0,1188,48,0.0404,0.9785,steamdt-live,93.0,516,95.68,291,,3,12,15,2,8,0,2,0,-0.0053968253968254,-0.04245132460900092,0.0010593220338981357,-0.04761904761904767,0.052631578947368474,0.0,0.06054279749478075,-0.03805044890979048,-0.2070484581497798,0.37,9,可能加速下跌,,42,0,0
317,M4A4 | Magnesium (Factory New),38.0,37.4,1258,50,0.0397,0.9842,steamdt-live,38.9,503,39.0,240,,3,12,15,2,8,0,2,0,-0.0002585315408479838,-0.017326092578226038,-0.008205128205128198,-0.0175801447776629,0.035532994923857864,0.0026385224274407815,0.050000000000000044,-0.050000000000000044,-0.21649484536082475,0.37,8,可能加速下跌,,42,0,0
318,P250 | Vino Primo (Factory New),118.0,112.0,379,15,0.0396,0.9492,steamdt-live,114.29,116,132.78,70,,3,9,9,2,8,0,6,5,-8.741258741262747e-05,-0.0008742022904099089,0.040094554050368325,-0.0009615384615384581,0.0009615384615384581,0.058240740740740815,0.05074750830564778,-0.049958437240232634,-0.21986348122866894,0.31,4,回撤不明显,,42,0,0
319,AWP | Black Nile (Factory New),96.66,93.0,1050,41,0.039,0.9621,steamdt-live,94.8,267,99.4,404,,3,12,15,2,10,0,0,0,-0.014084507042253613,-0.032653061224489854,-0.022615535889872196,-0.046277665995975936,0.06324110671936767,0.0,0.16842105263157903,-0.11401869158878508,-0.4468432722604738,0.32,14,长期阴跌,,42,0,0
320,AWP | Phobos (Factory New),35.7,35.1,1301,37,0.0284,0.9832,steamdt-live,35.59,374,37.61,540,,3,12,15,2,10,0,0,0,-0.00026420079260236484,-0.05946088794926008,0.033588203167667974,-0.05970937912813734,0.06342105263157882,0.016857142857142904,0.1403381642512076,-0.12123456790123444,-0.31293436293436283,0.37,7,长期阴跌,,42,0,0
321,M4A1-S | Fizzy POP (Factory New),74.0,72.0,2621,60,0.0229,0.973,steamdt-live,74.58,448,76.45,451,,3,12,15,2,10,0,0,0,-0.007792207792207684,-0.03141361256544506,-0.031324694930179864,-0.038961038961038974,0.06906529123160143,0.0,0.1019417475728156,-0.050673508659397126,-0.39837398373983735,0.37,14,长期阴跌,,42,0,0
322,AK-47 | Elite Build (Factory New),51.9,50.0,1139,20,0.0176,0.9634,steamdt-live,49.05,724,51.99,461,,3,12,15,2,8,0,2,0,-0.004835589941972973,-0.048590864917395504,0.018317904274177677,-0.05319148936170215,0.056840077071290906,0.0,0.06619610835558942,-0.03451676528599601,-0.2536972099405397,0.37,11,可能加速下跌,,42,0,0
323,M4A1-S | Solitude (Factory New),72.88,70.0,4863,34,0.007,0.9605,steamdt-live,72.9,2534,77.89,2344,,3,12,15,2,8,0,2,0,-0.025974025974025983,-0.028266666666666773,0.01730743823490566,-0.05350649350649361,0.07395171537484124,0.0,0.07395171537484124,-0.05350649350649361,-0.29345613184682506,0.27,9,可能加速下跌,,42,0,0
324,AWP | Sovereign Flame (Factory New),2967.0,2830.0,27,31,1.1481,0.9538,steamdt-live,2994.0,16,2971.0,46,,20,9,2,2,2,0,6,0,0.002929831870657207,-0.005025125628140725,-0.005586368192448954,-0.002110016530702863,0.008347245409014992,0.0010111223458038054,0.010000000000000009,0.03125,-0.05684344236265482,0.37,8,回撤不明显,,41,0,0
325,★ Driver Gloves | Dragon Fists (Minimal Wear),1278.0,1820.0,42,25,0.5952,1.4241,steamdt-live,1286.5,42,1296.9,28,"溢价求购:买一高于卖一,多为定向收特定图案,买一价不可作退出价",20,0,4,5,6,0,6,0,-0.0007776049766718973,-0.005447470817120603,-0.0027142303218301578,-0.0062208398133748455,0.008918185343156249,0.014285714285714235,0.03474320241691842,-0.03474320241691842,-0.03181818181818186,0.37,7,回撤不明显,买一异常溢价(不作为可成交退出价),41,0,0
326,Glock-18 | Ifrit Lattice (Factory New),71.69,70.0,64,16,0.25,0.9764,steamdt-live,72.5,77,72.5,96,,17,12,4,2,0,0,6,0,-0.002777777777777768,-0.0015320334261837987,0.008403361344537785,-0.0043055555555555625,0.0043055555555555625,0.006882022471909943,0.0043055555555555625,0.03151079136690638,-0.13449233369552094,1.29,3,回撤不明显,,41,0,0
327,Desert Eagle | Crimson Web (Factory New),920.0,885.0,94,19,0.2021,0.962,steamdt-live,1040.0,51,967.69,50,,17,12,4,2,6,0,0,0,-0.0005374077976817437,-0.030037217050258858,0.05561735261401557,-0.030558482613277094,0.030558482613277094,0.024498886414253906,0.030558482613277094,-0.014451145700543178,-0.07889467360832991,0.24,4,可能加速下跌,,41,0,0
328,Galil AR | CAUTION! (Factory New),389.5,367.0,52,8,0.1538,0.9422,steamdt-live,445.0,31,416.95,40,,14,9,4,2,10,0,2,0,0.0,-0.026249999999999996,-0.024390243902439046,-0.026249999999999996,0.050000000000000044,0.0,0.10459770114942524,-0.10459770114942524,-0.201844262295082,0.58,3,可能加速下跌,,41,0,0
329,AWP | Gungnir (Factory New),77777.0,77070.0,130,16,0.1231,0.9909,steamdt-live,78000.0,165,79195.5,34,,11,15,7,2,0,0,6,0,0.0,0.002933610145777754,-6.447453255953306e-06,0.002933610145777754,0.0,0.002933610145777754,0.0,0.004877292488969509,0.033059717352034834,0.32,3,回撤不明显,,41,0,0
330,USP-S | Stainless (Factory New),287.88,270.0,299,30,0.1003,0.9379,steamdt-live,293.72,216,293.37,82,,11,9,9,2,6,0,4,0,-0.0017241379310344307,-0.005595854922279764,-0.004155077092132808,-0.00731034482758619,0.01068765249664938,0.0,0.03686851789896284,0.06622222222222218,-0.18099573257467994,0.36,3,暂未减速,,41,0,0
331,M4A4 | Cyber Security (Factory New),920.0,912.0,480,44,0.0917,0.9913,steamdt-live,988.0,70,926.99,121,,7,15,9,2,8,0,0,0,-0.0005184033177811909,-0.0456431535269709,-0.011276268580215243,-0.04613789528252976,0.05544147843942504,0.0,0.06504065040650409,-0.03157894736842104,-0.14018691588785048,0.31,8,可能加速下跌,,41,0,0
332,USP-S | Neo-Noir (Factory New),704.0,695.0,481,43,0.0894,0.9872,steamdt-live,712.0,215,696.0,185,,7,12,9,2,2,0,4,5,0.0,-0.007132667617689048,0.006460875807609456,-0.007132667617689048,0.009957325746799417,0.007046431206864101,0.009957325746799417,0.010159651669085612,-0.04395604395604391,0.36,6,回撤不明显,,41,0,0
333,★ Hydra Gloves | Emerald (Field-Tested),193.46,194.0,118,10,0.0847,1.0028,steamdt-live,195.9,107,194.94,554,,7,15,7,5,4,0,0,3,0.001481859989780343,-0.012908821878667265,0.01768070722828896,-0.011446090955544053,0.01946274708565643,0.018210526315789455,0.02539042821158688,-0.01841798163275654,-0.10110584518167454,0.37,12,可能加速下跌,,41,0,0
334,FAMAS | Pulse (Factory New),178.37,169.0,622,37,0.0595,0.9475,steamdt-live,178.95,219,177.95,203,,3,9,12,2,10,0,2,3,-0.004644990046449915,-0.011388888888889004,-0.011154855643044526,-0.01598097765980988,0.026957567804024585,0.016857142857142682,0.08240086629196108,-0.07797927461139897,-0.23952991452991457,0.37,6,可能加速下跌,,41,0,0
335,★ Hand Wraps | Cobalt Skulls (Field-Tested),1233.99,1680.0,908,52,0.0573,1.3614,steamdt-live,1240.0,680,1242.71,208,"溢价求购:买一高于卖一,多为定向收特定图案,买一价不可作退出价",3,0,15,5,2,10,6,0,0.003734439834024883,0.020248036378668788,-0.020038385218438037,0.024058091286307093,0.000817813765182196,0.046197541331072456,0.012808000000000042,0.011467213114754182,-0.06614953836839721,0.28,7,回撤不明显,买一异常溢价(不作为可成交退出价),41,0,0
336,AWP | Capillary (Factory New),39.65,37.0,813,36,0.0443,0.9332,steamdt-live,41.8,169,39.6,230,,3,9,12,2,8,3,4,0,-0.007224713502740343,-0.005018820577164407,-0.008888888888888835,-0.012207274539113189,0.020987654320987703,0.0012626262626262985,0.07790697674418612,-0.07359813084112143,-0.375787153652393,0.37,10,长期阴跌,,41,0,0
337,Glock-18 | Ironwork (Factory New),208.0,203.0,753,29,0.0385,0.976,steamdt-live,208.0,93,211.22,148,,3,12,12,2,10,0,2,0,-0.003334899013621495,-0.022102832367217995,0.004245283018867951,-0.025364020666979847,0.030645613379426284,0.0,0.08791208791208793,-0.03935185185185186,-0.3515625,0.37,9,长期阴跌,,41,0,0
338,Tec-9 | Titanium Bit (Factory New),569.0,557.0,613,20,0.0326,0.9789,steamdt-live,592.74,7,570.0,35,,3,12,12,2,6,0,6,0,0.05945945945945952,-0.03231292517006801,0.035447761194029814,0.02522522522522519,0.03231292517006801,0.0584864945308432,0.03231292517006801,0.07500472321934648,0.028598286272099482,0.19,8,可能加速下跌,,41,0,0
339,M4A4 | Tooth Fairy (Factory New),86.8,86.0,1588,31,0.0195,0.9908,steamdt-live,89.36,436,87.0,586,,3,15,15,2,2,0,4,0,-0.0013636363636364557,-0.01228948566226673,0.0014794582906565434,-0.013636363636363669,0.013636363636363669,0.0,0.013636363636363669,-0.023072594259988755,-0.21019108280254784,0.25,3,可能加速下跌,,41,0,0
340,★ Driver Gloves | Brocade Flowers (Minimal Wear),2419.88,3330.0,40,33,0.825,1.3761,steamdt-live,2400.0,44,2419.5,31,"溢价求购:买一高于卖一,多为定向收特定图案,买一价不可作退出价",20,0,4,5,4,0,4,3,-0.0020577404442904124,-0.008264462809917328,0.0020619834710742246,-0.010305197134833466,0.014365621072862989,0.0,0.02000816659861171,-0.02000816659861171,-0.031211147530395777,0.12,2,可能加速下跌,买一异常溢价(不作为可成交退出价),40,0,0
341,★ Driver Gloves | Plum Quill (Field-Tested),625.0,659.0,59,29,0.4915,1.0544,steamdt-live,627.0,48,629.65,26,"溢价求购:买一高于卖一,多为定向收特定图案,买一价不可作退出价",20,0,4,5,2,0,6,3,0.005415625200281937,-0.003984063745019917,0.02822122275490524,0.0014099852592450723,0.006359300476947549,0.02967099952223262,0.007132758264626893,-0.007132758264626893,-0.03509178206968955,0.37,6,回撤不明显,买一异常溢价(不作为可成交退出价),40,0,0
342,★ Specialist Gloves | Cloud Chaser (Field-Tested),2772.0,3800.0,151,38,0.2517,1.3709,steamdt-live,2790.0,154,2804.5,62,"溢价求购:买一高于卖一,多为定向收特定图案,买一价不可作退出价",17,0,7,5,0,0,6,5,0.0,0.0,0.005440696409140466,0.0,0.00018034265103694658,0.026666666666666616,0.00018034265103694658,0.004711852120333537,-0.00982318271119842,0.12,3,回撤不明显,买一异常溢价(不作为可成交退出价),40,0,0
343,USP-S | Ancient Visions (Factory New),288.0,273.0,63,15,0.2381,0.9479,steamdt-live,309.98,31,302.21,65,,17,9,4,2,8,0,0,0,-0.00026928773394363503,-0.030303030303030276,0.03152777777777782,-0.030564157802612013,0.03401086737774195,0.0,0.05573770491803276,-0.057283142389525366,-0.15194346289752658,0.24,2,可能加速下跌,,40,0,0
344,★ Broken Fang Gloves | Needle Point (Minimal Wear),372.0,413.0,101,23,0.2277,1.1102,steamdt-live,368.91,57,387.5,38,"溢价求购:买一高于卖一,多为定向收特定图案,买一价不可作退出价",17,0,7,5,0,0,6,5,0.0,0.0,0.0,0.0,0.0,0.05402857142857154,0.0029459459459458825,0.02475000000000005,-0.0291842105263157,0.37,3,回撤不明显,买一异常溢价(不作为可成交退出价),40,0,0
345,AK-47 | Panthera onca (Factory New),2328.89,2240.0,117,13,0.1111,0.9618,steamdt-live,2349.0,32,2340.53,54,,11,12,7,2,4,0,4,0,-0.0010618847598128367,-0.0017574014462127252,-0.006182978723404342,-0.0028174200482129486,0.008982978723404256,0.0062173255562756324,0.029629166666666706,-0.01318220338983056,-0.1369686863072077,0.35,2,回撤不明显,,40,0,0
346,AK-47 | Breakthrough (Factory New),58.0,55.0,398,33,0.0829,0.9483,steamdt-live,57.38,361,57.38,326,,7,9,9,2,6,3,4,0,-0.015280135823429464,-0.010689655172413715,0.0,-0.02580645161290318,0.03998661535887571,0.0,0.04286905754795667,-0.02564102564102566,-0.16294675419401894,0.35,8,可能加速下跌,,40,0,0
347,AWP | Atheris (Factory New),185.0,176.0,561,46,0.082,0.9514,steamdt-live,189.37,320,194.37,243,,7,9,12,2,10,0,0,0,-0.0013315579227696217,-0.05128205128205132,-0.00782520325203262,-0.052545324183140396,0.05991158087301185,0.00609092886665219,0.11896371082960278,-0.0697908286403861,-0.3686006825938567,0.32,10,长期阴跌,,40,0,0
348,USP-S | Monster Mashup (Factory New),503.0,480.0,593,44,0.0742,0.9543,steamdt-live,512.5,146,502.0,171,,7,9,12,2,8,0,2,0,-0.005836575875486361,-0.018590998043052864,-0.009633911368015391,-0.024319066147859947,0.03315982263350692,0.0,0.06256425593958548,-0.01666666666666672,-0.20143312101910826,0.09,10,可能加速下跌,,40,0,0
349,Galil AR | Stone Cold (Factory New),138.39,130.0,351,25,0.0712,0.9394,steamdt-live,138.94,148,137.16,109,,7,9,9,2,6,0,4,3,-0.0027349935223837107,-0.010103926096997728,-0.009269823160296675,-0.012811285446955534,0.030534351145038108,0.0,0.030534351145038108,0.01728102054438918,-0.2704255319148936,0.37,7,可能加速下跌,,40,0,0
350,M4A1-S | Blue Phosphor (Factory New),3540.0,3510.0,523,34,0.065,0.9915,steamdt-live,3499.5,315,3650.0,121,,7,15,12,2,4,0,0,0,0.00027918781725877473,-0.013388816996946606,0.0,-0.01311336717428091,0.014086491055078199,0.0,0.017822060061745693,-0.017684210526315747,-0.04632783758005177,0.37,1,价格更新稀疏,,40,0,0
351,Tec-9 | Cracked Opal (Factory New),47.0,45.2,403,25,0.062,0.9617,steamdt-live,48.0,160,48.39,72,,7,12,9,2,10,0,0,0,-0.02515090543259557,-0.029927760577915463,-0.005999999999999894,-0.05432595573440646,0.05905905905905906,0.021739130434782705,0.14529914529914534,-0.09615384615384615,0.06818181818181812,0.32,7,可能加速下跌,,40,0,0
352,Tec-9 | Blue Titanium (Factory New),206.6,197.0,641,39,0.0608,0.9535,steamdt-live,205.03,48,196.9,135,,7,9,12,2,10,0,0,0,0.0037394213737453885,-0.03480392156862744,-0.016786802767161713,-0.031194646723086028,0.04745779110831605,0.0,0.11238335662444221,-0.0276543209876543,-0.3376614639397201,0.14,5,长期阴跌,,40,0,0
353,Glock-18 | Dragon Tattoo (Factory New),539.5,520.0,363,22,0.0606,0.9639,steamdt-live,544.9,241,553.14,247,,7,12,9,2,4,0,6,0,0.0,-0.01172375893020694,-0.0038321167883211826,-0.01172375893020694,0.01730418943533696,0.006529850746268551,0.01730418943533696,-0.008272058823529438,-0.1587138223552894,0.37,5,可能加速下跌,,40,0,0
354,M4A4 | Neo-Noir (Factory New),654.5,642.0,934,53,0.0567,0.9809,steamdt-live,669.5,247,660.0,212,,3,12,15,2,6,0,2,0,-0.002974633402591964,-0.01874062968515744,-0.013870872641509435,-0.021659516584702332,0.03522995283018859,0.0,0.0445255474452555,-0.03466076696165188,-0.1376811594202898,0.36,10,可能加速下跌,,40,0,0
355,AWP | Crakow! (Factory New),509.0,505.0,758,34,0.0449,0.9921,steamdt-live,510.0,373,514.0,202,,3,15,12,2,4,0,4,0,0.0,-0.007797270955165692,0.003128666405944447,-0.007797270955165692,0.009727626459143934,0.0,0.021135021827342837,-0.021135021827342837,-0.09248132365788864,0.36,10,回撤不明显,,40,0,0
356,AWP | Lightning Strike (Factory New),3009.5,2970.0,597,25,0.0419,0.9869,steamdt-live,3039.5,481,3006.0,141,,3,12,12,2,2,0,6,3,0.0,0.0003333333333332966,-0.005624848772112334,0.0003333333333332966,0.005764643519745594,0.002780116818370315,0.005764643519745594,0.007046979865771741,-0.011202635914332792,0.37,6,回撤不明显,,40,0,0
357,M4A1-S | Icarus Fell (Factory New),2833.0,2820.0,612,25,0.0408,0.9954,steamdt-live,2945.8,407,2929.7,181,,3,15,12,2,6,0,2,0,0.00018496571283721508,-0.02979452054794518,-0.004952300450921654,-0.029615065799839746,0.03900949796472186,0.0,0.03900949796472186,-0.032940774876258794,-0.1119122257053291,0.37,8,可能加速下跌,,40,0,0
358,Five-SeveN | Nightshade (Factory New),99.88,97.0,640,16,0.025,0.9712,steamdt-live,99.58,57,92.1,47,,3,12,12,2,8,1,2,0,-0.023685850820693966,-0.02000425622472879,-0.015041440703980391,-0.04321628921670484,0.057607694668986076,0.0,0.05953231900336986,-0.030526315789473735,-0.20603448275862069,0.3,21,可能加速下跌,,40,0,0
359,AK-47 | Ice Coaled (Factory New),89.0,86.0,1687,32,0.019,0.9663,steamdt-live,89.98,1236,90.98,713,,3,12,15,2,4,0,4,0,0.0011225864391559703,-0.0021305225386859528,-0.00246360582306826,-0.00101032779524024,0.009020044543429862,0.011249999999999982,0.018853362734288948,-0.011222222222222245,-0.09378818737270889,0.37,11,回撤不明显,,40,0,0
360,M4A1-S | Fatal Glitch (Factory New),617.0,590.0,33,18,0.5455,0.9562,steamdt-live,616.2,39,600.0,76,,20,9,4,2,4,0,0,0,0.0,-0.009884651561906987,-0.011435562805872768,-0.009884651561906987,0.021207177814029365,0.0,0.0228013029315961,0.016949152542372836,-0.07619824785601015,0.37,1,价格更新稀疏,,39,0,0
361,★ Driver Gloves | Wave Chaser (Field-Tested),1019.5,1840.0,81,42,0.5185,1.8048,steamdt-live,1014.5,87,1019.0,54,"溢价求购:买一高于卖一,多为定向收特定图案,买一价不可作退出价",20,0,4,5,4,0,6,0,-0.0029354207436399493,-0.004416094210009769,-0.0024402147388969953,-0.007338551859099818,0.009760858955588092,0.0,0.021697203471552573,-0.021697203471552573,-0.033809523809523845,0.12,3,回撤不明显,买一异常溢价(不作为可成交退出价),39,0,0
362,★ Driver Gloves | Garden (Minimal Wear),2675.0,3290.0,48,23,0.4792,1.2299,steamdt-live,2728.0,61,2810.0,40,"溢价求购:买一高于卖一,多为定向收特定图案,买一价不可作退出价",20,0,4,5,6,0,4,0,-0.0014820303816228675,-0.007421150278293154,-0.00037037037037035425,-0.008892182289736983,0.0092592592592593,0.0,0.04430153626295108,-0.04430153626295108,-0.07327212887580115,0.37,5,回撤不明显,买一异常溢价(不作为可成交退出价),39,0,0
363,★ Broken Fang Gloves | Unhinged (Minimal Wear),481.94,663.0,60,26,0.4333,1.3757,steamdt-live,470.0,63,482.56,57,"溢价求购:买一高于卖一,多为定向收特定图案,买一价不可作退出价",20,0,4,5,6,0,4,0,0.0,-0.024896265560165998,0.019027484143763207,-0.024896265560165998,0.024896265560165998,0.010752688172043001,0.03983656792645551,-0.03983656792645551,-0.10305343511450382,0.37,5,可能加速下跌,买一异常溢价(不作为可成交退出价),39,0,0
364,AWP | Queen's Gambit (Factory New),1324.0,2370.0,101,40,0.396,1.79,steamdt-live,1345.0,108,1350.0,46,"溢价求购:买一高于卖一,多为定向收特定图案,买一价不可作退出价",20,0,7,2,4,0,6,0,-0.0030211480362537513,0.003030303030302939,-0.0011316484345530453,0.0,0.0011316484345530453,0.0037907505686125553,0.028256880733944945,-0.028256880733944945,-0.029823404411225996,0.32,5,回撤不明显,买一异常溢价(不作为可成交退出价),39,0,0
365,M4A4 | Dark Operative (Factory New),40.7,37.7,95,28,0.2947,0.9263,steamdt-live,38.0,77,40.68,98,,17,6,4,2,10,0,0,0,0.019548872180451093,-0.06588003933136677,0.010126582278481067,-0.04761904761904756,0.07090464547677255,0.0,0.10588235294117643,-0.10588235294117643,-0.0880729541636669,0.37,6,可能加速下跌,,39,0,0
366,★ Driver Gloves | Dragon Fists (Field-Tested),610.0,737.0,97,27,0.2784,1.2082,steamdt-live,614.49,106,613.0,38,"溢价求购:买一高于卖一,多为定向收特定图案,买一价不可作退出价",17,0,4,5,2,0,6,5,0.0,-0.006352826193190997,0.0022857142857142243,-0.006352826193190997,0.006352826193190997,0.016666666666666607,0.006514657980456029,0.025227314744785678,-0.02008032128514059,0.18,9,回撤不明显,买一异常溢价(不作为可成交退出价),39,0,0
367,★ Sport Gloves | Hedge Maze (Minimal Wear),45900.0,67760.0,220,33,0.15,1.4763,steamdt-live,46880.0,183,47615.5,47,"溢价求购:买一高于卖一,多为定向收特定图案,买一价不可作退出价",14,0,7,5,2,0,6,5,-0.004347826086956497,0.0021834061135370675,-0.0043290043290042934,-0.0021739130434782483,0.00649350649350644,0.006589984539304261,0.008639308855291628,0.0027088430618664727,-0.019230769230769273,0.37,5,回撤不明显,买一异常溢价(不作为可成交退出价),39,0,0
368,Desert Eagle | Ocean Drive (Factory New),1655.76,1580.0,235,32,0.1362,0.9542,steamdt-live,1704.85,51,1662.22,61,,11,9,7,2,4,0,6,0,-0.0009038976064791315,-0.001351041628970151,-0.004009218802516035,-0.0022537180321546835,0.006253901185960586,0.0,0.026035294117647045,-0.01939602840407706,-0.10257021756333407,0.37,2,回撤不明显,,39,0,0
369,Tec-9 | Whiteout (Factory New),1199.5,1130.0,162,17,0.1049,0.9421,steamdt-live,1220.0,71,1170.0,95,,11,9,7,2,8,0,2,0,-0.004713860403572689,-0.027835479850436218,0.01613445378151268,-0.03241812768772745,0.034653465346534684,0.0,0.05415565202628958,-0.05415565202628958,-0.18666972534462267,0.37,6,可能加速下跌,,39,0,0
370,FAMAS | Eye of Athena (Factory New),200.5,190.0,317,27,0.0852,0.9476,steamdt-live,203.58,101,204.98,100,,7,9,9,2,10,0,2,0,-0.010514186950885795,-0.027171276079573037,-0.0010071942446043813,-0.037399779154064006,0.042959427207637235,0.0,0.1049107142857143,-0.01134122287968442,-0.29895104895104896,0.37,12,可能加速下跌,,39,0,0
371,FAMAS | Cyanospatter (Factory New),40.49,38.3,344,27,0.0785,0.9459,steamdt-live,42.98,60,41.46,81,,7,9,9,2,10,0,2,0,-0.021095046219483327,-0.02203389830508462,-0.014252336448598135,-0.0426641384214268,0.056308411214953225,0.0,0.11985181956853341,0.03590664272890476,-0.43104662628539225,0.19,11,长期阴跌,,39,0,0
372,Galil AR | Phoenix Blacklight (Factory New),974.49,965.0,453,33,0.0728,0.9903,steamdt-live,979.5,143,979.86,125,,7,15,9,2,4,0,2,0,-0.006044460589915146,-0.010670050761421357,0.0005250032812704752,-0.01665001665001664,0.01714591170864055,0.016152241918665267,0.025510000000000033,-0.01910475404390677,-0.22040799999999994,0.3,10,可能加速下跌,,39,0,0
373,MP9 | Music Box (Factory New),43.5,41.0,303,20,0.066,0.9425,steamdt-live,42.3,97,42.0,111,,7,9,9,2,10,0,2,0,-0.01382488479262678,-0.01869158878504662,-0.005499541704858002,-0.032258064516129004,0.045454545454545414,0.0,0.10581222056631889,-0.10600255427841632,-0.5434782608695652,0.25,7,长期阴跌,,39,0,0
374,M4A4 | Desert-Strike (Factory New),484.0,477.0,893,52,0.0582,0.9855,steamdt-live,489.48,140,491.34,191,,3,12,12,2,8,0,2,0,-0.006058886704897737,-0.013272171253822629,-0.015972083748753696,-0.01925064337676552,0.03491525423728814,0.008333506948061453,0.06779791598451446,-0.04820058997050147,-0.19132832080200501,0.37,11,可能加速下跌,,39,0,0
375,Desert Eagle | Midnight Storm (Factory New),570.0,562.0,815,46,0.0564,0.986,steamdt-live,607.21,155,560.0,132,,3,12,12,2,10,0,0,0,-0.004659377628258965,-0.053622429148429185,-0.0041876046901172526,-0.05803195962994112,0.06666666666666665,0.0,0.10828025477707004,-0.08793302822521543,-0.2893401015228426,0.37,11,可能加速下跌,,39,0,0
376,★ Sport Gloves | Nocts (Field-Tested),3740.0,4360.0,1014,54,0.0533,1.1658,steamdt-live,3740.0,830,3769.8,153,"溢价求购:买一高于卖一,多为定向收特定图案,买一价不可作退出价",3,0,15,5,2,10,4,0,-0.01766033727260652,0.011084076777507335,0.008165997322623797,-0.006772009029345383,0.006772009029345383,0.01782555449721057,0.007825971614272453,-0.007825971614272453,-0.03359173126614989,0.37,9,回撤不明显,买一异常溢价(不作为可成交退出价),39,0,0
377,M4A1-S | Blood Tiger (Factory New),113.5,112.0,814,38,0.0467,0.9868,steamdt-live,110.88,229,113.18,215,,3,12,12,2,8,0,2,0,0.0,-0.022739291380222126,-0.008823272473137078,-0.022739291380222126,0.027112397999473625,0.0,0.06800033621921497,-0.04824034334763949,-0.23531034482758628,0.27,3,可能加速下跌,,39,0,0
378,Five-SeveN | Boost Protocol (Factory New),65.8,63.0,1411,56,0.0397,0.9574,steamdt-live,66.7,255,66.71,264,,3,9,15,2,10,0,0,0,-0.013043478260869601,-0.032599118942731264,-0.007194244604316502,-0.045217391304347876,0.05480631276901016,0.0135384615384615,0.08372739916550775,-0.025011099600414366,-0.2984025559105432,0.18,15,可能加速下跌,,39,0,0
379,Desert Eagle | Mulberry (Factory New),82.3,79.0,1042,35,0.0336,0.9599,steamdt-live,85.9,541,81.89,238,,3,9,15,2,4,0,6,0,0.003615960099750515,0.017393465026711574,-0.007425742574257321,0.021072319201995038,0.016808740545083523,0.024906132665832192,0.016808740545083523,0.010987654320987694,-0.08451648965902736,0.37,16,暂未减速,,39,0,0
380,Desert Eagle | Blaze (Factory New),3977.0,3890.0,509,15,0.0295,0.9781,steamdt-live,4076.99,426,3998.39,121,,3,12,12,2,4,0,6,0,2.509416585860791e-06,-0.002007528230865696,-0.0037525000000000475,-0.002005023852004628,0.005725143128578192,0.00037731103005911315,0.015106488360574488,-0.015082097129696104,-0.03470873786407769,0.36,3,回撤不明显,,39,0,0
381,M4A4 | Turbine (Factory New),81.9,77.0,1170,34,0.0291,0.9402,steamdt-live,80.89,237,83.0,305,,3,9,15,2,8,0,2,0,-0.00204893334940337,-0.023067632850241493,-0.01108462455303938,-0.025069302157406326,0.035876042908224104,0.0,0.05469206497604295,-0.05469206497604295,-0.34209028060187074,0.37,6,长期阴跌,,39,0,0
382,AK-47 | Safety Net (Factory New),78.42,75.0,1880,53,0.0282,0.9564,steamdt-live,79.92,404,80.41,523,,3,9,15,2,10,0,0,0,-0.020895522388059695,-0.04365853658536578,-0.007701421800947905,-0.06364179104477607,0.06975088967971521,0.0,0.10428326670474009,-0.04249084249084256,-0.35456790123456794,0.36,14,长期阴跌,,39,0,0
383,★ Driver Gloves | Queen Jaguar (Minimal Wear),677.5,940.0,104,33,0.3173,1.3875,steamdt-live,678.0,61,679.48,71,"溢价求购:买一高于卖一,多为定向收特定图案,买一价不可作退出价",20,0,7,5,0,0,6,0,-0.0007363770250368162,-0.0014738393515106862,0.002954209748892156,-0.0022091310751104487,0.0028112627132363954,0.0007385524372229835,0.0028112627132363954,0.004581782595157291,-0.010631151610736245,0.37,3,回撤不明显,买一异常溢价(不作为可成交退出价),38,0,0
384,★ Specialist Gloves | Big Swell (Field-Tested),1143.5,1710.0,105,33,0.3143,1.4954,steamdt-live,1150.0,120,1173.69,97,"溢价求购:买一高于卖一,多为定向收特定图案,买一价不可作退出价",20,0,7,5,2,0,4,0,-0.0004366812227074579,-0.000873743993010101,0.005267778753292429,-0.0013100436681222627,0.0013100436681222627,0.011946902654867309,0.01421563978999818,-0.013799051315222077,-0.03544436196774414,0.37,5,回撤不明显,买一异常溢价(不作为可成交退出价),38,0,0
385,Tec-9 | Sultan (Factory New),38.18,35.0,158,32,0.2025,0.9167,steamdt-live,37.5,121,37.67,116,,17,6,7,2,0,0,6,0,0.0102453491507144,0.0008006405124099114,0.021763085399449267,0.011054192504718063,0.0018631887143998327,0.03305785123966953,0.0018631887143998327,0.04807154835103411,0.23395853899308983,0.11,5,回撤不明显,,38,0,0
386,★ Moto Gloves | Smoke Out (Field-Tested),684.5,900.0,311,43,0.1383,1.3148,steamdt-live,677.5,315,680.0,140,"溢价求购:买一高于卖一,多为定向收特定图案,买一价不可作退出价",11,0,9,5,2,0,6,5,-0.001477104874446078,0.002218934911242698,-0.007331378299120228,0.0007385524372229835,0.006598240469208205,0.011949215832711024,0.013095602266602557,-0.01310997815003645,-0.05265954471726597,0.36,8,回撤不明显,买一异常溢价(不作为可成交退出价),38,0,0
387,★ Specialist Gloves | Marble Fade (Field-Tested),846.48,1280.0,381,52,0.1365,1.5121,steamdt-live,834.99,340,843.88,153,"溢价求购:买一高于卖一,多为定向收特定图案,买一价不可作退出价",11,0,9,5,4,0,4,5,-0.0035537190082644,-0.01066363345537269,0.002960331557134488,-0.014179456906729615,0.01534198113207541,0.006012048192771013,0.01534198113207541,-0.005372245384157259,-0.05114772727272732,0.37,4,可能加速下跌,买一异常溢价(不作为可成交退出价),38,0,0
388,★ Moto Gloves | POW! (Minimal Wear),1004.0,1680.0,290,32,0.1103,1.6733,steamdt-live,1014.39,290,1022.0,64,"溢价求购:买一高于卖一,多为定向收特定图案,买一价不可作退出价",11,0,9,5,2,0,6,5,-0.0014888337468982327,-0.001988071570576566,0.0004965243296921606,-0.0034739454094292466,0.005940594059405946,0.0004982561036372957,0.005940594059405946,0.006516290726817031,-0.07889908256880729,0.37,2,回撤不明显,买一异常溢价(不作为可成交退出价),38,0,0
389,★ Driver Gloves | Snow Leopard (Field-Tested),1640.0,2530.0,532,57,0.1071,1.5427,steamdt-live,1677.0,489,1679.5,161,"溢价求购:买一高于卖一,多为定向收特定图案,买一价不可作退出价",11,0,12,5,4,0,6,0,-0.0009242930982061859,-0.0018137774044724164,-0.003327292892684186,-0.002736394040741885,0.00605458214898269,0.0,0.016432769581384288,-0.016786570743405282,-0.06277680944080921,0.36,3,回撤不明显,买一异常溢价(不作为可成交退出价),38,0,0
390,★ Hand Wraps | Arboreal (Field-Tested),240.0,262.0,355,38,0.107,1.0917,steamdt-live,246.75,344,242.12,211,"溢价求购:买一高于卖一,多为定向收特定图案,买一价不可作退出价",11,0,9,5,2,0,6,5,0.018867924528301883,-0.014403292181069949,0.002943650126156383,0.004192872117400492,0.014403292181069949,0.01914893617021285,0.014403292181069949,0.01914893617021285,-0.09451795841209831,0.37,13,可能加速下跌,买一异常溢价(不作为可成交退出价),38,0,0
391,AWP | Chrome Cannon (Factory New),447.0,435.0,353,37,0.1048,0.9732,steamdt-live,445.0,296,458.26,146,,11,12,9,2,0,0,4,0,-0.0011376564277588708,0.013667425968109326,0.005720823798627039,0.012514220705347023,0.0,0.02298850574712641,0.0022421524663677195,0.0011248593925758943,0.020642201834862428,0.37,10,回撤不明显,,38,0,0
392,Glock-18 | Red Tire (Factory New),75.0,72.0,299,27,0.0903,0.96,steamdt-live,85.38,76,72.01,106,,7,12,9,2,8,0,0,0,0.0,-0.001386770212175814,0.0023630803447316495,-0.001386770212175814,0.002769699487605415,0.010808534531162373,0.07287240890948887,-0.02240021721422747,-0.4956929756985783,1.37,1,价格更新稀疏,,38,0,0
393,USP-S | Printstream (Factory New),636.5,629.0,488,41,0.084,0.9882,steamdt-live,642.9,388,656.97,142,,7,12,9,2,2,0,6,0,0.006309148264984188,-0.0031347962382445305,0.007148530579825341,0.003154574132492094,0.0046948356807511304,0.010325655281969714,0.00903708320349006,-0.003915426781519238,-0.02752293577981646,0.09,11,回撤不明显,,38,0,0
394,Glock-18 | Franklin (Factory New),729.0,721.0,460,37,0.0804,0.989,steamdt-live,777.5,87,754.95,149,,7,12,9,2,8,0,0,0,-0.007764179497302237,-0.03315649867374004,0.0,-0.04066324516383735,0.04066324516383735,0.0,0.06538461538461537,-0.03443708609271523,-0.25528654612319945,0.36,9,可能加速下跌,,38,0,0
395,★ Sport Gloves | Omega (Field-Tested),1115.3,2020.0,913,59,0.0646,1.8112,steamdt-live,1129.5,756,1141.72,240,"溢价求购:买一高于卖一,多为定向收特定图案,买一价不可作退出价",7,0,15,5,4,0,2,5,0.009838998211091132,-0.012223206377324991,0.0026905829596413078,-0.002504472271914082,0.024748578924355003,0.005699444484524863,0.024748578924355003,-0.005617476593847481,-0.09094614312381288,0.05,6,可能加速下跌,买一异常溢价(不作为可成交退出价),38,0,0
396,AK-47 | Nightwish (Factory New),758.0,1120.0,661,40,0.0605,1.4776,steamdt-live,775.0,205,793.5,149,"溢价求购:买一高于卖一,多为定向收特定图案,买一价不可作退出价",7,0,12,2,6,0,6,5,-0.003931847968545177,-0.0026315789473684292,-0.007130959816781246,-0.006553079947575369,0.013637310014574244,0.003973509933774766,0.03807106598984766,-0.03192848020434225,0.0462387853692201,0.37,13,暂未减速,买一异常溢价(不作为可成交退出价),38,0,0
397,★ Specialist Gloves | Field Agent (Field-Tested),753.0,1180.0,727,34,0.0468,1.5671,steamdt-live,752.0,578,775.0,160,"溢价求购:买一高于卖一,多为定向收特定图案,买一价不可作退出价",3,0,12,5,6,3,6,3,-0.001905064295919856,-0.005885159853666333,-0.011921568627450974,-0.007779012541673236,0.019607843137254943,0.0,0.04443991438181627,-0.03907751441383733,-0.07185110016582918,0.14,15,暂未减速,买一异常溢价(不作为可成交退出价),38,0,0
398,MP9 | Rose Iron (Factory New),55.99,53.0,473,19,0.0402,0.9466,steamdt-live,57.42,176,58.66,182,,3,9,9,2,6,0,4,5,-0.0035211267605632646,-0.01077738515901061,-0.012173913043478257,-0.014260563380281588,0.026260869565217337,0.019854280510018363,0.04175937018654796,-0.0359848484848484,-0.3161944308744503,0.37,9,长期阴跌,,38,0,0
399,Five-SeveN | Kami (Factory New),30.0,28.6,831,22,0.0265,0.9533,steamdt-live,28.0,391,30.0,174,,3,9,12,2,6,0,6,0,-0.0013651877133105117,-0.0430622009569378,-0.001022843504943638,-0.04436860068259385,0.04436860068259385,0.0035842293906811484,0.04988123515439424,0.03703703703703698,-0.3433395872420263,0.3,5,长期阴跌,,38,0,0
400,Tec-9 | Re-Entry (Factory New),40.39,37.0,867,23,0.0265,0.9161,steamdt-live,40.78,220,42.39,246,,3,6,12,2,10,0,0,5,-0.0002393489707993579,-0.0330380655973187,-0.025652985074626877,-0.033269506941120186,0.058069029850746356,0.009749999999999925,0.0941915227629514,-0.08826185101580131,-0.34665156907149786,0.37,6,长期阴跌,,38,0,0
401,AK-47 | Slate (Factory New),91.9,89.0,1862,26,0.014,0.9684,steamdt-live,94.0,1375,92.9,659,,3,12,15,2,0,0,6,0,0.0,-0.0021715526601518986,0.0010869565217390686,-0.0021715526601518986,0.004333694474539462,0.02111111111111108,0.004333694474539462,0.02475468331846553,-0.09813542688910692,0.36,12,回撤不明显,,38,0,0
402,★ Driver Gloves | Hand Sweaters (Minimal Wear),1465.0,1740.0,40,29,0.725,1.1877,steamdt-live,1479.0,43,1500.0,37,"溢价求购:买一高于卖一,多为定向收特定图案,买一价不可作退出价",20,0,4,5,6,0,2,0,-0.0033783783783783994,-0.006779661016949157,-0.005028639040524974,-0.010135135135135087,0.015119429374315096,0.01454293628808867,0.035867061533399136,-0.035867061533399136,-0.07448354286436298,0.21,6,可能加速下跌,买一异常溢价(不作为可成交退出价),37,0,0
403,★ Specialist Gloves | Cloud Chaser (Minimal Wear),5150.0,6130.0,43,29,0.6744,1.1903,steamdt-live,5164.5,57,5205.0,23,"溢价求购:买一高于卖一,多为定向收特定图案,买一价不可作退出价",20,0,4,5,2,0,6,0,-0.0032777402872843364,-0.003772124963729584,0.0013514818032629439,-0.007037501205051533,0.009615384615384581,0.0,0.009615384615384581,0.030412164865946334,0.04685435511738989,0.12,7,回撤不明显,买一异常溢价(不作为可成交退出价),37,0,0
404,★ Specialist Gloves | Chocolate Chesterfield (Minimal Wear),1110.4,1670.0,38,22,0.5789,1.504,steamdt-live,1105.0,38,1110.0,24,"溢价求购:买一高于卖一,多为定向收特定图案,买一价不可作退出价",20,0,4,5,2,0,6,0,0.010464058234758822,-0.004952723998199016,0.0013667425968109104,0.005459508644221955,0.005400540054005365,0.006833712984054774,0.005400540054005365,-0.0036068530207393756,-0.05353319057815842,0.37,2,回撤不明显,买一异常溢价(不作为可成交退出价),37,0,0
405,M4A1-S | Knight (Factory New),16299.0,15240.0,16,8,0.5,0.935,steamdt-live,17800.0,14,16910.81,27,,20,9,2,2,4,0,0,0,0.006111111111111178,0.0,-0.006104481732568501,0.006111111111111178,3.067578760085343e-05,0.012360248447204958,0.018132530120481882,-0.018132530120481882,0.0011061980874627064,0.37,1,价格更新稀疏,,37,0,0
406,★ Sport Gloves | Frosty (Minimal Wear),2388.0,3190.0,45,20,0.4444,1.3358,steamdt-live,2470.0,50,2436.0,24,"溢价求购:买一高于卖一,多为定向收特定图案,买一价不可作退出价",20,0,4,5,4,0,4,0,0.013513513513513598,-0.0050000000000000044,-0.005042016806722671,0.008445945945946054,0.0050000000000000044,0.016170212765957537,0.02211302211302213,0.0035721790292078115,-0.04019292604501612,0.12,4,回撤不明显,买一异常溢价(不作为可成交退出价),37,0,0
407,Five-SeveN | Fowl Play (Factory New),498.0,478.0,124,36,0.2903,0.9598,steamdt-live,519.0,41,511.49,40,,17,9,7,2,2,0,0,0,0.014644351464435212,0.02680412371134011,0.07062064640401355,0.04184100418410042,0.013861386138613874,0.12797281993204979,0.013861386138613874,0.13310580204778155,0.11414380956642356,0.37,11,可能加速下跌,,37,0,0
408,MP9 | Wild Lily (Factory New),16549.0,15970.0,30,8,0.2667,0.965,steamdt-live,16200.0,26,17555.15,13,,17,12,4,2,2,0,0,0,0.0,-0.012195121951219523,0.0,-0.012195121951219523,0.012195121951219523,0.0,0.012195121951219523,0.02208201892744488,-0.01812231044305712,0.17,1,价格更新稀疏,,37,0,0
409,Galil AR | Tornado (Factory New),168.41,120.0,31,8,0.2581,0.7125,steamdt-live,169.99,20,154.28,34,,17,1,4,2,8,0,0,5,0.0,-0.028341100894319182,0.008959776323314461,-0.028341100894319182,0.05852199914566425,0.1867692307692308,0.05852199914566425,-0.0196352544957743,-0.1946967324355361,1.1,10,反弹较远,,37,0,0
410,★ Sport Gloves | Superconductor (Minimal Wear),17300.0,30240.0,179,46,0.257,1.748,steamdt-live,17729.5,156,17897.5,40,"溢价求购:买一高于卖一,多为定向收特定图案,买一价不可作退出价",17,0,7,5,4,0,4,0,-0.0006052047609441669,-0.0022492646634754143,-0.002644362047656057,-0.002853108158736517,0.005489925555459796,0.005872434443862984,0.02798067198561638,-0.010269172459166476,-0.09801876955161626,0.37,5,回撤不明显,买一异常溢价(不作为可成交退出价),37,0,0
411,★ Sport Gloves | Pandora's Box (Field-Tested),21900.0,27690.0,432,108,0.25,1.2644,steamdt-live,21849.0,369,22070.0,78,"溢价求购:买一高于卖一,多为定向收特定图案,买一价不可作退出价",17,0,9,5,0,0,6,0,0.004551724137930924,0.0,0.021126760563380254,0.004551724137930924,0.0,0.025774647887323976,0.002305988721203689,0.0031910741752565475,-0.04537411250682688,0.37,2,回撤不明显,买一异常溢价(不作为可成交退出价),37,0,0
412,★ Specialist Gloves | Pillow Punchers (Field-Tested),2435.0,5710.0,206,44,0.2136,2.345,steamdt-live,2429.0,217,2600.0,133,"溢价求购:买一高于卖一,多为定向收特定图案,买一价不可作退出价",17,0,7,5,2,0,6,0,0.00186373990474209,0.004133939644481277,-0.00206654267410622,0.006005384137502512,0.0,0.006005384137502512,0.008567381907681137,0.012083333333333224,-0.019774011299435013,0.37,2,回撤不明显,买一异常溢价(不作为可成交退出价),37,0,0
413,★ Broken Fang Gloves | Yellow-banded (Minimal Wear),438.0,501.0,110,23,0.2091,1.1438,steamdt-live,468.4,58,458.0,58,"溢价求购:买一高于卖一,多为定向收特定图案,买一价不可作退出价",17,0,7,5,6,0,2,0,-0.0011376564277588708,-0.002277904328018221,-0.005656108597285048,-0.0034129692832765013,0.012401352874859106,0.019790454016298087,0.03524229074889873,-0.026666666666666616,-0.06591883303832302,0.37,10,暂未减速,买一异常溢价(不作为可成交退出价),37,0,0
414,★ Moto Gloves | Polygon (Minimal Wear),1064.5,1490.0,134,23,0.1716,1.3997,steamdt-live,1072.98,129,1068.63,48,"溢价求购:买一高于卖一,多为定向收特定图案,买一价不可作退出价",14,0,7,5,0,0,6,5,0.0,0.005193578847969782,0.018768819324861186,0.005193578847969782,0.0032771535580524702,0.025529865125240914,0.0032771535580524702,0.015279261406989209,-0.07030567685589517,0.26,8,回撤不明显,买一异常溢价(不作为可成交退出价),37,0,0
415,Desert Eagle | Night (Factory New),578.5,530.0,25,3,0.12,0.9162,steamdt-live,748.0,25,549.8,63,,8,6,2,2,8,2,4,5,-0.004309570838570642,-0.00847610459873771,-0.015207780725022157,-0.012749147064104904,0.026040744021257778,0.0,0.07206751054852323,-0.07596638655462196,-0.1997088791848618,0.2,3,暂未减速,,37,0,0
416,★ Moto Gloves | Turtle (Field-Tested),344.0,495.0,343,36,0.105,1.439,steamdt-live,350.0,325,355.26,132,"溢价求购:买一高于卖一,多为定向收特定图案,买一价不可作退出价",11,0,9,5,6,0,6,0,-0.0014331575326760326,-0.012572478328262249,-0.0031999999999999806,-0.013987617518917639,0.017142857142857126,0.013254786450662692,0.030985915492957705,-0.010783608914450071,-0.08874172185430462,0.36,9,可能加速下跌,买一异常溢价(不作为可成交退出价),37,0,0
417,AK-47 | Green Laminate (Factory New),267.5,251.0,350,28,0.08,0.9383,steamdt-live,265.0,126,249.0,148,,7,9,9,2,10,0,0,0,-0.028037383177570097,-0.04230769230769227,-0.008965619442797945,-0.06915887850467295,0.07750444576170723,0.0,0.09296226140171926,-0.0674157303370787,-0.26764705882352946,0.35,5,可能加速下跌,,37,0,0
418,P250 | Mint Kimono (Factory New),89.91,84.0,183,11,0.0601,0.9343,steamdt-live,87.98,100,90.11,87,,7,9,7,2,8,0,4,0,-0.004265828468792088,-0.008229988726042858,-0.006247211066488179,-0.012460709474629517,0.018630075858991568,0.0,0.07836563645887906,-0.0527619252718855,-0.30732283464566934,0.37,5,长期阴跌,,37,0,0
419,Tec-9 | Phoenix Chalk (Factory New),73.3,68.0,431,24,0.0557,0.9277,steamdt-live,78.0,96,75.06,123,,3,6,9,2,8,0,4,5,-0.0013550135501354532,-0.005427408412483126,-0.005390835579514919,-0.006775067750677488,0.0121293800539084,0.00548696844993124,0.052604368618327624,-0.022666666666666724,-0.43397683397683395,0.09,4,长期阴跌,,37,0,0
420,Glock-18 | Bunsen Burner (Factory New),28.39,27.3,566,31,0.0548,0.9616,steamdt-live,28.89,208,29.79,150,,3,12,12,2,8,0,0,0,-0.00340136054421758,-0.031058020477815695,-0.0134228187919464,-0.03435374149659853,0.04731543624161072,0.013928571428571512,0.06611842105263155,-0.0399053094352384,-0.3160684172488557,0.37,6,长期阴跌,,37,0,0
421,Glock-18 | Off World (Factory New),38.98,36.8,720,35,0.0486,0.9441,steamdt-live,39.0,246,40.45,119,,3,9,12,2,0,0,6,5,0.0,-0.0005128205128206442,0.0,-0.0005128205128206442,0.0005128205128206442,0.015633142261594513,0.0005128205128206442,0.11530758226037174,-0.2789493155752868,0.37,7,回撤不明显,,37,0,0
422,MP9 | Goo (Factory New),24.09,23.7,515,24,0.0466,0.9838,steamdt-live,24.0,285,24.23,585,,3,12,12,2,6,0,2,0,-0.007695423248278654,-0.020408163265306145,-0.002424242424242329,-0.027946537059538312,0.030303030303030276,0.0,0.040000000000000036,-0.012345679012345734,-0.6307692307692307,0.31,5,长期阴跌,,37,0,0
423,★ Driver Gloves | Seigaiha (Minimal Wear),943.0,1250.0,27,23,0.8519,1.3256,steamdt-live,967.99,30,961.5,37,"溢价求购:买一高于卖一,多为定向收特定图案,买一价不可作退出价",20,0,2,5,4,1,4,0,-0.006806282722513046,-0.00579862941486553,0.0,-0.012565445026177957,0.025826446280991733,0.0,0.025826446280991733,-0.023303987571206664,-0.05700000000000005,0.37,13,可能加速下跌,买一异常溢价(不作为可成交退出价),36,0,0
424,AK-47 | Asiimov (Factory New),2100.0,3000.0,245,51,0.2082,1.4286,steamdt-live,2254.33,83,2201.97,74,"溢价求购:买一高于卖一,多为定向收特定图案,买一价不可作退出价",17,0,7,2,10,0,0,0,-0.005429864253393646,-0.04458598726114649,0.00045269352648258376,-0.04977375565610864,0.06040268456375841,0.0,0.10620802369825577,-0.09424196678887209,-0.1425071457737852,0.37,7,可能加速下跌,买一异常溢价(不作为可成交退出价),36,0,0
425,★ Hand Wraps | Giraffe (Minimal Wear),455.0,542.0,144,28,0.1944,1.1912,steamdt-live,484.0,70,482.65,65,"溢价求购:买一高于卖一,多为定向收特定图案,买一价不可作退出价",14,0,7,5,6,0,4,0,-0.00324324324324321,-0.013015184381778733,0.005434782608695565,-0.01621621621621616,0.0193965517241379,0.0,0.03191489361702127,-0.03191489361702127,-0.0817356205852674,0.37,5,可能加速下跌,买一异常溢价(不作为可成交退出价),36,0,0
426,AK-47 | Crane Flight (Factory New),311.3,390.0,235,44,0.1872,1.2528,steamdt-live,320.0,178,313.9,154,"溢价求购:买一高于卖一,多为定向收特定图案,买一价不可作退出价",14,0,7,2,6,0,4,3,0.005782932362056403,-0.011118170266836036,-0.0032165605095541006,-0.005399533531422751,0.011432200698634376,0.010714285714285676,0.030218068535825537,-0.011746031746031727,-0.09133366414664745,0.37,9,可能加速下跌,买一异常溢价(不作为可成交退出价),36,0,0
427,AK-47 | Fire Serpent (Factory New),14900.0,13570.0,60,11,0.1833,0.9107,steamdt-live,15100.0,53,15300.0,29,,14,6,4,2,4,0,6,0,0.0,0.0,0.0,0.0,0.01646919040232353,0.0,0.01715039577836408,0.035801181786583314,-0.01844532279314892,0.33,4,暂未减速,,36,0,0
428,P250 | Mehndi (Factory New),199.5,178.0,34,6,0.1765,0.8922,steamdt-live,195.5,41,194.36,73,,14,6,4,2,4,0,6,0,0.0004620834830826315,-0.0025659447808683566,0.0,-0.002105046978487457,0.005831202046035711,0.0,0.0158987341772151,-0.0158987341772151,-0.031058377785532665,0.37,3,回撤不明显,,36,0,0
429,AK-47 | Gold Arabesque (Factory New),12530.0,13490.0,214,33,0.1542,1.0766,steamdt-live,12671.0,169,12648.5,63,"溢价求购:买一高于卖一,多为定向收特定图案,买一价不可作退出价",14,0,7,2,6,0,4,3,-0.0031985511240600895,-0.010180995475113086,-0.01151975092430435,-0.013346982164652132,0.02471297917882853,0.0,0.03600553931374062,-0.03588686097688587,-0.11131600411362108,0.37,5,可能加速下跌,买一异常溢价(不作为可成交退出价),36,0,0
430,★ Driver Gloves | Snow Leopard (Minimal Wear),3350.0,5180.0,224,31,0.1384,1.5463,steamdt-live,3400.0,227,3412.22,64,"溢价求购:买一高于卖一,多为定向收特定图案,买一价不可作退出价",11,0,7,5,2,0,6,5,-2.9761904761893554e-05,-0.002976279055924236,-0.0029673590504450953,-0.003005952380952359,0.014126372171046842,0.0,0.014126372171046842,-0.005374109263657889,-0.09079065576306644,0.37,2,暂未减速,买一异常溢价(不作为可成交退出价),36,0,0
431,★ Sport Gloves | Ultra Violent (Field-Tested),5800.0,7920.0,543,66,0.1215,1.3655,steamdt-live,5786.5,576,5890.25,161,"溢价求购:买一高于卖一,多为定向收特定图案,买一价不可作退出价",11,0,12,5,2,0,6,0,0.0,-8.64005529634948e-05,0.0006916825177243346,-8.64005529634948e-05,8.64005529634948e-05,0.015175438596491286,0.007205970661405159,-0.007205970661405159,-0.04197019867549667,0.37,2,回撤不明显,买一异常溢价(不作为可成交退出价),36,0,0
432,★ Moto Gloves | Transport (Field-Tested),228.99,252.0,251,29,0.1155,1.1005,steamdt-live,215.0,206,216.41,208,"溢价求购:买一高于卖一,多为定向收特定图案,买一价不可作退出价",11,0,9,5,2,0,6,3,0.015811945760803248,-0.006928406466512715,0.0015507518796991082,0.008773987707033193,0.009216589861751112,0.023858278965664947,0.009216589861751112,0.007025761124121788,-0.05701754385964908,0.37,8,回撤不明显,买一异常溢价(不作为可成交退出价),36,0,0
433,★ Hand Wraps | Desert Shamagh (Field-Tested),230.5,257.0,246,28,0.1138,1.115,steamdt-live,235.0,210,232.02,232,"溢价求购:买一高于卖一,多为定向收特定图案,买一价不可作退出价",11,0,7,5,2,0,6,5,0.001776583759424577,-0.002984558155629591,-0.0008658758334054717,-0.001213276713753375,0.007834022038567423,0.0021739130434783593,0.010729613733905574,0.02444444444444449,-0.07866336237908711,0.37,5,回撤不明显,买一异常溢价(不作为可成交退出价),36,0,0
434,USP-S | Road Rash (Factory New),969.07,953.0,168,19,0.1131,0.9834,steamdt-live,983.68,51,973.1,51,,11,12,7,2,4,0,0,0,-0.0005154639175257714,-0.0004435275915419812,0.0,-0.0009587628865979081,0.01064828994384881,8.256019153973781e-05,0.026030935606098704,0.009447916666666778,-0.05869839728023307,0.35,1,价格更新稀疏,,36,0,0
435,Glock-18 | Wasteland Rebel (Factory New),780.0,768.0,469,40,0.0853,0.9846,steamdt-live,808.5,94,790.99,160,,7,12,9,2,0,0,6,0,0.0001788337484831537,0.0012899270744197722,0.006246866926310046,0.0014689915053969216,0.003811944091486663,0.010322297967757299,0.003811944091486663,0.018181818181818077,-0.041564792176039145,0.12,7,回撤不明显,,36,0,0
436,★ Moto Gloves | POW! (Field-Tested),440.5,709.0,609,46,0.0755,1.6095,steamdt-live,440.0,682,445.5,298,"溢价求购:买一高于卖一,多为定向收特定图案,买一价不可作退出价",7,0,12,5,6,0,6,0,-0.0033821871476887866,-0.002262443438914019,0.009101251422070522,-0.005636978579481422,0.01098901098901095,0.002272727272727204,0.035010940919037226,-0.03183315038419321,-0.2082585278276481,0.16,16,可能加速下跌,买一异常溢价(不作为可成交退出价),36,0,0
437,★ Hand Wraps | Constrictor (Field-Tested),257.9,307.0,474,35,0.0738,1.1904,steamdt-live,256.0,319,263.0,204,"溢价求购:买一高于卖一,多为定向收特定图案,买一价不可作退出价",7,0,9,5,4,0,6,5,0.010361276196434233,-0.003908517472234196,-0.0009375000000000355,0.006412261495151617,0.009237875288683695,0.02959999999999985,0.021292775665399333,-0.00771010023130303,-0.10018877158638062,0.37,13,回撤不明显,买一异常溢价(不作为可成交退出价),36,0,0
438,P250 | Undertow (Factory New),269.99,255.0,150,11,0.0733,0.9445,steamdt-live,273.13,96,275.45,94,,7,9,7,2,6,0,2,3,-0.0033364763908030337,-0.017575140091696362,0.03919499510062585,-0.02085297744251835,0.021987973628921242,0.0381435767293421,0.046072854467724134,-0.046443455534364575,-0.325025,0.24,4,长期阴跌,,36,0,0
439,Glock-18 | Gamma Doppler (Factory New),643.5,2530.0,1702,103,0.0605,3.9316,steamdt-live,657.5,599,659.86,510,"溢价求购:买一高于卖一,多为定向收特定图案,买一价不可作退出价",7,0,15,2,6,0,6,0,-0.0038674884437596146,-0.005398382032204663,-0.0007390527806860892,-0.009244992295839749,0.010617018002769596,0.004687499999999956,0.0301659125188537,-0.018320610687022953,-0.1942355889724311,0.37,11,可能加速下跌,买一异常溢价(不作为可成交退出价),36,0,0
440,FAMAS | Rapid Eye Movement (Factory New),103.7,100.0,344,20,0.0581,0.9643,steamdt-live,104.0,149,106.53,164,,3,12,9,2,6,0,4,0,-0.0019230769230769162,-0.0077071290944122905,-0.00952380952380949,-0.009615384615384581,0.01904761904761909,0.0,0.04629629629629628,-0.009615384615384581,-0.12889039242219213,0.25,4,可能加速下跌,,36,0,0
441,P250 | Inferno (Factory New),49.99,49.0,376,21,0.0559,0.9802,steamdt-live,47.0,105,46.9,115,,3,12,9,2,8,0,2,0,-0.004553922583316106,-0.024745269286754135,-0.004738360115368656,-0.029186503829434995,0.03577302631578949,0.0,0.05709690390028155,0.006221840806693857,-0.32894548576334237,0.37,7,长期阴跌,,36,0,0
442,Galil AR | Amber Fade (Factory New),113.0,108.0,538,30,0.0558,0.9558,steamdt-live,115.0,134,113.52,145,,3,9,12,2,8,0,2,0,-0.012886597938144284,-0.01653611836379465,0.007879470083990148,-0.029209621993127155,0.03360985204823408,0.0,0.05439330543933052,-0.05439330543933052,-0.46139180171592,0.37,7,长期阴跌,,36,0,0
443,M4A4 | Urban DDPAT (Factory New),139.5,133.0,581,30,0.0516,0.9534,steamdt-live,145.0,107,144.19,150,,3,9,12,2,10,0,0,0,-0.010238907849829393,-0.037931034482758585,-0.013468013468013518,-0.04778156996587035,0.0722266560255388,0.0,0.08560566334556896,-0.030307243153065544,-0.31951219512195117,0.37,12,长期阴跌,,36,0,0
444,M4A1-S | Boreal Forest (Factory New),64.0,61.0,578,24,0.0415,0.9531,steamdt-live,64.83,121,69.21,116,,3,9,12,2,10,0,0,0,-0.004705882352941115,-0.05437352245862892,-0.02759902759902766,-0.05882352941176472,0.08479908479908493,0.0,0.13279132791327908,-0.12328767123287676,-0.39906103286384975,0.27,7,长期阴跌,,36,0,0
445,Five-SeveN | Orange Peel (Factory New),22.28,20.1,554,21,0.0379,0.9022,steamdt-live,21.71,100,21.16,165,,3,6,12,2,6,0,4,3,-0.009276437847866359,-0.009363295880149725,-0.017319963536919003,-0.01855287569573283,0.03992740471869327,0.0,0.04856115107913661,0.11544544016868752,-0.29443147715905293,0.34,8,暂未减速,,36,0,0
446,USP-S | 27 (Factory New),30.86,28.5,506,17,0.0336,0.9235,steamdt-live,29.76,92,30.99,206,,3,6,12,2,2,0,6,5,0.0,0.0,0.015699658703071773,0.0,0.0,0.02656088306312543,0.0076692230743580225,0.06285714285714294,-0.307906976744186,0.37,2,长期阴跌,,36,0,0
447,MP9 | Ruby Poison Dart (Factory New),27.39,25.9,613,19,0.031,0.9456,steamdt-live,29.0,260,28.6,277,,3,9,12,2,10,0,0,0,-0.01384083044982698,-0.03894736842105262,-0.023648648648648796,-0.0522491349480968,0.07777777777777772,0.014444444444444482,0.08699999999999997,-0.08699999999999997,-0.33406272793581326,0.27,9,长期阴跌,,36,0,0
448,Tec-9 | Flash Out (Factory New),23.49,22.2,895,20,0.0223,0.9451,steamdt-live,22.65,170,22.26,112,,3,9,12,2,10,0,0,0,-0.004315925766076867,-0.042912873862158696,-0.006006006006005871,-0.04704359085023757,0.053173241852487174,0.0,0.09840751327072272,-0.08000000000000007,-0.4201680672268908,0.37,9,长期阴跌,,36,0,0
449,★ Specialist Gloves | Lime Polycam (Minimal Wear),3439.5,4600.0,35,43,1.2286,1.3374,steamdt-live,3400.0,40,3566.87,26,"溢价求购:买一高于卖一,多为定向收特定图案,买一价不可作退出价",20,0,4,5,6,0,0,0,0.00029078220412914746,-0.011627906976744207,-0.0031884057971014457,-0.011340505961035197,0.014349905783446859,0.0,0.03546099290780147,-0.02857142857142858,-0.09321242832377652,0.12,1,价格更新稀疏,买一异常溢价(不作为可成交退出价),35,0,0
450,★ Sport Gloves | Occult (Minimal Wear),5999.0,6570.0,85,39,0.4588,1.0952,steamdt-live,6050.0,96,6188.0,29,"溢价求购:买一高于卖一,多为定向收特定图案,买一价不可作退出价",20,0,4,5,0,0,6,0,0.0,-0.0001666666666666483,0.016949152542372836,-0.0001666666666666483,0.0001666666666666483,0.016779661016949055,0.0001666666666666483,0.017901077458216674,-0.014861647097462849,0.12,2,回撤不明显,买一异常溢价(不作为可成交退出价),35,0,0
451,★ Driver Gloves | Hand Sweaters (Field-Tested),669.0,1070.0,98,40,0.4082,1.5994,steamdt-live,669.0,80,704.0,41,"溢价求购:买一高于卖一,多为定向收特定图案,买一价不可作退出价",20,0,4,5,0,0,6,0,-0.0007473841554559435,0.0007479431563202077,0.006772009029345272,0.0,0.0,0.006772009029345272,0.0022371364653244186,-0.0022371364653244186,-0.011802242278320274,0.37,4,回撤不明显,买一异常溢价(不作为可成交退出价),35,0,0
452,★ Driver Gloves | Seigaiha (Field-Tested),483.0,671.0,69,26,0.3768,1.3892,steamdt-live,488.0,85,495.0,44,"溢价求购:买一高于卖一,多为定向收特定图案,买一价不可作退出价",20,0,4,5,4,0,2,0,-0.0010235414534288667,-0.010245901639344246,-0.005071386382614729,-0.011258955987717534,0.01627324385425366,0.006250000000000089,0.027190332326283984,-0.023255813953488413,-0.05108055009823187,0.37,9,可能加速下跌,买一异常溢价(不作为可成交退出价),35,0,0
453,★ Specialist Gloves | Chocolate Chesterfield (Field-Tested),540.0,790.0,117,32,0.2735,1.463,steamdt-live,529.0,102,545.0,53,"溢价求购:买一高于卖一,多为定向收特定图案,买一价不可作退出价",17,0,7,5,0,0,6,0,0.02424830261881672,0.0018939393939394478,-0.00674373795761074,0.026188166828321924,0.0,0.027184466019417375,0.0,0.0047483380816715215,-0.03534045734709512,0.34,14,回撤不明显,买一异常溢价(不作为可成交退出价),35,0,0
454,FAMAS | Roll Cage (Factory New),896.0,861.0,98,24,0.2449,0.9609,steamdt-live,917.0,44,902.57,61,,17,12,4,2,0,0,0,0,0.0,0.0,0.007874015748031482,0.0,0.0,0.008441193021947013,0.00222717149220486,-0.00222717149220486,-0.08102564102564103,0.35,0,价格更新稀疏,,35,0,0
455,★ Moto Gloves | Smoke Out (Minimal Wear),1173.69,2010.0,150,36,0.24,1.7125,steamdt-live,1157.0,134,1178.36,55,"溢价求购:买一高于卖一,多为定向收特定图案,买一价不可作退出价",17,0,7,5,4,0,2,0,-0.000424628450106157,-0.01656754460492782,0.0025542784163474774,-0.01698513800424628,0.01698513800424628,0.01091703056768556,0.0223817567567568,-0.0223817567567568,-0.08570300157977884,0.16,8,可能加速下跌,买一异常溢价(不作为可成交退出价),35,0,0
456,★ Driver Gloves | Overtake (Minimal Wear),512.0,720.0,102,24,0.2353,1.4062,steamdt-live,504.49,70,535.0,46,"溢价求购:买一高于卖一,多为定向收特定图案,买一价不可作退出价",17,0,7,5,6,0,0,0,0.0,0.0,0.0029622266401589936,0.0,1.9821605550029986e-05,0.0029622266401589936,0.03706743524651168,-0.039066666666666694,-0.08274545454545457,0.27,0,价格更新稀疏,买一异常溢价(不作为可成交退出价),35,0,0
457,★ Moto Gloves | Finish Line (Minimal Wear),984.5,1360.0,202,42,0.2079,1.3814,steamdt-live,990.0,138,999.48,67,"溢价求购:买一高于卖一,多为定向收特定图案,买一价不可作退出价",17,0,7,5,2,0,4,0,-0.0020250829582251217,-0.011019920238681258,0.02201844262295083,-0.013022686944230033,0.013022686944230033,0.015471892728210479,0.013022686944230033,0.015995872033023772,-0.043710539096648904,0.36,9,可能加速下跌,买一异常溢价(不作为可成交退出价),35,0,0
458,AWP | Corticera (Factory New),920.0,1000.0,183,30,0.1639,1.087,steamdt-live,979.26,46,930.0,54,"溢价求购:买一高于卖一,多为定向收特定图案,买一价不可作退出价",14,0,7,2,8,0,4,0,0.002021505376344157,-0.012748422543675142,-0.010638297872340385,-0.010752688172043001,0.02075572112825974,0.0,0.05641025641025643,0.01098901098901095,-0.05056759545923628,0.36,6,可能加速下跌,买一异常溢价(不作为可成交退出价),35,0,0
459,AWP | Desert Hydra (Factory New),9059.0,12180.0,289,38,0.1315,1.3445,steamdt-live,9088.0,231,9116.5,67,"溢价求购:买一高于卖一,多为定向收特定图案,买一价不可作退出价",11,0,9,2,4,0,6,3,-5.5248618784475845e-05,0.0009945300845350946,-0.00538520716562263,0.0009392265193370886,0.004560439560439611,0.0009945300845350946,0.020543871979239903,-0.020543871979239903,-0.09295996347207525,0.37,5,回撤不明显,买一异常溢价(不作为可成交退出价),35,0,0
460,★ Specialist Gloves | Field Agent (Minimal Wear),1810.0,3430.0,330,36,0.1091,1.895,steamdt-live,1808.0,258,1841.28,56,"溢价求购:买一高于卖一,多为定向收特定图案,买一价不可作退出价",11,0,9,5,4,0,6,0,-0.0038472107721901905,-0.0024827586206896957,-0.007094133697135074,-0.006320417697169511,0.015518649605227308,0.0016620498614958734,0.015786608600979912,0.006401335930976915,-0.022702702702702693,0.37,8,暂未减速,买一异常溢价(不作为可成交退出价),35,0,0
461,Galil AR | Vandal (Factory New),76.3,72.0,269,22,0.0818,0.9436,steamdt-live,74.62,92,74.9,83,,7,9,9,2,4,0,4,0,-0.0034455340577788096,-0.007712765957446743,-0.008930916732335259,-0.011131725417439564,0.019963225636984494,0.0,0.022786799371398603,-0.014006342494714663,-0.3384165262877915,1.37,6,长期阴跌,,35,0,0
462,P250 | Muertos (Factory New),121.0,116.0,275,20,0.0727,0.9587,steamdt-live,124.11,138,124.28,182,,7,9,9,2,6,0,2,0,-0.0046560166974392025,-0.024114847971610565,0.009481361426255885,-0.028658585534237724,0.028736554824209337,0.0,0.03991113227009446,-0.03968253968253965,-0.28351492183799143,0.37,7,可能加速下跌,,35,0,0
463,MP9 | Food Chain (Factory New),98.0,93.0,214,15,0.0701,0.949,steamdt-live,99.85,127,102.05,96,,7,9,7,2,6,0,4,0,-0.0010126582278480178,-0.006588950836289964,-0.004134731746672005,-0.0075949367088608,0.011698265429608723,0.0010214504596526286,0.03902726024710734,-0.02777777777777779,-0.1162413202272522,0.37,5,可能加速下跌,,35,0,0
464,FAMAS | Djinn (Factory New),242.05,231.0,132,9,0.0682,0.9543,steamdt-live,231.09,42,236.21,109,,7,9,7,2,6,0,4,0,-0.00534918276374452,-0.01365828673865721,-0.0030895547655324096,-0.018934408830396987,0.021965464702894844,0.0,0.044016050965953735,-0.04464839389805275,-0.2919602916845395,0.2,7,可能加速下跌,,35,0,0
465,Galil AR | Black Sand (Factory New),87.57,85.0,566,33,0.0583,0.9707,steamdt-live,89.0,222,89.17,117,,3,12,12,2,6,0,0,0,-0.011245769188776067,-0.03301678445229694,0.011597084161696358,-0.04389125450376685,0.04493401679572473,0.08111111111111113,0.04597450702690942,0.04374255065554222,-0.33909433962264157,0.37,11,长期阴跌,,35,0,0
466,Desert Eagle | Heat Treated (Factory New),217.62,3400.0,1523,68,0.0446,15.6236,steamdt-live,229.99,310,225.66,361,"溢价求购:买一高于卖一,多为定向收特定图案,买一价不可作退出价",3,0,15,2,10,0,2,3,-0.010470970904068011,-0.020082853025936598,-0.006946902654867193,-0.030343536960299455,0.04334446984350271,0.0,0.08513053348467647,-0.055837563451776706,-0.3013804173354735,0.3,9,长期阴跌,买一异常溢价(不作为可成交退出价),35,0,0
467,USP-S | Forest Leaves (Factory New),26.0,25.2,569,25,0.0439,0.9692,steamdt-live,25.76,93,26.24,121,,3,12,12,2,6,0,0,0,-0.0007748934521503159,-0.0011632415664984963,-0.005778120184899982,-0.0019372336303756788,0.007704160246533087,0.07333333333333347,0.04557243423490165,-0.03772880089652586,-0.3555166374781086,0.37,4,长期阴跌,,35,0,0
468,AWP | Exothermic (Factory New),55.89,52.0,439,19,0.0433,0.9304,steamdt-live,54.45,277,56.86,309,,3,9,9,2,8,0,4,0,0.007414272474513428,0.0018399264029438367,-0.0071770334928229484,0.009267840593141896,0.0,0.027358490566037785,0.07711864406779656,-0.07555178268251261,-0.16217879673795954,0.37,11,回撤不明显,,35,0,0
469,★ Specialist Gloves | Fade (Field-Tested),1075.0,2090.0,1114,46,0.0413,1.9442,steamdt-live,1079.0,994,1097.5,388,"溢价求购:买一高于卖一,多为定向收特定图案,买一价不可作退出价",3,0,15,5,4,2,6,0,-0.0055299539170506895,-0.0041705282669137755,0.0009225092250921829,-0.009677419354838679,0.011044638748274327,0.00797373358348974,0.029060416026602587,-0.029060416026602587,-0.09401349072512644,0.16,9,可能加速下跌,买一异常溢价(不作为可成交退出价),35,0,0
470,M4A1-S | Imminent Danger (Factory New),8500.0,10390.0,32,11,0.3438,1.2224,steamdt-live,8500.0,29,8887.9,26,"溢价求购:买一高于卖一,多为定向收特定图案,买一价不可作退出价",20,0,4,2,8,0,0,0,0.0,0.0,0.0,0.0,0.0,5.882698982295764e-05,0.05490448975961215,-0.05490448975961215,-0.1051689651542268,1.37,0,价格更新稀疏,买一异常溢价(不作为可成交退出价),34,0,0
471,Galil AR | Orange DDPAT (Factory New),559.9,430.0,9,3,0.3333,0.768,steamdt-live,798.0,8,619.0,8,,8,1,2,2,10,0,6,5,0.0,0.0,0.0,0.0,0.17284680159550891,0.0,0.17353054054851957,-0.06683333333333341,-0.18972503617945013,0.37,2,暂未减速,,34,0,0
472,M4A1-S | Master Piece (Factory New),1965.44,1830.0,81,12,0.1481,0.9311,steamdt-live,2174.94,23,1973.34,70,,11,9,4,2,8,0,0,0,0.0,-3.052658356650362e-05,0.008983572895277181,-3.052658356650362e-05,0.017034258564641136,0.009470980996404643,0.05371208473760225,-0.05371208473760225,-0.19745202123315642,0.37,0,价格更新稀疏,,34,0,0
473,★ Specialist Gloves | Lt. Commander (Minimal Wear),1082.89,1750.0,222,32,0.1441,1.616,steamdt-live,1107.91,186,1088.75,64,"溢价求购:买一高于卖一,多为定向收特定图案,买一价不可作退出价",11,0,7,5,2,0,4,5,0.0027624309392264568,-0.005610651974288228,0.0013831258644536604,-0.002863720073664755,0.006522935779816441,0.012046728971962795,0.01465878070973603,0.012519869097709302,-0.1093043149253976,0.33,7,回撤不明显,买一异常溢价(不作为可成交退出价),34,0,0
474,USP-S | Para Green (Factory New),231.99,214.0,199,25,0.1256,0.9225,steamdt-live,246.68,90,240.16,98,,11,6,7,2,8,0,0,0,-0.012630106553667586,-0.03337499999999993,-0.009575421726020661,-0.04558357674743896,0.054722516502322516,0.0,0.054722516502322516,-0.045308641975308594,-0.36728849615447556,0.14,6,长期阴跌,,34,0,0
475,★ Specialist Gloves | Buckshot (Field-Tested),253.5,311.0,313,33,0.1054,1.2268,steamdt-live,257.5,325,258.1,189,"溢价求购:买一高于卖一,多为定向收特定图案,买一价不可作退出价",11,0,9,5,2,0,4,3,0.0,-0.00588235294117645,0.0,-0.00588235294117645,0.011194757576939551,0.005952380952380931,0.013157894736842035,0.024242424242424176,-0.08152173913043481,0.36,8,可能加速下跌,买一异常溢价(不作为可成交退出价),34,0,0
476,AK-47 | Baroque Purple (Factory New),405.0,376.0,289,27,0.0934,0.9284,steamdt-live,390.34,100,382.74,139,,7,6,9,2,8,0,2,0,-0.009443277044988485,-0.021775801257475802,-0.017437810945273635,-0.031013443378313355,0.04791044776119402,0.0,0.07773493975903611,-0.02734434561626431,-0.2771671388101983,0.35,16,可能加速下跌,,34,0,0
477,M4A1-S | Party Animal (Factory New),155.98,144.0,381,25,0.0656,0.9232,steamdt-live,147.5,261,156.46,454,,7,6,9,2,10,0,0,0,-0.0030097817908201208,-0.0691823899371069,-0.009440993788819907,-0.07198394783044892,0.08074534161490687,0.003389830508474523,0.09756097560975607,-0.09756097560975607,-0.19346049046321523,0.37,11,可能加速下跌,,34,0,0
478,P250 | See Ya Later (Factory New),699.9,682.0,291,17,0.0584,0.9744,steamdt-live,718.5,114,715.0,104,,3,12,9,2,4,0,4,0,-0.004940014114325986,-0.007234042553191489,0.012142857142857233,-0.01213832039520113,0.01422535211267606,0.0005718370264473638,0.019816539458021087,-0.00014285714285722229,-0.04969450101832995,0.37,4,可能加速下跌,,34,0,0
479,★ Sport Gloves | Slingshot (Field-Tested),2164.0,3770.0,1049,57,0.0543,1.7421,steamdt-live,2145.0,873,2188.5,255,"溢价求购:买一高于卖一,多为定向收特定图案,买一价不可作退出价",3,0,15,5,0,0,6,5,0.0,0.0,0.033734939759036076,0.0,0.0009315323707498324,0.04126213592233019,0.0009315323707498324,0.04151493080844859,-0.0633187772925764,0.37,2,回撤不明显,买一异常溢价(不作为可成交退出价),34,0,0
480,★ Sport Gloves | Vice (Field-Tested),2658.0,5330.0,1493,60,0.0402,2.0053,steamdt-live,2655.0,1386,2661.8,307,"溢价求购:买一高于卖一,多为定向收特定图案,买一价不可作退出价",3,0,15,5,0,0,6,5,-0.001322475644091048,0.007398975526465623,-0.007898496240601571,0.006066714917449589,0.003191289656467089,0.013358778625954137,0.004686035613870709,0.007972665148063829,-0.060509554140127375,0.36,3,回撤不明显,买一异常溢价(不作为可成交退出价),34,0,0
481,★ Driver Gloves | Wave Chaser (Minimal Wear),3030.0,4600.0,39,29,0.7436,1.5182,steamdt-live,2997.99,59,3244.26,17,"溢价求购:买一高于卖一,多为定向收特定图案,买一价不可作退出价",20,0,4,5,4,0,0,0,0.00033344448149374983,-0.0006700000000000594,0.00033355570380244615,-0.00033677892630878947,0.0006700000000000594,0.0,0.01543842364532022,-0.01543842364532022,-0.06312812500000009,0.37,1,价格更新稀疏,买一异常溢价(不作为可成交退出价),33,0,0
482,★ Specialist Gloves | Pillow Punchers (Minimal Wear),8449.0,12300.0,77,40,0.5195,1.4558,steamdt-live,8498.5,91,8470.0,33,"溢价求购:买一高于卖一,多为定向收特定图案,买一价不可作退出价",20,0,4,5,2,0,2,0,-0.00011834319526626835,0.0,0.011976047904191711,-0.00011834319526626835,0.00011834319526626835,0.02412121212121221,0.005883045064125181,-0.006000000000000005,-0.0013002364066193595,0.12,6,回撤不明显,买一异常溢价(不作为可成交退出价),33,0,0
483,★ Driver Gloves | Brocade Crane (Field-Tested),1063.88,1440.0,69,34,0.4928,1.3535,steamdt-live,1060.0,84,1045.5,40,"溢价求购:买一高于卖一,多为定向收特定图案,买一价不可作退出价",20,0,4,5,4,0,0,0,-0.003809523809523818,-0.00047801147227533036,0.004784688995215225,-0.004285714285714337,0.019230769230769273,0.0004784688995216335,0.019230769230769273,-0.007593735168486049,-0.02698929734760358,0.12,1,价格更新稀疏,买一异常溢价(不作为可成交退出价),33,0,0
484,FAMAS | Sundown (Factory New),680.99,555.0,15,6,0.4,0.815,steamdt-live,777.77,12,722.94,22,,20,3,2,2,4,0,2,0,-0.0014326647564469885,-0.02296987087517932,0.0,-0.024369627507163316,0.024369627507163316,0.0,0.024369627507163316,-0.024369627507163316,-0.10396052631578945,1.37,2,可能加速下跌,,33,0,0
485,★ Sport Gloves | Ultra Violent (Minimal Wear),11299.9,12420.0,270,63,0.2333,1.0991,steamdt-live,11498.0,302,11497.5,87,"溢价求购:买一高于卖一,多为定向收特定图案,买一价不可作退出价",17,0,9,5,2,0,0,0,-8.849557522128126e-05,7.965306664292626e-05,0.004444444444444473,-8.849557522117024e-06,0.007692645444566493,0.018009009009009036,0.011209310465523314,-0.011209310465523314,-0.06862559241706168,0.12,0,价格更新稀疏,买一异常溢价(不作为可成交退出价),33,0,0
486,M4A4 | Bullet Rain (Factory New),1529.0,2000.0,298,54,0.1812,1.308,steamdt-live,1599.5,67,1547.9,137,"溢价求购:买一高于卖一,多为定向收特定图案,买一价不可作退出价",14,0,9,2,4,0,4,0,0.0025889967637540146,-0.01291155584247905,-0.003225806451612856,-0.01035598705501617,0.015136876006441202,0.0,0.024872448979591844,0.012582781456953684,-0.11974162200127803,0.37,5,可能加速下跌,买一异常溢价(不作为可成交退出价),33,0,0
487,★ Moto Gloves | 3rd Commando Company (Field-Tested),234.0,264.0,202,25,0.1238,1.1282,steamdt-live,245.0,193,236.22,153,"溢价求购:买一高于卖一,多为定向收特定图案,买一价不可作退出价",11,0,7,5,4,0,6,0,-0.00424628450106157,-0.002132196162046962,-0.006329113924050667,-0.006369426751592355,0.012658227848101222,0.0042918454935623185,0.018867924528301883,-0.012658227848101222,-0.07105994442238983,0.37,8,暂未减速,买一异常溢价(不作为可成交退出价),33,0,0
488,M4A4 | Daybreak (Factory New),4400.0,4180.0,177,21,0.1186,0.95,steamdt-live,4467.47,50,4400.0,55,,11,9,7,2,4,0,0,0,-0.0004540305426345981,-0.0006790839861093856,-0.0009072372584196797,-0.0011328062038732378,0.001925829479027863,0.023255813953488413,0.015965952421953866,-0.010012374845314476,-0.19251090569077933,0.35,0,价格更新稀疏,,33,0,0
489,Five-SeveN | Triumvirate (Factory New),84.65,79.0,226,22,0.0973,0.9333,steamdt-live,83.65,180,84.35,211,,7,9,7,2,6,0,2,0,-0.0015267175572519776,-0.01611385556339673,-0.0036274280365081735,-0.017615971814445075,0.021179499180903227,0.0,0.03629032258064502,-0.03629032258064502,-0.25966899725639425,0.37,4,可能加速下跌,,33,0,0
490,MP9 | Deadly Poison (Factory New),55.5,52.0,184,17,0.0924,0.9369,steamdt-live,51.9,66,53.19,56,,7,9,7,2,8,0,0,0,-0.005908419497784201,-0.03603268945022298,-0.015272727272727327,-0.0417282127031019,0.056363636363636394,0.04008016032064132,0.056363636363636394,0.11660929432013778,0.061783960720130926,0.36,9,可能加速下跌,,33,0,0
491,Tec-9 | Mummy's Rot (Factory New),71.0,67.0,461,30,0.0651,0.9437,steamdt-live,69.8,75,70.92,86,,7,9,9,2,6,0,0,0,-0.00042918454935625405,-0.001144983540861566,-0.001285897985426332,-0.0015736766809728575,0.002429959977129581,0.011449275362318989,0.030694444444444358,-0.020216201038888104,-0.35972477064220176,0.08,0,价格更新稀疏,,33,0,0
492,P250 | Wingshot (Factory New),41.18,38.4,231,15,0.0649,0.9325,steamdt-live,46.92,114,43.27,125,,7,9,7,2,4,0,4,0,-0.006906406287211175,-0.012470023980815426,0.0673614641586171,-0.019290307216003888,0.021387832699619747,0.049439347604485206,0.021387832699619747,0.016790123456790207,-0.3654853620955316,0.18,9,长期阴跌,,33,0,0
493,★ Driver Gloves | King Snake (Field-Tested),843.5,1800.0,1607,49,0.0305,2.134,steamdt-live,848.0,1450,873.88,289,"溢价求购:买一高于卖一,多为定向收特定图案,买一价不可作退出价",3,0,15,5,4,0,6,0,-0.00432242990654208,-0.010325002933239458,-0.0046511627906976605,-0.014602803738317793,0.01975595583962808,0.01017964071856281,0.02316155182397217,-0.007647058823529451,-0.057541899441340805,0.37,13,可能加速下跌,买一异常溢价(不作为可成交退出价),33,0,0
494,MP9 | Arctic Tri-Tone (Factory New),33.37,32.0,2221,34,0.0153,0.9589,steamdt-live,37.17,848,33.59,1331,,3,9,15,2,4,0,0,0,0.0038359398052523197,-0.01910640799529706,0.01133989853774997,-0.015343759221009279,0.01910640799529706,0.020489296636085452,0.01910640799529706,0.030892801977139284,-0.162819869543402,0.31,15,可能加速下跌,,33,0,0
495,Tec-9 | Cut Out (Factory New),92.89,74.0,26,7,0.2692,0.7966,steamdt-live,97.4,26,98.4,28,,17,1,2,2,8,0,2,0,-0.004006325777543451,-0.016724886207261536,-0.006077753327046187,-0.020664206642066363,0.026412325752017574,0.0,0.05493946484891654,-0.05493946484891654,-0.33163045042452144,0.14,4,长期阴跌,,32,0,0
496,AK-47 | Wild Lotus (Factory New),95496.0,107420.0,112,27,0.2411,1.1249,steamdt-live,95887.0,110,98400.0,30,"溢价求购:买一高于卖一,多为定向收特定图案,买一价不可作退出价",17,0,7,2,0,0,6,0,-0.0011589421259801114,-0.0017770158677063996,0.00116028683126701,-0.0029338985351389235,0.0029338985351389235,0.0,0.004088102786584336,-0.0017770158677063996,-0.015505154639175234,0.37,2,回撤不明显,买一异常溢价(不作为可成交退出价),32,0,0
497,★ Hydra Gloves | Emerald (Minimal Wear),293.0,316.0,84,20,0.2381,1.0785,steamdt-live,285.0,59,303.0,56,"溢价求购:买一高于卖一,多为定向收特定图案,买一价不可作退出价",17,0,4,5,4,0,2,0,0.0,-0.015544041450777257,0.0017301038062282892,-0.015544041450777257,0.017241379310344862,0.0,0.017241379310344862,-0.010072941993747753,-0.05006332911139255,0.3,2,可能加速下跌,买一异常溢价(不作为可成交退出价),32,0,0
498,MP9 | Storm (Factory New),186.8,106.0,24,5,0.2083,0.5675,steamdt-live,212.3,14,197.9,9,,17,1,2,2,8,0,2,0,-0.013528279306935787,-0.014715966031963679,-0.026343786412685533,-0.028045163640147752,0.05365013425198828,0.0,0.05651800595989698,-0.05651800595989698,0.03777777777777791,0.37,23,暂未减速,,32,0,0
499,Desert Eagle | Sunset Storm 弐 (Factory New),3097.8,2940.0,50,10,0.2,0.9491,steamdt-live,3069.0,35,3270.0,48,,17,9,4,2,0,0,0,0,0.0,-0.00032573289902282365,0.0,-0.00032573289902282365,0.00032573289902282365,0.0,0.0032478077297823926,-0.0032478077297823926,-0.0348995905634627,0.24,0,价格更新稀疏,,32,0,0
500,★ Hand Wraps | Desert Shamagh (Minimal Wear),385.0,456.0,153,30,0.1961,1.1844,steamdt-live,410.0,52,387.49,105,"溢价求购:买一高于卖一,多为定向收特定图案,买一价不可作退出价",14,0,7,5,4,0,2,0,-0.0025445292620864812,-0.017882653061224496,-0.0038022813688213253,-0.0203816793893129,0.024106463878326934,0.0,0.0253417721518987,-0.01284615384615384,-0.07676258992805751,0.11,5,可能加速下跌,买一异常溢价(不作为可成交退出价),32,0,0
501,★ Sport Gloves | Scarlet Shamagh (Minimal Wear),1986.91,3060.0,176,33,0.1875,1.5401,steamdt-live,1980.0,174,2004.75,58,"溢价求购:买一高于卖一,多为定向收特定图案,买一价不可作退出价",14,0,7,5,0,0,6,0,-0.004025789575861638,0.01564503718902288,0.008958762886597915,0.011556263985531556,0.0,0.02088167053364276,0.0,0.01538461538461533,-0.07692307692307687,0.3,7,回撤不明显,买一异常溢价(不作为可成交退出价),32,0,0
502,★ Specialist Gloves | Mogul (Minimal Wear),907.0,1440.0,175,32,0.1829,1.5877,steamdt-live,909.0,166,918.4,65,"溢价求购:买一高于卖一,多为定向收特定图案,买一价不可作退出价",14,0,7,5,0,0,6,0,0.012469273743016762,0.0009269886112828196,0.00561797752808979,0.013407821229050265,0.003296703296703285,0.019101123595505642,0.003296703296703285,0.023933167757959062,-0.040211640211640254,0.28,6,回撤不明显,买一异常溢价(不作为可成交退出价),32,0,0
503,★ Moto Gloves | Blood Pressure (Field-Tested),714.5,1010.0,226,41,0.1814,1.4136,steamdt-live,728.0,219,728.77,114,"溢价求购:买一高于卖一,多为定向收特定图案,买一价不可作退出价",14,0,7,5,0,0,6,0,0.0015408320493066618,-0.0006993006993006867,0.022047244094488105,0.000840453845076361,0.0006993006993006867,0.025843503230437825,0.0006993006993006867,0.027318475916606744,-0.07432598753676134,0.36,4,回撤不明显,买一异常溢价(不作为可成交退出价),32,0,0
504,★ Sport Gloves | Occult (Field-Tested),3089.5,4300.0,268,48,0.1791,1.3918,steamdt-live,3100.0,312,3130.0,103,"溢价求购:买一高于卖一,多为定向收特定图案,买一价不可作退出价",14,0,9,5,0,0,4,0,-0.0009683666881858954,-0.001777059773828804,0.004376722321283832,-0.0027437056165268148,0.0030655050016134,0.00964052287581696,0.0030655050016134,0.00964052287581696,-0.07208289532962908,0.12,4,回撤不明显,买一异常溢价(不作为可成交退出价),32,0,0
505,Tec-9 | Orange Murano (Factory New),91.22,85.0,69,10,0.1449,0.9318,steamdt-live,96.61,23,96.78,22,,11,9,4,2,6,0,0,0,0.0,-0.008370475051636017,0.0,-0.008370475051636017,0.008370475051636017,0.0,0.03460683670229647,-0.03460683670229647,-0.10039447731755435,0.37,1,价格更新稀疏,,32,0,0
506,Tec-9 | Brother (Factory New),19.8,17.9,213,24,0.1127,0.904,steamdt-live,19.11,160,17.84,1357,,11,6,7,2,0,0,6,0,0.010734463276836248,-0.0027948574622694844,0.04982206405693956,0.00790960451977396,0.0027948574622694844,0.058125741399762676,0.0027948574622694844,-0.0027948574622694844,-0.4851370851370851,0.37,6,长期阴跌,,32,0,0
507,P250 | Hive (Factory New),52.98,48.0,155,15,0.0968,0.906,steamdt-live,44.59,93,45.4,137,,7,6,7,2,8,0,2,0,-0.0015307238136890167,-0.023434077967586342,-0.02660706683695191,-0.02492893068007862,0.050872711792251835,0.0,0.054896142433234374,0.04695938013618228,-0.5136874250190859,0.37,10,长期阴跌,,32,0,0
508,★ Hand Wraps | Giraffe (Field-Tested),238.0,272.0,345,32,0.0928,1.1429,steamdt-live,250.88,269,239.46,162,"溢价求购:买一高于卖一,多为定向收特定图案,买一价不可作退出价",7,0,9,5,2,0,4,5,-0.002594142259414234,-0.0015940934642167948,-0.001587434205029603,-0.004184100418409997,0.007837251959312952,0.012765957446808418,0.008333333333333304,0.0393013100436681,-0.07648131620814091,0.36,9,回撤不明显,买一异常溢价(不作为可成交退出价),32,0,0
509,MP9 | Dart (Factory New),20.09,18.4,111,10,0.0901,0.9159,steamdt-live,19.8,99,18.9,136,,7,6,7,2,4,0,6,0,0.012572027239392325,-0.02224521469218832,0.03300865800865793,-0.009952854897852359,0.0277777777777779,0.022727272727272707,0.0277777777777779,0.03732162458836452,-0.6420454545454546,0.26,14,长期阴跌,,32,0,0
510,★ Hand Wraps | CAUTION! (Field-Tested),796.5,880.0,598,48,0.0803,1.1048,steamdt-live,780.0,519,787.98,230,"溢价求购:买一高于卖一,多为定向收特定图案,买一价不可作退出价",7,0,12,5,6,0,2,0,0.0036093143596376276,-0.03324353239923172,0.005201560468140354,-0.02975420439844756,0.04336734693877553,0.0,0.04336734693877553,-0.03350515463917525,-0.07918968692449357,0.16,11,可能加速下跌,买一异常溢价(不作为可成交退出价),32,0,0
511,Tec-9 | Isaac (Factory New),104.5,96.0,242,16,0.0661,0.9187,steamdt-live,103.87,92,106.38,152,,7,6,7,2,10,0,0,0,-0.018813981370469524,-0.023686436695178115,-0.013016566539231667,-0.04205478188693168,0.05452393955943924,0.03250497017892662,0.12677595628415295,-0.12677595628415295,-0.3976804870977094,0.24,9,长期阴跌,,32,0,0
512,Tec-9 | Jambiya (Factory New),39.26,35.8,313,20,0.0639,0.9119,steamdt-live,40.9,88,39.2,89,,7,6,9,2,4,0,4,0,-0.005028916268544181,-0.009350518069244362,-0.010204081632652962,-0.014332411365350795,0.024390243902438935,0.0,0.024390243902438935,0.020036429872495543,-0.4017094017094016,0.37,10,长期阴跌,,32,0,0
513,★ Specialist Gloves | Crimson Web (Field-Tested),780.0,1250.0,566,36,0.0636,1.6026,steamdt-live,791.91,480,800.55,210,"溢价求购:买一高于卖一,多为定向收特定图案,买一价不可作退出价",7,0,12,5,4,0,4,0,0.0006944882884019066,-0.01135646687697156,-0.0006940063091481763,-0.01066986552181326,0.013845185651353065,0.004487179487179471,0.020502562820352566,-0.013845185651353065,-0.05572830043146049,0.14,9,可能加速下跌,买一异常溢价(不作为可成交退出价),32,0,0
514,★ Sport Gloves | Vice (Minimal Wear),8199.5,21090.0,988,52,0.0526,2.5721,steamdt-live,8179.5,959,8269.5,199,"溢价求购:买一高于卖一,多为定向收特定图案,买一价不可作退出价",3,0,15,5,2,0,4,3,0.0036575400939080627,-0.006074495503366473,0.006073619631901783,-0.002439173120312166,0.00716149784548159,0.0036196319018404477,0.011719929922068495,-0.004321363359707897,-0.06305841924398625,0.36,2,回撤不明显,买一异常溢价(不作为可成交退出价),32,0,0
515,★ Specialist Gloves | Big Swell (Minimal Wear),2527.5,3200.0,41,34,0.8293,1.2661,steamdt-live,2563.5,53,2532.0,30,"溢价求购:买一高于卖一,多为定向收特定图案,买一价不可作退出价",20,0,4,5,2,0,0,0,-0.000394710874284554,-0.001974333662388972,-0.0009858044164038349,-0.002368265245707546,0.0033517350157729053,0.0,0.005312868949232552,0.011202240448089595,0.019153225806451513,0.31,1,价格更新稀疏,买一异常溢价(不作为可成交退出价),31,0,0
516,★ Specialist Gloves | Sunburst (Minimal Wear),2190.0,2550.0,53,24,0.4528,1.1644,steamdt-live,2185.0,48,2270.0,15,"溢价求购:买一高于卖一,多为定向收特定图案,买一价不可作退出价",20,0,4,5,2,0,0,0,0.0002288853284504455,0.0,0.004367816091954024,0.0002288853284504455,0.0,0.040476190476190554,0.006818181818181834,0.02126665108670256,-0.017977528089887618,0.37,0,价格更新稀疏,买一异常溢价(不作为可成交退出价),31,0,0
517,Glock-18 | Pink DDPAT (Factory New),519.49,402.0,18,6,0.3333,0.7738,steamdt-live,510.0,15,506.11,28,,20,1,2,2,0,0,6,0,-0.001005659298404682,-0.0010066716671272014,0.05652083333333335,-0.002011318596809475,0.002011318596809475,0.05549530761209587,0.002011318596809475,0.04137860082304523,-0.04054976303317537,0.37,2,回撤不明显,,31,0,0
518,★ Sport Gloves | Pandora's Box (Minimal Wear),33999.0,56040.0,186,38,0.2043,1.6483,steamdt-live,34266.0,203,34199.5,41,"溢价求购:买一高于卖一,多为定向收特定图案,买一价不可作退出价",17,0,7,5,2,0,0,0,0.0,0.0,0.00440177252584939,0.0,0.0,0.005887573964497017,0.008428604759682656,0.012236513040371655,-0.020201729106628208,0.26,0,价格更新稀疏,买一异常溢价(不作为可成交退出价),31,0,0
519,★ Specialist Gloves | Tiger Strike (Minimal Wear),2126.5,3600.0,310,42,0.1355,1.6929,steamdt-live,2155.0,240,2124.5,102,"溢价求购:买一高于卖一,多为定向收特定图案,买一价不可作退出价",11,0,9,5,2,0,4,0,-0.00232666356444855,-0.009095149253731338,0.02577565632458234,-0.01140065146579805,0.011860465116279029,0.014081145584725618,0.011860465116279029,0.017480842911877348,-0.07630434782608697,0.22,3,可能加速下跌,买一异常溢价(不作为可成交退出价),31,0,0
520,★ Driver Gloves | Imperial Plaid (Minimal Wear),1759.5,2770.0,213,24,0.1127,1.5743,steamdt-live,1810.0,158,1793.17,66,"溢价求购:买一高于卖一,多为定向收特定图案,买一价不可作退出价",11,0,7,5,6,0,2,0,-0.005550030833504582,-0.017039106145251393,-0.005530386740331461,-0.022494569414274523,0.027900552486187835,0.0,0.03217821782178221,-0.02141268075639602,-0.06732043466737347,0.37,5,可能加速下跌,买一异常溢价(不作为可成交退出价),31,0,0
521,★ Driver Gloves | Rezan the Red (Field-Tested),356.9,471.0,224,25,0.1116,1.3197,steamdt-live,368.5,179,375.24,112,"溢价求购:买一高于卖一,多为定向收特定图案,买一价不可作退出价",11,0,7,5,2,0,6,0,-0.00013966480446925278,-0.004330213716999598,0.007032348804500765,-0.004469273743016866,0.0057190682103501755,0.005388022229117828,0.0057190682103501755,-0.002937473772555599,-0.03805668016194341,0.37,9,回撤不明显,买一异常溢价(不作为可成交退出价),31,0,0
522,USP-S | Blueprint (Factory New),659.99,612.0,194,15,0.0773,0.9273,steamdt-live,661.0,97,673.04,78,,7,6,7,2,2,0,4,3,-0.0007530120481927804,-0.006043707611152915,-0.00745900536629851,-0.006792168674698784,0.014200511218403822,0.0,0.014951456310679623,0.0007435508345978725,-0.1112234171585671,0.11,3,可能加速下跌,,31,0,0
523,★ Hand Wraps | Overprint (Minimal Wear),866.13,1080.0,349,26,0.0745,1.2469,steamdt-live,880.0,296,912.99,92,"溢价求购:买一高于卖一,多为定向收特定图案,买一价不可作退出价",7,0,9,5,4,0,6,0,-0.0017084282460136935,-0.011831146605818632,-0.0034052213393870323,-0.013519362186788175,0.016320272572402095,0.031107142857142778,0.024078873239436582,-0.017436188315371526,-0.07117426273458449,0.26,12,可能加速下跌,买一异常溢价(不作为可成交退出价),31,0,0
524,★ Sport Gloves | Nocts (Minimal Wear),5445.0,7800.0,373,24,0.0643,1.4325,steamdt-live,5489.0,319,5647.9,77,"溢价求购:买一高于卖一,多为定向收特定图案,买一价不可作退出价",7,0,9,5,4,0,6,0,-0.007299270072992692,-0.00772058823529409,0.00995208256542579,-0.014963503649635057,0.015681983953318768,0.0,0.015681983953318768,0.0070895522388059184,-0.06121739130434778,0.37,6,可能加速下跌,买一异常溢价(不作为可成交退出价),31,0,0
525,Five-SeveN | Buddy (Factory New),23.5,22.4,430,22,0.0512,0.9532,steamdt-live,23.9,149,23.66,179,,3,9,9,2,2,0,6,0,0.0017323516673883876,0.015996541288370025,0.0,0.017756604590732028,0.00550148116800675,0.021295089091699193,0.00550148116800675,0.05192479856759169,-0.4095477386934673,0.34,11,长期阴跌,,31,0,0
526,★ Driver Gloves | Black Tie (Field-Tested),761.0,1170.0,710,35,0.0493,1.5375,steamdt-live,765.0,621,758.2,139,"溢价求购:买一高于卖一,多为定向收特定图案,买一价不可作退出价",3,0,12,5,0,0,6,5,0.0003957783641159729,-0.00013187392852420654,0.003973509933774766,0.00026385224274405594,0.003024326101249142,0.013636363636363669,0.003024326101249142,0.007748846976886492,-0.05684786665008079,0.37,4,回撤不明显,买一异常溢价(不作为可成交退出价),31,0,0
527,Glock-18 | Fully Tuned (Factory New),1067.0,2350.0,69,42,0.6087,2.2024,steamdt-live,1059.5,55,1107.95,15,"溢价求购:买一高于卖一,多为定向收特定图案,买一价不可作退出价",20,0,4,2,4,0,0,0,0.0,-0.0004716981132075748,0.001890359168241984,-0.0004716981132075748,0.0004716981132075748,0.009047619047618971,0.0239520958083832,-0.0239520958083832,0.018750000000000044,1.37,0,价格更新稀疏,买一异常溢价(不作为可成交退出价),30,0,0
528,M4A1-S | Welcome to the Jungle (Factory New),10299.5,12300.0,37,22,0.5946,1.1942,steamdt-live,9666.0,43,10041.15,36,"溢价求购:买一高于卖一,多为定向收特定图案,买一价不可作退出价",20,0,4,2,4,0,0,0,0.006979893738931153,0.0,-0.010412371134020604,0.006979893738931153,0.003505154639175223,0.007199192240002317,0.023636363636363678,-0.0022708505367464715,-0.09050706160200972,0.37,1,价格更新稀疏,买一异常溢价(不作为可成交退出价),30,0,0
529,★ Broken Fang Gloves | Unhinged (Field-Tested),308.5,386.0,113,22,0.1947,1.2512,steamdt-live,308.4,153,308.7,105,"溢价求购:买一高于卖一,多为定向收特定图案,买一价不可作退出价",14,0,7,5,2,0,2,0,0.005172245535278508,-0.0035598705501619365,0.011217105263158,0.0015939624605574298,0.006774193548387153,0.031490787269681686,0.006774193548387153,0.016171617161716112,-0.07426337943475658,0.12,13,回撤不明显,买一异常溢价(不作为可成交退出价),30,0,0
530,★ Hydra Gloves | Rattler (Minimal Wear),222.5,242.0,115,18,0.1565,1.0876,steamdt-live,222.0,63,229.65,53,"溢价求购:买一高于卖一,多为定向收特定图案,买一价不可作退出价",14,0,7,5,0,0,1,3,0.004570342549436557,-0.0022522522522522292,0.027860465116279043,0.0023077967328837268,0.004494382022471877,0.08048780487804885,0.004494382022471877,0.006818181818181834,-0.012879361825393176,0.17,8,回撤不明显,买一异常溢价(不作为可成交退出价),30,0,0
531,AWP | Oni Taiji (Factory New),3615.0,6200.0,364,49,0.1346,1.7151,steamdt-live,3770.0,103,3760.0,92,"溢价求购:买一高于卖一,多为定向收特定图案,买一价不可作退出价",11,0,9,2,6,0,2,0,-0.009459459459459474,-0.01391541609822644,-0.0181639666175748,-0.023243243243243228,0.04098247550710643,0.0038888888888888307,0.04882221344913806,-0.023111231247465835,-0.1395238095238095,0.17,8,可能加速下跌,买一异常溢价(不作为可成交退出价),30,0,0
532,FAMAS | Waters of Nephthys (Factory New),984.2,1120.0,167,21,0.1257,1.138,steamdt-live,1039.44,61,989.73,57,"溢价求购:买一高于卖一,多为定向收特定图案,买一价不可作退出价",11,0,7,2,6,0,4,0,-0.00121212121212122,-0.004652103559870446,0.004770120775398512,-0.005858585858585785,0.00636042402826853,0.0,0.0482361132600958,0.027885117493472666,-0.20304465767844848,0.37,6,回撤不明显,买一异常溢价(不作为可成交退出价),30,0,0
533,P250 | Digital Architect (Factory New),240.4,216.0,26,3,0.1154,0.8985,steamdt-live,297.9,21,255.41,37,,8,6,2,2,10,0,2,0,-0.010408743344409332,-0.027468748735790305,-0.02269259360694864,-0.037591576924616676,0.05751362371113811,0.0,0.09279595456432321,-0.07538461538461538,-0.22777938389386787,0.17,22,可能加速下跌,,30,0,0
534,P250 | Cartel (Factory New),212.1,198.0,78,8,0.1026,0.9335,steamdt-live,221.3,47,218.78,65,,11,9,4,2,4,0,0,0,0.0,0.024687182955698272,-4.830917874387719e-05,0.024687182955698272,0.0,0.02976161576928682,0.022130013831258677,-0.022130013831258677,-0.19659090909090915,0.37,1,价格更新稀疏,,30,0,0
535,★ Specialist Gloves | Lt. Commander (Field-Tested),679.0,860.0,507,45,0.0888,1.2666,steamdt-live,680.0,447,688.28,185,"溢价求购:买一高于卖一,多为定向收特定图案,买一价不可作退出价",7,0,12,5,0,0,6,0,0.0007359434795408681,-0.0013237240770701542,-0.0008823529411765563,-0.0005887547836326279,0.0014705882352941124,0.0007369196757553986,0.0014705882352941124,0.006671608598962209,-0.054962490779273176,0.37,4,回撤不明显,买一异常溢价(不作为可成交退出价),30,0,0
536,★ Sport Gloves | Amphibious (Minimal Wear),4020.0,7330.0,523,41,0.0784,1.8234,steamdt-live,4080.0,453,4039.27,110,"溢价求购:买一高于卖一,多为定向收特定图案,买一价不可作退出价",7,0,12,5,2,0,4,0,-0.0007705692269450726,2.487624070246497e-05,0.003492142678972243,-0.0007457121551081025,0.001118151323145744,0.010354880868603589,0.006426099851705391,0.02108204216408427,-0.04194470924690186,0.37,6,回撤不明显,买一异常溢价(不作为可成交退出价),30,0,0
537,Five-SeveN | Scumbria (Factory New),32.82,30.5,350,23,0.0657,0.9293,steamdt-live,33.0,62,32.07,120,,7,6,9,2,0,0,6,0,-0.0009328358208953169,-0.0018674136321196189,0.0,-0.002798507462686506,0.0037278657968312645,0.0,0.0037278657968312645,0.005644402634054524,-0.35860000000000003,0.3,6,长期阴跌,,30,0,0
538,Tec-9 | Safety Net (Factory New),89.3,82.0,465,25,0.0538,0.9183,steamdt-live,87.99,102,89.1,95,,3,6,9,2,10,0,0,0,-0.00011138338159955019,-0.019828450484571714,-0.0005566069241901284,-0.019937625306304385,0.021136945155189713,0.07435897435897432,0.08229036295369208,-0.08229036295369208,-0.34335820895522395,0.37,1,价格更新稀疏,,30,0,0
539,USP-S | Lead Conduit (Factory New),84.99,81.0,520,26,0.05,0.9531,steamdt-live,85.46,112,86.08,105,,3,9,12,2,4,0,0,0,-0.00361726954492414,-0.0046843892727486125,-0.008331404767414896,-0.008284714119019876,0.016547095579727,0.06237499999999985,0.023103448275862082,-0.016319444444444553,-0.31109670098078956,0.14,4,长期阴跌,,30,0,0
540,FAMAS | Faulty Wiring (Factory New),18.61,17.3,475,19,0.04,0.9296,steamdt-live,18.75,79,19.32,135,,3,6,9,2,10,0,0,0,-0.014358974358974375,-0.031737773152965665,-0.024024024024024038,-0.04564102564102568,0.06856856856856863,0.0,0.18089788732394363,-0.1376274328081557,-0.5228205128205128,0.37,17,长期阴跌,,30,0,0
541,AK-47 | Jaguar (Factory New),2887.3,2600.0,146,3,0.0205,0.9005,steamdt-live,2930.6,42,2882.94,45,,3,6,7,2,6,0,6,0,-0.002760524499654915,-0.002442906574394499,-0.0006896551724138167,-0.005196687370600417,0.005882758620689654,0.0,0.04190068527294599,0.08810719003585588,-0.08462984365673065,0.35,5,回撤不明显,,30,0,0
542,★ Specialist Gloves | Marble Fade (Minimal Wear),2348.0,3200.0,210,31,0.1476,1.3629,steamdt-live,2320.0,163,2392.05,51,"溢价求购:买一高于卖一,多为定向收特定图案,买一价不可作退出价",11,0,7,5,0,0,6,0,0.01089324618736387,-0.0004310344827586077,0.0,0.010457516339869244,0.0004310344827586077,0.010457516339869244,0.0004310344827586077,0.017105263157894735,-0.0047210300429184615,0.15,2,回撤不明显,买一异常溢价(不作为可成交退出价),29,0,0
543,★ Sport Gloves | Bronze Morph (Minimal Wear),802.0,1050.0,185,27,0.1459,1.3092,steamdt-live,790.0,121,783.0,81,"溢价求购:买一高于卖一,多为定向收特定图案,买一价不可作退出价",11,0,7,5,4,0,2,0,-0.003634540669256725,-0.017610062893081757,0.002386934673366703,-0.02118059907256542,0.02118059907256542,0.0,0.02118059907256542,-0.02056684223727112,-0.07846607669616523,0.09,12,可能加速下跌,买一异常溢价(不作为可成交退出价),29,0,0
544,★ Specialist Gloves | Crimson Web (Minimal Wear),1827.0,3450.0,287,36,0.1254,1.8883,steamdt-live,1844.5,218,1834.5,65,"溢价求购:买一高于卖一,多为定向收特定图案,买一价不可作退出价",11,0,9,5,0,0,4,0,-0.002725538293813057,-0.001366493577480199,0.023430962343096162,-0.00408830744071953,0.004836917445584787,0.019246861924686165,0.004836917445584787,0.01528202278410662,-0.03791469194312791,0.37,6,回撤不明显,买一异常溢价(不作为可成交退出价),29,0,0
545,★ Moto Gloves | Turtle (Minimal Wear),754.5,980.0,144,18,0.125,1.2989,steamdt-live,756.0,128,756.7,75,"溢价求购:买一高于卖一,多为定向收特定图案,买一价不可作退出价",11,0,7,5,0,0,6,0,0.0,-0.0006622516556291647,0.005326231691078487,-0.0006622516556291647,0.003565768621236143,0.0046604527296938425,0.003565768621236143,-0.003565768621236143,-0.05213567839195976,0.37,3,回撤不明显,买一异常溢价(不作为可成交退出价),29,0,0
546,★ Driver Gloves | Racing Green (Minimal Wear),247.5,403.0,160,19,0.1187,1.6283,steamdt-live,263.48,71,263.06,106,"溢价求购:买一高于卖一,多为定向收特定图案,买一价不可作退出价",11,0,7,5,6,0,0,0,0.04251012145748989,-0.03883495145631066,-0.0040322580645161255,0.002024291497975783,0.04591187695154397,0.0040567951318457585,0.04591187695154397,-0.03696498054474706,-0.13400979706088179,0.36,9,可能加速下跌,买一异常溢价(不作为可成交退出价),29,0,0
547,★ Sport Gloves | Slingshot (Minimal Wear),5418.5,8540.0,364,36,0.0989,1.5761,steamdt-live,5339.5,323,5596.0,71,"溢价求购:买一高于卖一,多为定向收特定图案,买一价不可作退出价",7,0,9,5,4,0,4,0,-0.009083402146985997,-0.012962962962962954,0.009353583997036452,-0.021928617304339815,0.022018348623853212,0.0,0.022018348623853212,-0.012688709826803701,-0.10011818335303058,0.16,7,可能加速下跌,买一异常溢价(不作为可成交退出价),29,0,0
548,★ Hand Wraps | Cobalt Skulls (Minimal Wear),2369.4,3710.0,377,32,0.0849,1.5658,steamdt-live,2399.5,305,2421.16,85,"溢价求购:买一高于卖一,多为定向收特定图案,买一价不可作退出价",7,0,9,5,4,0,4,0,-0.00461378737541529,-0.011469028616248433,-0.00020759809009751606,-0.016029900332225844,0.016438356164383494,0.0,0.016438356164383494,-0.008411801632140614,-0.06477205447010059,0.37,7,可能加速下跌,买一异常溢价(不作为可成交退出价),29,0,0
549,★ Broken Fang Gloves | Jade (Minimal Wear),744.9,880.0,74,19,0.2568,1.1814,steamdt-live,770.0,34,771.84,66,"溢价求购:买一高于卖一,多为定向收特定图案,买一价不可作退出价",17,0,4,5,2,0,0,0,0.0,-0.0056067280736884495,0.018490822569680487,-0.0056067280736884495,0.007593924860112011,0.012780421481985105,0.007593924860112011,0.007302231237322543,-0.024118641181171463,0.37,1,价格更新稀疏,买一异常溢价(不作为可成交退出价),28,0,0
550,MP9 | Setting Sun (Factory New),265.88,251.0,81,10,0.1235,0.944,steamdt-live,269.48,23,275.24,65,,11,9,4,2,2,0,0,0,0.0,0.0017331022530329143,-0.013271868842707923,0.0017331022530329143,0.011598513011152445,0.009952138570234803,0.011598513011152445,0.007121212121212084,-0.05042857142857149,0.37,1,价格更新稀疏,,28,0,0
551,Five-SeveN | Anodized Gunmetal (Factory New),94.8,87.0,125,12,0.096,0.9177,steamdt-live,94.98,74,90.49,90,,7,6,7,2,0,0,6,0,0.0,0.01219239373601777,-0.0021207724076347523,0.01219239373601777,0.00011049723756906271,0.012305627027631605,0.00011049723756906271,0.053311605168199216,-0.2395798319327731,0.37,3,回撤不明显,,28,0,0
552,AWP | Fade (Factory New),4099.0,4560.0,484,41,0.0847,1.1125,steamdt-live,4200.0,341,4217.5,183,"溢价求购:买一高于卖一,多为定向收特定图案,买一价不可作退出价",7,0,9,2,8,0,2,0,-0.007742703990470501,-0.015846338535414173,-0.008854781582054327,-0.02346634901727218,0.0354159312860336,0.0,0.05038584590720696,-0.05017900383496898,-0.15727796052631582,0.37,10,可能加速下跌,买一异常溢价(不作为可成交退出价),28,0,0
553,FAMAS | Night Borre (Factory New),70.27,65.0,251,17,0.0677,0.925,steamdt-live,73.55,80,68.21,94,,7,6,9,2,4,0,0,0,0.05522896039603942,0.0,-0.002776920703486452,0.05522896039603942,0.0,0.05555555555555536,0.016580161476355326,-0.011449275362318878,-0.4268067226890757,0.37,1,价格更新稀疏,,28,0,0
554,P250 | Visions (Factory New),53.2,50.0,417,25,0.06,0.9398,steamdt-live,53.2,302,53.1,241,,3,9,9,2,2,0,3,0,0.051587301587301626,0.0018867924528302993,0.03533278553820862,0.0535714285714286,0.012093023255813962,0.09079704190632709,0.012093023255813962,0.08367346938775522,-0.14008097165991895,0.37,8,可能加速下跌,,28,0,0
555,M4A1-S | Fade (Factory New),1172.0,1530.0,1790,88,0.0492,1.3055,steamdt-live,1189.0,1419,1184.0,982,"溢价求购:买一高于卖一,多为定向收特定图案,买一价不可作退出价",3,0,15,2,4,0,4,0,-0.0004244482173174635,-0.014861995753715496,0.01551724137931032,-0.015280135823429575,0.01985635825940013,0.0017271157167531026,0.01985635825940013,0.004337699893505631,-0.11212485361541225,0.37,9,可能加速下跌,买一异常溢价(不作为可成交退出价),28,0,0
556,★ Sport Gloves | Big Game (Field-Tested),838.0,950.0,765,36,0.0471,1.1337,steamdt-live,829.0,589,848.98,158,"溢价求购:买一高于卖一,多为定向收特定图案,买一价不可作退出价",3,0,12,5,4,0,4,0,-0.0011976047904191933,-0.005995203836930418,-0.0029850746268657025,-0.007185628742514938,0.017772511848341277,0.01097560975609757,0.017772511848341277,-0.017772511848341277,-0.0788888888888889,0.37,15,暂未减速,买一异常溢价(不作为可成交退出价),28,0,0
557,★ Driver Gloves | King Snake (Minimal Wear),2899.9,8130.0,852,32,0.0376,2.8035,steamdt-live,2990.0,849,2970.0,148,"溢价求购:买一高于卖一,多为定向收特定图案,买一价不可作退出价",3,0,12,5,4,0,4,0,-0.0020482009967911496,-0.008038585209003246,-0.010003379520108102,-0.010070321567556495,0.018646362098138747,0.0,0.029159691998660864,-0.028509212730318256,-0.04132368012165688,0.36,3,可能加速下跌,买一异常溢价(不作为可成交退出价),28,0,0
558,FAMAS | Hexane (Factory New),59.99,54.0,300,11,0.0367,0.9002,steamdt-live,63.29,110,59.7,74,,3,6,9,2,2,0,6,0,0.014884979702300516,-0.0050000000000000044,-0.0018571669761945353,0.009810554803789007,0.0050000000000000044,0.009810554803789007,0.0050000000000000044,0.03627842388474223,-0.31300345224395854,0.37,5,长期阴跌,,28,0,0
559,AWP | Medusa (Factory New),29500.0,25390.0,10,11,1.1,0.8607,steamdt-live,30000.0,22,30116.89,12,,20,3,2,2,0,0,0,0,0.0,0.0,0.0,0.0,0.0,0.0,0.0,0.0535714285714286,0.017258918257211375,0.37,0,价格更新稀疏,,27,0,0
560,★ Driver Gloves | Plum Quill (Minimal Wear),1039.5,1230.0,14,14,1.0,1.1833,steamdt-live,1046.5,16,1060.0,22,"溢价求购:买一高于卖一,多为定向收特定图案,买一价不可作退出价",20,0,2,5,0,0,0,0,0.00048123195380167516,0.0,-0.0009615384615384581,0.00048123195380167516,0.00048076923076922906,0.0014450867052022698,0.00048076923076922906,0.0014450867052022698,-0.07675500923689083,0.37,0,价格更新稀疏,买一异常溢价(不作为可成交退出价),27,0,0
561,Desert Eagle | Hand Cannon (Factory New),2648.5,2190.0,20,6,0.3,0.8269,steamdt-live,2977.5,30,2575.38,33,,20,3,2,2,0,0,0,0,-0.00025998416812833547,-0.00039978109074245705,0.009811758436388152,-0.0006596613221164782,0.0007953659265236279,0.015112099139154456,0.0007953659265236279,0.0011467756168292986,-0.07025992779783385,0.2,0,价格更新稀疏,,27,0,0
562,Glock-18 | Night (Factory New),218.0,174.0,32,5,0.1562,0.7982,steamdt-live,320.0,25,223.96,40,,14,1,4,2,2,0,4,0,0.0,-0.009090909090909038,-0.0009082652134422275,-0.009090909090909038,0.012233801540552758,0.0,0.01446654611211573,0.08457711442786064,-0.21432947706058325,0.19,2,可能加速下跌,,27,0,0
563,M4A1-S | Printstream (Factory New),2725.9,3780.0,633,50,0.079,1.3867,steamdt-live,2740.0,471,2779.0,176,"溢价求购:买一高于卖一,多为定向收特定图案,买一价不可作退出价",7,0,12,2,2,0,4,0,0.00018231540565172288,-0.0062340503098796685,0.0037845514171936934,-0.006052871467638998,0.006596209912536399,0.005867158671586825,0.008042212518195035,0.0040147329650093155,-0.057753596637377336,0.37,8,回撤不明显,买一异常溢价(不作为可成交退出价),27,0,0
564,P250 | Whiteout (Factory New),1863.32,1700.0,38,3,0.0789,0.9123,steamdt-live,1930.5,34,1843.45,34,,7,6,4,2,8,0,0,0,-0.015514018691588749,0.0,-0.004518872939925589,-0.015514018691588749,0.019962785752259404,0.0,0.054641025641025576,-0.054641025641025576,-0.049277978339350104,0.37,1,价格更新稀疏,,27,0,0
565,P250 | Dark Filigree (Factory New),55.1,46.0,100,7,0.07,0.8348,steamdt-live,51.87,61,54.14,101,,7,3,7,2,8,0,0,0,-0.0019241870309794074,0.0,0.0,-0.0019241870309794074,0.0019241870309794074,0.0,0.05690909090909091,-0.05690909090909091,-0.2787819799777531,0.31,1,价格更新稀疏,,27,0,0
566,Glock-18 | Sacrifice (Factory New),49.9,47.0,460,25,0.0543,0.9419,steamdt-live,50.8,121,49.25,166,,3,9,9,2,4,0,0,0,0.005102040816326481,0.0,0.025104602510460206,0.005102040816326481,0.0,0.030334728033472924,0.024559318676965813,0.005102040816326481,-0.3511198945981555,0.37,1,价格更新稀疏,,27,0,0
567,P250 | Forest Night (Factory New),84.69,78.0,142,4,0.0282,0.921,steamdt-live,100.0,11,80.33,33,,3,6,7,2,6,0,3,0,0.0891745602165086,-0.0032302149335320385,0.0,0.08565629228687421,0.0032302149335320385,0.08712737127371284,0.03337349397590361,-0.03337349397590361,-0.16322486441385053,0.37,6,回撤不明显,,27,0,0
568,Tec-9 | Brass (Factory New),450.0,350.0,10,4,0.4,0.7778,steamdt-live,480.0,10,446.89,38,,8,1,2,2,2,0,6,5,-0.00111450415710046,-0.0027670542030214795,0.0018758793184303624,-0.003878474466709747,0.003878474466709747,0.0013444173071319732,0.00691111111111109,-0.00691111111111109,-0.15681132075471704,0.21,4,回撤不明显,,26,0,0
569,★ Driver Gloves | Rezan the Red (Minimal Wear),817.0,910.0,145,23,0.1586,1.1138,steamdt-live,810.0,79,815.08,80,"溢价求购:买一高于卖一,多为定向收特定图案,买一价不可作退出价",14,0,7,5,0,0,0,0,0.0,0.0,0.00622367979726457,0.0,0.0,0.00622367979726457,0.0,0.008717310087173136,-0.025692840646651338,0.37,0,价格更新稀疏,买一异常溢价(不作为可成交退出价),26,0,0
570,Desert Eagle | Sunset Storm 壱 (Factory New),3184.92,3000.0,46,6,0.1304,0.9419,steamdt-live,3188.0,33,3198.27,48,,11,9,4,2,0,0,0,0,0.0,0.001068671578364988,0.03329988080506929,0.001068671578364988,0.00017579768198194845,0.0344041390196137,0.00017579768198194845,0.0344041390196137,0.01172808132147396,0.24,1,价格更新稀疏,,26,0,0
571,MP9 | Stained Glass (Factory New),829.5,785.0,57,7,0.1228,0.9464,steamdt-live,894.96,25,834.86,61,,11,9,4,2,0,0,0,0,0.0,0.0006031363088057073,0.00012064181445281541,0.0006031363088057073,0.0,0.0007238508867173366,0.0,0.025339925834363397,-0.03958596255600977,0.32,1,价格更新稀疏,,26,0,0
572,Glock-18 | Synth Leaf (Factory New),2175.5,1950.0,25,3,0.12,0.8963,steamdt-live,2099.5,26,2228.85,30,,8,6,2,2,8,0,0,0,-0.002968714318337562,-0.038250114521301004,-0.0015959872321021917,-0.04110527517698104,0.04263565891472865,0.0,0.05406623113313813,-0.054279279279279224,-0.21499052155738096,1.3,2,可能加速下跌,,26,0,0
573,AK-47 | Fuel Injector (Factory New),2359.5,3020.0,445,40,0.0899,1.2799,steamdt-live,2404.15,202,2379.48,125,"溢价求购:买一高于卖一,多为定向收特定图案,买一价不可作退出价",7,0,9,2,4,0,4,0,0.004412691741962682,-0.01276150627615058,-0.002306079664570193,-0.008405127127547818,0.014822546972860118,0.004042553191489384,0.016670139612419255,-0.010484378276368167,-0.11596103409516678,0.37,8,可能加速下跌,买一异常溢价(不作为可成交退出价),26,0,0
574,MP9 | Pandora's Box (Factory New),817.0,764.0,46,4,0.087,0.9351,steamdt-live,884.9,44,840.15,51,,7,9,4,2,4,0,0,0,0.0,0.0,0.0,0.0,0.0,0.009264978381717137,0.026801667659321016,-0.026801667659321016,-0.14491449144914492,0.37,0,价格更新稀疏,,26,0,0
575,★ Specialist Gloves | Fade (Minimal Wear),2964.0,5070.0,603,36,0.0597,1.7105,steamdt-live,2980.0,611,3002.0,152,"溢价求购:买一高于卖一,多为定向收特定图案,买一价不可作退出价",3,0,12,5,4,0,2,0,-0.0046982327442480765,-0.0070387381864108756,-0.00016669444907480013,-0.011703901300433417,0.011868644774128967,0.01503424657534258,0.018072189368715685,-0.011868644774128967,-0.10130382049727105,0.37,8,可能加速下跌,买一异常溢价(不作为可成交退出价),26,0,0
576,AK-47 | Red Laminate (Factory New),3036.99,1620.0,7,5,0.7143,0.5334,steamdt-live,3999.99,8,3291.78,6,,20,1,2,2,0,0,0,0,0.0,0.0,-0.0003291650071264307,0.0,0.0003291650071264307,0.0,0.0006581133863553523,-0.0006581133863553523,-0.0740884146341464,0.35,0,价格更新稀疏,,25,0,0
577,Five-SeveN | Candy Apple (Factory New),536.0,431.0,31,5,0.1613,0.8041,steamdt-live,506.5,39,504.0,58,,14,3,4,2,2,0,0,0,0.0,0.0,0.0,0.0,0.0,0.0,0.012732615083251742,-0.013698630136986356,0.010425020048115519,0.3,0,价格更新稀疏,,25,0,0
578,Tec-9 | Hades (Factory New),174.0,146.0,40,5,0.125,0.8391,steamdt-live,178.0,25,176.26,25,,11,3,4,2,4,1,0,0,-0.01317633865993828,-0.011363636363636354,0.06160714285714275,-0.024390243902439046,0.024390243902439046,0.09433962264150941,0.024390243902439046,0.16387959866220725,-0.0575235619109522,0.14,6,可能加速下跌,,25,0,0
579,★ Sport Gloves | Scarlet Shamagh (Field-Tested),1087.0,1490.0,422,43,0.1019,1.3707,steamdt-live,1099.0,333,1098.5,164,"溢价求购:买一高于卖一,多为定向收特定图案,买一价不可作退出价",11,0,9,5,0,0,0,0,0.0,-0.0027522935779816793,0.010194624652456019,-0.0027522935779816793,0.0027522935779816793,0.007414272474513428,0.0027522935779816793,0.022577610536218318,-0.10090984284532667,0.36,1,价格更新稀疏,买一异常溢价(不作为可成交退出价),25,0,0
580,★ Driver Gloves | Black Tie (Minimal Wear),1880.0,3350.0,315,31,0.0984,1.7819,steamdt-live,1889.0,309,1935.5,64,"溢价求购:买一高于卖一,多为定向收特定图案,买一价不可作退出价",7,0,9,5,0,0,4,0,-0.0010615711252653925,-0.0010626992561104665,0.003996802557953538,-0.002123142250530785,0.0026525198938992522,0.005347593582887722,0.003920737522517759,0.0015982951518380695,-0.029917749409178684,0.37,4,回撤不明显,买一异常溢价(不作为可成交退出价),25,0,0
581,★ Driver Gloves | Overtake (Field-Tested),257.4,300.0,234,22,0.094,1.1655,steamdt-live,259.91,215,268.0,183,"溢价求购:买一高于卖一,多为定向收特定图案,买一价不可作退出价",7,0,7,5,4,0,2,0,0.0,-0.019128708334924416,-0.005996432502182181,-0.019128708334924416,0.025010436828722282,0.0,0.028733459357278,-0.02319391634980994,-0.09222614840989407,0.37,7,可能加速下跌,买一异常溢价(不作为可成交退出价),25,0,0
582,P250 | Epicenter (Factory New),128.4,123.0,183,10,0.0546,0.9579,steamdt-live,125.5,74,128.85,100,,3,9,7,2,4,0,0,0,0.009814174241814744,-0.00023898669640720627,0.01312143439282809,0.009572842088327649,0.00023898669640720627,0.03300683183801145,0.0186879349440926,-0.011811023622047223,-0.15766158802604202,0.16,1,价格更新稀疏,,25,0,0
583,Glock-18 | Fade (Factory New),9040.0,10420.0,134,20,0.1493,1.1527,steamdt-live,9680.0,136,9531.99,78,"溢价求购:买一高于卖一,多为定向收特定图案,买一价不可作退出价",11,0,7,2,4,0,0,0,0.004444444444444473,0.0,-0.010825960323130213,0.004444444444444473,0.006429631257899637,0.004444444444444473,0.022702702702702693,-0.022702702702702693,-0.1248789932236205,0.37,1,价格更新稀疏,买一异常溢价(不作为可成交退出价),24,0,0
584,Tec-9 | Blast From the Past (Factory New),44.8,39.1,70,9,0.1286,0.8728,steamdt-live,45.9,37,47.46,47,,11,3,4,2,4,0,0,0,-0.0022271714922049712,0.0,0.0029037301764573975,-0.0022271714922049712,0.004444444444444473,0.000670091579182408,0.01840490797546024,-0.01840490797546024,-0.3837689133425035,0.37,1,价格更新稀疏,,24,0,0
585,P250 | Bengal Tiger (Factory New),340.5,203.0,25,2,0.08,0.5962,steamdt-live,299.9,24,299.2,27,,7,1,2,2,8,0,4,0,0.0,-0.014168039538715038,-0.0013162224415925738,-0.014168039538715038,0.015465613688713353,0.0,0.05466034755134286,-0.017405582922824347,-0.11531638083973983,0.35,4,可能加速下跌,,24,0,0
586,P250 | Contamination (Factory New),51.7,36.0,65,5,0.0769,0.6963,steamdt-live,39.45,32,40.17,47,,7,1,4,2,6,0,4,0,-0.003005259203606281,-0.009042954031650341,-0.003991020204539897,-0.012021036814425123,0.01571856287425133,0.0,0.039444850255661024,-0.039678675754625026,-0.38349742147210497,0.18,4,长期阴跌,,24,0,0
587,P250 | Steel Disruption (Factory New),39.92,36.0,262,17,0.0649,0.9018,steamdt-live,37.24,133,36.34,103,,7,6,9,2,0,0,0,0,0.004143646408839796,-0.0002751031636862855,0.0,0.003867403314917084,0.0002751031636862855,0.022222222222222365,0.0030178326474622486,0.0880239520958086,-0.34979423868312753,0.18,1,价格更新稀疏,,24,0,0
588,Galil AR | Winter Forest (Factory New),4900.0,140.0,2,2,1.0,0.0286,steamdt-live,5100.0,2,3520.6,2,,8,1,2,2,10,0,0,0,-0.21764444444444442,0.0,0.0,-0.21764444444444442,0.21764444444444442,0.0,0.21764444444444442,0.0,0.2881107879187017,0.37,1,价格更新稀疏,,23,0,0
589,Glock-18 | Sand Dune (Factory New),3499.0,560.0,4,2,0.5,0.16,steamdt-live,0.0,0,1849.54,3,,8,1,2,2,10,0,0,0,-0.16278964497978887,0.0,0.0,-0.16278964497978887,0.16278964497978887,0.0,0.16468021877272299,0.0,-0.16942918857748457,0.37,1,价格更新稀疏,,23,0,0
590,P250 | Splash (Factory New),349.9,283.0,8,3,0.375,0.8088,steamdt-live,310.0,15,312.7,13,,8,3,2,2,4,0,4,0,-0.006355258976803335,-0.008634473936680487,-0.013479623824451448,-0.01493485859548771,0.028213166144200663,0.0,0.029733959311424085,-0.029733959311424085,-0.015435431620402729,0.37,10,暂未减速,,23,0,0
591,P250 | Gunsmoke (Factory New),118.0,35.0,6,2,0.3333,0.2966,steamdt-live,85.0,11,142.09,8,,8,1,2,2,10,0,0,0,0.0,0.0,-0.05555555555555558,0.0,0.05555555555555558,0.0,0.10526315789473684,-0.10526315789473684,-0.34615384615384615,0.18,0,价格更新稀疏,,23,0,0
592,Five-SeveN | Jungle (Factory New),345.0,220.0,11,3,0.2727,0.6377,steamdt-live,370.0,5,344.5,9,,8,1,2,2,10,0,0,0,-0.0014492753623188692,0.0,-0.06377204884667576,-0.0014492753623188692,0.06385869565217395,0.0,0.10519480519480517,-0.10519480519480517,-0.13875000000000004,0.3,1,价格更新稀疏,,23,0,0
593,AK-47 | Black Laminate (Factory New),1495.8,1010.0,14,3,0.2143,0.6752,steamdt-live,1498.0,18,1547.68,18,,8,1,2,2,10,0,0,0,0.0,-0.0010018032458425363,0.0,-0.0010018032458425363,0.0010018032458425363,0.07766570605187306,0.15895417486646057,-0.15895417486646057,-0.21252961305606743,0.35,0,价格更新稀疏,,23,0,0
594,Desert Eagle | Pilot (Factory New),1128.1,900.0,39,6,0.1538,0.7978,steamdt-live,1328.1,45,1046.8,39,,14,1,4,2,2,0,0,0,0.0,0.0,-0.004848369616883841,0.0,0.004848369616883841,0.0,0.0105111917725349,-0.0105111917725349,0.06176020123540682,0.24,0,价格更新稀疏,,23,0,0
595,MP9 | Dark Age (Factory New),498.5,430.0,29,4,0.1379,0.8626,steamdt-live,524.7,31,508.44,29,,8,3,2,2,8,0,0,0,-0.00020060180541625616,0.00020064205457459572,0.001205061257280704,0.0,0.002002002002001957,0.001205061257280704,0.059433962264150986,-0.0037969624300558946,-0.0030000000000000027,0.19,0,价格更新稀疏,,23,0,0
596,Galil AR | Aqua Terrace (Factory New),865.0,652.0,30,4,0.1333,0.7538,steamdt-live,928.9,23,899.81,36,,8,1,4,2,4,0,4,0,-0.0005696707303178838,-0.013907888736890195,0.0,-0.01446963655007416,0.01446963655007416,0.0,0.016933742470735313,-0.016933742470735313,-0.07357823712113098,0.19,3,可能加速下跌,,23,0,0
597,Glock-18 | Blue Fissure (Factory New),220.99,201.0,48,6,0.125,0.9095,steamdt-live,235.0,28,218.63,55,,11,6,4,2,0,0,0,0,0.0,-0.0009139514691770545,-0.0022796699037979096,-0.0009139514691770545,0.003191537865317229,0.0,0.003191537865317229,0.0028899082568807355,-0.07242257106491301,0.19,1,价格更新稀疏,,23,0,0
598,Five-SeveN | Hyper Beast (Factory New),2648.88,2420.0,41,5,0.122,0.9136,steamdt-live,2848.38,34,2656.98,44,,11,6,4,2,0,0,0,0,0.0,0.002004857049909603,-0.0010165251467160186,0.002004857049909603,2.2650569661775144e-05,0.002004857049909603,0.00023400641630488828,-0.00023400641630488828,-0.052475693773742726,0.37,1,价格更新稀疏,,23,0,0
599,★ Sport Gloves | Omega (Minimal Wear),2882.9,4010.0,438,38,0.0868,1.391,steamdt-live,2908.0,371,2901.2,81,"溢价求购:买一高于卖一,多为定向收特定图案,买一价不可作退出价",7,0,9,5,2,0,0,0,0.00027392510402224346,-0.0004125083628271353,-0.0013850415512465242,-0.0001386962552011317,0.0022145328719723745,0.005909316068176906,0.009041516747940626,0.0335483870967741,-0.05949119373776912,0.37,0,价格更新稀疏,买一异常溢价(不作为可成交退出价),23,0,0
600,AK-47 | Vulcan (Factory New),3643.9,7310.0,877,44,0.0502,2.0061,steamdt-live,3619.5,697,3666.0,174,"溢价求购:买一高于卖一,多为定向收特定图案,买一价不可作退出价",3,0,12,2,2,0,4,0,0.00273972602739736,-0.011065573770491777,0.005786718104160871,-0.008356164383561682,0.011065573770491777,0.00013815971262776117,0.011065573770491777,-0.0009660502346121591,-0.05496083550913833,0.36,3,可能加速下跌,买一异常溢价(不作为可成交退出价),23,0,0
601,P250 | Iron Clad (Factory New),44.49,35.7,278,7,0.0252,0.8024,steamdt-live,44.28,26,45.42,78,,3,3,9,2,0,0,6,0,0.0,0.0,-0.0022532672374944163,0.0,0.0022532672374944163,0.0,0.004496402877697703,0.12300278975399448,-0.19490909090909092,0.37,2,回撤不明显,,23,0,0
602,Galil AR | Hunting Blind (Factory New),39.38,20.1,17,5,0.2941,0.5104,steamdt-live,68.83,16,38.19,14,,17,1,2,2,0,0,0,0,0.0,0.0,0.0,0.0,0.0,0.4324831207801949,0.0,0.0,-0.010365379632029215,0.19,2,反弹较远,,22,0,0
603,P250 | Apep's Curse (Factory New),704.94,572.0,64,7,0.1094,0.8114,steamdt-live,700.0,42,702.58,57,,11,3,4,2,2,0,0,0,0.0,0.0,0.0,0.0,0.0,0.0,0.014084507042253502,0.007194244604316502,-0.17512166955374087,0.29,0,价格更新稀疏,,22,0,0
604,Glock-18 | Brass (Factory New),773.24,604.0,64,4,0.0625,0.7811,steamdt-live,719.5,22,736.83,47,,7,1,4,2,8,0,0,0,0.0,0.0,0.0,0.0,0.0,0.0,0.07446712718198067,-0.07446712718198067,-0.20468237036709513,0.37,0,价格更新稀疏,,22,0,0
605,★ Specialist Gloves | Crimson Kimono (Field-Tested),10877.9,12120.0,869,43,0.0495,1.1142,steamdt-live,10950.0,758,11053.38,175,"溢价求购:买一高于卖一,多为定向收特定图案,买一价不可作退出价",3,0,12,5,2,0,0,0,0.018867924528301883,0.007222222222222241,-0.02573529411764708,0.02622641509433965,0.00018382352941181956,0.02622641509433965,0.010191082802547768,0.018539325842696686,-0.0009184423218221438,0.09,1,价格更新稀疏,买一异常溢价(不作为可成交退出价),22,0,0
606,Five-SeveN | Crimson Blossom (Factory New),574.49,482.0,13,3,0.2308,0.839,steamdt-live,544.5,25,635.7,17,,8,3,2,2,0,0,6,0,0.0,0.0,0.0,0.0,0.0,0.008333333333333304,0.0009174311926605228,-0.0007340796476417166,-0.045071904594879086,0.37,4,回撤不明显,,21,0,0
607,AK-47 | First Class (Factory New),1983.43,1070.0,9,2,0.2222,0.5395,steamdt-live,1399.9,19,1355.86,9,,8,1,2,2,4,0,4,0,0.0,-0.007321394579239415,0.004153770373692245,-0.007321394579239415,0.007321394579239415,0.0,0.024490970573422643,-0.024490970573422643,-0.07987458942968051,0.37,2,回撤不明显,,21,0,0
608,M4A4 | Desert Storm (Factory New),488.0,330.0,16,2,0.125,0.6762,steamdt-live,400.0,12,432.07,8,,8,1,2,2,8,0,0,0,0.0,-0.07422408406045311,0.0,-0.07422408406045311,0.07422408406045311,0.0,0.07422408406045311,-0.019535750177709255,-0.05211023957913696,0.37,1,价格更新稀疏,,21,0,0
609,FAMAS | Macabre (Factory New),63.0,56.0,69,4,0.058,0.8889,steamdt-live,71.65,38,66.06,66,,3,6,4,2,6,0,0,0,-0.003438037193311483,-0.01207464324917673,-0.006983240223463638,-0.015471167369901617,0.022346368715083775,0.0,0.04646586953231413,-0.04790690645307538,-0.24096385542168675,0.2,1,价格更新稀疏,,21,0,0
610,P250 | Facets (Factory New),500.0,0.0,2,0,0.0,,steamdt-live,2499.48,3,203.8,13,缺买一价,3,0,2,2,8,0,6,0,-0.002984198424734519,0.0,-0.004189603936279096,-0.002984198424734519,0.007161299751546779,0.007414730598121588,0.055300607240532096,-0.014935472956643547,-0.13837568173170423,0.37,6,悠悠盘口不足,,21,0,0
611,M4A4 | Radiation Hazard (Factory New),2427.5,1930.0,9,4,0.4444,0.7951,steamdt-live,2399.0,7,2427.95,5,,8,1,2,2,0,0,6,0,0.022155943757989016,0.0,0.0,0.022155943757989016,0.0,0.022155943757989016,0.0,0.013305174234424566,-0.09217507133180447,0.37,2,回撤不明显,,19,0,0
612,M4A4 | Zirka (Factory New),575.0,449.0,9,4,0.4444,0.7809,steamdt-live,575.0,9,566.88,21,,8,1,2,2,2,0,4,0,0.0,-0.013915947676036766,0.0,-0.013915947676036766,0.013915947676036766,0.0,0.013915947676036766,-0.013915947676036766,-0.051405622489959835,0.37,3,可能加速下跌,,19,0,0
613,Desert Eagle | Urban DDPAT (Factory New),147.49,96.0,26,5,0.1923,0.6509,steamdt-live,168.5,16,153.52,36,,14,1,2,2,0,0,0,0,0.0,0.0,0.0,0.0,0.0,0.00620821394460358,0.0,0.09251851851851867,0.10075378759608933,0.37,0,价格更新稀疏,,19,0,0
614,Galil AR | Urban Rubble (Factory New),92.99,75.0,72,4,0.0556,0.8065,steamdt-live,90.0,25,92.59,23,,3,3,4,2,6,0,0,0,0.0,-0.030067895247332777,-0.0010765421466250036,-0.030067895247332777,0.032153995053231466,0.0,0.047518255900095174,-0.047518255900095174,-0.2826398852223816,0.19,3,可能加速下跌,,18,0,0
615,Tec-9 | Rust Leaf (Factory New),87.28,80.0,120,5,0.0417,0.9166,steamdt-live,111.86,25,86.57,43,,3,6,7,2,0,0,0,0,0.0,0.0011564704521798141,-0.0011551345731777296,0.0011564704521798141,0.0,0.082125,0.0,0.018470588235294016,-0.25690987124463527,0.37,1,价格更新稀疏,,18,0,0
616,AWP | BOOM (Factory New),2347.5,2600.0,41,6,0.1463,1.1076,steamdt-live,2399.0,23,2413.69,29,"溢价求购:买一高于卖一,多为定向收特定图案,买一价不可作退出价",11,0,4,2,0,0,0,0,0.0,-0.0006385696040868138,0.00042589437819429143,-0.0006385696040868138,0.0006385696040868138,0.0,0.0006385696040868138,-0.0004258037044921892,-0.051515151515151514,0.32,0,价格更新稀疏,买一异常溢价(不作为可成交退出价),17,0,0
617,P250 | Bone Mask (Factory New),440.0,10.0,1,2,2.0,0.0227,steamdt-live,0.0,0,216.66,1,,8,1,2,2,2,0,0,0,-0.0014479263626021588,0.0,0.0006209251785160852,-0.0014479263626021588,0.0014479263626021588,0.0,0.01358806702084181,-0.003303396304325412,-0.2828492906484439,0.18,1,价格更新稀疏,,15,0,0
618,P250 | Red Rock (Factory New),245.0,131.0,8,3,0.375,0.5347,steamdt-live,245.0,9,260.0,13,,8,1,2,2,2,0,0,0,-0.012096774193548376,0.0,0.0,-0.012096774193548376,0.012096774193548376,0.0,0.012096774193548376,-0.012096774193548376,-0.08188120667041421,0.18,1,价格更新稀疏,,15,0,0
619,Tec-9 | Terrace (Factory New),793.3,640.0,17,4,0.2353,0.8068,steamdt-live,794.8,13,732.6,31,,8,3,2,2,0,0,0,0,0.0,0.0,0.02475870751154008,0.0,0.0,0.02475870751154008,0.0,0.01764133907487153,-0.07441566645609599,0.37,0,价格更新稀疏,,15,0,0
620,Five-SeveN | Neon Kimono (Factory New),3648.9,2710.0,33,4,0.1212,0.7427,steamdt-live,3199.9,26,3199.3,42,,8,1,4,2,0,0,0,0,0.0,0.0,0.0,0.0,0.0,0.0,0.00021874999999993427,-0.0001875058595580681,0.015812033656136038,0.3,0,价格更新稀疏,,15,0,0
621,AK-47 | Wasteland Rebel (Factory New),2351.2,2000.0,21,2,0.0952,0.8506,steamdt-live,2299.9,26,2206.7,33,,7,3,2,2,0,0,0,0,0.05817519647306857,-0.0006792862965311341,0.0,0.05745639256277535,0.0006792862965311341,0.05745639256277535,0.0006792862965311341,0.05745639256277535,-0.07277616706584322,0.35,1,价格更新稀疏,,14,0,0
622,M4A4 | Tornado (Factory New),745.5,650.0,14,1,0.0714,0.8719,steamdt-live,745.0,20,766.0,14,,7,3,2,2,0,0,0,0,0.00013478905512864792,0.0040431266846361336,0.01630136986301367,0.004178460708990528,0.0,0.020547945205479534,0.0,0.009485094850948617,-0.17176209005002774,0.37,1,价格更新稀疏,,14,0,0
623,M4A4 | Modern Hunter (Factory New),4400.0,1300.0,1,4,4.0,0.2955,steamdt-live,4299.5,3,4025.88,8,,8,1,2,2,0,0,0,0,0.0,0.0,0.0,0.0,0.0,0.0,0.0,0.0,-6.706158488878344e-05,0.37,0,价格更新稀疏,,13,0,0
624,AWP | Snake Camo (Factory New),3500.0,670.0,2,3,1.5,0.1914,steamdt-live,2600.0,5,1964.65,23,,8,1,2,2,0,0,0,0,0.0,0.0,0.005465795278330798,0.0,0.0,0.005465795278330798,0.0,0.0206716332616399,-0.24066215234296495,0.37,0,价格更新稀疏,,13,0,0
625,Five-SeveN | Contractor (Factory New),240.0,36.0,3,3,1.0,0.15,steamdt-live,229.0,8,265.35,1,,8,1,2,2,0,0,0,0,0.0,0.0,0.0,0.0,0.0,0.0,0.0,0.0,0.0,0.37,0,价格更新稀疏,,13,0,0
626,AK-47 | Jungle Spray (Factory New),1150.0,650.0,5,4,0.8,0.5652,steamdt-live,999.0,6,1026.54,15,,8,1,2,2,0,0,0,0,0.0,0.0,0.0,0.0,0.0,0.0,0.0,0.0,-0.0876712328767123,0.37,0,价格更新稀疏,,13,0,0
627,AK-47 | Predator (Factory New),666.0,358.0,6,3,0.5,0.5375,steamdt-live,1001.0,5,721.92,9,,8,1,2,2,0,0,0,0,0.0,0.0,0.0,0.0,0.0,0.0,0.0,0.0,0.0,0.37,0,价格更新稀疏,,13,0,0
628,MP9 | Bulldozer (Factory New),7499.5,3710.0,6,3,0.5,0.4947,steamdt-live,6799.0,5,7094.37,6,,8,1,2,2,0,0,0,0,0.0,0.0,0.0,0.0,0.0,0.0,0.0,0.0,0.0,0.37,0,价格更新稀疏,,13,0,0
629,Glock-18 | Groundwater (Factory New),579.0,260.0,5,2,0.4,0.4491,steamdt-live,666.0,7,640.17,3,,8,1,2,2,0,0,0,0,0.0,0.0,0.0,0.0,0.0,0.0,0.0,0.0,-0.24805194805194808,0.37,0,价格更新稀疏,,13,0,0
630,M4A4 | Jungle Tiger (Factory New),665.5,400.0,8,3,0.375,0.6011,steamdt-live,519.5,10,551.53,7,,8,1,2,2,0,0,0,0,0.0,0.0,0.0,0.0,0.0,0.0,0.0009615384615384581,0.0,-0.21938392186326072,0.37,0,价格更新稀疏,,13,0,0
631,Five-SeveN | Fall Hazard (Factory New),1818.49,1000.0,6,2,0.3333,0.5499,steamdt-live,2356.5,8,1709.63,16,,8,1,2,2,0,0,0,0,-0.0003152621930572197,-0.0018863296580078348,-0.00011675014301892883,-0.002200997162640217,0.002393196317979962,0.0,0.0028239192965874294,-0.00031585781718868056,-0.06537645463295139,0.37,1,价格更新稀疏,,13,0,0
632,FAMAS | Spitfire (Factory New),3098.5,680.0,6,2,0.3333,0.2195,steamdt-live,2800.0,3,2498.63,9,,8,1,2,2,0,0,0,0,0.0,-0.0011113731855232345,0.11670089285714269,-0.0011113731855232345,0.0019971002104943736,0.11545982142857159,0.0019971002104943736,0.108039911308204,-0.0820778457412612,0.35,2,回撤不明显,,13,0,0
633,P250 | Nuclear Threat (Factory New),11888.88,680.0,3,1,0.3333,0.0572,steamdt-live,21888.0,1,11888.0,1,,8,1,2,2,0,0,0,0,0.0,0.0,0.0,0.0,0.0,0.0,0.0,0.0,-0.6525516275813791,0.18,0,价格更新稀疏,,13,0,0
634,Galil AR | Shattered (Factory New),499.96,73.0,10,3,0.3,0.146,steamdt-live,399.0,4,5455.16,1,,8,1,2,2,0,0,0,0,0.0,0.0,0.0,0.0,0.0,0.0,0.0,0.002512562814070307,0.0,0.37,0,价格更新稀疏,,13,0,0
635,M4A4 | Faded Zebra (Factory New),408.0,203.0,13,3,0.2308,0.4975,steamdt-live,520.0,10,420.31,9,,8,1,2,2,0,0,0,0,0.0,0.0,0.0,0.0,0.0,0.037244184568450356,0.0,0.0,0.11934156378600824,0.37,2,回撤不明显,,13,0,0
636,USP-S | Business Class (Factory New),656.56,475.0,13,2,0.1538,0.7235,steamdt-live,685.0,13,580.42,21,,8,1,2,2,0,0,0,0,0.02596645042688195,0.0,0.019333333333333425,0.02596645042688195,0.0,0.04580180180180182,0.0,0.10111549552284105,-0.15205259313367425,0.37,1,价格更新稀疏,,13,0,0
637,MP9 | Green Plaid (Factory New),60.99,41.0,13,2,0.1538,0.6722,steamdt-live,70.0,5,74.55,3,,8,1,2,2,0,0,0,0,0.0,0.0,0.0,0.0,0.0,0.0,0.0,0.0,-0.0034313725490195957,0.19,0,价格更新稀疏,,13,0,0
638,Five-SeveN | Nitro (Factory New),438.4,162.0,8,1,0.125,0.3695,steamdt-live,409.5,5,422.45,12,,8,1,2,2,0,0,0,0,0.0,0.0,0.0,0.0,0.0,0.16999999999999993,0.0,0.0,0.007429639834678259,0.37,4,反弹较远,,13,0,0
639,USP-S | Overgrowth (Factory New),570.0,430.0,26,3,0.1154,0.7544,steamdt-live,568.9,16,566.9,29,,8,1,2,2,0,0,0,0,0.0,-0.0035155563367903486,0.0,-0.0035155563367903486,0.0035155563367903486,0.0,0.0035155563367903486,-0.0035155563367903486,0.1372116349047141,0.14,1,价格更新稀疏,,13,0,0
640,FAMAS | Prime Conspiracy (Factory New),565.5,435.0,23,2,0.087,0.7692,steamdt-live,507.5,23,519.3,33,,7,1,2,2,0,0,0,0,0.0,-0.0009842519685039353,0.0009852216748769127,-0.0009842519685039353,0.0009842519685039353,0.0,0.0009842519685039353,0.00019708316909738954,-0.10964912280701755,1.26,1,价格更新稀疏,,12,0,0
641,FAMAS | Contrast Spray (Factory New),0.0,308.0,0,2,,,steamdt-live,810.0,2,761.3,6,缺卖一价,0,0,0,2,0,0,0,0,0.0002624052061193094,-0.00141661638552959,-0.00026233636769068536,-0.0011545829069248281,0.0015082956259427904,0.0,0.0019402711135583228,7.881876937609889e-05,-0.035963023933139326,0.37,1,悠悠盘口不足,,2,0,0
642,P250 | Modern Hunter (Factory New),,,0,0,,,,8000.0,2,2970.0,1,无悠悠数据,0,0,0,2,0,0,0,0,0.0,0.0,0.0,0.0,0.0,0.0,0.0,0.0,0.47920889716758897,0.35,0,悠悠盘口不足,,2,0,0
643,Tec-9 | Nuclear Threat (Factory New),,,0,0,,,,0.0,0,,0,无悠悠数据,0,0,0,2,0,0,0,0,0.0,1.1293801537630097,0.0,1.1293801537630097,0.0,1.1293801537630097,0.0,1.1293801537630097,0.1446814293127907,0.37,3,悠悠盘口不足,,2,0,0
