排名,marketHashName,youpin_sell,youpin_buy,youpin_sell_count,youpin_buy_count,挂买/挂卖,买一/卖一,数据来源,buff_sell,buff_sell_count,c5_sell,c5_sell_count,备注,盘口深度分,盘口紧密度分,流动性分,品质分,回撤位置分,跌速减弱分,低点企稳分,下行跌幅收敛分,前12h涨跌,近12h涨跌,前24h涨跌,近24h涨跌,48h回撤,距48h低点,5日回撤,5日涨跌,30日涨跌,K线时效(小时),24h变价次数,信号状态,报价风险,V2.6总分,建议资金,实际获批
1,★ Hand Wraps | Arboreal (Minimal Wear),387.8,374.0,124,23,0.1855,0.9644,steamdt-live,392.0,86,409.38,100,,14,12,7,5,8,20,6,5,-0.005221932114882533,0.01784776902887142,-0.015424164524421635,0.012532637075717945,0.019469026548672552,0.019185282522996117,0.05414634146341457,-0.05414634146341457,-0.22360808024184664,0.4,9,减速明显,,77,25000,25000
2,AWP | Black Box (Factory New),140.9,126.0,52,19,0.3654,0.8943,steamdt-live,146.0,69,144.31,67,,20,6,4,2,8,17,6,5,-0.007676056338028148,-7.096728408195752e-05,-0.030716723549488067,-0.007746478873239426,0.038225255972696215,0.0,0.07002838096495267,-0.054235467848033236,-0.1562874251497005,0.4,3,减速明显,,68,10000,10000
3,★ Hydra Gloves | Rattler (Field-Tested),162.0,159.0,116,10,0.0862,0.9815,steamdt-live,172.96,124,174.38,205,,7,12,7,5,8,13,6,5,-0.009146341463414642,-0.003076923076923088,-0.03529411764705881,-0.012195121951219523,0.060869565217391286,0.0,0.07954545454545459,-0.059233449477351874,-0.11427009294696555,0.32,14,减速明显,,63,10000,10000
4,Galil AR | Crimson Tsunami (Factory New),39.48,38.8,701,25,0.0357,0.9828,steamdt-live,38.53,277,39.99,208,,3,12,12,2,8,16,6,0,-0.024421593830334043,0.01528326745718056,-0.02506265664160401,-0.009511568123393266,0.03190954773869337,0.01662269129287597,0.07156626506024089,-0.07044632086851632,-0.23702970297029702,0.38,8,减速明显,,59,0,0
5,Five-SeveN | Fowl Play (Factory New),399.0,361.0,153,24,0.1569,0.9048,steamdt-live,402.86,47,398.32,37,,14,6,7,2,10,12,6,0,-0.012837670384138855,0.0,-0.01585365853658538,-0.012837670384138855,0.028487804878048806,0.027922580645161288,0.17275181723779853,-0.17360995850622407,-0.051619047619047675,0.33,8,减速明显,,57,0,0
6,★ Driver Gloves | Overtake (Field-Tested),256.99,239.0,233,13,0.0558,0.93,steamdt-live,260.0,211,267.68,124,,3,6,7,5,6,14,6,5,-0.019230769230769273,0.007803921568627414,-0.018793871235564974,-0.01157692307692304,0.030153219110876317,0.009783889980353733,0.030153219110876317,-0.013398341523341517,-0.058644688644688636,0.4,4,减速明显,,52,0,0
7,AWP | Containment Breach (Factory New),2186.0,2120.0,146,24,0.1644,0.9698,steamdt-live,2231.97,63,2209.98,86,,14,12,7,2,10,20,2,5,-0.005070003255965405,0.021972884525479186,-0.02255057967719931,0.016791478673426674,0.020609318996415715,0.04120028578232904,0.10775510204081629,-0.10775510204081629,-0.25848032564450474,0.36,7,左侧观察,,72,10000,10000
8,★ Bloodhound Gloves | Bronzed (Field-Tested),1275.66,1210.0,235,61,0.2596,0.9485,steamdt-live,1398.5,16,1288.95,55,,17,9,7,5,4,20,2,5,-0.012187090951958912,0.04992592592592593,-0.015614245698279294,0.03713038317384698,0.0183455175067333,0.06349312213422276,0.0183455175067333,0.07378787878787896,-0.1716493506493506,0.17,6,左侧观察,,69,10000,10000
9,AK-47 | X-Ray (Factory New),11082.5,11560.0,153,36,0.2353,1.0431,steamdt-live,10999.5,68,10999.5,51,,17,15,7,2,10,10,3,5,0.013778801843318034,0.0,-0.0628705871785149,0.013778801843318034,0.04995806669770275,0.07838235294117646,0.08333680570023749,-0.08337499999999998,-0.24141379310344824,0.39,5,左侧观察,,69,10000,10000
10,M4A1-S | Decimator (Factory New),226.5,225.0,1147,60,0.0523,0.9934,steamdt-live,233.0,341,229.04,429,,3,15,15,2,10,19,0,5,-0.013157894736842146,0.006666666666666599,-0.06557377049180324,-0.006578947368421018,0.07551020408163267,0.03899082568807333,0.1354961832061069,-0.12884615384615383,-0.24650698602794419,0.38,11,左侧观察,,69,10000,10000
11,★ Driver Gloves | Rezan the Red (Minimal Wear),755.0,760.0,146,15,0.1027,1.0066,steamdt-live,770.0,84,758.16,96,,11,15,7,5,6,16,4,3,-0.005266622778143493,-0.0006618133686300265,-0.0262820512820513,-0.005924950625411429,0.03205128205128205,0.008131818242512523,0.0431531588619225,-0.03205128205128205,-0.12412993039443154,0.35,14,左侧观察,,67,10000,10000
12,★ Hand Wraps | Badlands (Field-Tested),2516.0,2460.0,313,77,0.246,0.9777,steamdt-live,2600.0,27,2562.57,58,,17,12,9,5,4,10,4,3,0.008163265306122547,0.018623481781376627,-0.01783924634195233,0.026938775510204183,0.018556154113209322,0.03881090008257648,0.018556154113209322,0.006802721088435382,-0.0646840148698885,0.4,14,左侧观察,,64,10000,10000
13,M4A4 | Desolate Space (Factory New),399.0,395.0,638,47,0.0737,0.99,steamdt-live,414.5,195,405.4,192,,7,12,12,2,10,10,6,5,0.03125,-0.032727272727272716,-0.06432748538011701,-0.0024999999999999467,0.06666666666666665,0.0012547051442910462,0.12616894067147022,-0.12882096069868998,-0.2339886346183382,0.26,15,左侧观察,,64,10000,10000
14,★ Driver Gloves | Garden (Minimal Wear),2428.0,2400.0,50,12,0.24,0.9885,steamdt-live,2437.5,59,2519.5,45,,17,12,4,5,10,8,6,0,-0.002050861361771905,-0.002055076037813408,-0.024800000000000044,-0.004101722723543921,0.028800000000000048,0.03319148936170202,0.09639002605135838,-0.09639002605135838,-0.18386554621848739,0.4,7,左侧观察,,62,10000,10000
15,Desert Eagle | Heirloom (Factory New),585.0,556.0,107,21,0.1963,0.9504,steamdt-live,565.29,42,562.13,46,,14,9,7,2,10,9,6,5,0.008476521800554693,-0.01565482340168467,-0.10115873015873023,-0.007311000052978245,0.09333870967741931,0.024196046278582406,0.1588657788418375,-0.1588657788418375,-0.09040453074433663,0.39,10,左侧观察,,62,10000,10000
16,★ Hand Wraps | Giraffe (Minimal Wear),384.0,398.0,207,13,0.0628,1.0365,steamdt-live,398.0,112,405.38,76,,7,15,7,5,8,9,6,5,-0.0013003901170350884,0.0,-0.020382165605095537,-0.0013003901170350884,0.021656050955414008,0.0026109660574411553,0.07021791767554475,-0.07021791767554475,-0.19999999999999996,0.4,7,左侧观察,,62,10000,10000
17,★ Moto Gloves | Boom! (Field-Tested),2858.5,2810.0,232,63,0.2716,0.983,steamdt-live,2899.5,31,2937.9,49,,17,12,7,5,6,10,4,0,-0.007393598311642657,0.013472809871083458,0.02321396436926393,0.005979599015124792,0.03541315345699836,0.033965401926935535,0.03541315345699836,0.05574012550756735,-0.17077413743113945,0.4,21,左侧观察,,61,10000,10000
18,★ Hand Wraps | Slaughter (Field-Tested),2827.5,2780.0,277,64,0.231,0.9832,steamdt-live,2899.0,41,2847.74,73,,17,12,9,5,4,10,4,0,-0.017269004806836352,0.02463768115942022,0.013891596450567256,0.006943208118212585,0.018055555555555602,0.030236794171220494,0.02145328719723183,0.006405693950177982,-0.17511339273994775,0.4,16,左侧观察,,61,10000,10000
19,★ Sport Gloves | Blaze (Field-Tested),684.5,701.0,101,17,0.1683,1.0241,steamdt-live,695.0,116,726.33,41,,14,15,7,5,6,5,4,5,-0.0036258158085569203,-0.00363901018922852,-0.013590844062947083,-0.007251631617113841,0.0207439198855508,0.006617647058823506,0.0493055555555556,-0.03591549295774643,-0.1416927899686521,0.15,14,左侧观察,,61,10000,10000
20,Desert Eagle | Ocean Drive (Factory New),1358.5,1310.0,227,34,0.1498,0.9643,steamdt-live,1538.4,52,1393.14,73,,11,12,7,2,8,9,6,5,-0.014485612214581223,-0.0011029411764705843,-0.005412612612612611,-0.015572576612874034,0.02521454608076701,0.006296296296296244,0.06952054794520546,-0.06952054794520546,-0.24527777777777782,0.4,2,左侧观察,,60,10000,10000
21,★ Hand Wraps | Desert Shamagh (Minimal Wear),369.5,361.0,147,19,0.1293,0.977,steamdt-live,388.46,69,372.3,86,,11,12,7,5,4,10,6,5,-0.008053691275167751,0.0013531799729364913,0.0013440860215054862,-0.006711409395973145,0.012016021361815787,0.022099447513812098,0.018567639257294433,-0.018567639257294433,-0.16760404949381325,0.14,8,左侧观察,,60,10000,10000
22,★ Hand Wraps | Badlands (Minimal Wear),2558.0,2480.0,146,38,0.2603,0.9695,steamdt-live,2767.0,20,2606.13,39,,17,12,7,5,6,10,2,0,0.010578544812708257,-0.007168723097881857,-0.02597898758357209,0.0033339870562856255,0.022731614135625633,0.019745103589040358,0.03106060606060601,-0.00214550419348547,-0.10871080139372824,0.4,7,左侧观察,,59,0,0
23,★ Sport Gloves | Blaze (Minimal Wear),1447.0,1540.0,37,16,0.4324,1.0643,steamdt-live,1420.0,42,1445.4,26,"溢价求购:买一高于卖一,多为定向收特定图案,买一价不可作退出价",20,0,4,5,8,10,6,5,0.0,0.0,-0.05270180120080048,0.0,0.05270180120080048,0.014285714285714235,0.05270180120080048,-0.04054054054054057,-0.13361805979255648,0.4,4,左侧观察,买一异常溢价(不作为可成交退出价),58,0,0
24,★ Hand Wraps | CAUTION! (Minimal Wear),1030.0,1050.0,261,23,0.0881,1.0194,steamdt-live,1048.0,178,1064.0,81,,7,15,9,5,10,6,6,0,0.0,-0.018580276322058165,-0.04676700060854322,-0.018580276322058165,0.06447833313654072,0.00048567265662935455,0.08646639881506712,-0.0803571428571429,-0.17002417405318293,0.33,9,左侧观察,,58,0,0
25,AK-47 | Asiimov (Factory New),1878.5,1850.0,237,81,0.3418,0.9848,steamdt-live,1900.0,81,1850.0,87,,20,12,7,2,6,10,0,0,-0.0250277998830033,0.0,0.03349128540305002,-0.0250277998830033,0.0260594893392998,0.04020241776778177,0.03197618138150071,-0.02605436196031563,-0.1885964912280702,0.39,17,左侧观察,,57,0,0
26,★ Moto Gloves | Boom! (Minimal Wear),2987.88,2880.0,155,29,0.1871,0.9639,steamdt-live,3239.5,25,3059.5,34,,14,12,7,5,4,8,4,3,-0.019607843137254943,-0.0040399999999999325,0.06993006993007,-0.023568627450980317,0.023568627450980317,0.04471328671328667,0.023568627450980317,-0.02277023712183157,-0.14863085909673734,0.38,5,左侧观察,,57,0,0
27,M4A1-S | Chantico's Fire (Factory New),1522.5,1500.0,268,48,0.1791,0.9852,steamdt-live,1550.0,69,1535.65,82,,14,12,9,2,8,10,2,0,0.018051906695326858,-0.007839533928955422,-0.03869897959183677,0.010070854231351012,0.029327382849856587,0.027327935222672073,0.061922365988909434,-0.061922365988909434,-0.12222542519458057,0.36,8,左侧观察,,57,0,0
28,★ Driver Gloves | Diamondback (Field-Tested),2477.0,2350.0,300,49,0.1633,0.9487,steamdt-live,2686.5,17,2436.4,37,,14,9,9,5,4,10,6,0,-0.009539610120282038,0.020268006700167485,0.025957446808510642,0.010535047698050581,0.016589303733602345,0.04454448017148982,0.025829668132746897,-0.012803889789303025,-0.21910256410256412,0.39,8,左侧观察,,57,0,0
29,USP-S | Target Acquired (Factory New),1924.0,1860.0,153,22,0.1438,0.9667,steamdt-live,2099.5,52,2081.7,40,,11,12,7,2,10,10,2,3,0.036125654450261724,-0.027791814047498753,-0.054455445544554504,0.00732984293193728,0.07898516036381042,0.03440860215053765,0.1051162790697674,-0.1051162790697674,-0.22010539116335626,0.4,13,左侧观察,,57,0,0
30,MP9 | Hot Rod (Factory New),1196.0,1160.0,258,29,0.1124,0.9699,steamdt-live,1199.0,128,1240.0,128,,11,12,9,2,8,9,6,0,-0.033440773569701876,-0.002917882451021314,-0.006802721088435382,-0.03626107977437554,0.04089815557337606,0.0016750418760469454,0.07999292302248484,-0.06562500000000004,-0.1140740740740741,0.29,7,左侧观察,,57,0,0
31,M4A1-S | Leaded Glass (Factory New),245.99,240.0,1061,65,0.0613,0.9756,steamdt-live,244.41,213,249.1,231,,7,12,15,2,6,10,0,5,-0.036212597790144296,0.02263598326359828,0.00197987797486765,-0.014396322284055185,0.014396322284055185,0.11095454545454553,0.041529411764705926,-0.04340508806262233,-0.21913738019169327,0.34,13,左侧观察,,57,0,0
32,USP-S | Spiral Glitch (Factory New),454.5,425.0,34,19,0.5588,0.9351,steamdt-live,476.0,50,473.46,68,,20,9,4,2,8,9,4,0,-0.009793253536452662,-0.001098901098901095,-0.004333694474539573,-0.01088139281828071,0.015167930660888396,2.2002684327393496e-05,0.07244897959183672,-0.07244897959183672,-0.18181818181818177,0.4,7,左侧观察,,56,0,0
33,Glock-18 | Gold Toof (Factory New),750.0,723.0,493,60,0.1217,0.964,steamdt-live,782.6,105,775.0,156,,11,12,9,2,8,10,4,0,-0.055766793409378956,0.006711409395973256,0.07732430328932094,-0.049429657794676785,0.05422446406052961,0.02436625874125875,0.05422446406052961,-0.040307101727447225,-0.24992499249924993,0.16,12,左侧观察,,56,0,0
34,Glock-18 | Twilight Galaxy (Factory New),2639.5,2550.0,268,29,0.1082,0.9661,steamdt-live,2791.23,76,2670.0,89,,11,12,9,2,10,8,4,0,-0.037633435860322084,-0.007520210565895802,0.008576642335766493,-0.04487063506423017,0.05292429135270904,0.00018946570670719254,0.10343070652173914,-0.10343070652173914,-0.2360347322720695,0.4,3,左侧观察,,56,0,0
35,Glock-18 | Nuclear Garden (Factory New),249.38,248.0,2268,150,0.0661,0.9945,steamdt-live,255.99,248,249.88,233,,7,15,15,2,4,10,0,3,-0.01666666666666672,0.058813559322033804,0.0,0.041166666666666574,0.027666446165220515,0.10127809607756721,0.027666446165220515,0.08643478260869553,-0.2527511961722487,0.17,16,左侧观察,,56,0,0
36,AWP | Sun in Leo (Factory New),405.0,402.0,1128,61,0.0541,0.9926,steamdt-live,401.49,477,402.7,341,,3,15,15,2,6,10,2,3,-0.03874092009685226,0.011309823677581932,0.044062997699522155,-0.027869249394673057,0.044025905995523584,0.03567559201362025,0.044025905995523584,-0.03040475270479126,-0.2537360594795539,0.4,14,左侧观察,,56,0,0
37,Glock-18 | Fully Tuned (Factory New),1018.0,1900.0,56,33,0.5893,1.8664,steamdt-live,1033.98,48,1070.0,17,"溢价求购:买一高于卖一,多为定向收特定图案,买一价不可作退出价",20,0,4,2,8,10,6,5,0.05745359357633295,0.0,-0.042499651886773626,0.05745359357633295,0.010680375902584083,0.058003097101404055,0.05302325581395351,-0.01737451737451734,-0.05914972273567465,0.4,8,左侧观察,买一异常溢价(不作为可成交退出价),55,0,0
38,★ Bloodhound Gloves | Bronzed (Minimal Wear),1253.49,1230.0,139,27,0.1942,0.9813,steamdt-live,1543.89,18,1322.27,37,,14,12,7,5,6,5,6,0,0.0,-0.004376489277204132,-0.008270972823946399,-0.004376489277204132,0.01994526974198596,0.02787207872078712,0.03503464203233253,-0.034291217257318984,-0.1912967741935484,0.4,7,左侧观察,,55,0,0
39,M4A4 | Royal Paladin (Factory New),1208.83,1150.0,301,51,0.1694,0.9513,steamdt-live,1180.0,86,1214.87,61,,14,9,9,2,8,7,6,0,-0.025822269965313338,-0.006734006734006703,-0.019300517093020497,-0.03238238935948634,0.051057909593161144,0.02164502164502169,0.07632093933463802,-0.07632093933463802,-0.17597765363128492,0.32,12,左侧观察,,55,0,0
40,USP-S | Orange Anolis (Factory New),452.0,445.0,274,38,0.1387,0.9845,steamdt-live,492.4,54,462.0,54,,11,12,9,2,8,6,2,5,0.0,-0.017391304347826098,-0.039665970772442605,-0.017391304347826098,0.07543773523154962,0.005561735261401468,0.07543773523154962,-0.017391304347826098,-0.2152777777777778,0.36,14,左侧观察,,55,0,0
41,M4A4 | Temukau (Factory New),514.0,513.0,744,46,0.0618,0.9981,steamdt-live,518.49,648,515.36,330,,7,15,12,2,10,4,0,5,-0.0009433962264151496,-0.028328611898016942,-0.07906168549087744,-0.029245283018867974,0.10599478714161603,0.00981354268891077,0.14733178654292345,-0.1439267886855241,-0.24504768892149675,0.13,15,左侧观察,,55,0,0
42,M4A1-S | Liquidation (Factory New),55.4,51.0,1250,23,0.0184,0.9206,steamdt-live,58.1,565,57.94,266,,3,6,15,2,8,10,6,5,0.016393442622950838,-0.007168458781361964,-0.0368421052631579,0.00910746812386165,0.0446628729091223,0.025925925925925908,0.06576728499156825,-0.05942275042444822,-0.13774319066147866,0.34,11,左侧观察,,55,0,0
43,Desert Eagle | Code Red (Factory New),1044.0,1030.0,266,51,0.1917,0.9866,steamdt-live,1074.0,70,1050.0,111,,14,12,9,2,6,7,4,0,-0.01640112464854737,-0.005240590757503605,0.0007409422158861645,-0.021555763823805085,0.03955841766329349,0.015070491006319964,0.03955841766329349,-0.019718309859154903,-0.04088194763435926,0.4,11,左侧观察,,54,0,0
44,Glock-18 | Ifrit Lattice (Factory New),68.6,64.0,71,12,0.169,0.9329,steamdt-live,66.6,102,67.25,108,,14,9,4,2,8,10,4,3,-0.020588235294117685,0.0,-0.01449275362318836,-0.020588235294117685,0.034782608695652306,0.009090909090909038,0.07871074837460246,-0.06696553656486415,-0.19272727272727275,1.4,6,左侧观察,,54,0,0
45,AWP | Dragon Lore (Factory New),70000.0,70640.0,129,11,0.0853,1.0091,steamdt-live,71886.0,157,74496.0,25,,7,15,7,5,8,5,4,3,0.0,-0.014084507042253502,-0.025902754911645287,-0.014084507042253502,0.026263075895837984,0.0,0.054034879085386844,-0.054034879085386844,-0.06040268456375841,0.39,2,左侧观察,,54,0,0
46,AWP | Exothermic (Factory New),44.0,41.3,398,16,0.0402,0.9386,steamdt-live,43.79,291,46.25,455,,3,9,9,2,10,10,6,5,0.006174251086210836,-0.004772727272727262,-0.02822222222222226,0.0013720557969358893,0.03758241758241765,0.01837209302325582,0.09989722507708121,-0.10192780968006565,-0.28738812042310824,0.35,8,左侧观察,,54,0,0
47,M4A1-S | Black Lotus (Factory New),66.0,62.0,1510,27,0.0179,0.9394,steamdt-live,67.69,1093,68.88,534,,3,9,15,2,8,10,4,3,0.003497035122396186,0.0,-0.0468115942028986,0.003497035122396186,0.04347826086956519,0.023255813953488413,0.06766492442435379,-0.06766492442435379,-0.19512195121951215,0.4,15,左侧观察,,54,0,0
48,AWP | Queen's Gambit (Factory New),1165.0,2230.0,99,32,0.3232,1.9142,steamdt-live,1169.98,125,1220.0,56,"溢价求购:买一高于卖一,多为定向收特定图案,买一价不可作退出价",20,0,4,2,10,8,4,5,-0.004237288135593209,-0.008510638297872353,-0.07414672420557078,-0.012711864406779627,0.08591604550804233,0.004310344827586299,0.12340105342362684,-0.1230711328566052,-0.1360771227289581,0.4,7,左侧观察,买一异常溢价(不作为可成交退出价),53,0,0
49,★ Driver Gloves | Convoy (Minimal Wear),3032.0,2810.0,118,37,0.3136,0.9268,steamdt-live,3187.0,30,3105.16,23,,20,6,7,5,4,10,1,0,-0.02677376171352075,0.04264099037138935,0.03070024146257322,0.014725568942436373,0.02161987737979998,0.06385964912280695,0.02161987737979998,0.02779661016949153,-0.11988388969521047,0.4,11,左侧观察,,53,0,0
50,★ Driver Gloves | Wave Chaser (Field-Tested),948.0,1900.0,78,18,0.2308,2.0042,steamdt-live,938.5,85,989.01,70,"溢价求购:买一高于卖一,多为定向收特定图案,买一价不可作退出价",17,0,4,5,8,12,4,3,-0.010526315789473717,-0.0015957446808511078,-0.02011346054667351,-0.01210526315789473,0.03247422680412371,0.0037433155080213165,0.05583501006036218,-0.05583501006036218,-0.07033184744923227,0.15,5,左侧观察,买一异常溢价(不作为可成交退出价),53,0,0
51,FAMAS | Bad Trip (Factory New),499.0,456.0,117,25,0.2137,0.9138,steamdt-live,500.0,54,512.0,62,,17,6,7,2,2,10,6,3,0.029841917389087147,-0.011646331801616228,-0.01401793974498211,0.017848036715961246,0.011646331801616228,0.022855385876806356,0.011646331801616228,0.007063572149344166,0.01836734693877551,0.16,6,左侧观察,,53,0,0
52,AK-47 | Neon Rider (Factory New),1340.0,1310.0,464,85,0.1832,0.9776,steamdt-live,1325.0,195,1353.74,112,,14,12,9,2,4,10,2,0,-0.00037792894935750887,0.001890359168241984,-0.014157973174366623,0.0015117157974300355,0.01851851851851849,0.029526029526029562,0.02564932199899994,-0.02564932199899994,-0.11371237458193983,0.4,10,左侧观察,,53,0,0
53,★ Moto Gloves | Spearmint (Field-Tested),10500.0,11650.0,410,73,0.178,1.1095,steamdt-live,10600.0,187,10329.01,94,"溢价求购:买一高于卖一,多为定向收特定图案,买一价不可作退出价",14,0,9,5,8,10,2,5,-0.0025582309582310447,0.01773973122395689,-0.030952380952380953,0.015136117936118021,0.016284761904761913,0.03814362530780446,0.06095640710941408,-0.059245867298146515,-0.22594349520383694,0.4,6,左侧观察,买一异常溢价(不作为可成交退出价),53,0,0
54,Tec-9 | Orange Murano (Factory New),79.44,73.0,95,10,0.1053,0.9189,steamdt-live,89.5,21,84.06,27,,11,6,4,2,10,9,6,5,-0.0013789645230036784,-0.002761737383881524,-0.04899856938483549,-0.004136893569010924,0.05293276108726752,0.0,0.13642787259484723,-0.13642787259484723,-0.21718565234528975,0.4,3,左侧观察,,53,0,0
55,★ Hydra Gloves | Mangrove (Field-Tested),164.0,161.0,116,9,0.0776,0.9817,steamdt-live,176.96,115,168.47,270,,7,12,7,5,8,5,4,5,-0.0024712193357844248,-0.009063444108761365,-0.022275914903647887,-0.01151226568621544,0.03353173433908896,0.006134969325153339,0.05366416618580505,-0.04817179338363331,-0.09477286526466844,0.32,7,左侧观察,,53,0,0
56,Tec-9 | Re-Entry (Factory New),37.8,37.6,821,21,0.0256,0.9947,steamdt-live,38.81,189,36.64,242,,3,15,12,2,10,9,2,0,0.0,-0.004077194889915647,-0.03311432325886987,-0.004077194889915647,0.037056504599211504,0.04685714285714293,0.10305997552019586,-0.10305997552019586,-0.24918032786885236,0.4,6,左侧观察,,53,0,0
57,Tec-9 | Decimator (Factory New),584.5,570.0,215,47,0.2186,0.9752,steamdt-live,648.0,60,597.49,50,,17,12,7,2,10,4,0,0,-0.03403565640194495,-0.019295302013422777,-0.029263687853996245,-0.05267423014586714,0.08039647577092512,0.021871011730974388,0.1615864591551316,-0.1615864591551316,-0.11972891566265065,0.4,9,左侧观察,,52,0,0
58,AK-47 | Cartel (Factory New),266.5,260.0,857,58,0.0677,0.9756,steamdt-live,270.0,294,264.8,241,,7,12,12,2,10,7,2,0,-0.03429602888086647,-0.010093457943925244,0.026153960139290167,-0.04404332129963895,0.04404332129963895,0.010687022900763399,0.11733333333333329,-0.11733333333333329,-0.2685082872928176,0.39,12,左侧观察,,52,0,0
59,★ Sport Gloves | Superconductor (Field-Tested),9950.0,11630.0,453,64,0.1413,1.1688,steamdt-live,9998.0,289,9994.25,101,"溢价求购:买一高于卖一,多为定向收特定图案,买一价不可作退出价",11,0,9,5,8,18,0,0,-0.014014014014014031,0.010101522842639543,-0.020540222559929378,-0.004054054054054013,0.024511005441443245,0.031036269430051888,0.0776825028968714,-0.0776825028968714,-0.187795918367347,0.4,15,左侧观察,买一异常溢价(不作为可成交退出价),51,0,0
60,M4A4 | 龍王 (Dragon King) (Factory New),298.5,298.0,786,59,0.0751,0.9983,steamdt-live,298.0,198,301.0,207,,7,15,12,2,10,5,0,0,0.011202635914332681,-0.027370478983382185,-0.03433135002704513,-0.016474464579901205,0.05024022399694561,0.03826086956521735,0.10467906418716255,-0.10467906418716255,-0.22768434670116433,0.22,17,左侧观察,,51,0,0
61,Tec-9 | Sultan (Factory New),35.5,31.6,152,25,0.1645,0.8901,steamdt-live,33.99,129,34.17,113,,14,6,7,2,8,10,3,0,-0.07783222830786973,0.0625195373554237,-0.008857142857142897,-0.020178725857595725,0.028857142857142803,0.06551724137931036,0.07029540481400443,-0.028857142857142803,-0.24044692737430162,0.14,4,左侧观察,,50,0,0
62,M4A4 | Cyber Security (Factory New),733.48,715.0,409,53,0.1296,0.9748,steamdt-live,738.5,77,737.15,117,,11,12,9,2,10,6,0,0,-0.0270141992643278,-0.010840108401083959,0.006649147953495804,-0.037561470817017995,0.046487023080238776,0.04509663564781685,0.09809735606622183,-0.09932140653917332,-0.25074412398645174,0.17,15,左侧观察,,50,0,0
63,★ Sport Gloves | Pandora's Box (Field-Tested),18650.0,23510.0,458,52,0.1135,1.2606,steamdt-live,18800.0,392,18999.5,91,"溢价求购:买一高于卖一,多为定向收特定图案,买一价不可作退出价",11,0,9,5,10,8,2,5,0.0,-0.012600592969080893,-0.055529164687351584,-0.012600592969080893,0.06281407035175879,0.010867503184368132,0.12441314553990612,-0.12028301886792447,-0.1711111111111111,0.3,7,左侧观察,买一异常溢价(不作为可成交退出价),50,0,0
64,M4A1-S | Hot Rod (Factory New),7549.0,7350.0,329,36,0.1094,0.9736,steamdt-live,7850.0,174,7790.0,118,,11,12,9,2,8,8,0,0,-0.028069605562511035,-0.006646052631579025,-0.013500283857944884,-0.03452910611817395,0.04756323724216238,0.027141496598639403,0.07572355533790409,-0.07572355533790409,-0.18818148971770465,0.4,13,左侧观察,,50,0,0
65,Tec-9 | Bamboo Forest (Factory New),188.8,184.0,1376,101,0.0734,0.9746,steamdt-live,186.0,299,184.37,217,,7,12,15,2,4,10,0,0,-0.013586956521739135,0.01581267217630855,0.005959214914438737,0.0020108695652174546,0.02671171408963735,0.053542857142857114,0.02671171408963735,0.0020108695652174546,-0.17875278396436522,0.4,16,左侧观察,,50,0,0
66,★ Specialist Gloves | Crimson Web (Field-Tested),710.5,1050.0,597,26,0.0436,1.4778,steamdt-live,712.0,527,714.5,238,"溢价求购:买一高于卖一,多为定向收特定图案,买一价不可作退出价",3,0,12,5,6,17,4,3,-0.007002801120448154,0.0014104372355430161,-0.017746595130004095,-0.0056022408963585235,0.023249415325354184,0.0014104372355430161,0.04054054054054057,-0.026063100137174167,-0.13834951456310685,0.4,12,左侧观察,买一异常溢价(不作为可成交退出价),50,0,0
67,AK-47 | Midnight Laminate (Factory New),72.67,67.0,1619,30,0.0185,0.922,steamdt-live,73.88,1065,75.0,761,,3,6,15,2,10,8,6,0,0.004349599021340245,-0.015157666802003034,-0.052909371781668546,-0.0108739975533505,0.059454568954375175,0.012663512385193476,0.10049443757725596,-0.06705128205128208,-0.19144444444444453,0.22,17,左侧观察,,50,0,0
68,★ Driver Gloves | Hand Sweaters (Minimal Wear),1389.5,1800.0,40,19,0.475,1.2954,steamdt-live,1399.0,39,1449.0,39,"溢价求购:买一高于卖一,多为定向收特定图案,买一价不可作退出价",20,0,4,5,4,10,6,0,-0.010676156583629859,-0.0003597122302158029,-0.0035460992907800915,-0.011032028469750932,0.018014261584887503,0.0,0.027981811822315517,-0.028321678321678312,-0.15762352227947862,0.24,8,左侧观察,买一异常溢价(不作为可成交退出价),49,0,0
69,★ Driver Gloves | Crimson Weave (Minimal Wear),6950.0,6610.0,151,23,0.1523,0.9511,steamdt-live,7099.0,25,7450.38,21,,14,9,7,5,4,10,0,0,-0.013887894623809904,0.00907441016333932,0.02713235294117644,-0.004939508912592205,0.019469525959367906,0.042682469432150594,0.027972027972028024,-0.027972027972028024,-0.22597171177191222,0.4,5,左侧观察,,49,0,0
70,Glock-18 | Off World (Factory New),39.65,38.3,730,36,0.0493,0.966,steamdt-live,38.84,254,38.96,129,,3,12,12,2,8,8,4,0,-0.026879044300647026,-0.006649616368286426,0.040932642487046644,-0.03334992533598791,0.03574975173783512,0.018887722980063026,0.05728155339805818,-0.028999999999999915,-0.1382294209008209,0.4,14,左侧观察,,49,0,0
71,USP-S | Sleeping Potion (Factory New),44.9,42.0,244,11,0.0451,0.9354,steamdt-live,40.74,207,46.0,148,,3,9,7,2,10,11,4,3,-0.03764705882352948,-0.0031784841075793713,-0.06552330694810904,-0.04070588235294115,0.1013885827639408,0.0044345898004434225,0.18132530120481916,-0.18132530120481916,-0.15115552779512798,0.15,12,左侧观察,,49,0,0
72,★ Specialist Gloves | Cloud Chaser (Field-Tested),2498.0,3320.0,167,20,0.1198,1.3291,steamdt-live,2477.99,168,2580.0,61,"溢价求购:买一高于卖一,多为定向收特定图案,买一价不可作退出价",11,0,7,5,10,8,4,3,0.028201640328065603,-0.03599235794691813,-0.045992366412213714,-0.008805761152230529,0.05439312977099242,0.0,0.0822377560205817,-0.0822377560205817,-0.14862886597938152,0.4,8,左侧观察,买一异常溢价(不作为可成交退出价),48,0,0
73,★ Specialist Gloves | Sunburst (Field-Tested),948.3,1210.0,171,15,0.0877,1.276,steamdt-live,934.5,207,980.0,71,"溢价求购:买一高于卖一,多为定向收特定图案,买一价不可作退出价",7,0,7,5,10,10,4,5,-0.017774294670846347,-0.005308567112416118,-0.037697714406379146,-0.02298850574712641,0.059819606029220984,0.0005350454788657366,0.08602150537634412,-0.08602150537634412,-0.12247770999530738,0.4,10,左侧观察,买一异常溢价(不作为可成交退出价),48,0,0
74,Galil AR | Rocket Pop (Factory New),49.6,45.2,604,18,0.0298,0.9113,steamdt-live,50.26,261,52.37,236,,3,6,12,2,10,9,6,0,0.032128514056224855,-0.035019455252918275,-0.05628197839681648,-0.004016064257028051,0.060250094732853365,0.014729950900163713,0.08148148148148149,-0.07960660604935976,-0.2682207140749484,0.27,10,左侧观察,,48,0,0
75,★ Moto Gloves | Spearmint (Minimal Wear),15470.0,18010.0,185,23,0.1243,1.1642,steamdt-live,15499.5,164,15400.0,46,"溢价求购:买一高于卖一,多为定向收特定图案,买一价不可作退出价",11,0,7,5,10,10,4,0,0.013086540022730908,-0.012757228027437617,-0.01920504490731889,0.00016236402013314333,0.019045799095483762,0.013157894736842035,0.10776361529548084,-0.10776361529548084,-0.2102564102564103,0.4,7,左侧观察,买一异常溢价(不作为可成交退出价),47,0,0
76,★ Specialist Gloves | Chocolate Chesterfield (Field-Tested),490.0,610.0,120,12,0.1,1.2449,steamdt-live,498.0,106,500.0,45,"溢价求购:买一高于卖一,多为定向收特定图案,买一价不可作退出价",11,0,7,5,8,10,6,0,0.018404907975460016,-0.016064257028112428,-0.03740157480314965,0.002044989775051187,0.039215686274509776,0.004098360655737654,0.06666666666666665,-0.06666666666666665,-0.11151405258386216,0.4,10,左侧观察,买一异常溢价(不作为可成交退出价),47,0,0
77,★ Sport Gloves | Creme Pinstripe (Field-Tested),494.5,655.0,118,18,0.1525,1.3246,steamdt-live,501.0,121,507.66,49,"溢价求购:买一高于卖一,多为定向收特定图案,买一价不可作退出价",14,0,7,5,8,7,2,3,0.030000000000000027,-0.03980582524271847,-0.038461538461538436,-0.01100000000000001,0.05809523809523809,0.011247443762781195,0.06698113207547174,-0.06698113207547174,-0.12151359033576115,0.4,10,左侧观察,买一异常溢价(不作为可成交退出价),46,0,0
78,Desert Eagle | Sunset Storm 弐 (Factory New),2899.0,2670.0,46,4,0.087,0.921,steamdt-live,3088.0,33,3077.63,43,,7,6,4,2,8,10,6,3,0.017722407439901833,-0.00034482758620690834,-0.013331024930747892,0.01737146867871564,0.015118056735179186,0.01737146867871564,0.06317660365164002,-0.04481054365733117,-0.07473014292371227,0.4,5,左侧观察,,46,0,0
79,M4A4 | The Battlestar (Factory New),475.0,447.0,691,49,0.0709,0.9411,steamdt-live,468.0,95,472.0,181,,7,9,12,2,8,8,0,0,-0.012631578947368438,-0.002132196162046962,0.014957264957264904,-0.01473684210526316,0.023086878470337746,0.045810055865921795,0.0691938980488872,-0.0691938980488872,-0.26293408929837003,0.36,9,左侧观察,,46,0,0
80,AK-47 | Head Shot (Factory New),520.0,506.0,338,19,0.0562,0.9731,steamdt-live,518.5,206,535.0,103,,3,12,9,2,6,8,6,0,-0.0028763183125599667,-0.0028846153846153744,-0.023408239700374533,-0.005752636625119822,0.03084112149532714,0.0,0.03084112149532714,-0.018921475875118277,-0.12767711435252949,0.4,7,左侧观察,,46,0,0
81,M4A4 | Full Throttle (Factory New),960.0,914.0,250,37,0.148,0.9521,steamdt-live,949.5,146,998.91,105,,11,9,7,2,10,4,2,0,-0.025000000000000022,-0.01538461538461533,-0.023914104441190798,-0.040000000000000036,0.06341463414634141,0.02673796791443861,0.08526998828002175,-0.08526998828002175,-0.2768361581920904,0.15,18,左侧观察,,45,0,0
82,★ Hydra Gloves | Emerald (Field-Tested),186.5,168.0,123,6,0.0488,0.9008,steamdt-live,189.4,99,193.2,344,,3,6,7,5,8,10,6,0,0.009164420485175073,-0.003739316239316226,-0.01851851851851849,0.005390835579514919,0.018421052631578894,0.008108108108108025,0.052674353634378,-0.05507422607285806,-0.10846598785792816,0.4,14,左侧观察,,45,0,0
83,MP9 | Pandora's Box (Factory New),728.0,600.0,53,6,0.1132,0.8242,steamdt-live,758.48,48,757.49,59,,11,3,4,2,8,7,4,5,-0.002042205582028611,-0.006821282401091366,-0.03355263157894739,-0.008849557522123908,0.04210526315789476,0.0,0.05208333333333337,-0.05208333333333337,-0.19066147859922178,0.4,8,左侧观察,,44,0,0
84,USP-S | Blueprint (Factory New),562.49,531.0,227,16,0.0705,0.944,steamdt-live,570.28,99,564.99,77,,7,9,7,2,8,6,0,5,-0.01102748118326613,-0.004460176991150422,-0.007228999409168435,-0.015438473656572582,0.0225558683487993,0.12495999999999996,0.05939799331103679,-0.05939799331103679,-0.2050988538884414,0.4,7,左侧观察,,44,0,0
85,AWP | Ice Coaled (Factory New),162.0,141.0,437,30,0.0686,0.8704,steamdt-live,159.0,255,173.0,156,,7,3,9,2,10,6,2,5,0.021604938271605034,-0.0392749244712991,-0.041420118343195256,-0.01851851851851849,0.06465086181540092,0.0,0.0882504730775846,-0.059171597633136064,-0.1358225990542965,0.39,13,左侧观察,,44,0,0
86,P250 | Epicenter (Factory New),106.3,70.0,199,2,0.0101,0.6585,steamdt-live,106.22,76,105.9,103,,3,1,7,2,10,10,6,5,0.01904761904761898,-0.01869158878504673,-0.06166219839142095,0.0,0.06583629893238441,0.0,0.09389023127373142,-0.09389023127373142,-0.2778541953232463,0.1,8,左侧观察,,44,0,0
87,USP-S | Road Rash (Factory New),840.0,782.0,156,15,0.0962,0.931,steamdt-live,850.0,57,879.9,55,,7,9,7,2,10,4,4,0,-0.021301093839953933,-0.0117647058823529,-0.013068181818181812,-0.032815198618307395,0.05352112676056342,0.0,0.08794788273615639,-0.08794788273615639,-0.22935779816513757,0.38,3,左侧观察,,43,0,0
88,★ Specialist Gloves | Lt. Commander (Minimal Wear),946.0,1510.0,213,18,0.0845,1.5962,steamdt-live,946.0,211,987.0,87,"溢价求购:买一高于卖一,多为定向收特定图案,买一价不可作退出价",7,0,7,5,10,7,4,3,0.016684045881126153,-0.02975384615384613,-0.039078156312625234,-0.013566214807090748,0.052114228456913825,0.0,0.10273167030257035,-0.10273167030257035,-0.21134639433097124,0.02,9,左侧观察,买一异常溢价(不作为可成交退出价),43,0,0
89,★ Moto Gloves | Turtle (Field-Tested),324.3,427.0,347,19,0.0548,1.3167,steamdt-live,341.71,320,342.33,136,"溢价求购:买一高于卖一,多为定向收特定图案,买一价不可作退出价",3,0,9,5,10,9,4,3,0.010769230769230864,-0.012785388127853792,-0.038176975436519656,-0.002153846153846173,0.040248594258656345,0.013437499999999991,0.08389830508474572,-0.07999999999999996,-0.11514324693042288,0.39,15,左侧观察,买一异常溢价(不作为可成交退出价),43,0,0
90,AWP | Duality (Factory New),57.0,50.0,985,18,0.0183,0.8772,steamdt-live,57.28,627,58.56,535,,3,3,15,2,6,7,2,5,0.0,-0.011789181692094308,-0.03529018230473324,-0.011789181692094308,0.04634431989292287,0.036363636363636376,0.04666332162568987,0.010638297872340496,-0.23263327948303714,0.31,10,左侧观察,,43,0,0
91,M4A4 | Evil Daimyo (Factory New),44.5,41.1,1895,25,0.0132,0.9236,steamdt-live,44.0,1015,45.99,829,,3,6,15,2,10,4,0,3,-0.0045553145336225676,-0.021573327522336094,-0.0543589743589743,-0.026030368763557576,0.078974358974359,0.020454545454545503,0.11071499306793431,-0.10182036407281458,-0.2711038961038962,0.11,12,左侧观察,,43,0,0
92,AWP | Gungnir (Factory New),72886.0,70000.0,143,13,0.0909,0.9604,steamdt-live,73500.0,177,74499.5,25,,7,12,7,2,8,4,2,0,0.013513696131028707,-0.028173708982786483,-0.026328947368421063,-0.01504074379383502,0.047241830065359425,0.0,0.06073531875410765,-0.06073531875410765,-0.053422424820940395,0.4,5,左侧观察,,42,0,0
93,Five-SeveN | Retrobution (Factory New),67.79,63.0,446,37,0.083,0.9293,steamdt-live,68.94,128,70.5,82,,7,6,9,2,6,10,2,0,0.04832274272203341,-0.044403721454750356,-0.019275362318840528,0.0017733116595242127,0.045211267605633765,0.027276860130323044,0.045211267605633765,-0.03157142857142847,-0.19775147928994075,0.4,13,左侧观察,,42,0,0
94,USP-S | Royal Blue (Factory New),549.99,222.0,33,3,0.0909,0.4036,steamdt-live,556.9,37,578.3,39,,7,1,4,2,8,10,4,5,0.0,0.0,-0.02570416297608502,0.0,0.02570416297608502,0.009155963302752257,0.05984615384615388,-0.05984615384615388,-0.1434511758293101,0.17,2,左侧观察,,41,0,0
95,MP9 | Setting Sun (Factory New),234.9,218.0,96,4,0.0417,0.9281,steamdt-live,254.0,23,243.77,43,,3,6,4,2,8,9,4,5,0.0,-0.004239084357778755,-0.03517382413087933,-0.004239084357778755,0.03926380368098159,0.0017057569296374808,0.06785714285714284,-0.06785714285714284,-0.18609888777242645,0.22,3,左侧观察,,41,0,0
96,★ Moto Gloves | Transport (Minimal Wear),329.5,513.0,153,15,0.098,1.5569,steamdt-live,345.0,114,347.5,48,"溢价求购:买一高于卖一,多为定向收特定图案,买一价不可作退出价",7,0,7,5,4,10,2,5,0.0031347962382444194,0.02968750000000009,-0.047761194029850795,0.03291536050156729,0.014947683109118093,0.04603174603174609,0.02945508100147276,-0.028023598820059004,-0.06762874929258622,0.31,5,左侧观察,买一异常溢价(不作为可成交退出价),40,0,0
97,★ Hand Wraps | Cobalt Skulls (Minimal Wear),2020.0,2810.0,421,29,0.0689,1.3911,steamdt-live,2055.0,341,2129.5,102,"溢价求购:买一高于卖一,多为定向收特定图案,买一价不可作退出价",7,0,9,5,10,4,0,5,0.010047846889952083,-0.0402652771198484,-0.07909231108173609,-0.030622009569377995,0.10729235514430491,0.0,0.12389189189189187,-0.12389189189189187,-0.21121277009927975,0.14,12,左侧观察,买一异常溢价(不作为可成交退出价),40,0,0
98,★ Sport Gloves | Vice (Minimal Wear),7050.0,18100.0,1033,35,0.0339,2.5674,steamdt-live,7087.5,1015,7202.5,216,"溢价求购:买一高于卖一,多为定向收特定图案,买一价不可作退出价",3,0,15,5,10,5,2,0,-0.028667158515160995,-0.013848090642047839,-0.03790980392156862,-0.04211826374764094,0.07843137254901966,0.0071428571428571175,0.12367930391547544,-0.12367930391547544,-0.18778801843317972,0.19,11,左侧观察,买一异常溢价(不作为可成交退出价),40,0,0
99,MP9 | Ruby Poison Dart (Factory New),28.49,26.5,565,14,0.0248,0.9302,steamdt-live,27.39,256,27.63,277,,3,9,12,2,10,4,0,0,-0.018085106382978666,-0.010834236186348933,-0.019812304483837306,-0.02872340425531905,0.05192107995846318,0.03397508493771251,0.08699999999999997,-0.08364001338240212,-0.25972972972972974,0.3,9,左侧观察,,40,0,0
100,★ Specialist Gloves | Mogul (Field-Tested),516.5,577.0,353,20,0.0567,1.1171,steamdt-live,531.99,311,521.9,220,"溢价求购:买一高于卖一,多为定向收特定图案,买一价不可作退出价",3,0,9,5,10,5,2,5,-0.015065913370998163,-0.0124282982791587,-0.056838365896980436,-0.02730696798493404,0.08096085409252674,0.002912621359223211,0.14979423868312758,-0.14979423868312758,-0.2631954350927247,0.4,14,左侧观察,买一异常溢价(不作为可成交退出价),39,0,0
101,M4A1-S | Electrum (Factory New),34.49,44.0,584,31,0.0531,1.2757,steamdt-live,34.7,503,34.55,198,"溢价求购:买一高于卖一,多为定向收特定图案,买一价不可作退出价",3,0,12,2,8,9,2,3,0.026011560693641522,-0.028450704225352008,-0.05464480874316935,-0.0031791907514450157,0.06277173913043466,0.014411764705882346,0.06733369388858834,-0.0576502732240437,-0.09688400104739447,0.4,16,左侧观察,买一异常溢价(不作为可成交退出价),39,0,0
102,★ Moto Gloves | Blood Pressure (Field-Tested),649.0,750.0,227,11,0.0485,1.1556,steamdt-live,680.0,238,667.5,142,"溢价求购:买一高于卖一,多为定向收特定图案,买一价不可作退出价",3,0,7,5,8,14,2,0,-0.008360285592237782,-0.0015384615384614886,-0.02529405641719573,-0.009885885152865148,0.03492988743327041,0.014062500000000089,0.05942028985507242,-0.05942028985507242,-0.12119160460392686,0.4,12,左侧观察,买一异常溢价(不作为可成交退出价),39,0,0
103,Glock-18 | Night (Factory New),209.48,171.0,34,4,0.1176,0.8163,steamdt-live,319.5,26,215.23,25,,8,3,4,2,6,9,6,0,-0.018692462264591758,-0.0024286870803372773,-0.004651379133913225,-0.021075751203327386,0.025629099027861812,0.0,0.04777489885903918,-0.04777489885903918,-0.04781818181818187,0.23,2,左侧观察,,38,0,0
104,★ Broken Fang Gloves | Yellow-banded (Minimal Wear),373.0,400.0,145,8,0.0552,1.0724,steamdt-live,403.98,70,419.8,58,"溢价求购:买一高于卖一,多为定向收特定图案,买一价不可作退出价",3,0,7,5,10,4,4,5,-0.010471204188481686,-0.013227513227513255,-0.06372549019607843,-0.023560209424083767,0.08578431372549022,0.0,0.11922359441781394,-0.11922359441781394,-0.18736383442265792,0.4,13,左侧观察,买一异常溢价(不作为可成交退出价),38,0,0
105,★ Hydra Gloves | Emerald (Minimal Wear),262.0,307.0,91,9,0.0989,1.1718,steamdt-live,267.0,58,284.8,60,"溢价求购:买一高于卖一,多为定向收特定图案,买一价不可作退出价",7,0,4,5,10,7,4,0,-0.022222222222222254,-0.007575757575757569,-0.005488231610740746,-0.029629629629629672,0.034955246970422515,0.0,0.08551483420593364,-0.08551483420593364,-0.108843537414966,0.33,10,左侧观察,买一异常溢价(不作为可成交退出价),37,0,0
106,★ Driver Gloves | Imperial Plaid (Minimal Wear),1700.5,1800.0,207,17,0.0821,1.0585,steamdt-live,1739.0,170,1778.0,51,"溢价求购:买一高于卖一,多为定向收特定图案,买一价不可作退出价",7,0,7,5,6,5,4,3,-0.0060685200622592195,-0.0029325513196480912,-0.0064118900885037355,-0.008983275135390434,0.015337565451091217,0.0011778563015312216,0.04033960687794247,-0.04033960687794247,-0.08847184986595169,0.4,7,左侧观察,买一异常溢价(不作为可成交退出价),37,0,0
107,★ Driver Gloves | King Snake (Field-Tested),779.0,1400.0,1656,29,0.0175,1.7972,steamdt-live,765.9,1514,784.05,338,"溢价求购:买一高于卖一,多为定向收特定图案,买一价不可作退出价",3,0,15,5,8,4,2,0,-0.010282776349614386,-0.005974025974025965,-0.0012836970474967568,-0.016195372750642756,0.01745827984595638,0.020533333333333292,0.07671893848009648,-0.0665853658536586,-0.13757746478873245,0.2,11,左侧观察,买一异常溢价(不作为可成交退出价),37,0,0
108,Five-SeveN | Fall Hazard (Factory New),1944.2,660.0,6,2,0.3333,0.3395,steamdt-live,2541.0,7,1944.2,4,,8,1,2,2,10,10,3,0,-0.16240111679851088,0.08011111111111124,0.028392042762732883,-0.09530013959981387,0.09530013959981387,0.08011111111111124,0.09530013959981387,-0.01911618544062066,0.13233041543631585,0.4,3,左侧观察,,36,0,0
109,AK-47 | First Class (Factory New),1982.31,910.0,8,4,0.5,0.4591,steamdt-live,1398.8,20,1296.88,14,,8,1,2,2,6,10,6,0,-0.011433972619446897,0.0,-0.011304714819727502,-0.011433972619446897,0.022609429639455003,0.0,0.04504252420750332,-0.03353504039109312,-0.0023999999999999577,0.4,3,左侧观察,,35,0,0
110,P250 | Bengal Tiger (Factory New),277.5,140.0,22,2,0.0909,0.5045,steamdt-live,255.7,23,271.3,25,,7,1,2,2,8,8,6,0,-0.02690413035240613,-0.004283489096573279,-0.011610486891385885,-0.031072375899962035,0.04052532833020639,0.0,0.0681486880466472,-0.06984357948344844,-0.15943458251150555,0.38,7,左侧观察,,34,0,0
111,★ Driver Gloves | Racing Green (Minimal Wear),234.0,288.0,157,13,0.0828,1.2308,steamdt-live,247.24,69,251.9,76,"溢价求购:买一高于卖一,多为定向收特定图案,买一价不可作退出价",7,0,7,5,8,5,2,0,0.008510638297872353,-0.012658227848101222,-0.008438818565400852,-0.004255319148936176,0.042944785276073594,0.026315789473684292,0.05800893683829156,-0.025000000000000022,-0.14598540145985406,0.4,16,左侧观察,买一异常溢价(不作为可成交退出价),34,0,0
112,AK-47 | Fire Serpent (Factory New),13887.5,12140.0,65,6,0.0923,0.8742,steamdt-live,13998.5,58,14727.29,24,,7,3,4,2,6,7,4,0,-0.027576146980168748,-0.008000285724490186,-0.00010418113626897707,-0.03535581564963708,0.03545631337685795,0.0,0.04022253706071388,-0.04022253706071388,-0.05523997414878057,0.4,2,左侧观察,,33,0,0
113,USP-S | Jawbreaker (Factory New),97.0,84.0,424,22,0.0519,0.866,steamdt-live,98.49,238,102.0,198,,3,3,9,2,4,10,2,0,-0.009193054136874435,0.0,0.0,-0.009193054136874435,0.017920421180520396,0.021052631578947434,0.017920421180520396,-0.008179959100204415,-0.19166666666666665,0.4,10,左侧观察,,33,0,0
114,Tec-9 | Rust Leaf (Factory New),79.59,64.0,113,5,0.0442,0.8041,steamdt-live,90.0,29,81.21,43,,3,3,7,2,6,9,3,0,-0.0011279608973555622,-0.001380175658720173,-0.04075498918009135,-0.002506579771901274,0.043159413320509765,0.06134151220162698,0.04785261394903695,-0.04785261394903695,-0.21198019801980195,0.14,5,左侧观察,,33,0,0
115,Galil AR | CAUTION! (Factory New),368.0,268.0,48,5,0.1042,0.7283,steamdt-live,397.4,35,389.87,31,,11,1,4,2,2,5,6,0,-0.005390835579514808,-0.0027100271002710175,-0.0026881720430107503,-0.008086253369272267,0.010752688172043001,0.0,0.010752688172043001,-0.010752688172043001,-0.26801129808648605,1.12,6,左侧观察,,31,0,0
116,★ Driver Gloves | Diamondback (Minimal Wear),2527.0,2370.0,178,23,0.1292,0.9379,steamdt-live,2830.0,21,2524.0,35,,11,9,7,5,8,20,6,0,-0.02082882882882886,0.032108215973960075,-0.011478329705125634,0.010610610610610527,0.000989511181476388,0.04383788254756005,0.06205871423262732,-0.06205871423262732,-0.23503561145628127,0.4,9,回撤不明显,,66,0,0
117,★ Driver Gloves | Dragon Fists (Minimal Wear),1242.26,1290.0,34,15,0.4412,1.0384,steamdt-live,1250.0,34,1306.77,27,,20,15,4,5,2,10,6,0,0.008572258814413036,-0.005794317727090825,-0.009292283086765218,0.002728270696112478,0.006589364254298236,0.002728270696112478,0.00738314023172193,-0.004997997597116499,-0.1343135888501742,0.32,4,回撤不明显,,62,0,0
118,★ Sport Gloves | Arid (Minimal Wear),6550.0,6680.0,173,37,0.2139,1.0198,steamdt-live,7198.0,36,6736.02,32,,17,15,7,5,8,0,4,5,-7.553440592189542e-05,-0.010424535428312454,7.554011179933262e-05,-0.010499282423143796,0.010499282423143796,0.025360050093926167,0.05721346846127162,-0.05728267127230857,-0.20112208805951948,0.38,2,可能加速下跌,,61,0,0
119,USP-S | Caiman (Factory New),430.0,382.0,235,21,0.0894,0.8884,steamdt-live,438.0,55,411.7,90,,7,6,7,2,8,20,6,5,-0.009964947421131631,0.04117141267513014,-0.030558994150343577,0.030796194291437207,0.0007039005801112719,0.04117141267513014,0.05116386264116157,-0.050069220119981495,-0.2217097054709063,0.4,7,回撤不明显,,61,0,0
120,Desert Eagle | Calligraffiti (Factory New),25.29,23.6,1091,18,0.0165,0.9332,steamdt-live,24.96,116,25.0,282,,3,9,15,2,10,10,6,5,0.0004003202562048447,-0.0012004801920767472,-0.07137546468401479,-0.0008006405124099114,0.06865671641791049,0.040000000000000036,0.1624161073825503,-0.1624161073825503,-0.3897310513447433,1.31,2,长期阴跌,,60,0,0
121,★ Hand Wraps | Leather (Field-Tested),3539.0,3400.0,271,78,0.2878,0.9607,steamdt-live,3647.0,27,3555.73,56,,17,12,9,5,0,10,2,3,-0.011920337258322422,0.04134176842724724,0.03288288288288288,0.02892862334641655,0.0,0.06340144230769229,0.0,0.0724242424242425,-0.15687909469922579,0.36,10,回撤不明显,,58,0,0
122,★ Specialist Gloves | Foundation (Field-Tested),4790.0,4690.0,294,77,0.2619,0.9791,steamdt-live,4800.0,36,4819.5,53,,17,12,9,5,0,10,2,3,-0.02580645161290318,0.0596026490066226,0.03333333333333344,0.032258064516129004,0.0,0.0714285714285714,0.0,0.04803722278869604,-0.24753096096566862,0.18,7,回撤不明显,,58,0,0
123,Desert Eagle | Midnight Storm (Factory New),459.4,456.0,722,64,0.0886,0.9926,steamdt-live,455.0,146,455.07,128,,7,15,12,2,10,5,2,5,-0.013405461324597523,-0.00605107368329072,0.018638858397365565,-0.019375417573654574,0.044117647058823484,0.015625,0.08266129032258063,-0.08999999999999997,-0.3686781090868727,0.39,14,长期阴跌,,58,0,0
124,Desert Eagle | Trigger Discipline (Factory New),33.6,33.1,722,35,0.0485,0.9851,steamdt-live,33.5,444,34.03,380,,3,12,12,2,8,10,6,5,0.011764705882353121,0.022031823745410017,-0.026815305815004575,0.034055727554179516,0.008902077151335397,0.05031446540880502,0.05649717514124297,-0.0722222222222223,-0.3110561056105611,0.18,11,长期阴跌,,58,0,0
125,Desert Eagle | Night Heist (Factory New),444.0,426.0,742,62,0.0836,0.9595,steamdt-live,447.49,147,435.39,156,,7,9,12,2,8,10,4,5,0.002328288707799775,0.01135888501742155,-0.017162471395881007,0.013713620488940537,0.03220858895705525,0.03420508800684097,0.05040348964013086,-0.06468313641245971,-0.3952916666666667,0.3,14,长期阴跌,,57,0,0
126,M4A4 | Tooth Fairy (Factory New),67.7,65.0,1664,30,0.018,0.9601,steamdt-live,68.0,473,68.0,591,,3,12,15,2,10,10,2,3,0.013056379821958286,-0.008494434680726415,-0.05070422535211261,0.004451038575667532,0.0555245535714286,0.025757575757575868,0.1080368906455863,-0.10909330175023024,-0.3216432865731462,0.28,16,长期阴跌,,57,0,0
127,★ Driver Gloves | Plum Quill (Minimal Wear),1072.5,1030.0,14,8,0.5714,0.9604,steamdt-live,997.5,16,1063.14,12,,20,12,2,5,6,0,6,5,0.0,0.0,-0.0005010020040080443,0.0,0.0005010020040080443,0.004632893544163519,0.03855421686746985,-0.03809064609450341,-0.1072387498657501,0.4,2,回撤不明显,,56,0,0
128,AWP | Printstream (Factory New),898.3,890.0,472,149,0.3157,0.9908,steamdt-live,900.0,377,938.88,186,,20,15,9,2,10,0,0,0,-0.0015710836259344996,-0.05132537754778754,-0.028288934426229484,-0.0528158247134618,0.07961065573770498,0.0,0.11059405940594069,-0.11059405940594069,-0.16746987951807235,0.39,17,可能加速下跌,,56,0,0
129,Glock-18 | Weasel (Factory New),269.5,267.0,431,89,0.2065,0.9907,steamdt-live,266.0,88,268.84,51,,17,15,9,2,8,0,2,3,0.00366300366300365,-0.03284671532846717,0.01869472741520206,-0.02930402930402931,0.053165642418179226,0.013384321223709472,0.053165642418179226,0.08384458077709622,0.2804406648627753,0.4,15,可能加速下跌,,56,0,0
130,M4A1-S | Mecha Industries (Factory New),1317.0,1310.0,550,88,0.16,0.9947,steamdt-live,1309.89,168,1360.0,101,,14,15,12,2,8,0,2,3,-0.007082660928814821,-0.014379232505643214,0.014000000000000012,-0.021360050206204018,0.04317750182615043,0.007607692307692426,0.05763309352517976,-0.06255635869176257,-0.1077043596730245,0.4,6,可能加速下跌,,56,0,0
131,Five-SeveN | Fairy Tale (Factory New),1610.15,1560.0,213,52,0.2441,0.9689,steamdt-live,1637.56,50,1612.0,41,,17,12,7,2,8,0,4,5,0.0,-0.006080246913580223,0.003095975232198178,-0.006080246913580223,0.06113155178747398,0.00040385212799010084,0.06113155178747398,-0.012177914110429344,-0.16550919927442342,0.3,8,可能加速下跌,,55,0,0
132,AK-47 | Panthera onca (Factory New),1898.99,1780.0,116,14,0.1207,0.9373,steamdt-live,1927.47,35,1908.48,49,,11,9,7,2,10,10,6,0,-0.00026336581511721135,0.0005216016859852513,-0.01886304909560721,0.00025809849881475166,0.02059393889381722,0.0005216016859852513,0.1163378315495579,-0.1163378315495579,-0.30920698435794836,0.36,2,长期阴跌,,55,0,0
133,Galil AR | Cerberus (Factory New),885.34,853.0,275,30,0.1091,0.9635,steamdt-live,1045.0,72,902.0,93,,11,12,9,2,10,0,6,5,0.015355830880507515,-0.005235955056179686,0.01392712550607289,0.01003947338398703,0.012998885172798236,0.02410641989589357,0.10526528549772607,-0.07777083333333334,-0.267405875051717,0.4,7,可能加速下跌,,55,0,0
134,MP9 | Latte Rush (Factory New),261.5,256.0,511,42,0.0822,0.979,steamdt-live,279.0,189,264.49,250,,7,12,12,2,10,10,2,0,-0.06261180679785328,-0.001908396946564861,-0.019298245614035037,-0.06440071556350624,0.08245614035087723,0.013565891472868241,0.16132135984605522,-0.16105229387231312,-0.35906862745098034,0.27,13,长期阴跌,,55,0,0
135,Five-SeveN | Copper Galaxy (Factory New),93.83,89.0,590,31,0.0525,0.9485,steamdt-live,91.76,120,92.04,161,,3,9,12,2,10,10,4,5,0.03242470872719272,-0.02310231023102316,-0.03212765957446806,0.008573312816003487,0.031045406546990506,0.020689655172413834,0.13433962264150934,-0.13433962264150934,-0.4192405063291139,0.4,11,长期阴跌,,55,0,0
136,★ Driver Gloves | Convoy (Field-Tested),2938.99,2920.0,181,76,0.4199,0.9935,steamdt-live,3066.0,16,3112.15,32,,20,15,7,5,2,0,2,3,-0.0013827586206897058,0.014848117569466801,0.015765379213237285,0.013444827586206909,0.006426639621365915,0.031774841318878755,0.010107780397440314,0.029058123249299683,-0.15667431850789104,0.4,6,回撤不明显,,54,0,0
137,M4A4 | Red DDPAT (Factory New),845.0,833.0,179,64,0.3575,0.9858,steamdt-live,898.0,25,867.94,45,,20,12,7,2,10,0,0,3,-0.00691244239631339,-0.019721577726218076,0.021176470588235352,-0.026497695852534586,0.061111111111111116,0.031116534472239277,0.08297701473748187,-0.028735632183908066,-0.11979166666666663,0.29,17,可能加速下跌,,54,0,0
138,★ Driver Gloves | Plum Quill (Field-Tested),608.5,700.0,45,14,0.3111,1.1504,steamdt-live,607.5,43,625.0,23,"溢价求购:买一高于卖一,多为定向收特定图案,买一价不可作退出价",20,0,4,5,4,10,6,5,0.013355592654423987,0.0008237232289951546,-0.013991769547325061,0.014190317195325486,0.0,0.014190317195325486,0.02409638554216864,-0.02409638554216864,-0.07110091743119262,0.15,2,回撤不明显,买一异常溢价(不作为可成交退出价),54,0,0
139,★ Moto Gloves | Cool Mint (Field-Tested),5849.5,5780.0,286,73,0.2552,0.9881,steamdt-live,6178.79,40,5817.42,83,,17,12,9,5,2,0,6,3,0.03577638640429326,0.004737486593241247,0.016548463356973908,0.040683363148479534,0.01055872097967514,0.05790507364975461,0.01055872097967514,0.004562251769987924,-0.22310096153846148,0.36,14,可能加速下跌,,54,0,0
140,★ Bloodhound Gloves | Charred (Field-Tested),1344.5,1320.0,232,47,0.2026,0.9818,steamdt-live,1550.0,23,1368.54,37,,17,12,7,5,6,0,2,5,-0.0007575757575757347,0.019332827899924077,0.00960655938322219,0.018560606060606055,0.029942279942279937,0.04630350194552535,0.03203743700503958,-0.03203743700503958,-0.15413119931550368,0.4,7,暂未减速,,54,0,0
141,FAMAS | Mecha Industries (Factory New),713.9,707.0,1212,196,0.1617,0.9903,steamdt-live,710.0,158,712.78,168,,14,15,15,2,0,0,3,5,0.01925925925925931,0.03488372093023262,-0.00589101620029453,0.05481481481481487,0.0028011204481792618,0.06348020911127716,0.0028011204481792618,0.07309721175584016,-0.1462829736211031,0.4,19,回撤不明显,,54,0,0
142,USP-S | Pathfinder (Factory New),163.82,161.0,123,15,0.122,0.9828,steamdt-live,168.88,76,167.25,86,,11,12,7,2,10,6,6,0,-0.021541010770505298,-0.00919317769444783,-0.006000000000000005,-0.030536158125221924,0.04750276178847612,0.05690322580645146,0.10132206923034726,-0.10132206923034726,-0.4136301811153268,0.14,9,长期阴跌,,54,0,0
143,★ Hydra Gloves | Case Hardened (Minimal Wear),519.41,499.0,126,11,0.0873,0.9607,steamdt-live,514.0,128,539.49,64,,7,12,7,5,2,10,6,5,-0.0077821011673151474,0.007843137254901933,-0.005802707930367523,0.0,0.005802707930367523,0.00982318271119853,0.005802707930367523,0.00982318271119853,-0.09187279151943462,0.4,7,回撤不明显,,54,0,0
144,★ Moto Gloves | Eclipse (Field-Tested),3158.0,3050.0,287,85,0.2962,0.9658,steamdt-live,3248.5,19,3200.86,47,,17,12,9,5,2,0,3,5,0.0129999999999999,0.03915761763738068,-0.0037789983329902244,0.05266666666666664,0.009683650686134304,0.08522336769759442,0.009683650686134304,0.03202614379084978,-0.09148446490218642,0.4,13,回撤不明显,,53,0,0
145,AK-47 | Aquamarine Revenge (Factory New),1189.49,1170.0,369,71,0.1924,0.9836,steamdt-live,1200.0,119,1176.05,92,,14,12,9,2,0,10,6,0,-0.023668639053254448,0.02986147186147181,-0.004208754208754217,0.0054860524091293605,0.0025241090146750356,0.03433913043478265,0.004610878661087892,0.008897370653095926,0.026838743093922535,0.23,10,回撤不明显,,53,0,0
146,★ Bloodhound Gloves | Snakebite (Minimal Wear),1124.5,1080.0,146,23,0.1575,0.9604,steamdt-live,1398.0,15,1119.0,40,,14,12,7,5,8,3,4,0,-0.010535557506584747,-0.00709849157054121,0.016964285714285765,-0.017559262510974505,0.02612661224347701,0.0,0.07444168734491319,-0.07520661157024788,-0.20071428571428573,0.17,5,可能加速下跌,,53,0,0
147,Glock-18 | Ironwork (Factory New),260.0,254.0,696,93,0.1336,0.9769,steamdt-live,260.0,61,259.55,46,,11,12,12,2,8,0,3,5,0.04878048780487809,0.006589147286821584,0.003917727717923647,0.05569105691056908,0.07580071174377223,0.06086601307189543,0.07580071174377223,0.1365426695842451,-0.056768241746268155,0.19,19,可能加速下跌,,53,0,0
148,★ Hand Wraps | Constrictor (Minimal Wear),616.0,604.0,123,16,0.1301,0.9805,steamdt-live,649.9,56,649.4,68,,11,12,7,5,8,3,4,3,-0.002394253790901857,-0.014399999999999968,-0.022788601020105825,-0.016759776536312887,0.039166445695746455,0.0,0.05734004621482247,-0.04347826086956519,-0.11099565600150085,0.39,10,可能加速下跌,,53,0,0
149,AK-47 | The Outsiders (Factory New),296.0,287.0,987,57,0.0578,0.9696,steamdt-live,312.98,186,300.0,302,,3,12,15,2,10,8,0,3,-0.0016333877795926544,-0.011686143572620988,-0.06006391778418352,-0.013300443348111646,0.07256548439654098,0.02777777777777768,0.11639153407564407,-0.11374592053654309,-0.30516431924882625,0.4,10,长期阴跌,,53,0,0
150,USP-S | 27 (Factory New),27.37,26.9,461,17,0.0369,0.9828,steamdt-live,28.0,83,27.85,201,,3,12,9,2,8,10,6,3,0.018619934282584794,-0.018996415770609287,-0.06454918032786883,-0.0007301935012777871,0.06523224043715847,0.0003654970760234022,0.06999660210669378,0.017850502045370087,-0.36993554327808464,0.4,11,长期阴跌,,53,0,0
151,★ Bloodhound Gloves | Guerrilla (Field-Tested),1075.0,1030.0,194,49,0.2526,0.9581,steamdt-live,1049.5,24,1083.92,62,,17,9,7,5,2,10,2,0,-0.000970873786407811,0.019922254616132173,-0.015766841853798397,0.018932038834951426,0.0,0.0495000000000001,0.009905660377358516,0.010105871029836289,-0.17685628906893391,0.4,11,回撤不明显,,52,0,0
152,★ Driver Gloves | Lunar Weave (Field-Tested),3970.0,3880.0,276,60,0.2174,0.9773,steamdt-live,4047.81,17,3957.48,68,,17,12,9,5,0,0,4,5,0.007764179497302237,0.03355445285975445,-0.0001315789473683715,0.04157915515199373,0.0,0.055330814215504676,0.0,0.0346352941176471,-0.20850400000000002,0.38,7,回撤不明显,,52,0,0
153,M4A1-S | Flashback (Factory New),699.0,698.0,655,126,0.1924,0.9986,steamdt-live,709.08,67,698.02,90,,14,15,12,2,0,0,6,3,0.018587360594795488,0.024890510948905042,0.003731343283582156,0.04394052044609653,0.0013513513513514486,0.055714285714285605,0.0013513513513514486,0.0029428991842739283,-0.2970783771877128,0.4,17,回撤不明显,,52,0,0
154,AK-47 | Neon Revolution (Factory New),1514.5,1500.0,536,103,0.1922,0.9904,steamdt-live,1500.0,105,1508.13,143,,14,15,12,2,4,0,2,3,-0.0026751167444962753,0.0033511929845684296,-0.001997336884154488,0.0006671114076051143,0.019607843137254943,0.020408163265306145,0.019607843137254943,-0.009247027741083214,-0.06832298136645965,0.38,8,暂未减速,,52,0,0
155,★ Hand Wraps | Leather (Minimal Wear),3545.0,3490.0,180,33,0.1833,0.9845,steamdt-live,3855.5,27,3743.55,28,,14,12,7,5,4,3,4,3,-0.008888888888888835,-0.006446188340807124,0.03896103896103886,-0.015277777777777724,0.026098901098901117,0.029475824016262475,0.026098901098901117,-0.011433351924149515,-0.19796380090497734,0.4,8,可能加速下跌,,52,0,0
156,★ Sport Gloves | Ultra Violent (Field-Tested),4800.0,5010.0,583,37,0.0635,1.0437,steamdt-live,4780.0,614,5100.0,159,,7,15,12,5,10,0,0,3,-9.804882831654371e-05,-0.06844479309668561,-0.07028258887876027,-0.06853613099323463,0.1340018231540565,0.0,0.16958041958041958,-0.16958041958041958,-0.21875,0.14,5,可能加速下跌,,52,0,0
157,Glock-18 | Warhawk (Factory New),35.4,35.0,404,18,0.0446,0.9887,steamdt-live,34.85,83,35.49,188,,3,12,9,2,10,9,2,5,0.005714285714285783,-0.009943181818181879,-0.037138927097661645,-0.004285714285714226,0.04126547455295737,0.011024078909196433,0.12874999999999992,-0.12634745550263227,-0.38859649122807016,0.37,12,长期阴跌,,52,0,0
158,USP-S | Desert Tactical (Factory New),15.35,13.4,1029,25,0.0243,0.873,steamdt-live,15.19,151,14.61,270,,3,3,15,2,10,19,0,0,-0.0068399452804377425,0.006198347107438051,-0.009485094850948506,-0.0006839945280437965,0.010162601626016232,0.043571428571428594,0.0811320754716982,-0.0811320754716982,-0.5175033025099076,0.4,5,长期阴跌,,52,0,0
159,M4A1-S | Welcome to the Jungle (Factory New),9999.0,10060.0,36,14,0.3889,1.0061,steamdt-live,10250.0,43,10128.0,21,,20,15,4,2,4,0,6,0,0.0737407231959577,-0.01970588235294113,0.0,0.05258171482709617,0.01970588235294113,0.052637119696810286,0.01970588235294113,-5.000250012499041e-05,-0.042699856390617574,0.34,7,可能加速下跌,,51,0,0
160,★ Moto Gloves | Eclipse (Minimal Wear),3210.0,3020.0,127,40,0.315,0.9408,steamdt-live,3200.0,21,3217.15,26,,20,9,7,5,0,10,0,0,-0.010648596321394033,0.04370515329419433,0.015067147068457354,0.032591158438205925,0.004820401181775735,0.10345208086924451,0.004820401181775735,0.032591158438205925,-0.08802289062544533,0.38,11,回撤不明显,,51,0,0
161,★ Hand Wraps | Spruce DDPAT (Minimal Wear),2299.0,2210.0,168,34,0.2024,0.9613,steamdt-live,2597.5,27,2247.15,38,,17,12,7,5,8,2,0,0,-0.0004478260869565931,-0.022540529019517308,-0.03523489932885904,-0.022978260869565226,0.05740352348993283,0.021431818181818274,0.058193629505448374,0.0054407402270257865,-0.18831204013740332,0.4,13,可能加速下跌,,51,0,0
162,★ Sport Gloves | Arid (Field-Tested),5579.0,5450.0,312,60,0.1923,0.9769,steamdt-live,5799.5,58,5699.5,65,,14,12,9,5,0,10,1,0,-0.009213799029911929,0.04285052039717674,0.004887172567812792,0.03324190528399784,0.0,0.07298778728723909,0.001967799642218271,-0.0020570610857705285,-0.20054452962671065,0.21,9,回撤不明显,,51,0,0
163,★ Bloodhound Gloves | Charred (Minimal Wear),1410.0,1330.0,122,23,0.1885,0.9433,steamdt-live,1400.0,19,1460.0,23,,14,9,7,5,6,10,0,0,0.0,0.010101010101010166,-0.023943661971830954,0.010101010101010166,0.0,0.06141015921152393,0.03945111492281306,-0.04043865661411927,-0.1993136974549614,0.39,4,回撤不明显,,51,0,0
164,★ Specialist Gloves | Forest DDPAT (Field-Tested),1700.0,1630.0,267,49,0.1835,0.9588,steamdt-live,1674.22,26,1690.44,50,,14,9,9,5,0,10,1,3,-0.015206195025873726,0.03988819875776395,0.04374529157143403,0.02407545600234884,0.002288356792963242,0.06888075948235683,0.002288356792963242,0.01869181624581695,-0.1815106330970423,0.4,10,回撤不明显,,51,0,0
165,FAMAS | Styx (Factory New),764.0,744.0,370,65,0.1757,0.9738,steamdt-live,748.0,78,760.0,45,,14,12,9,2,2,10,2,0,-0.01326259946949604,0.014112903225806495,0.022372881355932295,0.0006631299734747298,0.004105014453346767,0.03356164383561633,0.011140235910878094,0.012751677852349097,0.08094555873925491,0.23,14,回撤不明显,,51,0,0
166,AWP | POP AWP (Factory New),188.0,185.0,1222,99,0.081,0.984,steamdt-live,183.83,296,188.18,263,,7,12,15,2,0,10,0,5,0.02562874251497016,0.09866884633348905,-0.008725589125660349,0.12682634730538922,0.0,0.13361445783132542,0.0,0.06016901408450703,-0.35444253859348196,0.15,13,长期阴跌,,51,0,0
167,M4A4 | X-Ray (Factory New),709.38,703.0,924,66,0.0714,0.991,steamdt-live,725.0,264,713.0,231,,7,15,15,2,10,0,2,0,-0.006910850034554272,-0.011997216423103696,-0.001228619942296283,-0.018825155494125778,0.027561643835616434,0.01485367910906521,0.08931366260423346,-0.08931366260423346,-0.2886973947895791,0.4,15,可能加速下跌,,51,0,0
168,Desert Eagle | Sputnik (Factory New),42.8,42.6,2132,68,0.0319,0.9953,steamdt-live,42.49,495,42.61,611,,3,15,15,2,10,0,6,0,-0.002619047619047632,0.014323227500596891,0.008887821282728803,0.011666666666666714,0.004684937924572363,0.038875305623471856,0.10169133192389002,-0.10358649789029528,-0.40887590428491927,0.35,8,长期阴跌,,51,0,0
169,Desert Eagle | Eastern Enigma (Factory New),351.0,334.0,85,33,0.3882,0.9516,steamdt-live,355.0,58,350.0,127,,20,9,4,2,10,0,0,5,-2.7473282232959306e-05,-0.03840870377493277,-0.03960422163588384,-0.03843512184400677,0.07649278345075072,0.0,0.11613929644688004,-0.11613929644688004,-0.20814479638009054,0.96,6,可能加速下跌,,50,0,0
170,AK-47 | The Empress (Factory New),1549.5,1530.0,343,77,0.2245,0.9874,steamdt-live,1545.0,178,1558.49,108,,17,12,9,2,8,0,2,0,-0.008486099919419843,-0.019365079365079363,-0.003387958942956848,-0.02768684528605969,0.05245398773006138,0.010137344669718829,0.05245398773006138,-0.034385745545483015,-0.003548387096774186,0.4,12,可能加速下跌,,50,0,0
171,M4A1-S | Hyper Beast (Factory New),1584.0,1560.0,270,50,0.1852,0.9848,steamdt-live,1640.26,58,1588.6,85,,14,12,9,2,8,3,2,0,-0.02395391146149184,-0.01584342963653307,-0.003625377643504568,-0.03941782898726498,0.044343891402714886,0.0,0.0785286709055899,-0.0785286709055899,-0.12942637772122956,0.4,9,可能加速下跌,,50,0,0
172,★ Moto Gloves | 3rd Commando Company (Minimal Wear),529.99,515.0,111,16,0.1441,0.9717,steamdt-live,559.99,41,537.98,60,,11,12,7,5,10,0,2,3,-0.017974942929556148,-0.02990866326213104,-0.03562265982526691,-0.047345999676451034,0.08139353496836821,0.0,0.11653608934822468,0.06530653266331665,0.12883919062832794,0.4,13,可能加速下跌,,50,0,0
173,M4A1-S | Control Panel (Factory New),870.0,867.0,731,105,0.1436,0.9966,steamdt-live,886.0,73,926.25,125,,11,15,12,2,8,0,2,0,-0.010140845070422566,-0.009675583380762687,-0.01388888888888884,-0.019718309859154903,0.07237599692924468,0.02473498233215543,0.07237599692924468,-0.032258064516129004,-0.23154380200328584,0.26,15,可能加速下跌,,50,0,0
174,Tec-9 | Whiteout (Factory New),976.5,930.0,134,15,0.1119,0.9524,steamdt-live,998.5,68,1019.0,97,,11,9,7,2,8,7,6,0,-0.01309164149043307,-0.0035714285714285587,0.003030303030302939,-0.0166163141993958,0.018099547511312264,0.01718749999999991,0.07877358490566033,-0.0873831775700935,-0.33571428571428574,0.16,7,长期阴跌,,50,0,0
175,USP-S | Cyrex (Factory New),206.38,206.0,2496,222,0.0889,0.9982,steamdt-live,209.0,423,206.59,456,,7,15,15,2,4,0,2,5,0.02930591259640103,0.03071928071928065,0.017578738097729474,0.06092544987146531,0.016350462389169595,0.09760638297872348,0.016350462389169595,0.13068493150684923,-0.31191436860182065,0.4,16,长期阴跌,,50,0,0
176,M4A4 | Turbine (Factory New),58.99,58.0,1169,42,0.0359,0.9832,steamdt-live,63.0,231,59.7,304,,3,12,15,2,10,8,0,0,-0.07533189255943196,-0.01519198664440724,-0.010992366412213683,-0.08937943809817839,0.09938931297709919,0.03491228070175434,0.16088193456614508,-0.15716530932990413,-0.44610328638497654,0.29,17,长期阴跌,,50,0,0
177,★ Hand Wraps | Slaughter (Minimal Wear),3170.0,3060.0,184,31,0.1685,0.9653,steamdt-live,3299.9,38,3199.4,67,,14,12,7,5,8,0,0,3,-0.00398773006134967,-0.023714197720973162,0.04169995206902066,-0.027607361963190136,0.05850905850905852,0.01294136443521321,0.05864884929472902,-0.02958985630582911,-0.18267371406471578,0.4,14,可能加速下跌,,49,0,0
178,AK-47 | B the Monster (Factory New),1849.0,1800.0,530,69,0.1302,0.9735,steamdt-live,1850.0,283,1890.0,160,,11,12,12,2,10,2,0,0,0.021897810218978186,-0.05663265306122445,-0.04766633565044687,-0.03597497393117832,0.08192651439920551,0.03296089385474854,0.14,-0.14,-0.27032359905288084,0.4,16,可能加速下跌,,49,0,0
179,Glock-18 | Royal Legion (Factory New),225.0,220.0,396,46,0.1162,0.9778,steamdt-live,229.87,63,231.81,91,,11,12,9,2,10,3,2,0,-0.03589249025116359,-0.021441308224242173,-0.0020921377463491986,-0.056564216528995015,0.07403596855837691,0.0,0.08163265306122447,-0.08163265306122447,-0.25216871073885727,0.4,8,可能加速下跌,,49,0,0
180,Five-SeveN | Anodized Gunmetal (Factory New),75.39,61.0,139,10,0.0719,0.8091,steamdt-live,75.43,68,76.7,83,,7,3,7,2,10,18,2,0,-0.030394736842105252,0.023069615958746237,-0.03797468354430378,-0.00802631578947366,0.045696202531645524,0.04722878177524659,0.11305882352941177,-0.11305882352941177,-0.30771349862258957,0.4,7,长期阴跌,,49,0,0
181,FAMAS | Survivor Z (Factory New),17.16,16.1,979,30,0.0306,0.9382,steamdt-live,17.09,280,17.05,405,,3,9,15,2,10,3,2,5,-0.015358361774744034,-0.015020219526285294,-0.045602605863192314,-0.030147895335608466,0.07437567861020633,0.0,0.27198975234842016,-0.27198975234842016,-0.518361581920904,0.4,10,长期阴跌,,49,0,0
182,M4A1-S | Fatal Glitch (Factory New),556.0,536.0,35,19,0.5429,0.964,steamdt-live,567.5,41,587.0,58,,20,12,4,2,8,0,2,0,-0.006968641114982632,-0.024561403508771895,-0.010344827586206917,-0.03135888501742157,0.042204995693367775,0.0,0.052003410059676014,-0.05247192351607899,-0.16378402767333433,0.3,7,可能加速下跌,,48,0,0
183,★ Driver Gloves | Crimson Weave (Field-Tested),6666.66,6480.0,216,62,0.287,0.972,steamdt-live,7000.0,22,6600.0,42,,17,12,7,5,0,0,2,5,-0.0002381330369900514,0.048034934497816595,0.00031761156106080435,0.04778536275599299,0.0,0.06109324758842449,0.0,0.0,-0.17500000000000004,0.39,7,回撤不明显,,48,0,0
184,★ Sport Gloves | Occult (Minimal Wear),5149.0,5000.0,87,22,0.2529,0.9711,steamdt-live,5099.5,104,5765.63,30,,17,12,4,5,10,0,0,0,-0.02014836523491159,-0.04673333956444525,-0.04008791208791207,-0.06594010440516529,0.10338461538461541,0.00980198019801981,0.12454935622317598,-0.12364667468637225,-0.16538461538461535,0.4,10,可能加速下跌,,48,0,0
185,★ Bloodhound Gloves | Guerrilla (Minimal Wear),1060.0,1040.0,136,27,0.1985,0.9811,steamdt-live,1241.0,23,1124.0,45,,14,12,7,5,10,0,0,0,-0.002696629213483126,-0.04461469130238849,-0.0022421524663677195,-0.04719101123595504,0.051878354203935606,0.0004719207173193851,0.08865025663952675,-0.09047226798462382,-0.19083969465648853,0.17,8,可能加速下跌,,48,0,0
186,Desert Eagle | The Bronze (Factory New),116.0,113.0,635,50,0.0787,0.9741,steamdt-live,117.38,160,118.88,212,,7,12,12,2,10,0,0,5,0.0008375209380233617,-0.029288702928870314,0.003361344537815114,-0.028475711892797406,0.08876669285153183,0.013100436681222627,0.09019607843137256,-0.09375,-0.39267015706806285,0.35,12,长期阴跌,,48,0,0
187,M4A1-S | Stratosphere (Factory New),178.0,169.0,392,23,0.0587,0.9494,steamdt-live,182.0,264,184.8,356,,3,9,9,2,10,6,4,5,-0.015371991247264738,-0.011056169787210468,-0.04791666666666661,-0.026258205689277947,0.07291666666666663,0.0028169014084507005,0.10327455919395467,-0.09644670050761417,-0.3046875,0.4,15,长期阴跌,,48,0,0
188,Five-SeveN | Boost Protocol (Factory New),53.9,53.0,1320,50,0.0379,0.9833,steamdt-live,52.0,304,52.5,291,,3,12,15,2,10,4,2,0,-0.025650489020114464,-0.015151515151515138,-0.014727272727272811,-0.04041336039859744,0.054545454545454564,0.0,0.14191419141914197,-0.1333333333333333,-0.35403726708074534,0.4,14,长期阴跌,,48,0,0
189,M4A4 | Falak (Factory New),826.0,813.0,75,39,0.52,0.9843,steamdt-live,830.0,56,834.99,144,,20,12,4,2,6,1,2,0,-0.008338296605122086,-0.007807807807807765,0.009560459383079811,-0.016081000595592587,0.024793388429752095,0.007317073170731714,0.03953488372093028,-0.023640661938534313,-0.07585589617364064,0.29,12,可能加速下跌,,47,0,0
190,AK-47 | Leet Museo (Factory New),3299.5,3260.0,539,96,0.1781,0.988,steamdt-live,3360.0,56,3325.81,70,,14,12,12,2,2,0,2,3,0.0,0.015230769230769159,0.0030864197530864335,0.015230769230769159,0.011829889188379794,0.04085173501577288,0.011829889188379794,-0.009010361916203635,-0.1496134020618557,0.4,11,暂未减速,,47,0,0
191,M4A4 | The Emperor (Factory New),1335.0,1310.0,380,58,0.1526,0.9813,steamdt-live,1387.5,195,1358.22,144,,14,12,9,2,10,0,0,0,-0.016488284639861073,-0.02941176470588236,-0.004105149441843703,-0.04541509979751224,0.04933381346777099,0.018212112095896904,0.117056856187291,-0.08301493574157692,-0.23699421965317924,0.19,13,可能加速下跌,,47,0,0
192,M4A4 | Daybreak (Factory New),3788.0,3580.0,171,23,0.1345,0.9451,steamdt-live,3909.26,52,3863.71,53,,11,9,7,2,10,1,2,5,-0.027786946736684137,-0.02569009331563732,-0.00024999999999997247,-0.05276319079769942,0.08924793229467198,0.0,0.09551098376313272,-0.09551098376313272,-0.23467016870390944,0.4,9,可能加速下跌,,47,0,0
193,USP-S | Cortex (Factory New),150.0,147.0,429,37,0.0862,0.98,steamdt-live,147.1,170,146.99,311,,7,12,9,2,10,7,0,0,-0.02664216812126763,-0.00903391087440164,0.026195286195286105,-0.03543539602336099,0.048608414239482145,0.027902097902097855,0.10042839657282743,-0.1031726662599145,-0.3033649289099526,0.32,9,长期阴跌,,47,0,0
194,P250 | Hive (Factory New),36.83,35.1,195,13,0.0667,0.953,steamdt-live,39.68,98,36.84,156,,7,9,7,2,10,6,6,0,-0.010959636460839306,-0.004594594594594659,-0.012668250197941489,-0.015503875968992165,0.027975719187120718,0.0,0.10671840892553963,-0.10671840892553963,-0.5610250297973779,0.4,5,长期阴跌,,47,0,0
195,Five-SeveN | Scumbria (Factory New),27.99,26.1,308,17,0.0552,0.9325,steamdt-live,29.85,65,28.32,135,,3,9,9,2,8,10,6,0,-0.052299052299052295,0.036666666666666625,0.014962593516209433,-0.017550017550017505,0.017550017550017505,0.03705075954057069,0.07102555592432791,-0.04892966360856277,-0.34372801875732706,0.33,5,长期阴跌,,47,0,0
196,★ Hydra Gloves | Rattler (Minimal Wear),208.9,215.0,122,5,0.041,1.0292,steamdt-live,219.0,63,223.56,46,,3,15,7,5,6,0,6,5,0.0,-0.0004784688995215225,0.0048560026924371336,-0.0004784688995215225,0.005238095238095264,0.044499999999999984,0.035860986754049806,-0.035860986754049806,-0.026107226107226045,0.4,6,回撤不明显,,47,0,0
197,USP-S | Guardian (Factory New),28.0,27.0,1185,20,0.0169,0.9643,steamdt-live,27.4,656,27.45,520,,3,12,15,2,8,0,2,5,0.02078853046594986,-0.037921348314606806,0.014545454545454417,-0.017921146953404965,0.054846498792687104,0.03396226415094339,0.0786819098856758,-0.0786819098856758,-0.31500000000000006,0.22,6,长期阴跌,,47,0,0
198,★ Specialist Gloves | Foundation (Minimal Wear),5270.0,5200.0,179,34,0.1899,0.9867,steamdt-live,5190.0,35,5244.02,44,,14,12,7,5,8,0,0,0,-0.018612962962962998,-0.020660478649832337,0.001857146302683299,-0.03888888888888886,0.05567685589519655,0.013671875,0.07321428571428568,-0.07288317256162913,-0.25484458699868917,0.4,8,可能加速下跌,,46,0,0
199,★ Specialist Gloves | Emerald Web (Field-Tested),7339.5,7260.0,354,62,0.1751,0.9892,steamdt-live,7700.0,82,7469.77,69,,14,12,9,5,4,0,2,0,-0.0013626762962458683,0.0015009892883945941,0.019448496214489186,0.00013626762962459793,0.008175675675675675,0.026503496503496482,0.02139869519826021,-0.02139869519826021,-0.21956328720219898,0.4,12,回撤不明显,,46,0,0
200,M4A4 | The Coalition (Factory New),6300.0,6200.0,283,48,0.1696,0.9841,steamdt-live,6300.0,42,6464.71,51,,14,12,9,2,6,0,0,3,0.015645161290322562,0.0004764173415912065,0.0034798090151331174,0.016129032258064502,0.010911374519192996,0.032786885245901676,0.0454516528837966,-0.0454516528837966,-0.24892703862660948,0.32,8,可能加速下跌,,46,0,0
201,★ Driver Gloves | Queen Jaguar (Minimal Wear),641.0,621.0,111,18,0.1622,0.9688,steamdt-live,617.99,76,650.0,85,,14,12,7,5,8,0,0,0,-0.005276884818341765,-0.057942073170731745,-0.010606856199834924,-0.06291320434281555,0.07278319579894976,0.0,0.07331154030710174,-0.05070660522273429,-0.0997829538667715,0.4,8,可能加速下跌,,46,0,0
202,M4A4 | Poseidon (Factory New),7948.0,8010.0,206,32,0.1553,1.0078,steamdt-live,8287.0,106,8200.0,69,,14,15,7,2,8,0,0,0,0.004878346240624332,-0.03537836033739916,-0.0138810716158424,-0.030672601987926096,0.044127905018929825,0.006075949367088551,0.07987960175966657,-0.06494117647058828,-0.24218154080854315,0.4,7,可能加速下跌,,46,0,0
203,AWP | CMYK (Factory New),3100.0,3050.0,263,39,0.1483,0.9839,steamdt-live,3249.4,86,3170.9,78,,11,12,9,2,10,0,2,0,-0.010208816705336465,-0.031098609157680923,-0.026938672301843103,-0.04098994586233562,0.06682440344492302,0.003236245954692629,0.1539301310043668,-0.13864962489580435,-0.306408561155747,0.4,10,长期阴跌,,46,0,0
204,Desert Eagle | Hypnotic (Factory New),979.99,960.0,218,31,0.1422,0.9796,steamdt-live,990.5,81,984.89,68,,11,12,7,2,2,10,2,0,0.00806122448979596,-0.008006883287782096,-0.008428358948934123,-1.0204081632658735e-05,0.008448509622194789,0.010298969072164876,0.013310377462973588,0.015533678756476599,-0.12889777777777778,0.31,10,回撤不明显,,46,0,0
205,Glock-18 | Neo-Noir (Factory New),1029.41,1010.0,387,53,0.137,0.9811,steamdt-live,1100.72,88,1042.0,119,,11,12,9,2,10,0,2,0,-0.020806302131603394,-0.025687378732667576,0.017924528301886733,-0.04595922150139009,0.058868166026695756,0.0,0.08046521183753308,-0.06587114337568045,-0.2204746471194038,0.34,16,可能加速下跌,,46,0,0
206,Glock-18 | Steel Disruption (Factory New),237.38,234.0,360,39,0.1083,0.9858,steamdt-live,234.5,80,244.89,73,,11,12,9,2,10,0,2,0,-0.015936254980079667,-0.05060728744939269,-0.0074736051247576984,-0.06573705179282874,0.083984375,0.0,0.083984375,-0.022916666666666696,-0.24354838709677418,0.4,13,可能加速下跌,,46,0,0
207,USP-S | Black Lotus (Factory New),136.0,127.0,530,54,0.1019,0.9338,steamdt-live,123.93,131,127.86,188,,11,9,12,2,8,0,4,0,-0.012558139534883717,-0.018684251844873545,0.03614457831325302,-0.03100775193798455,0.059867629362214236,0.016260162601626105,0.06015037593984962,-0.0808147657916024,-0.4075829383886256,0.12,6,长期阴跌,,46,0,0
208,Desert Eagle | Mecha Industries (Factory New),153.0,151.0,972,94,0.0967,0.9869,steamdt-live,155.49,373,154.59,149,,7,12,15,2,8,0,2,0,-0.01916789537790886,-0.026274509803921653,0.00638709677419369,-0.044938778126803136,0.05403517683662462,0.01346938775510198,0.0576254032513126,-0.054095238095238196,-0.06887500000000002,0.2,19,可能加速下跌,,46,0,0
209,Desert Eagle | Kumicho Dragon (Factory New),370.0,367.0,513,46,0.0897,0.9919,steamdt-live,380.0,128,390.61,152,,7,15,12,2,10,0,0,0,-0.012836970474967901,-0.03771131339401823,0.016971279373368064,-0.05006418485237485,0.06563297052955885,2.702775750695885e-05,0.10085054678007288,-0.10194174757281549,-0.25626645761723854,0.36,5,可能加速下跌,,46,0,0
210,USP-S | Printstream (Factory New),538.0,522.0,550,49,0.0891,0.9703,steamdt-live,538.0,437,537.0,172,,7,12,12,2,10,0,0,3,-0.004448398576512469,-0.04021447721179627,-0.02768166089965396,-0.04448398576512458,0.07173725151253241,0.01512287334593565,0.10797342192691028,-0.10648918469217972,-0.18697956093868284,0.4,17,可能加速下跌,,46,0,0
211,FAMAS | Afterimage (Factory New),226.5,204.0,77,6,0.0779,0.9007,steamdt-live,278.04,39,239.6,46,,7,6,4,2,10,6,6,5,-0.00219780219780219,-0.0022026431718061845,-0.010869565217391353,-0.00439560439560438,0.01521739130434785,0.0,0.11138138020322486,-0.11138138020322486,-0.3125948406676783,0.4,4,长期阴跌,,46,0,0
212,USP-S | Purple DDPAT (Factory New),137.99,136.0,937,62,0.0662,0.9856,steamdt-live,139.1,169,141.05,280,,7,12,15,2,10,0,0,0,-0.006993006993006978,-0.028239436619718283,0.0005597537083683601,-0.03503496503496495,0.050571074721343034,0.022451096621221023,0.09739665096807948,-0.054863013698630114,-0.39478070175438595,0.36,13,长期阴跌,,46,0,0
213,FAMAS | Neural Net (Factory New),31.48,31.0,479,24,0.0501,0.9848,steamdt-live,32.63,121,31.72,261,,3,12,9,2,10,10,0,0,0.013941698352344822,-0.016249999999999987,-0.058191584601611446,-0.0025348542458808465,0.060578931662190305,0.04933333333333345,0.12966546862040362,-0.12966546862040362,-0.4750708687677172,0.4,8,长期阴跌,,46,0,0
214,AWP | Acheron (Factory New),43.9,43.2,2455,72,0.0293,0.9841,steamdt-live,43.0,592,43.72,520,,3,12,15,2,8,0,6,0,0.07086247086247077,-0.06399651719634303,0.03323699421965309,0.002331002331002363,0.07526881720430112,0.04521147301895967,0.07526881720430112,-0.016918152720621915,-0.44083224967490253,0.4,14,长期阴跌,,46,0,0
215,Desert Eagle | Printstream (Factory New),396.8,380.0,1252,36,0.0288,0.9577,steamdt-live,395.0,961,402.28,391,,3,9,15,2,10,2,0,5,0.0,-0.033047735618115026,-0.046674445740956805,-0.033047735618115026,0.08135262105214203,0.0,0.14649956784788243,-0.13472070098576128,-0.1880781089414183,0.4,14,可能加速下跌,,46,0,0
216,Five-SeveN | Angry Mob (Factory New),516.5,503.0,251,46,0.1833,0.9739,steamdt-live,519.5,74,526.19,85,,14,12,9,2,8,0,0,0,-0.010091743119266083,-0.04263206672845232,0.028301886792452935,-0.05229357798165135,0.053630650273924885,0.0,0.053630650273924885,0.01773399014778332,0.1155507559395248,0.4,12,可能加速下跌,,45,0,0
217,AK-47 | The Oligarch (Factory New),1459.0,1380.0,203,35,0.1724,0.9459,steamdt-live,1450.0,177,1488.51,106,,14,9,7,2,8,0,2,3,-0.0006675567423231055,-0.03139612558450233,-0.03041443633939378,-0.03204272363150873,0.061482598592871196,0.0,0.07643312101910826,-0.06451612903225812,-0.16881627973631408,0.4,9,可能加速下跌,,45,0,0
218,M4A1-S | Golden Coil (Factory New),1398.5,1380.0,322,52,0.1615,0.9868,steamdt-live,1411.11,97,1438.0,123,,14,12,9,2,8,0,0,0,-0.0038327526132404532,-0.021685904162294545,-0.005164823737391244,-0.025435540069686402,0.030468993725952354,0.007927927927927847,0.0735342828751242,-0.06766666666666665,-0.14149785144260285,0.4,9,可能加速下跌,,45,0,0
219,P250 | Kintsugi (Factory New),115.0,116.0,114,15,0.1316,1.0087,steamdt-live,115.0,118,120.26,59,,11,15,7,2,8,0,2,0,-0.0033783783783783994,-0.025423728813559365,0.02867072111207647,-0.028716216216216228,0.05256220135112866,0.0,0.05256220135112866,-0.03685092127303191,-0.0456431535269709,0.19,11,可能加速下跌,,45,0,0
220,AK-47 | Frontside Misty (Factory New),669.5,663.0,415,52,0.1253,0.9903,steamdt-live,660.63,92,685.07,186,,11,15,9,2,8,0,0,0,-0.011649928263988474,-0.04100859365927301,0.0,-0.05218077474892402,0.07604195804195801,0.0,0.07861924686192467,-0.07861924686192467,-0.1927490010630888,0.4,17,可能加速下跌,,45,0,0
221,M4A4 | Howl (Factory New),43989.5,45070.0,90,11,0.1222,1.0246,steamdt-live,44600.0,106,46026.41,24,,11,15,4,5,4,0,6,0,-0.0035089686098654926,-0.010215217073362814,-0.008811796473058964,-0.013688340807174848,0.022444693829931417,0.004326484018264853,0.022444693829931417,-0.022444693829931417,-0.02675944158056598,0.4,6,可能加速下跌,,45,0,0
222,AWP | Silk Tiger (Factory New),2685.0,2620.0,318,37,0.1164,0.9758,steamdt-live,2726.29,74,2700.0,75,,11,12,9,2,8,0,0,3,-0.0071428571428571175,-0.03417266187050361,-0.030803152658887667,-0.04107142857142854,0.07349896480331264,0.001865671641791078,0.07413793103448274,-0.07413793103448274,-0.24291555054278868,0.4,7,可能加速下跌,,45,0,0
223,M4A1-S | Player Two (Factory New),896.5,888.0,478,54,0.113,0.9905,steamdt-live,938.5,139,934.5,177,,11,15,9,2,8,0,0,0,-0.002173211403980635,-0.033402337516711955,-0.022607781282860118,-0.035502958579881616,0.05730809674027337,0.0,0.07002074688796678,-0.07002074688796678,-0.0971802618328298,0.4,10,可能加速下跌,,45,0,0
224,AWP | Wildfire (Factory New),885.0,863.0,499,53,0.1062,0.9751,steamdt-live,879.98,174,899.0,164,,11,12,9,2,8,0,0,3,-0.008929765886287577,-0.010697533155603511,-0.006094182825484795,-0.01953177257525085,0.025506925207756215,0.022651162790697787,0.052917232021709615,-0.04300326441784541,-0.11787362086258779,0.19,10,可能加速下跌,,45,0,0
225,Desert Eagle | Golden Koi (Factory New),1169.5,1130.0,473,50,0.1057,0.9662,steamdt-live,1180.0,176,1169.5,156,,11,12,9,2,8,1,2,0,-0.014148980441115233,-0.012663571127057849,-0.010296540362438211,-0.02663337494798168,0.03586150041220115,0.016956521739130537,0.07108078698003961,-0.07804493496255416,-0.19897260273972606,0.39,13,可能加速下跌,,45,0,0
226,Glock-18 | Ramese's Reach (Factory New),376.0,365.0,538,56,0.1041,0.9707,steamdt-live,409.0,100,390.5,145,,11,12,12,2,8,0,0,0,-0.008117706747843734,-0.039641943734015306,0.03193717277486918,-0.04743784880771185,0.07283950617283952,0.017615176151761558,0.07283950617283952,-0.06115611561156109,-0.24598393574297184,0.15,16,可能加速下跌,,45,0,0
227,Glock-18 | Snack Attack (Factory New),591.5,586.0,361,37,0.1025,0.9907,steamdt-live,613.79,71,594.43,97,,11,15,9,2,8,0,0,0,-0.011231884057971042,-0.014790632599353759,0.01879194630872494,-0.025856389986824824,0.025856389986824824,0.019845169744305835,0.060365369340746655,-0.060365369340746655,-0.2505828096493006,0.35,7,可能加速下跌,,45,0,0
228,Desert Eagle | Starcade (Factory New),909.5,894.0,590,42,0.0712,0.983,steamdt-live,950.0,146,922.5,170,,7,12,12,2,10,0,2,0,0.002136752136752129,-0.03038379530916846,-0.0037253858435337683,-0.028311965811965822,0.03621990505256012,0.0005500550055006492,0.16940639269406388,-0.15787037037037033,-0.3287822878228782,0.37,15,长期阴跌,,45,0,0
229,AWP | Chromatic Aberration (Factory New),415.0,406.0,300,21,0.07,0.9783,steamdt-live,414.46,182,425.27,162,,7,12,9,2,4,0,6,5,-0.0012049354154617387,0.0,0.004745762711864332,-0.0012049354154617387,0.002406970586819379,0.005970873786407704,0.028457571495546286,-0.028685258964143423,-0.11440170940170946,0.4,2,回撤不明显,,45,0,0
230,M4A4 | Neo-Noir (Factory New),543.0,541.0,912,48,0.0526,0.9963,steamdt-live,549.0,268,553.99,216,,3,15,15,2,10,0,0,0,-0.0149779735682819,-0.028622540250447193,0.018850987432674993,-0.043171806167400906,0.047368421052631615,0.0018450184501845879,0.09499999999999997,-0.09950248756218905,-0.20147058823529407,0.24,15,可能加速下跌,,45,0,0
231,★ Hand Wraps | CAUTION! (Field-Tested),694.0,720.0,640,30,0.0469,1.0375,steamdt-live,685.0,561,695.97,236,,3,15,12,5,10,0,0,0,-0.013513513513513487,-0.06164383561643838,-0.0237467018469657,-0.07432432432432434,0.09446633001084004,0.007352941176470562,0.10911692027571851,-0.10911692027571851,-0.15335937113758846,0.4,14,可能加速下跌,,45,0,0
232,M4A1-S | Nitro (Factory New),61.57,60.0,1263,59,0.0467,0.9745,steamdt-live,58.7,451,59.67,348,,3,12,15,2,4,7,2,0,-0.013333333333333308,-0.0033783783783783994,0.06571936056838368,-0.01666666666666672,0.01666666666666672,0.0535714285714286,0.023178807947019875,-0.023178807947019875,-0.3884742951907131,0.23,13,长期阴跌,,45,0,0
233,FAMAS | Night Borre (Factory New),58.9,55.0,239,11,0.046,0.9338,steamdt-live,64.15,82,61.0,107,,3,9,7,2,8,10,6,0,-0.005076142131979822,0.0,0.018965517241379404,-0.005076142131979822,0.010101010101010166,0.01379310344827589,0.07677814413565709,-0.07677814413565709,-0.3804004214963119,0.4,4,长期阴跌,,45,0,0
234,AK-47 | Bloodsport (Factory New),908.8,901.0,1642,63,0.0384,0.9914,steamdt-live,908.0,1158,910.0,359,,3,15,15,2,10,0,0,0,-0.0037253858435337683,-0.054487179487179516,-0.05148914689550732,-0.058009579563597646,0.10606060606060608,0.0,0.13022113022113024,-0.12462908011869434,-0.13784705309303458,0.23,19,可能加速下跌,,45,0,0
235,AWP | Phobos (Factory New),34.0,31.6,1291,42,0.0325,0.9294,steamdt-live,31.87,406,31.57,520,,3,6,15,2,8,0,6,5,0.009466708740927698,-0.013129102844638862,0.056333333333333346,-0.0037866834963711238,0.019565217391304457,0.05939597315436229,0.07147058823529406,-0.07147058823529406,-0.2025764081838849,0.4,10,可能加速下跌,,45,0,0
236,AK-47 | Safety Net (Factory New),61.44,61.0,2131,51,0.0239,0.9928,steamdt-live,61.99,437,61.6,577,,3,15,15,2,10,0,0,0,-0.012726694241170788,-0.033193683532065754,0.035584843492586504,-0.04549793191218576,0.049730757047830254,0.0036801605888256983,0.10647803425167546,-0.09090909090909094,-0.4285170016192018,0.2,16,长期阴跌,,45,0,0
237,USP-S | Royal Guard (Factory New),28.8,27.0,1078,23,0.0213,0.9375,steamdt-live,28.29,695,28.89,781,,3,9,15,2,10,0,6,0,-0.005172413793103403,-0.03327556325823222,-0.033333333333333326,-0.038275862068965494,0.07033333333333336,0.0,0.086173001310616,-0.06691201070592168,-0.20359794403198173,0.4,15,可能加速下跌,,45,0,0
238,★ Specialist Gloves | Pillow Punchers (Minimal Wear),7499.5,10590.0,92,31,0.337,1.4121,steamdt-live,7849.5,102,7747.0,36,"溢价求购:买一高于卖一,多为定向收特定图案,买一价不可作退出价",20,0,4,5,10,2,0,3,-0.02547770700636942,-0.019673202614379104,-0.018750000000000044,-0.044649681528662444,0.06256249999999997,0.015092041147807267,0.10985163204747772,-0.10985163204747772,-0.1365991250287819,0.4,13,可能加速下跌,买一异常溢价(不作为可成交退出价),44,0,0
239,★ Moto Gloves | Cool Mint (Minimal Wear),6259.0,6080.0,154,26,0.1688,0.9714,steamdt-live,6400.0,34,6388.0,30,,14,12,7,5,6,0,0,0,0.0,0.01133326654666611,0.014567213114754063,0.01133326654666611,0.0,0.043166666666666575,0.03640537174369218,-0.03640537174369218,-0.24581274852391855,0.4,6,回撤不明显,,44,0,0
240,M4A4 | Bullet Rain (Factory New),1277.48,1240.0,307,44,0.1433,0.9707,steamdt-live,1290.0,74,1260.0,138,,11,12,9,2,10,0,0,0,-0.02109981167608288,-0.03038884485451987,0.009505703422053147,-0.05084745762711862,0.05942774389561134,0.008000000000000007,0.09774436090225569,-0.09774436090225569,-0.22085631601078437,0.4,10,可能加速下跌,,44,0,0
241,AWP | LongDog (Factory New),2289.0,2240.0,329,45,0.1368,0.9786,steamdt-live,2349.5,131,2305.79,167,,11,12,9,2,10,0,0,0,-0.012552301255230103,-0.030084745762711917,-0.03238866396761131,-0.04225941422594137,0.07327935222672066,0.003947368421052699,0.10235294117647054,-0.10235294117647054,-0.32177777777777783,0.4,16,长期阴跌,,44,0,0
242,Desert Eagle | Fennec Fox (Factory New),2149.0,2110.0,425,49,0.1153,0.9819,steamdt-live,2179.0,128,2177.77,89,,11,12,9,2,10,0,0,0,-0.0189732142857143,-0.02207053469852105,0.0018426749199420556,-0.04062500000000002,0.057042562527424345,0.015029425934497853,0.08514261387824607,-0.06524169309131389,-0.23446578250848715,0.4,15,可能加速下跌,,44,0,0
243,Galil AR | Sugar Rush (Factory New),748.74,720.0,326,33,0.1012,0.9616,steamdt-live,761.23,72,752.48,85,,11,12,9,2,8,0,2,0,0.0,-0.014815789473684227,0.01333333333333342,-0.014815789473684227,0.021242107739970484,0.012494929006085176,0.061141065830720986,-0.061729323308270634,-0.2730679611650485,0.27,7,可能加速下跌,,44,0,0
244,Desert Eagle | Cobalt Disruption (Factory New),509.5,491.0,603,36,0.0597,0.9637,steamdt-live,514.99,290,528.88,227,,3,12,12,2,10,3,2,0,-0.0059615384615384626,-0.014316115302766441,-0.037019204059334454,-0.02019230769230773,0.05646400859275169,0.02104208416833675,0.13570822731128074,-0.13570822731128074,-0.3019496088451684,0.4,16,长期阴跌,,44,0,0
245,AWP | Green Energy (Factory New),164.0,161.0,745,30,0.0403,0.9817,steamdt-live,160.44,348,168.09,528,,3,12,12,2,10,3,2,0,-0.02817403708987165,-0.018715596330275197,0.013493975903614563,-0.0463623395149787,0.09135187177889792,0.00275000000000003,0.1442743612992693,-0.13968577403614135,-0.30695464362850977,0.36,14,长期阴跌,,44,0,0
246,FAMAS | Hexane (Factory New),43.38,35.6,348,11,0.0316,0.8207,steamdt-live,43.28,117,44.01,61,,3,3,9,2,10,8,4,5,-0.006833712984054552,-0.007339449541284404,-0.08331593234495727,-0.014123006833712926,0.09626226769680513,0.0,0.1895131086142322,-0.1895131086142322,-0.5295140776171323,0.4,7,长期阴跌,,44,0,0
247,MP9 | Mount Fuji (Factory New),76.38,75.0,1240,39,0.0315,0.9819,steamdt-live,73.0,564,79.35,469,,3,12,15,2,10,2,0,0,-0.05012531328320802,-0.03693931398416883,-0.01115241635687736,-0.08521303258145363,0.11515151515151512,0.0,0.16951080773606375,-0.15017462165308504,-0.2905733722060253,0.4,11,可能加速下跌,,44,0,0
248,AK-47 | Ice Coaled (Factory New),76.8,74.0,1692,21,0.0124,0.9635,steamdt-live,77.9,1270,79.75,832,,3,12,15,2,10,0,2,0,0.0,-0.027848101265822822,-0.023244312561819913,-0.027848101265822822,0.04596273291925468,0.0,0.10280373831775702,-0.10385064177362902,-0.16065573770491803,0.39,11,可能加速下跌,,44,0,0
249,★ Broken Fang Gloves | Jade (Minimal Wear),649.0,750.0,79,21,0.2658,1.1556,steamdt-live,705.49,40,704.48,80,"溢价求购:买一高于卖一,多为定向收特定图案,买一价不可作退出价",17,0,4,5,10,2,2,3,-0.0060240963855421326,-0.01666666666666672,-0.030515403708570532,-0.02259036144578308,0.052416411154913134,3.0817590680687346e-05,0.08447127863672266,-0.0843679458239277,-0.18107255520504728,0.4,11,可能加速下跌,买一异常溢价(不作为可成交退出价),43,0,0
250,★ Specialist Gloves | Chocolate Chesterfield (Minimal Wear),999.0,940.0,48,12,0.25,0.9409,steamdt-live,1065.0,42,1049.5,25,,17,9,4,5,8,0,0,0,-0.017322097378277168,-0.048118151500714634,0.01762744163887575,-0.0646067415730337,0.06939916162086635,0.009090909090909038,0.07499999999999996,-0.07069767441860464,-0.15625,0.15,11,可能加速下跌,,43,0,0
251,★ Driver Gloves | Lunar Weave (Minimal Wear),4014.5,3920.0,133,33,0.2481,0.9765,steamdt-live,4989.5,18,4066.0,44,,17,12,7,5,2,0,0,0,-0.004491578290704901,0.006266449429753074,0.00250156347717323,0.0017467248908296096,0.00012453300124537492,0.042727272727272725,0.011085109003571847,-0.0038461538461538325,-0.2524208566108007,0.4,7,回撤不明显,,43,0,0
252,Desert Eagle | Emerald Jörmungandr (Factory New),2687.0,2600.0,310,49,0.1581,0.9676,steamdt-live,2700.0,104,2714.19,119,,14,12,9,2,6,0,0,0,-0.005092761004001467,-0.01755027422303479,0.05730769230769228,-0.022553655874863576,0.03484195402298851,0.033660319292171614,0.04631765749778172,-0.04631765749778172,-0.17065341522886512,0.4,9,可能加速下跌,,43,0,0
253,M4A4 | Dark Blossom (Factory New),277.99,261.0,222,17,0.0766,0.9389,steamdt-live,300.0,90,279.83,118,,7,9,7,2,8,10,0,0,-0.005376536793433417,0.0018018667339363414,0.01487813750454725,-0.003584357862288945,0.021161971830985893,0.06919230769230778,0.07336666666666669,-0.07336666666666669,-0.3101813940792575,0.4,13,长期阴跌,,43,0,0
254,AK-47 | Rat Rod (Factory New),408.5,394.0,499,38,0.0762,0.9645,steamdt-live,415.0,50,412.06,120,,7,12,9,2,8,3,2,0,-0.021618690619327197,-0.015662650602409678,0.013548387096774306,-0.036942735224084755,0.036942735224084755,0.0012500306380058834,0.07053469852104666,-0.07053469852104666,-0.2433784034080385,0.4,9,可能加速下跌,,43,0,0
255,USP-S | Monster Mashup (Factory New),395.5,391.0,567,39,0.0688,0.9886,steamdt-live,413.5,155,401.79,176,,7,12,12,2,10,0,0,0,0.0,-0.04698795180722892,-0.004796163069544335,-0.04698795180722892,0.05833333333333335,0.0012658227848101333,0.10782765621475299,-0.09109711816886512,-0.2973885237164683,0.4,10,可能加速下跌,,43,0,0
256,M4A1-S | Guardian (Factory New),322.5,318.0,671,46,0.0686,0.986,steamdt-live,331.3,307,338.46,218,,7,12,12,2,10,0,0,0,-0.018804664723031994,-0.0417471400980538,0.026946107784431073,-0.05976676384839652,0.06386066763425258,0.0,0.15019762845849804,-0.15019762845849804,-0.372568093385214,0.15,9,长期阴跌,,43,0,0
257,M4A4 | Hellish (Factory New),602.0,591.0,644,43,0.0668,0.9817,steamdt-live,599.99,190,614.9,233,,7,12,12,2,10,0,0,0,-0.01109440531771777,-0.03977018116637865,0.016653258246178693,-0.050423359974677506,0.0553421292943288,0.006711522005402815,0.14272446705149455,-0.13670503597122297,-0.3373937051352843,0.29,17,长期阴跌,,43,0,0
258,Tec-9 | Ossified (Factory New),58.17,53.0,464,30,0.0647,0.9111,steamdt-live,59.42,83,59.02,278,,7,6,9,2,8,0,6,5,-0.00017190991920246201,0.00017193947730409498,0.003276992066229889,0.0,0.005641025641025643,0.00674974039460019,0.06177419354838709,-0.06177419354838709,-0.4782959641255605,0.31,2,长期阴跌,,43,0,0
259,FAMAS | Pulse (Factory New),137.4,135.0,589,38,0.0645,0.9825,steamdt-live,142.0,252,141.74,162,,7,12,12,2,10,0,0,0,-0.012517385257301838,-0.032394366197183055,0.05347985347985351,-0.0445062586926287,0.04998962870773693,0.03308270676691727,0.10424408370819471,-0.10715446097862102,-0.3782805429864253,0.28,11,长期阴跌,,43,0,0
260,M4A1-S | Blue Phosphor (Factory New),2950.0,2910.0,515,33,0.0641,0.9864,steamdt-live,2939.0,346,3056.89,172,,7,12,12,2,10,0,0,0,-0.015365318281592932,-0.06417197452229295,-0.012081784386617112,-0.0785512699905927,0.08968401486988853,0.0,0.10927553804183088,-0.10927553804183088,-0.21219839142091157,0.19,17,可能加速下跌,,43,0,0
261,Tec-9 | Blue Titanium (Factory New),157.0,149.0,530,22,0.0415,0.949,steamdt-live,153.0,49,155.52,165,,3,9,12,2,10,0,2,5,-0.004383735705209668,-0.023674302852402573,-0.01242313966620645,-0.027954256670902233,0.04003011670222112,0.0,0.15934065934065933,-0.15934065934065933,-0.33478260869565213,0.4,4,长期阴跌,,43,0,0
262,★ Sport Gloves | Red Racer (Minimal Wear),1649.5,2110.0,52,16,0.3077,1.2792,steamdt-live,1649.5,73,1678.0,32,"溢价求购:买一高于卖一,多为定向收特定图案,买一价不可作退出价",20,0,4,5,10,0,0,3,-0.02000588408355397,-0.033323326328429936,-0.0478991596638656,-0.05266254780817892,0.09778649481647517,0.0,0.11025145067698261,-0.10530702973048067,-0.16731316265839147,0.15,4,可能加速下跌,买一异常溢价(不作为可成交退出价),42,0,0
263,★ Driver Gloves | Hand Sweaters (Field-Tested),640.0,810.0,104,27,0.2596,1.2656,steamdt-live,648.7,97,687.0,33,"溢价求购:买一高于卖一,多为定向收特定图案,买一价不可作退出价",17,0,7,5,6,0,2,5,0.0007668711656441118,-0.019157088122605415,-0.012121212121212088,-0.018404907975460127,0.030303030303030276,0.001753067868770275,0.030303030303030276,-0.022900763358778664,-0.10801393728222997,0.15,6,可能加速下跌,买一异常溢价(不作为可成交退出价),42,0,0
264,Desert Eagle | Directive (Factory New),560.0,511.0,116,26,0.2241,0.9125,steamdt-live,666.0,18,587.6,27,,17,6,7,2,10,0,0,0,-0.014455782312925214,-0.05090595340811044,-0.0240663900414938,-0.06462585034013602,0.08713692946058094,0.0,0.11843433938675085,-0.11843433938675085,0.17521367521367526,0.19,6,可能加速下跌,,42,0,0
265,AK-47 | Aphrodite (Factory New),1589.99,1550.0,356,49,0.1376,0.9748,steamdt-live,1600.0,222,1641.17,205,,11,12,9,2,8,0,0,0,-0.004230885463886391,-0.03490743550834596,-0.0021049584135006683,-0.03899063161075855,0.04159734779987945,0.0,0.061565248185091126,-0.06184210526315781,-0.135405111473627,0.38,13,可能加速下跌,,42,0,0
266,M4A1-S | Nightmare (Factory New),1514.7,1480.0,398,52,0.1307,0.9771,steamdt-live,1455.92,69,1519.77,54,,11,12,9,2,8,0,0,0,-0.011513970110461402,-0.04296381994110221,0.016029365163198417,-0.05398310591293043,0.07349450493505838,0.0,0.07349450493505838,-0.052135416666666656,-0.04810722458319705,0.4,14,可能加速下跌,,42,0,0
267,AWP | Corticera (Factory New),740.0,718.0,185,24,0.1297,0.9703,steamdt-live,761.24,54,753.74,61,,11,12,7,2,10,0,0,0,-0.021761006289308105,-0.048476276199048485,-0.03047598141440755,-0.0691823899371069,0.09754997012158684,0.0,0.1445086705202312,-0.1445086705202312,-0.22104443204665314,0.4,13,可能加速下跌,,42,0,0
268,AWP | Hyper Beast (Factory New),899.0,876.0,360,45,0.125,0.9744,steamdt-live,891.79,92,902.89,92,,11,12,9,2,8,0,0,0,-0.009918256130790226,-0.01828489652135623,-0.0005446623093682268,-0.02802179836512264,0.03642355483522419,0.02516381193240602,0.05869748786151574,-0.045182496600606026,-0.12268568617806197,0.4,12,可能加速下跌,,42,0,0
269,M4A4 | Buzz Kill (Factory New),2754.0,2720.0,968,86,0.0888,0.9877,steamdt-live,2759.99,153,2737.0,144,,7,12,15,2,4,0,2,0,0.0035447761194029592,0.01766127532998696,-0.007039644312708426,0.021268656716417977,0.0008031542056073926,0.03674242424242413,0.015467625899280524,-0.018996415770609287,-0.19262536873156344,0.4,13,回撤不明显,,42,0,0
270,Glock-18 | Franklin (Factory New),604.5,597.0,432,36,0.0833,0.9876,steamdt-live,611.0,88,629.78,140,,7,12,9,2,10,2,0,0,-0.020202342578112487,-0.015472312703583069,-0.02610884903490518,-0.03536207831998206,0.06054766419047031,0.026315789473684292,0.0825339970859641,-0.07709923664122142,-0.3313053097345132,0.4,16,长期阴跌,,42,0,0
271,FAMAS | Cyanospatter (Factory New),33.9,33.3,292,23,0.0788,0.9823,steamdt-live,39.97,59,35.47,107,,7,12,9,2,10,0,2,0,0.0,-0.02857142857142858,0.13012592831772696,-0.02857142857142858,0.039548022598870025,0.002949852507374784,0.11412193850964047,-0.11412193850964047,-0.3873873873873874,0.22,6,长期阴跌,,42,0,0
272,AWP | Crakow! (Factory New),396.0,386.0,735,40,0.0544,0.9747,steamdt-live,400.0,381,411.0,269,,3,12,12,2,10,0,0,3,-0.003658536585365857,-0.030599755201958345,-0.03301886792452835,-0.034146341463414664,0.06603773584905659,0.0,0.1583064104744092,-0.1482039148203914,-0.30281690140845074,0.4,17,长期阴跌,,42,0,0
273,AK-47 | Inheritance (Factory New),614.0,607.0,869,46,0.0529,0.9886,steamdt-live,618.0,744,624.99,234,,3,12,12,2,8,0,2,3,-0.0015898251192368873,-0.023089171974522316,-0.02024922118380057,-0.024642289348171698,0.048099301784328974,0.0,0.07322084082360236,-0.07393430745079099,-0.20818275684047494,0.21,9,可能加速下跌,,42,0,0
274,AK-47 | Blue Laminate (Factory New),137.28,135.0,1250,64,0.0512,0.9834,steamdt-live,132.19,699,137.66,453,,3,12,15,2,10,0,0,0,-0.010729927007299245,-0.023906146240684767,0.014814814814814836,-0.034379562043795664,0.04724522866402592,0.014493865030674735,0.10006802721088437,-0.10006802721088437,-0.3860968026358532,0.4,12,长期阴跌,,42,0,0
275,Galil AR | Blue Titanium (Factory New),80.0,78.0,881,42,0.0477,0.975,steamdt-live,80.0,134,82.99,233,,3,12,12,2,10,0,0,3,-0.0011934598400764607,-0.04409128928187356,0.043721973094170474,-0.04523212793889497,0.06749038349457981,0.0,0.14612018358416046,-0.14612018358416046,-0.4851994851994852,0.4,9,长期阴跌,,42,0,0
276,M4A4 | In Living Color (Factory New),489.5,487.0,855,38,0.0444,0.9949,steamdt-live,506.0,177,500.0,217,,3,15,12,2,8,0,2,0,0.0029910269192423566,-0.026838966202783254,-0.006930693069306937,-0.023928215353938187,0.03736479842674534,0.0,0.0755429650613787,-0.0755429650613787,-0.2451811873554356,0.4,13,可能加速下跌,,42,0,0
277,AK-47 | Safari Mesh (Factory New),29.79,30.0,586,25,0.0427,1.007,steamdt-live,32.69,183,31.46,214,,3,15,12,2,10,0,0,0,-0.004077791718946067,-0.06173228346456694,0.01206349206349211,-0.06555834378920955,0.0748447204968945,0.0,0.09176829268292674,-0.09176829268292674,-0.4042,0.4,22,长期阴跌,,42,0,0
278,★ Specialist Gloves | Lt. Commander (Field-Tested),561.0,550.0,538,22,0.0409,0.9804,steamdt-live,555.0,504,570.0,185,,3,12,12,5,10,0,0,0,-0.0043177892918825345,-0.037294015611448406,-0.027707808564231717,-0.041450777202072575,0.06801007556675065,0.0,0.13953488372093026,-0.13953488372093026,-0.21441512852451594,0.4,19,可能加速下跌,,42,0,0
279,Desert Eagle | Conspiracy (Factory New),137.8,136.0,1414,49,0.0347,0.9869,steamdt-live,135.3,835,138.99,309,,3,12,15,2,6,0,4,0,0.0,-0.011055349479962229,0.0001454862879173291,-0.011055349479962229,0.021023831809345417,0.030075757575757534,0.046827900455660765,-0.03567375886524826,-0.12277419354838714,0.23,15,可能加速下跌,,42,0,0
280,AK-47 | Phantom Disruptor (Factory New),113.4,111.0,1617,53,0.0328,0.9788,steamdt-live,112.0,342,115.0,602,,3,12,15,2,10,0,0,0,0.012618025751072848,-0.05060608629312535,-0.008510638297872353,-0.03862660944206009,0.058269570335491516,0.02752293577981657,0.09960607765897578,-0.09670134688281307,-0.32121212121212117,0.4,13,长期阴跌,,42,0,0
281,AK-47 | Legion of Anubis (Factory New),319.49,319.0,882,27,0.0306,0.9985,steamdt-live,330.99,334,330.74,263,,3,15,12,2,8,0,2,0,-0.007587253414264028,-0.02296636085626913,-0.014092935579426036,-0.030379362670713173,0.04117523483688956,0.001567447255399923,0.0616758201415607,-0.05615952732644014,-0.09003133010538311,0.28,15,可能加速下跌,,42,0,0
282,AWP | Graphite (Factory New),764.0,800.0,604,17,0.0281,1.0471,steamdt-live,766.0,435,783.0,344,,3,15,12,2,8,0,2,0,-0.013443339608576466,-0.02155398742363901,-0.005053489044488324,-0.03470756945936049,0.039585664181825075,0.0,0.058533579790511436,-0.058533579790511436,-0.1492204899777283,0.4,16,可能加速下跌,,42,0,0
283,AWP | Mortis (Factory New),59.0,57.0,1038,29,0.0279,0.9661,steamdt-live,59.87,349,62.84,384,,3,12,15,2,10,0,0,0,-0.01300813008130075,-0.09390444810543663,0.0032626427406199365,-0.10569105691056913,0.12,0.0,0.19778296382730454,-0.19778296382730454,-0.3764172335600907,0.4,11,长期阴跌,,42,0,0
284,AK-47 | Point Disarray (Factory New),317.5,306.0,1076,30,0.0279,0.9638,steamdt-live,330.0,353,332.99,275,,3,12,15,2,10,0,0,0,-0.0344030066493205,-0.04940119760479045,-0.012983307176487435,-0.08210465452442894,0.09399611916447892,0.0,0.1476510067114094,-0.14073071718538566,-0.2767653758542141,0.39,15,可能加速下跌,,42,0,0
285,Galil AR | Rainbow Spoon (Factory New),132.0,128.0,937,24,0.0256,0.9697,steamdt-live,136.5,407,139.75,670,,3,12,15,2,10,0,0,0,-0.0035842293906810374,-0.046762589928057596,-0.03125,-0.05017921146953408,0.08298152121254077,0.00913937547600896,0.1820987654320988,-0.16666666666666663,-0.29034331315944517,0.4,12,可能加速下跌,,42,0,0
286,Tec-9 | Titanium Bit (Factory New),480.0,460.0,563,8,0.0142,0.9583,steamdt-live,474.5,10,535.46,16,,3,9,12,2,10,0,6,0,0.05663567202028741,-0.051000000000000045,0.021588946459412783,0.0027472527472527375,0.13727272727272732,0.024616713452817907,0.13727272727272732,-0.10621786057375349,-0.08372919321824435,0.4,12,可能加速下跌,,42,0,0
287,AK-47 | AUTOEXEC (Factory New),3798.5,3640.0,28,30,1.0714,0.9583,steamdt-live,3888.0,22,3888.0,26,,20,9,2,2,6,0,2,0,-0.004819590986062217,-0.005628272251308908,0.0022193211488250597,-0.01042073726716164,0.010678473759604068,0.010239361702127692,0.03981294236602628,-0.026025641025640978,-0.18997993342417674,0.4,5,可能加速下跌,,41,0,0
288,★ Sport Gloves | Creme Pinstripe (Minimal Wear),984.0,1290.0,52,18,0.3462,1.311,steamdt-live,998.5,49,998.89,41,"溢价求购:买一高于卖一,多为定向收特定图案,买一价不可作退出价",20,0,4,5,8,2,2,0,-0.0004999999999999449,-0.01550775387693848,-0.019607843137254943,-0.016000000000000014,0.03529411764705881,0.014432989690721598,0.052935514918190596,-0.049275362318840554,-0.13624353718805138,0.15,9,可能加速下跌,买一异常溢价(不作为可成交退出价),41,0,0
289,★ Bloodhound Gloves | Snakebite (Field-Tested),1087.0,1040.0,245,48,0.1959,0.9568,steamdt-live,1250.0,19,1096.27,72,,14,9,7,5,4,0,2,0,0.0,-0.008455946071679432,0.031880647590361244,-0.008455946071679432,0.008455946071679432,0.03523809523809529,0.02859696157283287,-0.04732690622261171,-0.15694608177700553,0.17,7,回撤不明显,,41,0,0
290,★ Sport Gloves | Hedge Maze (Minimal Wear),40487.0,58000.0,216,42,0.1944,1.4326,steamdt-live,41300.0,184,41999.5,35,"溢价求购:买一高于卖一,多为定向收特定图案,买一价不可作退出价",14,0,7,5,10,0,2,3,-2.409638554212723e-05,-0.024398178269355864,-0.011881235267506396,-0.02442168674698797,0.03601276220862404,0.0,0.11010858097415155,-0.11010858097415155,-0.13840178761438604,0.12,3,可能加速下跌,买一异常溢价(不作为可成交退出价),41,0,0
291,AK-47 | Crane Flight (Factory New),293.0,280.0,242,42,0.1736,0.9556,steamdt-live,298.8,203,300.0,134,,14,9,7,2,6,1,2,0,0.0050167224080268635,-0.024958402662229595,-0.022875816993464082,-0.02006688963210701,0.042483660130718914,0.010344827586206806,0.04476249470218108,-0.03300330033003296,-0.12797619047619047,1.4,13,可能加速下跌,,41,0,0
292,Desert Eagle | Light Rail (Factory New),78.84,75.0,387,49,0.1266,0.9513,steamdt-live,75.45,163,80.17,137,,11,9,9,2,10,0,0,0,-0.032459578637922704,-0.04734776553994169,-0.010424242424242447,-0.07827045565899071,0.09337349397590367,0.0,0.15354330708661423,-0.10052593832177859,-0.12398137369033768,0.4,11,可能加速下跌,,41,0,0
293,USP-S | The Traitor (Factory New),570.5,546.0,301,34,0.113,0.9571,steamdt-live,592.39,97,569.5,125,,11,9,9,2,10,0,0,0,-0.0016794178018286754,-0.03228547153780803,-0.012563024506273113,-0.033910668543995715,0.046047672490326486,0.035454545454545405,0.09025559105431313,-0.08878542056672911,-0.25062831427556354,0.4,13,可能加速下跌,,41,0,0
294,M4A4 | Hellfire (Factory New),1839.4,1780.0,606,67,0.1106,0.9677,steamdt-live,1900.0,84,1860.5,90,,11,12,12,2,2,0,2,0,0.004355956813315354,0.037295381672948213,0.009691956645750066,0.041813795558167,0.008602150537634357,0.0708478513356563,0.008602150537634357,0.00792566274938511,-0.23147133229695882,0.4,11,回撤不明显,,41,0,0
295,AK-47 | Orbit Mk01 (Factory New),522.01,512.0,826,60,0.0726,0.9808,steamdt-live,515.99,155,519.22,125,,7,12,12,2,8,0,0,0,-0.008522727272727293,-0.014345749761222493,0.01538461538461533,-0.022746212121212084,0.044462962962962926,0.0340480961923848,0.06944995491433725,-0.06944995491433725,-0.24007363770250367,0.39,16,可能加速下跌,,41,0,0
296,Galil AR | Vandal (Factory New),59.99,53.0,262,19,0.0725,0.8835,steamdt-live,65.0,68,58.0,58,,7,6,9,2,10,7,0,0,0.020581731587004715,-0.033333333333333326,-0.05177419354838708,-0.01343765946589559,0.11987860394537186,0.03571428571428581,0.14693337255478744,-0.14693337255478744,-0.3821900298253089,0.92,6,长期阴跌,,41,0,0
297,USP-S | Para Green (Factory New),185.5,184.0,203,14,0.069,0.9919,steamdt-live,223.0,76,191.0,87,,7,15,7,2,10,0,0,0,-0.004831618108904645,-0.09938340535029377,-0.03730406065398395,-0.10373484079818329,0.1371691706591005,0.0,0.18285538082022812,-0.18000176819025726,-0.4478838026072981,0.4,9,长期阴跌,,41,0,0
298,M4A4 | Desert-Strike (Factory New),399.0,387.0,857,51,0.0595,0.9699,steamdt-live,406.49,148,408.3,202,,3,12,12,2,10,0,2,0,-0.01105392156862739,-0.011127908994027158,0.007407407407407307,-0.022058823529411797,0.02682926829268295,0.019157088122605304,0.08695652173913049,-0.07852193995381063,-0.2836624775583483,0.4,14,可能加速下跌,,41,0,0
299,AWP | Safari Mesh (Factory New),34.71,31.7,456,26,0.057,0.9133,steamdt-live,34.98,130,35.2,198,,3,6,9,2,10,2,4,5,-0.00622347949080615,-0.013378878451466125,-0.025096525096525046,-0.019519094766619616,0.044125758411472704,0.0,0.08765464595946315,-0.10647073988141276,-0.3667093002009867,0.22,14,长期阴跌,,41,0,0
300,Tec-9 | Cracked Opal (Factory New),46.29,44.6,428,23,0.0537,0.9635,steamdt-live,45.57,145,46.71,54,,3,12,9,2,10,3,2,0,-0.00801212646167171,-0.0052390307793058755,0.07395348837209292,-0.013209181463837094,0.025865754595981172,0.038277511961722466,0.08860000000000001,-0.08750500600720856,-0.07378048780487811,0.35,5,可能加速下跌,,41,0,0
301,USP-S | Orion (Factory New),502.0,487.0,565,30,0.0531,0.9701,steamdt-live,518.39,192,499.0,248,,3,12,12,2,10,0,2,0,-0.01797448782373401,-0.01790986026372765,0.016782612113351414,-0.03556242752222649,0.04036616088770939,0.0,0.10251798561151082,-0.10251798561151082,-0.2916962384669979,0.4,9,可能加速下跌,,41,0,0
302,Tec-9 | Flash Out (Factory New),19.49,15.7,909,15,0.0165,0.8055,steamdt-live,17.5,235,18.77,116,,3,3,15,2,10,3,2,3,-0.008333333333333304,-0.01904761904761909,-0.042553191489361764,-0.027222222222222148,0.06861702127659575,0.0005714285714286671,0.204090909090909,-0.1661904761904761,-0.43516129032258055,0.4,9,长期阴跌,,41,0,0
303,M4A1-S | Solitude (Factory New),60.99,57.0,5052,41,0.0081,0.9346,steamdt-live,62.0,2867,61.38,2291,,3,9,15,2,10,0,2,0,-0.016949152542373058,-0.044043887147335314,-0.02052520374283129,-0.06024653312788908,0.0795351645034712,0.00809917355371903,0.10308823529411759,-0.10308823529411759,-0.3744615384615384,0.4,16,长期阴跌,,41,0,0
304,AWP | Sovereign Flame (Factory New),2548.5,2370.0,23,29,1.2609,0.93,steamdt-live,2710.0,24,2607.7,54,,20,6,2,2,10,0,0,0,-0.01185189574776202,-0.04478652468712396,-0.014778379049002144,-0.05610761521338958,0.07005681465723279,0.0,0.11185998856935753,-0.11185998856935753,-0.1724305893813931,0.4,8,可能加速下跌,,40,0,0
305,★ Hand Wraps | Spruce DDPAT (Field-Tested),2354.5,2240.0,280,68,0.2429,0.9514,steamdt-live,2280.0,29,2288.0,59,,17,9,9,5,0,0,0,0,0.004077272727272652,0.03215525788036966,0.00917431192660545,0.036363636363636376,0.0,0.08571428571428563,0.0,0.036363636363636376,-0.029787234042553234,0.35,9,回撤不明显,,40,0,0
306,FAMAS | Roll Cage (Factory New),798.0,787.0,97,15,0.1546,0.9862,steamdt-live,829.5,45,844.55,53,,14,12,4,2,8,0,0,0,-0.005952380952380931,-0.04431137724550893,-0.015782628563394185,-0.050000000000000044,0.06499349713522451,0.0,0.07187718073970684,-0.07187718073970684,-0.16614420062695923,0.37,8,可能加速下跌,,40,0,0
307,Glock-18 | Water Elemental (Factory New),307.0,295.0,662,92,0.139,0.9609,steamdt-live,298.0,248,304.97,275,,11,12,12,2,0,0,3,0,0.06404293381037562,0.0020174848688636615,0.023809523809523725,0.06618962432915931,0.0030110404817663694,0.09506485870723558,0.0030110404817663694,0.08561020036429867,-0.19758737681081373,0.4,18,回撤不明显,,40,0,0
308,★ Sport Gloves | Hedge Maze (Field-Tested),22787.5,30100.0,575,63,0.1096,1.3209,steamdt-live,23049.49,412,23988.0,115,"溢价求购:买一高于卖一,多为定向收特定图案,买一价不可作退出价",11,0,12,5,8,0,4,0,0.006515292538799455,-0.01991397849462362,-0.010622122282899715,-0.013528431351327974,0.02400685298211802,0.012778061734705304,0.05050210425434398,-0.05050210425434398,-0.14811768664249125,0.12,13,可能加速下跌,买一异常溢价(不作为可成交退出价),40,0,0
309,AK-47 | Hydroponic (Factory New),23798.5,22510.0,215,22,0.1023,0.9459,steamdt-live,23999.99,122,23700.0,82,,11,9,7,2,6,1,4,0,-0.008796680497925258,-0.007870060281312763,-0.006083101350654707,-0.016597510373444035,0.02257964738632845,0.0,0.03261357606432913,-0.03263331904732747,-0.10523831996224631,0.39,6,可能加速下跌,,40,0,0
310,Five-SeveN | Triumvirate (Factory New),64.7,60.0,220,22,0.1,0.9274,steamdt-live,67.79,194,64.34,227,,11,6,7,2,8,0,6,0,-0.004313000616142926,-0.004641089108910812,-0.005971520440973821,-0.008934072704867457,0.014852243148063105,0.005312500000000053,0.0794105022177708,-0.0794105022177708,-0.44534482758620686,0.4,7,长期阴跌,,40,0,0
311,Galil AR | Phoenix Blacklight (Factory New),766.5,742.0,467,46,0.0985,0.968,steamdt-live,798.0,159,780.0,131,,7,12,9,2,10,0,0,0,-0.003821656050955413,-0.0421994884910486,-0.05193236714975846,-0.04585987261146496,0.09541062801932365,0.02673063742289239,0.12602100350058343,-0.12602100350058343,-0.3359870211615351,0.4,15,长期阴跌,,40,0,0
312,M4A1-S | Moss Quartz (Factory New),409.0,404.0,448,42,0.0938,0.9878,steamdt-live,420.0,124,410.53,185,,7,12,9,2,10,0,0,0,0.007783783783783749,-0.02500655557939402,0.00916430285838965,-0.017417417417417425,0.02619047619047621,0.02506265664160412,0.09312638580931265,-0.09312638580931265,-0.3226570392328967,0.4,11,长期阴跌,,40,0,0
313,Desert Eagle | Naga (Factory New),125.0,123.0,302,28,0.0927,0.984,steamdt-live,139.2,94,128.0,114,,7,12,9,2,10,0,0,0,-0.017825960419091902,-0.0740054818875473,-0.004057971014492789,-0.09051222351571597,0.09420289855072461,0.016260162601626105,0.17763157894736847,-0.15254237288135597,-0.4305239179954442,0.27,10,长期阴跌,,40,0,0
314,M4A4 | Urban DDPAT (Factory New),114.0,107.0,468,42,0.0897,0.9386,steamdt-live,115.48,114,112.21,147,,7,9,9,2,10,0,0,3,-0.023211154713200344,-0.04085819300794946,-0.026260162601626003,-0.06312098188194037,0.0877235772357724,0.025310672514619936,0.12335937500000005,-0.12335937500000005,-0.34943181818181823,0.4,9,长期阴跌,,40,0,0
315,M4A1-S | Vaporwave (Factory New),819.0,786.0,582,52,0.0893,0.9597,steamdt-live,819.0,251,833.48,166,,7,9,12,2,10,0,0,0,-0.007705098480058181,-0.033514278970970035,-0.01841379310344826,-0.040961146631068646,0.05862068965517242,0.0373654211526282,0.09999999999999998,-0.09947551870869853,-0.20793036750483562,0.39,13,可能加速下跌,,40,0,0
316,AK-47 | Baroque Purple (Factory New),294.5,286.0,318,24,0.0755,0.9711,steamdt-live,299.99,108,305.83,152,,7,12,9,2,10,0,0,0,-0.0008992248062016373,-0.08599981378604005,-0.022727272727272707,-0.08682170542635659,0.10757575757575755,0.03333333333333344,0.15616045845272208,-0.15616045845272208,-0.38645833333333335,0.4,10,长期阴跌,,40,0,0
317,Galil AR | Amber Fade (Factory New),117.48,112.0,568,38,0.0669,0.9534,steamdt-live,117.56,145,122.4,89,,7,9,12,2,10,0,0,0,-0.00876923076923064,-0.08893372652491083,0.08369456485495164,-0.09692307692307689,0.1367647058823529,0.0,0.1367647058823529,-0.08281249999999996,-0.3213480548008556,0.17,15,长期阴跌,,40,0,0
318,Five-SeveN | Berries And Cherries (Factory New),476.5,453.0,289,16,0.0554,0.9507,steamdt-live,479.5,141,494.99,142,,3,9,9,2,10,1,6,0,-0.007150153217568955,-0.019547325102880708,-0.02973240832507429,-0.026557711950970342,0.055500495540138806,0.004214963119072657,0.12648945921173238,-0.12648945921173238,-0.3094202898550724,0.4,17,长期阴跌,,40,0,0
319,★ Broken Fang Gloves | Jade (Field-Tested),418.0,435.0,137,7,0.0511,1.0407,steamdt-live,413.0,121,432.14,66,,3,15,7,5,6,0,4,0,-0.00538402896893464,-0.009580838323353325,0.010277022311006245,-0.014913283781208264,0.03215991012077524,0.001210653753026536,0.03274853801169586,-0.022989863667509436,-0.02934272300469487,0.18,12,可能加速下跌,,40,0,0
320,Galil AR | Black Sand (Factory New),84.0,79.0,905,43,0.0475,0.9405,steamdt-live,79.97,184,81.9,95,,3,9,15,2,8,0,0,3,0.04974999999999996,-0.04774946415813297,0.08342361863488623,-0.0003750000000000142,0.05360946745562134,0.14882919120815985,0.05360946745562134,-0.0003750000000000142,-0.2374368265471537,0.23,8,可能加速下跌,,40,0,0
321,★ Driver Gloves | Imperial Plaid (Field-Tested),874.5,860.0,436,20,0.0459,0.9834,steamdt-live,875.0,343,876.4,128,,3,12,9,5,2,0,4,5,-0.0017094017094017033,-0.0022831050228310223,-0.0028409090909090606,-0.0039886039886040114,0.006818181818181834,0.016279069767441756,0.006818181818181834,-0.0005717552887364308,-0.07805907172995785,0.14,12,回撤不明显,,40,0,0
322,Desert Eagle | Mulberry (Factory New),69.99,64.0,1110,30,0.027,0.9144,steamdt-live,67.11,595,72.39,294,,3,6,15,2,10,1,0,3,-0.030205113796010208,-0.02781399391568884,-0.06710353866317154,-0.057178982860354166,0.12044560943643512,0.0,0.15786171414230143,-0.15786171414230143,-0.22684331797235024,0.4,16,暂未减速,,40,0,0
323,Glock-18 | Vogue (Factory New),63.77,60.0,895,24,0.0268,0.9409,steamdt-live,63.5,339,65.88,622,,3,9,12,2,8,2,4,0,-0.0076098773101414,-0.006259780907668211,-0.009384615384615325,-0.013822022053113892,0.026073619631901912,0.007936507936507908,0.07971014492753625,-0.04338656221753534,-0.22466422466422475,0.28,11,暂未减速,,40,0,0
324,★ Specialist Gloves | Lime Polycam (Minimal Wear),3099.0,4260.0,35,33,0.9429,1.3746,steamdt-live,2990.0,38,3232.83,24,"溢价求购:买一高于卖一,多为定向收特定图案,买一价不可作退出价",20,0,4,5,10,0,0,0,-0.0056285178236398226,-0.05974842767295596,-0.0006249999999999867,-0.06504065040650409,0.06562500000000004,0.0,0.12032950867902326,-0.11799410029498525,-0.212007010238638,0.15,9,可能加速下跌,买一异常溢价(不作为可成交退出价),39,0,0
325,★ Driver Gloves | Brocade Flowers (Minimal Wear),2385.5,3040.0,44,15,0.3409,1.2744,steamdt-live,2350.0,57,2463.52,30,"溢价求购:买一高于卖一,多为定向收特定图案,买一价不可作退出价",20,0,4,5,8,0,2,0,-0.004563368595727035,-0.020629297770368815,-0.0026892842366570413,-0.02509852727649864,0.027317880794701987,0.0,0.06000000000000005,-0.026915113871635588,-0.1440507887480923,0.15,2,可能加速下跌,买一异常溢价(不作为可成交退出价),39,0,0
326,★ Sport Gloves | Frosty (Minimal Wear),1998.5,3150.0,54,16,0.2963,1.5762,steamdt-live,2029.5,65,2040.0,25,"溢价求购:买一高于卖一,多为定向收特定图案,买一价不可作退出价",17,0,4,5,10,0,0,3,-0.004761904761904745,-0.04377990430622014,-0.05384095517008336,-0.04833333333333334,0.09957197567019604,0.009343434343434431,0.12672055931833082,-0.11921551344204495,-0.2001200720432259,0.4,6,可能加速下跌,买一异常溢价(不作为可成交退出价),39,0,0
327,Tec-9 | Cut Out (Factory New),99.99,72.0,21,6,0.2857,0.7201,steamdt-live,92.69,24,97.0,28,,17,1,2,2,2,10,0,5,0.0,0.05329545454545448,-0.05264291096996443,0.05329545454545448,0.002153084293250118,0.09047058823529408,0.00855706492673014,-0.00855706492673014,-0.3000830627501322,0.4,2,长期阴跌,,39,0,0
328,★ Sport Gloves | Superconductor (Minimal Wear),14299.0,23700.0,180,45,0.25,1.6575,steamdt-live,14797.0,144,15096.51,34,"溢价求购:买一高于卖一,多为定向收特定图案,买一价不可作退出价",17,0,7,5,10,0,0,0,0.01233552631578938,-0.07073923639317625,-0.012987012987012991,-0.05927631578947368,0.0774243499580618,0.0,0.14785458879618596,-0.1431567593480345,-0.23121589290034683,0.4,11,可能加速下跌,买一异常溢价(不作为可成交退出价),39,0,0
329,P250 | Lotus Imprint (Factory New),75.0,69.0,74,16,0.2162,0.92,steamdt-live,74.75,100,76.0,95,,17,6,4,2,8,0,2,0,-0.0025974025974025983,-0.02669270833333326,-0.012820512820512775,-0.02922077922077926,0.04166666666666663,0.0,0.07154390758911944,-0.07154390758911944,-0.14668949771689488,0.2,10,可能加速下跌,,39,0,0
330,M4A4 | Dark Operative (Factory New),38.97,35.3,103,22,0.2136,0.9058,steamdt-live,38.3,83,39.0,97,,17,6,7,2,4,0,3,0,-0.0007692307692307443,-0.01719271234282782,-0.0033222591362126463,-0.017948717948717996,0.02121134679274228,0.06388888888888888,0.02717805435610876,-0.02717805435610876,-0.16008771929824572,0.4,11,可能加速下跌,,39,0,0
331,FAMAS | Meltdown (Factory New),430.0,405.0,138,15,0.1087,0.9419,steamdt-live,444.59,52,434.57,82,,11,9,7,2,8,0,2,0,-0.008837617216487903,-0.024412378618749453,0.010659090909090896,-0.033034248577660796,0.0337078651685393,0.0,0.06700225655268177,-0.037148167222732176,-0.29371571236161764,0.4,7,可能加速下跌,,39,0,0
332,M4A1-S | Atomic Alloy (Factory New),1126.8,1100.0,524,51,0.0973,0.9762,steamdt-live,1120.5,81,1130.14,61,,7,12,12,2,6,0,0,0,0.0,-0.012780960775672146,0.015212527964205913,-0.012780960775672146,0.037800687285223344,0.06666666666666665,0.037800687285223344,0.07692307692307687,0.11442786069651745,0.4,17,可能加速下跌,,39,0,0
333,Tec-9 | Fuel Injector (Factory New),224.0,214.0,413,39,0.0944,0.9554,steamdt-live,222.07,150,232.09,195,,7,9,9,2,10,0,2,0,-0.0018929616245052516,-0.04280172413793104,-0.012993630573248427,-0.04461366374118059,0.06299578059071731,0.0,0.09543788187372715,-0.09359183673469396,-0.2040501792114695,0.4,7,可能加速下跌,,39,0,0
334,FAMAS | Djinn (Factory New),196.0,188.0,136,12,0.0882,0.9592,steamdt-live,213.55,51,194.66,98,,7,9,7,2,8,0,6,0,0.012782187403360457,-0.009363867684478389,-0.004361882280494611,0.0032986290073186986,0.011878172588832503,0.013484667048471843,0.07043598682011365,-0.07043598682011365,-0.32308655283930865,0.4,12,长期阴跌,,39,0,0
335,Glock-18 | Bunsen Burner (Factory New),27.49,25.4,473,29,0.0613,0.924,steamdt-live,28.38,201,27.35,155,,7,6,9,2,8,1,6,0,-0.010397992111867982,-0.009057971014492794,0.033728687916975586,-0.01936177841520259,0.02251608291636875,0.01371386212008896,0.07601351351351349,-0.07601351351351349,-0.3037169042769857,0.4,11,长期阴跌,,39,0,0
336,FAMAS | ZX Spectron (Factory New),129.0,126.0,614,36,0.0586,0.9767,steamdt-live,128.48,145,125.09,161,,3,12,12,2,8,0,2,0,-0.010697674418604586,-0.01982447892179906,0.06514738667327213,-0.030310077519379863,0.03375560018538548,0.032862686813640574,0.059473684210526345,-0.059473684210526345,-0.2932768361581921,0.3,10,可能加速下跌,,39,0,0
337,Tec-9 | Safety Net (Factory New),67.79,64.0,460,25,0.0543,0.9441,steamdt-live,61.59,126,66.9,265,,3,9,9,2,10,0,6,0,-0.005966039467645734,-0.0521698984302863,-0.004568296025582397,-0.0578246902248738,0.06227161997563946,0.026499999999999968,0.10414545454545454,-0.05246153846153845,-0.4189074440984998,0.32,6,长期阴跌,,39,0,0
338,M4A1-S | Basilisk (Factory New),140.5,136.0,564,29,0.0514,0.968,steamdt-live,147.7,191,146.78,203,,3,12,12,2,10,0,0,0,-0.006308724832214785,-0.05106038092665133,0.014295439074200056,-0.057046979865771785,0.06333333333333335,0.0,0.12132582864290187,-0.12132582864290187,-0.34192037470726,0.4,12,长期阴跌,,39,0,0
339,Galil AR | Firefight (Factory New),49.0,48.0,613,31,0.0506,0.9796,steamdt-live,53.86,123,50.5,166,,3,12,12,2,10,0,0,0,0.00591715976331364,-0.039215686274509776,-0.024812463935372175,-0.033530571992110514,0.0573297422085417,0.0,0.15327458095731805,-0.15356711003627566,-0.4221698113207547,0.33,10,长期阴跌,,39,0,0
340,★ Driver Gloves | Racing Green (Field-Tested),174.5,176.0,182,9,0.0495,1.0086,steamdt-live,177.99,105,185.77,96,,3,15,7,5,4,3,2,0,-0.0083064926258688,-0.005698005698005715,0.005511363636363731,-0.013957167881561872,0.016735222854566967,0.026470588235294024,0.016735222854566967,0.026470588235294024,-0.025139664804469275,0.3,13,可能加速下跌,,39,0,0
341,Glock-18 | AXIA (Factory New),243.0,232.0,729,36,0.0494,0.9547,steamdt-live,252.8,261,258.64,593,,3,9,12,2,10,0,0,3,-0.0017479122159642646,-0.046692607003890996,0.012386944553676615,-0.04835890464167791,0.04854368932038833,0.008230452674897082,0.12003448028158903,-0.12003448028158903,-0.2751479289940828,0.4,14,可能加速下跌,,39,0,0
342,★ Hydra Gloves | Mangrove (Minimal Wear),207.0,203.0,142,7,0.0493,0.9807,steamdt-live,214.0,47,213.3,57,,3,12,7,5,6,0,6,0,0.0,0.012224938875305513,0.0,0.012224938875305513,0.002409638554216831,0.017499016909162446,0.032710280373831724,-0.032710280373831724,-0.056560776628230225,0.33,5,回撤不明显,,39,0,0
343,AK-47 | Emerald Pinstripe (Factory New),67.0,66.0,794,39,0.0491,0.9851,steamdt-live,66.5,244,67.4,260,,3,12,12,2,8,0,2,0,-0.0029806259314454353,-0.005979073243647326,0.002989536621823552,-0.00894187779433675,0.011887072808320909,0.026234567901234573,0.050000000000000044,-0.050000000000000044,-0.36363636363636365,0.38,8,长期阴跌,,39,0,0
344,Glock-18 | Shinobu (Factory New),97.0,93.0,981,44,0.0449,0.9588,steamdt-live,99.0,357,99.0,223,,3,9,15,2,10,0,0,0,-0.01645813282001929,-0.05078774831196786,0.0038647342995170586,-0.06641000962463917,0.07088122605363989,0.0,0.14144096300230136,-0.13777777777777778,-0.27875678489107003,0.4,12,可能加速下跌,,39,0,0
345,M4A1-S | Icarus Fell (Factory New),2479.5,2390.0,629,27,0.0429,0.9639,steamdt-live,2537.48,413,2529.5,186,,3,12,12,2,10,0,0,0,-0.0007692307692307443,-0.04561200923787534,-0.015151515151515138,-0.046346153846153815,0.07446808510638303,0.012040816326530646,0.11980518212702207,-0.11980518212702207,-0.19964493221433177,0.4,7,可能加速下跌,,39,0,0
346,AWP | Black Nile (Factory New),75.89,72.0,956,40,0.0418,0.9487,steamdt-live,78.83,277,77.7,445,,3,9,15,2,10,0,0,0,-0.021217479161404484,-0.020774193548387054,0.0024053677680719865,-0.041550896691083694,0.049830975334919314,0.012947143619861157,0.08455971049457178,-0.08455971049457178,-0.47841924398625424,0.4,17,长期阴跌,,39,0,0
347,Glock-18 | Grinder (Factory New),46.58,44.4,829,32,0.0386,0.9532,steamdt-live,46.3,354,46.34,294,,3,9,12,2,10,0,0,3,0.007446342531756578,0.006521739130434634,-0.0006565988181221893,0.014016644765659336,0.00021593608291958777,0.07799767171129202,0.12310606060606066,-0.12310606060606066,-0.41258563816290283,0.31,7,长期阴跌,,39,0,0
348,M4A1-S | Cyrex (Factory New),1135.5,1100.0,561,19,0.0339,0.9687,steamdt-live,1180.0,243,1190.0,119,,3,12,12,2,10,0,0,0,-0.0008336807002917723,-0.052982895285773934,-0.015180748610415518,-0.053772405168820314,0.06813684841419065,0.0,0.08207168737060044,-0.08207168737060044,-0.12685591199323032,0.4,11,可能加速下跌,,39,0,0
349,USP-S | Bleeding Edge (Factory New),29.8,29.0,840,26,0.031,0.9732,steamdt-live,28.3,475,30.22,374,,3,12,12,2,10,0,0,0,-0.032258064516129004,-0.053333333333333344,-0.027908435246158714,-0.08387096774193548,0.10943869551583574,0.0035335689045936647,0.11222256955298526,-0.07762260474179927,-0.2340884573894283,0.15,13,可能加速下跌,,39,0,0
350,M4A4 | Magnesium (Factory New),33.7,32.0,1320,40,0.0303,0.9496,steamdt-live,32.79,553,33.34,312,,3,9,15,2,10,0,0,0,-0.031554790590935244,-0.05509478672985779,-0.02133632790567097,-0.08491107286288013,0.10594170403587444,0.0,0.13007908371966193,-0.12410763316858875,-0.19849246231155782,0.2,11,可能加速下跌,,39,0,0
351,AWP | Neo-Noir (Factory New),296.5,282.0,1061,32,0.0302,0.9511,steamdt-live,289.5,625,305.0,251,,3,9,15,2,10,0,0,0,-0.004918032786885296,-0.07742998352553543,-0.023968767000544067,-0.08196721311475408,0.1039713270824667,0.0,0.11111111111111116,-0.11111111111111116,-0.12881144990665827,0.4,13,可能加速下跌,,39,0,0
352,AWP | Lightning Strike (Factory New),2594.5,2520.0,599,18,0.0301,0.9713,steamdt-live,2598.5,497,2650.0,163,,3,12,12,2,10,0,0,0,-0.017424638438752416,-0.0798013832239759,-0.02131650750341063,-0.09583551141313817,0.11510914051841747,0.017450980392156756,0.12318350794187227,-0.12318350794187227,-0.15653446033810148,0.4,15,可能加速下跌,,39,0,0
353,M4A4 | Polysoup (Factory New),106.86,100.0,1332,38,0.0285,0.9358,steamdt-live,102.0,324,108.29,447,,3,9,15,2,10,0,0,0,-0.02183406113537123,-0.0580357142857143,-0.037815126050420145,-0.0786026200873362,0.11344537815126055,0.05499999999999994,0.19465648854961837,-0.19465648854961837,-0.39714285714285713,0.16,16,长期阴跌,,39,0,0
354,Five-SeveN | Kami (Factory New),23.92,23.4,728,19,0.0261,0.9783,steamdt-live,25.45,424,24.56,227,,3,12,12,2,10,0,0,0,0.0004022526146421068,-0.03819863289103331,-0.005600000000000049,-0.037811745776347494,0.07751639028152713,0.018305661983823107,0.11177125881916072,-0.09565217391304337,-0.3444779391614141,0.4,7,长期阴跌,,39,0,0
355,AK-47 | Steel Delta (Factory New),41.8,39.9,1775,37,0.0208,0.9545,steamdt-live,42.6,667,42.63,472,,3,9,15,2,10,0,0,0,-0.015945330296127436,-0.03240740740740755,-0.03706953279227909,-0.04783599088838275,0.0669642857142857,0.0072289156626506035,0.12734864300626303,-0.12734864300626303,-0.5298087739032622,0.38,13,长期阴跌,,39,0,0
356,★ Specialist Gloves | Crimson Kimono (Field-Tested),9880.0,8800.0,916,19,0.0207,0.8907,steamdt-live,9620.0,816,10133.64,189,,3,6,15,5,8,0,2,0,-0.00040448983719287845,-0.026808295397066306,-0.011099999999999999,-0.027201941551218578,0.038000000000000034,0.0,0.07933773566848501,-0.06995180571467241,-0.13721973094170403,0.39,4,可能加速下跌,,39,0,0
357,P250 | Iron Clad (Factory New),36.99,27.9,277,5,0.0181,0.7543,steamdt-live,43.0,31,37.56,88,,3,1,9,2,10,14,0,0,-0.023231256599788863,-0.0002702702702702675,-0.04991221469776763,-0.023495248152059167,0.0722347629796839,0.05685714285714294,0.09316008825692568,-0.09316008825692568,-0.3137291280148422,0.32,3,长期阴跌,,39,0,0
358,AWP | PAW (Factory New),39.89,36.2,1291,22,0.017,0.9075,steamdt-live,39.0,1063,43.0,297,,3,6,15,2,10,0,0,3,0.002912621359223211,-0.056147144240077496,-0.03670797287818561,-0.05339805825242727,0.08814589665653505,0.0,0.11764705882352944,-0.11262798634812288,-0.13217623497997322,0.4,12,可能加速下跌,,39,0,0
359,M4A4 | Etch Lord (Factory New),18.87,17.0,921,15,0.0163,0.9009,steamdt-live,18.76,414,18.7,444,,3,6,15,2,10,1,2,0,-0.025012761613067758,-0.020942408376963484,0.0365079365079366,-0.045431342521694784,0.04689092762487268,0.0108108108108107,0.09792571152918483,0.015200868621063846,-0.3593696471394313,0.27,13,长期阴跌,,39,0,0
360,M4A1-S | Glitched Paint (Factory New),30.0,27.0,1325,20,0.0151,0.9,steamdt-live,29.88,783,31.3,648,,3,6,15,2,10,0,0,3,-0.025576255131038894,-0.03175631885936492,-0.040303030303030285,-0.056520366277234,0.10270270270270265,0.0026845637583892135,0.16232127838519772,-0.10619204307508223,-0.21636506687647528,0.35,14,可能加速下跌,,39,0,0
361,Five-SeveN | Orange Peel (Factory New),15.4,14.1,547,8,0.0146,0.9156,steamdt-live,15.89,109,15.95,136,,3,6,12,2,10,1,2,3,-0.013125000000000053,-0.024699176694110148,-0.04306220095693769,-0.03749999999999998,0.08442330558858502,0.0,0.10099241097489775,-0.10099241097489775,-0.5084583466326205,0.38,11,长期阴跌,,39,0,0
362,★ Specialist Gloves | Emerald Web (Minimal Wear),8487.0,10560.0,193,37,0.1917,1.2443,steamdt-live,8750.0,104,8898.0,54,"溢价求购:买一高于卖一,多为定向收特定图案,买一价不可作退出价",14,0,7,5,8,0,4,0,0.005838487773859757,-0.02442528735632188,0.042108433734939776,-0.018729406324064946,0.029944568261043525,0.02259036144578319,0.05573788730043949,-0.05573788730043949,-0.2361173611736117,0.4,5,可能加速下跌,买一异常溢价(不作为可成交退出价),38,0,0
363,★ Moto Gloves | Blood Pressure (Minimal Wear),1098.0,1530.0,113,20,0.177,1.3934,steamdt-live,1140.0,91,1139.0,40,"溢价求购:买一高于卖一,多为定向收特定图案,买一价不可作退出价",14,0,7,5,10,0,2,0,-0.025432203389830543,-0.04520908877468499,-0.008328360968476667,-0.06949152542372883,0.07724113588422665,0.0,0.08423686405337782,-0.05831903945111494,-0.1681818181818182,0.4,8,可能加速下跌,买一异常溢价(不作为可成交退出价),38,0,0
364,★ Sport Gloves | Ultra Violent (Minimal Wear),10000.0,12000.0,291,49,0.1684,1.2,steamdt-live,9999.5,317,10458.5,89,"溢价求购:买一高于卖一,多为定向收特定图案,买一价不可作退出价",14,0,9,5,10,0,0,0,-0.009851972869944103,-4.999999999999449e-05,-0.06395106353399138,-0.009901480271300556,0.07321933361138144,0.0,0.0909545454545454,-0.0909545454545454,-0.16392140468227423,0.4,1,价格更新稀疏,买一异常溢价(不作为可成交退出价),38,0,0
365,M4A1-S | Briefing (Factory New),384.5,351.0,301,42,0.1395,0.9129,steamdt-live,366.27,53,366.76,47,,11,6,9,2,0,10,0,0,-0.052407932011331426,0.09497757847533617,0.1954754808994854,0.03759206798866854,0.0,0.2473012089221862,0.0,0.13028853571979626,-0.2256448202959831,0.4,15,反弹较远,,38,0,0
366,Glock-18 | Bullet Queen (Factory New),642.0,622.0,470,42,0.0894,0.9688,steamdt-live,666.0,96,659.0,141,,7,12,9,2,8,0,0,0,-0.007860326894502223,-0.03850474008177207,-0.005908419497784312,-0.04606240713224363,0.06345733041575496,0.011023622047244164,0.06821480406386071,-0.055882352941176494,-0.2014826055050436,0.32,15,可能加速下跌,,38,0,0
367,★ Broken Fang Gloves | Needle Point (Minimal Wear),338.0,316.0,108,8,0.0741,0.9349,steamdt-live,369.0,57,385.0,28,,7,9,7,5,10,0,0,0,-0.002769308232398182,-0.05189340813464238,-0.0069722222222221575,-0.05451900752468608,0.07425159540960258,0.0,0.08027210884353742,-0.04788732394366202,-0.1264118270398802,0.4,12,可能加速下跌,,38,0,0
368,MP9 | Sand Scale (Factory New),31.59,31.0,801,44,0.0549,0.9813,steamdt-live,29.76,217,32.07,139,,3,12,12,2,6,0,3,0,0.01633333333333331,-0.02394227615611666,0.09130592942888338,-0.007999999999999896,0.0340798442064264,0.08257548199345233,0.0340798442064264,0.0003361344537815558,-0.307906976744186,0.4,13,长期阴跌,,38,0,0
369,★ Moto Gloves | 3rd Commando Company (Field-Tested),227.4,230.0,196,10,0.051,1.0114,steamdt-live,217.99,202,227.52,135,,3,15,7,5,8,0,0,0,0.007973273942093462,-0.030005744840691073,-0.0195222081495392,-0.022271714922049046,0.04148471615720528,0.006926923253360195,0.07625620738995031,-0.0578994806644062,-0.122,0.18,8,可能加速下跌,,38,0,0
370,P250 | Inferno (Factory New),43.0,40.6,347,17,0.049,0.9442,steamdt-live,42.95,124,44.01,147,,3,9,9,2,8,0,4,3,0.0,-0.005096131572851492,-0.005528680027643285,-0.005096131572851492,0.011962272831837928,0.0,0.057700745941202225,-0.057700745941202225,-0.27802992099512525,0.37,3,可能加速下跌,,38,0,0
371,MP9 | Rose Iron (Factory New),46.0,43.0,507,14,0.0276,0.9348,steamdt-live,46.44,188,47.38,195,,3,9,12,2,8,2,2,0,-0.011704618003830713,-0.009474590869939625,-0.012815126050420123,-0.021068312406895107,0.03523489932885904,0.01098901098901095,0.07963185274109641,-0.07778668805132327,-0.31240657698056806,0.3,9,长期阴跌,,38,0,0
372,FAMAS | Decommissioned (Factory New),19.08,17.8,627,15,0.0239,0.9329,steamdt-live,20.0,103,19.4,116,,3,9,12,2,10,0,2,0,-0.0010309278350515427,-0.01547987616099078,0.018907563025210017,-0.016494845360824795,0.016494845360824795,0.012201591511936227,0.14897413024085648,-0.14897413024085648,-0.5191532258064517,0.37,4,长期阴跌,,38,0,0
373,★ Specialist Gloves | Cloud Chaser (Minimal Wear),4650.0,5200.0,41,23,0.561,1.1183,steamdt-live,4698.5,54,4855.19,23,"溢价求购:买一高于卖一,多为定向收特定图案,买一价不可作退出价",20,0,4,5,8,0,0,0,-0.002187500000000009,-0.029126213592232997,-0.017802332719459746,-0.03125,0.04849600982197666,0.010869565217391353,0.06221639608752649,-0.06221639608752649,-0.11764705882352944,0.4,7,可能加速下跌,买一异常溢价(不作为可成交退出价),37,0,0
374,★ Driver Gloves | Wave Chaser (Minimal Wear),3118.0,4510.0,42,18,0.4286,1.4464,steamdt-live,2900.0,52,3280.0,13,"溢价求购:买一高于卖一,多为定向收特定图案,买一价不可作退出价",20,0,4,5,8,0,0,0,-0.029126213592232997,-0.03366666666666662,-0.003225806451612856,-0.06181229773462782,0.06483870967741934,0.0,0.06934189406099522,-0.03366666666666662,-0.10233782319244467,0.14,3,可能加速下跌,买一异常溢价(不作为可成交退出价),37,0,0
375,FAMAS | Valence (Factory New),170.0,163.0,253,24,0.0949,0.9588,steamdt-live,164.5,101,173.41,89,,7,9,9,2,10,0,0,0,-0.025015321187809914,-0.06000000000000005,0.0625110992718878,-0.08351440191654136,0.08351440191654136,6.079396923830416e-05,0.08351440191654136,0.04113924050632911,-0.24193548387096775,0.36,12,可能加速下跌,,37,0,0
376,M4A4 | Global Offensive (Factory New),254.5,241.0,325,29,0.0892,0.947,steamdt-live,258.5,107,253.0,133,,7,9,9,2,10,0,0,0,-0.01409559512652292,-0.03798623521806921,-0.002766458559198548,-0.05154639175257736,0.053816522682224366,0.0,0.10594388295992652,-0.10600706713780916,-0.32376446689653327,0.26,11,长期阴跌,,37,0,0
377,★ Moto Gloves | Polygon (Field-Tested),590.12,680.0,332,28,0.0843,1.1523,steamdt-live,579.0,291,604.49,188,"溢价求购:买一高于卖一,多为定向收特定图案,买一价不可作退出价",7,0,9,5,10,2,4,0,-0.00335008375209378,-0.026890756302521024,-0.0417335473515249,-0.03015075376884424,0.0706260032102729,0.0,0.12735493594574232,-0.12735493594574232,-0.1884618619123707,0.4,14,可能加速下跌,买一异常溢价(不作为可成交退出价),37,0,0
378,FAMAS | Commemoration (Factory New),329.0,313.0,333,27,0.0811,0.9514,steamdt-live,322.0,163,336.65,112,,7,9,9,2,10,0,0,0,-0.01167394468704508,-0.051518454151815996,0.010294117647058787,-0.06259097525473067,0.0770465489566613,0.0031152647975076775,0.13672922252010722,-0.14018691588785048,-0.264,0.39,8,可能加速下跌,,37,0,0
379,AWP | Electric Hive (Factory New),408.9,388.0,485,37,0.0763,0.9489,steamdt-live,391.49,230,422.0,203,,7,9,9,2,10,0,0,0,-0.02121284185493466,-0.048811895621750256,-0.019813519813519864,-0.06898929845422119,0.08955813953488367,0.0,0.14521834061135375,-0.14521834061135375,-0.35076285240464344,0.4,10,长期阴跌,,37,0,0
380,Galil AR | Dusk Ruins (Factory New),200.95,188.0,276,21,0.0761,0.9356,steamdt-live,198.0,63,198.99,83,,7,9,9,2,10,0,0,0,-5.025125628133065e-05,-0.004975124378109541,0.025773195876288568,-0.005025125628140725,0.010000000000000009,0.020618556701030855,0.09745646822864429,-0.09999999999999998,-0.38983050847457623,0.3,1,价格更新稀疏,,37,0,0
381,MP9 | Music Box (Factory New),37.0,35.3,260,19,0.0731,0.9541,steamdt-live,35.0,74,38.94,106,,7,9,9,2,10,0,0,0,-0.00846432889963733,-0.14634146341463417,0.060256410256410264,-0.15356711003627577,0.15662650602409633,0.0,0.16765755053507725,-0.125,-0.49777586454297607,0.28,8,长期阴跌,,37,0,0
382,FAMAS | Eye of Athena (Factory New),159.0,145.0,320,20,0.0625,0.9119,steamdt-live,160.79,93,160.1,85,,7,6,9,2,10,3,0,0,-0.021212121212121238,-0.015479876160990669,0.10463948584053018,-0.036363636363636376,0.04309099662975446,0.07665222101841818,0.1166666666666667,-0.1166666666666667,-0.364,0.4,7,长期阴跌,,37,0,0
383,Tec-9 | Phoenix Chalk (Factory New),54.94,50.0,407,25,0.0614,0.9101,steamdt-live,55.99,97,56.68,117,,7,6,9,2,10,0,0,3,-0.001071428571428612,-0.017876296031462235,0.018181818181818077,-0.018928571428571517,0.03597122302158284,0.03679939611247396,0.10739236393176277,-0.10739236393176277,-0.4978062157221207,0.13,10,长期阴跌,,37,0,0
384,M4A1-S | Boreal Forest (Factory New),49.18,47.5,588,34,0.0578,0.9658,steamdt-live,48.17,103,49.52,124,,3,12,12,2,6,0,2,0,0.0,-0.02738336713995937,0.011904761904761862,-0.02738336713995937,0.02738336713995937,0.0010438413361169019,0.03753512645523882,-0.03753512645523882,-0.5082555635319455,0.4,5,长期阴跌,,37,0,0
385,Galil AR | Kami (Factory New),26.89,25.8,500,26,0.052,0.9595,steamdt-live,28.0,204,28.32,115,,3,9,9,2,8,0,6,0,0.0,-0.015018315018315076,-0.0036496350364962904,-0.015018315018315076,0.018613138686131347,0.0,0.05250176180408728,-0.05283550545966886,-0.3487527246306612,0.29,3,长期阴跌,,37,0,0
386,M4A4 | Spider Lily (Factory New),354.5,346.0,801,41,0.0512,0.976,steamdt-live,349.8,187,353.4,137,,3,12,12,2,8,0,0,0,-0.009641873278236957,-0.026425591098748313,0.008333333333333304,-0.03581267217630857,0.048887198021685396,0.01921956901572508,0.07894736842105265,-0.07894736842105265,-0.23580786026200873,0.18,13,可能加速下跌,,37,0,0
387,P250 | Cyber Shell (Factory New),19.66,18.2,276,14,0.0507,0.9257,steamdt-live,19.6,107,20.12,94,,3,6,9,2,6,7,4,0,-0.010563380281690016,-0.003558718861209953,0.04631578947368409,-0.014084507042253391,0.023418036870951564,0.03157894736842115,0.04576436222005831,-0.04576436222005831,-0.4131736526946107,0.38,6,长期阴跌,,37,0,0
388,M4A1-S | Fizzy POP (Factory New),63.0,62.0,2305,68,0.0295,0.9841,steamdt-live,61.74,449,61.05,469,,3,12,15,2,0,0,0,5,0.028935583878746174,0.033478406427853935,0.027610619469026654,0.06338270754392017,0.0,0.18502879078694812,0.0,0.008988396796862252,-0.36219008264462804,0.4,18,长期阴跌,,37,0,0
389,M4A4 | Sheet Lightning (Factory New),23.69,21.9,1167,26,0.0223,0.9244,steamdt-live,24.48,524,23.64,676,,3,6,15,2,8,1,2,0,-0.01599015990159902,-0.015000000000000013,-0.019694533762057764,-0.03075030750307506,0.053642914331465175,0.0,0.07692307692307687,-0.07692307692307687,-0.30470588235294116,0.4,12,长期阴跌,,37,0,0
390,AK-47 | Elite Build (Factory New),45.5,41.7,1119,16,0.0143,0.9165,steamdt-live,41.0,802,45.0,435,,3,6,15,2,10,1,0,0,0.011389521640091216,-0.07657657657657657,-0.10408163265306125,-0.06605922551252841,0.152892561983471,0.02499999999999991,0.18130990415335457,-0.17885039054676544,-0.30508474576271183,0.38,13,长期阴跌,,37,0,0
391,★ Broken Fang Gloves | Unhinged (Minimal Wear),423.5,449.0,72,15,0.2083,1.0602,steamdt-live,450.0,65,443.56,63,"溢价求购:买一高于卖一,多为定向收特定图案,买一价不可作退出价",17,0,4,5,10,0,0,0,-0.037837837837837784,-0.04831460674157306,-0.02631578947368418,-0.08432432432432435,0.10842105263157897,0.02171290711700835,0.11029411764705888,-0.05214861235452106,-0.18635926993275698,0.19,18,可能加速下跌,买一异常溢价(不作为可成交退出价),36,0,0
392,AWP | The End (Factory New),280.0,250.0,61,11,0.1803,0.8929,steamdt-live,274.43,73,285.59,124,,14,6,4,2,8,0,2,0,-0.001759488671047471,-0.012841726618704974,0.012690909090909086,-0.014578620417250221,0.018139534883720887,0.02399253731343287,0.05528589624427693,-0.05528589624427693,-0.21530895262059302,0.36,11,可能加速下跌,,36,0,0
393,★ Sport Gloves | Pandora's Box (Minimal Wear),30665.0,44050.0,182,30,0.1648,1.4365,steamdt-live,30400.0,203,30888.38,44,"溢价求购:买一高于卖一,多为定向收特定图案,买一价不可作退出价",14,0,7,5,8,0,2,0,-0.015779280566403098,-0.01935483870967747,0.001494435612082734,-0.03482871384576314,0.03487467657190024,0.0022088154814887684,0.07559447789332852,-0.07559447789332852,-0.14340861381535386,0.3,14,可能加速下跌,买一异常溢价(不作为可成交退出价),36,0,0
394,★ Specialist Gloves | Lime Polycam (Field-Tested),1366.0,1750.0,145,21,0.1448,1.2811,steamdt-live,1399.5,157,1470.0,46,"溢价求购:买一高于卖一,多为定向收特定图案,买一价不可作退出价",11,0,7,5,10,3,0,0,-0.056900030735103524,-0.03223521076868574,-0.01047272727272719,-0.08730105702029856,0.09685950413223143,0.01185185185185178,0.10980775496904527,-0.1077726975832789,-0.17611580217129075,0.4,10,可能加速下跌,买一异常溢价(不作为可成交退出价),36,0,0
395,★ Moto Gloves | Finish Line (Minimal Wear),885.0,1200.0,190,24,0.1263,1.3559,steamdt-live,880.0,146,888.0,93,"溢价求购:买一高于卖一,多为定向收特定图案,买一价不可作退出价",11,0,7,5,8,1,4,0,-0.009572072072072113,-0.010801591813530464,-0.02256466703357185,-0.020270270270270285,0.042377545404512884,0.0,0.06451612903225812,-0.06451612903225812,-0.14831130690161531,0.4,14,暂未减速,买一异常溢价(不作为可成交退出价),36,0,0
396,Desert Eagle | Crimson Web (Factory New),819.5,744.0,100,12,0.12,0.9079,steamdt-live,888.0,53,865.0,55,,11,6,7,2,10,0,0,0,-0.0017113519680547196,-0.06342857142857139,-0.013927639276392734,-0.06503137478608101,0.08282036933407944,0.0,0.08639910813823859,-0.08639910813823859,-0.16911690155125214,0.27,6,可能加速下跌,,36,0,0
397,AK-47 | Fuel Injector (Factory New),1999.5,2900.0,428,51,0.1192,1.4504,steamdt-live,2049.5,206,2046.0,122,"溢价求购:买一高于卖一,多为定向收特定图案,买一价不可作退出价",11,0,9,2,10,0,4,0,0.001727968402863489,-0.014539181862986639,0.00024691358024697685,-0.012836336706985918,0.024158125915080486,0.0,0.09769855595667865,-0.09524886877828054,-0.185871335504886,0.4,8,可能加速下跌,买一异常溢价(不作为可成交退出价),36,0,0
398,★ Driver Gloves | Garden (Field-Tested),980.0,1310.0,187,20,0.107,1.3367,steamdt-live,1025.0,177,999.98,111,"溢价求购:买一高于卖一,多为定向收特定图案,买一价不可作退出价",11,0,7,5,10,1,2,0,0.0014734774066798018,-0.03874448258950469,-0.043682480037576354,-0.037328094302554016,0.07937999060591827,0.0,0.11632100991884575,-0.10828025477707004,-0.2032520325203252,0.25,9,可能加速下跌,买一异常溢价(不作为可成交退出价),36,0,0
399,★ Moto Gloves | Polygon (Minimal Wear),999.0,1320.0,127,11,0.0866,1.3213,steamdt-live,994.5,140,1033.7,57,"溢价求购:买一高于卖一,多为定向收特定图案,买一价不可作退出价",7,0,7,5,6,2,4,5,-0.004479840716774541,-0.005499999999999949,-0.013164357991944153,-0.009955201592832252,0.025954946131243828,0.00454545454545463,0.033518304356699336,-0.033518304356699336,-0.11115679212062157,0.31,5,暂未减速,买一异常溢价(不作为可成交退出价),36,0,0
400,★ Hand Wraps | Duct Tape (Minimal Wear),376.5,359.0,221,18,0.0814,0.9535,steamdt-live,370.0,72,397.5,53,,7,9,7,5,8,0,0,0,-0.0025714953635159743,-0.03645833333333337,-0.006477419354838698,-0.03893607626172113,0.04516129032258065,0.0,0.06326742449175926,-0.06326742449175926,-0.16004540295119185,0.32,10,可能加速下跌,,36,0,0
401,AK-47 | Case Hardened (Factory New),2654.0,12300.0,518,42,0.0811,4.6345,steamdt-live,2778.0,337,2719.5,209,"溢价求购:买一高于卖一,多为定向收特定图案,买一价不可作退出价",7,0,12,2,6,0,4,5,-0.0033657442034404905,-0.004127579737335796,-0.002238805970149249,-0.007479431563201189,0.016844047164813802,0.03671874999999991,0.046691978060265926,-0.04652416022992634,-0.15477707006369423,0.39,7,可能加速下跌,买一异常溢价(不作为可成交退出价),36,0,0
402,★ Broken Fang Gloves | Needle Point (Field-Tested),261.0,244.0,98,7,0.0714,0.9349,steamdt-live,264.99,100,269.76,88,,7,9,4,5,6,0,2,3,-0.014842300556586308,-0.016949152542372836,0.03653846153846163,-0.03153988868274582,0.03153988868274582,0.0038461538461538325,0.033333333333333326,-0.018796992481203034,-0.05021834061135377,0.4,11,可能加速下跌,,36,0,0
403,P250 | Contamination (Factory New),35.34,30.2,77,5,0.0649,0.8546,steamdt-live,35.07,39,36.66,34,,7,3,4,2,8,3,4,5,-0.0005665722379601945,-0.005952380952380931,-0.00953984287317633,-0.006515580736543791,0.015993265993266004,0.0,0.05318574514038876,-0.05318574514038876,-0.4332579185520362,0.4,2,长期阴跌,,36,0,0
404,★ Specialist Gloves | Tiger Strike (Minimal Wear),1733.5,2700.0,326,20,0.0613,1.5575,steamdt-live,1738.5,262,1804.25,88,"溢价求购:买一高于卖一,多为定向收特定图案,买一价不可作退出价",7,0,9,5,10,2,0,3,0.011111111111111072,-0.04752747252747258,-0.05213270142180093,-0.036944444444444446,0.08183262711864403,0.002023121387283222,0.14815724815724818,-0.14794789874662084,-0.24284778335881196,0.04,10,可能加速下跌,买一异常溢价(不作为可成交退出价),36,0,0
405,Tec-9 | Isaac (Factory New),86.7,81.0,251,15,0.0598,0.9343,steamdt-live,88.92,119,88.86,139,,3,9,9,2,10,0,0,3,-0.011001222358039686,-0.025842696629213457,-0.031219722252126214,-0.03655961773530381,0.06663795887608992,0.020000000000000018,0.11067801825828283,-0.11067801825828283,-0.42006688963210703,0.4,9,长期阴跌,,36,0,0
406,AWP | Elite Build (Factory New),334.9,327.0,375,22,0.0587,0.9764,steamdt-live,354.5,90,344.54,118,,3,12,9,2,10,0,0,0,-0.027148817802503444,-0.04243152055812893,0.00011127802815336096,-0.06842837273991664,0.06842837273991664,0.008370468505359385,0.15107731305449945,-0.15107731305449945,-0.33018660373207465,0.4,18,长期阴跌,,36,0,0
407,AWP | Fade (Factory New),3640.0,3530.0,463,22,0.0475,0.9698,steamdt-live,3539.5,347,3809.5,181,,3,12,9,2,10,0,0,0,0.0,-0.043378378378378324,-0.03883621249512925,-0.043378378378378324,0.08064935064935064,0.0,0.13013025313344806,-0.12561758893280628,-0.22709902827819628,0.39,7,可能加速下跌,,36,0,0
408,Galil AR | Chromatic Aberration (Factory New),97.7,92.0,652,31,0.0475,0.9417,steamdt-live,103.5,197,99.89,213,,3,9,12,2,10,0,0,0,-0.019514563106796112,-0.032577482919100786,-0.0236041330931841,-0.05145631067961165,0.07384586216702993,0.0,0.15775862068965518,-0.15775862068965518,-0.4023733790066063,0.4,14,长期阴跌,,36,0,0
409,★ Hand Wraps | Giraffe (Field-Tested),232.8,220.0,362,16,0.0442,0.945,steamdt-live,223.0,312,236.05,113,,3,9,9,5,10,0,0,0,-0.02443162538174415,-0.0304347826086957,-0.009411764705882342,-0.054122836783169315,0.06694560669456062,0.0,0.08711314884558707,-0.07468879668049788,-0.0897959183673469,0.4,18,可能加速下跌,,36,0,0
410,Tec-9 | Remote Control (Factory New),140.0,131.0,586,21,0.0358,0.9357,steamdt-live,146.48,83,141.48,127,,3,9,12,2,10,0,0,0,0.0,-0.03114186851211076,0.01403508771929829,-0.03114186851211076,0.03114186851211076,0.0,0.09677419354838712,-0.10244903192717014,-0.36305732484076436,0.35,6,长期阴跌,,36,0,0
411,Five-SeveN | Buddy (Factory New),20.88,19.8,433,15,0.0346,0.9483,steamdt-live,20.77,130,20.67,201,,3,9,9,2,10,3,0,0,-0.006711409395973145,-0.004826254826254761,0.09789473684210526,-0.011505273250239645,0.011505273250239645,0.10149572649572658,0.08274021352313166,-0.08274021352313166,-0.390661938534279,0.4,7,长期阴跌,,36,0,0
412,Glock-18 | Green Line (Factory New),34.6,31.1,1359,46,0.0338,0.8988,steamdt-live,32.0,223,34.28,411,,3,6,15,2,10,0,0,0,-0.03966005665722372,-0.05604719764011801,0.10346983432322587,-0.09348441926345596,0.09348441926345596,0.00031259768677727173,0.10137601797247964,-0.10539558289069062,-0.46218487394957986,0.24,5,长期阴跌,,36,0,0
413,Desert Eagle | Blaze (Factory New),3588.0,3300.0,519,16,0.0308,0.9197,steamdt-live,3600.0,455,3799.5,124,,3,6,12,2,8,0,0,5,0.002702702702702675,-0.03288409703504047,-0.025415581234245255,-0.030270270270270294,0.05491651499147887,0.0,0.06901920083030622,-0.0557894736842105,-0.12785610111813317,0.4,10,可能加速下跌,,36,0,0
414,AK-47 | Searing Rage (Factory New),92.0,85.0,1377,30,0.0218,0.9239,steamdt-live,98.9,405,94.63,442,,3,6,15,2,10,0,0,0,-0.0050352467270896595,-0.06983805668016185,-0.03027343750000011,-0.07452165156092638,0.10341463414634144,0.0,0.14192343604108304,-0.11207729468599026,-0.30641509433962255,0.4,17,长期阴跌,,36,0,0
415,AWP | Fever Dream (Factory New),93.0,86.0,1231,26,0.0211,0.9247,steamdt-live,100.0,501,99.0,454,,3,6,15,2,10,0,0,0,-0.016064257028112428,-0.05112244897959184,-0.001903998396633022,-0.06636546184738956,0.07000700070007004,0.0,0.14688073394495416,-0.13497674418604655,-0.3187545787545788,0.21,12,长期阴跌,,36,0,0
416,Five-SeveN | Nightshade (Factory New),77.9,73.0,672,13,0.0193,0.9371,steamdt-live,77.89,64,76.0,66,,3,9,12,2,10,0,0,0,0.0,-0.0017076054117955985,0.05457819642609785,-0.0017076054117955985,0.0031479538300104304,0.05277739299071893,0.10913140311804015,-0.10913140311804015,-0.4571428571428572,0.4,1,价格更新稀疏,,36,0,0
417,MP9 | Arctic Tri-Tone (Factory New),26.49,24.2,2411,22,0.0091,0.9136,steamdt-live,27.1,992,27.46,1303,,3,6,15,2,10,0,0,0,-0.005604203152364318,-0.06692497358224736,-0.03056027164685904,-0.07215411558669005,0.10050933786078098,0.018846153846153735,0.15367412140575087,-0.15367412140575087,-0.3172680412371134,0.35,14,长期阴跌,,36,0,0
418,★ Driver Gloves | Brocade Crane (Minimal Wear),2359.5,2630.0,26,14,0.5385,1.1146,steamdt-live,2418.0,25,2486.5,13,"溢价求购:买一高于卖一,多为定向收特定图案,买一价不可作退出价",20,0,2,5,8,0,0,0,-0.003879134340547208,-0.03279360524697683,-0.010505050505050462,-0.03654552878726014,0.046281325788197214,0.0,0.05620000000000003,-0.04858870967741935,-0.065359477124183,0.15,4,可能加速下跌,买一异常溢价(不作为可成交退出价),35,0,0
419,★ Driver Gloves | Seigaiha (Minimal Wear),919.5,1250.0,29,11,0.3793,1.3594,steamdt-live,915.0,42,953.11,15,"溢价求购:买一高于卖一,多为定向收特定图案,买一价不可作退出价",20,0,2,5,6,0,2,0,-0.0011719582356701785,-0.02400000000000002,-0.006961636936879678,-0.025143831238014114,0.03193042595061257,0.0,0.037571524739145046,-0.034810126582278444,-0.08955223880597019,0.15,4,可能加速下跌,买一异常溢价(不作为可成交退出价),35,0,0
420,★ Specialist Gloves | Forest DDPAT (Minimal Wear),1750.0,1670.0,146,29,0.1986,0.9543,steamdt-live,1970.0,21,1750.0,32,,14,9,7,5,0,0,0,0,0.0,0.0127314814814814,0.02857142857142847,0.0127314814814814,0.0,0.0479041916167664,0.0,0.03001765744555618,-0.20382165605095537,0.4,1,价格更新稀疏,,35,0,0
421,★ Moto Gloves | Turtle (Minimal Wear),660.0,900.0,150,18,0.12,1.3636,steamdt-live,687.5,134,669.06,73,"溢价求购:买一高于卖一,多为定向收特定图案,买一价不可作退出价",11,0,7,5,10,0,2,0,-0.013071895424836555,-0.028697571743929395,-0.01642857142857146,-0.04139433551198257,0.05714285714285716,0.0,0.08839779005524862,-0.08269631688672685,-0.17293233082706772,0.31,17,可能加速下跌,买一异常溢价(不作为可成交退出价),35,0,0
422,AK-47 | Wild Lotus (Factory New),91899.5,86800.0,109,13,0.1193,0.9445,steamdt-live,93888.0,100,94497.5,25,,11,9,7,2,4,0,2,0,-1.065110185649587e-05,-0.0211586392007328,0.001172995510626329,-0.021169064939768,0.02117949045671441,0.0,0.022345744680851043,-0.022335343993021173,-0.050619900024256315,0.4,4,可能加速下跌,,35,0,0
423,★ Sport Gloves | Slingshot (Minimal Wear),4498.0,7260.0,370,40,0.1081,1.6141,steamdt-live,4497.0,342,4640.0,83,"溢价求购:买一高于卖一,多为定向收特定图案,买一价不可作退出价",11,0,9,5,10,0,0,0,-0.002553191489361728,-0.05183447098976113,-0.057076938509379116,-0.05425531914893622,0.10868257469420495,0.010456922027733517,0.14404005391873675,-0.14420485175202158,-0.24250170415814587,0.07,16,可能加速下跌,买一异常溢价(不作为可成交退出价),35,0,0
424,★ Driver Gloves | Overtake (Minimal Wear),503.5,675.0,106,11,0.1038,1.3406,steamdt-live,515.91,73,520.0,41,"溢价求购:买一高于卖一,多为定向收特定图案,买一价不可作退出价",11,0,7,5,8,0,4,0,0.0,-0.004940711462450564,0.0041475660336169895,-0.004940711462450564,0.008858267716535417,0.01717171717171717,0.058878504672897236,-0.0009524187467756517,-0.06759259259259254,0.31,13,回撤不明显,买一异常溢价(不作为可成交退出价),35,0,0
425,M4A4 | Griffin (Factory New),409.5,393.0,462,45,0.0974,0.9597,steamdt-live,438.5,43,415.61,122,,7,9,9,2,8,0,0,0,-0.006713780918727985,-0.028815368196371316,0.040772795253389615,-0.035335689045936425,0.05199555514399479,0.027603513174403904,0.05199555514399479,-0.019161676646706538,-0.37671232876712324,0.29,17,长期阴跌,,35,0,0
426,USP-S | Serum (Factory New),490.0,466.0,169,16,0.0947,0.951,steamdt-live,549.48,47,500.8,60,,7,9,7,2,10,0,0,0,-0.001941747572815511,-0.046692607003890996,-0.01151631477927062,-0.04854368932038833,0.0567672139983445,0.0,0.12186379928315416,-0.11710120903079335,-0.3673337637185281,0.38,7,长期阴跌,,35,0,0
427,P250 | Crimson Kimono (Factory New),110.0,103.0,150,9,0.06,0.9364,steamdt-live,126.9,61,115.7,107,,7,9,7,2,10,0,0,0,-0.056001296701515546,-0.055631868131868156,-0.012405954858331958,-0.10851770808007133,0.1196478591436575,0.0,0.18807204015352819,-0.18807204015352819,-0.416383701188455,0.21,8,长期阴跌,,35,0,0
428,USP-S | Stainless (Factory New),227.0,198.0,327,19,0.0581,0.8722,steamdt-live,240.07,231,241.01,90,,3,3,9,2,10,6,2,0,-0.023454157782516027,-0.008733624454148492,-0.022916666666666696,-0.031982942430703654,0.05219206680584554,0.008888888888888946,0.11844660194174761,-0.11673151750972766,-0.3087697929354445,0.39,6,长期阴跌,,35,0,0
429,Glock-18 | Sacrifice (Factory New),39.4,36.5,412,19,0.0461,0.9264,steamdt-live,40.05,135,40.07,133,,3,6,9,2,10,2,3,0,-0.009483404042924914,-0.0073066263542453935,0.07744017208927145,-0.016720738707262317,0.019412643106022975,0.06113654726636142,0.09425287356321843,-0.08964879852125696,-0.3724115960496974,0.37,9,长期阴跌,,35,0,0
430,P250 | Steel Disruption (Factory New),27.99,25.8,249,9,0.0361,0.9218,steamdt-live,25.69,116,26.12,91,,3,6,7,2,10,0,2,5,-0.00462962962962965,-0.004263565891472809,0.05795918367346942,-0.008873456790123524,0.010400616332819745,0.09412265758091998,0.19010088272383352,-0.19010088272383352,-0.498438110113237,0.4,6,长期阴跌,,35,0,0
431,MP9 | Deadly Poison (Factory New),52.0,48.0,306,11,0.0359,0.9231,steamdt-live,56.8,57,59.73,43,,3,6,9,2,10,0,0,5,0.036363636363636376,-0.08771929824561409,-0.051724137931034475,-0.054545454545454564,0.11353562904875547,0.040000000000000036,0.11353562904875547,-0.03703703703703709,0.13586719091306243,0.4,5,可能加速下跌,,35,0,0
432,AK-47 | Consequence of the Jinn (Factory New),3474.49,3200.0,26,27,1.0385,0.921,steamdt-live,3577.77,22,3480.0,24,,20,6,2,2,4,0,0,0,-0.0008564498143400767,-0.004746152739824483,-0.00540250058598557,-0.005598537712531715,0.01097079219524466,0.0,0.029997196523689373,-0.029997196523689373,-0.11247915865076308,0.26,1,价格更新稀疏,,34,0,0
433,M4A1-S | Knight (Factory New),16599.0,14830.0,17,6,0.3529,0.8934,steamdt-live,17799.5,13,17367.58,16,,20,6,2,2,4,0,0,0,-2.9620853080558618e-05,-0.016617790811339184,0.0,-0.016646919431279605,0.016646919431279605,0.0,0.02350207371238644,-0.004856115107913617,0.024661254977005553,0.22,1,价格更新稀疏,,34,0,0
434,M4A1-S | Imminent Danger (Factory New),8188.0,7510.0,30,9,0.3,0.9172,steamdt-live,8487.5,29,8269.46,15,,20,6,4,2,2,0,0,0,0.0,0.0,0.023500000000000076,0.0,0.0,0.023500000000000076,0.0060694343287205355,-0.0060694343287205355,-0.1353292148476688,0.12,0,价格更新稀疏,,34,0,0
435,★ Sport Gloves | Violet Beadwork (Minimal Wear),3380.0,4570.0,57,17,0.2982,1.3521,steamdt-live,3401.0,60,3600.0,22,"溢价求购:买一高于卖一,多为定向收特定图案,买一价不可作退出价",17,0,4,5,8,0,0,0,-0.004347216379189445,-0.04788732394366202,-0.007929883138564242,-0.05202636376384795,0.05954368391764053,0.0,0.06707148771736127,-0.06707148771736127,-0.15500000000000003,0.4,5,可能加速下跌,买一异常溢价(不作为可成交退出价),34,0,0
436,★ Specialist Gloves | Blackbook (Minimal Wear),3110.0,4180.0,50,14,0.28,1.3441,steamdt-live,3128.0,57,3136.41,38,"溢价求购:买一高于卖一,多为定向收特定图案,买一价不可作退出价",17,0,4,5,4,0,4,0,0.0,-0.006389776357827448,-0.004452926208651453,-0.006389776357827448,0.010814249363867656,0.003225806451612856,0.018772677078403577,-0.018927444794952675,-0.10619341859462561,0.15,2,可能加速下跌,买一异常溢价(不作为可成交退出价),34,0,0
437,★ Driver Gloves | Seigaiha (Field-Tested),477.0,560.0,64,14,0.2188,1.174,steamdt-live,487.99,74,488.88,41,"溢价求购:买一高于卖一,多为定向收特定图案,买一价不可作退出价",17,0,4,5,6,0,2,0,0.0,-0.028315339172947596,0.005942622950819709,-0.028315339172947596,0.032454361054766734,0.0,0.036363636363636376,-0.026530612244897944,-0.08180943214629455,0.4,9,可能加速下跌,买一异常溢价(不作为可成交退出价),34,0,0
438,★ Driver Gloves | Brocade Flowers (Field-Tested),802.3,1360.0,108,21,0.1944,1.6951,steamdt-live,787.5,103,851.28,115,"溢价求购:买一高于卖一,多为定向收特定图案,买一价不可作退出价",14,0,7,5,6,0,2,0,-0.0012531328320801727,-0.023839397741530766,-0.0012515644555695093,-0.02506265664160401,0.02749999999999997,0.0,0.030529595015576283,-0.026891807379612276,-0.15434782608695652,0.14,9,可能加速下跌,买一异常溢价(不作为可成交退出价),34,0,0
439,Five-SeveN | Crimson Blossom (Factory New),573.0,353.0,13,2,0.1538,0.6161,steamdt-live,552.0,26,575.76,19,,8,1,2,2,0,10,6,5,0.041902604756512085,0.0,-0.04004348613879327,0.041902604756512085,0.0,0.05585309869931154,0.0,0.0,-0.023008849557522137,0.33,7,回撤不明显,,34,0,0
440,USP-S | Kill Confirmed (Factory New),1299.4,1390.0,262,34,0.1298,1.0697,steamdt-live,1298.45,125,1319.98,70,"溢价求购:买一高于卖一,多为定向收特定图案,买一价不可作退出价",11,0,9,2,10,0,2,0,-0.011494252873563204,-0.025918979744936177,-0.02801703943432532,-0.037115313311086306,0.06409249154875762,0.0,0.12266891891891885,-0.12266891891891885,-0.21477382680212864,0.39,6,可能加速下跌,买一异常溢价(不作为可成交退出价),34,0,0
441,MP9 | Stained Glass (Factory New),799.0,761.0,49,5,0.102,0.9524,steamdt-live,820.0,25,833.7,38,,11,9,4,2,4,0,4,0,-0.006134969325153339,-0.013580246913580285,-0.004032750824880749,-0.019631901840490795,0.02430089143973624,0.0,0.02430089143973624,-0.02430089143973624,-0.03734939759036149,0.4,3,可能加速下跌,,34,0,0
442,Glock-18 | Red Tire (Factory New),57.97,53.0,304,25,0.0822,0.9143,steamdt-live,56.25,81,56.47,147,,7,6,9,2,10,0,0,0,-0.0012350035285815242,-0.006359300476947549,0.012142857142857233,-0.0075864502470006645,0.00933427263120823,0.25,0.1342157919039556,-0.1342157919039556,-0.563953488372093,0.4,8,长期阴跌,,34,0,0
443,Desert Eagle | Mudder (Factory New),33.9,30.2,343,27,0.0787,0.8909,steamdt-live,32.87,61,32.65,137,,7,6,9,2,10,0,0,0,0.0,0.0,0.04714560615779351,0.0,0.0,0.08833333333333337,0.08183352080989881,-0.08183352080989881,-0.5315638450502153,0.37,0,价格更新稀疏,,34,0,0
444,★ Moto Gloves | POW! (Minimal Wear),837.5,1400.0,315,23,0.073,1.6716,steamdt-live,849.0,296,867.82,77,"溢价求购:买一高于卖一,多为定向收特定图案,买一价不可作退出价",7,0,9,5,10,0,0,3,-0.01916572717023679,-0.037931034482758585,-0.041081081081081106,-0.056369785794814,0.09999999999999998,0.0,0.1445041803798115,-0.1445041803798115,-0.19216291863719714,0.11,13,可能加速下跌,买一异常溢价(不作为可成交退出价),34,0,0
445,Glock-18 | Mirror Mosaic (Factory New),128.0,116.0,373,26,0.0697,0.9062,steamdt-live,138.9,235,146.79,158,,7,6,9,2,10,0,0,0,-0.007899123124864182,-0.06501095690284886,-0.04505190311418683,-0.07239655047467208,0.11418685121107264,0.007874015748031482,0.12919246207224988,-0.12388774811772751,-0.19744184588375446,0.4,13,可能加速下跌,,34,0,0
446,Galil AR | Stone Cold (Factory New),116.04,106.0,324,22,0.0679,0.9135,steamdt-live,119.97,142,113.98,118,,7,6,9,2,8,0,2,0,-0.008451882845188274,-0.03215461220356142,0.03463203463203457,-0.04033472803347271,0.044333333333333225,0.006141428320758147,0.06764227642276421,-0.06764227642276421,-0.2667519181585678,0.4,14,可能加速下跌,,34,0,0
447,★ Specialist Gloves | Crimson Web (Minimal Wear),1600.0,3120.0,299,20,0.0669,1.95,steamdt-live,1635.0,224,1713.1,52,"溢价求购:买一高于卖一,多为定向收特定图案,买一价不可作退出价",7,0,9,5,10,3,0,0,-0.0072727272727273196,-0.023199023199023228,-0.05063291139240511,-0.030303030303030276,0.07514450867052025,0.03896103896103886,0.0932275432133749,-0.09090909090909094,-0.16426829077195493,0.24,11,可能加速下跌,买一异常溢价(不作为可成交退出价),34,0,0
448,AWP | Chrome Cannon (Factory New),378.5,351.0,380,25,0.0658,0.9273,steamdt-live,380.0,336,403.17,152,,7,6,9,2,10,0,0,0,0.01010126582278481,-0.05135467054312137,-0.04589371980676327,-0.04177215189873418,0.08574879227053145,0.0,0.12685413735034257,-0.12685413735034257,-0.15888888888888886,0.4,15,可能加速下跌,,34,0,0
449,AK-47 | Nouveau Rouge (Factory New),348.0,320.0,428,27,0.0631,0.9195,steamdt-live,354.0,290,345.0,144,,7,6,9,2,10,0,0,0,-0.008333333333333304,-0.03361344537815125,-0.034852546916890104,-0.04166666666666663,0.07506702412868638,0.03139013452914807,0.1151577327519876,-0.11080182478929868,-0.11538461538461542,0.4,14,可能加速下跌,,34,0,0
450,M4A1-S | Party Animal (Factory New),127.0,115.0,379,23,0.0607,0.9055,steamdt-live,122.0,280,136.0,486,,7,6,9,2,10,0,0,0,-0.02621722846441943,-0.05384615384615388,-0.03603148241750309,-0.0786516853932584,0.11184923099140742,0.02499999999999991,0.1487889273356401,-0.15172413793103445,-0.24770642201834858,0.14,10,可能加速下跌,,34,0,0
451,Glock-18 | Wasteland Rebel (Factory New),704.5,686.0,461,27,0.0586,0.9737,steamdt-live,750.0,104,727.99,147,,3,12,9,2,8,0,0,0,-0.010094212651413192,-0.042148198504418755,-0.007175594959712428,-0.05181695827725441,0.05878423513694053,0.0,0.07231834821311,-0.07156035846072739,-0.09968051118210863,0.4,18,可能加速下跌,,34,0,0
452,USP-S | Blood Tiger (Factory New),75.92,70.0,389,21,0.054,0.922,steamdt-live,76.4,112,77.36,126,,3,6,9,2,10,4,0,0,-0.022871664548919868,-0.012743823146944111,0.053829673272629774,-0.0353240152477764,0.05265784876466184,0.02872628726287263,0.0930593716401863,-0.0930593716401863,-0.41600000000000004,0.4,13,长期阴跌,,34,0,0
453,Tec-9 | Mummy's Rot (Factory New),53.2,45.0,468,25,0.0534,0.8459,steamdt-live,53.94,92,53.13,134,,3,3,9,2,8,3,6,0,-0.0092592592592593,-0.006915887850467262,0.0,-0.016111111111111076,0.0359281437125748,0.002452830188679256,0.06789473684210523,-0.06789473684210523,-0.4459276254041088,0.38,7,长期阴跌,,34,0,0
454,Glock-18 | Brass (Factory New),599.97,560.0,65,3,0.0462,0.9334,steamdt-live,716.3,21,633.42,32,,3,9,4,2,10,0,6,0,0.0,-0.14167381974248927,0.015988372093023173,-0.14167381974248927,0.14167381974248927,0.0,0.1541378824192865,-0.15060522403907406,-0.33357399920024877,0.4,9,长期阴跌,,34,0,0
455,Tec-9 | Brother (Factory New),13.4,13.1,230,10,0.0435,0.9776,steamdt-live,13.9,231,13.18,1173,,3,12,7,2,10,0,0,0,-0.036619718309859106,-0.03654970760233922,-0.046979865771812124,-0.07183098591549297,0.11543624161073829,0.0,0.18136645962732934,-0.18136645962732934,-0.5375438596491229,0.4,11,长期阴跌,,34,0,0
456,FAMAS | Rapid Eye Movement (Factory New),84.0,77.0,395,16,0.0405,0.9167,steamdt-live,81.28,194,86.35,167,,3,6,9,2,10,0,4,0,0.0010600706713779218,-0.043652194375808806,0.03536585365853662,-0.04263839811543002,0.05046728971962611,0.0,0.08571428571428574,-0.0846846846846846,-0.2788572442551681,0.28,9,可能加速下跌,,34,0,0
457,★ Hand Wraps | Desert Shamagh (Field-Tested),219.5,207.0,255,10,0.0392,0.9431,steamdt-live,234.0,214,225.8,187,,3,9,9,5,8,0,0,0,-0.01094091903719907,-0.028761061946902644,-0.008289570765157794,-0.03938730853391681,0.05591397849462365,0.0,0.061885631250534145,-0.02444444444444449,-0.10096252303911535,0.4,15,可能加速下跌,,34,0,0
458,★ Specialist Gloves | Fade (Field-Tested),995.5,1590.0,1128,23,0.0204,1.5972,steamdt-live,980.0,1077,1046.95,482,"溢价求购:买一高于卖一,多为定向收特定图案,买一价不可作退出价",3,0,15,5,8,1,2,0,0.012413108242303794,-0.03874448258950469,-0.03173076923076923,-0.026812313803376342,0.05769230769230771,0.0,0.07894736842105265,-0.07894736842105265,-0.15807560137457044,0.4,13,可能加速下跌,买一异常溢价(不作为可成交退出价),34,0,0
459,★ Specialist Gloves | Big Swell (Minimal Wear),2343.0,2790.0,43,20,0.4651,1.1908,steamdt-live,2385.0,60,2348.5,35,"溢价求购:买一高于卖一,多为定向收特定图案,买一价不可作退出价",20,0,4,5,4,0,0,0,-0.0008525149190110604,-0.0004266211604095904,-0.001489678655033022,-0.0012787723785165905,0.0029787234042553123,0.0,0.02334305960817007,-0.019049612727653376,-0.09361702127659577,0.34,0,价格更新稀疏,买一异常溢价(不作为可成交退出价),33,0,0
460,★ Specialist Gloves | Sunburst (Minimal Wear),1899.0,2300.0,64,12,0.1875,1.2112,steamdt-live,1888.0,54,2022.77,16,"溢价求购:买一高于卖一,多为定向收特定图案,买一价不可作退出价",14,0,4,5,10,0,0,0,-0.010057832537088252,-0.04089408178816356,-0.04628297362110312,-0.050540608498868544,0.09448441247002393,0.009625668449197766,0.1007382710169088,-0.1007382710169088,-0.16769162269274684,0.4,7,可能加速下跌,买一异常溢价(不作为可成交退出价),33,0,0
461,Galil AR | Tornado (Factory New),137.49,118.0,35,6,0.1714,0.8582,steamdt-live,157.74,23,136.99,49,,14,3,4,2,8,0,2,0,-0.028528114663726623,-0.028301886792452713,-0.003433594286499142,-0.056022601984564435,0.05926383738497454,0.0,0.0624828907747057,-0.0624828907747057,-0.1410208176573864,0.4,5,可能加速下跌,,33,0,0
462,USP-S | Ancient Visions (Factory New),241.4,209.0,65,10,0.1538,0.8658,steamdt-live,240.0,31,238.0,67,,14,3,4,2,10,0,0,0,0.0,-0.008333333333333304,-0.020408163265306145,-0.008333333333333304,0.02857142857142858,0.0,0.10188679245283017,-0.10188679245283017,-0.2884902840059791,0.4,1,价格更新稀疏,,33,0,0
463,★ Moto Gloves | Smoke Out (Minimal Wear),999.0,2000.0,155,23,0.1484,2.002,steamdt-live,1015.0,136,1052.0,60,"溢价求购:买一高于卖一,多为定向收特定图案,买一价不可作退出价",11,0,7,5,10,0,0,0,-0.0074906367041198685,-0.058490566037735836,-0.0018691588785046953,-0.06554307116104874,0.07378190255220418,0.0,0.12379280070237053,-0.12456140350877198,-0.1812961443806399,0.17,12,可能加速下跌,买一异常溢价(不作为可成交退出价),33,0,0
464,★ Sport Gloves | Frosty (Field-Tested),940.0,1510.0,230,32,0.1391,1.6064,steamdt-live,920.0,221,980.0,101,"溢价求购:买一高于卖一,多为定向收特定图案,买一价不可作退出价",11,0,7,5,10,0,0,0,-0.0075225677031093285,-0.05002526528549778,-0.04134615384615381,-0.0571715145436309,0.10476190476190472,0.021739130434782705,0.14350797266514803,-0.1295329110641924,-0.21568627450980393,0.15,17,可能加速下跌,买一异常溢价(不作为可成交退出价),33,0,0
465,★ Specialist Gloves | Blackbook (Field-Tested),1398.0,1760.0,176,21,0.1193,1.2589,steamdt-live,1398.12,192,1482.29,68,"溢价求购:买一高于卖一,多为定向收特定图案,买一价不可作退出价",11,0,7,5,10,0,0,0,-0.01379310344827589,-0.02237762237762242,-0.03268845897264838,-0.035862068965517246,0.06799999999999995,0.02342606149341142,0.11798107255520507,-0.10499359795134444,-0.1527272727272727,0.15,13,可能加速下跌,买一异常溢价(不作为可成交退出价),33,0,0
466,★ Sport Gloves | Red Racer (Field-Tested),738.0,1120.0,246,28,0.1138,1.5176,steamdt-live,700.0,227,740.0,87,"溢价求购:买一高于卖一,多为定向收特定图案,买一价不可作退出价",11,0,7,5,10,0,0,0,-0.007947019867549643,-0.06542056074766356,-0.044303797468354444,-0.07284768211920534,0.11392405063291144,0.0,0.13374913374913378,-0.13374913374913378,-0.21126760563380287,0.4,15,可能加速下跌,买一异常溢价(不作为可成交退出价),33,0,0
467,P250 | Mint Kimono (Factory New),59.99,51.0,192,14,0.0729,0.8501,steamdt-live,60.7,84,63.33,75,,7,3,7,2,10,4,0,0,-0.00048543689320379446,-0.028816577626679662,-0.061645915578499855,-0.029288025889967595,0.08912845429699356,0.034310344827586325,0.1276719499781881,-0.12779877871474266,-0.5196957566052842,0.29,5,长期阴跌,,33,0,0
468,MP9 | Airlock (Factory New),133.69,128.0,285,17,0.0596,0.9574,steamdt-live,130.13,111,138.1,105,,3,9,9,2,10,0,0,0,-0.006288853549226592,-0.053393467665672545,-0.018168914123491864,-0.059346537516264286,0.09569145239749832,0.0,0.1266442953020135,-0.1266442953020135,-0.2456231884057971,0.4,11,可能加速下跌,,33,0,0
469,★ Sport Gloves | Omega (Field-Tested),977.98,1550.0,966,46,0.0476,1.5849,steamdt-live,970.0,822,1010.0,259,"溢价求购:买一高于卖一,多为定向收特定图案,买一价不可作退出价",3,0,15,5,10,0,0,0,-0.013190034196384981,-0.03960396039603964,-0.051436515291936935,-0.052271617000488546,0.10101946246524562,0.01041666666666674,0.14158532376392707,-0.1415929203539823,-0.18861721971743806,0.2,16,可能加速下跌,买一异常溢价(不作为可成交退出价),33,0,0
470,★ Specialist Gloves | Tiger Strike (Field-Tested),847.0,1220.0,1094,50,0.0457,1.4404,steamdt-live,813.0,949,858.6,313,"溢价求购:买一高于卖一,多为定向收特定图案,买一价不可作退出价",3,0,15,5,10,0,0,0,-0.03351955307262566,-0.060115606936416155,-0.05441098784997356,-0.09162011173184359,0.1378579003181336,0.0,0.1746192893401015,-0.17419171347601292,-0.20991253644314867,0.18,16,可能加速下跌,买一异常溢价(不作为可成交退出价),33,0,0
471,★ Sport Gloves | Slingshot (Field-Tested),1818.0,3150.0,1125,48,0.0427,1.7327,steamdt-live,1789.5,936,1909.0,274,"溢价求购:买一高于卖一,多为定向收特定图案,买一价不可作退出价",3,0,15,5,10,0,0,0,-0.030927835051546393,-0.048138297872340474,-0.028785982478097605,-0.07757731958762881,0.10413016270337927,0.005337078651685312,0.1431649509217141,-0.1431649509217141,-0.20431302801245,0.4,12,可能加速下跌,买一异常溢价(不作为可成交退出价),33,0,0
472,★ Sport Gloves | Amphibious (Field-Tested),1565.0,2220.0,1143,46,0.0402,1.4185,steamdt-live,1539.0,1057,1581.1,266,"溢价求购:买一高于卖一,多为定向收特定图案,买一价不可作退出价",3,0,15,5,10,0,0,0,-0.007091338869022357,-0.06055426687828103,-0.05314203730272593,-0.06721619492090436,0.11703958691910499,0.0,0.1633141241709254,-0.1633141241709254,-0.20526723470178154,0.4,8,可能加速下跌,买一异常溢价(不作为可成交退出价),33,0,0
473,P250 | See Ya Later (Factory New),675.85,631.0,281,11,0.0391,0.9336,steamdt-live,688.0,123,695.5,83,,3,9,9,2,6,0,4,0,-0.0007299270072992359,-0.012636961285609871,-0.010830324909747335,-0.01335766423357665,0.02404332129963893,0.0,0.034499999999999975,-0.03380986418870624,-0.13296985246953175,0.4,8,可能加速下跌,,33,0,0
474,USP-S | Lead Conduit (Factory New),60.9,56.0,716,28,0.0391,0.9195,steamdt-live,64.39,127,64.22,124,,3,6,12,2,10,0,0,0,-0.023255813953488413,-0.033333333333333326,-0.007692307692307665,-0.05581395348837215,0.09375000000000011,0.0,0.14213269474573875,-0.14213269474573875,-0.43767313019390586,0.4,9,长期阴跌,,33,0,0
475,MP9 | Goo (Factory New),17.9,16.5,569,21,0.0369,0.9218,steamdt-live,17.27,274,17.81,550,,3,6,12,2,10,0,0,0,-0.0177481974486966,-0.024844720496894457,-0.026457883369330415,-0.04215196894065454,0.06192286800651825,0.006997084548105104,0.10471747019180921,-0.05057724024189125,-0.6066059225512528,0.34,19,长期阴跌,,33,0,0
476,★ Sport Gloves | Vice (Field-Tested),2223.5,4440.0,1574,57,0.0362,1.9969,steamdt-live,2229.5,1491,2279.5,312,"溢价求购:买一高于卖一,多为定向收特定图案,买一价不可作退出价",3,0,15,5,10,0,0,0,-0.019665411961522383,-0.05203969317144341,-0.02408163265306118,-0.07068172312839816,0.09306122448979592,0.010229597635826426,0.12691552062868372,-0.12329848096271456,-0.18890308450447157,0.4,17,可能加速下跌,买一异常溢价(不作为可成交退出价),33,0,0
477,★ Hand Wraps | Cobalt Skulls (Field-Tested),1034.5,1420.0,1015,35,0.0345,1.3726,steamdt-live,1039.0,794,1077.24,232,"溢价求购:买一高于卖一,多为定向收特定图案,买一价不可作退出价",3,0,15,5,10,0,0,0,-0.0035867620751341978,-0.07180495336582915,-0.03745157124408094,-0.07513416815742402,0.10977184674989238,0.008780487804878057,0.15522875816993464,-0.15522875816993464,-0.20906893492029488,0.4,13,可能加速下跌,买一异常溢价(不作为可成交退出价),33,0,0
478,★ Sport Gloves | Nocts (Field-Tested),3106.0,3300.0,1098,35,0.0319,1.0625,steamdt-live,3230.0,918,3350.0,176,"溢价求购:买一高于卖一,多为定向收特定图案,买一价不可作退出价",3,0,15,5,10,0,0,0,-0.0008854781582053883,-0.05849335302806502,-0.04144857829961801,-0.059327036599763905,0.09831659357759226,0.03205958549222787,0.13514246947082764,-0.13514246947082764,-0.16994400312540692,0.4,18,可能加速下跌,买一异常溢价(不作为可成交退出价),33,0,0
479,M4A1-S | Blood Tiger (Factory New),76.5,70.0,744,23,0.0309,0.915,steamdt-live,78.51,252,78.74,240,,3,6,12,2,10,0,0,0,-0.019006744328632696,-0.043749999999999956,-0.01746987951807233,-0.06192519926425499,0.07831325301204817,0.0,0.1756465517241379,-0.1756465517241379,-0.4511407662505381,0.28,12,长期阴跌,,33,0,0
480,★ Hand Wraps | Overprint (Field-Tested),539.5,573.0,842,23,0.0273,1.0621,steamdt-live,555.0,808,559.47,286,"溢价求购:买一高于卖一,多为定向收特定图案,买一价不可作退出价",3,0,12,5,10,0,0,3,-0.005272407732864637,-0.046819787985865724,-0.04610226320201172,-0.05184534270650265,0.09251471825063073,0.0,0.14905362776025233,-0.14703557312252968,-0.22673393627542326,0.4,16,可能加速下跌,买一异常溢价(不作为可成交退出价),33,0,0
481,FAMAS | Faulty Wiring (Factory New),15.0,14.1,497,12,0.0241,0.94,steamdt-live,15.89,81,15.5,148,,3,9,9,2,10,0,0,0,-0.0012682308180088642,-0.04761904761904767,-0.014375000000000027,-0.04882688649334177,0.0625,0.0,0.13194444444444453,-0.1268917345750873,-0.5125121871953201,0.4,11,长期阴跌,,33,0,0
482,★ Moto Gloves | POW! (Field-Tested),384.5,448.0,707,17,0.024,1.1651,steamdt-live,380.0,785,412.8,305,"溢价求购:买一高于卖一,多为定向收特定图案,买一价不可作退出价",3,0,12,5,10,0,0,3,-0.023074993729621296,-0.024390243902439046,-0.046149429412186915,-0.04690243290694751,0.09088734180243552,0.0,0.09088734180243552,-0.08653846153846156,-0.27893738140417457,0.4,15,暂未减速,买一异常溢价(不作为可成交退出价),33,0,0
483,AWP | Capillary (Factory New),31.79,28.1,833,20,0.024,0.8839,steamdt-live,34.76,194,34.99,209,,3,6,12,2,10,0,0,0,0.0,-0.03226788432267891,-0.003337378640776656,-0.03226788432267891,0.035497572815534006,0.0,0.11448467966573816,-0.11448467966573816,-0.358943335349869,0.4,6,长期阴跌,,33,0,0
484,Five-SeveN | Heat Treated (Factory New),88.47,81.0,810,18,0.0222,0.9156,steamdt-live,88.0,370,90.82,232,,3,6,12,2,10,0,0,0,-0.016963350785340392,-0.06263314870046865,0.014877789585547418,-0.07853403141361259,0.09062726051462222,0.03529411764705892,0.15205241857776064,-0.15205241857776064,-0.3125,0.4,10,长期阴跌,,33,0,0
485,P250 | Contaminant (Factory New),66.49,57.0,602,7,0.0116,0.8573,steamdt-live,65.34,29,62.88,43,,3,3,12,2,8,0,0,5,-0.010529528460247128,-0.030228254164096247,0.008153846153846178,-0.04043949336181896,0.04043949336181896,0.04800000000000004,0.07379584622182944,-0.06149253731343285,0.305919003115265,0.36,8,可能加速下跌,,33,0,0
486,AK-47 | Crossfade (Factory New),22.37,19.4,2995,25,0.0083,0.8672,steamdt-live,21.8,1344,22.94,902,,3,3,15,2,10,0,0,0,-0.008733624454148492,-0.03964757709251099,-0.02094912355707579,-0.048034934497816484,0.10177173465183353,0.0004589261128959965,0.15503875968992242,-0.15503875968992242,-0.31875,0.4,14,长期阴跌,,33,0,0
487,AWP | Medusa (Factory New),30699.0,27100.0,9,9,1.0,0.8828,steamdt-live,30598.5,21,31414.49,7,,20,6,2,2,2,0,0,0,0.0,0.0,-1.6340403281134286e-05,0.0,1.6340403281134286e-05,0.0,0.012919771605535701,0.03723728813559313,0.055157074381875226,0.16,0,价格更新稀疏,,32,0,0
488,AK-47 | Gold Arabesque (Factory New),10300.0,13400.0,224,26,0.1161,1.301,steamdt-live,10800.0,179,10699.0,62,"溢价求购:买一高于卖一,多为定向收特定图案,买一价不可作退出价",11,0,7,2,10,0,2,0,4.651379133924216e-05,-0.041860465116279055,-0.027194570135746554,-0.04181589841387967,0.06778894017558146,0.0,0.12704466480210186,-0.12704466480210186,-0.21966741164438042,0.28,9,可能加速下跌,买一异常溢价(不作为可成交退出价),32,0,0
489,AWP | Oni Taiji (Factory New),3030.0,3860.0,368,42,0.1141,1.2739,steamdt-live,3164.5,105,3100.0,88,"溢价求购:买一高于卖一,多为定向收特定图案,买一价不可作退出价",11,0,9,2,10,0,0,0,-0.024894964570138622,-0.025723472668810254,0.0029559748427672172,-0.04997805229823793,0.06769230769230772,0.0,0.09552238805970148,-0.09552238805970148,-0.22047851813738106,0.4,13,可能加速下跌,买一异常溢价(不作为可成交退出价),32,0,0
490,AWP | Desert Hydra (Factory New),7670.0,10100.0,282,31,0.1099,1.3168,steamdt-live,7699.0,216,7838.5,60,"溢价求购:买一高于卖一,多为定向收特定图案,买一价不可作退出价",11,0,9,2,10,0,0,0,-0.012376547068383537,-0.029113924050632956,-0.02451219512195124,-0.04113014126765846,0.06463414634146336,0.0,0.12602552415679125,-0.12602552415679125,-0.22100345317895587,0.4,18,可能加速下跌,买一异常溢价(不作为可成交退出价),32,0,0
491,Glock-18 | Fade (Factory New),8199.5,9510.0,136,14,0.1029,1.1598,steamdt-live,8727.0,148,8597.0,82,"溢价求购:买一高于卖一,多为定向收特定图案,买一价不可作退出价",11,0,7,2,10,0,2,0,-0.010609131004887362,-0.01210843373493975,-0.01247792819305471,-0.022589104780069147,0.034785167745732815,0.012283950617284045,0.09126676271749967,-0.09126676271749967,-0.19918937396230096,0.4,6,可能加速下跌,买一异常溢价(不作为可成交退出价),32,0,0
492,Five-SeveN | Hot Shot (Factory New),199.99,176.0,151,11,0.0728,0.88,steamdt-live,245.6,73,209.98,66,,7,6,7,2,10,0,0,0,0.0,-0.019608804353154596,0.0,-0.019608804353154596,0.019608804353154596,0.0,0.16122132282011492,-0.16122132282011492,-0.4269627507163324,0.4,1,价格更新稀疏,,32,0,0
493,Glock-18 | Reactor (Factory New),338.5,311.0,211,15,0.0711,0.9188,steamdt-live,354.38,64,345.75,95,,7,6,7,2,10,0,0,0,-0.012275491443926034,-0.030669224821740393,-0.033118197232401725,-0.04256823645877528,0.07427665044029974,0.0,0.18789885322201427,-0.18789885322201427,-0.3414396887159533,0.4,18,长期阴跌,,32,0,0
494,AK-47 | Green Laminate (Factory New),214.0,196.0,367,25,0.0681,0.9159,steamdt-live,228.0,129,214.89,127,,7,6,9,2,8,0,0,0,0.0,-0.01839080459770115,0.0023041474654377225,-0.01839080459770115,0.03828828828828834,0.04146341463414638,0.06768558951965065,-0.06768558951965065,-0.33281249999999996,0.4,6,长期阴跌,,32,0,0
495,Tec-9 | Toxic (Factory New),142.0,132.0,235,15,0.0638,0.9296,steamdt-live,147.96,91,141.5,117,,7,6,7,2,10,0,0,0,-0.02570016474464587,-0.04294893473114636,-0.03705818897138147,-0.06754530477759468,0.10210038708039848,0.0,0.1211180124223602,-0.04969778374748157,-0.3668903803131991,0.4,19,长期阴跌,,32,0,0
496,AK-47 | Breakthrough (Factory New),48.8,45.1,420,26,0.0619,0.9242,steamdt-live,45.8,385,49.09,349,,7,6,9,2,8,0,0,0,-0.004081632653061273,-0.061475409836065587,0.057630045327002,-0.0653061224489796,0.0653061224489796,0.01777777777777767,0.07474747474747478,-0.07023954526999598,-0.2442244224422443,0.4,12,可能加速下跌,,32,0,0
497,Glock-18 | Gamma Doppler (Factory New),536.38,2040.0,1673,101,0.0604,3.8033,steamdt-live,542.5,638,546.0,522,"溢价求购:买一高于卖一,多为定向收特定图案,买一价不可作退出价",7,0,15,2,8,0,0,0,-0.005406969384618154,-0.02476363636363632,0.005436363636363684,-0.030036709524584593,0.039588891475227816,0.008233082706766925,0.07200692041522494,-0.07200692041522494,-0.27506419786457625,0.4,15,可能加速下跌,买一异常溢价(不作为可成交退出价),32,0,0
498,AK-47 | Nightwish (Factory New),664.0,850.0,892,29,0.0325,1.2801,steamdt-live,706.78,227,689.0,136,"溢价求购:买一高于卖一,多为定向收特定图案,买一价不可作退出价",3,0,12,2,10,0,0,5,-0.008595988538681931,-0.040462427745664775,-0.005698005698005715,-0.04871060171919772,0.08791208791208793,0.0,0.08791208791208793,-0.0507369655034382,-0.15928083059002274,0.4,17,可能加速下跌,买一异常溢价(不作为可成交退出价),32,0,0
499,Tec-9 | Bamboozle (Factory New),32.98,29.0,674,19,0.0282,0.8793,steamdt-live,34.98,205,33.38,197,,3,3,12,2,10,0,2,0,-0.017960602549246918,-0.027138643067846635,0.015592821418064062,-0.04461181923522617,0.04571759259259278,0.0,0.12287234042553208,-0.12287234042553208,-0.41295834816660737,0.4,6,长期阴跌,,32,0,0
500,Glock-18 | Ghost Protocol (Factory New),3286.0,2600.0,5,16,3.2,0.7912,steamdt-live,3599.0,8,3666.66,7,,20,1,2,2,0,0,6,0,0.0,-0.00030422878004254805,0.0,-0.00030422878004254805,0.0004562737642586079,0.0018292682926828174,0.00424242424242427,-0.00424242424242427,-0.07436619718309856,0.4,2,回撤不明显,,31,0,0
501,AWP | Atheris (Factory New),206.0,196.0,483,72,0.1491,0.9515,steamdt-live,193.99,265,197.32,205,,11,9,9,2,0,0,0,0,0.041588235294117704,0.10125938894222619,0.0625,0.1470588235294117,0.0,0.21875,0.0,0.171875,-0.2745535714285715,0.19,16,反弹较远,,31,0,0
502,★ Sport Gloves | Violet Beadwork (Field-Tested),1350.0,2200.0,186,26,0.1398,1.6296,steamdt-live,1348.5,180,1348.69,80,"溢价求购:买一高于卖一,多为定向收特定图案,买一价不可作退出价",11,0,7,5,6,0,2,0,0.006899595439499917,-0.016349132137221778,-0.007664233576642365,-0.009562339095255612,0.016794450529390326,0.012406015037593976,0.03807686812401767,-0.024275362318840532,-0.07137931034482758,0.15,6,可能加速下跌,买一异常溢价(不作为可成交退出价),31,0,0
503,★ Driver Gloves | Dragon Fists (Field-Tested),600.88,752.0,94,13,0.1383,1.2515,steamdt-live,596.48,100,628.88,29,"溢价求购:买一高于卖一,多为定向收特定图案,买一价不可作退出价",11,0,4,5,2,0,6,3,0.000836834089273486,-0.002525125838224729,-0.003319543604457187,-0.0016904048603323396,0.005004337092146538,0.010983050847457765,0.0074877699757063265,-0.0074877699757063265,-0.06026184361854647,0.22,6,回撤不明显,买一异常溢价(不作为可成交退出价),31,0,0
504,★ Specialist Gloves | Pillow Punchers (Field-Tested),2249.49,4650.0,228,29,0.1272,2.0671,steamdt-live,2269.0,236,2298.0,144,"溢价求购:买一高于卖一,多为定向收特定图案,买一价不可作退出价",11,0,7,5,8,0,0,0,0.009530230535015116,-0.030772412545079342,-0.021702127659574466,-0.021535450195737327,0.042770212765957494,0.0,0.07996319018404918,-0.07807786885245915,-0.12403037383177573,0.21,7,可能加速下跌,买一异常溢价(不作为可成交退出价),31,0,0
505,P250 | Black & Tan (Factory New),63.0,56.0,54,6,0.1111,0.8889,steamdt-live,65.5,48,61.9,61,,11,6,4,2,8,0,0,0,0.0,-0.001612903225806428,0.0,-0.001612903225806428,0.001612903225806428,0.0,0.05640243902439024,-0.05640243902439024,-0.12446958981612455,0.34,1,价格更新稀疏,,31,0,0
506,USP-S | Overgrowth (Factory New),422.0,381.0,21,2,0.0952,0.9028,steamdt-live,560.0,11,447.57,20,,7,6,2,2,10,1,0,3,0.0,-0.060133630289532336,-0.0761316872427984,-0.060133630289532336,0.13979371356353698,0.0,0.14488348530901718,-0.11623036649214658,-0.2544169611307421,0.17,21,可能加速下跌,,31,0,0
507,★ Sport Gloves | Occult (Field-Tested),2559.5,2950.0,304,27,0.0888,1.1526,steamdt-live,2500.0,347,2650.0,102,"溢价求购:买一高于卖一,多为定向收特定图案,买一价不可作退出价",7,0,9,5,10,0,0,0,-0.02948275862068961,-0.0939776159175697,-0.037024738502407395,-0.12068965517241381,0.15324589075211692,0.020000000000000018,0.17207792207792205,-0.1707317073170732,-0.22703849651409513,0.15,14,可能加速下跌,买一异常溢价(不作为可成交退出价),31,0,0
508,★ Specialist Gloves | Mogul (Minimal Wear),851.0,1160.0,216,18,0.0833,1.3631,steamdt-live,848.4,181,874.7,63,"溢价求购:买一高于卖一,多为定向收特定图案,买一价不可作退出价",7,0,7,5,8,0,4,0,0.0,-0.022580645161290325,-0.012514220705347023,-0.022580645161290325,0.034812286689419825,0.0,0.05205644755807326,-0.04674157303370785,-0.0916488222698073,0.4,12,可能加速下跌,买一异常溢价(不作为可成交退出价),31,0,0
509,MP9 | Starlight Protector (Factory New),559.5,860.0,218,18,0.0826,1.5371,steamdt-live,572.51,197,580.2,69,"溢价求购:买一高于卖一,多为定向收特定图案,买一价不可作退出价",7,0,7,2,6,0,4,5,-0.0028541038822903486,-0.005315650056000987,0.0,-0.008154582520829678,0.018421052631578894,0.008108108108108025,0.043589743589743546,-0.04193564958304086,-0.08278688524590161,0.39,10,可能加速下跌,买一异常溢价(不作为可成交退出价),31,0,0
510,★ Sport Gloves | Omega (Minimal Wear),2398.0,4100.0,444,36,0.0811,1.7098,steamdt-live,2450.0,391,2566.6,98,"溢价求购:买一高于卖一,多为定向收特定图案,买一价不可作退出价",7,0,9,5,10,0,0,0,-0.003907013088493838,-0.05942341635614823,-0.034150943396226374,-0.06309826137917562,0.09492357048499722,0.0,0.13570012614885563,-0.13570012614885563,-0.1985267330438938,0.31,10,可能加速下跌,买一异常溢价(不作为可成交退出价),31,0,0
511,M4A1-S | Printstream (Factory New),2269.4,3350.0,653,50,0.0766,1.4762,steamdt-live,2348.5,502,2320.72,212,"溢价求购:买一高于卖一,多为定向收特定图案,买一价不可作退出价",7,0,12,2,10,0,0,0,-0.012499999999999956,-0.04248945147679317,-0.016393442622950838,-0.054458333333333275,0.07582224249433911,0.0,0.13368632825473648,-0.13368632825473648,-0.20622761361092457,0.4,12,可能加速下跌,买一异常溢价(不作为可成交退出价),31,0,0
512,★ Specialist Gloves | Field Agent (Minimal Wear),1499.0,1860.0,348,25,0.0718,1.2408,steamdt-live,1450.0,279,1575.64,67,"溢价求购:买一高于卖一,多为定向收特定图案,买一价不可作退出价",7,0,9,5,10,0,0,0,-0.01898734177215189,-0.06451612903225812,-0.027686324223533676,-0.08227848101265822,0.10741766697445365,0.0,0.16833954688844277,-0.161849710982659,-0.22418405564472976,0.39,12,可能加速下跌,买一异常溢价(不作为可成交退出价),31,0,0
513,★ Moto Gloves | Smoke Out (Field-Tested),566.88,680.0,308,21,0.0682,1.1995,steamdt-live,587.5,327,577.3,111,"溢价求购:买一高于卖一,多为定向收特定图案,买一价不可作退出价",7,0,9,5,10,0,0,0,-0.01655629139072845,-0.04565656565656562,-0.023443815683104274,-0.06145695364238413,0.08420032310177705,0.0033274336283186656,0.12720554272517326,-0.14237734307629468,-0.2047472749463407,0.4,17,可能加速下跌,买一异常溢价(不作为可成交退出价),31,0,0
514,★ Sport Gloves | Nocts (Minimal Wear),4650.0,7060.0,401,25,0.0623,1.5183,steamdt-live,4750.0,348,5031.15,67,"溢价求购:买一高于卖一,多为定向收特定图案,买一价不可作退出价",7,0,9,5,10,0,0,0,-0.007778118923344568,-0.030428055698813794,-0.022704540908181636,-0.03796950158632684,0.0692147737399742,0.010752688172043001,0.1278530339580627,-0.12866147571375608,-0.17362637362637368,0.04,10,可能加速下跌,买一异常溢价(不作为可成交退出价),31,0,0
515,★ Specialist Gloves | Crimson Kimono (Minimal Wear),14300.0,19340.0,364,17,0.0467,1.3524,steamdt-live,15300.0,360,15096.51,78,"溢价求购:买一高于卖一,多为定向收特定图案,买一价不可作退出价",3,0,9,5,10,0,4,0,-0.020033333333333347,-0.027177795163100815,-0.0425124473381846,-0.046666666666666634,0.08719519979573598,0.0,0.13793103448275867,-0.13678618857901725,-0.1588235294117647,0.4,6,可能加速下跌,买一异常溢价(不作为可成交退出价),31,0,0
516,★ Specialist Gloves | Fade (Minimal Wear),2469.5,4810.0,639,27,0.0423,1.9478,steamdt-live,2500.0,636,2488.0,164,"溢价求购:买一高于卖一,多为定向收特定图案,买一价不可作退出价",3,0,12,5,10,1,0,0,-0.030916030534351102,-0.027372981488775094,-0.054151624548736454,-0.0574427480916031,0.10848375451263537,0.02895833333333342,0.15221361676416467,-0.15195741758241754,-0.2371988719377527,0.4,10,暂未减速,买一异常溢价(不作为可成交退出价),31,0,0
517,P250 | Wingshot (Factory New),38.05,35.7,180,7,0.0389,0.9382,steamdt-live,37.97,117,37.48,127,,3,9,7,2,8,0,2,0,-0.0007894736842105621,-0.0239662891756649,-0.012730579371265316,-0.024736842105263057,0.037152507144712854,0.0,0.06034482758620674,-0.06034482758620674,-0.337030411449016,0.4,2,长期阴跌,,31,0,0
518,★ Hydra Gloves | Case Hardened (Field-Tested),329.64,302.0,388,9,0.0232,0.9162,steamdt-live,320.0,425,331.7,138,,3,6,9,5,8,0,0,0,-0.005703024693201275,-0.03903903903903905,-0.008467300233886865,-0.0445194231286018,0.052609764040619345,3.125097659295584e-05,0.05882352941176472,-0.030303030303030276,-0.1048951048951049,0.4,10,可能加速下跌,,31,0,0
519,★ Sport Gloves | Big Game (Field-Tested),717.0,785.0,813,18,0.0221,1.0948,steamdt-live,707.5,651,739.0,202,"溢价求购:买一高于卖一,多为定向收特定图案,买一价不可作退出价",3,0,12,5,10,1,0,0,-0.019346230820546984,-0.0374149659863946,-0.06534480608554682,-0.05603735823882583,0.11838006230529596,0.011436740528949274,0.14861612515042122,-0.14861612515042122,-0.19739081111741352,0.4,18,可能加速下跌,买一异常溢价(不作为可成交退出价),31,0,0
520,Desert Eagle | Urban DDPAT (Factory New),134.65,102.0,26,6,0.2308,0.7575,steamdt-live,117.5,15,120.46,34,,17,1,2,2,8,0,0,0,0.0,0.0,0.0,0.0,0.0,0.0,0.07114624505928857,-0.07480314960629919,-0.12943617100096316,0.23,0,价格更新稀疏,,30,0,0
521,M4A4 | Eye of Horus (Factory New),3698.5,4240.0,285,38,0.1333,1.1464,steamdt-live,3720.0,153,3800.0,86,"溢价求购:买一高于卖一,多为定向收特定图案,买一价不可作退出价",11,0,9,2,8,0,0,0,-0.005423786624771609,-0.03910106521174328,0.005192207792207748,-0.044312776002005116,0.05866632730974808,0.01342649678038077,0.07421777221526904,-0.0730320886039465,-0.22939889571830396,0.39,7,可能加速下跌,买一异常溢价(不作为可成交退出价),30,0,0
522,USP-S | Whiteout (Factory New),2439.99,2160.0,154,15,0.0974,0.8852,steamdt-live,2483.17,59,2458.7,43,,7,6,7,2,8,0,0,0,-1.1630611770230281e-05,-0.054036450761232424,-0.007732256203115906,-0.05404745289602242,0.06136180034622052,0.0,0.0748853080568721,-0.06154230769230773,-0.18585313931644754,0.31,5,可能加速下跌,,30,0,0
523,★ Broken Fang Gloves | Unhinged (Field-Tested),309.5,345.0,110,8,0.0727,1.1147,steamdt-live,304.49,139,311.34,91,"溢价求购:买一高于卖一,多为定向收特定图案,买一价不可作退出价",7,0,7,5,8,3,0,0,-0.025188679245283008,-0.017742507822833042,-0.0009425070688030557,-0.04248427672955968,0.07025954198473283,0.014966666666666795,0.07025954198473283,-0.04548589341692788,-0.08832599778436478,0.32,7,可能加速下跌,买一异常溢价(不作为可成交退出价),30,0,0
524,★ Sport Gloves | Amphibious (Minimal Wear),3399.0,6280.0,534,30,0.0562,1.8476,steamdt-live,3300.0,488,3512.72,127,"溢价求购:买一高于卖一,多为定向收特定图案,买一价不可作退出价",3,0,12,5,10,0,0,0,-0.0014124293785310327,-0.06647807637906644,-0.03239032390323904,-0.06779661016949157,0.0979909799097991,0.0,0.15395462120241,-0.15395462120241,-0.2124105011933174,0.4,10,可能加速下跌,买一异常溢价(不作为可成交退出价),30,0,0
525,★ Sport Gloves | Scarlet Shamagh (Field-Tested),939.0,1160.0,449,25,0.0557,1.2354,steamdt-live,944.0,370,958.9,141,"溢价求购:买一高于卖一,多为定向收特定图案,买一价不可作退出价",3,0,9,5,10,3,0,0,-0.03951975987993994,-0.021874999999999978,-0.04445506692160617,-0.06053026513256632,0.10571428571428576,0.015135135135135203,0.11415094339622645,-0.11163670766319778,-0.18241184153243362,0.4,16,可能加速下跌,买一异常溢价(不作为可成交退出价),30,0,0
526,M4A1-S | Fade (Factory New),944.0,1331.0,1839,99,0.0538,1.41,steamdt-live,947.4,1494,960.0,1028,"溢价求购:买一高于卖一,多为定向收特定图案,买一价不可作退出价",3,0,15,2,10,0,0,0,-0.004002001000500299,-0.05173279758915117,-0.046278625954198516,-0.05552776388194092,0.09665071770334932,0.00586041555673944,0.15939447907390913,-0.15336322869955155,-0.25019857029388404,0.32,20,可能加速下跌,买一异常溢价(不作为可成交退出价),30,0,0
527,Glock-18 | Dragon Tattoo (Factory New),454.0,415.0,365,19,0.0521,0.9141,steamdt-live,458.0,257,463.8,214,,3,6,9,2,10,0,0,0,-0.00943279392338181,-0.05398928965847771,-0.0130981238923632,-0.06291281373844126,0.07612787692558154,0.020224719101123556,0.11241446725317694,-0.11241446725317694,-0.24765929240202178,0.39,9,可能加速下跌,,30,0,0
528,Tec-9 | Avalanche (Factory New),59.8,55.0,482,24,0.0498,0.9197,steamdt-live,64.57,166,59.77,162,,3,6,9,2,8,0,2,0,-0.0018092105263157743,-0.015159004778381835,0.030683166638413306,-0.01694078947368416,0.020163934426229435,0.0,0.05126984126984124,-0.05126984126984124,-0.34883974289138253,0.29,8,长期阴跌,,30,0,0
529,Tec-9 | Snek-9 (Factory New),23.61,21.1,405,20,0.0494,0.8937,steamdt-live,25.11,117,24.78,139,,3,6,9,2,10,0,0,0,-0.009281678773204183,-0.03828920570264771,-0.025177025963807997,-0.04721549636803879,0.07120377655389465,0.0,0.12099776619508562,-0.12099776619508562,-0.34398444012225626,0.4,8,长期阴跌,,30,0,0
530,Desert Eagle | Heat Treated (Factory New),172.5,2550.0,1606,77,0.0479,14.7826,steamdt-live,186.5,331,176.2,362,"溢价求购:买一高于卖一,多为定向收特定图案,买一价不可作退出价",3,0,15,2,10,0,0,0,-0.007170435741864378,-0.04166666666666663,0.007278182121228882,-0.04853833425262,0.05660377358490565,0.0,0.09916966943443528,-0.08146964856230032,-0.3727272727272727,0.4,12,长期阴跌,买一异常溢价(不作为可成交退出价),30,0,0
531,★ Moto Gloves | Transport (Field-Tested),200.0,220.0,277,11,0.0397,1.1,steamdt-live,196.99,214,207.76,184,"溢价求购:买一高于卖一,多为定向收特定图案,买一价不可作退出价",3,0,9,5,8,0,2,3,-0.011857707509881465,-0.015050000000000008,-0.015085158150851541,-0.026729249011857692,0.05065060240963848,0.0,0.05515852079236416,-0.047437137330754386,-0.09637614678899076,0.4,11,可能加速下跌,买一异常溢价(不作为可成交退出价),30,0,0
532,USP-S | Forest Leaves (Factory New),24.8,21.4,531,19,0.0358,0.8629,steamdt-live,25.52,63,24.77,116,,3,3,12,2,10,0,0,0,-0.00553914327917282,-0.08095061269959147,0.03437738731856377,-0.08604135893648446,0.08772576483597494,0.0,0.08772576483597494,0.045185810810810745,-0.3441971383147854,0.4,7,长期阴跌,,30,0,0
533,AK-47 | Vulcan (Factory New),3075.0,6620.0,920,32,0.0348,2.1528,steamdt-live,3088.0,772,3098.22,192,"溢价求购:买一高于卖一,多为定向收特定图案,买一价不可作退出价",3,0,15,2,10,0,0,0,-0.00906088063274646,-0.059633027522935755,-0.03708783192296472,-0.06815358041152764,0.09824046920821117,0.008858267716535417,0.1284013605442177,-0.1284013605442177,-0.19238345370978327,0.39,16,可能加速下跌,买一异常溢价(不作为可成交退出价),30,0,0
534,★ Driver Gloves | Snow Leopard (Field-Tested),1459.0,1600.0,553,19,0.0344,1.0966,steamdt-live,1438.99,509,1480.0,229,"溢价求购:买一高于卖一,多为定向收特定图案,买一价不可作退出价",3,0,12,5,10,0,0,0,-0.013522240527182872,-0.03873799249154963,-0.033131570563873836,-0.05173640856672157,0.08315387065944568,0.02784999999999993,0.11446769230769227,-0.11185518016071894,-0.1535352941176471,0.4,9,可能加速下跌,买一异常溢价(不作为可成交退出价),30,0,0
535,★ Driver Gloves | King Snake (Minimal Wear),2467.5,6620.0,882,23,0.0261,2.6829,steamdt-live,2499.5,932,2510.0,162,"溢价求购:买一高于卖一,多为定向收特定图案,买一价不可作退出价",3,0,12,5,10,0,0,0,-0.011111111111111072,-0.0758426966292135,-0.01098901098901095,-0.08611111111111114,0.09615384615384615,0.0071428571428571175,0.13603546193654104,-0.13602941176470584,-0.18497109826589597,0.39,10,可能加速下跌,买一异常溢价(不作为可成交退出价),30,0,0
536,P250 | Visions (Factory New),43.4,40.2,424,10,0.0236,0.9263,steamdt-live,45.0,364,45.04,259,,3,6,9,2,10,0,0,0,-0.002834096359276117,-0.05115872321818982,-0.017562647247804652,-0.05384783082624811,0.07026563838903177,0.009302325581395321,0.11047345767575323,-0.09583333333333333,-0.21575713769425375,0.32,9,可能加速下跌,,30,0,0
537,AK-47 | Slate (Factory New),86.29,80.0,1873,15,0.008,0.9271,steamdt-live,88.49,1442,88.0,652,,3,6,15,2,4,0,0,0,-0.005681818181818232,-0.01405714285714288,0.0,-0.019659090909090904,0.02849099099099095,0.020946745562130165,0.029583802024746975,-0.029583802024746975,-0.11969387755102046,0.18,10,可能加速下跌,,30,0,0
538,Glock-18 | Sand Dune (Factory New),3499.0,560.0,4,2,0.5,0.16,steamdt-live,0.0,0,1849.54,4,,8,1,2,2,10,0,6,0,0.0,0.0,0.0,0.0,0.16278964497978887,0.0,0.16278964497978887,0.0,-0.007374092997295079,0.22,3,暂未减速,,29,0,0
539,★ Driver Gloves | Brocade Crane (Field-Tested),1020.0,1260.0,85,14,0.1647,1.2353,steamdt-live,990.0,83,1086.9,41,"溢价求购:买一高于卖一,多为定向收特定图案,买一价不可作退出价",14,0,4,5,6,0,0,0,-0.0014669926650366927,-0.03036238981390793,-0.0019521717911176184,-0.0317848410757946,0.03367496339677889,0.0,0.038368139873725116,-0.038368139873725116,-0.10163339382940106,0.15,7,可能加速下跌,买一异常溢价(不作为可成交退出价),29,0,0
540,★ Specialist Gloves | Marble Fade (Minimal Wear),1979.5,3210.0,229,21,0.0917,1.6216,steamdt-live,2033.0,204,2090.0,59,"溢价求购:买一高于卖一,多为定向收特定图案,买一价不可作退出价",7,0,7,5,10,0,0,0,-0.032790697674418556,-0.048088482808367417,-0.017367458866544783,-0.07930232558139538,0.09529250457038396,0.0,0.10732807215332585,-0.10429864253393661,-0.14639931004743423,0.39,9,可能加速下跌,买一异常溢价(不作为可成交退出价),29,0,0
541,★ Sport Gloves | Scarlet Shamagh (Minimal Wear),1770.0,2170.0,196,16,0.0816,1.226,steamdt-live,1790.0,172,1900.0,63,"溢价求购:买一高于卖一,多为定向收特定图案,买一价不可作退出价",7,0,7,5,10,0,0,0,-0.01843075302790942,-0.05042918454935619,0.005826271186440746,-0.06793048973143756,0.06842105263157894,0.0,0.09299608502264944,-0.09299608502264944,-0.1357421875,0.33,11,可能加速下跌,买一异常溢价(不作为可成交退出价),29,0,0
542,★ Specialist Gloves | Marble Fade (Field-Tested),800.0,1080.0,391,24,0.0614,1.35,steamdt-live,782.0,370,823.99,158,"溢价求购:买一高于卖一,多为定向收特定图案,买一价不可作退出价",7,0,9,5,8,0,0,0,0.001984249251284931,-0.03813038130381308,-0.009896278218425869,-0.03622179223308153,0.044009779951100225,0.0,0.0662686567164179,-0.04634146341463419,-0.09584923112498556,0.39,13,可能加速下跌,买一异常溢价(不作为可成交退出价),29,0,0
543,AWP | Pink DDPAT (Factory New),777.0,533.0,33,2,0.0606,0.686,steamdt-live,849.5,16,770.0,33,,7,1,4,2,8,0,4,3,-0.003207184092366866,-0.009009009009009028,-0.01266624445851805,-0.01218729955099418,0.024699176694110148,0.0,0.07280302482961254,-0.07280302482961254,-0.1878065502874321,0.35,2,可能加速下跌,,29,0,0
544,★ Broken Fang Gloves | Yellow-banded (Field-Tested),271.5,240.0,154,8,0.0519,0.884,steamdt-live,275.0,129,272.0,76,,3,6,7,5,6,0,2,0,0.001636363636363658,-0.014340170629878357,0.003979409295023828,-0.012727272727272698,0.017905588714053122,0.016853932584269593,0.03035714285714286,-0.005494505494505475,-0.0543364681295716,0.4,13,可能加速下跌,,29,0,0
545,USP-S | Neo-Noir (Factory New),658.5,629.0,483,25,0.0518,0.9552,steamdt-live,685.0,234,664.76,147,,3,9,9,2,6,0,0,0,-0.0022026431718061845,-0.030905077262693204,-0.004385964912280715,-0.033039647577092546,0.04147076376657599,0.0,0.04426705370101591,-0.04357298474945537,-0.09658389353820818,0.3,15,可能加速下跌,,29,0,0
546,MP9 | Dart (Factory New),18.89,18.0,118,6,0.0508,0.9529,steamdt-live,19.88,105,19.05,120,,3,9,7,2,6,0,2,0,-0.014788373278939226,-0.02225672877846785,0.05203862660944192,-0.03671596124426313,0.04208924949290049,0.02329360780065004,0.04644119131751634,-0.04644119131751634,-0.3757435558493061,0.3,12,长期阴跌,,29,0,0
547,Five-SeveN | Jungle (Factory New),345.0,220.0,11,3,0.2727,0.6377,steamdt-live,359.5,4,336.72,4,,8,1,2,2,4,0,6,5,0.0,-0.005023343774008593,-0.0017109144542772903,-0.005023343774008593,0.009996471833470522,0.0007430082919726022,0.02399999999999991,-0.02399999999999991,-0.15290566037735842,0.33,9,回撤不明显,,28,0,0
548,Galil AR | Aqua Terrace (Factory New),818.9,566.0,25,6,0.24,0.6912,steamdt-live,887.3,27,839.3,22,,17,1,2,2,0,0,6,0,-0.0012204051745179356,0.0006109481915934634,0.0004884004884004867,-0.0006102025872589678,0.0007321537522879673,0.0007332274227056512,0.0013414634146341475,-0.0013414634146341475,-0.11860940695296529,0.4,2,回撤不明显,,28,0,0
549,FAMAS | Waters of Nephthys (Factory New),850.0,1120.0,171,21,0.1228,1.3176,steamdt-live,874.5,61,839.0,59,"溢价求购:买一高于卖一,多为定向收特定图案,买一价不可作退出价",11,0,7,2,8,0,0,0,-0.0005813953488371659,-0.023851076207097144,-0.005780346820809301,-0.024418604651162745,0.04659090909090913,0.023170731707317094,0.06256983240223468,-0.06256983240223468,-0.2691191971635901,0.35,8,可能加速下跌,买一异常溢价(不作为可成交退出价),28,0,0
550,Tec-9 | Blast From the Past (Factory New),38.26,32.0,71,7,0.0986,0.8364,steamdt-live,39.9,41,39.91,55,,7,3,4,2,8,0,4,0,-0.004149377593361092,-0.003645833333333348,-0.00025926886180960285,-0.007780082987551951,0.01085832471561532,0.0,0.07539874335427754,-0.07539874335427754,-0.390473155966226,0.4,4,长期阴跌,,28,0,0
551,★ Hand Wraps | Duct Tape (Field-Tested),250.0,280.0,174,12,0.069,1.12,steamdt-live,254.5,163,256.6,126,"溢价求购:买一高于卖一,多为定向收特定图案,买一价不可作退出价",7,0,7,5,8,1,0,0,-0.0019493177387914784,-0.0234375,-0.03024574669187141,-0.025341130604288553,0.05123339658444026,0.026694045174537884,0.07235621521335811,-0.07235621521335811,-0.10394265232974909,0.39,13,可能加速下跌,买一异常溢价(不作为可成交退出价),28,0,0
552,Glock-18 | Wraiths (Factory New),33.8,30.7,388,20,0.0515,0.9083,steamdt-live,34.5,143,33.23,153,,3,6,9,2,2,0,6,0,0.006969696969696848,0.0,0.03125,0.006969696969696848,0.0,0.040062597809076506,0.008651551312649386,0.019012572830420016,-0.34198019801980206,0.4,8,长期阴跌,,28,0,0
553,★ Specialist Gloves | Field Agent (Field-Tested),704.5,920.0,740,23,0.0311,1.3059,steamdt-live,700.0,611,724.1,213,"溢价求购:买一高于卖一,多为定向收特定图案,买一价不可作退出价",3,0,12,5,6,0,2,0,-0.0013840830449827202,-0.02979902979902982,0.011196641007697794,-0.03114186851211076,0.0318118948824343,0.0,0.04109589041095896,-0.04109589041095896,-0.10828025477707004,0.4,9,可能加速下跌,买一异常溢价(不作为可成交退出价),28,0,0
554,★ Driver Gloves | Black Tie (Field-Tested),719.9,930.0,701,16,0.0228,1.2918,steamdt-live,698.5,667,723.71,154,"溢价求购:买一高于卖一,多为定向收特定图案,买一价不可作退出价",3,0,12,5,6,0,2,0,0.01936842105263148,-0.03827619441002339,0.0035211267605634866,-0.019649122807017583,0.03827619441002339,0.0,0.03904358353510895,-0.03655172413793106,-0.09288070439728835,0.39,12,可能加速下跌,买一异常溢价(不作为可成交退出价),28,0,0
555,P250 | Vino Primo (Factory New),80.0,67.0,403,9,0.0223,0.8375,steamdt-live,85.37,140,85.63,884,,3,3,9,2,10,1,0,0,0.03465519246423998,-0.10082050129257047,-0.08423855165069238,-0.06965926270496559,0.1480298189563366,0.0,0.236568374844928,-0.236568374844928,-0.40696812453669384,0.34,13,长期阴跌,,28,0,0
556,MP9 | Wild Lily (Factory New),15296.0,13910.0,29,7,0.2414,0.9094,steamdt-live,15599.5,25,16908.08,8,,17,6,2,2,0,0,0,0,0.0,0.0,0.0,0.0,0.0,0.006381998815711665,0.0,0.033513513513513615,-0.07280111535430689,0.4,0,价格更新稀疏,,27,0,0
557,M4A1-S | Master Piece (Factory New),1817.5,1680.0,73,7,0.0959,0.9243,steamdt-live,1888.0,20,1989.0,59,,7,6,4,2,4,0,4,0,0.0,-0.012228260869565188,-0.00540540540540535,-0.012228260869565188,0.01756756756756761,0.0,0.01756756756756761,-0.01756756756756761,-0.22659574468085109,0.3,2,可能加速下跌,,27,0,0
558,★ Specialist Gloves | Buckshot (Minimal Wear),376.0,500.0,161,15,0.0932,1.3298,steamdt-live,403.98,112,384.39,52,"溢价求购:买一高于卖一,多为定向收特定图案,买一价不可作退出价",7,0,7,5,8,0,0,0,-0.0013010535983060123,-0.039542249923367745,0.010283505154639272,-0.04079185693512588,0.06000000000000005,0.016216216216216273,0.06000000000000005,-0.04807716651054461,-0.14739229024943312,0.4,9,可能加速下跌,买一异常溢价(不作为可成交退出价),27,0,0
559,★ Specialist Gloves | Big Swell (Field-Tested),1138.8,1520.0,120,11,0.0917,1.3347,steamdt-live,1100.0,134,1138.48,101,"溢价求购:买一高于卖一,多为定向收特定图案,买一价不可作退出价",7,0,7,5,6,0,2,0,0.008928571428571397,-0.026548672566371723,-0.008410801239486454,-0.017857142857142905,0.026548672566371723,0.0,0.03508771929824561,-0.01610017889087656,-0.08256880733944949,0.4,5,可能加速下跌,买一异常溢价(不作为可成交退出价),27,0,0
560,P250 | Apep's Curse (Factory New),576.09,460.0,68,4,0.0588,0.7985,steamdt-live,526.0,51,560.0,59,,3,1,4,2,10,2,0,5,0.0,-0.041894353369763215,-0.08484747457909647,-0.041894353369763215,0.12318719786631105,0.0,0.17812499999999998,-0.17812499999999998,-0.36550060313630883,0.4,2,长期阴跌,,27,0,0
561,★ Hand Wraps | Overprint (Minimal Wear),770.0,830.0,378,20,0.0529,1.0779,steamdt-live,759.0,313,805.79,99,"溢价求购:买一高于卖一,多为定向收特定图案,买一价不可作退出价",3,0,9,5,10,0,0,0,-0.0024390243902439046,-0.07212713936430315,-0.017375674056321122,-0.07439024390243898,0.09047333732774121,0.005298013245033095,0.12758620689655176,-0.13058419243986252,-0.17410228509249182,0.4,12,可能加速下跌,买一异常溢价(不作为可成交退出价),27,0,0
562,★ Moto Gloves | Finish Line (Field-Tested),403.0,566.0,459,22,0.0479,1.4045,steamdt-live,408.0,477,419.4,209,"溢价求购:买一高于卖一,多为定向收特定图案,买一价不可作退出价",3,0,9,5,10,0,0,0,0.0,-0.03947368421052633,-0.014150943396226467,-0.03947368421052633,0.0641025641025641,0.0,0.09572072072072069,-0.0936794582392777,-0.24854950402395648,0.4,12,可能加速下跌,买一异常溢价(不作为可成交退出价),27,0,0
563,★ Sport Gloves | Bronze Morph (Field-Tested),402.5,464.0,341,15,0.044,1.1528,steamdt-live,410.0,255,419.9,169,"溢价求购:买一高于卖一,多为定向收特定图案,买一价不可作退出价",3,0,9,5,8,0,2,0,0.012101741587960957,-0.04057279236276845,-0.023608490566037754,-0.028962052223483692,0.05188679245283023,0.0,0.07777013076393668,-0.049645390070921946,-0.17622950819672134,0.14,16,可能加速下跌,买一异常溢价(不作为可成交退出价),27,0,0
564,★ Hand Wraps | Arboreal (Field-Tested),225.0,259.0,403,15,0.0372,1.1511,steamdt-live,220.0,344,233.5,137,"溢价求购:买一高于卖一,多为定向收特定图案,买一价不可作退出价",3,0,9,5,10,0,0,0,-0.0038151759220008685,-0.06382978723404253,0.026187576126674772,-0.06740144128868164,0.07903549899531148,0.0,0.08287477071869265,-0.05982905982905984,-0.13988583939322852,0.4,14,可能加速下跌,买一异常溢价(不作为可成交退出价),27,0,0
565,Tec-9 | Jambiya (Factory New),32.99,28.2,284,10,0.0352,0.8548,steamdt-live,30.07,121,30.4,104,,3,3,9,2,10,0,0,0,-0.015516149461684559,-0.03280797684142811,-0.026810477657935428,-0.04781507283090558,0.07334360554699548,0.0,0.12485448195576254,-0.12485448195576254,-0.4972412640026751,0.4,12,长期阴跌,,27,0,0
566,★ Hand Wraps | Constrictor (Field-Tested),239.0,272.0,483,15,0.0311,1.1381,steamdt-live,239.0,353,246.51,150,"溢价求购:买一高于卖一,多为定向收特定图案,买一价不可作退出价",3,0,9,5,8,2,0,0,-0.004081632653061273,-0.020491803278688492,-0.0335305719921104,-0.024489795918367308,0.06457925636007833,0.06222222222222218,0.06457925636007833,-0.04966400254483283,-0.13718411552346566,0.39,19,可能加速下跌,买一异常溢价(不作为可成交退出价),27,0,0
567,★ Specialist Gloves | Buckshot (Field-Tested),230.0,256.0,325,9,0.0277,1.113,steamdt-live,225.0,320,238.85,183,"溢价求购:买一高于卖一,多为定向收特定图案,买一价不可作退出价",3,0,9,5,10,0,0,0,-0.0163531292266077,-0.0625,-0.00817073170731708,-0.07783105864994466,0.10710742489781344,0.0,0.11764705882352944,-0.10671748451643637,-0.16666666666666663,0.39,12,可能加速下跌,买一异常溢价(不作为可成交退出价),27,0,0
568,Glock-18 | Trace Lock (Factory New),30.5,25.4,306,7,0.0229,0.8328,steamdt-live,28.0,255,30.49,130,,3,3,9,2,10,0,0,0,-0.00405816706121076,-0.04923599320882854,0.0033932813030199682,-0.05309435238417315,0.06291834002677377,0.0,0.125,-0.09031838856400265,-0.28388746803069054,0.15,8,可能加速下跌,,27,0,0
569,AWP | BOOM (Factory New),2088.0,1560.0,41,6,0.1463,0.7471,steamdt-live,2400.0,25,2216.53,23,,11,1,4,2,8,0,0,0,0.0,-0.004766444232602529,-0.0411334552102377,-0.004766444232602529,0.04570383912248632,0.0,0.06993318485523381,-0.07199999999999995,-0.14704837069081722,0.35,1,价格更新稀疏,,26,0,0
570,Five-SeveN | Case Hardened (Factory New),186.98,292.0,221,21,0.095,1.5617,steamdt-live,190.0,170,196.32,97,"溢价求购:买一高于卖一,多为定向收特定图案,买一价不可作退出价",7,0,7,2,10,0,0,0,-0.02195706391510588,-0.06510000000000005,-0.02424011070286769,-0.08562765905423253,0.10779214582239827,0.0053228668207967456,0.12154099130843321,-0.12331207801950494,-0.3484336341777887,0.39,5,长期阴跌,买一异常溢价(不作为可成交退出价),26,0,0
571,P250 | Muertos (Factory New),111.0,103.0,242,14,0.0579,0.9279,steamdt-live,109.0,141,117.06,173,,3,6,7,2,8,0,0,0,0.017699115044247815,-0.05217391304347829,0.019119769119769092,-0.03539823008849563,0.06437768240343344,0.0,0.06437768240343344,-0.0047479912344776665,-0.27381745502998,0.4,4,可能加速下跌,,26,0,0
572,★ Driver Gloves | Snow Leopard (Minimal Wear),3135.0,5110.0,237,20,0.0844,1.63,steamdt-live,3140.0,247,3188.0,53,"溢价求购:买一高于卖一,多为定向收特定图案,买一价不可作退出价",7,0,7,5,6,0,0,0,-0.005819138917128708,-0.016624843161856973,0.006800627943485127,-0.022347239807151364,0.022347239807151364,0.04499999999999993,0.03240740740740744,-0.03222520289313724,-0.14022433699914982,0.39,8,可能加速下跌,买一异常溢价(不作为可成交退出价),25,0,0
573,★ Sport Gloves | Bronze Morph (Minimal Wear),759.72,810.0,184,15,0.0815,1.0662,steamdt-live,750.0,116,774.68,80,"溢价求购:买一高于卖一,多为定向收特定图案,买一价不可作退出价",7,0,7,5,6,0,0,0,0.0,-0.031633311814073584,0.027188328912466808,-0.031633311814073584,0.03288201160541582,0.0,0.03288201160541582,-0.03100775193798455,-0.08647990255785631,0.4,4,可能加速下跌,买一异常溢价(不作为可成交退出价),25,0,0
574,★ Sport Gloves | Big Game (Minimal Wear),1107.67,1300.0,246,14,0.0569,1.1736,steamdt-live,1050.0,196,1180.0,57,"溢价求购:买一高于卖一,多为定向收特定图案,买一价不可作退出价",3,0,7,5,10,0,0,0,-0.026661024121878985,-0.08695652173913049,0.0038232795242141293,-0.1112991959373677,0.11317567567567566,0.0,0.15058852081058127,-0.15058852081058127,-0.22193404964801777,0.4,12,可能加速下跌,买一异常溢价(不作为可成交退出价),25,0,0
575,★ Driver Gloves | Black Tie (Minimal Wear),1680.0,3000.0,332,13,0.0392,1.7857,steamdt-live,1700.0,333,1772.0,78,"溢价求购:买一高于卖一,多为定向收特定图案,买一价不可作退出价",3,0,9,5,8,0,0,0,-0.0055881531153954,-0.055914582747962904,0.011588468061051405,-0.06119027661357923,0.06145251396648044,0.0,0.06536856745479835,-0.06640733537093635,-0.12477207606147434,0.39,10,可能加速下跌,买一异常溢价(不作为可成交退出价),25,0,0
576,P250 | Forest Night (Factory New),59.0,50.0,153,5,0.0327,0.8475,steamdt-live,90.0,14,61.65,44,,3,3,7,2,10,0,0,0,-0.004464950141390034,-0.11795485124831817,-0.0059180352123096025,-0.12189313885994935,0.12708980618434684,0.0,0.14739884393063585,-0.14739884393063585,-0.4380952380952381,0.4,6,长期阴跌,,25,0,0
577,P250 | Gunsmoke (Factory New),125.0,36.0,4,3,0.75,0.288,steamdt-live,130.0,9,125.4,14,,8,1,2,2,6,1,4,0,-0.010509803921568639,-0.009194673430564348,0.015855310333837913,-0.019607843137254943,0.019684730609364043,0.0,0.038461538461538436,0.47058823529411775,0.19047619047619047,0.4,15,可能加速下跌,,24,0,0
578,FAMAS | Macabre (Factory New),50.0,38.0,86,8,0.093,0.76,steamdt-live,63.57,41,55.82,61,,7,1,4,2,10,0,0,0,-0.012799414883890914,-0.07390257455084281,-0.0054555373704310295,-0.08575607972206978,0.08925318761384338,0.0,0.16652775462577096,-0.16666666666666663,-0.3408042188529993,0.23,4,长期阴跌,,24,0,0
579,Five-SeveN | Candy Apple (Factory New),469.9,359.0,39,2,0.0513,0.764,steamdt-live,454.9,42,462.3,48,,3,1,4,2,8,0,6,0,0.014447655034452112,-0.0032865907099035585,-0.00022222222222223476,0.011113580795732325,0.0032865907099035585,0.011113580795732325,0.07163265306122457,-0.07163265306122457,-0.19054058863304746,0.4,3,回撤不明显,,24,0,0
580,AK-47 | Jet Set (Factory New),5178.91,3340.0,12,3,0.25,0.6449,steamdt-live,5256.91,10,5497.81,9,,8,1,2,2,10,0,0,0,-0.0038469602282016346,0.0,0.0,-0.0038469602282016346,0.0038469602282016346,0.015472549019607706,0.10669943941354032,-0.040748965994987896,-0.2601028644903207,0.4,1,价格更新稀疏,,23,0,0
581,M4A4 | Tornado (Factory New),720.0,600.0,14,2,0.1429,0.8333,steamdt-live,720.0,20,714.4,16,,8,3,2,2,4,0,4,0,0.0,-0.008466342817487926,-0.008258774948382674,-0.008466342817487926,0.01665519614590505,0.0,0.025468236321224524,-0.025468236321224524,-0.10688836104513066,0.29,3,可能加速下跌,,23,0,0
582,AWP | The Prince (Factory New),15888.0,17290.0,72,10,0.1389,1.0882,steamdt-live,16300.0,76,16999.0,22,"溢价求购:买一高于卖一,多为定向收特定图案,买一价不可作退出价",11,0,4,2,6,0,0,0,-3.0674846625777796e-05,-0.025246173195496824,6.13497308954436e-07,-0.02527607361963191,0.02527607361963191,0.0,0.035716951850788714,-0.035716951850788714,-0.040000000000000036,0.4,1,价格更新稀疏,买一异常溢价(不作为可成交退出价),23,0,0
583,Galil AR | Orange DDPAT (Factory New),529.9,56.0,10,1,0.1,0.1057,steamdt-live,787.9,10,686.0,10,,8,1,2,2,10,0,0,0,0.0,-0.053580996606536924,0.0,-0.053580996606536924,0.22990844354018314,0.0,0.23601499423298733,-0.053580996606536924,-0.21843657817109152,0.23,3,可能加速下跌,,23,0,0
584,P250 | Dark Filigree (Factory New),50.97,35.0,103,6,0.0583,0.6867,steamdt-live,41.74,61,42.27,102,,3,1,7,2,10,0,0,0,0.0,-0.002629063097514539,-0.025844004656577435,-0.002629063097514539,0.028405122235157343,0.0,0.1793510324483777,-0.1793510324483777,-0.3507079508324257,0.13,1,价格更新稀疏,,23,0,0
585,Desert Eagle | Sunset Storm 壱 (Factory New),2987.99,2650.0,53,3,0.0566,0.8869,steamdt-live,2900.0,40,2994.37,39,,3,6,4,2,8,0,0,0,0.0,0.0,-0.0550667970022809,0.0,0.05503600638665318,0.0,0.07451731290888786,-0.059214346656804695,-0.0744050658768256,0.27,0,价格更新稀疏,,23,0,0
586,MP9 | Hydra (Factory New),244.0,151.0,128,7,0.0547,0.6189,steamdt-live,264.59,70,259.04,75,,3,1,7,2,10,0,0,0,-0.009198926791874174,-0.05609284332688591,-0.01913605774653193,-0.06477577615944796,0.08270676691729328,0.0,0.08955223880597019,-0.08955223880597019,-0.15486127948460382,0.22,7,可能加速下跌,,23,0,0
587,★ Driver Gloves | Rezan the Red (Field-Tested),347.0,421.0,224,9,0.0402,1.2133,steamdt-live,358.0,209,357.9,91,"溢价求购:买一高于卖一,多为定向收特定图案,买一价不可作退出价",3,0,7,5,4,0,4,0,-0.0016690712608561364,-0.01671861717200329,-0.001412469278793238,-0.01835978386941639,0.01974632051752878,0.0,0.023909985935302358,-0.008571428571428563,-0.0557309241319256,0.4,15,可能加速下跌,买一异常溢价(不作为可成交退出价),23,0,0
588,MP9 | Food Chain (Factory New),87.38,66.0,242,7,0.0289,0.7553,steamdt-live,82.1,140,89.5,116,,3,1,7,2,10,0,0,0,-0.022409909909909875,-0.05425642207119008,-0.01333333333333342,-0.07545045045045051,0.0933186085035892,0.026249999999999885,0.15863906538225048,-0.15863906538225048,-0.2501598319481231,0.4,9,可能加速下跌,,23,0,0
589,USP-S | Business Class (Factory New),656.56,493.0,13,2,0.1538,0.7509,steamdt-live,678.0,15,632.66,23,,8,1,2,2,2,0,2,5,0.0,-0.006282788301448128,0.054421994037760824,-0.006282788301448128,0.009053317461312105,0.06904359580939512,0.009053317461312105,0.00687525861794569,0.14809908356773427,0.17,4,回撤不明显,,22,0,0
590,Galil AR | Urban Rubble (Factory New),73.89,47.0,81,8,0.0988,0.6361,steamdt-live,56.49,25,61.11,17,,7,1,4,2,8,0,0,0,-0.0001769911504424515,0.0,-0.02249134948096876,-0.0001769911504424515,0.022664359861591654,0.0015957446808512188,0.058499999999999996,-0.058499999999999996,-0.5125550090603158,0.4,0,价格更新稀疏,,22,0,0
591,P250 | Whiteout (Factory New),1599.5,930.0,29,2,0.069,0.5814,steamdt-live,1998.8,32,1688.44,20,,7,1,2,2,10,0,0,0,-0.00030120481927709,-0.03615546851461282,-0.010485279478299137,-0.03644578313253011,0.05800942285041222,0.03260167850225959,0.08521589934229334,-0.08495423340961095,-0.15192229179811556,0.23,3,可能加速下跌,,22,0,0
592,AWP | Snake Camo (Factory New),3500.0,800.0,2,1,0.5,0.2286,steamdt-live,2600.0,4,2374.0,20,,8,1,2,2,2,0,6,0,-0.004185851820845521,-0.0021017234131988083,-0.002088554720133695,-0.006278777731268281,0.00835421888053467,0.0,0.010421008753647376,-0.004319926183785627,-0.009095121024797703,0.35,3,回撤不明显,,21,0,0
593,FAMAS | Spitfire (Factory New),2888.88,620.0,6,3,0.5,0.2146,steamdt-live,2800.0,3,2736.26,3,,8,1,2,2,4,0,4,0,-0.0018140523753201743,-0.005452047425543172,0.0,-0.007256209501280697,0.02276428571428568,0.0,0.02276428571428568,0.13132641205971973,0.03827123017378775,0.38,5,可能加速下跌,,21,0,0
594,Tec-9 | Brass (Factory New),450.0,309.0,11,3,0.2727,0.6867,steamdt-live,479.5,9,446.35,57,,8,1,2,2,2,0,6,0,-0.0033456005352960894,-0.0011189437171310601,-0.0011139578923916593,-0.004460800713728119,0.005569789461958297,0.0,0.008111111111111069,-0.008111111111111069,-0.0853483606557377,0.24,4,回撤不明显,,21,0,0
595,Galil AR | Hunting Blind (Factory New),38.89,20.1,17,3,0.1765,0.5168,steamdt-live,49.62,24,38.74,22,,8,1,2,2,2,0,6,0,-0.004360092331367027,-0.002060793405461059,-0.003068268984914302,-0.006411900487304445,0.0094604960368192,0.0015511892450879028,0.0094604960368192,-0.0094604960368192,0.00990615224191882,0.23,12,回撤不明显,,21,0,0
596,MP9 | Dark Age (Factory New),497.1,386.0,33,4,0.1212,0.7765,steamdt-live,478.0,34,501.78,28,,8,1,4,2,6,0,0,0,0.0,-0.0010449320794148065,-0.04012036108324979,-0.0010449320794148065,0.04112337011033096,0.0,0.04112337011033096,-0.04112337011033096,-0.04493596275649869,0.22,1,价格更新稀疏,,21,0,0
597,Tec-9 | Terrace (Factory New),758.0,376.0,18,2,0.1111,0.496,steamdt-live,713.0,14,696.0,14,,8,1,2,2,4,0,4,0,-0.008456898009809977,-0.01063285381247514,0.017467374157464688,-0.018999830862039824,0.018999830862039824,0.0,0.018999830862039824,-0.0020074562661313022,-0.10840101457815587,0.18,5,可能加速下跌,,21,0,0
598,P250 | Red Rock (Factory New),236.5,55.0,10,1,0.1,0.2326,steamdt-live,240.0,7,224.45,15,,8,1,2,2,4,0,4,0,-0.005247376311844021,-0.005053415488275204,-0.0024632708718219654,-0.010274274627392277,0.013319852294707224,0.0005795292439372268,0.01999738025586173,-0.019697763801537427,-0.1876583423814695,0.4,8,可能加速下跌,,21,0,0
599,P250 | Undertow (Factory New),239.48,152.0,155,6,0.0387,0.6347,steamdt-live,244.48,94,238.87,121,,3,1,7,2,6,0,2,0,-4.0816326530523916e-05,-0.0249806114535287,-0.013409575967462728,-0.02502040816326534,0.03809447106672581,0.003655462184873892,0.044520000000000004,-0.044520000000000004,-0.3165379113018598,0.4,3,长期阴跌,,21,0,0
600,★ Driver Gloves | Queen Jaguar (Field-Tested),287.4,340.0,239,8,0.0335,1.183,steamdt-live,288.5,207,296.8,78,"溢价求购:买一高于卖一,多为定向收特定图案,买一价不可作退出价",3,0,7,5,2,0,4,0,0.0,-0.005536332179930881,-0.0017271157167529916,-0.005536332179930881,0.007253886010362809,0.008775008775008697,0.01406518010291602,-0.007253886010362809,-0.04673455172642549,0.4,9,回撤不明显,买一异常溢价(不作为可成交退出价),21,0,0
601,Five-SeveN | Hyper Beast (Factory New),2629.0,2050.0,41,6,0.1463,0.7798,steamdt-live,2830.0,37,2725.86,36,,11,1,4,2,2,0,0,0,-0.0001901140684410496,-0.00019015021867274662,-0.004542013626040897,-0.0003802281368820992,0.0049205147615443146,0.0,0.005108798486281985,-0.0015191796429927518,-0.05712482247120099,0.4,0,价格更新稀疏,,20,0,0
602,Tec-9 | Hades (Factory New),160.24,124.0,36,2,0.0556,0.7738,steamdt-live,176.5,25,161.79,32,,3,1,4,2,6,0,4,0,-0.0033376599295382725,-0.006263565891472811,-0.006692043222003896,-0.00958032016811905,0.012510014173907735,0.0,0.04896433022731317,-0.0461336984344306,-0.08902785673678226,0.18,2,暂未减速,,20,0,0
603,MP9 | Dry Season (Factory New),2300.0,55.0,2,4,2.0,0.0239,steamdt-live,769.5,2,697.0,3,,8,1,2,2,6,0,0,0,0.004208654416123281,0.0,0.0014841199168893482,0.004208654416123281,0.0,0.0056990204808549105,0.0421914090658525,-0.024978417266187103,-0.030557939914163113,0.22,1,价格更新稀疏,,19,0,0
604,M4A4 | Desert Storm (Factory New),429.5,335.0,15,3,0.2,0.78,steamdt-live,388.0,14,400.95,11,,8,1,2,2,6,0,0,0,0.0,-0.030000000000000027,0.0,-0.030000000000000027,0.030000000000000027,0.0,0.030000000000000027,-0.030000000000000027,-0.13547237076648844,0.4,1,价格更新稀疏,,19,0,0
605,AK-47 | Black Laminate (Factory New),1297.5,750.0,16,2,0.125,0.578,steamdt-live,1489.0,18,1297.86,21,,8,1,2,2,6,0,0,0,-0.00027737968656083023,0.0,0.011361511127735202,-0.00027737968656083023,0.0007701193685021313,0.012248400686534655,0.041692824698105535,-0.03613294308170034,-0.2791666666666667,0.38,0,价格更新稀疏,,19,0,0
606,Glock-18 | Synth Leaf (Factory New),2096.48,1610.0,25,3,0.12,0.768,steamdt-live,1996.99,21,2029.41,23,,8,1,2,2,6,0,0,0,-0.0002553191489361728,0.0,-0.0005503852696887579,-0.0002553191489361728,0.0008055638947263022,0.0,0.034757600657354226,-0.035037448659096415,-0.20120400000000005,0.13,0,价格更新稀疏,,19,0,0
607,Glock-18 | Pink DDPAT (Factory New),437.5,244.0,17,2,0.1176,0.5577,steamdt-live,512.0,12,439.7,22,,8,1,2,2,0,0,6,0,0.0,-0.0022805017103763037,-0.001138952164009166,-0.0022805017103763037,0.003416856492027387,0.0,0.004550625711035261,-0.004550625711035261,-0.09420289855072461,0.32,4,回撤不明显,,19,0,0
608,MP9 | Hypnotic (Factory New),94.6,79.0,480,23,0.0479,0.8351,steamdt-live,91.47,178,98.66,237,,3,3,9,2,0,0,2,0,-0.0007644425030031154,-0.0003278688524590567,0.007370737073707279,-0.0010920607185759268,0.0010920607185759268,0.03943181818181807,0.0010920607185759268,0.0401410052308393,-0.19763157894736838,0.3,6,回撤不明显,,19,0,0
609,Glock-18 | Blue Fissure (Factory New),215.37,175.0,46,4,0.087,0.8126,steamdt-live,233.0,28,218.66,33,,7,3,4,2,2,0,0,0,-0.002362423568649241,0.0,0.004139727429182782,-0.002362423568649241,0.002362423568649241,0.0017675240708869833,0.012018899949538975,-0.012018899949538975,-0.03723737147966022,0.23,0,价格更新稀疏,,18,0,0
610,P250 | Mehndi (Factory New),169.48,22.0,43,2,0.0465,0.1298,steamdt-live,178.5,50,179.47,59,,3,1,4,2,8,0,0,0,-0.0031251775669072224,-0.033971728226174225,-0.023904603438713257,-0.03699073811011999,0.06001109262340554,0.0,0.06879120879120881,-0.06879120879120881,-0.12163772998186062,0.21,2,可能加速下跌,,18,0,0
611,M4A4 | Jungle Tiger (Factory New),520.0,400.0,8,3,0.375,0.7692,steamdt-live,510.0,11,541.37,7,,8,1,2,2,4,0,0,0,-0.008746355685131157,0.0,-0.000970873786407811,-0.008746355685131157,0.009708737864077666,0.0,0.018286814244465877,-0.018286814244465877,-0.23365890308039072,0.29,1,价格更新稀疏,,17,0,0
612,M4A4 | Radiation Hazard (Factory New),2383.0,1220.0,10,1,0.1,0.512,steamdt-live,2383.5,7,2341.5,10,,8,1,2,2,4,0,0,0,0.0,-0.01782718120805371,0.018150758061072025,-0.01782718120805371,0.01782718120805371,0.0,0.01782718120805371,0.0,-0.09196320541060399,0.28,1,价格更新稀疏,,17,0,0
613,AK-47 | Jaguar (Factory New),2650.0,2110.0,149,5,0.0336,0.7962,steamdt-live,2767.89,41,2639.5,36,,3,1,7,2,4,0,0,0,0.0,0.0,-0.003962264150943362,0.0,0.003962264150943362,0.0,0.020397408014964036,0.015192307692307727,-0.08318860715526222,0.4,0,价格更新稀疏,,17,0,0
614,P250 | Facets (Factory New),500.0,0.0,2,0,0.0,,steamdt-live,2499.48,3,224.91,12,缺买一价,3,0,2,2,10,0,0,0,-0.027142141306163325,-0.03463816636621164,-0.010331432349780956,-0.06084015366627693,0.07054302008430446,0.0,0.08192505510653925,-0.003146884141476902,-0.07910576096302668,0.4,14,悠悠盘口不足,,17,0,0
615,P250 | Digital Architect (Factory New),232.0,187.0,23,2,0.087,0.806,steamdt-live,280.0,19,234.06,28,,7,3,2,2,2,0,0,0,-0.0021459227467811592,-0.0021505376344086446,0.0,-0.0042918454935622075,0.0042918454935622075,0.0,0.0064239828693790635,-0.0064239828693790635,-0.24437351398886098,0.12,1,价格更新稀疏,,16,0,0
616,P250 | Cartel (Factory New),208.26,180.0,70,5,0.0714,0.8643,steamdt-live,195.99,44,211.88,50,,7,3,4,2,0,0,0,0,0.0,-5.102040816318265e-05,0.03228524780112707,-5.102040816318265e-05,5.102040816318265e-05,0.032286948277678196,5.102040816318265e-05,0.017654083804974352,-0.18303459774906206,0.4,0,价格更新稀疏,,16,0,0
617,Desert Eagle | Pilot (Factory New),1079.3,800.0,43,2,0.0465,0.7412,steamdt-live,1139.7,53,1051.3,26,,3,1,4,2,0,0,6,0,0.0,-0.0005703964255158178,0.0,-0.0005703964255158178,0.0006653992395437847,0.0068958911981611415,0.0006653992395437847,0.00031399564212097886,0.006992337164750895,0.27,2,回撤不明显,,16,0,0
618,P250 | Bone Mask (Factory New),440.0,0.01,1,1,1.0,0.0,steamdt-live,0.0,0,188.57,1,,8,1,2,2,2,0,0,0,0.0016661766147212376,0.0,-0.006427110721589191,0.0016661766147212376,0.0047716428084525475,0.0017643599294256962,0.005933274973251579,-0.005933274973251579,-0.038570084666039506,0.21,1,价格更新稀疏,,15,0,0
619,M4A4 | Zirka (Factory New),549.5,302.0,9,2,0.2222,0.5496,steamdt-live,575.0,9,504.07,30,,8,1,2,2,2,0,0,0,0.0,0.0,0.0009929106181860714,0.0,0.0019799235749500266,0.002984658853492972,0.010366152940021633,-0.010366152940021633,-0.13314072469002047,0.4,0,价格更新稀疏,,15,0,0
620,Desert Eagle | Hand Cannon (Factory New),2648.5,2140.0,20,4,0.2,0.808,steamdt-live,2977.5,31,2753.85,15,,8,3,2,2,0,0,0,0,-0.00018875047187616456,0.0,0.0,-0.00018875047187616456,0.00018875047187616456,0.0,0.00018875047187616456,0.0,0.0512006350466363,0.23,0,价格更新稀疏,,15,0,0
621,FAMAS | Sundown (Factory New),670.0,441.0,13,2,0.1538,0.6582,steamdt-live,680.0,11,710.73,16,,8,1,2,2,2,0,0,0,0.0,0.0,0.0,0.0,0.0,0.0,0.014705882352941124,0.0,-0.11957950065703027,1.4,0,价格更新稀疏,,15,0,0
622,Five-SeveN | Neon Kimono (Factory New),3549.4,2260.0,37,3,0.0811,0.6367,steamdt-live,3199.9,24,3160.0,28,,7,1,4,2,0,0,0,0,0.0,-0.0003796026825255705,0.0,-0.0003796026825255705,0.00041122323094933133,0.0,0.0023677979479084232,-0.0023677979479084232,-0.008627450980392193,0.33,0,价格更新稀疏,,14,0,0
623,M4A4 | Modern Hunter (Factory New),4400.0,530.0,1,4,4.0,0.1205,steamdt-live,4299.0,4,4025.38,9,,8,1,2,2,0,0,0,0,0.0,-0.00012419644897510018,0.0,-0.00012419644897510018,0.00012419644897510018,0.0,0.00012419644897510018,-0.00012419644897510018,-0.00015399900645796105,0.22,0,价格更新稀疏,,13,0,0
624,Five-SeveN | Contractor (Factory New),239.5,36.0,3,4,1.3333,0.1503,steamdt-live,229.0,7,0.0,0,,8,1,2,2,0,0,0,0,0.0,0.0,0.0,0.0,0.0,0.0,0.0,0.0,0.0,0.4,0,价格更新稀疏,,13,0,0
625,Galil AR | Winter Forest (Factory New),4900.0,150.0,2,2,1.0,0.0306,steamdt-live,5200.0,1,3520.6,2,,8,1,2,2,0,0,0,0,0.0,0.0,0.0,0.0,0.0,0.0,0.0,0.0,0.30481996923818167,0.23,0,价格更新稀疏,,13,0,0
626,AK-47 | Jungle Spray (Factory New),1087.5,540.0,5,3,0.6,0.4966,steamdt-live,999.0,6,1029.02,16,,8,1,2,2,0,0,0,0,0.0,0.0,0.0,0.0,0.0,0.0,0.0,0.0,0.024615384615384706,0.39,0,价格更新稀疏,,13,0,0
627,Glock-18 | Groundwater (Factory New),579.0,260.0,5,3,0.6,0.4491,steamdt-live,600.0,9,600.0,3,,8,1,2,2,0,0,0,0,0.0,0.0,0.0,0.0,0.0,0.0,0.0,0.0,-0.03338898163606008,0.3,0,价格更新稀疏,,13,0,0
628,AK-47 | Red Laminate (Factory New),3099.0,1250.0,6,3,0.5,0.4034,steamdt-live,3999.99,8,4140.0,1,,8,1,2,2,0,0,0,0,0.0,0.0,0.0214238628872776,0.0,0.0,0.0214238628872776,0.0,0.021090679046718463,-0.014626391096979385,0.38,0,价格更新稀疏,,13,0,0
629,Galil AR | Shattered (Factory New),500.0,120.0,9,4,0.4444,0.24,steamdt-live,409.5,4,486.0,3,,8,1,2,2,0,0,0,0,0.0,0.026315789473684292,0.00012532898859518582,0.026315789473684292,0.0,0.02649587646955598,0.0,0.026315789473684292,0.026315789473684292,0.4,1,价格更新稀疏,,13,0,0
630,P250 | Splash (Factory New),410.0,174.0,5,2,0.4,0.4244,steamdt-live,298.28,12,316.0,9,,8,1,2,2,0,0,0,0,0.0,0.0,0.0,0.0,0.0,0.0,0.0,0.0,-0.08547951925435382,0.4,0,价格更新稀疏,,13,0,0
631,MP9 | Bulldozer (Factory New),7499.5,1900.0,5,2,0.4,0.2534,steamdt-live,6799.0,5,7042.34,5,,8,1,2,2,0,0,0,0,0.0,0.0,0.0,0.0,0.0,0.0,0.0,0.0,0.0,0.3,0,价格更新稀疏,,13,0,0
632,Five-SeveN | Nitro (Factory New),419.5,89.0,8,3,0.375,0.2122,steamdt-live,409.5,6,422.45,14,,8,1,2,2,0,0,0,0,0.0,0.0,0.0,0.0,0.0,0.0,0.0,0.026315789473684292,0.08047493403693928,0.4,0,价格更新稀疏,,13,0,0
633,AK-47 | Predator (Factory New),666.0,134.0,6,2,0.3333,0.2012,steamdt-live,999.5,7,734.72,7,,8,1,2,2,0,0,0,0,0.0,0.0,0.0,0.0,0.0,0.0,0.0,0.0,0.0,0.39,0,价格更新稀疏,,13,0,0
634,P250 | Nuclear Threat (Factory New),8088.88,270.0,3,1,0.3333,0.0334,steamdt-live,2300.0,2,11888.0,1,,8,1,2,2,0,0,0,0,0.0,0.0,0.0,0.0,0.0,0.0,0.0,0.0,-0.668999024266689,0.21,0,价格更新稀疏,,13,0,0
635,M4A4 | Faded Zebra (Factory New),407.0,230.0,12,3,0.25,0.5651,steamdt-live,488.0,11,412.9,10,,8,1,2,2,0,0,0,0,0.0,-0.0012269938650306678,0.0,-0.0012269938650306678,0.002450980392156854,0.0,0.002450980392156854,-0.002450980392156854,0.01750000000000007,0.4,1,价格更新稀疏,,13,0,0
636,FAMAS | Prime Conspiracy (Factory New),525.5,392.0,24,3,0.125,0.746,steamdt-live,569.5,21,518.8,31,,8,1,2,2,0,0,0,0,0.0,-0.0009628345850183351,0.0,-0.0009628345850183351,0.0009628345850183351,0.0,0.0009628345850183351,0.02428430404738391,-0.08902546093064101,1.4,1,价格更新稀疏,,13,0,0
637,MP9 | Green Plaid (Factory New),77.89,40.0,12,1,0.0833,0.5135,steamdt-live,70.0,5,77.56,6,,7,1,2,2,0,0,0,0,0.026543481448892736,0.0,-0.025857142857142912,0.026543481448892736,0.0,0.026543481448892736,0.0,0.1477291359239219,0.1477291359239219,0.4,1,价格更新稀疏,,12,0,0
638,FAMAS | Contrast Spray (Factory New),0.0,268.0,0,2,,,steamdt-live,810.0,2,497.55,7,缺卖一价,0,0,0,2,10,0,0,0,0.0,0.0,-0.10831735335758708,0.0,0.10852504837669319,0.00026134855856208006,0.10852504837669319,-0.10852504837669319,-0.34745829398803907,0.23,0,悠悠盘口不足,,12,0,0
639,P250 | Modern Hunter (Factory New),,,0,0,,,,8000.0,2,1942.75,1,无悠悠数据,0,0,0,2,10,0,0,0,0.0,0.0,-0.17743868102276616,0.0,0.17762670538484648,0.00024198364808381,0.17762670538484648,-0.17762670538484648,-0.029726260694112216,0.4,0,悠悠盘口不足,,12,0,0
640,Tec-9 | Nuclear Threat (Factory New),0.0,500.0,0,1,,,steamdt-live,0.0,0,6165.86,1,缺卖一价,0,0,0,2,10,0,0,0,0.0,0.0005062683157166514,0.0,0.0005062683157166514,0.0,0.0005062683157166514,0.3689936109920001,-0.3689936109920001,-0.27852612857176295,0.4,1,悠悠盘口不足,,12,0,0
641,AK-47 | Wasteland Rebel (Factory New),2345.96,2000.0,17,1,0.0588,0.8525,steamdt-live,2300.0,26,2320.11,23,,3,3,2,2,0,0,0,0,0.0,0.0,0.0,0.0,0.0,0.0,0.0,0.0,-0.03681058670798609,0.38,0,价格更新稀疏,,10,0,0
642,MP9 | Storm (Factory New),185.59,83.0,17,1,0.0588,0.4472,steamdt-live,194.9,18,196.1,14,,3,1,2,2,0,0,0,0,0.0,0.0,0.0,0.0,0.0,0.0,0.0,0.0,0.04275761321496807,0.4,0,价格更新稀疏,,8,0,0
643,Desert Eagle | Night (Factory New),639.5,471.0,22,1,0.0455,0.7365,steamdt-live,665.0,27,532.48,48,,3,1,2,2,0,0,0,0,0.013278449077147814,-0.003163786809442626,0.12908545727136422,0.010072652085665101,0.004914877314944555,0.14168096054888513,0.004914877314944555,0.08375226426230853,-0.1770015455950541,0.4,5,回撤不明显,,8,0,0
