排名,marketHashName,youpin_sell,youpin_buy,youpin_sell_count,youpin_buy_count,挂买/挂卖,买一/卖一,数据来源,buff_sell,buff_sell_count,c5_sell,c5_sell_count,备注,盘口深度分,盘口紧密度分,流动性分,品质分,回撤位置分,跌速减弱分,低点企稳分,下行跌幅收敛分,前12h涨跌,近12h涨跌,前24h涨跌,近24h涨跌,48h回撤,距48h低点,K线时效(小时),24h变价次数,信号状态,报价风险,V2.6总分,建议资金,实际获批
1,★ Driver Gloves | Lunar Weave (Field-Tested),4445.0,4360.0,292,105,0.3596,0.9809,steamdt-live,4700.0,21,4596.96,86,,20,12,9,5,8,17,8,5,-0.022222222222222254,0.010227272727272751,-0.048223350253807085,-0.012222222222222245,0.05955781233470858,0.017162471395880896,0.47,5,减速明显,,84,25000,25000
2,AK-47 | The Empress (Factory New),1699.0,1680.0,356,119,0.3343,0.9888,steamdt-live,1700.0,156,1750.0,103,,20,12,9,2,8,16,8,5,-0.018023255813953476,0.005920663114268754,-0.02824858757062143,-0.012209302325581373,0.05558643690939413,0.011911852293031489,0.49,13,减速明显,,80,25000,25000
3,★ Driver Gloves | Plum Quill (Field-Tested),618.0,640.0,56,16,0.2857,1.0356,steamdt-live,609.5,49,687.13,22,,17,15,4,5,6,14,10,5,-0.010784075245276914,-0.0008196721311475308,-0.020397464614211547,-0.01159490797048568,0.03175586585966417,0.0008210180623973162,0.49,4,减速明显,,76,25000,25000
4,Tec-9 | Decimator (Factory New),820.0,788.0,192,67,0.349,0.961,steamdt-live,835.0,50,820.79,43,,20,12,7,2,6,20,6,0,-0.018292682926829285,0.01863354037267073,-0.015606242496998823,0.0,0.03466949202425107,0.036662452591656125,0.45,16,减速明显,,73,10000,10000
5,AWP | Duality (Factory New),64.86,63.0,1014,24,0.0237,0.9713,steamdt-live,64.5,631,66.43,523,,3,12,15,2,6,18,10,3,-0.01388888888888884,0.009389671361502261,-0.027902790279027867,-0.004629629629629539,0.032838506522717026,0.00954766004069496,0.44,8,减速明显,,69,10000,10000
6,AWP | The End (Factory New),310.48,280.0,62,17,0.2742,0.9018,steamdt-live,290.0,75,313.5,144,,17,6,4,2,6,16,10,0,-0.017064846416382284,0.00694444444444442,-0.023333333333333317,-0.010238907849829393,0.033333333333333326,0.00694444444444442,0.45,7,减速明显,,61,10000,10000
7,AWP | Desert Hydra (Factory New),8998.5,12710.0,282,42,0.1489,1.4125,steamdt-live,9154.5,232,9184.5,63,"溢价求购:买一高于卖一,多为定向收特定图案,买一价不可作退出价",11,0,9,2,4,20,10,5,-0.00666666666666671,0.006543624161073902,-0.026869222036005835,-0.0001666666666666483,0.02703141049899982,0.006543624161073902,0.49,5,减速明显,买一异常溢价(不作为可成交退出价),61,0,0
8,Tec-9 | Brother (Factory New),18.25,16.6,223,16,0.0717,0.9096,steamdt-live,17.99,194,17.03,1552,,7,6,7,2,6,18,10,5,-0.026178010471204383,0.017323775388291773,-0.03912800447177189,-0.009307737056428178,0.04807154835103411,0.017323775388291773,0.37,11,减速明显,,61,10000,10000
9,★ Driver Gloves | Imperial Plaid (Field-Tested),883.0,1310.0,432,34,0.0787,1.4836,steamdt-live,880.0,359,913.03,198,"溢价求购:买一高于卖一,多为定向收特定图案,买一价不可作退出价",7,0,9,5,4,18,10,5,-0.011425339366515908,0.006980203684632036,-0.025229357798165153,-0.004524886877828038,0.029640084685956247,0.011157200473405515,0.49,13,减速明显,买一异常溢价(不作为可成交退出价),58,0,0
10,★ Specialist Gloves | Big Swell (Field-Tested),1144.99,1650.0,113,30,0.2655,1.4411,steamdt-live,1150.0,128,1152.0,102,"溢价求购:买一高于卖一,多为定向收特定图案,买一价不可作退出价",17,0,7,5,2,16,10,0,-0.007832898172323799,0.004377192982456091,-0.009055627425614499,-0.0034899912967798485,0.01293114595815481,0.004817902588854839,0.49,8,减速明显,买一异常溢价(不作为可成交退出价),57,0,0
11,P250 | Cyber Shell (Factory New),24.17,21.3,347,18,0.0519,0.8813,steamdt-live,23.78,131,24.16,126,,3,6,9,2,4,15,8,0,-0.022499999999999964,0.013213981244671658,-0.018003273322422353,-0.009583333333333388,0.027414075286415818,0.02192605331040398,0.49,11,减速明显,,47,0,0
12,★ Moto Gloves | Eclipse (Field-Tested),3376.0,3340.0,269,110,0.4089,0.9893,steamdt-live,3650.0,21,3517.5,63,,20,12,9,5,8,10,10,5,0.008208955223880654,-0.0004441154700222105,-0.023038786818314394,0.00776119402985076,0.06091794158553543,0.00776119402985076,0.49,5,左侧观察,,79,25000,25000
13,★ Hand Wraps | Slaughter (Field-Tested),3229.0,3150.0,272,107,0.3934,0.9755,steamdt-live,3278.44,45,3246.14,91,,20,12,9,5,8,10,10,5,-0.01445746461725761,-0.0027825818406423952,-0.02188151235486757,-0.017199817379394355,0.05516020482809081,0.0,0.11,2,左侧观察,,79,25000,25000
14,★ Moto Gloves | Boom! (Field-Tested),3187.0,3130.0,255,81,0.3176,0.9821,steamdt-live,3468.0,35,3293.3,64,,20,12,9,5,8,10,10,5,-0.021779141104294464,-0.0006271558482282558,0.003231266348669104,-0.022392638036809798,0.05901596749811033,0.00015691197238343335,0.49,3,左侧观察,,79,25000,25000
15,★ Hand Wraps | Spruce DDPAT (Field-Tested),2450.0,2410.0,303,122,0.4026,0.9837,steamdt-live,2516.0,26,2490.38,74,,20,12,9,5,6,10,10,5,-0.012096774193548376,0.0,-0.0019719103384442382,-0.012096774193548376,0.0386426418884982,0.002044989775051187,0.49,8,左侧观察,,77,25000,25000
16,★ Hand Wraps | Leather (Field-Tested),3894.9,3820.0,314,78,0.2484,0.9808,steamdt-live,4044.93,25,3962.1,67,,17,12,9,5,8,10,10,5,0.01298701298701288,-0.001307692307692232,-0.05821917808219179,0.011662337662337707,0.06541091781643671,0.011925175370226082,0.45,2,左侧观察,,76,25000,25000
17,M4A1-S | Control Panel (Factory New),1148.0,1140.0,693,137,0.1977,0.993,steamdt-live,1188.88,68,1140.0,122,,14,15,12,2,6,10,10,5,-0.01718749999999991,0.006889242183359734,-0.006896551724137945,-0.01041666666666663,0.04111432608841947,0.008403361344537785,0.49,8,左侧观察,,74,10000,10000
18,AK-47 | Aquamarine Revenge (Factory New),1276.8,1250.0,357,109,0.3053,0.979,steamdt-live,1318.88,116,1289.0,102,,20,12,9,2,8,9,8,5,-0.016576923076923045,-0.0012906253666550294,0.0023130300693909867,-0.017846153846153845,0.056110002217786725,0.005750295391886429,0.49,6,左侧观察,,73,10000,10000
19,FAMAS | Mecha Industries (Factory New),718.0,705.0,1337,136,0.1017,0.9819,steamdt-live,709.3,176,718.12,175,,11,12,15,2,8,10,10,3,-0.022727272727272707,0.030959302325581417,0.041420118343195256,0.007528409090909127,0.054266666666666685,0.04926035502958581,0.49,16,左侧观察,,71,10000,10000
20,★ Driver Gloves | Crimson Weave (Field-Tested),7390.0,7200.0,251,72,0.2869,0.9743,steamdt-live,7560.22,20,7482.21,58,,17,12,9,5,8,6,8,5,-0.018318397469688996,-0.007921868707209012,-0.005439412805557375,-0.026095150237216647,0.05232117507203782,0.0,0.49,4,左侧观察,,70,10000,10000
21,★ Specialist Gloves | Foundation (Field-Tested),5545.0,5300.0,326,79,0.2423,0.9558,steamdt-live,5670.97,38,5540.0,69,,17,9,9,5,6,10,8,5,-0.010714285714285676,0.0,0.0032282451746512564,-0.010714285714285676,0.04482758620689653,0.0072727272727273196,0.49,3,左侧观察,,69,10000,10000
22,AK-47 | Neon Rider (Factory New),1568.8,1530.0,448,105,0.2344,0.9753,steamdt-live,1585.0,179,1586.0,127,,17,12,9,2,6,10,10,3,-0.010322580645161339,0.02268578878748362,-0.0064102564102563875,0.012129032258064498,0.03742790526444961,0.02569467146126181,0.49,15,左侧观察,,69,10000,10000
23,M4A1-S | Mecha Industries (Factory New),1475.99,1450.0,537,100,0.1862,0.9824,steamdt-live,1480.0,172,1497.9,125,,14,12,12,2,6,10,8,5,0.0020408163265306367,0.0016904276985743039,-0.019346230820546984,0.0037346938775510985,0.03346063397027321,0.009821098594248179,0.49,7,左侧观察,,69,10000,10000
24,Five-SeveN | Fairy Tale (Factory New),1996.98,1940.0,188,59,0.3138,0.9715,steamdt-live,1988.0,48,2007.48,61,,20,12,7,2,6,10,10,0,-0.024630541871921152,0.004040404040404066,0.00995024875621886,-0.020689655172413834,0.03961352657004835,0.004040404040404066,0.42,9,左侧观察,,67,10000,10000
25,Glock-18 | Nuclear Garden (Factory New),273.0,270.0,2738,117,0.0427,0.989,steamdt-live,270.94,256,274.86,300,,3,12,15,2,10,10,10,5,-0.025359712230215825,-3.690717844617719e-05,0.010982616917593946,-0.025395683453237394,0.08056196552192207,0.007211895910780752,0.49,6,左侧观察,,67,10000,10000
26,M4A4 | Poseidon (Factory New),9299.5,9410.0,201,28,0.1393,1.0119,steamdt-live,9599.5,113,9686.5,80,,11,15,7,2,6,10,10,5,-0.010533035429300952,-5.3763440860166156e-05,0.005294400770094576,-0.010586232577933785,0.03672053035011391,0.01081521739130431,0.46,3,左侧观察,,66,10000,10000
27,M4A4 | Hellfire (Factory New),2121.0,2090.0,641,55,0.0858,0.9854,steamdt-live,2177.35,69,2151.55,108,,7,12,12,2,8,10,10,5,0.015311004784688942,-0.00047125353440147233,-0.027680856013026278,0.01483253588516753,0.07541412380122059,0.01483253588516753,0.49,8,左侧观察,,66,10000,10000
28,★ Driver Gloves | Racing Green (Field-Tested),176.89,178.0,185,17,0.0919,1.0063,steamdt-live,170.0,137,178.5,336,,7,15,7,5,6,10,10,5,0.011904761904761862,0.0,-0.050793830159896136,0.011904761904761862,0.039548022598870025,0.011904761904761862,0.4,7,左侧观察,,65,10000,10000
29,Desert Eagle | Hypnotic (Factory New),1085.0,1050.0,226,49,0.2168,0.9677,steamdt-live,1135.27,72,1084.5,111,,17,12,7,2,8,10,8,0,-0.03812056737588654,-0.0004608294930875667,0.0071428571428571175,-0.03856382978723405,0.06508620689655176,0.0,0.49,9,左侧观察,,64,10000,10000
30,★ Hydra Gloves | Case Hardened (Minimal Wear),535.5,544.0,120,23,0.1917,1.0159,steamdt-live,580.0,118,560.0,95,,14,15,7,5,6,4,8,5,-0.016348773841961872,-0.010156971375807955,-0.006317689530685899,-0.026339691189827374,0.032490974729241895,0.01227573182247399,0.49,15,左侧观察,,64,10000,10000
31,M4A1-S | Flashback (Factory New),884.0,869.0,686,111,0.1618,0.983,steamdt-live,855.0,77,899.5,78,,14,12,12,2,8,10,6,0,-0.022441471571906346,0.008131193905596135,0.003355704697986628,-0.01449275362318836,0.05593882825348684,0.05238095238095242,0.49,13,左侧观察,,64,10000,10000
32,AWP | Silk Tiger (Factory New),3260.0,3160.0,325,37,0.1138,0.9693,steamdt-live,3313.96,68,3270.0,78,,11,12,9,2,8,7,10,5,-0.00894074859827243,-0.003058103975535187,0.00015156107911495909,-0.011971510834974941,0.06710545142366575,0.0,0.48,5,左侧观察,,64,10000,10000
33,AK-47 | Consequence of the Jinn (Factory New),3591.5,3480.0,24,27,1.125,0.969,steamdt-live,3760.0,24,3643.2,38,,20,12,2,2,4,9,10,3,-0.013972602739726003,-0.0020839121978327713,-0.005259858828659425,-0.016027397260274023,0.024046260995274404,0.0,0.47,5,左侧观察,,62,10000,10000
34,M4A1-S | Golden Coil (Factory New),1599.49,1570.0,328,67,0.2043,0.9816,steamdt-live,1600.0,98,1612.5,118,,17,12,9,2,6,10,6,0,-0.026467903863705455,-0.0003187500000000343,0.02718749999999992,-0.02677821721934892,0.04222155688622753,0.0,0.49,9,左侧观察,,62,10000,10000
35,Glock-18 | Neo-Noir (Factory New),1243.93,1210.0,393,65,0.1654,0.9727,steamdt-live,1262.64,90,1261.15,131,,14,12,9,2,8,6,8,3,-0.023432088965672837,-0.009124378426622504,-0.008877747782491285,-0.032342664145246225,0.05800757575757576,0.0,0.49,5,左侧观察,,62,10000,10000
36,USP-S | Purple DDPAT (Factory New),179.0,173.0,1075,68,0.0633,0.9665,steamdt-live,179.85,215,182.0,278,,7,12,15,2,6,10,10,0,-0.006128133704735306,0.0033632286995515237,0.031609195402298784,-0.0027855153203342198,0.038461538461538436,0.032890940565493354,0.46,18,左侧观察,,62,10000,10000
37,M4A1-S | Chantico's Fire (Factory New),1740.0,1710.0,245,74,0.302,0.9828,steamdt-live,1770.0,70,1787.0,83,,20,12,7,2,4,6,10,0,-0.015198423867154531,-0.005430122892254974,0.025100980957876606,-0.020546017450042253,0.025755879059350506,0.004039238315060478,0.46,5,左侧观察,,61,10000,10000
38,★ Bloodhound Gloves | Charred (Field-Tested),1539.0,1500.0,246,59,0.2398,0.9747,steamdt-live,1567.0,20,1540.3,66,,17,12,7,5,2,10,8,0,-0.007553260167850295,0.0011058349053536531,-0.006841190764713123,-0.006455777921239525,0.013252803477658781,0.013199907831067392,0.27,7,左侧观察,,61,10000,10000
39,Desert Eagle | Kumicho Dragon (Factory New),452.99,436.0,472,52,0.1102,0.9625,steamdt-live,471.38,106,464.44,143,,11,12,9,2,6,8,8,5,-0.01089324618736387,-0.0022246696035241875,0.03146067415730336,-0.013093681917211275,0.04631676456346445,0.01795505617977522,0.49,8,左侧观察,,61,10000,10000
40,M4A1-S | Basilisk (Factory New),187.76,183.0,546,53,0.0971,0.9746,steamdt-live,197.69,182,191.38,182,,7,12,12,2,8,10,10,0,-0.03707692307692301,-5.325664376643058e-05,0.014568158168574374,-0.03712820512820514,0.0533427447816881,0.0,0.49,7,左侧观察,,61,10000,10000
41,M4A1-S | Leaded Glass (Factory New),302.5,296.0,1120,101,0.0902,0.9785,steamdt-live,315.3,196,309.66,202,,7,12,15,2,8,4,8,5,0.002941176470588225,-0.014336917562723928,-0.018759018759018864,-0.011437908496731986,0.06894429055093865,0.008333333333333304,0.49,16,左侧观察,,61,10000,10000
42,★ Sport Gloves | Superconductor (Field-Tested),11399.32,14300.0,458,92,0.2009,1.2545,steamdt-live,11400.0,274,11456.33,108,"溢价求购:买一高于卖一,多为定向收特定图案,买一价不可作退出价",17,0,9,5,4,10,10,5,0.004165789473684178,-0.004207909332089366,-0.008566334739313786,-5.964912280709278e-05,0.0256991452991453,1.754493696992654e-06,0.49,2,左侧观察,买一异常溢价(不作为可成交退出价),60,0,0
43,AWP | Ice Coaled (Factory New),177.0,176.0,353,34,0.0963,0.9944,steamdt-live,187.4,238,186.88,129,,7,15,9,2,4,10,8,5,0.020000000000000018,-0.008403361344537785,-0.024526198439241975,0.011428571428571344,0.01666666666666672,0.011428571428571344,0.48,6,左侧观察,,60,10000,10000
44,M4A4 | Neo-Noir (Factory New),665.99,656.0,863,57,0.066,0.985,steamdt-live,684.99,250,685.0,197,,7,12,12,2,4,10,10,3,0.022727272727272707,-0.013348148148148109,-0.026548672566371723,0.009075757575757626,0.027751824817518256,0.009075757575757626,0.49,13,左侧观察,,60,10000,0
45,USP-S | Road Rash (Factory New),975.0,945.0,162,21,0.1296,0.9692,steamdt-live,999.75,56,982.9,60,,11,12,7,2,4,10,10,3,-0.009146341463414642,0.0,0.02499999999999991,-0.009146341463414642,0.020070956913273763,0.015625,0.49,4,左侧观察,,59,0,0
46,M4A4 | Spider Lily (Factory New),421.0,416.0,789,73,0.0925,0.9881,steamdt-live,443.01,171,420.0,158,,7,12,12,2,6,5,10,5,-0.014032634032633995,-0.007045250366447653,0.0356315179606026,-0.020979020979020935,0.039626826423981854,0.04738154613466339,0.4,7,左侧观察,,59,0,0
47,Glock-18 | Shinobu (Factory New),124.11,122.0,939,54,0.0575,0.983,steamdt-live,119.0,370,125.61,209,,3,12,15,2,2,10,10,5,0.0032067510548523526,0.0010094212651412526,-0.014962593516209433,0.00421940928270037,0.011627906976744207,0.005237371177563732,0.41,3,左侧观察,,59,0,0
48,★ Broken Fang Gloves | Yellow-banded (Minimal Wear),442.5,504.0,110,26,0.2364,1.139,steamdt-live,460.0,60,465.0,64,"溢价求购:买一高于卖一,多为定向收特定图案,买一价不可作退出价",17,0,7,5,4,10,10,5,0.002262443438914019,-0.0011286681715575453,-0.01777777777777778,0.0011312217194570096,0.025330396475770955,0.018411967779056404,0.43,4,左侧观察,买一异常溢价(不作为可成交退出价),58,0,0
49,AWP | Queen's Gambit (Factory New),1327.5,2370.0,105,40,0.381,1.7853,steamdt-live,1371.25,114,1370.0,54,"溢价求购:买一高于卖一,多为定向收特定图案,买一价不可作退出价",20,0,7,2,4,9,10,5,-0.00037608123354648804,-0.0011286681715575453,-0.024220183486238556,-0.00150432493418573,0.025688073394495414,0.004160363086233021,0.49,3,左侧观察,买一异常溢价(不作为可成交退出价),57,0,0
50,★ Driver Gloves | Hand Sweaters (Field-Tested),644.0,870.0,97,31,0.3196,1.3509,steamdt-live,664.5,83,671.24,53,"溢价求购:买一高于卖一,多为定向收特定图案,买一价不可作退出价",20,0,4,5,6,9,8,5,-0.004615384615384577,0.0023183925811436357,-0.030574198359433313,-0.002307692307692344,0.03281133482475762,0.013281249999999911,0.24,13,左侧观察,买一异常溢价(不作为可成交退出价),57,0,0
51,★ Specialist Gloves | Emerald Web (Minimal Wear),9499.0,13140.0,207,39,0.1884,1.3833,steamdt-live,9997.0,103,9799.49,75,"溢价求购:买一高于卖一,多为定向收特定图案,买一价不可作退出价",14,0,7,5,6,10,10,5,0.009263157894736862,-0.004015435961618685,-0.03914230808131891,0.005210526315789554,0.033989176065955196,0.0053163490893777254,0.1,4,左侧观察,买一异常溢价(不作为可成交退出价),57,0,0
52,Five-SeveN | Fowl Play (Factory New),423.44,411.0,152,19,0.125,0.9706,steamdt-live,453.98,55,420.0,54,,11,12,7,2,8,6,8,3,-0.02413848594220558,-0.010577398760866052,-0.010261660978384546,-0.0344605623117773,0.06458797327394206,0.0,0.49,5,左侧观察,,57,0,0
53,FAMAS | Djinn (Factory New),239.64,235.0,143,12,0.0839,0.9806,steamdt-live,237.13,43,238.05,127,,7,12,7,2,4,10,10,5,-0.0006753049423879887,0.001520462896481778,-0.020505188308735267,0.0008441311779849858,0.01967836619951213,0.001520462896481778,0.49,5,左侧观察,,57,0,0
54,AK-47 | Inheritance (Factory New),712.0,709.0,845,50,0.0592,0.9958,steamdt-live,715.0,699,716.29,237,,3,15,12,2,4,11,10,0,-0.01810584958217265,0.0099290780141843,-0.00979175286167433,-0.00835654596100277,0.018066473589849696,0.0099290780141843,0.3,9,左侧观察,,57,0,0
55,USP-S | Cyrex (Factory New),233.0,229.0,3027,170,0.0562,0.9828,steamdt-live,227.5,438,232.84,452,,3,12,15,2,10,6,4,5,-0.023404255319148914,-0.008714596949891074,-0.009650638459269167,-0.03191489361702127,0.111328125,0.03409090909090917,0.42,16,左侧观察,,57,0,0
56,M4A1-S | Nitro (Factory New),76.78,74.0,1386,52,0.0375,0.9638,steamdt-live,77.0,461,76.6,326,,3,12,15,2,6,9,10,0,-0.04122042341220422,-0.005065592934147323,0.0273797338792221,-0.04607721046077218,0.047263681592039974,0.021333333333333204,0.39,5,左侧观察,,57,0,0
57,M4A1-S | Glitched Paint (Factory New),33.82,32.0,1438,25,0.0174,0.9462,steamdt-live,34.15,826,34.9,705,,3,9,15,2,4,9,10,5,0.0008849557522123686,-0.003241968759210123,-0.017391304347826098,-0.0023598820058996495,0.0197101449275362,0.05687500000000001,0.49,7,左侧观察,,57,0,0
58,★ Specialist Gloves | Pillow Punchers (Minimal Wear),8400.0,11570.0,80,42,0.525,1.3774,steamdt-live,8450.0,90,8537.25,32,"溢价求购:买一高于卖一,多为定向收特定图案,买一价不可作退出价",20,0,4,5,2,10,10,5,0.019076159867195575,-0.005564105599621172,-0.02483764705882363,0.013405912499638184,0.011648429226967849,0.01824352991090361,0.24,5,左侧观察,买一异常溢价(不作为可成交退出价),56,0,0
59,Desert Eagle | Heirloom (Factory New),648.0,621.0,122,39,0.3197,0.9583,steamdt-live,679.9,34,665.61,57,,20,9,7,2,8,4,6,0,-0.028683277163755183,-0.018181818181818188,-0.003680351906158341,-0.046343581215323226,0.05813953488372092,0.0,0.49,7,左侧观察,,56,0,0
60,★ Specialist Gloves | Lime Polycam (Field-Tested),1603.0,1910.0,125,30,0.24,1.1915,steamdt-live,1648.5,134,1640.0,68,"溢价求购:买一高于卖一,多为定向收特定图案,买一价不可作退出价",17,0,7,5,4,8,10,5,-0.0024875621890547706,-0.0006234413965087171,-0.01741521539871682,-0.003109452736318463,0.020470516345860057,0.008176100628930927,0.24,7,左侧观察,买一异常溢价(不作为可成交退出价),56,0,0
61,★ Driver Gloves | Garden (Field-Tested),1100.0,1870.0,173,35,0.2023,1.7,steamdt-live,1128.67,166,1125.0,155,"溢价求购:买一高于卖一,多为定向收特定图案,买一价不可作退出价",17,0,7,5,4,10,10,3,0.020183486238532167,-0.010791366906474864,-0.009090909090909038,0.00917431192660545,0.01873327386262269,0.009637448370812374,0.49,7,左侧观察,买一异常溢价(不作为可成交退出价),56,0,0
62,Glock-18 | Wasteland Rebel (Factory New),768.5,761.0,457,39,0.0853,0.9902,steamdt-live,810.0,89,783.0,161,,7,15,9,2,4,9,10,0,-0.012042933442892312,-0.001299545159194282,0.011532467532467505,-0.013326828266228441,0.01851851851851849,0.0,0.42,5,左侧观察,,56,0,0
63,Desert Eagle | Midnight Storm (Factory New),594.0,577.0,791,47,0.0594,0.9714,steamdt-live,589.5,126,595.35,137,,3,12,12,2,8,4,10,5,-0.004357262103505843,-0.011552842938345687,-0.024414078405185724,-0.015859766277128595,0.06130573248407645,0.0,0.48,5,左侧观察,,56,0,0
64,AWP | Crakow! (Factory New),512.5,501.0,748,35,0.0468,0.9776,steamdt-live,516.5,368,526.9,239,,3,12,12,2,2,10,10,5,-0.0029999999999998916,0.007925737998308646,-0.019211907921306226,0.004901960784313708,0.014404123156214532,0.010848126232741562,0.49,12,左侧观察,,56,0,0
65,AK-47 | Phantom Disruptor (Factory New),141.99,138.0,1568,48,0.0306,0.9719,steamdt-live,142.49,318,144.0,553,,3,12,15,2,6,5,8,5,-0.01379310344827589,-0.007062937062937036,0.0,-0.02075862068965506,0.046214818297843685,0.0035338186444271447,0.49,5,左侧观察,,56,0,0
66,M4A1-S | Fizzy POP (Factory New),78.39,77.0,2479,64,0.0258,0.9823,steamdt-live,78.99,490,80.97,409,,3,12,15,2,6,10,8,0,-0.03342445328031807,0.007713073659853409,0.03245670301475312,-0.02596918489065614,0.04866504854368936,0.028875180469877915,0.49,13,左侧观察,,56,0,0
67,AK-47 | Crossfade (Factory New),25.9,25.3,2747,47,0.0171,0.9768,steamdt-live,27.6,1188,26.34,1027,,3,12,15,2,4,10,10,0,0.02200772200772194,-0.02153381186248582,-0.011072928598701903,0.0,0.025216409484380975,0.03600000000000003,0.49,10,左侧观察,,56,0,0
68,Glock-18 | Ghost Protocol (Factory New),3435.0,3280.0,8,23,2.875,0.9549,steamdt-live,3430.0,8,3526.4,19,,20,9,2,2,4,10,8,0,-0.029565709435563692,0.0,0.03955882352941176,-0.029565709435563692,0.029565709435563692,0.02083333333333326,1.49,6,左侧观察,,55,0,0
69,★ Driver Gloves | Overtake (Minimal Wear),514.5,671.0,107,22,0.2056,1.3042,steamdt-live,506.5,81,551.07,54,"溢价求购:买一高于卖一,多为定向收特定图案,买一价不可作退出价",17,0,7,5,6,10,10,0,-0.033816425120772986,0.010000000000000009,-0.014285714285714235,-0.024154589371980673,0.03809523809523807,0.010000000000000009,0.49,8,左侧观察,买一异常溢价(不作为可成交退出价),55,0,0
70,M4A1-S | Briefing (Factory New),385.5,377.0,283,34,0.1201,0.978,steamdt-live,399.89,56,393.0,107,,11,12,9,2,6,7,8,0,-0.021437578814628044,-0.006443298969072142,0.04342105263157903,-0.02774274905422447,0.036250000000000004,0.014473684210526416,0.49,9,左侧观察,,55,0,0
71,★ Driver Gloves | Snow Leopard (Field-Tested),1643.0,2500.0,540,56,0.1037,1.5216,steamdt-live,1694.0,479,1702.4,171,"溢价求购:买一高于卖一,多为定向收特定图案,买一价不可作退出价",11,0,12,5,2,10,10,5,-0.0007988692926933494,0.010147601476014678,-0.02440047961630698,0.009340625576107708,0.014933429291111966,0.010769230769230864,0.3,6,左侧观察,买一异常溢价(不作为可成交退出价),55,0,0
72,★ Driver Gloves | Seigaiha (Minimal Wear),966.38,1240.0,20,23,1.15,1.2831,steamdt-live,968.0,34,955.0,33,"溢价求购:买一高于卖一,多为定向收特定图案,买一价不可作退出价",20,0,2,5,2,10,10,5,0.0,0.0,-0.010875194199896465,0.0,0.01228694357107396,0.010582010582010692,0.49,4,左侧观察,买一异常溢价(不作为可成交退出价),54,0,0
73,★ Driver Gloves | Brocade Flowers (Field-Tested),802.5,1870.0,95,31,0.3263,2.3302,steamdt-live,809.0,95,822.13,110,"溢价求购:买一高于卖一,多为定向收特定图案,买一价不可作退出价",20,0,4,5,6,6,10,3,-0.004320987654320985,-0.004959702417854928,-0.022211492032834346,-0.0092592592592593,0.03184943901556281,0.004380475594493172,0.49,14,左侧观察,买一异常溢价(不作为可成交退出价),54,0,0
74,★ Specialist Gloves | Foundation (Minimal Wear),6160.0,5880.0,190,38,0.2,0.9545,steamdt-live,6465.55,33,6294.04,50,,17,9,7,5,6,6,4,0,-0.014776759537199258,-0.006451612903225823,0.018283171521035646,-0.021133038507927027,0.04496124031007753,0.015496208374546683,0.49,8,左侧观察,,54,0,0
75,★ Moto Gloves | Cool Mint (Minimal Wear),7150.0,6980.0,167,22,0.1317,0.9762,steamdt-live,7295.31,37,7223.43,56,,11,12,7,5,6,7,6,0,-0.01965835839554808,-0.0058796680497925635,-0.010733735747820328,-0.025422441823571007,0.03588329979879279,0.006651260504201728,0.49,8,左侧观察,,54,0,0
76,AK-47 | Breakthrough (Factory New),59.4,57.0,381,33,0.0866,0.9596,steamdt-live,58.39,379,59.44,258,,7,9,9,2,4,10,8,5,-0.017317487266553466,0.008811333794056742,0.00016980811682798524,-0.008658743633276678,0.02602168473728106,0.014067384508509972,0.49,11,左侧观察,,54,0,0
77,Glock-18 | Warhawk (Factory New),42.78,42.0,403,28,0.0695,0.9818,steamdt-live,42.81,68,43.51,238,,7,12,9,2,6,8,10,0,-0.023409090909090935,-0.004421689550849428,0.002277904328018332,-0.02772727272727271,0.03865168539325836,0.0,0.49,5,左侧观察,,54,0,0
78,Galil AR | Amber Fade (Factory New),116.0,111.0,520,36,0.0692,0.9569,steamdt-live,115.0,129,118.5,186,,7,9,12,2,6,10,8,0,-0.03198653198653201,0.0,-0.0058577405857740406,-0.03198653198653201,0.03765690376569042,0.00877192982456143,0.49,9,左侧观察,,54,0,0
79,FAMAS | Decommissioned (Factory New),30.97,28.2,638,20,0.0313,0.9106,steamdt-live,26.0,149,27.6,104,,3,6,12,2,6,10,10,5,-0.001154290111581302,0.0015408320493066618,-0.04623853211009177,0.0003847633705271747,0.04587155963302747,0.005413766434648082,0.49,3,左侧观察,,54,0,0
80,USP-S | Royal Guard (Factory New),29.98,28.4,1108,22,0.0199,0.9473,steamdt-live,28.9,740,30.39,715,,3,9,15,2,6,10,6,3,-0.001045296167247356,0.00802232298569927,-0.030077728962487393,0.006968641114982521,0.03247405423501848,0.03214285714285703,0.49,16,左侧观察,,54,0,0
81,M4A1-S | Solitude (Factory New),76.29,73.0,4858,38,0.0078,0.9569,steamdt-live,76.88,2631,79.09,2137,,3,9,15,2,2,10,10,3,0.0,0.0001315962626662337,-0.013116883116883193,0.0001315962626662337,0.012987012987012991,0.0066225165562914245,0.49,10,左侧观察,,54,0,0
82,USP-S | Whiteout (Factory New),2678.5,2610.0,152,17,0.1118,0.9744,steamdt-live,2743.03,57,2870.32,48,,11,12,7,2,6,6,6,3,-0.00018382352941181956,-0.008641294355580031,-0.024390243902439046,-0.008823529411764675,0.03299856527977041,0.011632270168855596,0.24,8,左侧观察,,53,0,0
83,AWP | Green Energy (Factory New),194.5,185.0,818,27,0.033,0.9512,steamdt-live,204.49,354,206.5,496,,3,9,12,2,8,6,8,5,0.0025510204081633514,-0.010178117048346036,-0.020000000000000018,-0.007653061224489832,0.0603410792791923,0.0,0.49,8,左侧观察,,53,0,0
84,M4A4 | Evil Daimyo (Factory New),57.7,55.0,1766,46,0.026,0.9532,steamdt-live,55.8,922,56.99,697,,3,9,15,2,4,10,10,0,-0.024476764810216434,0.014363636363636356,0.008767221327607766,-0.010464703795672325,0.02396780965710288,0.033339507316169525,0.32,13,左侧观察,,53,0,0
85,AWP | Acheron (Factory New),59.78,57.0,2700,63,0.0233,0.9535,steamdt-live,58.89,517,60.0,437,,3,9,15,2,10,5,4,5,-0.03984637542006719,-0.01849999999999996,0.011165048543689382,-0.05760921747479597,0.0896583706909877,0.07072727272727275,0.49,10,左侧观察,,53,0,0
86,★ Sport Gloves | Ultra Violent (Field-Tested),5665.5,7990.0,525,58,0.1105,1.4103,steamdt-live,5770.0,569,5939.4,172,"溢价求购:买一高于卖一,多为定向收特定图案,买一价不可作退出价",11,0,12,5,4,7,8,5,0.007273045916579068,-0.014267072640278378,-0.021017414429098435,-0.007097791798107211,0.027381974248927077,0.0,0.4,4,左侧观察,买一异常溢价(不作为可成交退出价),52,0,0
87,Glock-18 | Gold Toof (Factory New),898.0,883.0,563,53,0.0941,0.9833,steamdt-live,955.0,70,939.99,158,,7,12,12,2,6,7,6,0,-0.028206492815327278,-0.009309967141292397,0.015675675675675738,-0.037253858435337905,0.04184322033898302,0.007238307349666018,0.49,17,左侧观察,,52,0,0
88,AK-47 | Head Shot (Factory New),547.97,539.0,390,23,0.059,0.9836,steamdt-live,554.9,202,564.2,138,,3,12,9,2,2,9,10,5,0.0008933454876938196,-0.0018579573398421756,-0.010820559062218238,-0.0009662716499543311,0.010848767103505574,0.0054495412844037805,0.48,5,左侧观察,,52,0,0
89,AWP | Exothermic (Factory New),57.69,54.0,443,17,0.0384,0.936,steamdt-live,50.76,295,58.0,286,,3,9,9,2,10,6,10,3,-0.00019267822736024343,-0.021776835613798506,-0.11884550084889645,-0.02196531791907519,0.13966101694915256,0.01519999999999988,0.44,9,左侧观察,,52,0,0
90,M4A4 | Polysoup (Factory New),138.5,134.0,1271,28,0.022,0.9675,steamdt-live,144.99,312,146.93,425,,3,12,15,2,4,10,6,0,-0.03162194520740902,0.0072727272727273196,0.00014087483271119083,-0.024579195718008373,0.028070175438596467,0.025925925925925908,0.49,8,左侧观察,,52,0,0
91,Desert Eagle | Directive (Factory New),594.0,562.0,122,35,0.2869,0.9461,steamdt-live,639.5,21,615.0,37,,17,9,7,2,4,10,2,0,-0.03259897569303305,0.03361344537815136,0.0267946577629381,-8.129420372315899e-05,0.029968454258675115,0.06956521739130439,0.49,15,左侧观察,,51,0,0
92,★ Hydra Gloves | Emerald (Minimal Wear),282.0,303.0,88,18,0.2045,1.0745,steamdt-live,274.91,61,294.2,62,"溢价求购:买一高于卖一,多为定向收特定图案,买一价不可作退出价",17,0,4,5,6,9,10,0,-0.029511079845233823,-0.00362437026566631,-0.012504341785341988,-0.03302849103060146,0.04511983327544267,0.0,0.49,6,左侧观察,买一异常溢价(不作为可成交退出价),51,0,0
93,USP-S | Cortex (Factory New),178.39,172.0,439,38,0.0866,0.9642,steamdt-live,181.99,155,181.4,222,,7,12,9,2,6,7,8,0,-0.027138068980430252,-0.008724160924650004,0.022045416873860413,-0.03562547302411079,0.03936456650511577,0.0,0.41,5,左侧观察,,51,0,0
94,Glock-18 | Franklin (Factory New),748.0,730.0,440,38,0.0864,0.9759,steamdt-live,800.0,84,780.0,155,,7,12,9,2,6,7,8,0,-0.03020565552699228,-0.008614976805831676,0.030463576158940464,-0.03856041131105403,0.04102564102564099,0.0,0.39,15,左侧观察,,51,0,0
95,MP9 | Pandora's Box (Factory New),813.5,780.0,43,3,0.0698,0.9588,steamdt-live,887.4,44,862.24,52,,7,9,4,2,6,8,10,5,-0.001833740831295838,-0.003674219228413933,-0.025610482430017845,-0.005501222493887514,0.030970815961882114,0.0006150061500616033,0.49,11,左侧观察,,51,0,0
96,★ Moto Gloves | POW! (Field-Tested),447.0,683.0,630,40,0.0635,1.528,steamdt-live,460.0,661,454.6,305,"溢价求购:买一高于卖一,多为定向收特定图案,买一价不可作退出价",7,0,12,5,4,8,10,5,-0.006651884700665134,-0.0022321428571429047,-0.009879253567508184,-0.008869179600886956,0.021881838074398252,0.0,0.49,14,左侧观察,买一异常溢价(不作为可成交退出价),51,0,0
97,Tec-9 | Remote Control (Factory New),190.94,180.0,548,32,0.0584,0.9427,steamdt-live,189.44,77,196.19,122,,3,9,12,2,6,9,10,0,-0.025743589743589812,-0.0028424044636277124,0.023622047244094446,-0.028512820512820558,0.03484817607499491,0.0,0.49,3,左侧观察,,51,0,0
98,M4A4 | Turbine (Factory New),84.5,80.0,1159,34,0.0293,0.9467,steamdt-live,84.62,232,85.5,293,,3,9,15,2,2,5,10,5,-0.0005893446487506004,-0.0034202146479538342,-0.008531027229168986,-0.004007543611504016,0.01134901134901134,0.0004735969689795283,0.38,2,左侧观察,,51,0,0
99,M4A4 | Etch Lord (Factory New),19.75,19.0,852,18,0.0211,0.962,steamdt-live,20.38,370,21.65,428,,3,12,12,2,6,8,8,0,-0.03200775945683798,-0.005511022044088154,0.0068359375,-0.03734238603297768,0.04337349397590351,0.005572441742654588,0.49,12,左侧观察,,51,0,0
100,Glock-18 | Fade (Factory New),9150.0,10200.0,132,21,0.1591,1.1148,steamdt-live,9393.91,134,9302.52,68,"溢价求购:买一高于卖一,多为定向收特定图案,买一价不可作退出价",14,0,7,2,2,10,10,5,0.009658241758241592,-0.004123906577026881,-0.01621621621621616,0.005494505494505475,0.010757338234499203,0.007709251101321479,0.49,4,左侧观察,买一异常溢价(不作为可成交退出价),50,0,0
101,★ Specialist Gloves | Lt. Commander (Minimal Wear),1084.0,1750.0,230,32,0.1391,1.6144,steamdt-live,1107.5,189,1113.55,91,"溢价求购:买一高于卖一,多为定向收特定图案,买一价不可作退出价",11,0,7,5,2,10,10,5,-0.010953032375740968,9.220924120922902e-06,0.02524544179523147,-0.01094391244870041,0.01319381255686991,0.0427884615384615,0.28,4,左侧观察,买一异常溢价(不作为可成交退出价),50,0,0
102,★ Broken Fang Gloves | Yellow-banded (Field-Tested),278.0,310.0,158,19,0.1203,1.1151,steamdt-live,281.5,127,276.5,120,"溢价求购:买一高于卖一,多为定向收特定图案,买一价不可作退出价",11,0,7,5,2,10,10,5,0.005025125628140614,-0.0053956834532373765,-0.009985683607730778,-0.0003976718122989942,0.010379384395132307,0.009124087591240837,0.49,9,左侧观察,买一异常溢价(不作为可成交退出价),50,0,0
103,AK-47 | Green Laminate (Factory New),274.4,260.0,331,26,0.0785,0.9475,steamdt-live,269.4,126,280.0,142,,7,9,9,2,4,9,10,0,-0.016466302367941665,-0.002148307282021089,0.028089887640449396,-0.01857923497267766,0.018650735829812026,0.013811011176758203,0.49,2,左侧观察,,50,0,0
104,M4A1-S | Moss Quartz (Factory New),518.44,506.0,481,37,0.0769,0.976,steamdt-live,547.9,131,533.52,186,,7,12,9,2,8,6,6,0,-0.03030247004880937,-0.012488321988979645,0.02151126555742322,-0.04241236503475809,0.051218171826341696,0.015588540951783525,0.49,19,左侧观察,,50,0,0
105,AK-47 | Nouveau Rouge (Factory New),363.3,353.0,429,31,0.0723,0.9716,steamdt-live,367.5,309,372.8,181,,7,12,9,2,2,10,8,0,-0.015020930805220378,0.009166666666666767,-0.004114441416893655,-0.005991956004268273,0.010081743869209792,0.009166666666666767,0.49,7,左侧观察,,50,0,0
106,Tec-9 | Blue Titanium (Factory New),214.9,204.0,658,32,0.0486,0.9493,steamdt-live,221.8,34,207.77,115,,3,9,12,2,8,8,8,0,-0.02767441860465114,-0.006122937096388448,0.06172839506172845,-0.033627906976744115,0.06338186899878284,0.026024691358024654,0.49,11,左侧观察,,50,0,0
107,Glock-18 | Grinder (Factory New),61.09,56.0,823,35,0.0425,0.9167,steamdt-live,59.9,332,61.97,251,,3,6,12,2,4,10,10,3,0.02654424040066794,-0.02585786306716542,-0.0279130152547874,0.0,0.029173419773095732,0.0016722408026756952,0.49,7,左侧观察,,50,0,0
108,★ Specialist Gloves | Fade (Field-Tested),1082.9,2060.0,1110,45,0.0405,1.9023,steamdt-live,1100.0,990,1092.53,406,"溢价求购:买一高于卖一,多为定向收特定图案,买一价不可作退出价",3,0,15,5,4,8,10,5,-0.00046019328117807845,-0.0023941068139962107,-0.018216977210706142,-0.0028531983433041086,0.021018198904812713,0.003148148148148122,0.19,6,左侧观察,买一异常溢价(不作为可成交退出价),50,0,0
109,★ Specialist Gloves | Chocolate Chesterfield (Field-Tested),521.0,791.0,122,27,0.2213,1.5182,steamdt-live,528.5,115,527.61,71,"溢价求购:买一高于卖一,多为定向收特定图案,买一价不可作退出价",17,0,7,5,2,10,8,0,-0.008579599618684486,0.0019230769230769162,-0.003798670465337106,-0.006673021925643452,0.011385199240986688,0.01263362487852282,0.49,11,左侧观察,买一异常溢价(不作为可成交退出价),49,0,0
110,★ Sport Gloves | Big Game (Field-Tested),829.5,950.0,781,30,0.0384,1.1453,steamdt-live,834.0,595,846.6,174,"溢价求购:买一高于卖一,多为定向收特定图案,买一价不可作退出价",3,0,12,5,4,10,10,5,0.010303030303030258,-0.005998800239952029,-0.02251184834123221,0.004242424242424159,0.01836492890995256,0.010365853658536484,0.49,15,左侧观察,买一异常溢价(不作为可成交退出价),49,0,0
111,AK-47 | Case Hardened (Factory New),2980.0,14000.0,478,56,0.1172,4.698,steamdt-live,3050.0,323,3150.0,179,"溢价求购:买一高于卖一,多为定向收特定图案,买一价不可作退出价",11,0,9,2,4,9,8,5,-0.0008333333333333526,-0.00016680567139282232,-0.014778325123152691,-0.0010000000000000009,0.015763546798029604,0.005873468702802587,0.4,5,左侧观察,买一异常溢价(不作为可成交退出价),48,0,0
112,★ Moto Gloves | Finish Line (Field-Tested),479.5,672.0,427,36,0.0843,1.4015,steamdt-live,483.91,434,498.5,240,"溢价求购:买一高于卖一,多为定向收特定图案,买一价不可作退出价",7,0,9,5,2,10,10,5,-0.01236625514403289,0.0010625221358777637,0.00020580366330524846,-0.011316872427983515,0.011316872427983515,0.011578947368421133,0.49,11,左侧观察,买一异常溢价(不作为可成交退出价),48,0,0
113,M4A1-S | Party Animal (Factory New),161.9,153.0,375,24,0.064,0.945,steamdt-live,162.0,259,162.8,484,,7,9,9,2,2,10,6,3,0.028509746650580814,-0.0004938881343374835,-0.03969512195121949,0.028001777890659607,0.011720180686118797,0.04451612903225821,0.24,9,左侧观察,,48,0,0
114,Tec-9 | Safety Net (Factory New),95.0,87.0,465,27,0.0581,0.9158,steamdt-live,89.86,97,95.9,89,,3,6,9,2,8,10,10,0,-0.05143338954468801,-0.0015555555555555323,-0.01042970379641217,-0.05290893760539628,0.06278681685440135,0.0,0.41,2,左侧观察,,48,0,0
115,★ Sport Gloves | Frosty (Field-Tested),1112.0,1670.0,178,45,0.2528,1.5018,steamdt-live,1110.0,191,1136.0,107,"溢价求购:买一高于卖一,多为定向收特定图案,买一价不可作退出价",17,0,7,5,4,4,10,0,-0.0022381378692927223,-0.004934948407357531,-0.011504424778761013,-0.0071620411817368,0.018584070796460184,0.00010821730033905297,0.49,9,左侧观察,买一异常溢价(不作为可成交退出价),47,0,0
116,Tec-9 | Whiteout (Factory New),1219.5,1150.0,163,15,0.092,0.943,steamdt-live,1238.29,69,1223.85,106,,7,9,7,2,2,5,10,5,-0.0031589258019752986,-0.0014166045708016162,-0.00961204213453637,-0.004571055424046899,0.012942233445839335,0.002062465591335938,0.25,3,左侧观察,,47,0,0
117,Glock-18 | Trace Lock (Factory New),35.9,34.7,248,13,0.0524,0.9666,steamdt-live,35.65,258,38.1,99,,3,12,7,2,6,7,10,0,0.0,-0.0069637883008356605,-0.027100271002710064,-0.0069637883008356605,0.03387533875338755,0.01857142857142846,0.24,8,左侧观察,,47,0,0
118,MP9 | Ruby Poison Dart (Factory New),31.0,28.2,582,17,0.0292,0.9097,steamdt-live,29.0,254,30.21,271,,3,6,12,2,6,10,8,0,-0.020270270270270285,0.0,-0.013333333333333308,-0.020270270270270285,0.033333333333333326,0.0034602076124568004,0.49,9,左侧观察,,47,0,0
119,P250 | Gunsmoke (Factory New),118.0,35.0,5,2,0.4,0.2966,steamdt-live,90.0,11,95.5,10,,8,1,2,2,8,10,10,5,0.0,0.0,-0.052631578947368474,0.0,0.052631578947368474,0.0011123470522802492,0.49,2,左侧观察,,46,0,0
120,P250 | Muertos (Factory New),124.5,119.0,280,20,0.0714,0.9558,steamdt-live,125.91,137,125.9,165,,7,9,9,2,2,4,10,3,-0.007458541617075265,-0.004716604045087558,0.00023809523809514843,-0.012139966674601266,0.012139966674601266,0.0,0.49,5,左侧观察,,46,0,0
121,AK-47 | Steel Delta (Factory New),64.9,60.0,1814,42,0.0232,0.9245,steamdt-live,63.69,328,65.65,387,,3,6,15,2,6,10,4,0,-0.0355844942459117,0.0,0.05159235668789819,-0.0355844942459117,0.0355844942459117,0.030582524271844713,0.49,9,左侧观察,,46,0,0
122,FAMAS | Waters of Nephthys (Factory New),997.0,1120.0,168,21,0.125,1.1234,steamdt-live,1059.0,57,1030.0,58,"溢价求购:买一高于卖一,多为定向收特定图案,买一价不可作退出价",11,0,7,2,6,9,10,0,-0.031506266439733754,-0.004493260109835195,0.07997911227154031,-0.03585796069936553,0.03585796069936553,0.04125326370757176,0.44,7,左侧观察,买一异常溢价(不作为可成交退出价),45,0,0
123,★ Driver Gloves | Overtake (Field-Tested),263.88,343.0,225,25,0.1111,1.2998,steamdt-live,254.99,202,270.7,212,"溢价求购:买一高于卖一,多为定向收特定图案,买一价不可作退出价",11,0,7,5,4,10,8,0,-0.018979206049149266,0.0,0.005703422053231932,-0.018979206049149266,0.018979206049149266,0.044185110663983895,0.49,13,左侧观察,买一异常溢价(不作为可成交退出价),45,0,0
124,M4A1-S | Stratosphere (Factory New),217.0,207.0,401,20,0.0499,0.9539,steamdt-live,215.0,236,225.89,304,,3,9,9,2,6,10,6,0,-0.04541115505250237,0.023809523809523725,0.02088263956564118,-0.022682849220419188,0.04231625835189312,0.05134474327628369,0.39,9,左侧观察,,45,0,0
125,Galil AR | Orange DDPAT (Factory New),559.9,396.0,9,2,0.2222,0.7073,steamdt-live,798.0,8,619.1,8,,8,1,2,2,10,10,10,0,0.00017860332202190854,-0.00017857142857147235,-0.06683333333333341,0.0,0.17353054054851957,0.0,0.32,2,左侧观察,,43,0,0
126,USP-S | Stainless (Factory New),289.0,268.0,295,29,0.0983,0.9273,steamdt-live,297.82,217,303.42,97,,7,6,9,2,6,9,4,0,-0.03144864503178313,-0.0017271157167529916,0.10703703703703704,-0.033121445299431174,0.033121445299431174,0.07037037037037042,0.49,5,左侧观察,,43,0,0
127,★ Sport Gloves | Nocts (Field-Tested),3745.0,4300.0,1000,51,0.051,1.1482,steamdt-live,3700.0,816,3776.39,184,"溢价求购:买一高于卖一,多为定向收特定图案,买一价不可作退出价",3,0,15,5,4,10,6,0,-0.010696617194812186,0.0001351533991080789,-0.007958615200955088,-0.010562909479877036,0.018437458548879126,0.016483516483516425,0.39,6,左侧观察,买一异常溢价(不作为可成交退出价),43,0,0
128,★ Moto Gloves | Polygon (Minimal Wear),1037.5,1380.0,136,21,0.1544,1.3301,steamdt-live,1075.0,125,1049.0,62,"溢价求购:买一高于卖一,多为定向收特定图案,买一价不可作退出价",14,0,7,5,2,8,6,0,-0.0004906204906204303,-0.0014340850248799608,-0.00856477949030976,-0.0019240019240018835,0.010472302762093766,0.017156862745097978,0.41,4,左侧观察,买一异常溢价(不作为可成交退出价),42,0,0
129,FAMAS | Macabre (Factory New),64.79,57.0,75,9,0.12,0.8798,steamdt-live,72.88,37,66.06,57,,11,3,4,2,4,8,10,0,-0.015899454875832997,-0.0030773965225417976,-0.0019646365422396617,-0.01892792247122954,0.020855372525313554,0.0,0.49,3,左侧观察,,42,0,0
130,P250 | Contamination (Factory New),54.15,38.0,73,8,0.1096,0.7018,steamdt-live,40.21,37,41.21,41,,11,1,4,2,4,5,10,5,-0.003455936805726978,-0.003963339113202791,-0.013875365141187923,-0.007405578869414842,0.021178188899707795,0.0,0.49,4,左侧观察,,42,0,0
131,Five-SeveN | Copper Galaxy (Factory New),112.9,108.0,661,32,0.0484,0.9566,steamdt-live,100.0,131,116.2,159,,3,9,12,2,6,10,0,0,-0.04625435540069689,0.016531190063019396,-0.02281239359891052,-0.030487804878048808,0.04871794871794877,0.11299999999999999,0.32,10,左侧观察,,42,0,0
132,AWP | Corticera (Factory New),910.0,1000.0,177,32,0.1808,1.0989,steamdt-live,988.4,44,942.95,52,"溢价求购:买一高于卖一,多为定向收特定图案,买一价不可作退出价",14,0,7,2,8,4,4,0,-0.0461775269368907,-0.020979020979020935,0.07087912087912085,-0.06618778860954333,0.06666666666666665,0.011111111111111072,0.49,9,左侧观察,买一异常溢价(不作为可成交退出价),39,0,0
133,★ Hand Wraps | Constrictor (Field-Tested),253.5,276.0,483,24,0.0497,1.0888,steamdt-live,260.0,311,259.8,219,"溢价求购:买一高于卖一,多为定向收特定图案,买一价不可作退出价",3,0,9,5,6,8,8,0,-0.02115384615384619,-0.003929273084479323,0.0023130300693909867,-0.025000000000000022,0.03612167300380231,0.003960396039603964,0.38,10,左侧观察,买一异常溢价(不作为可成交退出价),39,0,0
134,MP9 | Setting Sun (Factory New),262.5,196.0,86,6,0.0698,0.7467,steamdt-live,274.5,24,265.86,69,,7,1,4,2,2,10,10,0,0.011538461538461497,-0.0019011406844106071,-0.015151515151515138,0.009615384615384581,0.012638230647709414,0.009615384615384581,0.31,5,左侧观察,,36,0,0
135,P250 | Bone Mask (Factory New),440.0,10.0,1,1,1.0,0.0227,steamdt-live,0.0,0,218.87,1,,8,1,2,2,2,10,10,0,-0.01042092357989366,0.0,0.010426344585526826,-0.01042092357989366,0.01042092357989366,0.0,0.49,2,左侧观察,,35,0,0
136,P250 | Whiteout (Factory New),1893.5,990.0,39,3,0.0769,0.5228,steamdt-live,1930.5,34,1895.31,34,,7,1,4,2,4,9,8,0,-0.014908924561257586,-0.0007915567282321678,-0.013497435897435905,-0.015688680029942614,0.02396907216494848,0.007180851063829818,0.32,5,左侧观察,,35,0,0
137,Tec-9 | Blast From the Past (Factory New),45.46,40.7,70,10,0.1429,0.8953,steamdt-live,44.77,41,45.9,49,,11,6,4,2,4,7,0,0,-0.004667703934207568,-0.00022331397945507536,-0.014241893076248902,-0.004889975550122272,0.019062226117440795,0.11925000000000008,0.22,7,左侧观察,,34,0,0
138,Five-SeveN | Jungle (Factory New),387.5,218.0,10,3,0.3,0.5626,steamdt-live,370.0,5,369.5,12,,8,1,2,2,6,10,4,0,-0.03520208604954367,-0.0013513513513513375,-0.003896103896103842,-0.03650586701434155,0.04025974025974022,0.0,0.49,4,左侧观察,,33,0,0
139,★ Hydra Gloves | Case Hardened (Field-Tested),349.99,370.0,388,14,0.0361,1.0572,steamdt-live,350.0,409,349.5,168,"溢价求购:买一高于卖一,多为定向收特定图案,买一价不可作退出价",3,0,9,5,2,10,4,0,-0.010269503546099346,0.001777115340518165,0.02530541012216392,-0.008510638297872353,0.014104372355430161,0.05909090909090908,0.49,9,左侧观察,买一异常溢价(不作为可成交退出价),33,0,0
140,★ Hand Wraps | Badlands (Field-Tested),2759.5,2740.0,316,168,0.5316,0.9929,steamdt-live,2900.0,25,2852.55,66,,20,15,9,5,8,0,10,0,-0.011756448499736782,-0.020063920454545414,0.017678571428571432,-0.03158448850675555,0.06425907087148186,0.0,0.49,13,可能加速下跌,,67,0,0
141,★ Driver Gloves | Diamondback (Field-Tested),2800.0,2740.0,323,108,0.3344,0.9786,steamdt-live,2889.9,23,2950.0,55,,20,12,9,5,8,0,8,5,-0.006978180899160358,-0.010250972074938192,-0.009085217391304301,-0.017157619836567384,0.06619976654994164,0.0,0.49,6,可能加速下跌,,67,0,0
142,★ Broken Fang Gloves | Needle Point (Field-Tested),274.48,280.0,93,15,0.1613,1.0201,steamdt-live,268.0,95,269.2,119,,14,15,4,5,2,10,10,5,-0.005565862708719838,0.0,0.005597014925373234,-0.005565862708719838,0.005565862708719838,0.03076923076923066,0.49,6,回撤不明显,,65,0,0
143,AK-47 | Neon Revolution (Factory New),1631.5,1610.0,560,146,0.2607,0.9868,steamdt-live,1661.38,103,1628.58,140,,17,12,12,2,8,2,6,5,-0.008766626360338536,-0.006660567246111637,0.0033363663936911703,-0.015368802902055667,0.055348027842227365,0.012169049098819107,0.49,9,可能加速下跌,,64,0,0
144,★ Driver Gloves | Convoy (Field-Tested),3245.0,3190.0,187,110,0.5882,0.9831,steamdt-live,3425.49,20,3347.4,46,,20,12,7,5,8,0,6,5,0.007121212121212084,-0.023619678050248227,-0.017529652741390067,-0.01666666666666672,0.05942028985507242,0.0,0.49,7,可能加速下跌,,63,0,0
145,Glock-18 | Weasel (Factory New),217.0,213.0,511,92,0.18,0.9816,steamdt-live,221.0,92,222.66,83,,14,12,12,2,8,0,10,5,-0.0023287671232876672,-0.006819534074786082,0.02336448598130847,-0.0091324200913242,0.05652173913043479,0.014018691588784993,0.49,11,可能加速下跌,,63,0,0
146,★ Specialist Gloves | Mogul (Minimal Wear),880.0,1320.0,177,27,0.1525,1.5,steamdt-live,880.0,180,887.0,88,"溢价求购:买一高于卖一,多为定向收特定图案,买一价不可作退出价",14,0,7,5,2,20,10,5,-0.007665903890160197,0.014643145393750778,-0.013321291487920495,0.006864988558352492,0.006547753443215121,0.014643145393750778,0.49,9,回撤不明显,买一异常溢价(不作为可成交退出价),63,0,0
147,M4A1-S | Player Two (Factory New),1018.0,1010.0,458,92,0.2009,0.9921,steamdt-live,1038.0,125,1050.0,153,,17,15,9,2,6,0,8,5,0.012658227848101333,-0.02115384615384619,0.010826771653543288,-0.008763388510223957,0.04859813084112152,0.010532167283773042,0.49,12,可能加速下跌,,62,0,0
148,M4A4 | Magnesium (Factory New),39.7,39.4,1357,56,0.0413,0.9924,steamdt-live,40.08,529,39.84,284,,3,15,15,2,2,10,10,5,-0.025000000000000022,0.017948717948718107,0.0,-0.007499999999999951,0.007499999999999951,0.02082797634353306,0.49,14,回撤不明显,,62,0,0
149,★ Moto Gloves | Cool Mint (Field-Tested),6400.0,6330.0,315,102,0.3238,0.9891,steamdt-live,6870.0,45,6500.0,96,,20,12,9,5,8,0,4,3,0.0,-0.03469079939668174,-0.020245308112900817,-0.03469079939668174,0.0737658653776575,0.0,0.49,5,可能加速下跌,,61,0,0
150,Desert Eagle | Code Red (Factory New),1095.0,1060.0,265,60,0.2264,0.968,steamdt-live,1185.79,66,1099.82,117,,17,12,9,2,8,0,8,5,-0.005359535506922697,-0.016614279299506096,0.004486316733961493,-0.02188476998660116,0.0641025641025641,0.0,0.48,8,可能加速下跌,,61,0,0
151,★ Moto Gloves | 3rd Commando Company (Minimal Wear),441.0,457.0,137,29,0.2117,1.0363,steamdt-live,434.0,54,440.36,108,,17,15,7,5,2,0,10,5,-0.0011494252873562871,-0.0011507479861909697,-0.0034364261168384758,-0.0022988505747126853,0.012514220705347023,0.0011534025374855261,0.4,4,暂未减速,,61,0,0
152,AWP | Wildfire (Factory New),989.5,966.0,519,78,0.1503,0.9763,steamdt-live,990.0,150,1020.0,145,,14,12,12,2,8,2,6,5,-0.015717092337917515,-0.012475049900199653,0.04948453608247427,-0.027996070726915567,0.05761904761904757,0.020629190304280565,0.49,13,可能加速下跌,,61,0,0
153,M4A4 | Buzz Kill (Factory New),3109.49,3080.0,999,78,0.0781,0.9905,steamdt-live,3130.0,149,3125.04,143,,7,15,15,2,8,1,8,5,-0.00666666666666671,-0.006235218919782737,-0.007874015748031482,-0.012860317460317572,0.05371288409276964,0.006307443365695775,0.49,13,暂未减速,,61,0,0
154,AWP | Printstream (Factory New),1073.5,1050.0,442,152,0.3439,0.9781,steamdt-live,1097.5,336,1075.0,164,,20,12,9,2,4,0,8,5,-0.0004612758891092694,-0.00918362637869774,-0.0022367863915021546,-0.009640666082383897,0.015092435432818019,0.0,0.49,6,可能加速下跌,,60,0,0
155,★ Moto Gloves | Eclipse (Minimal Wear),3393.99,3320.0,141,41,0.2908,0.9782,steamdt-live,3700.0,22,3410.0,39,,17,12,7,5,8,0,6,5,-0.007903740214554977,-0.008109908993669923,0.014411764705882346,-0.015949550594375195,0.06732893652102234,0.013978847992351717,0.49,16,可能加速下跌,,60,0,0
156,★ Sport Gloves | Arid (Field-Tested),6388.0,6250.0,357,91,0.2549,0.9784,steamdt-live,6649.0,52,6468.88,79,,17,12,9,5,4,0,8,5,-0.004692668666820499,-0.01252125521718972,-0.01140771161305043,-0.017155165781983284,0.028219365634745586,0.0,0.49,4,可能加速下跌,,60,0,0
157,FAMAS | Bad Trip (Factory New),484.0,466.0,141,26,0.1844,0.9628,steamdt-live,484.99,54,510.01,62,,14,12,7,2,2,8,10,5,-0.0020618556701030855,0.0,-0.010204081632653073,-0.0020618556701030855,0.008196721311475419,0.004149377593360981,0.25,3,回撤不明显,,60,0,0
158,Glock-18 | Water Elemental (Factory New),301.9,295.0,615,74,0.1203,0.9771,steamdt-live,322.0,236,310.25,324,,11,12,12,2,8,2,8,5,-0.010081300813008176,-0.008212877792378448,0.037589418275070896,-0.01821138211382123,0.05000157336605948,0.01869348090160594,0.49,8,可能加速下跌,,60,0,0
159,★ Hand Wraps | Overprint (Field-Tested),664.99,668.0,806,31,0.0385,1.0045,steamdt-live,663.5,748,661.94,268,,3,15,12,5,0,10,10,5,0.020202177052438763,0.004566210045662045,-0.02188639125151881,0.02486063448190179,0.002930779224703195,0.02486063448190179,0.49,12,回撤不明显,,60,0,0
160,AK-47 | Aphrodite (Factory New),1849.5,1810.0,361,87,0.241,0.9786,steamdt-live,1888.99,215,1874.5,210,,17,12,9,2,6,0,8,5,-0.004021447721179627,-0.004306864064603011,-0.002673796791443861,-0.008310991957104608,0.04071576763485474,0.02750000000000008,0.47,10,可能加速下跌,,59,0,0
161,AWP | Neo-Noir (Factory New),318.18,311.0,1020,49,0.048,0.9774,steamdt-live,316.77,632,324.97,285,,3,12,15,2,2,10,10,5,-0.004754358161648153,0.010414012738853451,-0.010971786833855801,0.005610142630744885,0.00697965571205017,0.013642172523961493,0.29,14,回撤不明显,,59,0,0
162,AWP | Black Box (Factory New),163.98,153.0,39,26,0.6667,0.933,steamdt-live,163.48,66,165.9,73,,20,9,4,2,0,10,8,5,0.01847133757961794,0.022388993120700418,-0.01195720578980497,0.04127388535031851,0.003049152335650729,0.06155844155844159,0.49,6,回撤不明显,,58,0,0
163,USP-S | Spiral Glitch (Factory New),519.48,505.0,41,21,0.5122,0.9721,steamdt-live,519.49,44,522.39,91,,20,12,4,2,0,10,10,0,-0.007699711260827691,0.007720659553831277,0.04991915925626511,-3.849855630411181e-05,3.849855630411181e-05,0.049878738884397755,0.49,5,回撤不明显,,58,0,0
164,Desert Eagle | Eastern Enigma (Factory New),418.0,401.0,75,32,0.4267,0.9593,steamdt-live,424.99,63,414.37,131,,20,9,4,2,0,10,10,3,-0.00937469798009083,0.010658536585365974,0.005808160587134514,0.0011839180438775188,0.0,0.013129584352078227,1.49,5,回撤不明显,,58,0,0
165,★ Hand Wraps | Badlands (Minimal Wear),2896.0,2840.0,148,40,0.2703,0.9807,steamdt-live,3078.5,17,2958.0,54,,17,12,7,5,6,0,6,5,-0.013052208835341417,-0.01831129196337744,0.030344827586206824,-0.031124497991967925,0.04675666776424103,0.0,0.49,9,可能加速下跌,,58,0,0
166,★ Sport Gloves | Hedge Maze (Field-Tested),25379.0,35380.0,600,112,0.1867,1.3941,steamdt-live,25800.0,377,25899.5,116,"溢价求购:买一高于卖一,多为定向收特定图案,买一价不可作退出价",14,0,12,5,2,10,10,5,0.01147433215801108,-0.0003348104382078221,-0.023137697516930067,0.011135679993625303,0.007857701329163413,0.015160000000000062,0.48,3,回撤不明显,买一异常溢价(不作为可成交退出价),58,0,0
167,AK-47 | Frontside Misty (Factory New),769.0,757.0,393,71,0.1807,0.9844,steamdt-live,797.0,97,783.44,168,,14,12,9,2,8,2,8,3,-0.014556962025316422,-0.012202954399486154,-0.018633540372670843,-0.02658227848101269,0.057482534624341164,0.0,0.49,13,可能加速下跌,,58,0,0
168,Desert Eagle | The Bronze (Factory New),149.0,146.0,575,64,0.1113,0.9799,steamdt-live,150.99,147,148.6,219,,11,12,12,2,10,0,6,5,-0.0013333333333332975,-0.008010680907877266,0.007455168245013244,-0.009333333333333416,0.11616011419734729,0.024827586206896513,0.45,9,可能加速下跌,,58,0,0
169,★ Sport Gloves | Blaze (Field-Tested),739.0,1020.0,101,33,0.3267,1.3802,steamdt-live,719.0,119,730.0,68,"溢价求购:买一高于卖一,多为定向收特定图案,买一价不可作退出价",20,0,7,5,0,10,10,5,0.0035335689045936647,0.012676056338028152,-0.015857560161357642,0.016254416961130724,0.001388888888888884,0.027142857142857135,0.24,7,回撤不明显,买一异常溢价(不作为可成交退出价),57,0,0
170,M4A1-S | Hyper Beast (Factory New),1877.5,1820.0,240,64,0.2667,0.9694,steamdt-live,1950.0,53,1975.59,82,,17,12,7,2,8,0,6,5,-0.000263157894736854,-0.011845222426954516,0.011984021304926706,-0.01210526315789473,0.05106167846309406,0.011859838274932644,0.36,7,可能加速下跌,,57,0,0
171,★ Bloodhound Gloves | Snakebite (Field-Tested),1208.5,1190.0,231,58,0.2511,0.9847,steamdt-live,1387.0,23,1196.33,95,,17,12,7,5,8,2,6,0,-0.022471910112359605,-0.017791461412151155,0.018289991990977583,-0.039863563402889324,0.05647743584081277,0.0,0.27,6,可能加速下跌,,57,0,0
172,M4A4 | Desolate Space (Factory New),515.0,511.0,653,81,0.124,0.9922,steamdt-live,528.5,156,541.5,187,,11,15,12,2,6,0,6,5,-0.0028761904761904766,-0.016218074843836527,0.001908396946564972,-0.01904761904761909,0.04452690166975881,0.0,0.49,11,可能加速下跌,,57,0,0
173,Desert Eagle | Mecha Industries (Factory New),159.0,156.0,917,107,0.1167,0.9811,steamdt-live,155.0,355,160.99,194,,11,12,15,2,8,0,6,3,0.019169329073482455,-0.028213166144200663,0.016233766233766156,-0.009584664536741228,0.07738095238095233,0.026490066225165476,0.49,13,可能加速下跌,,57,0,0
174,★ Hydra Gloves | Emerald (Field-Tested),198.0,193.0,125,11,0.088,0.9747,steamdt-live,197.0,101,197.18,637,,7,12,7,5,2,9,10,5,-0.006649874055415617,-0.0009128714879805822,0.007154092039169946,-0.007556675062972307,0.007556675062972307,0.0395778364116095,0.49,5,回撤不明显,,57,0,0
175,AWP | POP AWP (Factory New),225.0,218.0,1305,80,0.0613,0.9689,steamdt-live,236.67,304,231.13,303,,7,12,15,2,10,0,6,5,-0.014957264957264904,-0.02386117136659438,-0.02092050209205021,-0.038461538461538436,0.11116378288693995,0.0,0.49,11,可能加速下跌,,57,0,0
176,AK-47 | Searing Rage (Factory New),118.9,115.0,1437,35,0.0244,0.9672,steamdt-live,117.98,407,121.37,267,,3,12,15,2,0,10,10,5,-0.00016949152542367063,0.0,-0.008236678433350186,-0.00016949152542367063,0.004220121539500354,0.025913043478260844,0.47,7,回撤不明显,,57,0,0
177,M4A4 | Tooth Fairy (Factory New),89.0,88.0,1598,36,0.0225,0.9888,steamdt-live,87.78,418,92.0,561,,3,12,15,2,0,10,10,5,0.011264367816091969,-0.0011366219595363436,-0.020821609454136136,0.010114942528735682,0.0013636363636364557,0.014897794202563652,0.28,6,回撤不明显,,57,0,0
178,★ Driver Gloves | Convoy (Minimal Wear),3317.98,3210.0,135,41,0.3037,0.9675,steamdt-live,3497.95,33,3399.0,40,,20,12,7,5,6,0,6,0,-0.014657460263996946,-0.022254309709739184,0.020438518518518523,-0.036585578313462874,0.03826666666666667,0.005451531671308185,0.27,8,可能加速下跌,,56,0,0
179,★ Moto Gloves | Boom! (Minimal Wear),3374.0,3140.0,161,31,0.1925,0.9306,steamdt-live,3497.4,24,3376.9,55,,14,9,7,5,6,0,10,5,-0.004560164754339513,-0.002807743460913281,0.007546968466358717,-0.007355104442483107,0.03240607972469167,0.00013635528258149066,0.48,4,可能加速下跌,,56,0,0
180,M4A4 | Cyber Security (Factory New),953.5,940.0,385,60,0.1558,0.9858,steamdt-live,965.0,68,972.48,134,,14,12,9,2,6,0,8,5,-0.008731381612737565,-0.011917098445595853,0.024736842105263168,-0.020544427324088343,0.030995934959349603,0.004212743549236508,0.49,10,可能加速下跌,,56,0,0
181,★ Hydra Gloves | Rattler (Field-Tested),175.9,174.0,119,17,0.1429,0.9892,steamdt-live,174.0,118,182.0,212,,11,12,7,5,2,10,4,5,0.020588235294117574,0.0028818443804035088,-0.022426682001150167,0.0235294117647058,0.005714285714285672,0.03571428571428581,0.41,10,回撤不明显,,56,0,0
182,AK-47 | B the Monster (Factory New),2288.0,2240.0,513,56,0.1092,0.979,steamdt-live,2304.1,277,2335.0,161,,11,12,12,2,6,0,8,5,-0.0034181034482757555,-0.010410584454622951,-0.010660980810234588,-0.01379310344827589,0.03642872183617607,0.0,0.49,5,可能加速下跌,,56,0,0
183,AK-47 | Orbit Mk01 (Factory New),625.0,620.0,701,74,0.1056,0.992,steamdt-live,666.36,151,653.38,162,,11,15,12,2,8,0,8,0,0.009389671361502261,-0.03100775193798455,0.022399999999999975,-0.021909233176838794,0.05637587945768041,0.0,0.49,17,可能加速下跌,,56,0,0
184,★ Moto Gloves | 3rd Commando Company (Field-Tested),238.5,257.0,194,20,0.1031,1.0776,steamdt-live,243.5,190,238.31,157,"溢价求购:买一高于卖一,多为定向收特定图案,买一价不可作退出价",11,0,7,5,0,20,10,3,-0.01498929336188437,0.03695652173913033,-0.014767932489451518,0.021413276231263323,0.0,0.0483516483516484,0.49,10,回撤不明显,买一异常溢价(不作为可成交退出价),56,0,0
185,MP9 | Goo (Factory New),26.91,24.4,512,23,0.0449,0.9067,steamdt-live,24.61,276,24.77,560,,3,6,12,2,0,20,10,3,-0.020772746157041944,0.04412388629613906,-0.009465020576131744,0.022434565849605237,0.0004061738424046002,0.04678860059549117,0.44,11,回撤不明显,,56,0,0
186,★ Specialist Gloves | Emerald Web (Field-Tested),8236.0,8110.0,373,87,0.2332,0.9847,steamdt-live,8450.0,86,8450.0,91,,17,12,9,5,6,0,6,0,-0.012016965127238488,-0.017886954447889347,0.005865971440421891,-0.029688972667294977,0.04543347241539175,0.0068459657701711585,0.49,12,可能加速下跌,,55,0,0
187,★ Specialist Gloves | Forest DDPAT (Field-Tested),1909.5,1840.0,282,63,0.2234,0.9636,steamdt-live,2008.26,37,1960.3,71,,17,12,9,5,6,0,6,0,-0.007439613526570077,-0.021707388299425645,0.019440124416796323,-0.02898550724637683,0.03384942319368556,0.004999999999999893,0.42,11,可能加速下跌,,55,0,0
188,AWP | Hyper Beast (Factory New),1020.0,1000.0,373,65,0.1743,0.9804,steamdt-live,1069.12,83,1080.0,80,,14,12,9,2,8,0,10,0,-0.011825922421948909,-0.023934897079942563,0.046534653465346576,-0.03547776726584673,0.0723384895359418,0.020520520520520558,0.49,12,可能加速下跌,,55,0,0
189,★ Hand Wraps | Spruce DDPAT (Minimal Wear),2554.99,2500.0,190,31,0.1632,0.9785,steamdt-live,2628.84,33,2580.0,56,,14,12,7,5,8,3,6,0,-0.022033215486504054,-0.01635437560395303,0.017620689655172272,-0.038027251608628077,0.06410622710622715,0.0,0.31,7,可能加速下跌,,55,0,0
190,★ Driver Gloves | Rezan the Red (Minimal Wear),795.5,810.0,154,24,0.1558,1.0182,steamdt-live,805.0,87,813.25,90,,14,15,7,5,4,2,8,0,-0.005600497822028649,-0.004380475594493172,0.0006226650062266526,-0.00995644057249534,0.01790123456790127,0.0,0.49,13,可能加速下跌,,55,0,0
191,M4A4 | The Coalition (Factory New),7300.0,7080.0,319,46,0.1442,0.9699,steamdt-live,7700.0,39,7682.07,63,,11,12,9,2,8,0,10,3,0.013378378378378297,-0.026536871582877763,0.0016242555495398214,-0.013513513513513487,0.06133470489906134,0.006965997655010714,0.49,8,可能加速下跌,,55,0,0
192,★ Hydra Gloves | Rattler (Minimal Wear),218.5,223.0,124,16,0.129,1.0206,steamdt-live,223.0,69,221.12,68,,11,15,7,5,2,0,10,5,-0.0022435897435897356,0.0027075398100133707,-0.0072727272727272085,0.00045787545787545625,0.006818181818181834,0.0027075398100133707,0.41,4,回撤不明显,,55,0,0
193,Desert Eagle | Naga (Factory New),179.48,173.0,298,37,0.1242,0.9639,steamdt-live,179.0,61,184.21,111,,11,12,9,2,6,0,10,5,0.0,-0.00011142061281343985,0.021046643913537944,-0.00011142061281343985,0.03676273278591757,0.021513944223107595,0.32,2,可能加速下跌,,55,0,0
194,Desert Eagle | Cobalt Disruption (Factory New),627.5,611.0,601,45,0.0749,0.9737,steamdt-live,640.0,272,640.0,217,,7,12,12,2,6,3,8,5,0.0,-0.011032308904649346,-0.016279069767441867,-0.011032308904649346,0.031635802469135776,0.0,0.39,12,可能加速下跌,,55,0,0
195,M4A4 | X-Ray (Factory New),891.0,881.0,1083,67,0.0619,0.9888,steamdt-live,930.0,238,920.99,242,,7,12,15,2,8,0,6,5,-0.016302515524910577,-0.01603095632946383,0.016011049723756887,-0.03207212693993411,0.0557029177718833,0.0,0.49,18,可能加速下跌,,55,0,0
196,★ Specialist Gloves | Big Swell (Minimal Wear),2560.0,3160.0,40,34,0.85,1.2344,steamdt-live,2495.0,49,2542.27,30,"溢价求购:买一高于卖一,多为定向收特定图案,买一价不可作退出价",20,0,4,5,0,10,10,5,0.02083333333333326,0.01836734693877551,-0.039807961592318475,0.039583333333333304,0.0018003600720144508,0.04001667361400574,0.49,2,回撤不明显,买一异常溢价(不作为可成交退出价),54,0,0
197,M4A4 | Falak (Factory New),872.58,865.0,70,47,0.6714,0.9913,steamdt-live,895.0,47,871.0,106,,20,15,4,2,0,0,10,3,-0.0032881216605014085,0.01718213058419238,0.014924681344148372,0.013837511987943474,0.0,0.028968713789107703,0.49,7,回撤不明显,,54,0,0
198,P250 | Kintsugi (Factory New),124.05,247.0,108,41,0.3796,1.9911,steamdt-live,124.5,124,125.0,58,"溢价求购:买一高于卖一,多为定向收特定图案,买一价不可作退出价",20,0,7,2,0,10,10,5,0.03824907934382327,0.0,-0.02065573770491802,0.03824907934382327,0.0,0.05127118644067785,0.49,8,回撤不明显,买一异常溢价(不作为可成交退出价),54,0,0
199,M4A4 | Royal Paladin (Factory New),1350.0,1330.0,314,69,0.2197,0.9852,steamdt-live,1396.62,83,1354.96,77,,17,12,9,2,6,0,8,0,-0.0017000000000000348,-0.03407220846868242,0.0,-0.0357142857142857,0.0357142857142857,0.0,0.49,7,可能加速下跌,,54,0,0
200,★ Hand Wraps | Constrictor (Minimal Wear),670.0,669.0,107,22,0.2056,0.9985,steamdt-live,672.5,47,673.48,74,,17,15,7,5,0,0,10,0,0.0,0.0,-0.0005944419676028323,0.0,0.0005944419676028323,0.0016383675901101569,0.31,2,回撤不明显,,54,0,0
201,M4A4 | The Emperor (Factory New),1618.0,1590.0,395,60,0.1519,0.9827,steamdt-live,1700.95,129,1661.58,126,,14,12,9,2,6,0,6,5,-0.001273499090357788,-0.017548120711640136,0.005794449527294798,-0.018799272286234125,0.039762611275964366,0.0,0.49,6,可能加速下跌,,54,0,0
202,Desert Eagle | Night Heist (Factory New),576.5,562.0,781,63,0.0807,0.9748,steamdt-live,629.0,88,578.97,156,,7,12,12,2,8,0,8,5,0.029462738301559765,-0.02946127946127941,-0.0017301038062284002,-0.0008665511265164572,0.06463964694811308,0.011403508771929749,0.4,12,可能加速下跌,,54,0,0
203,AWP | Electric Hive (Factory New),535.59,531.0,505,39,0.0772,0.9914,steamdt-live,528.3,218,545.03,190,,7,15,12,2,8,0,10,0,-0.009272727272727321,-0.030464305377133516,-0.014866559197563967,-0.03945454545454552,0.06495575221238947,0.0,0.49,7,可能加速下跌,,54,0,0
204,FAMAS | Rapid Eye Movement (Factory New),107.45,102.0,342,24,0.0702,0.9493,steamdt-live,108.0,154,110.16,150,,7,9,9,2,2,10,10,5,-0.009351851851851944,-0.00037386671651551406,0.03846153846153855,-0.009722222222222188,0.009722222222222188,0.028365384615384626,0.37,6,回撤不明显,,54,0,0
205,★ Sport Gloves | Omega (Field-Tested),1118.0,1960.0,907,56,0.0617,1.7531,steamdt-live,1124.5,757,1133.63,286,"溢价求购:买一高于卖一,多为定向收特定图案,买一价不可作退出价",7,0,15,5,2,10,10,5,-0.006711409395973145,0.007207207207207134,-0.003566651805617438,0.0004474272930647949,0.005249577364534241,0.007207207207207134,0.49,6,回撤不明显,买一异常溢价(不作为可成交退出价),54,0,0
206,Tec-9 | Titanium Bit (Factory New),544.5,532.0,654,24,0.0367,0.977,steamdt-live,546.28,9,535.39,31,,3,12,12,2,0,10,10,5,0.04925654203774177,0.0057581932733834496,-0.03687889665596067,0.055298364000156974,0.0,0.055298364000156974,0.2,3,回撤不明显,,54,0,0
207,AK-47 | Midnight Laminate (Factory New),81.9,78.0,1538,31,0.0202,0.9524,steamdt-live,81.9,1025,85.88,712,,3,9,15,2,0,10,10,5,0.012499999999999956,0.011111111111111072,-0.021646080469609807,0.02375000000000016,0.0,0.0250312891113893,0.48,9,回撤不明显,,54,0,0
208,★ Driver Gloves | Plum Quill (Minimal Wear),1039.0,1240.0,15,17,1.1333,1.1935,steamdt-live,1039.0,20,1078.94,30,"溢价求购:买一高于卖一,多为定向收特定图案,买一价不可作退出价",20,0,2,5,0,20,6,0,-0.0194363459669582,0.02973240832507429,-0.00867052023121384,0.009718172983479212,0.0004810004810005264,0.05002526528549778,0.24,9,回撤不明显,买一异常溢价(不作为可成交退出价),53,0,0
209,★ Bloodhound Gloves | Snakebite (Minimal Wear),1268.0,1220.0,149,31,0.2081,0.9621,steamdt-live,1457.48,16,1297.15,58,,17,12,7,5,6,0,6,0,-0.005036455069318269,-0.026016422530667382,0.015885093167701925,-0.03092184705684553,0.03537466717383031,0.0,0.27,12,可能加速下跌,,53,0,0
210,★ Bloodhound Gloves | Bronzed (Minimal Wear),1448.0,1400.0,140,26,0.1857,0.9669,steamdt-live,1530.0,20,1486.0,56,,14,12,7,5,6,1,8,0,-0.015726935390963037,-0.014630826811840802,0.015632653061224522,-0.0301276641348176,0.033055091819699456,0.0,0.49,6,可能加速下跌,,53,0,0
211,★ Sport Gloves | Red Racer (Field-Tested),834.5,1330.0,216,36,0.1667,1.5938,steamdt-live,844.0,197,845.5,81,"溢价求购:买一高于卖一,多为定向收特定图案,买一价不可作退出价",14,0,7,5,2,10,10,5,0.0006146281499692652,0.019656019656019597,-0.017512077294685957,0.020282728948985973,0.005392450569203122,0.024691358024691468,0.09,6,回撤不明显,买一异常溢价(不作为可成交退出价),53,0,0
212,Glock-18 | Bullet Queen (Factory New),755.0,742.0,454,58,0.1278,0.9828,steamdt-live,798.0,85,790.0,134,,11,12,9,2,8,0,6,5,-0.004328165374677062,-0.022902744436514633,0.022457067371202122,-0.027131782945736482,0.07068014365581843,0.0,0.24,15,可能加速下跌,,53,0,0
213,Tec-9 | Fuel Injector (Factory New),286.0,276.0,407,48,0.1179,0.965,steamdt-live,289.99,137,288.3,176,,11,12,9,2,6,0,8,5,-0.005482947687851403,-0.00832177531206646,0.02231544807163499,-0.013759095141211763,0.03378378378378377,0.008284858099770975,0.43,8,可能加速下跌,,53,0,0
214,AWP | CMYK (Factory New),3920.0,3830.0,287,32,0.1115,0.977,steamdt-live,4077.44,87,4001.94,79,,11,12,9,2,8,0,8,3,-0.01253012167792944,-0.014827846192510652,-0.029036214545095307,-0.02717217315342635,0.05541941064918221,0.0,0.49,9,暂未减速,,53,0,0
215,M4A4 | Hellish (Factory New),782.0,757.0,644,40,0.0621,0.968,steamdt-live,805.0,173,799.9,222,,7,12,12,2,6,1,8,5,-0.007044025157232681,-0.009374208259437466,-0.017912291537986458,-0.01635220125786163,0.04517704517704513,0.0,0.49,13,暂未减速,,53,0,0
216,AK-47 | Safety Net (Factory New),83.99,81.0,1908,70,0.0367,0.9644,steamdt-live,84.0,382,85.7,501,,3,12,15,2,6,0,10,5,0.007237635705669376,0.005868263473053803,0.012210012210012167,0.013148371531966019,0.04066247858366645,0.04335403726708065,0.49,9,暂未减速,,53,0,0
217,★ Specialist Gloves | Buckshot (Minimal Wear),409.0,526.0,143,29,0.2028,1.2861,steamdt-live,422.0,101,425.0,59,"溢价求购:买一高于卖一,多为定向收特定图案,买一价不可作退出价",17,0,7,5,0,10,8,5,0.012345679012345734,-0.0024390243902439046,-0.01197823912566176,0.009876543209876631,0.0048661800486617945,0.009876543209876631,0.4,10,回撤不明显,买一异常溢价(不作为可成交退出价),52,0,0
218,★ Specialist Gloves | Forest DDPAT (Minimal Wear),1980.0,1930.0,161,32,0.1988,0.9747,steamdt-live,2068.0,28,2029.7,52,,14,12,7,5,8,0,6,0,-0.015617374328940947,-0.01834407535944471,0.0275982085989257,-0.03367496339677889,0.05171505474190363,0.0,0.49,7,可能加速下跌,,52,0,0
219,AK-47 | Leet Museo (Factory New),3695.0,3640.0,591,114,0.1929,0.9851,steamdt-live,3805.0,61,3816.13,69,,14,12,12,2,6,0,6,0,0.005093833780160928,-0.014403841024273167,0.005390835579514919,-0.009383378016085797,0.033986928104575154,0.018467475192943672,0.49,9,可能加速下跌,,52,0,0
220,Glock-18 | Royal Legion (Factory New),253.5,243.0,395,53,0.1342,0.9586,steamdt-live,270.0,55,257.32,116,,11,9,9,2,10,0,6,5,-0.0023846153846154294,-0.02266944251677072,0.019607843137254832,-0.025000000000000022,0.09081127609210238,0.0,0.45,19,可能加速下跌,,52,0,0
221,★ Sport Gloves | Arid (Minimal Wear),7550.0,7380.0,172,23,0.1337,0.9775,steamdt-live,8074.0,42,7900.0,44,,11,12,7,5,4,0,8,5,-0.00026317520889529433,-0.006252056597565003,-6.578947368418575e-05,-0.006513586420159201,0.019160791374850716,0.0,0.48,2,可能加速下跌,,52,0,0
222,★ Driver Gloves | Diamondback (Minimal Wear),2950.0,2850.0,184,23,0.125,0.9661,steamdt-live,3058.0,24,3033.0,45,,11,12,7,5,6,0,6,5,-0.0018160805679379166,-0.024148197155143936,-0.013418293052392949,-0.025920422651477648,0.03899090787669113,0.0,0.49,6,可能加速下跌,,52,0,0
223,Galil AR | Cerberus (Factory New),1074.5,1020.0,276,30,0.1087,0.9493,steamdt-live,1119.41,65,1089.5,95,,11,9,9,2,6,2,8,5,-0.011839708561020013,-0.009677419354838679,-0.014804845222072704,-0.021402550091074724,0.043187889581478234,0.023333333333333428,0.48,9,可能加速下跌,,52,0,0
224,M4A4 | The Battlestar (Factory New),579.0,566.0,670,52,0.0776,0.9775,steamdt-live,604.0,94,586.2,207,,7,12,12,2,8,0,6,5,-0.003563527047339199,-0.01864406779661021,0.008705281090289674,-0.022141156204083745,0.07285828662930349,0.0,0.45,13,可能加速下跌,,52,0,0
225,AWP | Sun in Leo (Factory New),494.49,487.0,1135,76,0.067,0.9849,steamdt-live,517.55,437,502.27,303,,7,12,15,2,8,2,6,0,-0.020565302144249564,-0.01584237237536068,0.027027027027026973,-0.03608187134502927,0.05610063373291596,0.0009919028340081848,0.49,15,可能加速下跌,,52,0,0
226,Tec-9 | Bamboo Forest (Factory New),198.0,193.0,1440,88,0.0611,0.9747,steamdt-live,202.8,297,206.09,250,,7,12,15,2,6,2,8,0,-0.019512195121951237,-0.014925373134328401,0.0034754515639532357,-0.034146341463414664,0.0499040307101728,0.0,0.41,9,可能加速下跌,,52,0,0
227,M4A4 | Desert-Strike (Factory New),500.5,486.0,877,53,0.0604,0.971,steamdt-live,511.44,122,514.35,212,,7,12,12,2,6,0,8,5,-0.0013026487190621605,-0.010869565217391353,-0.0036184857423795513,-0.012158054711246202,0.0359983820951868,0.0009999999999998899,0.49,11,可能加速下跌,,52,0,0
228,Desert Eagle | Conspiracy (Factory New),143.79,140.0,1432,72,0.0503,0.9736,steamdt-live,144.53,799,147.6,277,,3,12,15,2,8,1,6,5,-0.016902356902356863,-0.01506952530995287,0.02427921092564489,-0.03171717171717181,0.07471042471042477,0.012605633802816874,0.49,16,可能加速下跌,,52,0,0
229,Desert Eagle | Printstream (Factory New),463.9,460.0,1260,47,0.0373,0.9916,steamdt-live,467.0,941,473.06,460,,3,15,15,2,2,0,10,5,-0.0010752688172043223,-0.001291711517761085,0.0021551724137931494,-0.0023655913978495313,0.00854883522120109,0.0008629989212511902,0.49,6,回撤不明显,,52,0,0
230,Tec-9 | Sultan (Factory New),37.0,35.4,152,26,0.1711,0.9568,steamdt-live,37.39,137,35.99,118,,14,9,7,2,4,0,10,5,0.0,-0.0002777777777777102,0.006148686416992621,-0.0002777777777777102,0.021212945335871702,0.028579594169762856,0.23,4,可能加速下跌,,51,0,0
231,AK-47 | Blue Laminate (Factory New),182.71,180.0,1241,56,0.0451,0.9852,steamdt-live,183.98,654,188.71,377,,3,12,15,2,8,0,8,3,-0.013297872340425565,-0.015040431266846288,0.016216216216216273,-0.028138297872340345,0.06451282576416972,0.0,0.49,11,可能加速下跌,,51,0,0
232,Desert Eagle | Sputnik (Factory New),59.0,57.0,2049,87,0.0425,0.9661,steamdt-live,60.0,489,62.12,507,,3,12,15,2,8,0,6,5,-0.00016694490818025542,-0.014860577725830715,0.02463222716387259,-0.015025041736226985,0.06349206349206349,0.02076124567474058,0.49,9,可能加速下跌,,51,0,0
233,AWP | Fever Dream (Factory New),114.8,113.0,1169,49,0.0419,0.9843,steamdt-live,115.5,443,118.49,483,,3,12,15,2,4,0,10,5,-0.0008733624454148048,0.0034965034965033226,-0.006076388888888951,0.0026200873362445254,0.026293469041560713,0.007990165949600447,0.47,8,暂未减速,,51,0,0
234,USP-S | Target Acquired (Factory New),2306.5,2230.0,152,33,0.2171,0.9668,steamdt-live,2419.5,50,2332.14,53,,17,12,7,2,4,0,8,0,-0.004264062379106148,-0.004316857327865353,-0.00792324093816632,-0.008562512358043728,0.016417910447761197,0.003044140030441511,0.49,5,暂未减速,,50,0,0
235,★ Bloodhound Gloves | Guerrilla (Minimal Wear),1238.99,1160.0,127,26,0.2047,0.9362,steamdt-live,1240.0,22,1262.8,64,,17,9,7,5,4,0,8,0,0.0004081665319450867,-0.008808000000000038,-0.0071593166468016944,-0.008403428598868334,0.015502582439411938,0.0,0.31,3,可能加速下跌,,50,0,0
236,★ Hand Wraps | Leather (Minimal Wear),4086.97,3910.0,192,34,0.1771,0.9567,steamdt-live,4398.5,27,4192.0,38,,14,9,7,5,4,0,8,3,-0.002198633479746248,-0.0004940095231340536,-0.005219079985435138,-0.0026915568570035076,0.02225598086124403,0.021742499999999998,0.31,5,暂未减速,,50,0,0
237,★ Bloodhound Gloves | Charred (Minimal Wear),1575.0,1550.0,114,19,0.1667,0.9841,steamdt-live,1698.24,17,1652.26,41,,14,12,7,5,6,0,6,0,-0.005830009205277653,-0.02777777777777779,-0.006402439024390194,-0.03344584228290892,0.03963414634146345,0.0,0.49,2,可能加速下跌,,50,0,0
238,★ Driver Gloves | Imperial Plaid (Minimal Wear),1785.0,2930.0,207,30,0.1449,1.6415,steamdt-live,1815.0,164,1850.0,78,"溢价求购:买一高于卖一,多为定向收特定图案,买一价不可作退出价",11,0,7,5,2,10,10,5,0.013091428571428532,0.006819297087838683,-0.026696329254727424,0.020000000000000018,0.006954102920723182,0.03179190751445082,0.41,5,回撤不明显,买一异常溢价(不作为可成交退出价),50,0,0
239,★ Sport Gloves | Amphibious (Field-Tested),1823.5,2780.0,1105,78,0.0706,1.5245,steamdt-live,1842.87,994,1836.5,270,"溢价求购:买一高于卖一,多为定向收特定图案,买一价不可作退出价",7,0,15,5,0,10,10,3,-0.006166666666666654,0.019341494773324364,0.003624198494563746,0.013055555555555598,0.0,0.019341494773324364,0.49,11,回撤不明显,买一异常溢价(不作为可成交退出价),50,0,0
240,★ Driver Gloves | Dragon Fists (Minimal Wear),1305.5,1820.0,38,26,0.6842,1.3941,steamdt-live,1333.0,42,1333.0,34,"溢价求购:买一高于卖一,多为定向收特定图案,买一价不可作退出价",20,0,4,5,2,3,10,5,-0.0015232292460015673,-0.004195270785659844,-0.0083081570996979,-0.005712109672505683,0.013972809667673669,0.0,0.41,2,暂未减速,买一异常溢价(不作为可成交退出价),49,0,0
241,★ Broken Fang Gloves | Unhinged (Minimal Wear),481.04,651.0,59,27,0.4576,1.3533,steamdt-live,488.0,62,490.04,52,"溢价求购:买一高于卖一,多为定向收特定图案,买一价不可作退出价",20,0,4,5,4,3,8,5,-0.0010319917440660964,-0.0061157024793387915,-0.010214504596527063,-0.007141382868936952,0.017282941777323813,0.0042588726513570485,0.49,4,可能加速下跌,买一异常溢价(不作为可成交退出价),49,0,0
242,★ Broken Fang Gloves | Jade (Field-Tested),424.5,500.0,135,37,0.2741,1.1779,steamdt-live,428.98,119,432.67,99,"溢价求购:买一高于卖一,多为定向收特定图案,买一价不可作退出价",17,0,7,5,2,8,10,0,-0.005847953216374324,-0.0011764705882353343,0.03510895883777243,-0.007017543859649145,0.007017543859649145,0.02784503631961255,0.49,9,回撤不明显,买一异常溢价(不作为可成交退出价),49,0,0
243,★ Moto Gloves | Transport (Minimal Wear),336.0,503.0,124,26,0.2097,1.497,steamdt-live,350.0,112,350.0,72,"溢价求购:买一高于卖一,多为定向收特定图案,买一价不可作退出价",17,0,7,5,0,10,10,0,-0.025335320417287588,0.039755351681957096,0.016666666666666607,0.013412816691505292,0.0,0.039755351681957096,0.23,9,回撤不明显,买一异常溢价(不作为可成交退出价),49,0,0
244,M4A4 | Red DDPAT (Factory New),731.99,720.0,178,33,0.1854,0.9836,steamdt-live,776.08,30,760.95,72,,14,12,7,2,10,0,4,0,-0.023778920308483276,-0.03622119815668201,0.023684210526315752,-0.05913881748071981,0.08386733416770964,0.0,0.27,13,可能加速下跌,,49,0,0
245,M4A1-S | Nightmare (Factory New),1810.0,1760.0,392,68,0.1735,0.9724,steamdt-live,1865.49,73,1837.63,73,,14,12,9,2,6,0,6,0,0.03341917808219175,-0.04029183611790099,0.0046793283787502915,-0.008219178082191747,0.04182106934886187,0.04990835054177589,0.49,15,可能加速下跌,,49,0,0
246,USP-S | The Traitor (Factory New),659.98,639.0,296,51,0.1723,0.9682,steamdt-live,685.0,73,689.5,128,,14,12,9,2,6,0,6,0,-0.002380037252757039,-0.022034526191005432,0.039125024961981,-0.02436212045058095,0.04072674418604649,0.01458900213685066,0.48,6,可能加速下跌,,49,0,0
247,AK-47 | Hydroponic (Factory New),25397.77,24900.0,227,33,0.1454,0.9804,steamdt-live,25555.0,123,25996.0,72,,11,12,7,2,4,0,10,3,-0.00258286698235044,-0.0035010005100639674,0.010000000000000009,-0.00607482487379174,0.021280539499036633,0.0038644268774703505,0.49,5,可能加速下跌,,49,0,0
248,USP-S | Caiman (Factory New),475.0,458.0,237,33,0.1392,0.9642,steamdt-live,479.95,45,474.72,94,,11,12,7,2,2,0,10,5,-0.0032426778242677923,-0.0036310210935039944,0.03239740820734349,-0.0068619246861924,0.010999999999999899,0.03585066224443034,0.41,8,可能加速下跌,,49,0,0
249,Desert Eagle | Emerald Jörmungandr (Factory New),2908.5,2800.0,323,36,0.1115,0.9627,steamdt-live,3044.0,102,2989.87,117,,11,12,9,2,2,0,10,3,0.00020587427943996595,-0.002229845626072091,0.005312176612625175,-0.0020244304144936276,0.008724992331549664,0.003276992066229667,0.49,5,回撤不明显,,49,0,0
250,M4A1-S | Atomic Alloy (Factory New),1019.4,990.0,477,53,0.1111,0.9712,steamdt-live,1031.57,96,1038.0,101,,11,12,9,2,4,0,6,5,0.030000000000000027,-0.010291262135922352,0.004389180719745367,0.019400000000000084,0.018524223985211585,0.02400803616273217,0.48,7,可能加速下跌,,49,0,0
251,M4A4 | Griffin (Factory New),554.26,541.0,483,46,0.0952,0.9761,steamdt-live,570.89,44,554.0,136,,7,12,9,2,8,0,6,5,0.009981818181818092,-0.0026823165133486038,0.02949985025456714,0.0072727272727273196,0.05533293545911855,0.03698712189278219,0.38,15,可能加速下跌,,49,0,0
252,AWP | Black Nile (Factory New),102.15,100.0,1062,52,0.049,0.979,steamdt-live,105.87,249,103.33,375,,3,12,15,2,10,3,4,0,-0.032903883585132965,-0.020989074180563505,0.008317757009345783,-0.05320233571229949,0.10394736842105257,0.021500000000000075,0.45,12,可能加速下跌,,49,0,0
253,AK-47 | Point Disarray (Factory New),424.5,411.0,1066,52,0.0488,0.9682,steamdt-live,438.8,332,438.0,271,,3,12,15,2,6,3,8,0,-0.011547344110854452,-0.008177570093457986,0.006976744186046435,-0.019630484988452657,0.03258887876025529,0.0,0.48,10,可能加速下跌,,49,0,0
254,AK-47 | Legion of Anubis (Factory New),345.45,343.0,757,35,0.0462,0.9929,steamdt-live,342.5,330,353.99,260,,3,15,12,2,2,0,10,5,-0.001457725947521915,0.0,0.010309278350515427,-0.001457725947521915,0.005805515239477477,0.010384093456841104,0.47,5,回撤不明显,,49,0,0
255,AWP | Phobos (Factory New),38.99,38.2,1384,44,0.0318,0.9797,steamdt-live,36.8,381,40.0,518,,3,12,15,2,10,0,4,3,-0.02588590098014576,-0.05185758513931882,-0.017530864197530915,-0.07640110580547876,0.11231884057971009,0.0,0.32,15,可能加速下跌,,49,0,0
256,★ Moto Gloves | Spearmint (Field-Tested),11614.14,14130.0,395,102,0.2582,1.2166,steamdt-live,11800.0,189,11812.25,100,"溢价求购:买一高于卖一,多为定向收特定图案,买一价不可作退出价",17,0,9,5,6,0,8,3,-0.007790756302520907,-0.016358537818585095,-0.007257862684574956,-0.024021848739495866,0.031186186186186182,0.0,0.48,19,可能加速下跌,买一异常溢价(不作为可成交退出价),48,0,0
257,★ Driver Gloves | Lunar Weave (Minimal Wear),4748.0,4450.0,156,37,0.2372,0.9372,steamdt-live,4985.0,22,4769.5,58,,17,9,7,5,6,0,4,0,-0.0026033531188169867,-0.010231781165170206,0.0005209418628882023,-0.012808497344579783,0.047427652733119,0.04890462491701708,0.49,7,可能加速下跌,,48,0,0
258,Tec-9 | Toxic (Factory New),173.49,163.0,256,38,0.1484,0.9395,steamdt-live,175.0,83,172.99,114,,11,9,9,2,2,0,10,5,0.0,-0.005747456750387903,0.026489675516224276,-0.005747456750387903,0.01148571428571421,0.02970238095238109,0.49,5,可能加速下跌,,48,0,0
259,Desert Eagle | Golden Koi (Factory New),1420.0,1380.0,497,59,0.1187,0.9718,steamdt-live,1461.07,161,1435.11,138,,11,12,9,2,6,0,8,0,-0.005526770293609706,-0.013546370267453978,0.01936619718309851,-0.01899827288428324,0.030716723549488067,0.0,0.49,11,可能加速下跌,,48,0,0
260,Glock-18 | Twilight Galaxy (Factory New),3200.0,3070.0,297,30,0.101,0.9594,steamdt-live,3362.33,70,3250.0,112,,11,9,9,2,6,3,8,0,-0.018333333333333313,-0.012193239697484204,0.01538461538461533,-0.030303030303030276,0.030303030303030276,0.0,0.49,4,可能加速下跌,,48,0,0
261,AK-47 | Cartel (Factory New),334.0,326.0,904,60,0.0664,0.976,steamdt-live,334.0,277,339.99,247,,7,12,15,2,6,0,6,0,0.002949852507374562,-0.017676470588235293,0.013452914798206317,-0.014778761061946866,0.03707654605737354,0.012090909090909152,0.49,6,可能加速下跌,,48,0,0
262,USP-S | Lead Conduit (Factory New),87.3,84.0,541,34,0.0628,0.9622,steamdt-live,86.77,100,90.73,104,,7,12,12,2,2,0,8,5,-0.0011494252873562871,-0.005063291139240644,0.00694444444444442,-0.006206896551724239,0.006206896551724239,0.011228070175438587,0.49,3,回撤不明显,,48,0,0
263,M4A1-S | Blood Tiger (Factory New),118.0,113.0,810,41,0.0506,0.9576,steamdt-live,117.94,228,118.68,212,,3,9,12,2,2,10,10,0,-0.008189109328830768,0.003915560095335335,0.016738197424892798,-0.004305614183199746,0.008657644784399454,0.016724137931034555,0.39,3,回撤不明显,,48,0,0
264,★ Sport Gloves | Creme Pinstripe (Field-Tested),542.0,755.0,110,34,0.3091,1.393,steamdt-live,537.0,110,539.42,58,"溢价求购:买一高于卖一,多为定向收特定图案,买一价不可作退出价",20,0,7,5,4,0,8,3,0.0009182736455464191,-0.014678899082568808,-0.0018331805682859637,-0.01377410468319562,0.017383348581884728,0.0,0.38,11,可能加速下跌,买一异常溢价(不作为可成交退出价),47,0,0
265,Glock-18 | Ifrit Lattice (Factory New),71.7,67.0,63,17,0.2698,0.9344,steamdt-live,70.9,63,70.1,93,,17,9,4,2,0,0,10,5,0.0028571428571428914,-0.0014245014245015675,0.007194244604316502,0.0014285714285713347,0.002419240074000295,0.01594202898550723,0.49,3,回撤不明显,,47,0,0
266,FAMAS | Roll Cage (Factory New),894.5,847.0,95,23,0.2421,0.9469,steamdt-live,917.0,44,913.2,65,,17,9,4,2,0,0,10,5,0.0022371364653244186,-0.0016741071428570953,-0.0044543429844098315,0.0005592841163311046,0.0038975501113586164,0.0050561797752808335,0.48,5,回撤不明显,,47,0,0
267,Desert Eagle | Ocean Drive (Factory New),1638.88,1620.0,234,37,0.1581,0.9885,steamdt-live,1700.0,45,1666.15,76,,14,12,7,2,6,0,6,0,-0.013452702382644177,-0.01637297738512511,0.00023097560542262308,-0.029605418975889308,0.03595294117647052,0.0,0.38,3,可能加速下跌,,47,0,0
268,M4A4 | Global Offensive (Factory New),316.5,312.0,337,45,0.1335,0.9858,steamdt-live,330.0,83,324.98,142,,11,12,9,2,6,0,4,3,-0.003060606060605986,-0.03644487674397401,0.036171816126601364,-0.039393939393939426,0.049988012467034326,0.022580645161290214,0.49,7,可能加速下跌,,47,0,0
269,★ Moto Gloves | Polygon (Field-Tested),693.99,869.0,307,34,0.1107,1.2522,steamdt-live,690.0,262,686.01,213,"溢价求购:买一高于卖一,多为定向收特定图案,买一价不可作退出价",11,0,9,5,2,10,10,0,0.020014825796886626,-0.0031976744186047457,-0.010997067448680342,0.01675315048183834,0.008228607788977493,0.01750741839762604,0.49,12,回撤不明显,买一异常溢价(不作为可成交退出价),47,0,0
270,Glock-18 | Mirror Mosaic (Factory New),148.88,145.0,362,33,0.0912,0.9739,steamdt-live,159.9,212,156.0,158,,7,12,9,2,4,0,8,5,0.019335911454860577,-0.02616431187859758,0.007253190060443115,-0.007334311241498859,0.026864500947774483,0.026758620689655066,0.49,9,可能加速下跌,,47,0,0
271,M4A4 | 龍王 (Dragon King) (Factory New),374.0,368.0,780,63,0.0808,0.984,steamdt-live,395.0,188,387.13,177,,7,12,12,2,8,0,6,0,-0.008787800465236417,-0.024771838331160367,0.018425901553040358,-0.033341948823985446,0.050761421319796995,0.0,0.18,12,可能加速下跌,,47,0,0
272,P250 | Wingshot (Factory New),39.27,38.8,250,16,0.064,0.988,steamdt-live,48.57,130,41.31,132,,7,12,9,2,6,3,8,0,-0.012006003001500676,-0.008354430379746813,-0.012839506172839577,-0.020260130065032356,0.03283950617283948,0.0,0.49,9,可能加速下跌,,47,0,0
273,Tec-9 | Phoenix Chalk (Factory New),75.0,71.0,411,26,0.0633,0.9467,steamdt-live,82.92,107,76.33,115,,7,9,9,2,6,3,8,3,-0.014441842310694786,-0.00990099009900991,0.024799999999999933,-0.024199843871975046,0.030632027917797622,0.001335113484646211,0.22,11,可能加速下跌,,47,0,0
274,M4A1-S | Decimator (Factory New),289.4,287.0,1120,65,0.058,0.9917,steamdt-live,292.85,320,293.59,340,,3,15,15,2,4,0,8,0,-0.0033967391304348116,-0.013633265167007469,0.005121201775349915,-0.016983695652173947,0.02872868841455234,0.0,0.37,9,可能加速下跌,,47,0,0
275,★ Driver Gloves | King Snake (Minimal Wear),2960.0,8130.0,849,36,0.0424,2.7466,steamdt-live,3020.0,847,3073.71,155,"溢价求购:买一高于卖一,多为定向收特定图案,买一价不可作退出价",3,0,12,5,2,10,10,5,-0.01106268856855519,0.003389830508474523,-0.0006700167504187782,-0.007710358699296038,0.009039169735520547,0.010238907849829282,0.49,2,回撤不明显,买一异常溢价(不作为可成交退出价),47,0,0
276,Glock-18 | Ironwork (Factory New),214.0,204.0,869,32,0.0368,0.9533,steamdt-live,217.0,85,216.2,148,,3,9,12,2,8,2,8,3,-0.018099547511312264,-0.01382488479262678,0.02314814814814814,-0.03167420814479638,0.05934065934065935,0.0,0.45,11,可能加速下跌,,47,0,0
277,FAMAS | Survivor Z (Factory New),29.4,28.5,1182,35,0.0296,0.9694,steamdt-live,31.9,215,31.87,294,,3,12,15,2,10,1,4,0,-0.06456501970294037,-0.04763447828904732,0.03807426054122098,-0.10912397696271603,0.11262077294685979,0.0,0.49,12,可能加速下跌,,47,0,0
278,AK-47 | Ice Coaled (Factory New),89.6,87.0,1708,38,0.0222,0.971,steamdt-live,89.6,1231,90.97,726,,3,12,15,2,2,0,8,5,-0.0034371881583323827,-0.0031152647975077885,0.0021111111111111747,-0.006541745204568183,0.012127894156560237,0.01014656144306647,0.48,8,可能加速下跌,,47,0,0
279,AK-47 | Slate (Factory New),91.5,90.0,1985,26,0.0131,0.9836,steamdt-live,91.5,1371,94.2,709,,3,12,15,2,0,0,10,5,0.0,0.005494505494505475,0.014719000892060574,0.005494505494505475,0.0,0.030405405405405483,0.49,10,回撤不明显,,47,0,0
280,★ Broken Fang Gloves | Jade (Minimal Wear),734.91,860.0,70,23,0.3286,1.1702,steamdt-live,734.5,37,779.12,71,"溢价求购:买一高于卖一,多为定向收特定图案,买一价不可作退出价",20,0,4,5,2,0,10,5,-0.0013586956521739468,-0.0006802721088435826,-0.0047329276538201626,-0.0020380434782608647,0.006761325219743042,0.0,0.43,3,回撤不明显,买一异常溢价(不作为可成交退出价),46,0,0
281,USP-S | Ancient Visions (Factory New),302.98,277.0,63,13,0.2063,0.9143,steamdt-live,312.0,28,304.97,70,,17,6,4,2,2,0,10,5,-0.0011847561376950866,-0.0017133443163096507,-0.005368248772504081,-0.0028960705588099156,0.006622950819672124,0.0,0.36,2,回撤不明显,,46,0,0
282,USP-S | Orange Anolis (Factory New),421.5,415.0,254,36,0.1417,0.9846,steamdt-live,507.98,69,434.52,115,,11,12,9,2,4,0,8,0,0.005601851851851913,-0.02974080383039457,0.011946591707659993,-0.02430555555555558,0.029964098315382492,0.0,0.49,7,可能加速下跌,,46,0,0
283,FAMAS | Styx (Factory New),654.0,647.0,371,47,0.1267,0.9893,steamdt-live,677.55,75,676.66,70,,11,12,9,2,4,0,8,0,0.024166057949841724,-0.02823179791976227,0.08975124378109456,-0.0047479912344777775,0.02823179791976227,0.08547717842323643,0.48,15,可能加速下跌,,46,0,0
284,M4A4 | Dark Blossom (Factory New),348.99,330.0,243,29,0.1193,0.9456,steamdt-live,350.0,85,348.59,121,,11,9,7,2,4,0,8,5,0.0,-0.004028571428571492,0.08898568761667702,-0.004028571428571492,0.02894311660816773,0.08459863098942133,0.49,5,可能加速下跌,,46,0,0
285,★ Moto Gloves | Transport (Field-Tested),215.0,231.0,267,23,0.0861,1.0744,steamdt-live,216.5,195,213.7,258,"溢价求购:买一高于卖一,多为定向收特定图案,买一价不可作退出价",7,0,9,5,0,10,10,5,0.0085072002281259,0.004712535344015167,-0.014473067915690918,0.013259826053894752,0.00466853408029877,0.03495145631067964,0.19,13,回撤不明显,买一异常溢价(不作为可成交退出价),46,0,0
286,USP-S | Sleeping Potion (Factory New),47.98,47.0,253,20,0.0791,0.9796,steamdt-live,48.5,172,48.92,93,,7,12,9,2,6,0,10,0,-0.004098360655737654,-0.012757201646090621,0.010351966873705987,-0.016803278688524603,0.030707070707070794,0.0006256517205420753,0.47,14,可能加速下跌,,46,0,0
287,M4A1-S | Blue Phosphor (Factory New),3540.0,3530.0,520,33,0.0635,0.9972,steamdt-live,3575.0,316,3603.72,149,,7,15,12,2,2,0,8,0,-2.810567734679026e-05,-0.005031057646364467,-0.001263157894736855,-0.005059021922428353,0.006455234353073269,0.0,0.48,3,回撤不明显,,46,0,0
288,MP9 | Music Box (Factory New),48.47,43.4,269,17,0.0632,0.8954,steamdt-live,44.79,98,45.0,102,,7,6,9,2,6,3,8,5,-0.0070021881838074895,-0.013001322168356144,-0.027245636441038612,-0.01991247264770246,0.04661558109833963,0.0,0.49,9,可能加速下跌,,46,0,0
289,AWP | Atheris (Factory New),195.0,190.0,780,45,0.0577,0.9744,steamdt-live,199.37,289,198.84,250,,3,12,12,2,8,3,6,0,-0.04349906685170124,-0.026916149689813818,0.05073411102172165,-0.06924438914676745,0.07372130679112288,0.0,0.39,6,可能加速下跌,,46,0,0
290,M4A1-S | Cyrex (Factory New),1245.0,1230.0,539,29,0.0538,0.988,steamdt-live,1266.99,238,1267.9,134,,3,12,12,2,2,0,10,5,0.0013610888710968716,-0.004557447829215633,0.009292929292929353,-0.0032025620496397567,0.007564827140909891,0.03750000000000009,0.48,3,回撤不明显,,46,0,0
291,AK-47 | The Outsiders (Factory New),377.0,356.0,976,43,0.0441,0.9443,steamdt-live,397.31,174,399.99,301,,3,9,15,2,6,0,6,5,-0.005174644243208237,-0.01950585175552666,-0.0038659793814432852,-0.02457956015523932,0.040712468193384255,0.0,0.49,7,可能加速下跌,,46,0,0
292,MP9 | Arctic Tri-Tone (Factory New),34.39,32.5,2181,39,0.0179,0.945,steamdt-live,34.05,828,33.2,1424,,3,9,15,2,2,0,10,5,0.0027355623100304705,0.006365565322825173,0.016373185047883876,0.00911854103343468,0.005690326445043303,0.053968253968254,0.49,4,回撤不明显,,46,0,0
293,★ Bloodhound Gloves | Guerrilla (Field-Tested),1179.0,1160.0,222,47,0.2117,0.9839,steamdt-live,1347.0,25,1220.5,75,,17,12,7,5,4,0,0,0,0.0,0.016108520559559025,-0.018718801996672196,0.016108520559559025,0.025609756097561,0.01653944020356235,0.49,1,价格更新稀疏,,45,0,0
294,AWP | Containment Breach (Factory New),2678.0,2650.0,159,28,0.1761,0.9895,steamdt-live,2695.9,58,2698.96,92,,14,12,7,2,2,0,8,0,-0.00018539117538007854,-0.006897830521045756,0.0007421150278292821,-0.007081942899517912,0.007081942899517912,0.0,0.28,2,回撤不明显,,45,0,0
295,MP9 | Deadly Poison (Factory New),58.6,57.0,194,26,0.134,0.9727,steamdt-live,54.49,73,57.45,37,,11,12,7,2,2,0,6,5,0.03950103950103956,-0.00927272727272721,0.13833907056798633,0.029862029862030015,0.00927272727272721,0.3174564796905224,0.49,3,反弹较远,,45,0,0
296,★ Hand Wraps | Slaughter (Minimal Wear),3530.0,3430.0,176,23,0.1307,0.9717,steamdt-live,3850.0,30,3715.3,70,,11,12,7,5,4,0,6,0,-0.00208507089241039,-0.01657612480846915,-0.0008333333333333526,-0.01862663330553238,0.019444444444444486,0.0,0.49,2,可能加速下跌,,45,0,0
297,USP-S | Printstream (Factory New),636.29,633.0,492,48,0.0976,0.9948,steamdt-live,639.0,386,663.33,155,,7,15,9,2,2,0,10,0,-0.003910875662200053,-0.004692705970686273,0.00516836335160531,-0.008585229043315712,0.008585229043315712,0.009984126984126984,0.49,13,回撤不明显,,45,0,0
298,M4A1-S | Vaporwave (Factory New),982.5,972.0,524,51,0.0973,0.9893,steamdt-live,980.0,227,989.5,152,,7,12,12,2,4,0,8,0,0.0014103219213081886,-0.015185532922398659,0.009803921568627416,-0.0137966274910577,0.019308943089430874,0.0,0.49,10,可能加速下跌,,45,0,0
299,Glock-18 | Ramese's Reach (Factory New),422.5,408.0,533,47,0.0882,0.9657,steamdt-live,439.79,106,432.0,202,,7,12,12,2,6,0,6,0,-0.01379310344827589,-0.015151515151515138,0.01540616246498594,-0.028735632183908066,0.039488939914065546,0.0,0.42,9,可能加速下跌,,45,0,0
300,USP-S | Monster Mashup (Factory New),509.5,503.0,579,51,0.0881,0.9872,steamdt-live,523.0,138,516.0,178,,7,12,12,2,6,0,6,0,-5.769230769225864e-05,-0.020135777064061444,0.019607843137254832,-0.02019230769230773,0.04761014636334748,0.0009823182711199419,0.49,11,可能加速下跌,,45,0,0
301,Glock-18 | Steel Disruption (Factory New),240.0,237.0,381,28,0.0735,0.9875,steamdt-live,253.2,70,247.5,105,,7,12,9,2,10,1,4,0,-0.04230769230769227,-0.03614457831325302,0.02819630640249926,-0.07692307692307687,0.10979228486646897,0.0062893081761006275,0.37,9,可能加速下跌,,45,0,0
302,P250 | Steel Disruption (Factory New),34.28,34.1,273,19,0.0696,0.9947,steamdt-live,40.72,121,34.49,109,,7,15,9,2,2,0,10,0,0.0,0.007346459006758677,0.018862275449101906,0.007346459006758677,0.006088721368512684,0.0294294294294295,0.31,7,回撤不明显,,45,0,0
303,USP-S | Orion (Factory New),637.88,619.0,509,32,0.0629,0.9704,steamdt-live,640.0,184,638.88,238,,7,12,12,2,4,0,8,0,-0.0014101968076862814,-0.010878505253030024,0.024285714285714244,-0.012273361227336022,0.01562934362934365,0.011714285714285788,0.49,13,可能加速下跌,,45,0,0
304,Glock-18 | Dragon Tattoo (Factory New),539.5,519.0,356,22,0.0618,0.962,steamdt-live,549.5,240,553.59,240,,7,12,9,2,2,0,8,5,-0.005648994515539352,-0.008107959037340629,0.005514705882353033,-0.013711151736745864,0.01457587491780521,0.0009276437847867136,0.48,8,可能加速下跌,,45,0,0
305,M4A4 | In Living Color (Factory New),585.0,570.0,845,52,0.0615,0.9744,steamdt-live,591.5,158,601.28,214,,7,12,12,2,6,0,6,0,0.005046257359125228,-0.02092050209205021,0.015371477369769515,-0.015979814970563444,0.039408866995073843,0.0,0.48,7,可能加速下跌,,45,0,0
306,Desert Eagle | Starcade (Factory New),1237.97,1180.0,618,36,0.0583,0.9532,steamdt-live,1249.0,143,1239.5,170,,3,9,12,2,6,0,8,5,-0.0031742748492418205,-0.012386371798657647,0.014921275736778483,-0.01552132889942559,0.04072093023255807,0.015151763740771207,0.26,13,可能加速下跌,,45,0,0
307,MP9 | Latte Rush (Factory New),338.3,317.0,556,26,0.0468,0.937,steamdt-live,361.8,178,345.78,258,,3,9,12,2,4,2,8,5,-0.009872241579558572,-0.007917888563049869,-0.010060362173038184,-0.017711962833913963,0.027594136246047674,0.0,0.37,9,可能加速下跌,,45,0,0
308,M4A4 | Temukau (Factory New),636.9,633.0,777,36,0.0463,0.9939,steamdt-live,638.0,644,659.4,300,,3,15,12,2,0,0,10,3,0.0031496062992126816,-0.0001569858712716643,-0.0070367474589523304,0.0029921259842520254,0.004065676309616961,0.010952380952380825,0.49,12,回撤不明显,,45,0,0
309,Five-SeveN | Heat Treated (Factory New),111.15,106.0,738,34,0.0461,0.9537,steamdt-live,113.27,362,113.26,218,,3,9,12,2,4,2,8,5,-0.012323943661971759,-0.009358288770053402,0.005309734513274211,-0.021566901408450634,0.021566901408450634,0.010362694300518172,0.42,7,可能加速下跌,,45,0,0
310,AK-47 | Bloodsport (Factory New),1012.0,1010.0,1585,65,0.041,0.998,steamdt-live,1020.99,1092,1015.0,349,,3,15,15,2,0,0,10,0,-0.0009443809334460651,0.006965174129353269,0.006453226613306606,0.006014215418261193,0.000987166831194486,0.012506253126563172,0.49,9,回撤不明显,,45,0,0
311,★ Sport Gloves | Frosty (Minimal Wear),2441.0,3120.0,45,21,0.4667,1.2782,steamdt-live,2520.0,48,2493.94,25,"溢价求购:买一高于卖一,多为定向收特定图案,买一价不可作退出价",20,0,4,5,0,0,10,5,0.0,0.0012305168170632097,0.024584996848077356,0.0012305168170632097,0.00040950040950038513,0.03872340425531906,0.24,2,回撤不明显,买一异常溢价(不作为可成交退出价),44,0,0
312,★ Sport Gloves | Violet Beadwork (Field-Tested),1349.99,2620.0,166,44,0.2651,1.9408,steamdt-live,1298.0,158,1455.7,88,"溢价求购:买一高于卖一,多为定向收特定图案,买一价不可作退出价",17,0,7,5,0,0,10,5,0.0,-0.0007698229407235857,0.0007704160246533309,-0.0007698229407235857,0.0007698229407235857,0.022047244094488105,0.49,2,回撤不明显,买一异常溢价(不作为可成交退出价),44,0,0
313,★ Sport Gloves | Ultra Violent (Minimal Wear),11388.0,12410.0,280,63,0.225,1.0897,steamdt-live,11499.0,293,11654.0,76,"溢价求购:买一高于卖一,多为定向收特定图案,买一价不可作退出价",17,0,9,5,0,0,8,5,0.0,-0.003500175008750439,0.0,-0.003500175008750439,0.003500175008750439,0.01779624055312068,0.49,2,回撤不明显,买一异常溢价(不作为可成交退出价),44,0,0
314,★ Moto Gloves | Finish Line (Minimal Wear),971.99,1420.0,185,41,0.2216,1.4609,steamdt-live,996.97,159,999.48,75,"溢价求购:买一高于卖一,多为定向收特定图案,买一价不可作退出价",17,0,7,5,0,0,10,5,-0.0010351966873706209,0.00724352331606215,-0.003095975232198178,0.0062008281573500135,0.0,0.023147368421052583,0.49,5,回撤不明显,买一异常溢价(不作为可成交退出价),44,0,0
315,Desert Eagle | Crimson Web (Factory New),900.0,870.0,91,18,0.1978,0.9667,steamdt-live,923.13,54,914.04,56,,14,12,4,2,6,0,6,0,-0.007648286396592208,-0.024400819503311633,-0.004145732680585712,-0.03186248144403092,0.03483184625943725,0.0,0.36,7,可能加速下跌,,44,0,0
316,★ Hydra Gloves | Mangrove (Field-Tested),176.39,176.0,122,18,0.1475,0.9978,steamdt-live,176.99,125,179.7,363,,11,15,7,5,0,0,6,0,0.013678160919540217,5.6695770495496234e-05,0.011627906976744207,0.013735632183907942,0.0028266154107071673,0.03758823529411748,0.41,10,回撤不明显,,44,0,0
317,★ Driver Gloves | Crimson Weave (Minimal Wear),7999.9,7580.0,160,23,0.1437,0.9475,steamdt-live,8499.0,21,8449.29,33,,11,9,7,5,8,0,4,0,0.005914634146341413,-0.030138813117536523,0.00012196609342596254,-0.02440243902439032,0.058724555830097724,0.0,0.36,8,可能加速下跌,,44,0,0
318,MP9 | Hydra (Factory New),272.4,260.0,120,16,0.1333,0.9545,steamdt-live,274.69,69,276.36,83,,11,9,7,2,2,0,8,5,-0.0007275372862858287,-0.00837277029486716,-0.0003636363636364548,-0.00909421607857408,0.009454545454545493,0.01263940520446094,0.49,3,回撤不明显,,44,0,0
319,USP-S | Pathfinder (Factory New),212.47,205.0,143,19,0.1329,0.9648,steamdt-live,213.46,79,217.29,96,,11,12,7,2,6,0,6,0,-0.003656140030163235,-0.025411678363377765,-0.0019157961957760872,-0.028974909739043042,0.03074677250125457,4.706768332862765e-05,0.23,9,可能加速下跌,,44,0,0
320,USP-S | Kill Confirmed (Factory New),1578.49,1540.0,267,35,0.1311,0.9756,steamdt-live,1602.67,109,1586.88,80,,11,12,9,2,0,0,10,0,0.022580645161290214,-0.004429022082018896,0.008845295201150627,0.018051612903225767,0.004429022082018896,0.028475711892797406,0.49,6,回撤不明显,,44,0,0
321,MP9 | Hot Rod (Factory New),1308.0,1280.0,251,26,0.1036,0.9786,steamdt-live,1331.5,126,1336.1,132,,11,12,9,2,4,0,6,0,-0.006203007518796988,-0.010402874976357057,0.05505314929398697,-0.016541353383458635,0.022574932185531416,0.037601142313184344,0.49,13,可能加速下跌,,44,0,0
322,★ Sport Gloves | Omega (Minimal Wear),2845.0,4810.0,445,44,0.0989,1.6907,steamdt-live,2890.0,385,2883.84,93,"溢价求购:买一高于卖一,多为定向收特定图案,买一价不可作退出价",7,0,9,5,0,10,10,3,0.00849602313810549,0.019896038716615827,-0.008602150537634357,0.028561099060014472,0.0017543859649122862,0.030797101449275388,0.49,6,回撤不明显,买一异常溢价(不作为可成交退出价),44,0,0
323,USP-S | Black Lotus (Factory New),175.47,168.0,619,42,0.0679,0.9574,steamdt-live,169.99,129,173.81,180,,7,9,12,2,8,0,6,0,-0.027793218454697066,-0.02813036020583204,0.028000000000000025,-0.05514174541411909,0.060364842454394774,0.0,0.27,6,可能加速下跌,,44,0,0
324,★ Specialist Gloves | Crimson Kimono (Minimal Wear),17392.0,18230.0,351,21,0.0598,1.0482,steamdt-live,17200.0,344,17452.5,61,,3,15,9,5,2,0,10,0,0.0,0.005847953216374213,2.9240621070680817e-05,0.005847953216374213,0.005780346820809301,0.005877364835229049,0.48,5,回撤不明显,,44,0,0
325,Galil AR | Rocket Pop (Factory New),55.9,54.0,590,32,0.0542,0.966,steamdt-live,58.98,266,56.74,266,,3,12,12,2,2,0,8,5,-0.003547357218872005,-0.0049839800640797405,-0.0019472473004071844,-0.008513657325292745,0.010444326429456585,0.00017892288423682068,0.36,5,可能加速下跌,,44,0,0
326,M4A1-S | Icarus Fell (Factory New),2938.5,2890.0,598,28,0.0468,0.9835,steamdt-live,2998.9,394,2970.0,187,,3,12,12,2,0,0,10,5,-1.7012589316189874e-05,-0.0001531159087428957,0.003242874210616087,-0.00017012589316089954,0.0005102040816326037,0.00806174957118344,0.48,3,回撤不明显,,44,0,0
327,AWP | Mortis (Factory New),74.8,73.0,1056,40,0.0379,0.9759,steamdt-live,77.0,323,77.9,411,,3,12,15,2,8,0,4,0,-0.0012858428700012192,-0.03695120381099526,-0.027875000000000094,-0.038189533239038176,0.06500000000000006,0.0,0.49,6,可能加速下跌,,44,0,0
328,M4A4 | Sheet Lightning (Factory New),28.53,25.9,1140,37,0.0325,0.9078,steamdt-live,27.93,556,29.18,615,,3,6,15,2,6,2,10,0,0.004938271604938205,-0.019656019656019597,-0.019031141868511958,-0.014814814814814836,0.03356401384083041,0.03867608776496834,0.49,11,可能加速下跌,,44,0,0
329,Galil AR | Blue Titanium (Factory New),121.9,118.0,1008,29,0.0288,0.968,steamdt-live,127.52,116,126.96,225,,3,12,15,2,8,0,4,0,-0.019306510155224443,-0.04008189621230007,0.013382375958679082,-0.05861456483126115,0.07258064516129026,0.0,0.38,11,可能加速下跌,,44,0,0
330,M4A1-S | Black Lotus (Factory New),73.9,72.0,1507,29,0.0192,0.9743,steamdt-live,75.0,1054,75.96,604,,3,12,15,2,2,0,10,0,-0.002666666666666706,-0.012032085561497263,0.003076100040123153,-0.014666666666666606,0.014666666666666606,0.026388888888889017,0.49,17,可能加速下跌,,44,0,0
331,AK-47 | AUTOEXEC (Factory New),4694.5,4240.0,20,33,1.65,0.9032,steamdt-live,4688.0,16,4729.5,32,,20,6,2,2,0,0,8,5,0.0011001100110010764,0.030329670329670266,-0.001098901098901095,0.03146314631463154,0.001384598998828368,0.06557563359472662,0.48,5,回撤不明显,,43,0,0
332,Glock-18 | Fully Tuned (Factory New),1058.0,2200.0,73,41,0.5616,2.0794,steamdt-live,1095.5,54,1115.0,24,"溢价求购:买一高于卖一,多为定向收特定图案,买一价不可作退出价",20,0,4,2,4,0,8,5,-0.0037330844610359293,-0.00889929742388762,-0.012897282358360185,-0.012599160055996261,0.02488479262672816,0.0,0.24,3,可能加速下跌,买一异常溢价(不作为可成交退出价),43,0,0
333,M4A4 | Eye of Horus (Factory New),4181.21,5050.0,294,36,0.1224,1.2078,steamdt-live,4252.42,134,4210.01,97,"溢价求购:买一高于卖一,多为定向收特定图案,买一价不可作退出价",11,0,9,2,10,0,6,5,-0.006088372093023375,-0.021671478911138076,-0.017479721238432555,-0.02762790697674422,0.08206366630076845,0.0,0.49,16,可能加速下跌,买一异常溢价(不作为可成交退出价),43,0,0
334,FAMAS | Eye of Athena (Factory New),214.99,204.0,310,32,0.1032,0.9489,steamdt-live,248.88,88,205.0,100,,11,9,9,2,8,0,4,0,-0.0358744394618834,-0.034651162790697576,0.09960552268244571,-0.06928251121076223,0.07343749999999993,0.023422090729783074,0.49,7,可能加速下跌,,43,0,0
335,★ Driver Gloves | Black Tie (Minimal Wear),1876.4,3480.0,311,30,0.0965,1.8546,steamdt-live,1888.0,303,1921.0,69,"溢价求购:买一高于卖一,多为定向收特定图案,买一价不可作退出价",7,0,9,5,2,10,10,0,-0.005564682813079647,0.0,0.005274374001065674,-0.005564682813079647,0.005828123344283176,0.0,0.48,3,回撤不明显,买一异常溢价(不作为可成交退出价),43,0,0
336,★ Specialist Gloves | Mogul (Field-Tested),655.38,690.0,328,30,0.0915,1.0528,steamdt-live,658.98,256,650.66,205,"溢价求购:买一高于卖一,多为定向收特定图案,买一价不可作退出价",7,0,9,5,2,10,10,0,-0.020358181539874454,0.019359375000000068,0.005850654349499607,-0.001392928210622979,0.00912818955042527,0.019359375000000068,0.29,11,回撤不明显,买一异常溢价(不作为可成交退出价),43,0,0
337,AWP | Chrome Cannon (Factory New),440.0,426.0,377,32,0.0849,0.9682,steamdt-live,445.0,304,451.55,158,,7,12,9,2,2,1,10,0,-0.0065768799102132736,-0.005806990984477012,0.0022497187851517886,-0.012345679012345734,0.013452914798206317,0.0,0.49,7,可能加速下跌,,43,0,0
338,Glock-18 | Red Tire (Factory New),74.78,69.0,304,24,0.0789,0.9227,steamdt-live,74.0,71,72.91,103,,7,6,9,2,8,0,6,5,-0.013157894736842146,-0.027866666666666706,0.03176758077654096,-0.040657894736842115,0.061284923393845836,0.04157142857142859,0.28,5,可能加速下跌,,43,0,0
339,★ Hand Wraps | Overprint (Minimal Wear),880.0,1070.0,350,27,0.0771,1.2159,steamdt-live,888.0,290,912.06,101,"溢价求购:买一高于卖一,多为定向收特定图案,买一价不可作退出价",7,0,9,5,2,10,10,0,-0.011363636363636354,0.011494252873563315,-0.001701644923425949,0.0,0.008450704225352101,0.011494252873563315,0.32,9,回撤不明显,买一异常溢价(不作为可成交退出价),43,0,0
340,Glock-18 | Bunsen Burner (Factory New),30.35,28.9,523,30,0.0574,0.9522,steamdt-live,29.5,207,30.99,199,,3,9,12,2,4,0,8,5,0.0,-0.0134228187919464,0.007778153533987142,-0.0134228187919464,0.01672240802675584,0.01379310344827589,0.49,4,可能加速下跌,,43,0,0
341,USP-S | Bleeding Edge (Factory New),31.0,29.1,867,35,0.0404,0.9387,steamdt-live,30.56,528,31.75,403,,3,9,12,2,4,0,8,5,0.0032467532467532756,-0.011003236245954673,-0.002913564260278445,-0.007792207792207906,0.026441541892322507,0.01866666666666661,0.49,6,可能加速下跌,,43,0,0
342,USP-S | Desert Tactical (Factory New),19.88,18.8,759,23,0.0303,0.9457,steamdt-live,19.5,143,19.84,281,,3,9,12,2,4,0,8,5,0.031052631578947443,-0.004594180704441064,0.053215077605321515,0.026315789473684292,0.02451225612806396,0.08333333333333326,0.49,7,可能加速下跌,,43,0,0
343,Galil AR | Rainbow Spoon (Factory New),172.42,161.0,937,26,0.0277,0.9338,steamdt-live,170.0,395,173.96,633,,3,9,15,2,4,0,10,0,0.0029069767441860517,-0.01449275362318836,0.011824224954408935,-0.011627906976744207,0.017341040462427793,0.008902077151335286,0.49,10,可能加速下跌,,43,0,0
344,★ Sport Gloves | Blaze (Minimal Wear),1514.0,1820.0,29,24,0.8276,1.2021,steamdt-live,1540.0,31,1594.0,18,"溢价求购:买一高于卖一,多为定向收特定图案,买一价不可作退出价",20,0,2,5,0,0,10,5,-0.001982160555004997,0.0023171135385633423,0.04487400759406279,0.00033036009250086984,0.003291639236339683,0.048113534094842425,0.49,2,回撤不明显,买一异常溢价(不作为可成交退出价),42,0,0
345,★ Sport Gloves | Violet Beadwork (Minimal Wear),3729.0,5040.0,47,29,0.617,1.3516,steamdt-live,3789.5,65,3716.94,24,"溢价求购:买一高于卖一,多为定向收特定图案,买一价不可作退出价",20,0,4,5,2,0,6,5,-0.0013392259274139784,-0.0031004425372133104,-0.00400160064025612,-0.004435516271594997,0.008419367747098838,0.018339726027397196,0.49,5,回撤不明显,买一异常溢价(不作为可成交退出价),42,0,0
346,AK-47 | Asiimov (Factory New),2239.0,3000.0,252,68,0.2698,1.3399,steamdt-live,2313.0,81,2292.34,77,"溢价求购:买一高于卖一,多为定向收特定图案,买一价不可作退出价",17,0,9,2,6,0,8,0,-0.017266652295753526,-0.017745508785013797,0.0004313133491482546,-0.03470575555076527,0.04704750717161654,0.0,0.49,10,可能加速下跌,买一异常溢价(不作为可成交退出价),42,0,0
347,AK-47 | The Oligarch (Factory New),1719.5,1660.0,189,39,0.2063,0.9654,steamdt-live,1699.0,170,1727.56,93,,17,12,7,2,4,0,0,0,0.0,-0.012209302325581373,0.0117647058823529,-0.012209302325581373,0.021031403053874964,0.0,0.47,1,价格更新稀疏,,42,0,0
348,M4A4 | Bullet Rain (Factory New),1547.0,2000.0,298,54,0.1812,1.2928,steamdt-live,1641.99,64,1580.0,147,"溢价求购:买一高于卖一,多为定向收特定图案,买一价不可作退出价",14,0,9,2,2,0,10,5,0.0045307443365696365,-0.003221649484536071,0.023178807947019875,0.0012944983818770073,0.013392857142857095,0.024503311258278204,0.49,4,可能加速下跌,买一异常溢价(不作为可成交退出价),42,0,0
349,★ Bloodhound Gloves | Bronzed (Field-Tested),1478.5,1430.0,255,46,0.1804,0.9672,steamdt-live,1599.5,14,1483.21,68,,14,12,9,5,2,0,0,0,-0.00604635539133358,-0.0006759040216289813,0.014724930124752733,-0.006718172657037336,0.014004668222740935,0.007907832844774587,0.49,1,价格更新稀疏,,42,0,0
350,★ Specialist Gloves | Tiger Strike (Minimal Wear),2080.99,3530.0,315,45,0.1429,1.6963,steamdt-live,2139.5,249,2092.37,107,"溢价求购:买一高于卖一,多为定向收特定图案,买一价不可作退出价",11,0,9,5,2,0,10,5,-0.0016798656107511745,0.00047596153846152234,-0.0021551724137931494,-0.0012047036237101683,0.006687350835322348,0.00555206571635658,0.48,4,回撤不明显,买一异常溢价(不作为可成交退出价),42,0,0
351,★ Specialist Gloves | Field Agent (Minimal Wear),1810.0,3270.0,334,38,0.1138,1.8066,steamdt-live,1840.0,257,1887.5,63,"溢价求购:买一高于卖一,多为定向收特定图案,买一价不可作退出价",11,0,9,5,2,0,10,5,-0.0008816190740227325,0.00448968039469233,0.0038964653492903345,0.003604103132797354,0.00521574726983931,0.03428571428571425,0.48,4,回撤不明显,买一异常溢价(不作为可成交退出价),42,0,0
352,AK-47 | Panthera onca (Factory New),2300.0,2250.0,113,11,0.0973,0.9783,steamdt-live,2406.38,32,2364.0,59,,7,12,7,2,6,0,8,0,0.0021234042553190946,-0.023350417623853925,-0.004237288135593209,-0.021276595744680882,0.04166666666666663,0.0,0.49,5,可能加速下跌,,42,0,0
353,AWP | Elite Build (Factory New),463.8,450.0,388,35,0.0902,0.9702,steamdt-live,485.78,78,473.33,128,,7,12,9,2,6,0,6,0,0.012526096033402823,-0.0437113402061855,-0.007459593866556147,-0.03173277661795404,0.04526647316741805,0.0,0.41,13,可能加速下跌,,42,0,0
354,AK-47 | Baroque Purple (Factory New),413.3,396.0,295,24,0.0814,0.9581,steamdt-live,400.0,94,419.93,161,,7,9,9,2,6,0,6,3,0.0,-0.024390243902439046,0.04193138500635318,-0.024390243902439046,0.03614457831325302,0.02695763799743256,0.49,2,可能加速下跌,,42,0,0
355,Glock-18 | Snack Attack (Factory New),725.0,704.0,362,29,0.0801,0.971,steamdt-live,759.49,72,741.99,94,,7,12,9,2,6,0,6,0,-0.013360053440213737,-0.018280297901150933,0.011486486486486536,-0.03139612558450233,0.04289165533538397,0.0,0.45,9,可能加速下跌,,42,0,0
356,MP9 | Dart (Factory New),18.18,17.5,131,10,0.0763,0.9626,steamdt-live,18.57,92,18.13,162,,7,12,7,2,6,0,8,0,0.018488308863512826,-0.032034169781099964,0.00933040614709113,-0.014138118542686318,0.03512506652474723,0.0005518763796907855,0.49,11,可能加速下跌,,42,0,0
357,Five-SeveN | Anodized Gunmetal (Factory New),87.27,82.0,146,11,0.0753,0.9396,steamdt-live,94.5,64,90.39,94,,7,9,7,2,4,0,8,5,-0.002500284123195806,-0.005696707303178727,0.024211384006518344,-0.008182748039549992,0.023607070933094665,0.01583052031195442,0.49,6,可能加速下跌,,42,0,0
358,Five-SeveN | Buddy (Factory New),25.47,23.8,444,33,0.0743,0.9344,steamdt-live,23.19,149,24.16,164,,7,9,9,2,0,0,10,5,0.00521739130434784,0.003027681660899617,0.029543419874664245,0.008260869565217543,0.0,0.03619302949061676,0.47,4,回撤不明显,,42,0,0
359,P250 | See Ya Later (Factory New),699.0,688.0,282,20,0.0709,0.9843,steamdt-live,720.0,107,709.22,87,,7,12,9,2,4,0,8,0,-0.0049330514446793705,-0.009915014164305958,0.013571428571428568,-0.014799154334038,0.021076955395280428,0.0,0.49,6,可能加速下跌,,42,0,0
360,Galil AR | Sugar Rush (Factory New),924.5,904.0,320,21,0.0656,0.9778,steamdt-live,969.9,69,952.17,88,,7,12,9,2,6,0,6,0,-0.0032943743836162387,-0.02684210526315789,-0.0010375944577782903,-0.0300480517027929,0.031054468468657337,0.0,0.49,9,可能加速下跌,,42,0,0
361,FAMAS | Valence (Factory New),191.61,184.0,265,16,0.0604,0.9603,steamdt-live,195.0,84,194.28,127,,7,12,9,2,4,0,8,0,-0.00256423406328532,-0.01480795927811196,0.04283880628944292,-0.017334222267808563,0.017334222267808563,0.03021667831603847,0.45,8,可能加速下跌,,42,0,0
362,Five-SeveN | Berries And Cherries (Factory New),587.0,575.0,283,17,0.0601,0.9796,steamdt-live,600.0,135,596.18,132,,7,12,9,2,6,0,6,0,-0.008666666666666711,-0.013113651647612579,-0.014584154513204606,-0.021666666666666612,0.03593483116541851,0.001980062815785777,0.49,17,可能加速下跌,,42,0,0
363,Desert Eagle | Trigger Discipline (Factory New),41.58,40.7,728,43,0.0591,0.9788,steamdt-live,40.0,416,41.47,352,,3,12,12,2,6,0,2,5,-0.008333333333333415,-0.03961584633853543,0.10526315789473695,-0.04761904761904767,0.04761904761904767,0.0869565217391306,0.49,8,可能加速下跌,,42,0,0
364,M4A4 | Urban DDPAT (Factory New),146.0,140.0,551,32,0.0581,0.9589,steamdt-live,152.88,106,148.31,151,,3,9,12,2,6,0,10,0,0.051448275862069126,-0.04237176964449696,0.007924370916168488,0.006896551724137945,0.04299947561615103,0.018344144521168948,0.49,6,可能加速下跌,,42,0,0
365,Tec-9 | Ossified (Factory New),76.77,69.0,545,31,0.0569,0.8988,steamdt-live,79.65,66,72.97,166,,3,6,12,2,10,0,4,5,-0.0026923076923076605,-0.06196169173415611,0.0948905109489051,-0.06448717948717952,0.1980437410704473,0.024284110050533547,0.4,5,可能加速下跌,,42,0,0
366,FAMAS | Neural Net (Factory New),45.62,44.2,527,26,0.0493,0.9689,steamdt-live,45.87,123,45.78,268,,3,12,12,2,4,1,8,0,-0.008626266982963093,-0.007613661083315182,-0.0012922679302175277,-0.016174250593055883,0.01744561705793668,0.0,0.49,7,可能加速下跌,,42,0,0
367,AWP | Lightning Strike (Factory New),3007.0,2970.0,585,27,0.0462,0.9877,steamdt-live,3049.0,468,3032.49,158,,3,12,12,2,0,0,10,3,0.002666666666666595,-0.0004986702127659504,0.006711409395973256,0.00216666666666665,0.0036454018227009,0.009231285666331024,0.37,5,回撤不明显,,42,0,0
368,Glock-18 | Green Line (Factory New),42.0,40.6,1523,48,0.0315,0.9667,steamdt-live,43.4,261,41.81,514,,3,12,15,2,2,0,8,0,-0.002374732842555294,-0.00737919542965948,-0.0016595542911332917,-0.009736404654476338,0.014184397163120477,0.004819277108433884,0.49,7,可能加速下跌,,42,0,0
369,Tec-9 | Re-Entry (Factory New),45.0,43.9,900,27,0.03,0.9756,steamdt-live,42.99,212,45.0,231,,3,12,15,2,6,0,4,0,0.0022476961114856753,-0.03588248486207668,0.004288939051918739,-0.033715441672285906,0.03588248486207668,0.0,0.49,2,可能加速下跌,,42,0,0
370,★ Sport Gloves | Red Racer (Minimal Wear),1845.5,2350.0,53,28,0.5283,1.2734,steamdt-live,1886.0,60,1887.5,40,"溢价求购:买一高于卖一,多为定向收特定图案,买一价不可作退出价",20,0,4,5,6,0,6,0,-0.010031678986272441,-0.015733333333333377,0.0031779661016948513,-0.02560718057022171,0.033212845094033216,0.0,0.49,5,可能加速下跌,买一异常溢价(不作为可成交退出价),41,0,0
371,★ Driver Gloves | Brocade Crane (Field-Tested),1054.0,1710.0,73,32,0.4384,1.6224,steamdt-live,1047.88,90,1068.0,53,"溢价求购:买一高于卖一,多为定向收特定图案,买一价不可作退出价",20,0,4,5,2,0,10,0,0.0,-0.0015435921867554825,-0.0037968675842430244,-0.0015435921867554825,0.005806451612903163,0.048404202101050675,0.49,7,回撤不明显,买一异常溢价(不作为可成交退出价),41,0,0
372,★ Driver Gloves | Seigaiha (Field-Tested),499.5,620.0,59,22,0.3729,1.2412,steamdt-live,495.5,88,494.2,53,"溢价求购:买一高于卖一,多为定向收特定图案,买一价不可作退出价",20,0,4,5,8,0,4,0,0.0,-0.0505050505050505,0.0010111223458038054,-0.0505050505050505,0.05337361530715001,0.0,0.49,5,可能加速下跌,买一异常溢价(不作为可成交退出价),41,0,0
373,★ Sport Gloves | Superconductor (Minimal Wear),17397.5,30340.0,178,45,0.2528,1.7439,steamdt-live,17488.0,147,17600.16,44,"溢价求购:买一高于卖一,多为定向收特定图案,买一价不可作退出价",17,0,7,5,4,0,8,0,0.015403925148333997,-0.022502528373974595,0.0027746789095797197,-0.007445230488361432,0.022502528373974595,0.011482558139534804,0.49,4,可能加速下跌,买一异常溢价(不作为可成交退出价),41,0,0
374,AK-47 | Crane Flight (Factory New),317.0,381.0,218,50,0.2294,1.2019,steamdt-live,318.5,177,323.0,150,"溢价求购:买一高于卖一,多为定向收特定图案,买一价不可作退出价",17,0,7,2,2,0,8,5,-0.004683109584764256,-0.00564617314930993,0.016825396825396854,-0.010302841086481496,0.012461059190031154,0.01602564102564097,0.47,10,可能加速下跌,买一异常溢价(不作为可成交退出价),41,0,0
375,★ Hand Wraps | Arboreal (Minimal Wear),454.0,480.0,110,25,0.2273,1.0573,steamdt-live,458.5,97,468.0,93,"溢价求购:买一高于卖一,多为定向收特定图案,买一价不可作退出价",17,0,7,5,2,0,10,0,-0.002198237013914861,0.00019827719151366274,0.01316258351893107,-0.0020003956826625258,0.00528034004513489,0.008888888888888946,0.4,8,回撤不明显,买一异常溢价(不作为可成交退出价),41,0,0
376,AWP | Oni Taiji (Factory New),3681.99,5940.0,354,57,0.161,1.6133,steamdt-live,3865.5,102,3799.49,98,"溢价求购:买一高于卖一,多为定向收特定图案,买一价不可作退出价",14,0,9,2,6,0,10,0,-0.011143539400371494,-0.012079420445398448,0.01878632247601031,-0.023088352348102914,0.030930385577049635,0.0010821098423055009,0.49,9,可能加速下跌,买一异常溢价(不作为可成交退出价),41,0,0
377,★ Broken Fang Gloves | Unhinged (Field-Tested),303.0,373.0,108,17,0.1574,1.231,steamdt-live,315.91,138,312.28,125,"溢价求购:买一高于卖一,多为定向收特定图案,买一价不可作退出价",14,0,7,5,0,0,10,5,0.0016556291390728006,0.0049586776859504855,-0.0033003300330033403,0.0066225165562914245,0.0,0.01333333333333342,0.24,8,回撤不明显,买一异常溢价(不作为可成交退出价),41,0,0
378,★ Sport Gloves | Hedge Maze (Minimal Wear),45999.5,58600.0,223,33,0.148,1.2739,steamdt-live,46299.5,177,47626.65,52,"溢价求购:买一高于卖一,多为定向收特定图案,买一价不可作退出价",11,0,7,5,0,10,8,0,-0.006521739130434745,0.010929978118161987,0.004893393918210309,0.004336956521739044,0.0021706263498919576,0.01985651214128037,0.22,5,回撤不明显,买一异常溢价(不作为可成交退出价),41,0,0
379,FAMAS | Commemoration (Factory New),391.49,374.0,340,40,0.1176,0.9553,steamdt-live,385.3,180,396.4,119,,11,9,9,2,2,0,8,0,-0.0007725985063096186,-0.006958762886597913,0.009882964889466939,-0.00772598506309552,0.010529019003595153,0.0033854166666666963,0.49,3,可能加速下跌,,41,0,0
380,Five-SeveN | Triumvirate (Factory New),86.8,80.0,214,24,0.1121,0.9217,steamdt-live,85.96,168,86.81,211,,11,6,7,2,2,0,8,5,-0.0016196205460434765,-0.00393974507531869,-0.004147465437787989,-0.005552984729291999,0.00967741935483879,0.07450000000000001,0.42,2,回撤不明显,,41,0,0
381,★ Sport Gloves | Bronze Morph (Field-Tested),444.49,504.0,269,28,0.1041,1.1339,steamdt-live,459.0,227,471.5,172,"溢价求购:买一高于卖一,多为定向收特定图案,买一价不可作退出价",11,0,9,5,4,2,10,0,-0.008869179600886956,-0.006979865771812088,0.010078387458006821,-0.015787139689578678,0.021212789415655964,0.008818181818181836,0.49,21,可能加速下跌,买一异常溢价(不作为可成交退出价),41,0,0
382,Desert Eagle | Light Rail (Factory New),79.27,75.0,441,42,0.0952,0.9461,steamdt-live,73.0,161,76.25,193,,7,9,9,2,10,0,4,0,-0.0015191796429926407,-0.0744262710789908,0.04761273209549066,-0.0758323838460564,0.08141437020259212,0.01388888888888884,0.49,7,可能加速下跌,,41,0,0
383,AK-47 | Rat Rod (Factory New),519.0,496.0,486,46,0.0947,0.9557,steamdt-live,530.0,45,519.16,134,,7,9,9,2,6,0,8,0,-0.010338345864661647,-0.014245014245014231,0.06400000000000006,-0.024436090225563922,0.03963583879205057,0.039039039039038936,0.48,11,可能加速下跌,,41,0,0
384,Tec-9 | Cracked Opal (Factory New),48.0,46.0,361,30,0.0831,0.9583,steamdt-live,51.0,141,51.5,57,,7,9,9,2,10,0,4,0,-0.022684310018903475,-0.07156673114119927,0.017307692307692246,-0.09262759924385633,0.12711402073104205,0.0,0.49,11,可能加速下跌,,41,0,0
385,★ Moto Gloves | Turtle (Field-Tested),352.0,488.0,359,27,0.0752,1.3864,steamdt-live,359.0,320,358.8,144,"溢价求购:买一高于卖一,多为定向收特定图案,买一价不可作退出价",7,0,9,5,0,10,10,0,-0.009957325746799417,0.011494252873563315,0.01078360891444996,0.0014224751066855834,0.0014184397163120588,0.023255813953488413,0.49,12,回撤不明显,买一异常溢价(不作为可成交退出价),41,0,0
386,★ Sport Gloves | Nocts (Minimal Wear),5288.0,7820.0,398,27,0.0678,1.4788,steamdt-live,5438.0,326,5405.0,82,"溢价求购:买一高于卖一,多为定向收特定图案,买一价不可作退出价",7,0,9,5,2,10,8,0,-0.005483781020540923,0.0,0.0036380597014924465,-0.005483781020540923,0.005576208178438624,0.011724659606656473,0.49,8,回撤不明显,买一异常溢价(不作为可成交退出价),41,0,0
387,Five-SeveN | Boost Protocol (Factory New),69.4,66.0,1395,69,0.0495,0.951,steamdt-live,68.88,253,68.72,260,,3,9,15,2,8,0,4,0,-0.006993006993006978,-0.05647887323943668,0.05816190617137784,-0.06307692307692314,0.06828929068150225,0.0,0.27,10,可能加速下跌,,41,0,0
388,USP-S | Forest Leaves (Factory New),27.37,26.2,572,23,0.0402,0.9573,steamdt-live,26.0,91,27.28,116,,3,9,12,2,6,0,4,5,-0.0007410151908113782,-0.03596588802373002,0.008218154650728282,-0.03668025194516478,0.03668025194516478,0.0015408320493066618,0.47,2,可能加速下跌,,41,0,0
389,MP9 | Hypnotic (Factory New),97.5,91.0,541,20,0.037,0.9333,steamdt-live,97.89,206,102.47,212,,3,9,12,2,4,0,8,3,-0.00545454545454549,-0.009750152346130303,-0.007916624912315928,-0.015151515151515138,0.023046092184368705,0.0,0.49,9,可能加速下跌,,41,0,0
390,AK-47 | Elite Build (Factory New),51.9,49.0,1070,27,0.0252,0.9441,steamdt-live,52.61,746,52.65,432,,3,9,15,2,2,0,10,0,-0.0001960784313724817,0.016669935281427684,0.00591715976331364,0.016470588235294237,0.011064479206409739,0.036800000000000166,0.36,8,暂未减速,,41,0,0
391,AWP | PAW (Factory New),43.6,41.1,1224,23,0.0188,0.9427,steamdt-live,42.4,1074,45.56,303,,3,9,15,2,6,0,6,0,-0.009122006841505104,-0.021864211737629535,0.0332233741753063,-0.030786773090079822,0.040632054176072185,0.002358490566037874,0.49,9,可能加速下跌,,41,0,0
392,★ Specialist Gloves | Chocolate Chesterfield (Minimal Wear),1099.0,1670.0,44,24,0.5455,1.5196,steamdt-live,1100.0,39,1101.5,43,"溢价求购:买一高于卖一,多为定向收特定图案,买一价不可作退出价",20,0,4,5,0,0,6,5,0.0,-0.0031746031746031633,-0.005861136158701541,-0.0031746031746031633,0.0031746031746031633,0.017592592592592604,0.24,2,回撤不明显,买一异常溢价(不作为可成交退出价),40,0,0
393,AK-47 | Fire Serpent (Factory New),14850.0,13550.0,59,11,0.1864,0.9125,steamdt-live,15188.0,52,15300.0,38,,14,6,4,2,4,0,10,0,-3.355704697982631e-05,-0.0033222591362126463,0.035801181786583314,-0.003355704697986628,0.01655629139072845,0.03232533889468203,0.49,3,可能加速下跌,,40,0,0
394,★ Sport Gloves | Occult (Field-Tested),3085.0,4170.0,278,40,0.1439,1.3517,steamdt-live,3090.0,317,3122.5,111,"溢价求购:买一高于卖一,多为定向收特定图案,买一价不可作退出价",11,0,9,5,0,0,10,5,-0.0032573289902280145,0.008169934640522847,0.0032679738562091387,0.004885993485342022,0.0,0.011475409836065653,0.24,4,回撤不明显,买一异常溢价(不作为可成交退出价),40,0,0
395,★ Moto Gloves | Smoke Out (Field-Tested),695.99,894.0,297,42,0.1414,1.2845,steamdt-live,698.48,293,684.2,154,"溢价求购:买一高于卖一,多为定向收特定图案,买一价不可作退出价",11,0,9,5,0,0,10,5,0.0,-0.0010220470141625304,-0.0023306627822287096,-0.0010220470141625304,0.003350327749453652,0.0024908424908425264,0.49,3,回撤不明显,买一异常溢价(不作为可成交退出价),40,0,0
396,★ Moto Gloves | Turtle (Minimal Wear),750.5,940.0,150,21,0.14,1.2525,steamdt-live,758.0,128,757.2,83,"溢价求购:买一高于卖一,多为定向收特定图案,买一价不可作退出价",11,0,7,5,2,0,10,5,-0.002647253474520217,-0.003981420039814165,-0.002245113576333946,-0.006618133686300487,0.008848388800845264,0.0006666666666665932,0.4,15,回撤不明显,买一异常溢价(不作为可成交退出价),40,0,0
397,AWP | Dragon Lore (Factory New),73999.5,74000.0,136,16,0.1176,1.0,steamdt-live,75998.0,155,74900.0,47,,11,15,7,5,2,0,0,0,-0.0026886973631897737,-6.756756756765014e-06,0.00269594594594591,-0.0026954359530724226,0.005376380217609,0.01369178082191791,0.48,1,价格更新稀疏,,40,0,0
398,★ Moto Gloves | POW! (Minimal Wear),999.0,1670.0,290,34,0.1172,1.6717,steamdt-live,999.5,294,1005.0,76,"溢价求购:买一高于卖一,多为定向收特定图案,买一价不可作退出价",11,0,9,5,0,0,10,5,0.004020100502512669,-0.0010010010010009784,-0.0025062656641604564,0.0030150753768845018,0.0029970029970030065,0.01836734693877551,0.29,8,回撤不明显,买一异常溢价(不作为可成交退出价),40,0,0
399,★ Sport Gloves | Slingshot (Minimal Wear),5413.0,8540.0,367,39,0.1063,1.5777,steamdt-live,5480.0,333,5588.88,89,"溢价求购:买一高于卖一,多为定向收特定图案,买一价不可作退出价",11,0,9,5,2,0,10,3,0.003221649484536071,-0.006697862189191661,0.006205427433546351,-0.003497790868924877,0.006788990825688068,0.0026859312772067323,0.49,9,回撤不明显,买一异常溢价(不作为可成交退出价),40,0,0
400,Galil AR | CAUTION! (Factory New),420.0,404.0,53,5,0.0943,0.9619,steamdt-live,459.52,31,428.66,49,,7,12,4,2,6,1,8,0,-0.011641443538998875,-0.010600706713780883,-0.012643678160919491,-0.02211874272409775,0.03448275862068961,0.0,1.49,3,可能加速下跌,,40,0,0
401,AWP | Chromatic Aberration (Factory New),448.0,427.0,268,25,0.0933,0.9531,steamdt-live,447.5,180,459.79,180,,7,9,9,2,0,0,10,3,0.0,0.018202502844141044,0.0,0.018202502844141044,0.0,0.04069767441860472,0.49,4,回撤不明显,,40,0,0
402,Galil AR | Phoenix Blacklight (Factory New),988.99,961.0,446,37,0.083,0.9717,steamdt-live,1005.85,136,993.93,123,,7,12,9,2,2,0,8,0,-0.0050000000000000044,-0.006040201005025114,0.0065729211752745265,-0.011009999999999964,0.011009999999999964,0.0,0.48,9,可能加速下跌,,40,0,0
403,USP-S | Neo-Noir (Factory New),695.0,680.0,482,38,0.0788,0.9784,steamdt-live,713.0,208,697.5,171,,7,12,9,2,2,0,8,0,-0.002859185132237263,-0.0035842293906810374,0.015239477503628418,-0.006433166547534008,0.011379800853485111,0.01017441860465107,0.49,4,可能加速下跌,,40,0,0
404,Five-SeveN | Retrobution (Factory New),70.78,66.0,502,38,0.0757,0.9325,steamdt-live,69.8,129,70.46,97,,7,9,12,2,2,0,8,0,-0.0028264556246467842,-0.010770975056689447,0.044736453565628276,-0.013566986998304276,0.013566986998304276,0.032086352210557445,0.49,4,可能加速下跌,,40,0,0
405,USP-S | Jawbreaker (Factory New),106.8,102.0,421,29,0.0689,0.9551,steamdt-live,109.0,226,113.0,187,,7,9,9,2,2,0,8,3,-9.269558768998376e-05,-0.009919347362566167,0.0036282444878592557,-0.010011123470522798,0.013941464315391006,0.0,0.49,4,可能加速下跌,,40,0,0
406,Galil AR | Chromatic Aberration (Factory New),128.9,120.0,622,41,0.0659,0.931,steamdt-live,128.94,187,125.58,202,,7,9,12,2,0,0,10,0,0.004096714595549944,0.0046399999999999775,0.008914822919199317,0.00875572335127317,0.0007161613750298335,0.046499999999999986,0.36,6,回撤不明显,,40,0,0
407,AK-47 | Safari Mesh (Factory New),38.98,36.7,617,33,0.0535,0.9415,steamdt-live,40.04,183,41.0,172,,3,9,12,2,4,0,10,0,-0.005519317611640706,-0.01690211907164485,0.008858516831182106,-0.022328148519819346,0.024774774774774855,0.057530529172320044,0.3,19,可能加速下跌,,40,0,0
408,M4A1-S | Liquidation (Factory New),63.0,61.0,1196,37,0.0309,0.9683,steamdt-live,61.39,566,62.6,288,,3,12,15,2,2,0,6,0,0.014754098360655776,-0.009854604200323136,0.016666666666666607,0.004754098360655767,0.009854604200323136,0.021500000000000075,0.24,12,回撤不明显,,40,0,0
409,Desert Eagle | Calligraffiti (Factory New),34.68,31.5,1092,18,0.0165,0.9083,steamdt-live,30.0,110,33.98,262,,3,6,15,2,10,0,4,0,0.05091258405379451,-0.08592321755027421,-0.008571428571428563,-0.03938520653218058,0.08592321755027421,0.0,1.4,5,可能加速下跌,,40,0,0
410,★ Driver Gloves | Hand Sweaters (Minimal Wear),1499.0,2230.0,36,31,0.8611,1.4877,steamdt-live,1500.0,38,1519.2,41,"溢价求购:买一高于卖一,多为定向收特定图案,买一价不可作退出价",20,0,4,5,2,0,8,0,-0.0016528925619834212,-0.007284768211920478,-0.0046067785455742305,-0.00892561983471074,0.013491280026324493,0.0,0.49,3,可能加速下跌,买一异常溢价(不作为可成交退出价),39,0,0
411,★ Driver Gloves | Wave Chaser (Field-Tested),1009.0,2180.0,78,48,0.6154,2.1606,steamdt-live,1029.5,87,1024.0,55,"溢价求购:买一高于卖一,多为定向收特定图案,买一价不可作退出价",20,0,4,5,4,0,6,0,-0.0014570179698882857,-0.018482490272373586,-0.007232401157184154,-0.019912578921806756,0.027000964320154308,0.010010010010010006,0.24,6,可能加速下跌,买一异常溢价(不作为可成交退出价),39,0,0
412,★ Specialist Gloves | Cloud Chaser (Field-Tested),2766.5,3800.0,157,45,0.2866,1.3736,steamdt-live,2757.0,153,2767.0,75,"溢价求购:买一高于卖一,多为定向收特定图案,买一价不可作退出价",17,0,7,5,0,0,10,0,-0.00018129079042783491,-0.00018132366273804212,-0.00036245016310254563,-0.00036258158085566983,0.0005437737901032857,0.0025454545454546285,0.24,4,回撤不明显,买一异常溢价(不作为可成交退出价),39,0,0
413,★ Driver Gloves | Queen Jaguar (Minimal Wear),679.0,910.0,117,33,0.2821,1.3402,steamdt-live,673.91,64,679.98,77,"溢价求购:买一高于卖一,多为定向收特定图案,买一价不可作退出价",17,0,7,5,0,0,10,0,-0.003573493868714861,0.002842261904761889,0.0,-0.0007413887694429633,0.002220873247360866,0.002842261904761889,0.49,3,回撤不明显,买一异常溢价(不作为可成交退出价),39,0,0
414,★ Moto Gloves | Blood Pressure (Minimal Wear),1220.0,1570.0,109,30,0.2752,1.2869,steamdt-live,1262.5,84,1288.0,80,"溢价求购:买一高于卖一,多为定向收特定图案,买一价不可作退出价",17,0,7,5,4,0,6,0,8.07441379757634e-06,-0.014929470564962188,-0.005236947791164681,-0.014921516697887771,0.02008032128514059,0.0008203445447088065,0.49,4,可能加速下跌,买一异常溢价(不作为可成交退出价),39,0,0
415,★ Specialist Gloves | Sunburst (Field-Tested),1004.4,1520.0,172,43,0.25,1.5133,steamdt-live,1024.5,192,1024.22,72,"溢价求购:买一高于卖一,多为定向收特定图案,买一价不可作退出价",17,0,7,5,4,0,6,0,-0.0048124322794139696,-0.014811181951937202,-0.00781598062953992,-0.019552336421229444,0.027215496368038772,0.0043999999999999595,0.49,6,可能加速下跌,买一异常溢价(不作为可成交退出价),39,0,0
416,P250 | Lotus Imprint (Factory New),84.2,77.0,72,16,0.2222,0.9145,steamdt-live,84.45,77,84.8,77,,17,6,4,2,0,0,10,0,0.0008295804693057018,-0.002960331557134377,0.0033293697978598047,-0.002133206921071218,0.00449278789311891,0.0036953152938372646,0.49,4,回撤不明显,,39,0,0
417,USP-S | Serum (Factory New),647.49,617.0,172,23,0.1337,0.9529,steamdt-live,728.79,39,654.65,78,,11,9,7,2,2,0,8,0,-0.001536098310291889,-0.0054153846153846,0.014888144048639695,-0.006943164362519183,0.010530182441533031,0.00784160885493801,0.14,10,可能加速下跌,,39,0,0
418,M4A4 | Full Throttle (Factory New),1219.0,1170.0,238,30,0.1261,0.9598,steamdt-live,1240.0,140,1253.8,103,,11,9,7,2,0,0,10,0,0.0,-0.0008196721311475308,0.0012310217480508978,-0.0008196721311475308,0.002454991816693952,0.003292181069958877,0.49,4,回撤不明显,,39,0,0
419,Desert Eagle | Fennec Fox (Factory New),2400.0,2800.0,432,52,0.1204,1.1667,steamdt-live,2430.0,120,2430.0,84,"溢价求购:买一高于卖一,多为定向收特定图案,买一价不可作退出价",11,0,9,2,8,0,6,3,-0.012499999999999956,-0.02000816659861171,-0.011558389796731738,-0.032258064516129004,0.05436234470856627,0.0,0.49,8,可能加速下跌,买一异常溢价(不作为可成交退出价),39,0,0
420,Five-SeveN | Angry Mob (Factory New),467.9,448.0,244,29,0.1189,0.9575,steamdt-live,469.5,85,470.5,121,,11,9,7,2,0,0,10,0,0.012726721786935569,0.0,0.004391304347826086,0.012726721786935569,0.0,0.0216157205240175,0.49,5,回撤不明显,,39,0,0
421,P250 | Crimson Kimono (Factory New),149.54,137.0,169,13,0.0769,0.9161,steamdt-live,145.89,63,146.17,103,,7,6,7,2,2,0,10,5,-0.0017092848352249224,-0.0008218615163345655,-0.00584556824361071,-0.0025297415561329473,0.008225696804894711,0.022426238699278178,0.31,3,回撤不明显,,39,0,0
422,AWP | LongDog (Factory New),2940.0,2810.0,349,26,0.0745,0.9558,steamdt-live,3020.0,135,3030.0,172,,7,9,9,2,6,0,6,0,-0.014827018121911006,-0.01672240802675584,0.0,-0.03130148270181221,0.03574942604132503,0.0,0.44,6,可能加速下跌,,39,0,0
423,Tec-9 | Mummy's Rot (Factory New),70.0,67.0,461,33,0.0716,0.9571,steamdt-live,71.94,75,71.9,84,,7,9,9,2,4,0,8,0,-0.012656467315716458,-0.013945626144527323,0.009406149094482785,-0.026425591098748313,0.02777777777777779,0.0,0.47,2,可能加速下跌,,39,0,0
424,M4A1-S | Guardian (Factory New),455.49,435.0,670,33,0.0493,0.955,steamdt-live,460.0,314,471.5,209,,3,9,12,2,4,1,8,0,-0.010752688172043001,-0.01015217391304346,0.01795096322241685,-0.02079569892473121,0.022792145079944204,0.005143487858719542,0.23,8,可能加速下跌,,39,0,0
425,AK-47 | Emerald Pinstripe (Factory New),89.8,87.0,828,37,0.0447,0.9688,steamdt-live,94.9,218,90.8,291,,3,12,12,2,6,0,4,0,0.005240641711229843,-0.04457921055431424,0.04492624050067051,-0.039572192513368964,0.049433682650576904,0.0048114579836633364,0.49,7,可能加速下跌,,39,0,0
426,Desert Eagle | Mulberry (Factory New),82.0,78.0,1043,33,0.0316,0.9512,steamdt-live,77.89,536,82.0,281,,3,9,15,2,6,0,4,0,-0.00025169896803423075,-0.019511581067472306,-0.019012345679012443,-0.01975836899068706,0.03601485148514849,0.02486842105263154,0.43,14,可能加速下跌,,39,0,0
427,★ Broken Fang Gloves | Needle Point (Minimal Wear),366.91,406.0,94,23,0.2447,1.1065,steamdt-live,366.0,59,388.57,49,"溢价求购:买一高于卖一,多为定向收特定图案,买一价不可作退出价",17,0,4,5,2,0,10,0,0.001360877493808088,-0.0051914870484630615,0.020583333333333398,-0.003837674532538693,0.010810810810810811,0.01975425594160085,0.49,4,可能加速下跌,买一异常溢价(不作为可成交退出价),38,0,0
428,★ Sport Gloves | Scarlet Shamagh (Minimal Wear),1940.0,2970.0,178,32,0.1798,1.5309,steamdt-live,1980.0,164,2039.0,66,"溢价求购:买一高于卖一,多为定向收特定图案,买一价不可作退出价",14,0,7,5,2,0,10,0,-0.00333932699717443,0.0,-0.0017948717948718107,-0.00333932699717443,0.00512820512820511,0.01041666666666674,0.49,7,回撤不明显,买一异常溢价(不作为可成交退出价),38,0,0
429,★ Sport Gloves | Pandora's Box (Field-Tested),21666.0,28030.0,440,70,0.1591,1.2937,steamdt-live,21849.0,355,22140.0,83,"溢价求购:买一高于卖一,多为定向收特定图案,买一价不可作退出价",14,0,9,5,2,0,8,0,0.0,-0.009724770642201785,0.0009412520948597347,-0.009724770642201785,0.01422406904267226,0.0,0.11,6,可能加速下跌,买一异常溢价(不作为可成交退出价),38,0,0
430,★ Sport Gloves | Pandora's Box (Minimal Wear),33999.0,55460.0,176,27,0.1534,1.6312,steamdt-live,34680.0,199,34975.0,47,"溢价求购:买一高于卖一,多为定向收特定图案,买一价不可作退出价",14,0,7,5,2,0,10,0,-0.0018155463476771105,-0.0025962596259625492,0.016717279980945632,-0.004407092343958197,0.008428604759682656,0.012236513040371655,0.39,3,回撤不明显,买一异常溢价(不作为可成交退出价),38,0,0
431,★ Driver Gloves | Snow Leopard (Minimal Wear),3349.5,6370.0,233,32,0.1373,1.9018,steamdt-live,3430.0,229,3533.8,74,"溢价求购:买一高于卖一,多为定向收特定图案,买一价不可作退出价",11,0,7,5,2,0,10,3,-0.004606240713224352,0.0,-0.0008907363420427306,-0.004606240713224352,0.005788067675868258,0.0013452914798206539,0.49,3,回撤不明显,买一异常溢价(不作为可成交退出价),38,0,0
432,★ Moto Gloves | Blood Pressure (Field-Tested),704.0,1010.0,230,31,0.1348,1.4347,steamdt-live,728.0,223,714.75,139,"溢价求购:买一高于卖一,多为定向收特定图案,买一价不可作退出价",11,0,7,5,0,0,10,5,-0.0007204610951008217,0.015140591204037435,-0.0021567217828900587,0.014409221902017322,0.0014184397163120588,0.01588767514682754,0.49,7,回撤不明显,买一异常溢价(不作为可成交退出价),38,0,0
433,USP-S | Royal Blue (Factory New),599.9,560.0,48,6,0.125,0.9335,steamdt-live,630.0,40,630.0,41,,11,9,4,2,4,0,8,0,-0.0024691358024691024,-0.010066006600660149,-0.004261596459596784,-0.012510288065843644,0.016718570726110493,0.0,0.27,4,可能加速下跌,,38,0,0
434,★ Driver Gloves | Rezan the Red (Field-Tested),357.93,460.0,227,27,0.1189,1.2852,steamdt-live,359.5,180,359.72,120,"溢价求购:买一高于卖一,多为定向收特定图案,买一价不可作退出价",11,0,7,5,0,0,10,5,0.008298171589310899,-0.001450690472869276,-0.0054553084347460645,0.0068354430379746756,0.001450690472869276,0.014224589838768953,0.49,5,回撤不明显,买一异常溢价(不作为可成交退出价),38,0,0
435,★ Sport Gloves | Bronze Morph (Minimal Wear),797.5,970.0,182,21,0.1154,1.2163,steamdt-live,796.0,116,799.53,95,"溢价求购:买一高于卖一,多为定向收特定图案,买一价不可作退出价",11,0,7,5,0,0,10,5,-0.0012562814070351536,0.0012578616352201255,-0.0017557060446450334,0.0,0.0017557060446450334,0.0075949367088608,0.4,2,回撤不明显,买一异常溢价(不作为可成交退出价),38,0,0
436,★ Driver Gloves | Queen Jaguar (Field-Tested),287.0,368.0,251,21,0.0837,1.2822,steamdt-live,300.0,206,299.5,98,"溢价求购:买一高于卖一,多为定向收特定图案,买一价不可作退出价",7,0,9,5,4,0,8,5,-0.0017241379310344307,-0.008635578583765069,3.4483947722208086e-05,-0.010344827586206917,0.020477815699658675,0.0017452006980802626,0.49,7,可能加速下跌,买一异常溢价(不作为可成交退出价),38,0,0
437,P250 | Black & Tan (Factory New),56.0,54.0,84,7,0.0833,0.9643,steamdt-live,58.8,52,56.87,65,,7,12,4,2,6,0,4,3,0.0,-0.04142416980486141,-0.00915875169606506,-0.04142416980486141,0.0485898742779477,0.0,0.43,7,可能加速下跌,,38,0,0
438,★ Hand Wraps | Arboreal (Field-Tested),239.0,260.0,356,29,0.0815,1.0879,steamdt-live,253.0,337,241.6,246,"溢价求购:买一高于卖一,多为定向收特定图案,买一价不可作退出价",7,0,9,5,2,0,10,5,0.023622047244094446,-0.008316008316008316,-0.0002127659574469032,0.01510959778676324,0.008316008316008316,0.019230769230769162,0.49,17,回撤不明显,买一异常溢价(不作为可成交退出价),38,0,0
439,M4A1-S | Master Piece (Factory New),1966.0,1870.0,86,5,0.0581,0.9512,steamdt-live,2000.0,25,2020.0,66,,3,9,4,2,8,1,6,5,-0.005472636815920362,-0.02451225612806407,-0.032258064516129004,-0.02985074626865669,0.06114588348579686,0.0,0.49,4,可能加速下跌,,38,0,0
440,★ Hand Wraps | Cobalt Skulls (Field-Tested),1245.0,1690.0,911,50,0.0549,1.3574,steamdt-live,1252.41,676,1257.75,219,"溢价求购:买一高于卖一,多为定向收特定图案,买一价不可作退出价",3,0,15,5,0,0,10,5,0.013093289689034338,0.0056542810985460434,0.0016393442622950616,0.01882160392798693,0.0024038461538461453,0.0306291390728477,0.49,12,回撤不明显,买一异常溢价(不作为可成交退出价),38,0,0
441,Galil AR | Firefight (Factory New),67.98,64.0,605,33,0.0545,0.9415,steamdt-live,69.99,111,67.89,194,,3,9,12,2,8,0,4,0,-0.00497512437810943,-0.057083333333333375,0.07983883002536918,-0.061774461028192396,0.061774461028192396,0.013434841021048083,0.42,9,可能加速下跌,,38,0,0
442,★ Sport Gloves | Vice (Minimal Wear),8192.0,20520.0,1009,53,0.0525,2.5049,steamdt-live,8220.0,948,8276.5,208,"溢价求购:买一高于卖一,多为定向收特定图案,买一价不可作退出价",3,0,15,5,0,0,10,5,-0.000427272172373816,0.0004885197850512668,-0.0028606208155812496,6.103888176767214e-05,0.002799756542909315,0.005153374233128893,0.49,4,回撤不明显,买一异常溢价(不作为可成交退出价),38,0,0
443,AWP | Capillary (Factory New),41.85,39.7,761,39,0.0512,0.9486,steamdt-live,42.0,159,42.2,221,,3,9,12,2,4,0,8,0,-0.005621925509486925,-0.014134275618374548,-0.0025700934579439005,-0.01967673928320446,0.02674418604651163,0.0,0.44,6,可能加速下跌,,38,0,0
444,Glock-18 | Sacrifice (Factory New),46.8,46.1,495,21,0.0424,0.985,steamdt-live,52.9,111,49.72,150,,3,12,9,2,8,0,4,0,-0.006085192697768749,-0.044897959183673564,0.006122448979591688,-0.05070993914807298,0.07308377896613205,0.0,0.47,7,可能加速下跌,,38,0,0
445,★ Sport Gloves | Vice (Field-Tested),2664.0,5320.0,1526,64,0.0419,1.997,steamdt-live,2675.0,1366,2718.0,296,"溢价求购:买一高于卖一,多为定向收特定图案,买一价不可作退出价",3,0,15,5,0,0,10,5,0.0004153451140311848,0.005472730703906414,0.0054669703872438635,0.005890348889895813,0.0011248593925758943,0.014277555682467247,0.45,6,回撤不明显,买一异常溢价(不作为可成交退出价),38,0,0
446,★ Driver Gloves | King Snake (Field-Tested),868.5,1790.0,1591,38,0.0239,2.061,steamdt-live,847.0,1438,865.5,299,"溢价求购:买一高于卖一,多为定向收特定图案,买一价不可作退出价",3,0,15,5,0,0,10,5,-0.0011799410029498247,0.0005906674542233148,-0.002941176470588225,-0.0005899705014749124,0.002942907592701549,0.02048192771084345,0.49,7,回撤不明显,买一异常溢价(不作为可成交退出价),38,0,0
447,★ Driver Gloves | Brocade Crane (Minimal Wear),2489.5,2930.0,21,29,1.381,1.1769,steamdt-live,2490.0,26,2627.99,22,"溢价求购:买一高于卖一,多为定向收特定图案,买一价不可作退出价",20,0,2,5,0,0,10,0,0.003029228835680353,-0.00020080321285143032,-0.004219815483353373,0.002827817343946437,0.0014039310068191257,0.00587484242169567,0.24,4,回撤不明显,买一异常溢价(不作为可成交退出价),37,0,0
448,★ Specialist Gloves | Sunburst (Minimal Wear),2206.0,2730.0,55,26,0.4727,1.2375,steamdt-live,2200.0,47,2299.0,19,"溢价求购:买一高于卖一,多为定向收特定图案,买一价不可作退出价",20,0,4,5,0,0,8,0,0.0066529020417527285,0.0027347310847767314,0.018695956999298824,0.009405827024546953,0.0,0.028277634961439535,0.49,5,回撤不明显,买一异常溢价(不作为可成交退出价),37,0,0
449,★ Hand Wraps | Duct Tape (Minimal Wear),435.0,585.0,101,28,0.2772,1.3448,steamdt-live,443.0,66,439.51,61,"溢价求购:买一高于卖一,多为定向收特定图案,买一价不可作退出价",17,0,7,5,0,0,8,0,0.0,0.05329426862635889,-0.006040914560770161,0.05329426862635889,0.0,0.07540173053152044,0.49,4,回撤不明显,买一异常溢价(不作为可成交退出价),37,0,0
450,★ Moto Gloves | Smoke Out (Minimal Wear),1176.48,2010.0,160,38,0.2375,1.7085,steamdt-live,1178.99,136,1182.96,62,"溢价求购:买一高于卖一,多为定向收特定图案,买一价不可作退出价",17,0,7,5,2,0,6,0,0.0,-0.006351351351351342,0.0,-0.006351351351351342,0.006351351351351342,0.01771626297577855,0.43,6,回撤不明显,买一异常溢价(不作为可成交退出价),37,0,0
451,★ Hand Wraps | Giraffe (Minimal Wear),469.5,531.0,132,25,0.1894,1.131,steamdt-live,483.48,75,471.02,73,"溢价求购:买一高于卖一,多为定向收特定图案,买一价不可作退出价",14,0,7,5,0,0,6,5,-0.0010706638115631772,0.006430868167202508,-0.006382978723404209,0.005353319057815886,0.0010638297872340718,0.043333333333333224,0.49,7,回撤不明显,买一异常溢价(不作为可成交退出价),37,0,0
452,AK-47 | Gold Arabesque (Factory New),12799.0,14500.0,215,31,0.1442,1.1329,steamdt-live,13149.9,163,13084.0,69,"溢价求购:买一高于卖一,多为定向收特定图案,买一价不可作退出价",11,0,7,2,4,0,8,5,-3.876455802975798e-05,-0.007666376179651158,-0.007542088578375572,-0.007704843553996588,0.015310047699646057,0.0,0.38,3,可能加速下跌,买一异常溢价(不作为可成交退出价),37,0,0
453,Glock-18 | Reactor (Factory New),500.0,450.0,216,27,0.125,0.9,steamdt-live,558.0,52,500.9,99,,11,6,7,2,0,0,6,5,0.005020080321285203,-0.0009990009990009652,0.09450549450549461,0.004016064257028162,0.001996007984031989,0.11111111111111116,0.47,3,回撤不明显,,37,0,0
454,M4A1-S | Hot Rod (Factory New),8499.0,8630.0,343,34,0.0991,1.0154,steamdt-live,8588.0,181,8695.0,126,,7,15,9,2,4,0,0,0,0.006748826291079757,-0.009151850772369574,-0.01274623406720743,-0.0024647887323944184,0.01517960602549251,0.0,0.49,1,价格更新稀疏,,37,0,0
455,Galil AR | Stone Cold (Factory New),137.5,130.0,351,28,0.0798,0.9455,steamdt-live,142.98,139,138.75,129,,7,9,9,2,4,0,6,0,-0.004436176302232475,-0.011786689665085448,0.03656456278276332,-0.016170578133943847,0.019677741337515986,0.02665571567236613,0.48,8,可能加速下跌,,37,0,0
456,FAMAS | ZX Spectron (Factory New),158.5,147.0,641,48,0.0749,0.9274,steamdt-live,163.76,134,158.16,192,,7,6,12,2,6,0,4,0,-0.016853932584269593,-0.01763975155279507,0.06337662337662331,-0.034196384953590564,0.034196384953590564,0.03035830618892499,0.49,7,可能加速下跌,,37,0,0
457,Five-SeveN | Scumbria (Factory New),35.68,33.7,333,23,0.0691,0.9445,steamdt-live,34.0,63,32.16,117,,7,9,9,2,0,0,10,0,-0.0012437810945273853,0.001245330012453305,0.008466603951081675,0.0,0.0,0.008782936010037545,0.32,3,回撤不明显,,37,0,0
458,MP9 | Food Chain (Factory New),99.17,94.0,213,14,0.0657,0.9479,steamdt-live,95.9,120,103.7,93,,7,9,7,2,8,0,4,0,-0.01463268962771247,-0.031215274270128157,-0.003373015873015861,-0.045391200477801985,0.05961953324181213,0.0,0.36,7,可能加速下跌,,37,0,0
459,Glock-18 | Off World (Factory New),38.45,37.4,679,38,0.056,0.9727,steamdt-live,38.0,243,37.85,149,,3,12,12,2,0,0,8,0,0.0419522895530573,-0.003947368421052588,0.04349070100143049,0.037839319989032116,0.003947368421052588,0.0829756795422032,0.44,4,回撤不明显,,37,0,0
460,Tec-9 | Bamboozle (Factory New),46.7,43.7,671,34,0.0507,0.9358,steamdt-live,40.0,193,44.96,167,,3,9,12,2,8,1,2,0,-0.013033707865168553,-0.011156648451730478,0.011363636363636465,-0.024044943820224707,0.05484221980413495,0.08574999999999999,0.49,13,可能加速下跌,,37,0,0
461,Glock-18 | Vogue (Factory New),74.48,71.0,907,39,0.043,0.9533,steamdt-live,75.95,297,75.07,589,,3,9,15,2,4,0,4,0,0.008458895056833171,-0.023853211009174258,0.08085714285714274,-0.01559608776103616,0.028437255413514162,0.06021352313167272,0.38,8,可能加速下跌,,37,0,0
462,MP9 | Sand Scale (Factory New),34.89,32.5,1003,33,0.0329,0.9315,steamdt-live,33.79,280,33.74,193,,3,9,15,2,4,0,4,0,-0.005847953216374324,-0.00764705882352934,0.04268292682926855,-0.013450292397660824,0.01632653061224476,0.02865853658536599,0.49,9,可能加速下跌,,37,0,0
463,USP-S | Guardian (Factory New),35.42,32.6,1177,26,0.0221,0.9204,steamdt-live,33.0,644,32.94,503,,3,6,15,2,0,0,6,5,0.0,0.0015202189115230968,0.06647211413748377,0.0015202189115230968,0.0009099181073703999,0.13586206896551722,0.41,2,回撤不明显,,37,0,0
464,AWP | Medusa (Factory New),29500.0,28870.0,10,7,0.7,0.9786,steamdt-live,28000.0,22,32822.65,11,,20,12,2,2,0,0,0,0,0.0,0.0,0.0,0.0,0.0,0.0,0.3,0,价格更新稀疏,,36,0,0
465,★ Driver Gloves | Dragon Fists (Field-Tested),604.5,711.0,95,21,0.2211,1.1762,steamdt-live,625.0,101,628.0,35,"溢价求购:买一高于卖一,多为定向收特定图案,买一价不可作退出价",17,0,4,5,4,0,6,0,0.0008149959250203231,-0.015488599348534193,0.031109766550698303,-0.014686226568867089,0.015488599348534193,0.017677065270459202,0.31,6,可能加速下跌,买一异常溢价(不作为可成交退出价),36,0,0
466,★ Driver Gloves | Racing Green (Minimal Wear),250.48,410.0,169,20,0.1183,1.6369,steamdt-live,256.89,69,256.1,98,"溢价求购:买一高于卖一,多为定向收特定图案,买一价不可作退出价",11,0,7,5,4,1,8,0,-0.0023274161735700183,-0.009608161005891458,-0.013618677042801508,-0.011913214990138088,0.02156250000000004,0.0019199999999999218,0.49,8,可能加速下跌,买一异常溢价(不作为可成交退出价),36,0,0
467,USP-S | Blood Tiger (Factory New),101.3,99.0,345,31,0.0899,0.9773,steamdt-live,100.8,71,100.26,147,,7,12,9,2,0,0,6,0,-0.0010030090270812808,0.004016064257028162,0.01662078107474274,0.0030090270812437314,0.00457893689030453,0.02585145670906841,0.23,6,回撤不明显,,36,0,0
468,Galil AR | Black Sand (Factory New),86.9,83.0,580,36,0.0621,0.9551,steamdt-live,86.8,207,88.0,102,,7,9,12,2,2,0,4,0,0.0,-0.008009153318077833,0.04171632896305133,-0.008009153318077833,0.01477272727272727,0.033496245082846654,0.49,6,可能加速下跌,,36,0,0
469,Galil AR | Dusk Ruins (Factory New),255.0,237.0,296,18,0.0608,0.9294,steamdt-live,269.0,49,255.0,100,,7,6,9,2,6,0,6,0,-0.010143670575813557,-0.02857142857142858,0.056533864541832735,-0.038425279987933214,0.038425279987933214,0.0019646365422396617,0.39,13,可能加速下跌,,36,0,0
470,MP9 | Rose Iron (Factory New),58.09,55.0,480,27,0.0563,0.9468,steamdt-live,58.16,183,58.88,176,,3,9,9,2,2,0,8,3,0.007255139056832061,-0.003772937746527205,-0.0032713498622589654,0.0034548281223010235,0.005818928632551734,0.058105646630236985,0.4,7,回撤不明显,,36,0,0
471,Glock-18 | AXIA (Factory New),298.0,280.0,705,34,0.0482,0.9396,steamdt-live,308.0,256,309.99,583,,3,9,12,2,6,0,4,0,-0.006451612903225823,-0.02922077922077926,-0.0064102564102563875,-0.03548387096774197,0.04472843450479236,0.027491408934707806,0.22,12,可能加速下跌,,36,0,0
472,P250 | Forest Night (Factory New),79.99,70.0,151,7,0.0464,0.8751,steamdt-live,105.0,8,75.3,36,,3,3,7,2,10,2,6,3,-0.021656050955414008,-0.01953125,-0.054216867469879526,-0.040764331210191074,0.09277108433734949,0.0,0.29,12,暂未减速,,36,0,0
473,MP9 | Mount Fuji (Factory New),95.7,89.0,1319,46,0.0349,0.93,steamdt-live,95.79,509,98.17,337,,3,6,15,2,0,0,10,0,-0.0020023184740225464,0.010559662090813049,0.01421547669944423,0.008536199810306622,0.0010438413361169019,0.029032258064516148,0.49,10,回撤不明显,,36,0,0
474,★ Driver Gloves | Brocade Flowers (Minimal Wear),2439.29,3520.0,37,31,0.8378,1.443,steamdt-live,2445.55,47,2457.87,44,"溢价求购:买一高于卖一,多为定向收特定图案,买一价不可作退出价",20,0,4,5,0,0,6,0,-0.00020416496529196415,-0.003761486624463961,0.0,-0.003964883625969806,0.003964883625969806,0.016370833333333223,0.49,3,回撤不明显,买一异常溢价(不作为可成交退出价),35,0,0
475,M4A1-S | Fatal Glitch (Factory New),614.5,580.0,30,16,0.5333,0.9439,steamdt-live,605.21,37,622.0,71,,20,9,4,2,0,0,0,0,0.0,0.0,0.025779661016949174,0.0,0.0,0.02926870748299315,0.39,0,价格更新稀疏,,35,0,0
476,★ Driver Gloves | Garden (Minimal Wear),2699.5,3990.0,49,23,0.4694,1.4781,steamdt-live,2744.0,63,2710.0,44,"溢价求购:买一高于卖一,多为定向收特定图案,买一价不可作退出价",20,0,4,5,6,0,0,0,-0.01442395471973712,0.00018525379770295558,-0.021614862450875294,-0.014241373014423964,0.03554841014648091,0.0003891122681540793,0.39,1,价格更新稀疏,买一异常溢价(不作为可成交退出价),35,0,0
477,Five-SeveN | Fall Hazard (Factory New),1819.99,1000.0,5,2,0.4,0.5495,steamdt-live,2356.5,8,1693.41,16,,8,1,2,2,2,10,10,0,-0.011521046943008262,0.005088863014427236,0.0011815422050385216,-0.006490812958256709,0.00668232105515254,0.005130448145827637,0.35,10,回撤不明显,,35,0,0
478,★ Specialist Gloves | Pillow Punchers (Field-Tested),2450.0,5520.0,219,45,0.2055,2.2531,steamdt-live,2440.0,227,2498.38,132,"溢价求购:买一高于卖一,多为定向收特定图案,买一价不可作退出价",17,0,7,5,0,0,6,0,-0.002053388090349051,0.004115226337448652,0.014583333333333393,0.002053388090349051,0.004077567663541393,0.02092050209205021,0.49,7,回撤不明显,买一异常溢价(不作为可成交退出价),35,0,0
479,★ Sport Gloves | Big Game (Minimal Wear),1259.0,1690.0,232,30,0.1293,1.3423,steamdt-live,1240.0,188,1276.5,77,"溢价求购:买一高于卖一,多为定向收特定图案,买一价不可作退出价",11,0,7,5,6,0,6,0,-0.0031645569620253333,-0.015873015873015928,-0.011341415721548675,-0.01898734177215189,0.030113414157215468,0.0,0.49,6,可能加速下跌,买一异常溢价(不作为可成交退出价),35,0,0
480,FAMAS | Cyanospatter (Factory New),44.0,40.1,322,29,0.0901,0.9114,steamdt-live,46.0,56,46.68,74,,7,6,9,2,6,0,2,3,-0.008849557522124019,-0.017857142857142794,0.15927160810464214,-0.026548672566371723,0.04118544345173236,0.12849448576558076,0.49,6,可能加速下跌,,35,0,0
481,Tec-9 | Avalanche (Factory New),71.98,68.0,458,36,0.0786,0.9447,steamdt-live,76.24,160,74.9,152,,7,9,9,2,6,0,2,0,-0.0029333333333333433,-0.0387804225728805,0.11160515784793246,-0.04160000000000008,0.04160000000000008,0.06536238328145827,0.49,8,可能加速下跌,,35,0,0
482,Glock-18 | Gamma Doppler (Factory New),645.0,2590.0,1675,98,0.0585,4.0155,steamdt-live,670.0,548,671.86,513,"溢价求购:买一高于卖一,多为定向收特定图案,买一价不可作退出价",3,0,15,2,4,0,6,5,-0.005307050796057644,-0.01676829268292679,0.006870229007633677,-0.021986353297952954,0.02714932126696834,0.0,0.48,15,可能加速下跌,买一异常溢价(不作为可成交退出价),35,0,0
483,Glock-18 | Wraiths (Factory New),37.8,34.2,430,24,0.0558,0.9048,steamdt-live,38.0,155,37.23,152,,3,6,9,2,0,0,10,5,0.0,0.004045307443365731,0.028001108954810006,0.004045307443365731,0.0026788106080900542,0.04637436762225966,0.49,2,回撤不明显,,35,0,0
484,★ Specialist Gloves | Tiger Strike (Field-Tested),997.0,1510.0,991,55,0.0555,1.5145,steamdt-live,999.0,833,1019.6,279,"溢价求购:买一高于卖一,多为定向收特定图案,买一价不可作退出价",3,0,15,5,2,0,10,0,-0.001006036217303774,0.002014098690835908,-0.004008016032064132,0.001006036217303885,0.0050000000000000044,0.005050505050504972,0.28,13,回撤不明显,买一异常溢价(不作为可成交退出价),35,0,0
485,P250 | Visions (Factory New),48.77,46.3,429,22,0.0513,0.9494,steamdt-live,48.0,309,49.94,256,,3,9,9,2,6,0,6,0,-0.0012257405515833097,-0.02843117201881773,-0.0010204081632652073,-0.02962206332992856,0.030612244897959218,0.0,0.26,5,可能加速下跌,,35,0,0
486,USP-S | 27 (Factory New),31.87,29.8,486,24,0.0494,0.935,steamdt-live,29.51,107,30.64,198,,3,9,9,2,4,0,8,0,-0.0076692230743580225,-0.008736559139784994,0.07107142857142845,-0.016338779593197628,0.016338779593197628,0.0003390979993218579,0.2,7,可能加速下跌,,35,0,0
487,P250 | Inferno (Factory New),52.78,46.0,1053,22,0.0209,0.8715,steamdt-live,48.86,105,49.28,118,,3,3,15,2,4,0,8,0,-0.004222803136939346,-0.013327948303715753,0.06693842523063709,-0.017494470138749163,0.0176919983916366,0.05030094582975053,0.47,4,可能加速下跌,,35,0,0
488,M4A1-S | Knight (Factory New),16500.0,15130.0,18,6,0.3333,0.917,steamdt-live,16200.0,15,16400.0,31,,20,6,2,2,4,0,0,0,0.0,0.006211180124223503,-0.030120481927710885,0.006211180124223503,0.02409638554216864,0.006211180124223503,0.32,1,价格更新稀疏,,34,0,0
489,★ Hand Wraps | Desert Shamagh (Minimal Wear),395.0,462.0,150,25,0.1667,1.1696,steamdt-live,398.0,60,396.5,116,"溢价求购:买一高于卖一,多为定向收特定图案,买一价不可作退出价",14,0,7,5,0,0,8,0,0.002538071065989911,0.0,0.01025641025641022,0.002538071065989911,0.0,0.01412066752246477,0.4,5,回撤不明显,买一异常溢价(不作为可成交退出价),34,0,0
490,M4A4 | Daybreak (Factory New),4410.0,4320.0,171,24,0.1404,0.9796,steamdt-live,4757.8,49,4418.49,54,,11,12,7,2,2,0,0,0,-0.0032772064640071985,0.0,-0.0044999437507030615,-0.0032772064640071985,0.013729511404730999,0.00011339154099099247,0.48,1,价格更新稀疏,,34,0,0
491,★ Hand Wraps | Cobalt Skulls (Minimal Wear),2387.5,3600.0,368,36,0.0978,1.5079,steamdt-live,2486.0,295,2429.4,102,"溢价求购:买一高于卖一,多为定向收特定图案,买一价不可作退出价",7,0,9,5,0,0,10,3,-0.00020924879681938346,0.0,0.0,-0.00020924879681938346,0.0004184100418409553,0.0038194721649138508,0.49,5,回撤不明显,买一异常溢价(不作为可成交退出价),34,0,0
492,Tec-9 | Isaac (Factory New),113.96,102.0,239,21,0.0879,0.8951,steamdt-live,109.98,96,113.2,161,,7,6,7,2,8,0,4,0,-0.005197055002165496,-0.04240313452329114,-0.029424127784783538,-0.0473798181030749,0.07540983606557372,0.0,0.49,2,可能加速下跌,,34,0,0
493,FAMAS | Meltdown (Factory New),504.2,466.0,148,13,0.0878,0.9242,steamdt-live,520.0,41,508.36,80,,7,6,7,2,2,0,10,0,-0.004044668929050532,-0.001168802868519614,-0.003068450039339088,-0.005208744376923646,0.008261211644374433,0.0,0.4,3,回撤不明显,,34,0,0
494,★ Sport Gloves | Amphibious (Minimal Wear),4049.0,7880.0,516,42,0.0814,1.9462,steamdt-live,4014.5,443,4168.0,124,"溢价求购:买一高于卖一,多为定向收特定图案,买一价不可作退出价",7,0,12,5,0,0,10,0,0.0002500625156289793,0.0036249999999999893,0.015748031496062964,0.003875968992248069,0.00012453300124537492,0.024237785431815206,0.49,6,回撤不明显,买一异常溢价(不作为可成交退出价),34,0,0
495,★ Specialist Gloves | Crimson Web (Field-Tested),800.4,1090.0,559,40,0.0716,1.3618,steamdt-live,792.5,480,804.41,215,"溢价求购:买一高于卖一,多为定向收特定图案,买一价不可作退出价",7,0,12,5,0,0,10,0,0.0,0.004435994930291454,-0.006922592825676532,0.004435994930291454,0.0025173064820641633,0.009554140127388644,0.49,7,回撤不明显,买一异常溢价(不作为可成交退出价),34,0,0
496,★ Hand Wraps | Desert Shamagh (Field-Tested),234.55,249.0,252,18,0.0714,1.0616,steamdt-live,235.41,201,232.1,266,"溢价求购:买一高于卖一,多为定向收特定图案,买一价不可作退出价",7,0,9,5,0,0,10,3,0.0,0.022466960352422793,0.008888888888888946,0.022466960352422793,0.0025784271594326835,0.04080717488789243,0.48,9,回撤不明显,买一异常溢价(不作为可成交退出价),34,0,0
497,P250 | Undertow (Factory New),276.21,253.0,141,10,0.0709,0.916,steamdt-live,280.03,94,285.48,136,,7,6,7,2,4,0,8,0,-0.006567503283751774,-0.01297169811320753,-0.005121141484777825,-0.01945400972700495,0.02447552447552448,0.0,0.49,5,可能加速下跌,,34,0,0
498,FAMAS | Night Borre (Factory New),69.38,64.0,245,16,0.0653,0.9225,steamdt-live,65.0,93,69.32,106,,7,6,7,2,8,0,4,0,-0.005914598961338724,-0.05674067624437673,0.004637681159420204,-0.06231967686093465,0.06286043829296428,0.0,0.45,3,可能加速下跌,,34,0,0
499,FAMAS | Pulse (Factory New),192.0,179.0,611,33,0.054,0.9323,steamdt-live,195.3,200,189.15,177,,3,9,12,2,4,0,4,0,0.0,-0.024648068890836927,0.004818652849740923,-0.024648068890836927,0.024648068890836927,0.03360655737704921,0.37,6,可能加速下跌,,34,0,0
500,P250 | Vino Primo (Factory New),117.47,109.0,391,15,0.0384,0.9279,steamdt-live,123.29,131,120.0,99,,3,6,9,2,4,0,10,0,0.0,-0.019367225978796254,-0.004239401496259232,-0.019367225978796254,0.024335548172757515,0.02147826086956517,0.44,6,可能加速下跌,,34,0,0
501,AWP | Sovereign Flame (Factory New),2998.0,2830.0,24,30,1.25,0.944,steamdt-live,3050.0,15,3017.91,46,,20,9,2,2,0,0,0,0,0.0,-0.0006666666666667043,0.04166666666666674,-0.0006666666666667043,0.0006666666666667043,0.044602942867396855,0.49,0,价格更新稀疏,,33,0,0
502,AK-47 | Jet Set (Factory New),6445.91,4280.0,10,5,0.5,0.664,steamdt-live,7990.0,6,6358.11,13,,20,1,2,2,0,0,8,0,0.08473048092959967,0.004723287117072372,0.0024640995812406086,0.08985397443567011,0.0026071692448150774,0.09253948315769045,0.49,18,回撤不明显,,33,0,0
503,MP9 | Wild Lily (Factory New),16666.0,15560.0,29,9,0.3103,0.9336,steamdt-live,15899.5,24,17137.05,15,,20,9,2,2,0,0,0,0,0.0,0.003123028391167182,0.0,0.003123028391167182,0.0,0.003123028391167182,0.49,1,价格更新稀疏,,33,0,0
504,★ Specialist Gloves | Marble Fade (Minimal Wear),2288.0,3630.0,208,30,0.1442,1.5865,steamdt-live,2294.0,164,2350.0,57,"溢价求购:买一高于卖一,多为定向收特定图案,买一价不可作退出价",11,0,7,5,0,0,10,0,-0.004366812227074246,0.0035087719298245723,0.004385964912280604,-0.0008733624454148048,0.0026155187445510153,0.005714285714285783,0.49,4,回撤不明显,买一异常溢价(不作为可成交退出价),33,0,0
505,Glock-18 | Blue Fissure (Factory New),220.99,201.0,51,7,0.1373,0.9095,steamdt-live,258.5,26,219.16,60,,11,6,4,2,0,0,10,0,0.006100917431192787,-0.0007750877672914047,0.0,0.00532110091743121,0.0007750877672914047,0.00532110091743121,0.49,4,回撤不明显,,33,0,0
506,★ Hydra Gloves | Mangrove (Minimal Wear),214.64,231.0,126,17,0.1349,1.0762,steamdt-live,218.98,52,222.87,86,"溢价求购:买一高于卖一,多为定向收特定图案,买一价不可作退出价",11,0,7,5,4,0,6,0,0.0,-0.022096678664176195,-0.002318181818181775,-0.022096678664176195,0.026575963718820872,0.0023349210796674846,0.49,4,可能加速下跌,买一异常溢价(不作为可成交退出价),33,0,0
507,★ Specialist Gloves | Marble Fade (Field-Tested),839.5,1310.0,382,44,0.1152,1.5605,steamdt-live,847.0,343,852.0,178,"溢价求购:买一高于卖一,多为定向收特定图案,买一价不可作退出价",11,0,9,5,2,0,6,0,-0.002366863905325478,-0.004151838671411667,0.00655151876116733,-0.0065088757396449815,0.006720461913438447,0.02378048780487796,0.48,8,回撤不明显,买一异常溢价(不作为可成交退出价),33,0,0
508,P250 | Cartel (Factory New),214.48,196.0,79,8,0.1013,0.9138,steamdt-live,223.47,49,221.32,65,,11,6,4,2,2,0,8,0,0.0,-0.008597577886659935,-0.002581834946980166,-0.008597577886659935,0.011157215306592971,0.0,0.49,2,可能加速下跌,,33,0,0
509,Desert Eagle | Mudder (Factory New),44.9,38.2,370,31,0.0838,0.8508,steamdt-live,47.35,59,46.08,123,,7,3,9,2,6,0,6,0,-0.014267185473411104,-0.01535087719298256,-0.007083065035415448,-0.02939904885430178,0.03627387851470287,0.0,0.46,6,可能加速下跌,,33,0,0
510,★ Hand Wraps | Giraffe (Field-Tested),238.0,252.0,347,27,0.0778,1.0588,steamdt-live,254.42,270,238.82,234,"溢价求购:买一高于卖一,多为定向收特定图案,买一价不可作退出价",7,0,9,5,2,0,10,0,0.0,0.03703703703703698,0.0021834061135370675,0.03703703703703698,0.006263048016701411,0.0393013100436681,0.49,12,回撤不明显,买一异常溢价(不作为可成交退出价),33,0,0
511,AWP | Safari Mesh (Factory New),42.75,37.4,465,32,0.0688,0.8749,steamdt-live,44.89,113,39.48,163,,7,3,9,2,8,0,4,0,0.0,-0.06732813607370658,0.05824999999999991,-0.06732813607370658,0.07280413339596059,0.0,0.48,5,可能加速下跌,,33,0,0
512,★ Sport Gloves | Slingshot (Field-Tested),2059.3,3810.0,1077,59,0.0548,1.8501,steamdt-live,2055.0,870,2093.0,262,"溢价求购:买一高于卖一,多为定向收特定图案,买一价不可作退出价",3,0,15,5,0,0,10,0,-0.0004868549172346581,0.001704822211398005,-0.0026705511046370978,0.0012171372930867008,0.0014566642388929019,0.005623471882640674,0.49,10,回撤不明显,买一异常溢价(不作为可成交退出价),33,0,0
513,★ Hand Wraps | CAUTION! (Field-Tested),765.5,844.0,609,30,0.0493,1.1025,steamdt-live,777.5,531,777.5,248,"溢价求购:买一高于卖一,多为定向收特定图案,买一价不可作退出价",3,0,12,5,2,0,8,3,-0.003242542153047978,-0.004554326610279769,-0.006443298969072142,-0.0077821011673151474,0.014175257731958713,0.0,0.49,19,暂未减速,买一异常溢价(不作为可成交退出价),33,0,0
514,★ Specialist Gloves | Field Agent (Field-Tested),781.5,1180.0,718,33,0.046,1.5099,steamdt-live,774.0,581,784.0,174,"溢价求购:买一高于卖一,多为定向收特定图案,买一价不可作退出价",3,0,12,5,2,0,8,3,-0.004943430842931362,-0.008962868117797673,0.005611787315823236,-0.013861991642034499,0.013861991642034499,0.010443864229765065,0.49,11,可能加速下跌,买一异常溢价(不作为可成交退出价),33,0,0
515,M4A1-S | Boreal Forest (Factory New),71.64,64.0,573,24,0.0419,0.8934,steamdt-live,73.0,115,73.81,108,,3,6,12,2,4,0,6,0,-0.009510869565217184,-0.01728395061728405,0.008219178082191636,-0.026630434782608625,0.029268292682926744,0.0,0.39,11,可能加速下跌,,33,0,0
516,Tec-9 | Flash Out (Factory New),24.05,23.3,876,24,0.0274,0.9688,steamdt-live,23.89,151,23.93,107,,3,12,12,2,4,0,0,0,0.0,-0.0004184100418409553,-0.004166666666666763,-0.0004184100418409553,0.024499795835034588,0.0,0.47,0,价格更新稀疏,,33,0,0
517,P250 | Facets (Factory New),500.0,0.0,2,0,0.0,,steamdt-live,2499.48,3,205.67,14,缺买一价,3,0,2,2,6,10,10,0,0.018826405867970575,-0.012862970962323028,-0.01155203248102854,0.005721271393642979,0.04663236452973629,0.011707413055241256,0.31,12,悠悠盘口不足,,33,0,0
518,★ Specialist Gloves | Blackbook (Field-Tested),1645.0,2370.0,158,49,0.3101,1.4407,steamdt-live,1615.0,155,1630.0,65,"溢价求购:买一高于卖一,多为定向收特定图案,买一价不可作退出价",20,0,7,5,0,0,0,0,-0.0006825938566552558,0.002856433184301954,0.0084480600750938,0.002171889543903127,0.001792446999196562,0.012634417029814715,0.49,1,价格更新稀疏,买一异常溢价(不作为可成交退出价),32,0,0
519,AK-47 | Fuel Injector (Factory New),2394.5,3020.0,433,47,0.1085,1.2612,steamdt-live,2418.0,196,2416.0,130,"溢价求购:买一高于卖一,多为定向收特定图案,买一价不可作退出价",11,0,9,2,0,0,10,0,0.0012526096033402823,-0.0014595496246871953,0.00440343887607475,-0.00020876826722338038,0.002083767451552365,0.005036726128016866,0.49,6,回撤不明显,买一异常溢价(不作为可成交退出价),32,0,0
520,MP9 | Stained Glass (Factory New),829.0,780.0,57,5,0.0877,0.9409,steamdt-live,887.98,26,847.5,57,,7,9,4,2,0,0,10,0,0.009270704573547617,0.015309246785058184,0.0,0.024721878862793645,0.0,0.024721878862793645,0.44,3,回撤不明显,,32,0,0
521,P250 | Dark Filigree (Factory New),55.8,51.0,104,9,0.0865,0.914,steamdt-live,54.83,67,55.0,105,,7,6,7,2,0,0,10,0,-0.0001818181818181719,-0.0029096199308965565,0.0,-0.003090909090909144,0.003090909090909144,0.0,0.49,3,回撤不明显,,32,0,0
522,P250 | Contaminant (Factory New),65.48,58.0,251,20,0.0797,0.8858,steamdt-live,65.0,23,68.72,20,,7,6,9,2,6,0,2,0,-0.0014925373134327957,-0.02840059790732441,0.13559322033898313,-0.02985074626865669,0.03703703703703709,0.10169491525423724,0.45,6,可能加速下跌,,32,0,0
523,Galil AR | Kami (Factory New),32.7,29.2,485,33,0.068,0.893,steamdt-live,34.0,187,33.01,106,,7,6,9,2,2,0,6,0,0.0030864197530864335,0.0030769230769231992,0.14487632508833914,0.006172839506172867,0.0060975609756096505,0.15194346289752647,0.49,10,反弹较远,,32,0,0
524,★ Specialist Gloves | Lt. Commander (Field-Tested),678.0,860.0,517,35,0.0677,1.2684,steamdt-live,675.0,452,679.9,188,"溢价求购:买一高于卖一,多为定向收特定图案,买一价不可作退出价",7,0,12,5,0,0,8,0,0.0,0.0037037037037037646,0.000741289844329085,0.0037037037037037646,0.0007374631268436405,0.01726726726726735,0.1,4,回撤不明显,买一异常溢价(不作为可成交退出价),32,0,0
525,AK-47 | Nightwish (Factory New),769.0,1120.0,658,38,0.0578,1.4564,steamdt-live,779.99,206,796.5,146,"溢价求购:买一高于卖一,多为定向收特定图案,买一价不可作退出价",3,0,12,2,4,0,8,3,-0.002560819462227859,-0.012836970474967901,-0.0025542784163473664,-0.015364916773367487,0.024111675126903598,0.0,0.48,12,可能加速下跌,买一异常溢价(不作为可成交退出价),32,0,0
526,★ Driver Gloves | Black Tie (Field-Tested),755.39,1120.0,706,38,0.0538,1.4827,steamdt-live,749.48,619,759.0,162,"溢价求购:买一高于卖一,多为定向收特定图案,买一价不可作退出价",3,0,12,5,2,0,10,0,-0.0006800090667875569,0.0,-0.0031633371878198036,-0.0006800090667875569,0.013062944429812928,0.012810810810810924,0.48,2,暂未减速,买一异常溢价(不作为可成交退出价),32,0,0
527,Galil AR | Crimson Tsunami (Factory New),39.5,37.3,704,32,0.0455,0.9443,steamdt-live,37.99,284,39.0,264,,3,9,12,2,0,0,6,0,0.0,0.009030544488711989,-0.006596306068601621,0.009030544488711989,0.0,0.02953929539295408,0.49,8,回撤不明显,,32,0,0
528,Desert Eagle | Heat Treated (Factory New),232.48,3410.0,1484,67,0.0451,14.6679,steamdt-live,237.49,300,235.0,389,"溢价求购:买一高于卖一,多为定向收特定图案,买一价不可作退出价",3,0,15,2,4,0,8,0,0.005110732538330387,-0.014915254237288234,0.018699292810967938,-0.009880749574105674,0.022659435826291707,0.01386829481029217,0.42,8,可能加速下跌,买一异常溢价(不作为可成交退出价),32,0,0
529,★ Specialist Gloves | Crimson Kimono (Field-Tested),10900.0,12090.0,851,33,0.0388,1.1092,steamdt-live,10989.5,740,11164.0,181,"溢价求购:买一高于卖一,多为定向收特定图案,买一价不可作退出价",3,0,12,5,2,0,10,0,0.01869158878504673,0.0,0.001872659176029856,0.01869158878504673,0.008189262966333044,0.02064703403717405,0.49,3,回撤不明显,买一异常溢价(不作为可成交退出价),32,0,0
530,★ Specialist Gloves | Lime Polycam (Minimal Wear),3500.0,4580.0,36,45,1.25,1.3086,steamdt-live,3500.0,41,3596.7,33,"溢价求购:买一高于卖一,多为定向收特定图案,买一价不可作退出价",20,0,4,5,2,0,0,0,0.0,-0.007092198581560294,0.0071428571428571175,-0.007092198581560294,0.007092198581560294,0.0,0.49,1,价格更新稀疏,买一异常溢价(不作为可成交退出价),31,0,0
531,★ Sport Gloves | Creme Pinstripe (Minimal Wear),1078.0,1390.0,43,23,0.5349,1.2894,steamdt-live,1098.5,40,1080.0,41,"溢价求购:买一高于卖一,多为定向收特定图案,买一价不可作退出价",20,0,4,5,2,0,0,0,-0.0004633920296570615,-0.00046360686138158247,-0.010091743119266083,-0.000926784059314234,0.011009174311926606,0.0,0.49,0,价格更新稀疏,买一异常溢价(不作为可成交退出价),31,0,0
532,★ Specialist Gloves | Blackbook (Minimal Wear),3229.5,4380.0,46,24,0.5217,1.3562,steamdt-live,3247.0,63,3249.46,31,"溢价求购:买一高于卖一,多为定向收特定图案,买一价不可作退出价",20,0,4,5,2,0,0,0,-0.002421367331307378,-0.00015479876160995332,-0.0035821115993943664,-0.002575791268252914,0.006148676095867667,0.0,0.49,1,价格更新稀疏,买一异常溢价(不作为可成交退出价),31,0,0
533,M4A1-S | Imminent Danger (Factory New),8993.3,10240.0,32,9,0.2812,1.1386,steamdt-live,8499.5,30,9022.92,22,"溢价求购:买一高于卖一,多为定向收特定图案,买一价不可作退出价",17,0,4,2,8,0,0,0,0.0,-0.054907542281476096,0.0,-0.054907542281476096,0.054907542281476096,0.0,0.21,1,价格更新稀疏,买一异常溢价(不作为可成交退出价),31,0,0
534,Five-SeveN | Candy Apple (Factory New),520.0,410.0,31,6,0.1935,0.7885,steamdt-live,508.0,39,504.0,59,,14,1,4,2,2,0,8,0,-0.000983284169124854,-0.007874015748031482,-0.004892367906066508,-0.008849557522123908,0.013698630136986356,0.0,0.49,3,可能加速下跌,,31,0,0
535,Glock-18 | Night (Factory New),221.7,187.0,32,6,0.1875,0.8435,steamdt-live,200.0,25,212.34,43,,14,3,4,2,8,0,0,0,0.0,0.0,-0.00497512437810943,0.0,0.07715023994093761,0.0,0.49,0,价格更新稀疏,,31,0,0
536,MP9 | Airlock (Factory New),168.2,160.0,261,28,0.1073,0.9512,steamdt-live,163.2,99,165.83,112,,11,9,9,2,0,0,0,0,0.0006744742166899798,0.0,-0.00024520321216203733,0.0006744742166899798,0.0,0.004678650578675114,0.49,1,价格更新稀疏,,31,0,0
537,★ Sport Gloves | Scarlet Shamagh (Field-Tested),1079.0,1580.0,424,40,0.0943,1.4643,steamdt-live,1084.5,328,1099.99,169,"溢价求购:买一高于卖一,多为定向收特定图案,买一价不可作退出价",7,0,9,5,2,0,8,0,0.014018691588784993,-0.0055299539170506895,0.0065851364063969076,0.008411214953271129,0.0055299539170506895,0.027619047619047654,0.49,11,回撤不明显,买一异常溢价(不作为可成交退出价),31,0,0
538,★ Hand Wraps | Duct Tape (Field-Tested),268.2,284.0,224,21,0.0938,1.0589,steamdt-live,276.3,162,273.0,236,"溢价求购:买一高于卖一,多为定向收特定图案,买一价不可作退出价",7,0,7,5,2,0,10,0,0.00746268656716409,-0.007407407407407418,0.0,0.0,0.007407407407407418,0.01132075471698113,0.49,10,回撤不明显,买一异常溢价(不作为可成交退出价),31,0,0
539,M4A1-S | Printstream (Factory New),2739.0,3750.0,630,55,0.0873,1.3691,steamdt-live,2746.5,465,2785.66,180,"溢价求购:买一高于卖一,多为定向收特定图案,买一价不可作退出价",7,0,12,2,0,0,10,0,0.00277382386218461,-0.00309372156505916,0.009171270718232094,-0.0003284791415745225,0.0032751091703057122,0.014444444444444482,0.49,7,回撤不明显,买一异常溢价(不作为可成交退出价),31,0,0
540,★ Specialist Gloves | Buckshot (Field-Tested),254.5,300.0,316,26,0.0823,1.1788,steamdt-live,254.8,336,260.0,209,"溢价求购:买一高于卖一,多为定向收特定图案,买一价不可作退出价",7,0,9,5,0,0,10,0,0.00768611670020114,0.016333213529811097,0.004040404040404066,0.024144869215291687,0.0019607843137254832,0.028282828282828243,0.49,13,回撤不明显,买一异常溢价(不作为可成交退出价),31,0,0
541,Tec-9 | Jambiya (Factory New),40.99,35.8,275,20,0.0727,0.8734,steamdt-live,41.0,90,40.18,85,,7,3,9,2,0,0,10,0,0.006009013520280382,0.0,0.03929221962008844,0.006009013520280382,0.0,0.04553734061930781,0.27,3,回撤不明显,,31,0,0
542,P250 | Mint Kimono (Factory New),93.09,87.0,184,9,0.0489,0.9346,steamdt-live,93.3,95,95.3,80,,3,9,7,2,4,0,6,0,-0.0044002095337873914,-0.020414605913921857,0.02778076881662539,-0.02472498690413827,0.02472498690413827,0.0024768468662503818,0.38,11,可能加速下跌,,31,0,0
543,Five-SeveN | Orange Peel (Factory New),23.77,19.8,529,22,0.0416,0.833,steamdt-live,22.2,82,21.77,126,,3,3,12,2,0,0,6,5,0.09396984924623131,0.0,0.04902477596204524,0.09396984924623131,0.0,0.15797872340425534,0.49,2,反弹较远,,31,0,0
544,Five-SeveN | Kami (Factory New),32.4,29.4,815,24,0.0294,0.9074,steamdt-live,29.18,392,30.64,161,,3,6,12,2,0,0,8,0,0.0041279669762641635,-0.00034258307639611907,0.07666666666666666,0.0037839697282422424,0.00034258307639611907,0.08074074074074078,0.42,3,回撤不明显,,31,0,0
545,M4A1-S | Welcome to the Jungle (Factory New),9697.91,12190.0,39,23,0.5897,1.257,steamdt-live,9777.0,44,10386.0,42,"溢价求购:买一高于卖一,多为定向收特定图案,买一价不可作退出价",20,0,4,2,4,0,0,0,-0.020413131313131383,0.0,0.021882741535920625,-0.020413131313131383,0.020413131313131383,0.0010229149463252263,0.49,1,价格更新稀疏,买一异常溢价(不作为可成交退出价),30,0,0
546,Tec-9 | Orange Murano (Factory New),91.99,83.0,62,11,0.1774,0.9023,steamdt-live,96.62,23,97.23,22,,14,6,4,2,4,0,0,0,0.0,-0.00010869565217397348,-0.02635199492009732,-0.00010869565217397348,0.02645782622499737,0.0,0.23,0,价格更新稀疏,,30,0,0
547,Desert Eagle | Night (Factory New),588.0,535.0,25,3,0.12,0.9099,steamdt-live,766.0,25,568.08,64,,8,6,2,2,6,0,6,0,-0.01872798699539413,-0.019706643658326084,-0.007462184873949673,-0.038065564887564185,0.04121518987341766,0.0,0.33,16,可能加速下跌,,30,0,0
548,FAMAS | Afterimage (Factory New),299.99,260.0,76,9,0.1184,0.8667,steamdt-live,288.0,39,284.7,56,,11,3,4,2,0,0,10,0,-0.0010537407797681642,0.001054852320675037,0.054444444444444295,0.0,0.0,0.054444444444444295,0.49,2,回撤不明显,,30,0,0
549,AWP | Fade (Factory New),4250.0,4550.0,487,36,0.0739,1.0706,steamdt-live,4316.0,334,4329.5,178,"溢价求购:买一高于卖一,多为定向收特定图案,买一价不可作退出价",7,0,9,2,4,0,8,0,-0.002320185614849146,-0.011627906976744207,-0.0012860469696794885,-0.0139211136890951,0.015403719225574486,0.0,0.49,4,可能加速下跌,买一异常溢价(不作为可成交退出价),30,0,0
550,★ Specialist Gloves | Cloud Chaser (Minimal Wear),5166.88,6120.0,35,33,0.9429,1.1845,steamdt-live,5200.0,53,5222.37,29,"溢价求购:买一高于卖一,多为定向收特定图案,买一价不可作退出价",20,0,4,5,0,0,0,0,-0.00019352166862118825,9.677956325315762e-05,0.03388955582232889,-9.676083431064963e-05,0.0002902263378466996,0.03399639783870323,0.49,0,价格更新稀疏,买一异常溢价(不作为可成交退出价),29,0,0
551,★ Driver Gloves | Wave Chaser (Minimal Wear),3097.5,4830.0,37,33,0.8919,1.5593,steamdt-live,3033.0,50,3274.5,20,"溢价求购:买一高于卖一,多为定向收特定图案,买一价不可作退出价",20,0,4,5,0,0,0,0,0.0,-0.003940886699507429,0.0,-0.003940886699507429,0.003940886699507429,0.0,0.49,1,价格更新稀疏,买一异常溢价(不作为可成交退出价),29,0,0
552,★ Sport Gloves | Occult (Minimal Wear),5869.0,7000.0,84,43,0.5119,1.1927,steamdt-live,5950.0,94,6000.0,28,"溢价求购:买一高于卖一,多为定向收特定图案,买一价不可作退出价",20,0,4,5,0,0,0,0,-8.596234849134188e-05,0.009112792297111483,-0.013065241367608338,0.009026046591592785,0.0040726285423383635,0.009286328460877069,0.24,1,价格更新稀疏,买一异常溢价(不作为可成交退出价),29,0,0
553,Tec-9 | Hades (Factory New),168.0,141.0,37,3,0.0811,0.8393,steamdt-live,178.69,26,162.15,48,,7,3,4,2,0,0,8,5,0.006711409395973256,0.08099999999999996,-0.0033444816053511683,0.08825503355704711,0.0,0.08825503355704711,0.27,4,回撤不明显,,29,0,0
554,Five-SeveN | Hot Shot (Factory New),286.99,237.0,141,11,0.078,0.8258,steamdt-live,265.71,70,282.8,77,,7,3,7,2,6,0,4,0,-0.003869101428313093,-0.035465369536808566,-0.0037824207492795914,-0.03919725185319123,0.042831412103746525,0.0,0.49,7,可能加速下跌,,29,0,0
555,AWP | Pink DDPAT (Factory New),865.0,785.0,41,2,0.0488,0.9075,steamdt-live,997.94,14,881.7,41,,3,6,4,2,4,2,8,0,-0.006172133958166626,-0.00517538815411156,-0.0052302444570778706,-0.01131557892330548,0.01648664013644119,0.0,0.44,3,可能加速下跌,,29,0,0
556,Desert Eagle | Blaze (Factory New),4033.1,3990.0,506,15,0.0296,0.9893,steamdt-live,4060.0,433,4087.22,118,,3,12,12,2,0,0,0,0,-0.0003743285017686615,0.0001785546005088623,-0.0009930904678174812,-0.000195840739335984,0.001213472015849426,0.0032587064676616873,0.49,0,价格更新稀疏,,29,0,0
557,P250 | Mehndi (Factory New),199.5,178.0,34,6,0.1765,0.8922,steamdt-live,195.5,44,195.0,72,,14,6,4,2,2,0,0,0,0.0,-0.002557544757033292,-0.010126582278481067,-0.002557544757033292,0.012658227848101222,0.0,0.49,1,价格更新稀疏,,28,0,0
558,MP9 | Starlight Protector (Factory New),599.0,830.0,221,26,0.1176,1.3856,steamdt-live,610.0,175,620.13,83,"溢价求购:买一高于卖一,多为定向收特定图案,买一价不可作退出价",11,0,7,2,2,0,6,0,0.0,-0.0018319854761511545,0.016627795768385356,-0.0018319854761511545,0.007727645611156797,0.028554421768707483,0.49,6,回撤不明显,买一异常溢价(不作为可成交退出价),28,0,0
559,Five-SeveN | Case Hardened (Factory New),241.0,400.0,232,21,0.0905,1.6598,steamdt-live,241.6,148,247.0,110,"溢价求购:买一高于卖一,多为定向收特定图案,买一价不可作退出价",7,0,7,2,2,0,10,0,-0.0020635575732562694,-0.003308519437551727,-0.002839623029754268,-0.005365249690466367,0.008189637433639319,0.0,0.48,3,回撤不明显,买一异常溢价(不作为可成交退出价),28,0,0
560,M4A1-S | Electrum (Factory New),37.59,46.3,429,38,0.0886,1.2317,steamdt-live,39.8,456,36.92,203,"溢价求购:买一高于卖一,多为定向收特定图案,买一价不可作退出价",7,0,9,2,0,0,10,0,0.0,0.0027159152634437245,-0.0021680216802167918,0.0027159152634437245,0.004583445672688091,0.005446623093682046,0.39,11,回撤不明显,买一异常溢价(不作为可成交退出价),28,0,0
561,USP-S | Blueprint (Factory New),674.0,652.0,196,16,0.0816,0.9674,steamdt-live,669.5,92,680.83,81,,7,12,7,2,0,0,0,0,0.0033419755121615324,0.0,0.012549317147192651,0.0033419755121615324,0.0,0.01593323216995457,0.49,1,价格更新稀疏,,28,0,0
562,M4A1-S | Fade (Factory New),1159.9,1640.0,1791,89,0.0497,1.4139,steamdt-live,1163.5,1413,1162.99,1067,"溢价求购:买一高于卖一,多为定向收特定图案,买一价不可作退出价",3,0,15,2,0,0,8,0,0.0008620689655172153,-0.0009474590869938959,0.004337699893505631,-8.620689655169933e-05,0.004377682403433392,0.009486510008703375,0.49,14,回撤不明显,买一异常溢价(不作为可成交退出价),28,0,0
563,FAMAS | Faulty Wiring (Factory New),22.11,18.9,471,23,0.0488,0.8548,steamdt-live,23.49,76,22.1,139,,3,3,9,2,4,0,2,5,-0.008822232024702337,-0.016466399643969676,0.050509731232623034,-0.0251433612704014,0.027288732394366133,0.10499999999999998,0.49,11,可能加速下跌,,28,0,0
564,M4A4 | Radiation Hazard (Factory New),2444.0,1930.0,9,5,0.5556,0.7897,steamdt-live,2399.0,7,2347.0,12,,20,1,2,2,2,0,0,0,0.0,0.0,-0.008658922914466682,0.0,0.008658922914466682,0.0,0.38,0,价格更新稀疏,,27,0,0
565,Tec-9 | Cut Out (Factory New),96.2,72.0,26,5,0.1923,0.7484,steamdt-live,91.99,25,93.55,35,,14,1,2,2,8,0,0,0,0.0,-0.00010869565217397348,-0.06399430257401573,-0.00010869565217397348,0.064096042323736,0.0,0.49,0,价格更新稀疏,,27,0,0
566,M4A4 | Dark Operative (Factory New),41.74,36.6,90,16,0.1778,0.8769,steamdt-live,41.6,82,42.09,104,,14,3,4,2,4,0,0,0,-0.007159904534606132,0.0,-0.014117647058823568,-0.007159904534606132,0.02117647058823524,0.0,0.39,1,价格更新稀疏,,27,0,0
567,AK-47 | X-Ray (Factory New),12996.5,14200.0,164,25,0.1524,1.0926,steamdt-live,13452.5,59,13240.0,61,"溢价求购:买一高于卖一,多为定向收特定图案,买一价不可作退出价",14,0,7,2,4,0,0,0,-3.8461538461542766e-05,-0.00023077810685023792,0.0,-0.00026923076923079936,0.022819548872180406,0.0,0.48,0,价格更新稀疏,买一异常溢价(不作为可成交退出价),27,0,0
568,Galil AR | Aqua Terrace (Factory New),878.7,768.0,32,4,0.125,0.874,steamdt-live,928.9,21,908.89,38,,8,3,4,2,0,0,10,0,-0.0005683755825849346,-0.0005686988171064167,-0.00022729855665404308,-0.0011367511651699802,0.0013637913399249246,0.0,0.49,2,回撤不明显,,27,0,0
569,★ Specialist Gloves | Crimson Web (Minimal Wear),1776.5,3480.0,290,36,0.1241,1.9589,steamdt-live,1834.5,219,1837.5,66,"溢价求购:买一高于卖一,多为定向收特定图案,买一价不可作退出价",11,0,9,5,2,0,0,0,-0.010030649205906905,0.0,-0.0027785495971103247,-0.010030649205906905,0.012781328146707405,0.0002815315315314315,0.49,1,价格更新稀疏,买一异常溢价(不作为可成交退出价),27,0,0
570,Galil AR | Vandal (Factory New),76.4,72.0,264,26,0.0985,0.9424,steamdt-live,76.7,89,76.35,78,,7,9,9,2,0,0,0,0,0.0,-0.00013095861707712597,0.008985200845665897,-0.00013095861707712597,0.00013095861707712597,0.013271400132714106,0.49,0,价格更新稀疏,,27,0,0
571,Tec-9 | Snek-9 (Factory New),29.89,28.6,389,37,0.0951,0.9568,steamdt-live,29.7,97,29.32,113,,7,9,9,2,0,0,0,0,0.015939015939016032,0.0,0.0,0.015939015939016032,0.0,0.015939015939016032,0.49,1,价格更新稀疏,,27,0,0
572,AWP | Graphite (Factory New),870.5,932.0,585,32,0.0547,1.0706,steamdt-live,880.0,429,887.0,280,"溢价求购:买一高于卖一,多为定向收特定图案,买一价不可作退出价",3,0,12,2,4,0,6,0,-0.00615556799104644,-0.0197072072072072,0.015918135304149983,-0.025741466144376002,0.02683063163778643,0.0011500862564692849,0.49,16,可能加速下跌,买一异常溢价(不作为可成交退出价),27,0,0
573,P250 | Epicenter (Factory New),122.97,115.0,185,8,0.0432,0.9352,steamdt-live,127.41,81,124.95,102,,3,9,7,2,6,0,0,0,0.0,-8.131403480249322e-05,-0.031653543307086585,-8.131403480249322e-05,0.03847056063804832,0.003836734693877464,0.29,1,价格更新稀疏,,27,0,0
574,AK-47 | Wild Lotus (Factory New),95666.0,106510.0,114,27,0.2368,1.1134,steamdt-live,95999.5,111,97800.0,39,"溢价求购:买一高于卖一,多为定向收特定图案,买一价不可作退出价",17,0,7,2,0,0,0,0,0.0,0.0,0.0,0.0,0.0,0.0,0.43,0,价格更新稀疏,买一异常溢价(不作为可成交退出价),26,0,0
575,Glock-18 | Pink DDPAT (Factory New),480.0,401.0,22,5,0.2273,0.8354,steamdt-live,510.0,15,509.16,35,,17,3,2,2,2,0,0,0,0.0,0.0,-0.012345679012345734,0.0,0.012345679012345734,0.0,0.49,0,价格更新稀疏,,26,0,0
576,★ Hand Wraps | CAUTION! (Minimal Wear),1160.0,1490.0,248,45,0.1815,1.2845,steamdt-live,1167.5,168,1164.0,87,"溢价求购:买一高于卖一,多为定向收特定图案,买一价不可作退出价",14,0,7,5,0,0,0,0,0.0,0.012658227848101333,0.0061484409310497146,0.012658227848101333,0.0036589765172727606,0.013109284797247156,0.43,1,价格更新稀疏,买一异常溢价(不作为可成交退出价),26,0,0
577,★ Moto Gloves | Spearmint (Minimal Wear),18297.48,26340.0,189,34,0.1799,1.4395,steamdt-live,18500.0,159,18389.48,59,"溢价求购:买一高于卖一,多为定向收特定图案,买一价不可作退出价",14,0,7,5,0,0,0,0,-2.732240437153255e-05,-0.00011038552965925152,0.0082922394556324,-0.00013770491803277718,0.00013770491803277718,0.008181167006446666,0.49,0,价格更新稀疏,买一异常溢价(不作为可成交退出价),26,0,0
578,Five-SeveN | Hyper Beast (Factory New),2646.27,2450.0,39,6,0.1538,0.9258,steamdt-live,2846.09,33,2654.78,49,,14,6,4,2,0,0,0,0,-0.0012040189321598227,0.0,-1.5097188148738283e-05,-0.0012040189321598227,0.0012190979430081184,0.0,0.42,1,价格更新稀疏,,26,0,0
579,USP-S | Para Green (Factory New),247.99,229.0,183,24,0.1311,0.9234,steamdt-live,257.99,91,245.42,96,,11,6,7,2,0,0,0,0,0.0,0.0,0.009958847736625476,0.0,0.0,0.018340248962655625,0.49,0,价格更新稀疏,,26,0,0
580,P250 | Hive (Factory New),55.38,50.0,161,20,0.1242,0.9029,steamdt-live,46.98,84,48.13,135,,11,6,7,2,0,0,0,0,-0.0021240441801190224,0.0,0.10542380840572885,-0.0021240441801190224,0.004239084357778755,0.10307583939891973,0.36,1,价格更新稀疏,,26,0,0
581,AWP | Gungnir (Factory New),77680.0,91220.0,132,13,0.0985,1.1743,steamdt-live,78222.0,169,78499.0,37,"溢价求购:买一高于卖一,多为定向收特定图案,买一价不可作退出价",7,0,7,2,0,0,10,0,0.0048837840282174305,-0.0012471553286961257,-6.459990051665976e-06,0.003630537862246319,0.0012471553286961257,0.0037731948105650392,0.49,2,回撤不明显,买一异常溢价(不作为可成交退出价),26,0,0
582,★ Specialist Gloves | Fade (Minimal Wear),3004.4,5570.0,583,37,0.0635,1.8539,steamdt-live,2998.5,598,3048.1,164,"溢价求购:买一高于卖一,多为定向收特定图案,买一价不可作退出价",7,0,12,5,2,0,0,0,0.00033344448149374983,-0.0004999999999999449,-0.00016669444907480013,-0.00016672224074687492,0.006609352482234154,0.0,0.48,1,价格更新稀疏,买一异常溢价(不作为可成交退出价),26,0,0
583,AK-47 | Jaguar (Factory New),3061.0,2590.0,134,3,0.0224,0.8461,steamdt-live,3178.46,41,2890.56,45,,3,3,7,2,0,0,6,5,-0.0001801477211312852,0.0416432432432432,0.047556142668428114,0.04145559358674111,0.00020752915784660875,0.10326717557251897,0.49,3,回撤不明显,,26,0,0
584,AK-47 | Red Laminate (Factory New),3037.99,1540.0,7,6,0.8571,0.5069,steamdt-live,4000.0,8,3292.92,6,,20,1,2,2,0,0,0,0,0.0,-0.00032905669317762065,0.0,-0.00032905669317762065,0.00032905669317762065,0.0,0.47,0,价格更新稀疏,,25,0,0
585,Tec-9 | Brass (Factory New),450.0,368.0,10,4,0.4,0.8178,steamdt-live,480.0,10,449.0,38,,8,3,2,2,0,0,10,0,-0.0011111111111110628,-0.0011123470522803602,0.0,-0.0022222222222222365,0.0022222222222222365,0.0,0.33,2,回撤不明显,,25,0,0
586,Desert Eagle | Hand Cannon (Factory New),2729.78,2160.0,19,7,0.3684,0.7913,steamdt-live,2978.5,30,2577.43,33,,20,1,2,2,0,0,0,0,0.0,0.010008268381474172,-0.007984668193109279,0.010008268381474172,0.0,0.010008268381474172,0.33,1,价格更新稀疏,,25,0,0
587,AK-47 | First Class (Factory New),1983.45,1050.0,9,2,0.2222,0.5294,steamdt-live,1399.9,19,1359.9,17,,8,1,2,2,4,0,8,0,0.0,-0.010909884355225885,-0.010792143319663272,-0.010909884355225885,0.021584286639326544,0.0,0.49,3,可能加速下跌,,25,0,0
588,P250 | Digital Architect (Factory New),261.8,168.0,24,2,0.0833,0.6417,steamdt-live,329.4,22,263.5,42,,7,1,2,2,2,0,10,0,0.015346153846153898,-0.008295768779120416,0.0,0.006923076923077032,0.012038190120381875,0.006923076923077032,0.29,13,可能加速下跌,,24,0,0
589,P250 | Bengal Tiger (Factory New),340.0,166.0,25,1,0.04,0.4882,steamdt-live,317.7,21,304.5,25,,3,1,2,2,6,0,10,0,0.0003284072249589709,-0.00032829940906109467,0.0,0.0,0.03791469194312791,0.0,0.49,2,暂未减速,,24,0,0
590,MP9 | Dry Season (Factory New),2600.0,55.0,1,4,4.0,0.0212,steamdt-live,769.5,2,697.0,3,,8,1,2,2,0,0,10,0,0.0,0.0,0.0028776978417266452,0.0,0.0028612303290415086,0.0028776978417266452,0.32,2,回撤不明显,,23,0,0
591,M4A4 | Jungle Tiger (Factory New),665.5,400.0,8,3,0.375,0.6011,steamdt-live,519.5,10,551.53,7,,8,1,2,2,0,0,10,0,0.0009624639076035724,-0.0009615384615384581,0.0,0.0,0.0009615384615384581,0.0,0.49,2,回撤不明显,,23,0,0
592,FAMAS | Spitfire (Factory New),2300.0,640.0,7,2,0.2857,0.2783,steamdt-live,2800.0,3,2245.0,10,,8,1,2,2,0,0,10,0,0.0,-0.0022222222222222365,-0.0022172949002217113,-0.0022222222222222365,0.0044345898004434225,0.0,0.47,5,回撤不明显,,23,0,0
593,Desert Eagle | Sunset Storm 弐 (Factory New),3098.39,3550.0,52,14,0.2692,1.1458,steamdt-live,3078.48,35,3130.99,52,"溢价求购:买一高于卖一,多为定向收特定图案,买一价不可作退出价",17,0,4,2,0,0,0,0,0.0,-3.2483457798049287e-06,-0.00016563819421899773,-3.2483457798049287e-06,0.00016888600194864267,0.0,0.36,0,价格更新稀疏,买一异常溢价(不作为可成交退出价),23,0,0
594,Desert Eagle | Sunset Storm 壱 (Factory New),3077.99,3500.0,51,11,0.2157,1.1371,steamdt-live,3184.74,38,3265.11,50,"溢价求购:买一高于卖一,多为定向收特定图案,买一价不可作退出价",17,0,4,2,0,0,0,0,0.0,-0.0001624172889955755,-0.00016239091390357618,-0.0001624172889955755,0.00032478182780715237,0.0,0.49,0,价格更新稀疏,买一异常溢价(不作为可成交退出价),23,0,0
595,M4A4 | Howl (Factory New),44800.0,50630.0,94,17,0.1809,1.1301,steamdt-live,45000.0,102,45998.5,33,"溢价求购:买一高于卖一,多为定向收特定图案,买一价不可作退出价",14,0,4,5,0,0,0,0,-1.123595505614361e-05,0.006752884863874931,0.0,0.006741573033707926,0.0,0.006752884863874931,0.47,1,价格更新稀疏,买一异常溢价(不作为可成交退出价),23,0,0
596,FAMAS | Prime Conspiracy (Factory New),565.5,391.0,23,3,0.1304,0.6914,steamdt-live,508.0,23,507.0,35,,8,1,2,2,0,0,10,0,0.0009852216748769127,-0.0019685039370078705,0.00019708316909738954,-0.0009852216748768017,0.0019685039370078705,0.00019727756954046605,1.39,3,回撤不明显,,23,0,0
597,Five-SeveN | Nightshade (Factory New),100.79,92.0,592,12,0.0203,0.9128,steamdt-live,100.0,58,97.93,43,,3,6,12,2,0,0,0,0,0.0,0.0,0.030842105263158004,0.0,0.0,0.07876184181537793,0.32,0,价格更新稀疏,,23,0,0
598,Galil AR | Hunting Blind (Factory New),39.38,14.1,20,5,0.25,0.358,steamdt-live,68.96,19,38.19,14,,17,1,2,2,0,0,0,0,0.0,0.0,0.0,0.0,0.0,0.0,0.32,0,价格更新稀疏,,22,0,0
599,Desert Eagle | Urban DDPAT (Factory New),147.49,85.0,26,6,0.2308,0.5763,steamdt-live,169.0,16,135.0,43,,17,1,2,2,0,0,0,0,0.0,0.0,0.0,0.0,0.0,0.0,0.49,0,价格更新稀疏,,22,0,0
600,USP-S | Overgrowth (Factory New),574.0,388.0,24,5,0.2083,0.676,steamdt-live,568.9,16,585.92,31,,17,1,2,2,0,0,0,0,0.0,0.0,0.0,0.0,0.0,0.0,0.27,0,价格更新稀疏,,22,0,0
601,AWP | The Prince (Factory New),16787.9,17760.0,73,13,0.1781,1.0579,steamdt-live,16886.0,69,16774.97,40,"溢价求购:买一高于卖一,多为定向收特定图案,买一价不可作退出价",14,0,4,2,2,0,0,0,0.005000029940299022,-0.0005022820167546183,-0.009818860988408229,0.004495236498422095,0.005367762592274117,0.004495236498422095,0.49,1,价格更新稀疏,买一异常溢价(不作为可成交退出价),22,0,0
602,Galil AR | Urban Rubble (Factory New),93.79,67.0,80,3,0.0375,0.7144,steamdt-live,110.0,19,93.99,23,,3,1,4,2,2,0,10,0,-0.0010616838305551601,-0.003188436603252187,-0.0031749391469996224,-0.004246735322220974,0.007408191342999193,0.0,0.49,6,回撤不明显,,22,0,0
603,Galil AR | Tornado (Factory New),157.37,113.0,33,6,0.1818,0.7181,steamdt-live,169.5,20,166.05,35,,14,1,4,2,0,0,0,0,0.0,0.0,0.0,0.0,0.0,0.0,0.23,0,价格更新稀疏,,21,0,0
604,MP9 | Dark Age (Factory New),529.9,380.0,31,5,0.1613,0.7171,steamdt-live,559.6,34,562.0,27,,14,1,4,2,0,0,0,0,0.0,-0.00018867924528309654,0.05915267785771383,-0.00018867924528309654,0.00018867924528309654,0.05895283772981608,0.49,0,价格更新稀疏,,21,0,0
605,AWP | BOOM (Factory New),2349.0,2600.0,41,8,0.1951,1.1069,steamdt-live,2649.0,23,2413.69,31,"溢价求购:买一高于卖一,多为定向收特定图案,买一价不可作退出价",14,0,4,2,0,0,0,0,0.0,0.0,0.0002129018522460946,0.0,0.0,0.0002129018522460946,0.33,0,价格更新稀疏,买一异常溢价(不作为可成交退出价),20,0,0
606,P250 | Apep's Curse (Factory New),710.0,622.0,58,6,0.1034,0.8761,steamdt-live,850.0,34,716.38,51,,11,3,4,2,0,0,0,0,0.0,0.021582733812949728,0.0,0.021582733812949728,0.0,0.021582733812949728,0.49,1,价格更新稀疏,,20,0,0
607,Tec-9 | Rust Leaf (Factory New),84.99,79.0,122,7,0.0574,0.9295,steamdt-live,111.76,28,86.71,43,,3,6,7,2,0,0,0,0,0.0,-0.00011764705882355564,0.0,-0.00011764705882355564,0.00011764705882355564,0.0,0.23,0,价格更新稀疏,,18,0,0
608,Tec-9 | Terrace (Factory New),793.9,637.0,16,4,0.25,0.8024,steamdt-live,714.9,14,732.6,29,,8,3,2,2,2,0,0,0,0.00013987970345508138,-0.00013986013986022616,-0.006945409084595067,0.0,0.006945409084595067,0.0,0.27,0,价格更新稀疏,,17,0,0
609,M4A4 | Tornado (Factory New),754.0,651.0,13,3,0.2308,0.8634,steamdt-live,730.0,19,744.9,14,,8,3,2,2,2,0,0,0,0.0,0.0,-0.010840108401083959,0.0,0.010840108401083959,0.0,0.49,0,价格更新稀疏,,17,0,0
610,Glock-18 | Synth Leaf (Factory New),2198.0,1900.0,24,4,0.1667,0.8644,steamdt-live,2471.38,24,2334.31,32,,8,3,2,2,2,0,0,0,-0.0020380434782608647,-0.0024960290447015865,-0.005181347150259086,-0.004528985507246341,0.009463722397476393,0.0,0.23,0,价格更新稀疏,,17,0,0
611,Desert Eagle | Pilot (Factory New),1132.3,860.0,37,4,0.1081,0.7595,steamdt-live,1339.9,46,1052.0,42,,8,1,4,2,2,0,0,0,0.0,0.0,-0.0055958862673927134,0.0,0.0055958862673927134,0.0,0.49,0,价格更新稀疏,,17,0,0
612,AK-47 | Vulcan (Factory New),3637.0,5650.0,846,42,0.0496,1.5535,steamdt-live,3633.5,691,3735.0,167,"溢价求购:买一高于卖一,多为定向收特定图案,买一价不可作退出价",3,0,12,2,0,0,0,0,0.0,0.0009641873278236623,0.0019321004692243182,0.0009641873278236623,0.0,0.009305555555555456,0.49,1,价格更新稀疏,买一异常溢价(不作为可成交退出价),17,0,0
613,FAMAS | Hexane (Factory New),64.4,53.0,293,12,0.041,0.823,steamdt-live,64.19,120,59.23,66,,3,3,9,2,0,0,0,0,0.01944922547332184,0.0,0.008505467800729027,0.01944922547332184,0.0,0.028120118035063424,0.49,1,价格更新稀疏,,17,0,0
614,Glock-18 | Sand Dune (Factory New),3499.0,0.0,4,0,0.0,,steamdt-live,0.0,0,1450.0,6,缺买一价,3,0,2,2,10,0,0,0,0.0,-0.21602128096715933,0.0,-0.21602128096715933,0.21602128096715933,0.0,0.32,1,悠悠盘口不足,,17,0,0
615,Five-SeveN | Crimson Blossom (Factory New),574.99,492.0,14,3,0.2143,0.8557,steamdt-live,545.0,26,641.27,17,,8,3,2,2,0,0,0,0,0.0,0.0001835199119104569,0.0,0.0001835199119104569,0.0,0.0001835199119104569,0.42,0,价格更新稀疏,,15,0,0
616,USP-S | Business Class (Factory New),555.0,475.0,13,2,0.1538,0.8559,steamdt-live,558.0,15,565.73,22,,8,3,2,2,0,0,0,0,0.0,0.0,0.052891182273486104,0.0,0.0,0.052891182273486104,0.49,0,价格更新稀疏,,15,0,0
617,Five-SeveN | Neon Kimono (Factory New),3694.6,2630.0,31,4,0.129,0.7118,steamdt-live,3199.9,26,3199.9,44,,8,1,4,2,0,0,0,0,3.125097659295584e-05,-3.124999999992717e-05,0.0,0.0,3.124999999992717e-05,0.0,0.49,0,价格更新稀疏,,15,0,0
618,Glock-18 | Brass (Factory New),776.65,690.0,60,3,0.05,0.8884,steamdt-live,788.1,26,775.79,50,,3,6,4,2,0,0,0,0,-0.0010301446065492659,0.0,-0.0010290845007010496,-0.0010301446065492659,0.0020581690014022103,0.0,0.32,1,价格更新稀疏,,15,0,0
619,P250 | Iron Clad (Factory New),44.99,39.3,230,9,0.0391,0.8735,steamdt-live,44.38,25,45.79,71,,3,3,7,2,0,0,0,0,-0.0022482014388487404,0.0,0.12807506974384975,-0.0022482014388487404,0.0022482014388487404,0.12553892974892222,0.41,1,价格更新稀疏,,15,0,0
620,AK-47 | Wasteland Rebel (Factory New),2351.2,2000.0,21,2,0.0952,0.8506,steamdt-live,2086.8,28,2214.68,32,,7,3,2,2,0,0,0,0,0.0,0.0,0.0,0.0,0.0,0.0,0.47,0,价格更新稀疏,,14,0,0
621,AWP | Snake Camo (Factory New),3500.0,1420.0,2,3,1.5,0.4057,steamdt-live,2600.0,5,1924.86,23,,8,1,2,2,0,0,0,0,0.0,0.0,0.0,0.0,0.0,0.0,0.44,0,价格更新稀疏,,13,0,0
622,Five-SeveN | Contractor (Factory New),240.0,36.0,3,3,1.0,0.15,steamdt-live,229.0,8,265.35,2,,8,1,2,2,0,0,0,0,0.0,0.0,0.0,0.0,0.0,0.0,0.49,0,价格更新稀疏,,13,0,0
623,AK-47 | Jungle Spray (Factory New),1150.0,720.0,5,4,0.8,0.6261,steamdt-live,999.0,6,1029.02,15,,8,1,2,2,0,0,0,0,0.0,0.0,0.0,0.0,0.0,0.0,0.49,0,价格更新稀疏,,13,0,0
624,AK-47 | Predator (Factory New),666.0,358.0,6,3,0.5,0.5375,steamdt-live,1001.0,5,721.92,5,,8,1,2,2,0,0,0,0,0.0,0.0,0.0,0.0,0.0,0.0,0.48,0,价格更新稀疏,,13,0,0
625,MP9 | Bulldozer (Factory New),7499.5,4020.0,6,3,0.5,0.536,steamdt-live,6799.0,5,7094.37,6,,8,1,2,2,0,0,0,0,0.0,0.0,0.0,0.0,0.0,0.0,0.49,0,价格更新稀疏,,13,0,0
626,P250 | Splash (Factory New),406.5,283.0,8,3,0.375,0.6962,steamdt-live,319.5,14,332.04,16,,8,1,2,2,0,0,0,0,0.0,0.0,0.0,0.0,0.0,0.0,0.31,0,价格更新稀疏,,13,0,0
627,Glock-18 | Groundwater (Factory New),579.0,260.0,6,2,0.3333,0.4491,steamdt-live,666.0,7,640.17,7,,8,1,2,2,0,0,0,0,0.0017301038062282892,0.0,-0.0017271157167529916,0.0017301038062282892,0.0,0.49226804123711343,0.4,1,价格更新稀疏,,13,0,0
628,P250 | Nuclear Threat (Factory New),12888.88,680.0,3,1,0.3333,0.0528,steamdt-live,21888.0,1,13168.0,1,,8,1,2,2,0,0,0,0,0.0,0.0,0.0,0.0,0.0,0.0,0.31,0,价格更新稀疏,,13,0,0
629,FAMAS | Sundown (Factory New),698.0,530.0,13,4,0.3077,0.7593,steamdt-live,785.0,11,740.98,18,,8,1,2,2,0,0,0,0,0.0,0.0,0.0,0.0,0.0,0.0,1.49,0,价格更新稀疏,,13,0,0
630,Galil AR | Shattered (Factory New),500.0,73.0,10,3,0.3,0.146,steamdt-live,399.0,4,5455.16,1,,8,1,2,2,0,0,0,0,0.0,0.0,0.002512562814070307,0.0,0.0,0.002512562814070307,0.49,0,价格更新稀疏,,13,0,0
631,AK-47 | Black Laminate (Factory New),1778.0,1160.0,13,3,0.2308,0.6524,steamdt-live,1778.5,16,1886.11,17,,8,1,2,2,0,0,0,0,0.0,0.0,-0.0002811357885859067,0.0,0.0002811357885859067,0.0,0.49,0,价格更新稀疏,,13,0,0
632,M4A4 | Faded Zebra (Factory New),408.0,212.0,13,3,0.2308,0.5196,steamdt-live,520.0,10,423.0,12,,8,1,2,2,0,0,0,0,0.0,0.0,0.0,0.0,0.0,0.0,0.38,0,价格更新稀疏,,13,0,0
633,P250 | Red Rock (Factory New),248.0,130.0,9,2,0.2222,0.5242,steamdt-live,319.9,10,263.22,10,,8,1,2,2,0,0,0,0,0.0,0.0,0.0,0.0,0.0,0.0,0.31,0,价格更新稀疏,,13,0,0
634,M4A4 | Zirka (Factory New),574.88,371.0,10,2,0.2,0.6454,steamdt-live,575.0,8,588.14,21,,8,1,2,2,0,0,0,0,0.0,0.0,0.0,0.0,0.0,0.0,0.38,0,价格更新稀疏,,13,0,0
635,MP9 | Storm (Factory New),197.99,83.0,24,4,0.1667,0.4192,steamdt-live,212.3,14,205.6,10,,8,1,2,2,0,0,0,0,0.0,0.0,0.0,0.0,0.0,0.0,0.31,0,价格更新稀疏,,13,0,0
636,MP9 | Green Plaid (Factory New),60.99,41.0,13,2,0.1538,0.6722,steamdt-live,70.0,5,74.55,2,,8,1,2,2,0,0,0,0,0.0,0.0,0.0,0.0,0.0,0.0,0.31,0,价格更新稀疏,,13,0,0
637,Five-SeveN | Nitro (Factory New),438.9,162.0,7,1,0.1429,0.3691,steamdt-live,409.5,6,422.45,14,,8,1,2,2,0,0,0,0,0.0,0.0,0.0,0.0,0.0,0.0,0.32,0,价格更新稀疏,,13,0,0
638,M4A4 | Desert Storm (Factory New),488.0,330.0,17,2,0.1176,0.6762,steamdt-live,448.8,12,432.07,9,,8,1,2,2,0,0,0,0,0.0,0.0,0.05907297105179299,0.0,0.0,0.05907297105179299,0.38,0,价格更新稀疏,,13,0,0
639,FAMAS | Contrast Spray (Factory New),0.0,0.01,0,1,,,steamdt-live,810.0,2,762.11,6,缺卖一价,0,0,0,2,0,0,10,0,-0.0004463641018235265,0.0009719321748953291,0.0006174136934475882,0.0005251342374394952,0.0,0.0014980879666741664,0.49,2,悠悠盘口不足,,12,0,0
640,Galil AR | Winter Forest (Factory New),4900.0,0.0,3,0,0.0,,steamdt-live,5100.0,2,3520.6,2,缺买一价,3,0,2,2,0,0,0,0,0.0,0.0,0.0,0.0,0.0,0.0,0.32,0,悠悠盘口不足,,7,0,0
641,Tec-9 | Nuclear Threat (Factory New),4588.88,0.0,1,0,0.0,,steamdt-live,0.0,0,4688.0,1,缺买一价,3,0,2,2,0,0,0,0,0.0,0.0,0.0,0.0,0.0,0.0,0.49,0,悠悠盘口不足,,7,0,0
642,P250 | Modern Hunter (Factory New),,,0,0,,,,8000.0,2,2970.0,1,无悠悠数据,0,0,0,2,0,0,0,0,0.0,0.0,0.0,0.0,0.0,0.0,0.49,0,悠悠盘口不足,,2,0,0
643,M4A4 | Modern Hunter (Factory New),0.0,1300.0,0,4,,,steamdt-live,4299.5,3,4025.88,9,缺卖一价,0,0,0,2,0,0,0,0,0.0,0.0,0.0,0.0,0.0,0.0,0.49,0,悠悠盘口不足,,2,0,0
