排名,marketHashName,youpin_sell,youpin_buy,youpin_sell_count,youpin_buy_count,挂买/挂卖,买一/卖一,数据来源,buff_sell,buff_sell_count,c5_sell,c5_sell_count,备注,盘口深度分,盘口紧密度分,流动性分,品质分,回撤位置分,跌速减弱分,低点企稳分,下行跌幅收敛分,前12h涨跌,近12h涨跌,前24h涨跌,近24h涨跌,48h回撤,距48h低点,5日回撤,5日涨跌,30日涨跌,K线时效(小时),24h变价次数,信号状态,报价风险,V2.6总分,建议资金,实际获批
1,★ Specialist Gloves | Emerald Web (Field-Tested),7300.0,7140.0,361,71,0.1967,0.9781,steamdt-live,7965.5,81,7488.0,71,,14,12,9,5,8,20,6,5,-0.006972321994506703,0.03546099290780136,-0.053398737864983836,0.02824142545249675,0.026665368887158536,0.03988603988603989,0.05556633676175693,-0.02510683760683763,-0.2771919401950592,0.39,10,减速明显,,79,25000,25000
2,★ Driver Gloves | Crimson Weave (Field-Tested),6448.0,6140.0,228,57,0.25,0.9522,steamdt-live,6880.0,22,6599.5,45,,17,9,7,5,8,20,6,5,-0.01748807631160576,0.043284789644012944,-0.046969696969696995,0.025039745627980947,0.023032047882415307,0.04345363327399254,0.06557971014492758,-0.018643863993704657,-0.25890804597701145,0.13,5,减速明显,,77,25000,25000
3,M4A4 | X-Ray (Factory New),735.5,720.0,1008,72,0.0714,0.9789,steamdt-live,744.5,266,745.8,231,,7,12,15,2,10,20,6,5,-0.01031636863823937,0.02223766504517033,-0.06735086593970496,0.011691884456671353,0.04480519480519485,0.02294853963838661,0.10239199414205513,-0.08633540372670812,-0.2982539833985306,0.3,10,减速明显,,77,25000,25000
4,M4A1-S | Leaded Glass (Factory New),242.0,238.0,1071,69,0.0644,0.9835,steamdt-live,250.0,194,253.29,211,,7,12,15,2,10,20,6,3,-0.005374121537825571,0.005818786367414841,-0.05322896281800393,0.0004133939644481721,0.052837573385518644,0.01680672268907557,0.13261648745519716,-0.06563706563706562,-0.28823529411764703,0.39,12,减速明显,,75,25000,25000
5,M4A4 | Bullet Rain (Factory New),1358.0,1280.0,295,50,0.1695,0.9426,steamdt-live,1419.53,66,1343.85,133,,14,9,9,2,8,20,6,5,-0.022556390977443663,0.03373076923076912,-0.04761904761904767,0.01041353383458632,0.03770139634801295,0.03412851096575609,0.06402791514020256,-0.060244755244755255,-0.20368691447567244,0.37,6,减速明显,,73,10000,10000
6,AK-47 | Rat Rod (Factory New),425.0,415.0,450,45,0.1,0.9765,steamdt-live,430.0,48,424.9,129,,11,12,9,2,8,20,6,5,-0.0117647058823529,0.011666666666666714,-0.0329920364050057,-0.00023529411764711128,0.03321956769055745,0.016507177033492804,0.06703554882199247,-0.055777777777777815,-0.2610434782608696,0.38,8,减速明显,,73,10000,10000
7,M4A4 | Cyber Security (Factory New),777.9,739.0,399,44,0.1103,0.95,steamdt-live,788.88,65,771.71,110,,11,9,9,2,10,20,6,5,-0.026017344896597683,0.057136986301369985,-0.07526218383713756,0.029633088725817158,0.04656535705460829,0.058732336397311125,0.11297701149425288,-0.12305681818181813,-0.22846745248592826,0.33,12,减速明显,,72,10000,10000
8,★ Bloodhound Gloves | Snakebite (Field-Tested),1060.0,1060.0,223,41,0.1839,1.0,steamdt-live,1253.0,19,1096.77,79,,14,15,7,5,10,13,6,0,-0.03995443228692963,0.014354066985645897,-0.046021034180543374,-0.026173873898703737,0.07099035933391762,0.01678657074340517,0.10435149978876213,-0.0858128503665373,-0.23075248372606083,0.39,7,减速明显,,70,10000,10000
9,Tec-9 | Bamboo Forest (Factory New),190.0,182.0,1304,106,0.0813,0.9579,steamdt-live,182.0,302,187.57,201,,7,9,15,2,8,20,6,3,-0.008379888268156388,0.022535211267605604,-0.02717391304347827,0.013966480446927276,0.02941176470588236,0.023226970346149622,0.07868020304568524,-0.015192620727075501,-0.23411258334036622,0.21,15,减速明显,,70,10000,10000
10,M4A1-S | Nightmare (Factory New),1548.0,1500.0,386,52,0.1347,0.969,steamdt-live,1519.46,62,1560.87,51,,11,12,9,2,8,20,6,0,-0.016709372892784846,0.04199640657788262,-0.03450520833333337,0.024585300067430982,0.010768229166666643,0.047903448275862015,0.06073980664144596,-0.006888888888888833,-0.06030996054372961,0.39,11,减速明显,,68,10000,10000
11,M4A4 | 龍王 (Dragon King) (Factory New),307.4,301.0,789,40,0.0507,0.9792,steamdt-live,315.29,212,317.2,197,,3,12,12,2,10,18,6,5,-0.008129032258064495,-0.00026017952387158427,-0.0701859628074385,-0.008387096774193581,0.07798440311937616,0.001629195177582199,0.10509461426492006,-0.10509461426492006,-0.2391089108910892,0.39,11,减速明显,,68,10000,10000
12,USP-S | Spiral Glitch (Factory New),484.49,450.0,29,19,0.6552,0.9288,steamdt-live,480.0,55,489.0,64,,20,6,2,2,6,20,6,5,-0.010774193548387045,0.04347920606969713,-0.05102040816326525,0.03223655913978507,0.020228618085323502,0.04803598331841297,0.03982796559311852,-0.03982796559311852,-0.1367086330935252,0.13,8,减速明显,,67,10000,10000
13,AWP | Hyper Beast (Factory New),933.5,908.0,355,47,0.1324,0.9727,steamdt-live,965.0,91,956.5,80,,11,12,9,2,6,20,6,0,-0.009320175438596534,0.03320420586607642,-0.023544149294960293,0.023574561403508776,0.01467173316445003,0.03837597330367082,0.03163900414937759,-0.0010700909577313622,-0.09368932038834954,0.39,16,减速明显,,66,10000,10000
14,Glock-18 | Twilight Galaxy (Factory New),2876.0,2650.0,286,26,0.0909,0.9214,steamdt-live,2929.0,77,2890.87,98,,7,6,9,2,8,20,6,5,-0.0229062276306371,0.05347985347985351,-0.05095108695652173,0.029348604151753666,0.02309782608695654,0.05347985347985351,0.05363606449489966,-0.05363606449489966,-0.15832355377100893,0.39,5,减速明显,,63,10000,10000
15,USP-S | Ancient Visions (Factory New),249.3,234.0,68,12,0.1765,0.9386,steamdt-live,254.5,31,252.0,70,,14,9,4,2,10,12,6,5,-0.017878192534381165,-0.002600520104020676,-0.03962264150943395,-0.02043222003929268,0.05924528301886789,0.03875000000000006,0.10465450366326667,-0.10465450366326667,-0.2667647058823529,0.39,2,减速明显,,62,10000,10000
16,Glock-18 | Shinobu (Factory New),101.8,99.0,967,47,0.0486,0.9725,steamdt-live,103.99,349,108.99,211,,3,12,15,2,10,14,6,0,-0.028708133971291905,0.002955665024630516,-0.07111111111111112,-0.02583732057416266,0.09895556735705435,0.007920792079207928,0.14453781512605046,-0.09911504424778761,-0.2514705882352941,0.39,15,减速明显,,62,10000,10000
17,★ Broken Fang Gloves | Jade (Minimal Wear),685.0,740.0,73,18,0.2466,1.0803,steamdt-live,724.0,35,699.04,69,"溢价求购:买一高于卖一,多为定向收特定图案,买一价不可作退出价",17,0,4,5,8,15,6,5,-0.011301473665978778,0.0,-0.022531038374717705,-0.011301473665978778,0.033686942782981566,0.0007304601899196239,0.05517241379310345,-0.05517241379310345,-0.12514846932911017,0.39,4,减速明显,买一异常溢价(不作为可成交退出价),60,0,0
18,★ Sport Gloves | Pandora's Box (Field-Tested),20574.9,26280.0,463,41,0.0886,1.2773,steamdt-live,20499.0,385,20997.5,89,"溢价求购:买一高于卖一,多为定向收特定图案,买一价不可作退出价",7,0,9,5,8,20,6,5,-0.010624817233648498,0.009802955665024538,-0.03216981132075469,-0.0009260161809143685,0.037605633802816896,0.014801980198019704,0.054452362831246104,-0.05316397228637415,-0.10484716157205243,0.39,7,减速明显,买一异常溢价(不作为可成交退出价),60,0,0
19,AK-47 | Inheritance (Factory New),643.0,639.0,841,41,0.0488,0.9938,steamdt-live,653.5,699,645.8,258,,3,15,12,2,8,14,6,0,-0.01538461538461533,0.004687499999999956,-0.01883830455259028,-0.010769230769230753,0.028656887774370476,0.004687499999999956,0.07758076547885473,-0.07727631484537567,-0.1697869593285991,0.39,10,减速明显,,60,10000,10000
20,MP9 | Latte Rush (Factory New),304.5,291.0,527,33,0.0626,0.9557,steamdt-live,310.0,176,307.0,248,,7,9,12,2,6,17,6,0,-0.019607843137254943,0.014999999999999902,-0.018286814244465766,-0.004901960784313708,0.023412443874278432,0.0235294117647058,0.045454545454545414,-0.045454545454545414,-0.2835294117647059,0.39,12,减速明显,,59,0,0
21,AWP | Neo-Noir (Factory New),310.0,303.0,1036,40,0.0386,0.9774,steamdt-live,315.0,625,319.95,255,,3,12,15,2,4,13,6,3,-0.0064102564102563875,0.0,-0.00952380952380949,-0.0064102564102563875,0.015873015873015928,0.0038860103626943143,0.02515723270440251,-0.02515723270440251,-0.04761904761904767,0.39,10,减速明显,,58,0,0
22,★ Sport Gloves | Creme Pinstripe (Minimal Wear),1020.0,1170.0,43,17,0.3953,1.1471,steamdt-live,1029.0,43,1065.07,33,"溢价求购:买一高于卖一,多为定向收特定图案,买一价不可作退出价",20,0,4,5,6,15,6,0,-0.025365853658536608,0.021021021021021102,-0.009661835748792313,-0.004878048780487809,0.018286814244465877,0.021021021021021102,0.04225352112676062,-0.04225352112676062,-0.09638554216867468,0.39,5,减速明显,买一异常溢价(不作为可成交退出价),56,0,0
23,★ Hydra Gloves | Emerald (Minimal Wear),278.49,305.0,85,13,0.1529,1.0952,steamdt-live,279.0,58,292.99,45,"溢价求购:买一高于卖一,多为定向收特定图案,买一价不可作退出价",14,0,4,5,6,15,6,5,-0.02135231316725983,0.012690909090909086,-0.01919720767888311,-0.008932384341637012,0.02795811518324609,0.031444444444444386,0.03462978369384362,-0.03446243455951181,-0.025577326801959455,0.32,7,减速明显,买一异常溢价(不作为可成交退出价),55,0,0
24,USP-S | Kill Confirmed (Factory New),1427.5,1500.0,266,28,0.1053,1.0508,steamdt-live,1418.0,124,1442.3,66,"溢价求购:买一高于卖一,多为定向收特定图案,买一价不可作退出价",11,0,9,2,8,14,6,5,-0.013203613620569876,-0.0014084507042253502,-0.027702702702702697,-0.01459346768589298,0.04189189189189191,0.0021201413427562876,0.0599310527711483,-0.038644067796610115,-0.1505930274350067,0.39,8,减速明显,买一异常溢价(不作为可成交退出价),55,0,0
25,P250 | Epicenter (Factory New),113.9,105.0,201,9,0.0448,0.9219,steamdt-live,119.0,71,119.04,100,,3,6,7,2,10,16,6,3,-0.005240174672489051,0.0,-0.011908871246116615,-0.005240174672489051,0.017086641353123877,0.0044091710758378255,0.09452261706017961,-0.09452261706017961,-0.23812709030100332,0.39,4,减速明显,,53,0,0
26,★ Specialist Gloves | Forest DDPAT (Field-Tested),1580.0,1520.0,280,47,0.1679,0.962,steamdt-live,1621.95,32,1605.97,57,,14,12,9,5,10,17,4,5,-0.01298290056998097,0.0009624639076035724,-0.03924551262549436,-0.012032932235592098,0.05080620626711285,0.013316011692107832,0.08235294117647063,-0.06921241050119331,-0.2863677950594693,0.39,8,左侧观察,,76,25000,25000
27,★ Specialist Gloves | Foundation (Field-Tested),4680.0,4470.0,303,84,0.2772,0.9551,steamdt-live,4999.0,34,4799.5,56,,17,9,9,5,6,20,3,5,-0.011136647275851952,0.07586206896551717,-0.03951973694265709,0.06388057258598012,0.014425608086764297,0.07586206896551717,0.04489795918367345,-0.003619331488183941,-0.29618768328445744,0.37,8,左侧观察,,74,10000,10000
28,★ Driver Gloves | Diamondback (Field-Tested),2454.0,2290.0,297,49,0.165,0.9332,steamdt-live,2757.0,21,2505.52,39,,14,9,9,5,10,20,2,5,-0.006234309623430967,0.010483769104458807,-0.031604538087520284,0.004184100418409997,0.04038384646141546,0.04347826086956519,0.08361970217640324,-0.012345679012345734,-0.281437125748503,0.39,11,左侧观察,,74,10000,10000
29,Glock-18 | Ramese's Reach (Factory New),378.5,371.0,521,57,0.1094,0.9802,steamdt-live,390.0,92,382.9,156,,11,12,12,2,10,19,4,3,-0.02759526938239154,0.02297297297297307,-0.048654865486548626,-0.005256241787122251,0.053749999999999964,0.028532608695652106,0.08704985648471975,0.045580110497237536,-0.2338056680161943,0.39,10,左侧观察,,73,10000,10000
30,M4A1-S | Decimator (Factory New),244.8,243.0,1122,47,0.0419,0.9926,steamdt-live,247.0,333,254.19,399,,3,15,15,2,10,19,4,5,-0.009357200976403579,0.005338809034907577,-0.05461538461538462,-0.004068348250610199,0.06564885496183204,0.015346329323931984,0.08887896382313532,-0.08782650817900661,-0.2077669902912621,0.39,11,左侧观察,,73,10000,10000
31,AK-47 | Asiimov (Factory New),1867.0,1810.0,224,82,0.3661,0.9695,steamdt-live,1946.39,76,1926.33,74,,20,12,7,2,10,10,6,5,-0.00027472527472527375,0.026106073097004634,-0.041848075009607855,0.025824175824175732,0.017104591232383393,0.02865580526614475,0.08457506533496117,0.0010723860589811895,-0.18613775065387972,0.39,5,左侧观察,,72,10000,10000
32,★ Sport Gloves | Arid (Field-Tested),5385.0,5280.0,329,71,0.2158,0.9805,steamdt-live,5500.0,56,5538.32,72,,17,12,9,5,8,10,6,5,0.003811825957604986,-0.0025006946373993255,-0.03801091136749846,0.00130159910747496,0.03667262969588547,0.019886363636363535,0.06196762089904784,-0.06898340248962653,-0.2815689413648189,0.29,5,左侧观察,,72,10000,10000
33,★ Driver Gloves | Convoy (Field-Tested),2860.0,2800.0,194,74,0.3814,0.979,steamdt-live,3150.0,20,2953.75,30,,20,12,7,5,8,10,4,5,-0.0007173601147776321,0.026561378320172357,-0.023809523809523836,0.02582496413199431,0.03671269787807341,0.032863849765258246,0.06336376855260228,-0.01379310344827589,-0.22702702702702704,0.16,6,左侧观察,,71,10000,10000
34,★ Hand Wraps | Spruce DDPAT (Field-Tested),2209.99,2100.0,281,71,0.2527,0.9502,steamdt-live,2444.0,27,2311.45,60,,17,9,9,5,10,10,6,3,0.00990099009900991,0.0235294117647058,-0.08181818181818179,0.03366336633663369,0.057336343115124144,0.03366336633663369,0.09217391304347822,-0.050909090909090904,-0.24058919803600654,0.18,15,左侧观察,,69,10000,10000
35,★ Hand Wraps | Arboreal (Minimal Wear),399.5,403.0,124,23,0.1855,1.0088,steamdt-live,409.0,85,424.88,99,,14,15,7,5,8,9,6,5,0.007500000000000062,-0.008684863523573227,-0.024390243902439046,-0.0012499999999999734,0.025609756097561,0.0113924050632912,0.07736720554272514,-0.07736720554272514,-0.1985797107263937,0.39,9,左侧观察,,69,10000,10000
36,FAMAS | Mecha Industries (Factory New),669.0,666.0,1387,147,0.106,0.9955,steamdt-live,699.99,167,695.96,160,,11,15,15,2,8,10,3,5,0.007146304628750322,0.04347019539945585,-0.031966842501883974,0.05092715128680192,0.01875272568687303,0.08086469175340283,0.05063291139240511,0.05633802816901401,-0.21828857311607552,0.39,16,左侧观察,,69,10000,10000
37,Tec-9 | Decimator (Factory New),646.5,621.0,218,44,0.2018,0.9606,steamdt-live,650.0,54,658.64,46,,17,12,7,2,10,9,6,5,-0.0015396458814472824,-0.0030840400925211675,-0.06834970953166464,-0.004618937644341847,0.07265294412967083,0.03942248946911464,0.09958217270194991,-0.06978417266187054,0.0793168500308854,0.34,5,左侧观察,,68,10000,10000
38,AK-47 | Frontside Misty (Factory New),686.0,682.0,395,54,0.1367,0.9942,steamdt-live,700.0,98,723.4,173,,11,15,9,2,10,10,6,5,0.002194586686174116,0.0014598540145984717,-0.04672245467224545,0.003657644476956934,0.0365168539325843,0.008082292432035176,0.08533333333333337,-0.053793103448275814,-0.18235995232419544,0.39,12,左侧观察,,68,10000,10000
39,M4A1-S | Control Panel (Factory New),865.0,852.0,764,96,0.1257,0.985,steamdt-live,875.0,74,870.0,121,,11,12,12,2,10,10,6,5,0.021441334127456857,0.008746355685131268,-0.06618464961067849,0.03037522334723053,0.03781979977753058,0.03966346153846145,0.11799494249123099,-0.03674832962138086,-0.25237683664649957,0.39,14,左侧观察,,68,10000,10000
40,★ Driver Gloves | Convoy (Minimal Wear),2835.0,2820.0,124,35,0.2823,0.9947,steamdt-live,3132.0,33,3020.67,24,,17,15,7,5,10,4,4,5,-0.0055632823365785455,-0.00874125874125875,-0.025084745762711913,-0.014255910987482578,0.046478697964139504,0.012499999999999956,0.08193005181347146,-0.02910958904109584,-0.23378378378378384,0.21,7,左侧观察,,67,10000,10000
41,Glock-18 | Snack Attack (Factory New),599.32,582.0,369,30,0.0813,0.9711,steamdt-live,626.0,75,607.7,89,,7,12,9,2,10,18,4,5,-0.02074441687344908,0.01243327251841353,-0.039714058776807004,-0.008569065343258853,0.0479428117553613,0.022608220860989237,0.09193939393939388,-0.09123716811475524,-0.26009876543209876,0.39,19,左侧观察,,67,10000,10000
42,★ Driver Gloves | Lunar Weave (Field-Tested),3850.0,3660.0,288,49,0.1701,0.9506,steamdt-live,3874.25,18,3926.37,62,,14,9,9,5,10,10,6,3,-0.0005406866720735204,0.018663781444414385,-0.03294117647058825,0.018113003514463433,0.02794089178550685,0.018663781444414385,0.08455582969724229,-0.01799217731421121,-0.2951525360284485,0.39,6,左侧观察,,66,10000,10000
43,M4A1-S | Mecha Industries (Factory New),1355.0,1330.0,553,79,0.1429,0.9815,steamdt-live,1349.48,171,1390.0,118,,11,12,12,2,8,10,6,5,0.010177559501322264,0.009356978840213248,-0.05281614542331636,0.019629769550434384,0.03422314463608378,0.019629769550434384,0.0556473058082575,-0.028452123830093545,-0.12602407921920633,0.39,4,左侧观察,,66,10000,10000
44,M4A4 | Hellfire (Factory New),1799.0,1750.0,598,66,0.1104,0.9728,steamdt-live,1826.48,84,1824.1,96,,11,12,12,2,8,10,6,5,-0.0013415068037725408,0.04544472284033896,-0.06286417053839843,0.04404225163168052,0.021590598524186988,0.05325715361667327,0.07758585150678154,-0.04533333333333334,-0.28542914171656686,0.18,9,左侧观察,,66,10000,10000
45,★ Bloodhound Gloves | Guerrilla (Minimal Wear),1129.5,1070.0,124,24,0.1935,0.9473,steamdt-live,1242.0,21,1196.06,42,,14,9,7,5,8,10,6,5,-0.00044306601683652413,0.0013297872340425343,-0.03169618341570568,0.0008861320336730483,0.02889666497579757,0.0040000000000000036,0.06400715978586935,-0.0346153846153846,-0.23615337796713332,0.16,5,左侧观察,,64,10000,10000
46,★ Specialist Gloves | Forest DDPAT (Minimal Wear),1680.0,1610.0,154,26,0.1688,0.9583,steamdt-live,1999.3,21,1709.91,33,,14,9,7,5,8,10,6,5,0.01306221133876817,0.028076273468288893,-0.0505885815185404,0.04150522302470483,0.011183048852266064,0.050000000000000044,0.06040268456375841,-0.06040268456375841,-0.2879847425301971,0.39,10,左侧观察,,64,10000,10000
47,MP9 | Hot Rod (Factory New),1297.0,1230.0,247,25,0.1012,0.9483,steamdt-live,1294.99,115,1264.24,116,,11,9,7,2,8,18,4,5,-0.007103393843725381,0.0049602543720190795,-0.010156249999999978,-0.002178374112075776,0.027500211540088748,0.01954838709677431,0.05300374531835206,0.03797239714611789,-0.089164265129683,0.39,9,左侧观察,,64,10000,10000
48,M4A4 | Desolate Space (Factory New),432.4,422.0,630,46,0.073,0.9759,steamdt-live,440.45,182,449.0,177,,7,12,12,2,10,10,6,5,0.00791618160651919,-0.0011550011550011119,-0.06222707423580787,0.006752037252619303,0.05589519650655028,0.006752037252619303,0.08000000000000007,-0.07803837953091686,-0.2271533003270837,0.39,11,左侧观察,,64,10000,10000
49,★ Moto Gloves | Boom! (Minimal Wear),2900.0,2770.0,153,33,0.2157,0.9552,steamdt-live,3256.38,27,2970.25,36,,17,9,7,5,8,10,2,5,0.0,0.017722407439901833,-0.06802943581357324,0.017722407439901833,0.051357540071966024,0.03571428571428581,0.06903581001910086,-0.05182278894883108,-0.24577373211963593,0.38,6,左侧观察,,63,10000,10000
50,★ Bloodhound Gloves | Charred (Field-Tested),1341.5,1290.0,232,43,0.1853,0.9616,steamdt-live,1600.0,22,1342.71,50,,14,12,7,5,8,8,4,5,0.0047828823159217215,-0.01150238374192214,-0.027609791216702595,-0.006774515973790418,0.03419726421886249,0.0018670649738610212,0.07060363999140928,-0.06678260869565222,-0.18001222493887525,0.39,8,左侧观察,,63,10000,10000
51,M4A4 | Royal Paladin (Factory New),1268.0,1210.0,302,51,0.1689,0.9543,steamdt-live,1279.99,81,1228.5,64,,14,9,9,2,8,10,6,5,-0.004483499252750156,0.007793273174733439,-0.041495107632093964,0.003274832787527826,0.0383561643835616,0.011111111111111072,0.05135135135135138,-0.040234375000000044,-0.16114714919767836,0.39,5,左侧观察,,63,10000,5000
52,Desert Eagle | Emerald Jörmungandr (Factory New),2618.0,2600.0,304,46,0.1513,0.9931,steamdt-live,2786.5,107,2632.5,114,,14,15,9,2,8,8,2,5,-0.0010952075229427871,-0.010207939508506625,-0.060195208518189824,-0.01129196721930592,0.07014739833066952,0.010264721772015095,0.07800669131889415,-0.04574448696919997,-0.20666666666666667,0.39,6,左侧观察,,63,10000,0
53,Tec-9 | Fuel Injector (Factory New),238.5,231.0,401,46,0.1147,0.9686,steamdt-live,239.0,147,246.8,188,,11,12,9,2,8,10,6,5,0.021739130434782705,0.014893617021276562,-0.061224489795918324,0.03695652173913033,0.02851323828920571,0.03695652173913033,0.06470588235294117,-0.01851851851851849,-0.17468336909128668,0.33,7,左侧观察,,63,10000,0
54,Desert Eagle | Directive (Factory New),605.0,584.0,96,26,0.2708,0.9653,steamdt-live,708.0,17,605.3,24,,17,12,4,2,10,15,2,0,-0.017415637860082378,0.0051598204114455815,-0.026270656686274818,-0.012345679012345734,0.038292006603728224,0.021380906986245396,0.10186363296160461,0.020408163265306145,0.26050420168067223,0.19,20,左侧观察,,62,10000,0
55,M4A1-S | Chantico's Fire (Factory New),1568.0,1530.0,262,49,0.187,0.9758,steamdt-live,1560.0,72,1632.9,79,,14,12,9,2,8,8,4,5,0.0,-0.006369426751592355,-0.03265557609365377,-0.006369426751592355,0.038817005545286554,0.006776379477250627,0.05108911854694975,-0.05654671908073783,-0.10857142857142854,0.36,4,左侧观察,,62,10000,0
56,★ Bloodhound Gloves | Snakebite (Minimal Wear),1144.5,1110.0,144,22,0.1528,0.9699,steamdt-live,1398.0,16,1150.5,38,,14,12,7,5,8,9,2,5,-0.0004351610095735259,-0.003482803656943867,-0.0504132231404959,-0.003916449086161844,0.053349875930521096,0.017785682525566893,0.06799674267100975,-0.03783102143757877,-0.2316213494461229,0.16,2,左侧观察,,62,10000,0
57,Galil AR | Sugar Rush (Factory New),778.0,738.0,320,32,0.1,0.9486,steamdt-live,774.85,68,774.0,84,,11,9,9,2,10,10,6,5,0.0013003901170351995,0.0051948051948051965,-0.036340852130325785,0.006501950585175553,0.02946708463949843,0.01376573367038203,0.09684947491248541,-0.09684947491248541,-0.29198682766191,0.26,8,左侧观察,,62,10000,0
58,M4A4 | The Battlestar (Factory New),486.5,476.0,673,51,0.0758,0.9784,steamdt-live,499.29,88,488.4,195,,7,12,12,2,8,10,6,5,0.027318279975679705,-0.0071428571428571175,-0.05135344776149087,0.019980292261567723,0.032399212394836896,0.03510638297872348,0.05990338164251208,-0.0617164898746384,-0.2632248489345913,0.35,12,左侧观察,,62,10000,0
59,M4A4 | Spider Lily (Factory New),359.0,354.0,871,57,0.0654,0.9861,steamdt-live,368.5,183,364.63,126,,7,12,12,2,8,10,6,5,0.015759312320916985,0.012693935119887145,-0.08157894736842108,0.02865329512893977,0.05526315789473679,0.03012912482065988,0.07385909243350619,-0.041106867170597416,-0.22086941424137851,0.3,5,左侧观察,,62,10000,0
60,★ Bloodhound Gloves | Bronzed (Minimal Wear),1274.0,1180.0,137,23,0.1679,0.9262,steamdt-live,1400.0,19,1326.61,36,,14,6,7,5,10,8,6,5,-0.003129890453834161,0.0,-0.015408320493066285,-0.003129890453834161,0.019245573518090864,0.019200000000000106,0.08180180180180185,-0.019622931896883467,-0.24236116892848225,0.39,3,左侧观察,,61,10000,0
61,AK-47 | Aphrodite (Factory New),1669.5,1630.0,372,58,0.1559,0.9763,steamdt-live,1709.5,215,1691.67,190,,14,12,9,2,8,10,6,0,0.005692031156381061,-0.00536193029490617,-0.015223035166391341,0.0002995805871779389,0.01492801510502717,0.011818181818181728,0.05597964376590325,-0.0293604651162791,-0.13898916967509023,0.39,5,左侧观察,,61,10000,0
62,AK-47 | Hydroponic (Factory New),24248.5,24440.0,213,32,0.1502,1.0079,steamdt-live,24800.0,121,24394.64,67,,14,15,7,2,2,10,6,5,0.004152978367321536,-0.0021193415637860147,-0.0122451478601604,0.0020248352238683154,0.010224907139066874,0.002107655749560955,0.01380754839759235,-0.01380754839759235,-0.07448473282442747,0.31,4,左侧观察,,61,10000,0
63,AK-47 | Point Disarray (Factory New),368.99,360.0,1038,41,0.0395,0.9756,steamdt-live,360.0,342,369.46,267,,3,12,15,2,8,17,4,0,-0.01933701657458564,0.014028169014084657,-0.020297699594046037,-0.0055801104972375,0.03361073825503347,0.028514285714285714,0.07221649484536075,-0.07101935483870958,-0.19557541899441333,0.39,16,左侧观察,,61,10000,0
64,AK-47 | Phantom Disruptor (Factory New),120.43,117.0,1534,52,0.0339,0.9715,steamdt-live,126.79,319,121.6,575,,3,12,15,2,8,10,6,5,0.004201680672268893,0.0077824267782427015,-0.04024518106298891,0.012016806722689122,0.03183535653991476,0.020593220338983143,0.07290223248652805,-0.016897959183673428,-0.2762620192307692,0.38,7,左侧观察,,61,10000,0
65,AWP | Black Box (Factory New),149.0,141.0,49,18,0.3673,0.9463,steamdt-live,143.84,61,153.0,64,,20,9,4,2,10,8,4,3,0.03394165629752521,-0.03830982148826634,-0.028997180829641533,-0.005668463984515371,0.039337474120082705,0.0,0.09818181818181815,-0.09818181818181815,-0.12824242424242427,0.34,9,左侧观察,,60,10000,0
66,P250 | Kintsugi (Factory New),116.2,120.0,117,30,0.2564,1.0327,steamdt-live,118.0,126,121.6,74,,17,15,7,2,6,7,6,0,0.012820512820512775,-0.01940928270042197,-0.0201005025125629,-0.006837606837606813,0.02680067001675046,0.0017241379310344307,0.03166666666666662,-0.02761506276150627,-0.047462906795638915,0.19,9,左侧观察,,60,10000,0
67,Desert Eagle | Code Red (Factory New),1088.88,1020.0,249,56,0.2249,0.9367,steamdt-live,1099.0,64,1049.92,106,,17,9,7,2,6,10,6,3,0.0068328445747800615,0.019349702424295456,-0.03943661971830981,0.026314760508308943,0.014159624413145444,0.038373289026030655,0.03577988391741982,0.029333333333333433,-0.04116894977168939,0.39,13,左侧观察,,60,10000,0
68,M4A1-S | Golden Coil (Factory New),1454.0,1430.0,322,54,0.1677,0.9835,steamdt-live,1477.8,99,1475.6,123,,14,12,9,2,8,6,4,5,-0.0047716428084526585,-0.004109589041095929,-0.02200000000000002,-0.008861622358554921,0.0367671414375621,0.0031045187995859536,0.0576737373540982,-0.01756756756756761,-0.13245823389021483,0.39,6,左侧观察,,60,10000,0
69,Desert Eagle | Fennec Fox (Factory New),2325.0,2400.0,424,64,0.1509,1.0323,steamdt-live,2370.0,131,2360.0,84,,14,15,9,2,8,10,2,0,-0.00022222222222223476,0.03356301400311179,-0.02130935758746222,0.03333333333333344,0.010217113665389577,0.05681818181818188,0.05102040816326525,0.006933767578032102,-0.19536251946703587,0.38,6,左侧观察,,60,10000,0
70,Desert Eagle | Golden Koi (Factory New),1229.5,1190.0,481,54,0.1123,0.9679,steamdt-live,1240.0,174,1259.0,153,,11,12,9,2,8,16,2,0,-0.00846774193548383,0.0,-0.022467481277098966,-0.00846774193548383,0.023423537915313042,0.0245833333333334,0.06145038167938932,-0.06785443517816525,-0.18033333333333335,0.33,13,左侧观察,,60,10000,0
71,AWP | Sovereign Flame (Factory New),2768.88,2680.0,22,32,1.4545,0.9679,steamdt-live,2999.0,17,2906.0,46,,20,12,2,2,8,6,4,5,-0.0001831580761938456,-0.012201999303153355,-0.029622091807574913,-0.012382922484629133,0.04163820622551817,0.0,0.06763858281064583,-0.06763858281064583,-0.12084398976982103,0.39,2,左侧观察,,59,0,0
72,★ Driver Gloves | Diamondback (Minimal Wear),2559.5,2360.0,182,30,0.1648,0.9221,steamdt-live,2830.0,24,2538.0,30,,14,6,7,5,10,10,2,5,0.04125000000000001,0.015606242496998712,-0.10813823857302118,0.05750000000000011,0.05668091432819178,0.05750000000000011,0.0835890955046037,-0.08540540540540542,-0.2846533048848201,0.34,8,左侧观察,,59,0,0
73,M4A1-S | Hot Rod (Factory New),7998.5,8100.0,323,34,0.1053,1.0127,steamdt-live,7990.0,181,8266.0,126,,11,15,9,2,6,10,6,0,-0.009226577497058686,-0.0012499999999999734,-0.011447110675808059,-0.010465044275187352,0.02179236043095001,0.007566204287515754,0.035024154589372025,-0.02422463106165329,-0.14772424239191884,0.39,5,左侧观察,,59,0,0
74,Galil AR | Phoenix Blacklight (Factory New),833.5,815.0,453,44,0.0971,0.9778,steamdt-live,849.5,144,858.46,127,,7,12,9,2,10,10,6,3,0.013181545835829755,-0.014192785334121827,-0.026254375729288237,-0.0011983223487117556,0.02742123687281217,0.004216867469879482,0.09204793028322444,-0.0915531335149864,-0.2888225255972696,0.38,8,左侧观察,,59,0,0
75,USP-S | Cortex (Factory New),153.1,148.0,453,34,0.0751,0.9667,steamdt-live,159.0,164,158.3,271,,7,12,9,2,10,10,4,5,-0.0197452229299363,-0.005198180636777239,-0.0420988407565589,-0.024840764331210186,0.06303549571603428,0.0,0.0988816951147734,0.0108279413706589,-0.28618052965311447,0.31,9,左侧观察,,59,0,0
76,★ Hand Wraps | Slaughter (Minimal Wear),3280.0,3080.0,184,35,0.1902,0.939,steamdt-live,3433.0,33,3400.0,60,,14,9,7,5,4,10,6,3,0.02814258911819878,-0.0024330900243308973,-0.021018410241653518,0.02564102564102555,0.02598366740905711,0.058064516129032295,0.026128266033254133,-0.008314436885865417,-0.16919959473150958,0.21,8,左侧观察,,58,0,0
77,Five-SeveN | Fowl Play (Factory New),440.5,424.0,151,28,0.1854,0.9625,steamdt-live,456.64,48,438.29,40,,14,12,7,2,10,9,4,0,-0.03866957470010912,-0.005626517231208883,-0.04875518672199175,-0.04407851690294429,0.08974039460020766,0.0,0.11456565656565654,-0.056568439632348144,0.03127058823529416,0.32,8,左侧观察,,58,0,0
78,★ Moto Gloves | Cool Mint (Minimal Wear),6400.0,6060.0,152,26,0.1711,0.9469,steamdt-live,6440.0,36,6349.5,33,,14,9,7,5,6,10,4,3,-8.065166545689895e-05,0.02427810937247954,-0.045565601873305606,0.024195499637067464,0.022472584739826384,0.035807504078303465,0.04922696814285177,-0.03157172271791353,-0.26983670653173875,0.39,4,左侧观察,,58,0,0
79,★ Hand Wraps | Leather (Minimal Wear),3554.0,3370.0,185,28,0.1514,0.9482,steamdt-live,3549.5,30,3500.0,27,,14,9,7,5,8,10,2,3,-0.0008600917431192956,0.004304160688665792,-0.02732849972113771,0.0034403669724769603,0.023982152816508617,0.02941176470588225,0.05405405405405406,-0.04070165821570504,-0.26315789473684215,0.39,4,左侧观察,,58,0,0
80,Five-SeveN | Berries And Cherries (Factory New),512.0,491.0,277,19,0.0686,0.959,steamdt-live,528.3,126,514.78,141,,7,9,9,2,10,10,6,5,0.03462151394422319,-0.01420924948977631,-0.07974335472043992,0.019920318725099584,0.06141154903758017,0.019920318725099584,0.09540636042402828,-0.09540636042402828,-0.26959399697566266,0.39,15,左侧观察,,58,0,0
81,M4A1-S | Vaporwave (Factory New),877.0,860.0,551,37,0.0672,0.9806,steamdt-live,907.0,229,929.0,151,,7,12,12,2,8,8,4,5,-0.001701644923425949,-0.003409090909090917,-0.030754175508812875,-0.005104934770277958,0.036263736263736246,0.0022857142857142243,0.06632598743745333,-0.06632598743745333,-0.13727804830062462,0.39,13,左侧观察,,58,0,0
82,Desert Eagle | Kumicho Dragon (Factory New),404.99,389.0,505,33,0.0653,0.9605,steamdt-live,399.0,130,420.0,128,,7,12,12,2,6,10,4,5,-0.0025062656641604564,0.002512562814070307,-0.03155339805825241,0.0,0.03155339805825241,0.010126582278481067,0.045454545454545414,-0.02444987775061125,-0.220703125,0.39,10,左侧观察,,58,0,0
83,Galil AR | Crimson Tsunami (Factory New),41.07,39.2,698,27,0.0387,0.9545,steamdt-live,41.0,272,40.95,237,,3,9,12,2,4,20,3,5,-0.022004889975550057,0.02375000000000016,-0.013268998793727449,0.0012224938875307068,0.013253012048192736,0.0776315789473685,0.022206303724928378,0.050000000000000044,-0.18099999999999994,0.39,4,左侧观察,,58,0,0
84,★ Hand Wraps | Constrictor (Minimal Wear),644.93,635.0,107,16,0.1495,0.9846,steamdt-live,644.5,53,668.63,57,,11,12,7,5,6,10,6,0,-0.009878174304456588,-0.00012412723041121954,0.010760869565217268,-0.010001075384449942,0.013849143801551778,0.006906249999999892,0.041055936667609205,-0.041055936667609205,-0.05989963237439466,0.39,5,左侧观察,,57,0,0
85,AWP | LongDog (Factory New),2580.0,2410.0,347,35,0.1009,0.9341,steamdt-live,2558.0,134,2480.07,150,,11,9,9,2,8,16,2,0,-0.007801560312062361,2.822580645167605e-05,-0.019803921568627425,-0.007773554710942099,0.027423529411764624,0.01434355828220868,0.0658870056497175,-0.06412452830188675,-0.29892014134275613,1.39,9,左侧观察,,57,0,0
86,Glock-18 | Bullet Queen (Factory New),680.0,655.0,469,46,0.0981,0.9632,steamdt-live,691.88,97,694.49,130,,7,12,9,2,6,10,6,5,0.020270270270270174,0.0007358351729211954,-0.020588235294117685,0.021021021021021102,0.013062409288824406,0.03816793893129766,0.044138318807984245,-0.027877055039313814,-0.1707317073170732,0.31,9,左侧观察,,57,0,0
87,AWP | Chrome Cannon (Factory New),425.5,418.0,374,27,0.0722,0.9824,steamdt-live,428.5,325,437.16,131,,7,12,9,2,6,10,6,5,0.010588235294117565,-0.0093131548311991,-0.019585226879512807,0.0011764705882353343,0.01843179773466519,0.013095238095238049,0.03841807909604522,-0.03841807909604522,-0.05528419182948485,0.39,11,左侧观察,,57,0,0
88,M4A4 | Neo-Noir (Factory New),567.0,561.0,916,49,0.0535,0.9894,steamdt-live,571.5,272,579.0,209,,3,12,15,2,8,8,4,5,0.011346153846153895,-0.019862054659544714,-0.051409618573797666,-0.00874125874125875,0.05500000000000005,0.0,0.06972928630024611,-0.06820049301561215,-0.17826086956521736,0.39,10,左侧观察,,57,0,0
89,★ Sport Gloves | Superconductor (Field-Tested),10300.0,12780.0,467,57,0.1221,1.2408,steamdt-live,10599.0,290,10624.25,108,"溢价求购:买一高于卖一,多为定向收特定图案,买一价不可作退出价",11,0,9,5,8,14,4,5,-0.01797292143401985,4.8546045924524606e-05,-0.02776361529548088,-0.017925247902364605,0.04519119351100809,0.009803921568627416,0.05472152830420718,-0.03738317757009346,-0.17961233098421037,0.38,5,左侧观察,买一异常溢价(不作为可成交退出价),56,0,0
90,M4A4 | In Living Color (Factory New),512.0,503.0,857,42,0.049,0.9824,steamdt-live,519.25,185,510.49,224,,3,12,12,2,8,8,6,5,0.007797270955165692,-0.012591876208897457,-0.031161473087818692,-0.004892787524366504,0.03132827324478171,0.0009607843137255934,0.07183636363636359,-0.06158201437526423,-0.203106462691227,0.38,10,左侧观察,,56,0,0
91,M4A4 | Evil Daimyo (Factory New),48.7,45.8,1815,31,0.0171,0.9405,steamdt-live,48.69,1005,50.14,776,,3,9,15,2,8,8,6,5,-0.0022494887525562612,-0.001844640295142419,-0.021804360872174522,-0.004089979550102152,0.03545256486432957,0.014583333333333393,0.05436893203883486,-0.05436893203883486,-0.23186119873817024,0.39,8,左侧观察,,56,0,0
92,M4A1-S | Hyper Beast (Factory New),1688.49,1630.0,247,45,0.1822,0.9654,steamdt-live,1741.86,52,1707.7,80,,14,12,7,2,6,14,0,0,-0.014705882352941124,0.008053731343283577,-0.011047184684029543,-0.006770588235294084,0.017742976980668845,0.04806152471043923,0.04605084745762711,-0.027367511520737353,-0.08631493506493504,0.39,9,左侧观察,,55,0,0
93,AWP | Corticera (Factory New),830.0,797.0,165,20,0.1212,0.9602,steamdt-live,838.5,51,870.46,44,,11,12,7,2,8,8,2,5,0.004523045996266628,-0.011316259678380014,-0.033849710982658876,-0.006844397645144329,0.040462427745664775,0.012195121951219523,0.055078667547075244,-0.03432228039557883,-0.13541666666666663,0.39,4,左侧观察,,55,0,0
94,Glock-18 | Ironwork (Factory New),243.0,231.0,631,76,0.1204,0.9506,steamdt-live,237.0,60,234.04,68,,11,9,12,2,6,10,0,5,0.040380952380952406,0.07121933357744425,-0.08096280087527352,0.1144761904761904,0.011279624857420512,0.1144761904761904,0.044734693877551024,0.2650810810810811,-0.19112462846478184,0.39,13,左侧观察,,55,0,0
95,Desert Eagle | Light Rail (Factory New),83.0,82.0,372,44,0.1183,0.988,steamdt-live,81.0,151,82.6,111,,11,12,9,2,10,7,4,0,-0.04705882352941182,-0.012345679012345734,0.016017212526894697,-0.05882352941176472,0.1001124859392577,0.0,0.11111111111111116,0.16907788981440874,-0.12929908576404003,0.39,10,左侧观察,,55,0,0
96,MP9 | Arctic Tri-Tone (Factory New),29.95,27.8,2171,27,0.0124,0.9282,steamdt-live,32.49,892,31.11,1318,,3,6,15,2,8,10,6,5,0.011666666666666714,-0.01317957166392103,-0.04153354632587858,-0.0016666666666667052,0.043130990415335524,0.0,0.0727554179566563,-0.06958682820751783,-0.24273072060682677,0.39,10,左侧观察,,55,0,0
97,★ Specialist Gloves | Emerald Web (Minimal Wear),8799.0,10540.0,183,38,0.2077,1.1979,steamdt-live,8688.0,99,8889.99,57,"溢价求购:买一高于卖一,多为定向收特定图案,买一价不可作退出价",17,0,7,5,8,10,2,5,-1.1921793038327522e-06,0.035766613932539215,-0.06680758747288207,0.03576537911301858,0.03343160705345716,0.05951219512195127,0.055600847872167014,-0.055600847872167014,-0.26294803817603396,0.33,8,左侧观察,买一异常溢价(不作为可成交退出价),54,0,0
98,M4A4 | Poseidon (Factory New),8499.5,8600.0,197,36,0.1827,1.0118,steamdt-live,8700.0,105,8659.5,73,,14,15,7,2,6,10,0,0,0.007481910571803363,0.017902994011975926,-0.024942352941176527,0.025518853183944534,0.016034961796712266,0.06243624999999997,0.04177113866967308,-0.022990976492901938,-0.20765377799364038,0.39,8,左侧观察,,54,0,0
99,Glock-18 | Neo-Noir (Factory New),1097.0,1050.0,378,53,0.1402,0.9572,steamdt-live,1109.99,86,1097.8,119,,11,9,9,2,8,10,2,3,-0.017575484452456047,0.006422018348623881,0.0068058076225046005,-0.01126633618747186,0.020089505042474753,0.025233644859813165,0.05435925727979585,-0.03771929824561404,-0.19338235294117645,0.33,7,左侧观察,,54,0,0
100,M4A4 | Desert-Strike (Factory New),419.0,407.0,865,49,0.0566,0.9714,steamdt-live,437.9,139,420.95,190,,3,12,12,2,8,10,2,5,0.007317073170731714,0.014527845036319542,-0.053117782909930744,0.02195121951219514,0.041189931350114395,0.0475000000000001,0.06868192931762607,-0.06577480490523968,-0.27168433860594465,0.3,11,左侧观察,,54,0,0
101,★ Driver Gloves | Garden (Minimal Wear),2539.0,3370.0,49,19,0.3878,1.3273,steamdt-live,2539.0,57,2555.6,43,"溢价求购:买一高于卖一,多为定向收特定图案,买一价不可作退出价",20,0,4,5,8,10,6,0,-0.044022770398482014,0.007939658594680488,-0.01935243766282102,-0.036432637571157445,0.0550800148864905,0.007939658594680488,0.05962962962962959,-0.04870738104158856,-0.14077834179357018,0.39,5,左侧观察,买一异常溢价(不作为可成交退出价),53,0,0
102,Desert Eagle | Night (Factory New),500.0,471.0,20,3,0.15,0.942,steamdt-live,480.0,27,472.9,42,,8,9,2,2,10,11,6,5,-0.007322175732217606,-0.0033719704952581697,-0.02713044186188507,-0.010669456066945693,0.036529959456431005,0.0,0.09220048758950339,-0.0942695165862254,-0.27691131498470956,0.22,7,左侧观察,,53,0,0
103,USP-S | Caiman (Factory New),435.0,408.0,244,24,0.0984,0.9379,steamdt-live,453.79,53,412.96,91,,7,9,7,2,8,9,6,5,-0.002409638554216831,-0.002512077294686055,-0.042455006922011984,-0.004915662650602504,0.04825996773450103,0.0,0.07571789878914037,0.007219512195121958,-0.24508710674003253,0.39,2,左侧观察,,53,0,0
104,Tec-9 | Re-Entry (Factory New),38.49,37.1,832,20,0.024,0.9639,steamdt-live,39.8,196,39.02,230,,3,12,12,2,8,7,4,5,0.0,-0.013076923076922986,-0.04528763769889843,-0.013076923076922986,0.057772337821297426,0.012894736842105292,0.07697841726618704,0.026947705442903036,-0.2695008540520022,0.27,6,左侧观察,,53,0,0
105,P250 | Lotus Imprint (Factory New),79.0,68.0,65,17,0.2615,0.8608,steamdt-live,78.7,86,79.75,85,,17,3,4,2,6,9,6,5,-0.0012674271229405898,-0.0012690355329948444,-0.01999751583654208,-0.0025348542458808465,0.022481679294497625,0.004595353586928752,0.03789731051344736,-0.03789731051344736,-0.1056818181818181,0.39,2,左侧观察,,52,0,0
106,AK-47 | X-Ray (Factory New),11613.0,15800.0,156,32,0.2051,1.3605,steamdt-live,11998.0,64,12052.11,42,"溢价求购:买一高于卖一,多为定向收特定图案,买一价不可作退出价",17,0,7,2,6,9,6,5,-0.0009880573932468106,-0.0012900451515802658,-0.03008333333333335,-0.0022768279061775587,0.03229166666666672,0.014236429538407869,0.047531167979002586,-0.024159663865546244,-0.20186260696243852,0.39,2,左侧观察,买一异常溢价(不作为可成交退出价),52,0,0
107,★ Moto Gloves | Polygon (Field-Tested),629.5,746.0,307,30,0.0977,1.1851,steamdt-live,630.0,269,633.1,178,"溢价求购:买一高于卖一,多为定向收特定图案,买一价不可作退出价",7,0,9,5,8,16,4,3,-0.01253918495297801,-0.0007936507936507908,-0.038432554634513894,-0.013322884012539227,0.05052790346907998,0.007200000000000095,0.05409466566491361,-0.03373856449929391,-0.12557299624947904,0.39,10,左侧观察,买一异常溢价(不作为可成交退出价),52,0,0
108,M4A1-S | Stratosphere (Factory New),195.0,185.0,401,21,0.0524,0.9487,steamdt-live,198.19,263,209.45,358,,3,9,9,2,8,10,6,5,0.02851948051948061,-0.015101772816809023,-0.022842639593908642,0.01298701298701288,0.017632241813602012,0.026315789473684292,0.0625,-0.0625,-0.2721164613661814,0.39,12,左侧观察,,52,0,0
109,★ Specialist Gloves | Big Swell (Minimal Wear),2350.0,2820.0,45,23,0.5111,1.2,steamdt-live,2387.5,60,2431.9,33,"溢价求购:买一高于卖一,多为定向收特定图案,买一价不可作退出价",20,0,4,5,6,10,6,0,0.003829787234042481,-0.0038151759220008685,-0.016118903077245172,0.0,0.020425177157148866,0.0,0.04062053480302108,-0.04062053480302108,-0.04928352388118884,0.39,3,左侧观察,买一异常溢价(不作为可成交退出价),51,0,0
110,★ Specialist Gloves | Pillow Punchers (Minimal Wear),8215.0,10590.0,91,33,0.3626,1.2891,steamdt-live,8298.0,105,8248.5,28,"溢价求购:买一高于卖一,多为定向收特定图案,买一价不可作退出价",20,0,4,5,4,9,4,5,-0.0021844660194174637,-0.0008513743614692038,-0.021958456973293794,-0.0030339805825242427,0.02411499168448561,0.00797546012269934,0.02665876777251186,-0.01416056642265695,-0.0652025489303596,0.14,5,左侧观察,买一异常溢价(不作为可成交退出价),51,0,0
111,Desert Eagle | Ocean Drive (Factory New),1400.0,1280.0,231,30,0.1299,0.9143,steamdt-live,1499.99,55,1435.63,68,,11,6,7,2,10,10,0,5,-0.0018627225433954786,0.04090767148953889,-0.07706164383561642,0.038968749304262085,0.04076081370889828,0.07692307692307687,0.09443725743855114,-0.09560723514211888,-0.26114353870024587,0.28,5,左侧观察,,51,0,0
112,M4A4 | Urban DDPAT (Factory New),125.9,115.0,476,30,0.063,0.9134,steamdt-live,126.0,105,125.8,142,,7,6,9,2,6,10,6,5,0.012048192771084265,-0.0015873015873015817,-0.02734375,0.010441767068273045,0.017187500000000022,0.010441767068273045,0.046969696969696995,-0.014878621769772948,-0.29720670391061454,0.36,4,左侧观察,,51,0,0
113,★ Sport Gloves | Pandora's Box (Minimal Wear),32099.0,45200.0,184,34,0.1848,1.4081,steamdt-live,31799.0,198,32840.0,39,"溢价求购:买一高于卖一,多为定向收特定图案,买一价不可作退出价",14,0,7,5,8,10,6,0,-0.028855967587294695,0.012707006369426788,-0.016815666240953542,-0.01651563418179569,0.033053579030590474,0.012707006369426788,0.05556875556875562,-0.0507761194029851,-0.1017231638418079,0.29,7,左侧观察,买一异常溢价(不作为可成交退出价),50,0,0
114,USP-S | Jawbreaker (Factory New),97.89,96.0,407,28,0.0688,0.9807,steamdt-live,97.0,231,103.04,202,,7,12,9,2,6,10,4,0,-0.02030819471374623,0.01041666666666674,0.0019427402862985943,-0.010103071742014413,0.014227642276422814,0.021052631578947434,0.03798472676782705,-0.03798472676782705,-0.20556920556920555,0.39,11,左侧观察,,50,0,0
115,Glock-18 | Gamma Doppler (Factory New),559.0,2170.0,1649,100,0.0606,3.8819,steamdt-live,583.0,637,584.89,490,"溢价求购:买一高于卖一,多为定向收特定图案,买一价不可作退出价",7,0,15,2,8,9,4,5,0.0017857142857142794,-0.0035650623885917776,-0.03114186851211076,-0.0017857142857142794,0.03287197231833905,0.004510413484519082,0.06740073406740066,-0.06645067552898343,-0.2550341831363194,0.39,12,左侧观察,买一异常溢价(不作为可成交退出价),50,0,0
116,AK-47 | Orbit Mk01 (Factory New),530.0,515.0,898,52,0.0579,0.9717,steamdt-live,548.5,161,533.4,143,,3,12,12,2,10,6,2,3,-0.00018903591682428722,-0.01682737757610131,-0.04598737601442737,-0.017013232514177745,0.062218214607754785,0.0019267822736031004,0.11789652247667515,-0.08611599297012307,-0.26185643107584433,0.39,10,左侧观察,,50,0,0
117,MP9 | Airlock (Factory New),142.4,137.0,275,13,0.0473,0.9621,steamdt-live,148.38,105,151.04,114,,3,12,9,2,8,7,4,5,-0.00048621240536217414,-0.010423905489923557,-0.033758389261745014,-0.010905049663124222,0.0442953020134228,7.022965095870859e-05,0.05695364238410594,-0.02732240437158473,-0.18395415472779364,0.39,5,左侧观察,,50,0,0
118,★ Sport Gloves | Nocts (Field-Tested),3619.9,4080.0,1041,46,0.0442,1.1271,steamdt-live,3659.0,870,3638.0,151,"溢价求购:买一高于卖一,多为定向收特定图案,买一价不可作退出价",3,0,15,5,6,10,6,5,0.008896302474284079,-0.002507577845136333,-0.023880597014925398,0.006366416458159607,0.017666214382632273,0.006646273637374911,0.03828374070138152,-0.037260638297872295,-0.05621170642680218,0.39,4,左侧观察,买一异常溢价(不作为可成交退出价),50,0,0
119,Desert Eagle | Mulberry (Factory New),77.76,75.0,1063,36,0.0339,0.9645,steamdt-live,77.5,542,77.96,260,,3,12,15,2,6,6,6,0,-0.001919631430765345,-0.006282856776509749,-0.019450370184464716,-0.008190427437931969,0.027481490776759876,0.006493506493506551,0.04814541881601575,-0.037147471735619275,-0.14825805033520167,0.39,15,左侧观察,,50,0,0
120,P250 | Visions (Factory New),48.0,43.0,406,11,0.0271,0.8958,steamdt-live,46.98,389,50.25,261,,3,6,9,2,8,19,3,0,-0.06542056074766356,0.06772727272727264,-0.019166666666666665,-0.0021240441801190224,0.037097765935642624,0.06772727272727264,0.0507173166296222,-0.04122448979591842,-0.1960985626283368,0.32,8,左侧观察,,50,0,0
121,Tec-9 | Sultan (Factory New),35.9,32.0,149,23,0.1544,0.8914,steamdt-live,36.8,114,36.36,93,,14,6,7,2,4,8,3,5,-0.012616566099835413,-0.002777777777777768,0.041714285714285815,-0.015359297860669252,0.018052516411378616,0.062130177514792884,0.021798365122615904,-0.013465237702665611,-0.05227032734952497,0.39,3,左侧观察,,49,0,0
122,FAMAS | Rapid Eye Movement (Factory New),85.38,82.0,374,21,0.0561,0.9604,steamdt-live,84.86,171,86.26,176,,3,12,9,2,10,11,2,0,-0.008953488372092977,-0.0043411944151120485,-0.03153153153153154,-0.013255813953488405,0.04544431946006755,0.023642943305186792,0.08556034482758623,-0.08556034482758623,-0.2643259644560034,0.39,8,左侧观察,,49,0,0
123,AWP | PAW (Factory New),43.79,41.0,1262,25,0.0198,0.9363,steamdt-live,43.2,1035,45.37,286,,3,9,15,2,4,10,6,0,0.007025761124121788,0.0,-0.028441410693970437,0.007025761124121788,0.02714932126696834,0.026252983293556076,0.02714932126696834,0.023809523809523725,-0.08315565031982941,0.19,10,左侧观察,,49,0,0
124,AWP | Oni Taiji (Factory New),3187.5,5500.0,364,50,0.1374,1.7255,steamdt-live,3350.0,102,3338.49,84,"溢价求购:买一高于卖一,多为定向收特定图案,买一价不可作退出价",11,0,9,2,8,9,4,5,-0.0028142589118198558,-0.0004703668861711918,-0.04537313432835821,-0.0032833020637899057,0.04850746268656714,0.013513513513513598,0.06730065837600585,-0.06222418358340687,-0.19507575757575757,0.38,5,左侧观察,买一异常溢价(不作为可成交退出价),48,0,0
125,★ Specialist Gloves | Buckshot (Minimal Wear),389.0,493.0,154,20,0.1299,1.2674,steamdt-live,405.0,100,400.0,56,"溢价求购:买一高于卖一,多为定向收特定图案,买一价不可作退出价",11,0,7,5,6,10,6,3,0.008920308483290507,-0.008841440110072152,-0.015164940884579425,0.0,0.013916702578012141,0.0051679586563306845,0.03950617283950619,-0.013916702578012141,-0.12584269662921344,0.3,10,左侧观察,买一异常溢价(不作为可成交退出价),48,0,0
126,Tec-9 | Cracked Opal (Factory New),47.49,46.4,413,37,0.0896,0.977,steamdt-live,48.4,143,48.99,58,,7,12,9,2,8,7,3,0,0.020416666666666528,-0.030420579828501326,-0.03884661593912686,-0.010624999999999996,0.05019999999999991,0.06241610738255021,0.06882352941176462,0.07931818181818184,-0.05586481113320074,0.39,8,左侧观察,,48,0,0
127,★ Hand Wraps | Giraffe (Minimal Wear),395.0,512.0,222,18,0.0811,1.2962,steamdt-live,410.0,96,421.0,74,"溢价求购:买一高于卖一,多为定向收特定图案,买一价不可作退出价",7,0,7,5,10,10,4,5,-0.008739076154806513,-0.005037783375314908,-0.030266343825665842,-0.013732833957553092,0.042424242424242475,0.0,0.12124582869855394,-0.12046314851926077,-0.20762286860581747,0.36,11,左侧观察,买一异常溢价(不作为可成交退出价),48,0,0
128,Glock-18 | Dragon Tattoo (Factory New),496.0,474.0,342,16,0.0468,0.9556,steamdt-live,494.5,258,515.5,207,,3,9,9,2,6,8,6,5,0.0030150753768845018,-0.009018036072144242,-0.027370478983382185,-0.0060301507537688925,0.03323558162267837,0.0,0.04812319538017329,-0.04628736740597883,-0.19396903015484923,0.38,11,左侧观察,,48,0,0
129,AWP | Lightning Strike (Factory New),2878.0,2800.0,591,17,0.0288,0.9729,steamdt-live,2935.99,481,2974.99,154,,3,12,12,2,6,8,2,3,-0.0031152647975077885,-0.000694444444444442,-0.02365664075701246,-0.0038075458636206427,0.027370825856119718,0.016961130742049413,0.03584266613958498,-0.03584266613958498,-0.06391283135469183,0.39,5,左侧观察,,48,0,0
130,Tec-9 | Titanium Bit (Factory New),485.0,467.0,620,17,0.0274,0.9629,steamdt-live,480.0,15,478.99,33,,3,12,12,2,10,4,0,5,-0.006259399260252763,-0.030246635854227155,-0.07314132871216261,-0.03631670934438891,0.10680178568064946,0.0,0.10680178568064946,-0.07972519261746269,-0.07888500388500386,0.39,11,左侧观察,,48,0,0
131,Desert Eagle | Urban DDPAT (Factory New),147.49,108.0,26,6,0.2308,0.7323,steamdt-live,117.5,16,123.12,34,,17,1,2,2,10,9,6,0,-0.06719367588932801,-0.004237288135593209,-0.003937007874015741,-0.07114624505928857,0.07114624505928857,0.0,0.18965517241379315,-0.18965517241379315,-0.12943617100096316,0.22,2,左侧观察,,47,0,0
132,USP-S | The Traitor (Factory New),612.49,592.0,311,44,0.1415,0.9665,steamdt-live,640.0,84,628.0,111,,11,12,9,2,4,7,2,0,1.626042699887087e-05,-0.004081300813008171,-0.016000256004096047,-0.0040651067497032844,0.021581469648562335,0.024247897122025464,0.02547334924423228,-0.004081300813008171,-0.18334666666666666,0.39,10,左侧观察,,47,0,0
133,★ Driver Gloves | Imperial Plaid (Minimal Wear),1716.0,2470.0,208,18,0.0865,1.4394,steamdt-live,1749.5,168,1767.0,55,"溢价求购:买一高于卖一,多为定向收特定图案,买一价不可作退出价",7,0,7,5,6,11,6,5,-0.012679754333350557,-0.0014547570555717426,-0.017437593849141453,-0.01411606542684285,0.03130750906032309,0.0035087719298245723,0.035955056179775235,-0.01038062283737029,-0.09134233518665613,0.31,6,左侧观察,买一异常溢价(不作为可成交退出价),47,0,0
134,USP-S | Monster Mashup (Factory New),426.5,416.0,558,51,0.0914,0.9754,steamdt-live,436.0,148,427.4,160,,7,12,12,2,6,7,0,0,-0.004690781796966137,2.344720860980587e-05,-0.015259456726570697,-0.004667444574095736,0.037897586284683094,0.04278728606356963,0.04913720069559013,-0.04905239687848384,-0.2514917514917514,0.39,12,左侧观察,,46,0,0
135,★ Hydra Gloves | Rattler (Minimal Wear),210.0,198.0,124,6,0.0484,0.9429,steamdt-live,217.6,68,225.9,56,,3,9,7,5,6,7,6,3,0.002411575562700996,-0.009387235246945624,-0.02395347763880551,-0.006998297711367507,0.03078414178243405,9.524716639686126e-05,0.045454545454545414,-0.045454545454545414,-0.045454545454545414,0.39,5,左侧观察,,46,0,0
136,P250 | Vino Primo (Factory New),94.5,91.0,403,13,0.0323,0.963,steamdt-live,101.49,135,97.99,413,,3,12,9,2,10,6,4,0,-0.03903903903903905,-0.015625,-0.04666475808760373,-0.05405405405405406,0.09819639278557124,0.0,0.16959578207381365,-0.16959578207381365,-0.28136882129277563,0.39,10,左侧观察,,46,0,0
137,AK-47 | Crossfade (Factory New),23.8,21.3,2779,34,0.0122,0.895,steamdt-live,25.8,1181,25.27,863,,3,6,15,2,10,10,0,0,0.09210526315789469,-0.04417670682730912,-0.11627906976744184,0.04385964912280693,0.07716169057774325,0.08231014097316969,0.10761154855643051,-0.040322580645161255,-0.25625,0.38,14,左侧观察,,46,0,0
138,AWP | BOOM (Factory New),2188.0,1830.0,42,5,0.119,0.8364,steamdt-live,2400.0,24,2219.49,26,,11,3,4,2,4,10,6,5,-0.0022831050228310223,0.0013729977116705427,-0.026666666666666616,-0.0009132420091324533,0.02538975501113583,0.0013729977116705427,0.027555555555555555,-0.00545454545454549,-0.1065704637421957,0.35,3,左侧观察,,45,0,0
139,P250 | Black & Tan (Factory New),65.5,55.0,70,6,0.0857,0.8397,steamdt-live,65.5,44,61.9,56,,7,3,4,2,8,10,6,5,0.0,-0.001612903225806428,-0.05487804878048774,-0.001612903225806428,0.05640243902439024,0.0,0.06212121212121213,0.098686545970891,-0.15089163237311398,0.33,2,左侧观察,,45,0,0
140,★ Sport Gloves | Omega (Minimal Wear),2700.0,4290.0,441,33,0.0748,1.5889,steamdt-live,2695.0,382,2759.0,95,"溢价求购:买一高于卖一,多为定向收特定图案,买一价不可作退出价",7,0,9,5,8,10,6,0,-0.014625228519195566,0.0,-0.014236799423319568,-0.014625228519195566,0.028653811497567183,0.013157894736842035,0.059008379888268125,-0.059008379888268125,-0.10687655343827673,0.39,7,左侧观察,买一异常溢价(不作为可成交退出价),45,0,0
141,AK-47 | Breakthrough (Factory New),49.0,48.0,423,25,0.0591,0.9796,steamdt-live,47.88,374,50.2,330,,3,12,9,2,10,7,2,0,-0.01636661211129309,-0.004159733777038155,-0.007714169711733554,-0.020458265139116194,0.032727272727272716,0.01894020004256225,0.10168855534709187,-0.09728506787330315,-0.26586936522539095,0.38,10,左侧观察,,45,0,0
142,★ Hand Wraps | CAUTION! (Field-Tested),770.0,830.0,598,29,0.0485,1.0779,steamdt-live,778.0,511,762.7,215,"溢价求购:买一高于卖一,多为定向收特定图案,买一价不可作退出价",3,0,12,5,6,10,4,5,0.01333333333333342,0.0009210526315790446,-0.02458056964494726,0.01426666666666665,0.010664585771881785,0.01426666666666665,0.03464467005076133,-0.030955414012738824,-0.08265399643046645,0.05,8,左侧观察,买一异常溢价(不作为可成交退出价),45,0,0
143,AWP | Phobos (Factory New),30.9,29.1,1456,35,0.024,0.9417,steamdt-live,31.86,414,31.21,542,,3,9,15,2,10,4,2,0,-0.0003144654088050869,-0.027996225228059113,-0.06470588235294117,-0.028301886792452935,0.08849557522123896,0.030000000000000027,0.11689054015432987,-0.09090909090909105,-0.2725988700564972,0.34,10,左侧观察,,45,0,0
144,Tec-9 | Orange Murano (Factory New),88.65,80.0,83,12,0.1446,0.9024,steamdt-live,92.88,20,93.29,26,,11,6,4,2,6,9,6,0,-0.032760121898127936,-0.0024755260492854703,-0.0011957821502337485,-0.0351545494122768,0.03630829437982375,0.0,0.03630829437982375,-0.03630829437982375,-0.06684210526315781,0.13,4,左侧观察,,44,0,0
145,AK-47 | Gold Arabesque (Factory New),11547.5,12740.0,225,24,0.1067,1.1033,steamdt-live,11700.0,173,11842.5,64,"溢价求购:买一高于卖一,多为定向收特定图案,买一价不可作退出价",11,0,7,2,8,10,6,0,-0.04261230072231481,0.030937500000000062,-0.008517670989066861,-0.012993118775911472,0.02140011865412328,0.030937500000000062,0.05507590326936451,-0.05507590326936451,-0.1418431809736157,0.27,6,左侧观察,买一异常溢价(不作为可成交退出价),44,0,0
146,★ Hydra Gloves | Mangrove (Minimal Wear),213.0,231.0,121,10,0.0826,1.0845,steamdt-live,210.0,51,222.2,52,"溢价求购:买一高于卖一,多为定向收特定图案,买一价不可作退出价",7,0,7,5,4,10,6,5,0.0,0.009615384615384581,-0.028037383177570097,0.009615384615384581,0.01869158878504673,0.012048192771084265,0.02001959960800781,-0.004739336492891044,-0.08296943231441045,0.39,6,左侧观察,买一异常溢价(不作为可成交退出价),44,0,0
147,Five-SeveN | Retrobution (Factory New),67.99,62.0,456,34,0.0746,0.9119,steamdt-live,69.79,124,69.44,85,,7,6,9,2,4,10,6,0,-0.03142857142857147,0.0028023598820059448,0.0,-0.028714285714285803,0.028714285714285803,0.005323081472719204,0.028714285714285803,0.0365909437414238,-0.2185057471264369,0.39,6,左侧观察,,44,0,0
148,USP-S | Blueprint (Factory New),580.0,553.0,210,15,0.0714,0.9534,steamdt-live,580.0,98,586.88,74,,7,9,7,2,8,7,4,0,-0.015202702702702742,-0.005145797598627766,-0.010033444816053505,-0.020270270270270285,0.030100334448160515,0.0,0.05836512703953245,-0.04132231404958675,-0.20547945205479456,0.38,6,左侧观察,,44,0,0
149,★ Moto Gloves | Finish Line (Field-Tested),433.5,631.0,446,30,0.0673,1.4556,steamdt-live,459.5,444,444.56,202,"溢价求购:买一高于卖一,多为定向收特定图案,买一价不可作退出价",7,0,9,5,10,6,4,3,-0.006849315068493178,-0.0034482758620689724,-0.011286681715575675,-0.010273972602739767,0.023648648648648685,0.003472222222222321,0.08447729672650472,-0.08350951374207183,-0.1834620455829723,0.39,16,左侧观察,买一异常溢价(不作为可成交退出价),44,0,0
150,★ Specialist Gloves | Blackbook (Field-Tested),1530.0,2170.0,152,31,0.2039,1.4183,steamdt-live,1539.5,163,1555.5,67,"溢价求购:买一高于卖一,多为定向收特定图案,买一价不可作退出价",17,0,7,5,6,4,4,0,-0.02081595510730272,-0.012584704743465625,0.013085787451984743,-0.033138697201789635,0.034700315457413256,0.0,0.034700315457413256,-0.03591682419659736,-0.07831325301204817,0.14,7,左侧观察,买一异常溢价(不作为可成交退出价),43,0,0
151,USP-S | Stainless (Factory New),251.98,231.0,325,18,0.0554,0.9167,steamdt-live,249.0,231,263.36,90,,3,6,9,2,8,9,6,0,-0.027237354085603127,-0.0040000000000000036,0.0,-0.0311284046692607,0.03300970873786413,0.0,0.05502846299810249,-0.05502846299810249,-0.2844416345766998,0.39,4,左侧观察,,43,0,0
152,★ Driver Gloves | Racing Green (Field-Tested),177.46,174.0,192,9,0.0469,0.9805,steamdt-live,173.49,111,185.0,138,,3,12,7,5,4,10,2,0,-0.008595988538681931,0.0028323699421965998,0.026470588235294024,-0.005787965616045776,0.019276427360090387,0.02535460992907823,0.019276427360090387,-0.014261363636363544,-0.08689473684210525,0.39,5,左侧观察,,43,0,0
153,AK-47 | Legion of Anubis (Factory New),336.9,333.0,798,30,0.0376,0.9884,steamdt-live,344.09,325,336.5,218,,3,12,12,2,4,4,6,0,-0.007312990102499417,-0.004437869822485174,0.005878877400295357,-0.011718405826896539,0.011718405826896539,0.0,0.01895043731778423,-0.018807406327452925,-0.045633738903542276,0.37,8,左侧观察,,43,0,0
154,★ Specialist Gloves | Crimson Kimono (Field-Tested),10493.0,11080.0,912,18,0.0197,1.0559,steamdt-live,10000.0,784,10675.74,176,"溢价求购:买一高于卖一,多为定向收特定图案,买一价不可作退出价",3,0,15,5,8,10,2,0,-0.042970619198009374,0.0,0.010194759052743141,-0.042970619198009374,0.042970619198009374,0.020408163265306145,0.05660377358490565,-0.05660377358490565,-0.08155767817781046,0.39,3,左侧观察,买一异常溢价(不作为可成交退出价),43,0,0
155,P250 | Cartel (Factory New),212.6,175.0,67,7,0.1045,0.8231,steamdt-live,189.87,49,201.99,56,,11,3,4,2,6,10,6,0,-0.0065400512740020345,0.0,-0.0075808712809596335,-0.0065400512740020345,0.014071343268082459,5.266761468369907e-05,0.04289530722314627,-0.04289530722314627,-0.2634600465477115,0.39,5,左侧观察,,42,0,0
156,★ Sport Gloves | Big Game (Field-Tested),810.0,920.0,794,28,0.0353,1.1358,steamdt-live,809.5,622,825.2,182,"溢价求购:买一高于卖一,多为定向收特定图案,买一价不可作退出价",3,0,12,5,4,7,6,5,-0.0018416206261510082,-0.004305043050430557,-0.019855595667869985,-0.006138735420503361,0.025872442839951826,0.0018564356435644136,0.025872442839951826,-0.0128048780487805,-0.09603573422668898,0.39,13,左侧观察,买一异常溢价(不作为可成交退出价),42,0,0
157,★ Sport Gloves | Frosty (Minimal Wear),2244.5,2950.0,50,12,0.24,1.3143,steamdt-live,2230.0,52,2289.5,20,"溢价求购:买一高于卖一,多为定向收特定图案,买一价不可作退出价",17,0,4,5,6,5,4,0,-0.01660839160839156,-0.008888888888888835,0.008373732921992172,-0.02534965034965031,0.025562595586628767,0.0,0.03796376186367556,-0.03796376186367556,-0.10423779875477002,0.39,5,左侧观察,买一异常溢价(不作为可成交退出价),41,0,0
158,MP9 | Starlight Protector (Factory New),571.7,962.0,215,23,0.107,1.6827,steamdt-live,596.0,175,580.7,75,"溢价求购:买一高于卖一,多为定向收特定图案,买一价不可作退出价",11,0,7,2,6,9,6,0,-0.006932409012131768,-0.0022687609075042747,-0.01196938303738082,-0.009185441941074401,0.022735042735042676,0.011733059620931963,0.04157585917854145,-0.0423785594639865,-0.0867412140575079,0.38,7,左侧观察,买一异常溢价(不作为可成交退出价),41,0,0
159,Galil AR | Rocket Pop (Factory New),52.5,48.0,563,22,0.0391,0.9143,steamdt-live,52.0,259,55.02,236,,3,6,12,2,6,10,2,0,-0.03520208604954367,0.0038610038610038533,-0.003711263685284849,-0.03147699757869249,0.03703703703703709,0.040000000000000036,0.03703703703703709,-0.03327756088492284,-0.25597367291458006,0.39,8,左侧观察,,41,0,0
160,USP-S | Bleeding Edge (Factory New),30.9,29.1,823,25,0.0304,0.9417,steamdt-live,30.79,461,32.0,355,,3,9,12,2,6,6,0,3,-0.009615384615384692,-0.0035598705501618255,0.013316011692107832,-0.013141025641025594,0.034796238244514055,0.033568311513930915,0.034796238244514055,-0.0029145077720207357,-0.16103542234332435,0.33,12,左侧观察,,41,0,0
161,★ Driver Gloves | Overtake (Minimal Wear),525.0,681.0,104,22,0.2115,1.2971,steamdt-live,535.0,69,530.0,49,"溢价求购:买一高于卖一,多为定向收特定图案,买一价不可作退出价",17,0,7,5,4,5,2,0,-0.012149532710280408,-0.0066225165562914245,0.06155006151037745,-0.01869158878504673,0.01869158878504673,0.04170800428588439,0.01869158878504673,0.06275303643724706,-0.045454545454545414,0.31,8,左侧观察,买一异常溢价(不作为可成交退出价),40,0,0
162,★ Sport Gloves | Red Racer (Field-Tested),799.3,1280.0,232,26,0.1121,1.6014,steamdt-live,800.0,204,812.2,87,"溢价求购:买一高于卖一,多为定向收特定图案,买一价不可作退出价",11,0,7,5,2,9,6,0,0.004999999999999893,-0.005845771144278644,-0.009999009999010045,-0.0008750000000000702,0.010767326732673332,0.0022570532915360264,0.014426633785450171,-0.010154798761609962,-0.10391372100584095,0.14,12,左侧观察,买一异常溢价(不作为可成交退出价),40,0,0
163,★ Broken Fang Gloves | Yellow-banded (Minimal Wear),415.9,500.0,140,10,0.0714,1.2022,steamdt-live,448.38,65,442.9,59,"溢价求购:买一高于卖一,多为定向收特定图案,买一价不可作退出价",7,0,7,5,6,10,4,0,0.012077294685990392,-0.00739856801909311,-0.022409029729155372,0.004589371980676216,0.017922501121632184,0.014390243902439037,0.037268518518518534,-0.03615295480880654,-0.13336111689935404,0.39,9,左侧观察,买一异常溢价(不作为可成交退出价),39,0,0
164,★ Hand Wraps | Overprint (Field-Tested),616.32,660.0,815,27,0.0331,1.0709,steamdt-live,625.0,786,620.68,261,"溢价求购:买一高于卖一,多为定向收特定图案,买一价不可作退出价",3,0,12,5,6,4,4,5,-0.003923208026497815,-0.005649717514124242,-0.016695652173913,-0.009550760523523216,0.028391167192429068,0.0,0.04982261298781421,-0.03975058456742009,-0.1137965760322256,0.39,11,左侧观察,买一异常溢价(不作为可成交退出价),39,0,0
165,★ Sport Gloves | Frosty (Field-Tested),1070.5,1630.0,199,36,0.1809,1.5227,steamdt-live,1111.0,197,1111.49,85,"溢价求购:买一高于卖一,多为定向收特定图案,买一价不可作退出价",14,0,7,5,6,4,2,0,-0.013698630136986356,-0.008796296296296302,0.014001555728414106,-0.02237442922374433,0.02460136674259683,0.00516431924882621,0.04376953997320232,-0.04376953997320232,-0.12505108295872502,0.39,8,左侧观察,买一异常溢价(不作为可成交退出价),38,0,0
166,AWP | Exothermic (Factory New),49.98,40.0,392,12,0.0306,0.8003,steamdt-live,46.88,291,47.4,380,,3,3,9,2,10,9,2,0,-0.023482959268495307,-0.0023409236007660983,-0.01312551271534046,-0.02576891105569401,0.03638232271325792,0.019130434782608674,0.11846558856713041,-0.11680482290881677,-0.22983407261376698,0.35,7,左侧观察,,38,0,0
167,★ Moto Gloves | POW! (Minimal Wear),965.5,1570.0,304,30,0.0987,1.6261,steamdt-live,969.0,298,979.99,71,"溢价求购:买一高于卖一,多为定向收特定图案,买一价不可作退出价",7,0,9,5,6,6,4,0,0.0010319917440659854,-0.004639175257731942,-0.009587276927165322,-0.003611971104231171,0.013164619064167327,0.005729166666666563,0.034499999999999975,-0.034017008504252155,-0.09512652296157453,0.39,8,左侧观察,买一异常溢价(不作为可成交退出价),37,0,0
168,★ Driver Gloves | King Snake (Minimal Wear),2777.0,6980.0,885,27,0.0305,2.5135,steamdt-live,2835.0,911,2829.0,164,"溢价求购:买一高于卖一,多为定向收特定图案,买一价不可作退出价",3,0,12,5,6,7,4,0,-0.014666902279554694,-0.003945480631276865,-0.009278711484593805,-0.018554514931966803,0.02766787347427535,0.002527075812274404,0.03843490304709141,-0.03556296450649443,-0.09514499837080481,0.39,7,左侧观察,买一异常溢价(不作为可成交退出价),37,0,0
169,AWP | Desert Hydra (Factory New),8498.0,9560.0,291,25,0.0859,1.125,steamdt-live,8444.44,222,8694.5,65,"溢价求购:买一高于卖一,多为定向收特定图案,买一价不可作退出价",7,0,9,2,6,5,2,5,-0.0015204678362572555,-0.010842216235211422,-0.025752051048313573,-0.012346198830409327,0.03778030993618953,0.005290476190476179,0.03821867881548968,-0.03909421939007729,-0.1451265438347843,0.38,5,左侧观察,买一异常溢价(不作为可成交退出价),36,0,0
170,USP-S | Sleeping Potion (Factory New),48.9,45.1,230,19,0.0826,0.9223,steamdt-live,46.78,197,49.25,124,,7,6,7,2,8,6,0,0,-0.0401371520774505,-0.017020382433284298,-0.004417670682730912,-0.056474384832593705,0.06064257028112441,0.039555555555555566,0.06064257028112441,-0.006372132540356734,-0.08597108245408358,0.39,12,左侧观察,,36,0,0
171,★ Specialist Gloves | Crimson Web (Minimal Wear),1749.5,3020.0,290,22,0.0759,1.7262,steamdt-live,1678.0,218,1760.0,50,"溢价求购:买一高于卖一,多为定向收特定图案,买一价不可作退出价",7,0,9,5,8,5,2,0,-0.02857142857142858,-0.012941176470588234,-0.005681818181818232,-0.04114285714285715,0.04902238594502695,0.01696969696969708,0.06199864722093351,-0.06413831567205797,-0.1258140140661631,0.38,9,左侧观察,买一异常溢价(不作为可成交退出价),36,0,0
172,AK-47 | Nightwish (Factory New),679.5,1010.0,899,36,0.04,1.4864,steamdt-live,695.97,214,719.4,138,"溢价求购:买一高于卖一,多为定向收特定图案,买一价不可作退出价",3,0,12,2,8,5,2,3,-0.0029133284777859147,-0.007304601899196461,-0.018570672918840847,-0.010196649672250535,0.0285779639451601,0.02257336343115135,0.06917808219178079,-0.072987721691678,-0.10237780713342137,0.38,13,左侧观察,买一异常溢价(不作为可成交退出价),35,0,0
173,★ Sport Gloves | Scarlet Shamagh (Minimal Wear),1919.0,2780.0,183,27,0.1475,1.4487,steamdt-live,1958.5,164,1979.0,67,"溢价求购:买一高于卖一,多为定向收特定图案,买一价不可作退出价",11,0,7,5,4,5,2,0,-0.0002590673575129099,-0.005441824306815279,-0.01100703056142005,-0.0056994818652850165,0.016643778055629554,0.010000000000000009,0.02091836734693875,-0.020668537892319483,-0.08269598470363293,0.39,6,左侧观察,买一异常溢价(不作为可成交退出价),34,0,0
174,Tec-9 | Hades (Factory New),165.0,117.0,41,4,0.0976,0.7091,steamdt-live,177.5,25,168.63,32,,7,1,4,2,4,5,6,5,-0.003012048192771122,-0.0030211480362537513,-0.011845943210905485,-0.0060240963855421326,0.020713395453736183,0.0,0.02935466792164254,-0.03220130212915717,-0.0944017563117453,0.17,2,左侧观察,,34,0,0
175,AWP | Graphite (Factory New),792.98,931.0,590,21,0.0356,1.1741,steamdt-live,819.0,427,823.9,337,"溢价求购:买一高于卖一,多为定向收特定图案,买一价不可作退出价",3,0,12,2,6,4,4,3,0.012507817385866149,-0.02040765904879549,-0.014787430683918634,-0.008155096935584694,0.022821934688847745,0.0,0.03236119585112873,-0.01980222496909767,-0.1300274273176083,0.39,11,左侧观察,买一异常溢价(不作为可成交退出价),34,0,0
176,★ Sport Gloves | Nocts (Minimal Wear),5170.0,7310.0,406,23,0.0567,1.4139,steamdt-live,5329.0,332,5600.0,63,"溢价求购:买一高于卖一,多为定向收特定图案,买一价不可作退出价",3,0,9,5,6,7,2,0,-0.006685768863419317,-0.005769230769230749,-0.02947719688542827,-0.012416427889207271,0.0415276232851316,0.013725490196078383,0.047882136279926324,-0.044362292051756014,-0.10079137316288378,0.39,12,左侧观察,买一异常溢价(不作为可成交退出价),32,0,0
177,AWP | Pink DDPAT (Factory New),790.0,539.0,36,3,0.0833,0.6823,steamdt-live,900.0,17,838.0,29,,7,1,4,2,6,5,4,0,-0.02440512507626602,-0.011882426516572897,-0.013197504997230491,-0.03599755948749239,0.048719986513498625,0.0,0.048719986513498625,-0.048719986513498625,-0.17665450755601875,0.34,3,左侧观察,,29,0,0
178,FAMAS | Macabre (Factory New),58.63,39.0,71,4,0.0563,0.6652,steamdt-live,66.62,40,60.77,67,,3,1,4,2,8,4,6,0,-0.007248819959541519,-0.004415011037527505,-0.011333333333333306,-0.011631827376938575,0.022670445074179035,0.0,0.06326889279437609,-0.06341853035143763,-0.25587003426830823,0.22,4,左侧观察,,28,0,0
179,MP9 | Food Chain (Factory New),94.7,81.0,219,13,0.0594,0.8553,steamdt-live,93.99,133,100.0,108,,3,3,7,2,6,6,0,0,-0.02268041237113405,-0.009599156118143437,-0.005943840951014523,-0.03206185567010311,0.037815126050420145,0.04322222222222227,0.045930291637028664,-0.03206185567010311,-0.1469198618935127,0.39,9,左侧观察,,27,0,0
180,M4A1-S | Flashback (Factory New),661.5,655.0,638,90,0.1411,0.9902,steamdt-live,689.99,64,680.0,78,,11,15,12,2,10,20,6,5,-0.010494980331404391,0.01534919416730629,-0.05940084858355121,0.004693124345013011,0.0549864998071401,0.03359375000000009,0.14541508410200754,-0.10365853658536583,-0.35934064869785864,0.39,13,长期阴跌,,81,0,0
181,★ Driver Gloves | Lunar Weave (Minimal Wear),4055.99,3780.0,150,27,0.18,0.932,steamdt-live,4493.0,18,4086.9,41,,14,9,7,5,6,20,6,5,-0.011281531246038812,0.03999743589743576,-0.021215880893300287,0.02826467232855867,0.0008646385022786918,0.053503896103896054,0.031717535839192235,-0.010734146341463413,-0.2754573061807789,0.39,3,回撤不明显,,72,0,0
182,★ Hand Wraps | Badlands (Minimal Wear),2645.0,2440.0,146,49,0.3356,0.9225,steamdt-live,2799.5,21,2590.05,37,,20,6,7,5,8,20,2,3,-0.011314854414200104,0.06663332967439528,-0.029498732202067446,0.05456452883579588,0.0,0.07968312757201645,0.05522866402592719,-0.0562482014388489,-0.15065393331175136,0.11,11,回撤不明显,,71,0,0
183,AWP | POP AWP (Factory New),168.0,166.0,1254,71,0.0566,0.9881,steamdt-live,170.27,344,168.67,282,,3,12,15,2,10,20,4,5,-0.009230769230769265,0.04347826086956519,-0.08450704225352113,0.03384615384615386,0.05352112676056342,0.05860113421550106,0.10543130990415339,-0.07182320441988954,-0.4580470337752831,0.39,15,长期阴跌,,71,0,0
184,AK-47 | Neon Revolution (Factory New),1555.0,1530.0,538,128,0.2379,0.9839,steamdt-live,1535.0,107,1530.0,133,,17,12,12,2,6,10,6,5,0.01054421768707492,0.029956243688993522,-0.029062087186261576,0.04081632653061229,0.0,0.04081632653061229,0.03286978508217442,0.013916500994035852,-0.06422018348623848,0.39,6,回撤不明显,,70,0,0
185,AK-47 | Aquamarine Revenge (Factory New),1189.0,1160.0,360,99,0.275,0.9756,steamdt-live,1199.0,121,1195.0,95,,17,12,9,2,8,10,6,5,0.0,0.02544200086244075,-0.01653944020356235,0.02544200086244075,0.005020920502092019,0.02606144287193657,0.050144994687522426,0.01191489361702125,0.010590375167865096,0.39,7,回撤不明显,,69,0,0
186,AK-47 | Neon Rider (Factory New),1372.0,1340.0,455,100,0.2198,0.9767,steamdt-live,1349.73,187,1385.59,100,,17,12,9,2,8,10,6,5,0.021969755719271067,0.024206460620869175,-0.05175456657940414,0.04670802636680893,0.007463893872988847,0.04792701863354032,0.06007660167130913,0.0012833827893174998,-0.06593079584775086,0.38,6,回撤不明显,,69,0,0
187,Desert Eagle | Mecha Industries (Factory New),158.0,155.0,935,97,0.1037,0.981,steamdt-live,159.0,369,157.96,192,,11,12,15,2,8,10,6,5,0.013042355371900793,0.006755895474824802,-0.01663492063492067,0.019886363636363757,0.0008223164020494389,0.031474467807235396,0.05976190476190468,0.023056994818652754,-0.09473322253424266,0.38,12,回撤不明显,,69,0,0
188,Tec-9 | Remote Control (Factory New),145.0,142.0,564,32,0.0567,0.9793,steamdt-live,155.0,70,145.21,129,,3,12,12,2,10,19,6,5,-0.010273972602739767,0.0034602076124568004,-0.06398256186690598,-0.006849315068493178,0.07039364021028327,0.021198675963095992,0.12105231254167426,-0.12105231254167426,-0.3843148910874272,0.39,8,长期阴跌,,69,0,0
189,Five-SeveN | Boost Protocol (Factory New),56.46,53.0,1315,50,0.038,0.9387,steamdt-live,59.66,275,57.0,288,,3,9,15,2,10,19,6,5,-0.029982363315696703,0.02654545454545465,-0.05499999999999994,-0.004232804232804255,0.06831683168316838,0.0267321331151118,0.08195121951219508,-0.043050847457627106,-0.31885631559898664,0.39,8,长期阴跌,,69,0,0
190,★ Bloodhound Gloves | Bronzed (Field-Tested),1264.0,1180.0,233,49,0.2103,0.9335,steamdt-live,1399.0,16,1253.95,54,,17,9,7,5,2,20,3,5,-0.00512953367875657,0.08844157422356491,-0.025252525252525304,0.0828583765112263,0.0,0.08844157422356491,0.012637795275590502,-0.03169884169884163,-0.21011023622047242,0.16,6,回撤不明显,,68,0,0
191,Glock-18 | Gold Toof (Factory New),738.26,716.0,516,56,0.1085,0.9698,steamdt-live,757.19,111,752.9,140,,11,12,12,2,10,10,6,5,-0.0006906077348066697,0.00898410504492042,-0.07357645553422909,0.008287292817679592,0.057456423499031684,0.028169014084507005,0.10866910866910862,-0.1097560975609756,-0.30486121030329005,0.15,12,长期阴跌,,68,0,0
192,AK-47 | The Empress (Factory New),1629.0,1590.0,340,88,0.2588,0.9761,steamdt-live,1650.0,168,1600.3,101,,17,12,9,2,6,10,6,5,-0.003675675675675616,0.021433312908496704,-0.016880275085964347,0.017678855325914178,0.0,0.03278476928041307,0.030121212121212104,-0.0060248447204969136,0.041048659901118834,0.39,6,回撤不明显,,67,0,0
193,Desert Eagle | Midnight Storm (Factory New),480.0,455.0,732,64,0.0874,0.9479,steamdt-live,481.1,139,474.9,114,,7,9,12,2,10,20,2,5,-0.020000890908281055,0.06818181818181812,-0.10203999999999991,0.046817230166154244,0.06000000000000005,0.07090776522056141,0.08471275559883151,-0.07389162561576357,-0.3794150656895755,0.39,12,长期阴跌,,67,0,0
194,Galil AR | Dusk Ruins (Factory New),198.5,190.0,272,22,0.0809,0.9572,steamdt-live,219.88,56,204.01,81,,7,9,9,2,10,19,6,5,-0.015000000000000013,0.0076142131979695105,-0.09090909090909094,-0.007499999999999951,0.09772727272727277,0.010178117048346147,0.13140506716842426,-0.11738550466874165,-0.4237858863827687,0.39,6,长期阴跌,,67,0,0
195,Glock-18 | Nuclear Garden (Factory New),233.0,228.0,2405,124,0.0516,0.9785,steamdt-live,239.26,302,235.61,257,,3,12,15,2,10,20,0,5,-0.011494252873563204,0.08372093023255811,-0.05434782608695654,0.07126436781609202,0.008510638297872353,0.10688836104513055,0.08555729984301419,0.02647693731001355,-0.3436619718309859,0.33,15,长期阴跌,,67,0,0
196,FAMAS | Survivor Z (Factory New),19.87,18.3,991,28,0.0283,0.921,steamdt-live,20.0,266,20.14,391,,3,6,15,2,10,20,6,5,-0.01155778894472348,0.010167768174885516,-0.15029888983774564,-0.0015075376884421399,0.15157984628522636,0.010167768174885516,0.2259446825087651,-0.2259446825087651,-0.532470588235294,0.39,14,长期阴跌,,67,0,0
197,Glock-18 | Royal Legion (Factory New),243.0,228.0,388,51,0.1314,0.9383,steamdt-live,249.0,59,244.89,87,,11,9,9,2,6,20,4,5,-0.006808510638297793,0.041131105398457546,-0.04081632653061229,0.03404255319148941,0.004098360655737654,0.05652173913043468,0.04518664047151277,0.10615440640932272,-0.18143232500168438,0.35,9,回撤不明显,,66,0,0
198,M4A1-S | Basilisk (Factory New),158.0,146.0,547,40,0.0731,0.9241,steamdt-live,153.95,194,153.5,185,,7,6,12,2,10,20,4,5,-0.007442489851150369,0.042944785276073594,-0.07567229518449026,0.03518267929634633,0.04015056461731492,0.05226960110041268,0.08765652951699454,-0.07272727272727275,-0.30454545454545456,0.22,13,长期阴跌,,66,0,0
199,M4A1-S | Moss Quartz (Factory New),424.48,412.0,459,31,0.0675,0.9706,steamdt-live,448.25,124,423.12,184,,7,12,9,2,10,19,4,3,-0.02588296195204598,0.02205367279402881,-0.057671840354767134,-0.004400103531847832,0.06181818181818177,0.03581483022840226,0.10815083363193723,-0.1016369774305187,-0.32697079595342615,0.39,13,长期阴跌,,66,0,0
200,★ Moto Gloves | Eclipse (Minimal Wear),3200.0,2980.0,126,41,0.3254,0.9313,steamdt-live,3399.5,22,3104.42,29,,20,9,7,5,6,10,3,5,-0.00017067759003241978,0.05989074769545932,-0.05469506292352366,0.059709848096944906,0.0,0.06315753424657533,0.044793846153846184,-0.017588607594936634,-0.17215466666666668,0.39,3,回撤不明显,,65,0,0
201,M4A1-S | Player Two (Factory New),966.66,944.0,427,83,0.1944,0.9766,steamdt-live,982.5,130,960.0,146,,14,12,9,2,6,20,2,0,-0.007399577167019,0.022364217252396124,-0.018672199170124526,0.014799154334038,0.004149377593360981,0.03842159916926269,0.034787854413834696,-0.014373716632443578,-0.05509020935657549,0.39,10,回撤不明显,,65,0,0
202,FAMAS | ZX Spectron (Factory New),120.0,116.0,626,40,0.0639,0.9667,steamdt-live,124.5,145,121.03,181,,7,12,12,2,10,15,2,5,-0.024390243902439046,0.0,-0.07518796992481203,-0.024390243902439046,0.09774436090225569,0.016949152542372836,0.14584667947896657,-0.12841371295758286,-0.354804021721598,0.29,7,长期阴跌,,65,0,0
203,USP-S | Cyrex (Factory New),185.48,183.0,2835,166,0.0586,0.9866,steamdt-live,189.5,437,190.3,481,,3,12,15,2,10,20,0,3,-0.009356725146198785,0.09492325855962203,-0.06301369863013695,0.08467836257309935,0.023789473684210583,0.12412121212121208,0.08178217821782185,-0.023275408109531437,-0.4269471993079371,0.39,18,长期阴跌,,65,0,0
204,FAMAS | Styx (Factory New),760.5,743.0,366,87,0.2377,0.977,steamdt-live,775.0,73,765.0,50,,17,12,9,2,6,10,3,5,0.01989026063100141,0.02286482851378624,-0.02147651006711404,0.043209876543209846,0.003276539973787629,0.08642857142857152,0.048185231539424334,0.15402124430955988,0.025084581272156292,0.38,13,回撤不明显,,64,0,0
205,★ Specialist Gloves | Foundation (Minimal Wear),5548.49,5220.0,178,35,0.1966,0.9408,steamdt-live,5630.0,37,5555.0,44,,14,9,7,5,8,10,6,5,-0.031040787799726854,0.027498148148148216,-0.004467667023937194,-0.004396203833130885,0.009198214285714323,0.037100934579439304,0.06519944469528993,-0.014302718067152331,-0.2187426077161363,0.39,2,回撤不明显,,64,0,0
206,Glock-18 | Water Elemental (Factory New),279.49,270.0,639,75,0.1174,0.966,steamdt-live,275.0,263,272.0,316,,11,12,12,2,6,10,6,5,0.0,0.036190476190476106,-0.04371584699453557,0.036190476190476106,0.012954966070326979,0.05019305019305009,0.04386951631046121,0.056310679611650594,-0.30165087678759406,0.39,12,长期阴跌,,64,0,0
207,AWP | Electric Hive (Factory New),429.9,412.0,488,39,0.0799,0.9584,steamdt-live,449.99,223,445.0,192,,7,9,9,2,10,16,6,5,-0.0182648401826484,-0.00023255813953493298,-0.04366812227074235,-0.018493150684931514,0.06135371179039306,0.003267211201867015,0.10360933297191355,-0.10043942247332083,-0.3149003984063745,0.39,9,长期阴跌,,64,0,0
208,USP-S | Black Lotus (Factory New),129.0,125.0,608,42,0.0691,0.969,steamdt-live,139.0,130,125.0,178,,7,12,12,2,10,10,6,5,0.019166666666666554,0.022076860179885527,-0.1175821751599383,0.04166666666666674,0.0808147657916024,0.04166666666666674,0.12587412587412583,-0.07407407407407407,-0.44665781319167774,0.39,2,长期阴跌,,64,0,0
209,USP-S | Blood Tiger (Factory New),77.88,73.0,442,25,0.0566,0.9373,steamdt-live,75.1,99,76.36,129,,3,9,9,2,10,20,6,5,-0.020173300839425923,0.03772281332043659,-0.11766814000716752,0.01678851881938792,0.10285509497073231,0.03887121316917952,0.1540887587294436,-0.156179775280899,-0.43106060606060614,0.3,3,长期阴跌,,64,0,0
210,AK-47 | Blue Laminate (Factory New),134.0,134.0,1258,63,0.0501,1.0,steamdt-live,138.58,711,141.0,434,,3,15,15,2,10,10,4,5,-0.0037037037037036535,0.03234200743494409,-0.08163265306122447,0.028518518518518388,0.05544217687074837,0.04116676664667063,0.10419354838709682,-0.0864530561221134,-0.38832599118942734,0.39,14,长期阴跌,,64,0,0
211,USP-S | Orion (Factory New),514.0,498.0,519,27,0.052,0.9689,steamdt-live,559.5,187,528.0,247,,3,12,12,2,10,17,2,5,-0.0077145612343297865,-0.0009718172983479434,-0.06744604316546765,-0.008678881388621051,0.07552294106009105,0.015810276679841806,0.0902654867256637,-0.08703374777975137,-0.3091397849462365,0.39,13,长期阴跌,,63,0,0
212,★ Moto Gloves | Cool Mint (Field-Tested),5785.0,5520.0,292,85,0.2911,0.9542,steamdt-live,5800.0,43,5823.5,87,,17,9,9,5,4,10,3,5,0.019266055045871644,0.0414041404140415,-0.058884475910896183,0.0614678899082568,0.001506801317976425,0.073383430744967,0.027240625525475015,0.0414041404140415,-0.2673505572441742,0.32,9,回撤不明显,,62,0,0
213,★ Hand Wraps | Badlands (Field-Tested),2540.0,2410.0,303,75,0.2475,0.9488,steamdt-live,2795.0,22,2543.83,52,,17,9,9,5,4,10,3,5,0.0002085070892410279,0.05691056910569103,-0.040416166466586634,0.05713094245204342,0.0019685039370078705,0.06512605042016806,0.02462485571373607,0.006351726875744257,-0.15160642570281124,0.39,6,回撤不明显,,62,0,0
214,USP-S | Orange Anolis (Factory New),487.0,465.0,250,57,0.228,0.9548,steamdt-live,479.0,49,469.9,55,,17,9,7,2,10,10,2,5,0.009944629014396522,0.03050505493541511,-0.018478260869565166,0.04075304540420821,0.0,0.06916951080773592,0.11556559382646336,0.1602469135802469,-0.21543419097390348,0.39,9,回撤不明显,,62,0,0
215,★ Bloodhound Gloves | Guerrilla (Field-Tested),1060.0,990.0,197,43,0.2183,0.934,steamdt-live,1188.0,27,1060.82,63,,17,9,7,5,6,10,3,5,-0.003477396920019915,0.05682951146560322,-0.03128007699711266,0.053154495777446575,0.0,0.06106106106106113,0.03284671532846717,-0.03372835004557884,-0.2423159399571122,0.31,6,回撤不明显,,62,0,0
216,Desert Eagle | Night Heist (Factory New),440.0,432.0,757,68,0.0898,0.9818,steamdt-live,469.48,142,457.56,158,,7,12,12,2,10,10,6,3,-0.0034482758620689724,0.014994232987312506,-0.06552094522019336,0.011494252873563315,0.040348964013086186,0.02564102564102555,0.10204081632653061,-0.06283280085197018,-0.4278283485045513,0.29,9,长期阴跌,,62,0,0
217,AK-47 | Steel Delta (Factory New),47.19,42.4,1662,51,0.0307,0.8985,steamdt-live,45.99,652,46.0,422,,3,6,15,2,10,20,3,3,-0.022271714922049046,0.047608200455580896,-0.06263048016701467,0.02427616926503351,0.039874739039665874,0.07202797202797218,0.11557692307692302,-0.08019999999999994,-0.5076017130620984,0.39,14,长期阴跌,,62,0,0
218,AK-47 | Safety Net (Factory New),60.5,60.0,2052,48,0.0234,0.9917,steamdt-live,63.99,444,63.34,545,,3,15,15,2,10,17,0,0,-0.01944894651539708,0.0,-0.06515151515151507,-0.01944894651539708,0.09903201787043936,0.06140350877192979,0.12191582002902768,-0.12191582002902768,-0.44234491658217345,0.39,13,长期阴跌,,62,0,0
219,M4A4 | Red DDPAT (Factory New),919.0,867.0,158,69,0.4367,0.9434,steamdt-live,955.0,26,949.0,40,,20,9,7,2,10,10,0,3,0.07146511627906982,-0.002669676383131203,-0.011494252873563204,0.06860465116279069,0.002669676383131203,0.1085645355850422,0.1064657267865824,0.1714766469508464,-0.12057416267942589,0.28,11,回撤不明显,,61,0,0
220,AK-47 | Leet Museo (Factory New),3300.0,3160.0,507,94,0.1854,0.9576,steamdt-live,3500.0,59,3347.38,68,,14,9,12,2,8,10,6,0,-3.74999999999126e-05,0.03128867332524976,-0.038894728938279055,0.03125,0.008860189217600234,0.044303797468354444,0.06898011002962334,-0.0060240963855421326,-0.1428571428571429,0.39,13,回撤不明显,,61,0,0
221,M4A4 | Buzz Kill (Factory New),2760.0,2720.0,935,81,0.0866,0.9855,steamdt-live,2898.5,148,2799.5,145,,7,12,15,2,6,10,4,5,-0.0035460992907800915,0.03371417868514692,-0.03978494623655915,0.0300485255692422,0.007374100719424459,0.045265151515151425,0.04844827586206901,-0.0283450704225352,-0.21157142857142852,0.18,12,回撤不明显,,61,0,0
222,Glock-18 | Warhawk (Factory New),36.9,35.6,387,25,0.0646,0.9648,steamdt-live,39.96,73,37.82,205,,7,12,9,2,10,10,6,5,0.0,-0.002702702702702786,-0.07244923539734272,-0.002702702702702786,0.07750000000000001,0.0,0.08186115949241102,0.004081632653061273,-0.3925925925925926,0.38,4,长期阴跌,,61,0,0
223,AWP | Black Nile (Factory New),74.7,73.0,998,44,0.0441,0.9772,steamdt-live,74.3,258,74.89,450,,3,12,15,2,10,10,4,5,-0.0040431266846361336,0.004330175913396461,-0.10494571773220751,0.00026954177897575704,0.09355153883732292,0.009795918367346834,0.1559194814056637,-0.05752380952380953,-0.5272611464968153,0.16,9,长期阴跌,,61,0,0
224,M4A1-S | Fizzy POP (Factory New),56.0,55.0,2600,49,0.0188,0.9821,steamdt-live,57.88,470,57.99,531,,3,12,15,2,10,13,6,0,-0.048278248831977844,0.018181818181818077,-0.05556463474423923,-0.0309742169925592,0.08481778068311807,0.018922852983988436,0.15125795695665356,-0.15125795695665356,-0.4777093825778772,0.39,8,长期阴跌,,61,0,0
225,AK-47 | The Oligarch (Factory New),1558.0,1510.0,191,35,0.1832,0.9692,steamdt-live,1599.0,177,1609.0,91,,14,12,7,2,8,10,4,3,-0.01187038819377606,0.011688311688311748,0.005483870967741833,-0.0003208213025345241,0.007643312101910826,0.018300653594771177,0.06957300686772172,-0.06957300686772172,-0.12471910112359552,0.39,3,回撤不明显,,60,0,0
226,M4A1-S | Black Lotus (Factory New),70.0,68.0,1488,33,0.0222,0.9714,steamdt-live,70.9,1082,71.67,518,,3,12,15,2,4,20,4,0,-0.014285714285714235,0.01449275362318847,-0.01115976832886012,0.0,0.009760927995473123,0.02941176470588225,0.029126213592232886,-0.023709902370990243,-0.17647058823529416,0.36,14,回撤不明显,,60,0,0
227,★ Hand Wraps | Leather (Field-Tested),3450.0,3260.0,288,72,0.25,0.9449,steamdt-live,3520.0,26,3707.97,54,,17,9,9,5,4,10,0,5,-0.00015789473684213462,0.08376245165645346,-0.021212121212121238,0.08359133126934992,0.0,0.11111111111111116,0.02945197312413861,-0.015332676888451302,-0.23245614035087714,0.18,5,回撤不明显,,59,0,0
228,★ Moto Gloves | Eclipse (Field-Tested),3050.0,2900.0,287,68,0.2369,0.9508,steamdt-live,3248.5,20,3094.36,54,,17,9,9,5,6,10,0,3,-0.0001713796058269157,0.059307507713404206,-0.04656862745098034,0.059125964010282805,0.0,0.09652235628105044,0.04304738309074019,-0.01904761904761909,-0.16169289202387416,0.13,6,回撤不明显,,59,0,0
229,★ Driver Gloves | Crimson Weave (Minimal Wear),7099.0,6420.0,146,25,0.1712,0.9044,steamdt-live,7150.0,23,7132.28,18,,14,6,7,5,8,10,4,5,0.0028920290062770526,0.014292695892243357,-0.024083916083916024,0.017226059789618553,0.007133864876206486,0.03620589227137572,0.05790974886884137,-0.01409820126397665,-0.22847826086956524,0.08,8,回撤不明显,,59,0,0
230,AWP | Silk Tiger (Factory New),2929.9,2830.0,313,41,0.131,0.9659,steamdt-live,2949.5,72,2898.0,78,,11,12,9,2,6,10,4,5,-0.0014164305949008194,0.027659574468085202,-0.026206896551724146,0.026203966005665658,0.0006896551724138167,0.03499999999999992,0.040079496522027136,-0.027516778523489882,-0.20362737015663646,0.39,5,回撤不明显,,59,0,0
231,Five-SeveN | Hot Shot (Factory New),214.99,183.0,139,15,0.1079,0.8512,steamdt-live,256.0,72,228.09,75,,11,3,7,2,10,15,6,5,-0.022728305832083295,0.0,-0.07733926099903532,-0.022728305832083295,0.09830977645430528,0.0,0.13022898292742136,-0.13022898292742136,-0.401142061281337,0.39,2,长期阴跌,,59,0,0
232,M4A4 | Global Offensive (Factory New),270.0,254.0,321,24,0.0748,0.9407,steamdt-live,271.0,99,270.48,134,,7,9,9,2,8,20,1,3,-0.041353383458646586,0.05882352941176472,-0.060070671378091856,0.015037593984962516,0.045868966004664724,0.0843373493975903,0.06896551724137934,-0.08163265306122447,-0.3023255813953488,0.28,11,长期阴跌,,59,0,0
233,M4A1-S | Nitro (Factory New),57.99,57.0,1319,47,0.0356,0.9829,steamdt-live,58.99,487,57.8,415,,3,12,15,2,10,12,2,3,-0.006679225894845042,-0.0034482758620689724,-0.03327814569536425,-0.010104469943483574,0.04304635761589404,0.01403508771929829,0.09687500000000004,-0.09687500000000004,-0.4441238699749952,0.39,10,长期阴跌,,59,0,0
234,Five-SeveN | Fairy Tale (Factory New),1718.0,1610.0,193,50,0.2591,0.9371,steamdt-live,1800.0,48,1700.57,31,,17,9,7,2,8,10,0,5,0.015822784810126667,0.05954517133956383,-0.030674846625766916,0.07631012658227854,0.0,0.11184700882641385,0.06730690126090755,-0.06459295929592968,-0.13764198782961468,0.32,13,回撤不明显,,58,0,0
235,★ Moto Gloves | Boom! (Field-Tested),2739.0,2680.0,242,53,0.219,0.9785,steamdt-live,2998.7,33,2863.14,53,,17,12,7,5,8,0,4,5,0.0,0.002195389681668436,0.008859357696566983,0.002195389681668436,0.05139243399748561,0.03358490566037742,0.07090182563211922,-0.03894736842105262,-0.24545454545454548,0.39,4,可能加速下跌,,58,0,0
236,M4A4 | Griffin (Factory New),409.99,393.0,462,45,0.0974,0.9586,steamdt-live,405.67,46,407.99,133,,7,9,9,2,10,10,6,5,0.008175227518124384,0.034450224398204776,-0.06831137724550895,0.042907090338834886,0.027170263788968807,0.053962068069628666,0.10841758241758237,-0.08838202247191007,-0.41372084284764576,0.28,13,长期阴跌,,58,0,0
237,Desert Eagle | The Bronze (Factory New),127.5,125.0,569,51,0.0896,0.9804,steamdt-live,126.0,150,126.84,179,,7,12,12,2,10,10,0,5,-0.003726506804925367,0.02455683851032675,-0.03562500000000002,0.020738820479585307,0.0117647058823529,0.06779661016949157,0.09345996114828414,-0.0561797752808989,-0.36363636363636365,0.35,12,长期阴跌,,58,0,0
238,Galil AR | Amber Fade (Factory New),124.0,118.0,530,44,0.083,0.9516,steamdt-live,119.97,124,126.64,98,,7,9,12,2,10,10,3,5,0.012173913043478368,0.030670103092783396,-0.1015625,0.043217391304347874,0.06273437500000001,0.09063636363636363,0.1690101821708111,0.18923473433782712,-0.3470309693572089,0.39,8,长期阴跌,,58,0,0
239,AWP | Sun in Leo (Factory New),395.0,388.0,1130,53,0.0469,0.9823,steamdt-live,413.49,460,395.0,329,,3,12,15,2,10,9,2,5,-0.0002525252525252819,-0.0022733013387218337,-0.0436630602782071,-0.002525252525252486,0.046078052550231785,0.02067183462532296,0.10388166700696477,-0.07058823529411762,-0.333884213899054,0.39,9,长期阴跌,,58,0,0
240,AWP | Wildfire (Factory New),936.5,900.0,477,57,0.1195,0.961,steamdt-live,937.5,165,928.62,166,,11,12,9,2,2,10,6,5,0.010123873873873812,0.03526237750699557,-0.03373231773667029,0.04574324324324319,0.0,0.04574324324324319,0.01105431309904148,-0.0041608579088471265,-0.06080466047697064,0.38,14,回撤不明显,,57,0,0
241,AWP | Atheris (Factory New),169.9,163.0,562,49,0.0872,0.9594,steamdt-live,166.36,293,171.28,270,,7,9,12,2,8,10,6,3,-0.0030404378230465268,0.014638609332113584,-0.011718750000000111,0.011553663727576824,0.018584070796460184,0.03975248453028302,0.059850796880298374,0.06239621918508109,-0.40051893761937374,0.19,10,长期阴跌,,57,0,0
242,AWP | Acheron (Factory New),43.9,41.1,2485,69,0.0278,0.9362,steamdt-live,44.9,556,44.0,571,,3,9,15,2,8,20,0,0,-0.028890507404709775,0.09749999999999992,-0.05829903978052131,0.06579266812333096,0.0018190086402910532,0.13466011889377105,0.06991525423728817,-0.022271714922049046,-0.4645035374481581,0.35,18,长期阴跌,,57,0,0
243,AWP | Capillary (Factory New),33.26,32.1,810,32,0.0395,0.9651,steamdt-live,37.88,178,36.84,221,,3,12,12,2,10,8,4,5,-0.005934718100890302,-0.0071641791044776415,-0.06128133704735361,-0.013056379821958619,0.07353760445682456,0.0,0.09619565217391302,-0.09619565217391302,-0.3874769797421731,0.39,4,长期阴跌,,56,0,0
244,AWP | Duality (Factory New),55.99,52.0,962,19,0.0198,0.9287,steamdt-live,54.0,641,57.07,562,,3,6,15,2,10,14,6,0,-0.05282331511839711,0.03846153846153855,-0.02659574468085102,-0.016393442622950838,0.0430622009569378,0.03846153846153855,0.10876382241293947,-0.10876382241293947,-0.3014230271668823,0.39,11,长期阴跌,,56,0,0
245,Desert Eagle | Eastern Enigma (Factory New),378.88,367.0,75,27,0.36,0.9686,steamdt-live,388.49,67,379.89,136,,20,12,4,2,8,2,4,3,-0.0077619663648124115,-0.012046936114732731,-0.02396525164776886,-0.019715394566623523,0.043208161822268276,0.0,0.06995925180421225,-0.06995925180421225,-0.13497716894977174,1.39,11,暂未减速,,55,0,0
246,★ Broken Fang Gloves | Needle Point (Field-Tested),264.5,268.0,87,11,0.1264,1.0132,steamdt-live,272.5,97,277.09,95,,11,15,4,5,4,10,6,0,-0.009529190207156257,0.005818154162071654,-0.001879699248120259,-0.0037664783427495685,0.009363295880149836,0.006162507608034051,0.020370370370370372,-0.01855287569573283,-0.02757352941176472,0.39,7,回撤不明显,,55,0,0
247,USP-S | Purple DDPAT (Factory New),147.8,143.0,965,77,0.0798,0.9675,steamdt-live,153.0,169,156.53,259,,7,12,15,2,6,10,3,0,0.01590744757772944,0.05195729537366556,-0.05273972602739718,0.06869125090383221,0.03322867608581881,0.09806835066864794,0.04025974025974022,0.05571428571428583,-0.3991869918699187,0.35,16,长期阴跌,,55,0,0
248,M4A1-S | Boreal Forest (Factory New),45.57,45.1,596,28,0.047,0.9897,steamdt-live,45.13,110,47.69,127,,3,12,12,2,10,10,6,0,-0.06073888541014394,0.002888888888888941,-0.0383380168606986,-0.05802546441243983,0.09359309098212487,0.003334815473543973,0.17404831625183015,-0.17450155478324492,-0.5487,0.3,8,长期阴跌,,55,0,0
249,M4A4 | Turbine (Factory New),66.66,64.0,1157,39,0.0337,0.9601,steamdt-live,68.0,227,68.07,323,,3,12,15,2,8,6,4,5,0.002958579881656931,-0.016814159292035447,-0.034147735390770095,-0.013905325443786976,0.05177809388335708,0.027118644067796405,0.059537246049661374,-0.04771428571428571,-0.3933933933933934,0.28,10,长期阴跌,,55,0,0
250,M4A4 | Polysoup (Factory New),124.2,116.0,1268,33,0.026,0.934,steamdt-live,128.0,291,129.68,434,,3,9,15,2,8,10,3,5,0.06166666666666676,-0.025117739403453743,-0.08396946564885499,0.03499999999999992,0.051908396946564905,0.08000000000000007,0.055513307984790816,-0.051836018016642504,-0.30999999999999994,0.33,13,长期阴跌,,55,0,0
251,Glock-18 | Ghost Protocol (Factory New),3288.99,3150.0,7,21,3.0,0.9577,steamdt-live,3600.0,9,3333.7,8,,20,9,2,2,0,10,6,5,0.021871874999999985,0.005810415322371032,-0.030303030303030276,0.027809374999999914,0.003336363636363693,0.027809374999999914,0.003336363636363693,0.01215263886751794,-0.0695926449787837,0.39,2,回撤不明显,,54,0,0
252,M4A1-S | Guardian (Factory New),338.0,326.0,690,46,0.0667,0.9645,steamdt-live,368.6,319,359.8,218,,7,12,12,2,10,4,2,5,-0.0014285714285714457,-0.03290414878397707,-0.07773386034255603,-0.03428571428571425,0.10935441370223975,0.0,0.1486146095717884,-0.13219851600811316,-0.33359621451104104,0.26,9,长期阴跌,,54,0,0
253,P250 | Wingshot (Factory New),38.5,36.1,185,12,0.0649,0.9377,steamdt-live,38.89,116,39.42,123,,7,9,7,2,6,17,6,0,-0.044668215853343574,0.04054054054054057,-0.018002028397565928,-0.005938548928479115,0.023833671399594247,0.04054054054054057,0.04726552833457054,-0.04726552833457054,-0.3984375,0.39,5,长期阴跌,,54,0,0
254,AK-47 | Emerald Pinstripe (Factory New),67.1,62.0,809,30,0.0371,0.924,steamdt-live,69.0,231,68.99,287,,3,6,12,2,10,10,6,5,0.014999999999999902,0.0016420361247946325,-0.05714285714285716,0.016666666666666607,0.04142857142857148,0.016666666666666607,0.127438231469441,-0.127438231469441,-0.4165217391304349,0.39,10,长期阴跌,,54,0,0
255,AWP | Mortis (Factory New),63.4,61.0,994,29,0.0292,0.9621,steamdt-live,61.53,353,65.99,420,,3,12,15,2,10,5,2,5,0.0,-0.023333333333333317,-0.08109684947491247,-0.023333333333333317,0.10122699386503053,0.0,0.11083815028901733,-0.11212121212121207,-0.3381736043885124,0.35,9,长期阴跌,,54,0,0
256,AWP | Printstream (Factory New),989.5,971.0,454,148,0.326,0.9813,steamdt-live,1010.0,356,1016.1,177,,20,12,9,2,8,0,2,0,-0.001992071357780012,-0.01736859353121678,-0.000990099009900991,-0.019326065411298332,0.020297029702970315,0.0,0.06164058795637739,-0.06208530805687207,-0.11651785714285712,0.39,8,可能加速下跌,,53,0,0
257,AWP | The Prince (Factory New),16399.99,17010.0,70,9,0.1286,1.0372,steamdt-live,16665.5,69,17290.0,22,,11,15,4,2,0,10,6,5,0.010765644171779165,-0.004581960586277134,-0.01071162608055487,0.006134355828220972,0.004642979178210882,0.006165219792018339,0.0046435832852850245,-0.0046435832852850245,-0.015836047787189944,0.33,2,回撤不明显,,53,0,0
258,★ Moto Gloves | Polygon (Minimal Wear),1023.48,1230.0,129,16,0.124,1.2018,steamdt-live,1029.5,134,1045.19,64,"溢价求购:买一高于卖一,多为定向收特定图案,买一价不可作退出价",11,0,7,5,4,20,6,0,-0.007215686274509858,0.011198451572128398,-0.00873672241712753,0.003901960784313818,0.004868851981068789,0.011198451572128398,0.020452284380500396,-0.020452284380500396,-0.09382300884955752,0.12,9,回撤不明显,买一异常溢价(不作为可成交退出价),53,0,0
259,M4A1-S | Atomic Alloy (Factory New),1109.5,1080.0,538,60,0.1115,0.9734,steamdt-live,1118.0,81,1094.0,73,,11,12,12,2,0,10,6,0,-0.005144995322731494,0.028678890456041328,0.027884615384615286,0.023386342376052305,0.0,0.05394990366088637,0.0,0.15462960031240436,0.062135922330097015,0.38,11,回撤不明显,,53,0,0
260,Desert Eagle | Sputnik (Factory New),44.15,42.1,2171,61,0.0281,0.9536,steamdt-live,44.0,516,43.98,571,,3,9,15,2,10,14,0,0,-0.019826241924704835,-0.00045454545454548523,-0.05295358649789028,-0.020271775451102814,0.0701902748414377,0.04714285714285715,0.11686746987951813,-0.11686746987951813,-0.43608154891652773,0.34,16,长期阴跌,,53,0,0
261,★ Specialist Gloves | Chocolate Chesterfield (Minimal Wear),1080.0,1670.0,36,16,0.4444,1.5463,steamdt-live,1084.5,40,1124.5,25,"溢价求购:买一高于卖一,多为定向收特定图案,买一价不可作退出价",20,0,4,5,2,10,6,5,-0.008882655446470267,0.018867924528301883,-0.005116279069767415,0.009817671809256634,0.0,0.01934874941009901,0.011441647597253968,-0.011441647597253968,-0.07455012853470433,0.14,4,回撤不明显,买一异常溢价(不作为可成交退出价),52,0,0
262,★ Hand Wraps | Slaughter (Field-Tested),2799.0,2730.0,279,54,0.1935,0.9753,steamdt-live,2892.73,46,2864.23,79,,14,12,9,5,10,0,2,0,0.013176638176638278,-0.01616871704745171,-0.000711743772242035,-0.0032051282051281937,0.03148788927335644,0.017818181818181733,0.09105669935701766,-0.03482758620689652,-0.2534009069085089,0.39,12,可能加速下跌,,52,0,0
263,★ Hand Wraps | Spruce DDPAT (Minimal Wear),2375.0,2220.0,176,31,0.1761,0.9347,steamdt-live,2261.8,28,2295.3,38,,14,9,7,5,8,0,4,5,0.008968609865470878,0.005244444444444607,-0.0022326721819783124,0.01426008968609871,0.0,0.03752293577981658,0.0516561844863731,-0.045654008438818505,-0.21422715081780408,0.39,9,回撤不明显,,52,0,0
264,★ Bloodhound Gloves | Charred (Minimal Wear),1420.0,1350.0,121,19,0.157,0.9507,steamdt-live,1594.0,19,1503.5,25,,14,9,7,5,8,0,4,5,0.0,-0.013203613620569876,-0.013708019191226883,-0.013203613620569876,0.02572898799313894,0.0,0.053333333333333344,-0.04054054054054057,-0.1885714285714286,0.38,2,可能加速下跌,,52,0,0
265,M4A1-S | Briefing (Factory New),300.0,278.0,291,29,0.0997,0.9267,steamdt-live,328.48,67,296.37,89,,7,6,9,2,10,10,3,5,-0.003882149046793737,0.03128262231192158,-0.10970529239314919,0.027279029462738302,0.08541891683382197,0.06035778175313067,0.13970972423802608,-0.13970972423802608,-0.36259033035099786,0.39,11,长期阴跌,,52,0,0
266,Glock-18 | Red Tire (Factory New),59.7,55.0,300,21,0.07,0.9213,steamdt-live,58.97,79,59.4,136,,7,6,9,2,10,11,2,5,-0.040338321405335,-0.0005084745762712339,-0.05371710020009235,-0.04082628497072216,0.09235031553024475,0.008378932968536201,0.15757142857142858,-0.15757142857142858,-0.5575812138945158,1.39,6,长期阴跌,,52,0,0
267,AK-47 | Green Laminate (Factory New),219.0,203.0,363,21,0.0579,0.9269,steamdt-live,233.0,125,224.71,130,,3,6,9,2,10,13,4,5,-0.013483146067415741,-0.002277904328018221,-0.028384279475982543,-0.01573033707865168,0.04366812227074235,0.009216589861751112,0.08750000000000002,-0.08750000000000002,-0.3558823529411764,0.39,11,长期阴跌,,52,0,0
268,Five-SeveN | Copper Galaxy (Factory New),96.0,91.0,630,29,0.046,0.9479,steamdt-live,100.0,123,97.84,165,,3,9,12,2,10,9,2,5,-0.00010309278350517648,-0.010207237859573115,-0.08490566037735847,-0.010309278350515427,0.09433962264150941,0.011164946281862154,0.13357400722021662,-0.11926605504587151,-0.407041383570105,0.28,4,长期阴跌,,52,0,0
269,Tec-9 | Phoenix Chalk (Factory New),58.7,52.0,505,21,0.0416,0.8859,steamdt-live,59.79,107,60.0,126,,3,6,12,2,8,10,6,5,-0.00170068027210879,0.0,-0.04467912266450036,-0.00170068027210879,0.04630381803411854,0.048214285714285765,0.06424358361230664,-0.06424358361230664,-0.5207772063025553,0.39,3,长期阴跌,,52,0,0
270,MP9 | Sand Scale (Factory New),28.3,28.0,887,32,0.0361,0.9894,steamdt-live,27.89,234,28.1,190,,3,12,12,2,10,10,0,3,0.011285038223516564,0.003599712023037993,-0.07663865546218496,0.014925373134328401,0.0615954224166948,0.06007604562737634,0.11210191082802545,-0.03928325292901447,-0.42939009414654117,0.21,10,长期阴跌,,52,0,0
271,★ Broken Fang Gloves | Unhinged (Minimal Wear),473.0,454.0,66,23,0.3485,0.9598,steamdt-live,487.0,63,480.14,44,,20,9,4,5,2,0,6,5,0.0,0.0021186440677967155,0.056401074306177135,0.0021186440677967155,0.004210526315789442,0.05863921217546997,0.012546710924615345,-0.014521740942142314,-0.10754716981132073,0.18,4,回撤不明显,,51,0,0
272,Glock-18 | Weasel (Factory New),276.5,266.0,479,118,0.2463,0.962,steamdt-live,280.0,63,284.32,37,,17,12,9,2,6,0,0,5,0.011650485436893288,0.061420345489443307,0.053169734151329306,0.0737864077669903,0.008249641319942658,0.10821643286573157,0.03993055555555558,0.26951331496786035,0.28604651162790695,0.28,13,回撤不明显,,51,0,0
273,FAMAS | Bad Trip (Factory New),495.0,477.0,131,25,0.1908,0.9636,steamdt-live,502.21,50,502.63,57,,14,12,7,2,2,10,4,0,-0.00910194174757284,0.01041028781383968,-0.002219979818365303,0.0012135922330096527,0.0010090817356205317,0.011442582754393138,0.009009009009009028,-0.009009009009009028,0.008269849676131535,0.39,7,回撤不明显,,51,0,0
274,★ Moto Gloves | Spearmint (Field-Tested),10999.5,12570.0,407,65,0.1597,1.1428,steamdt-live,11000.0,191,11017.0,96,"溢价求购:买一高于卖一,多为定向收特定图案,买一价不可作退出价",14,0,9,5,4,10,4,5,0.0,0.042112742775935574,-0.03866296279429848,0.042112742775935574,0.0,0.0577459371093374,0.017857940086611013,-0.017857940086611013,-0.20292785154653514,0.38,5,回撤不明显,买一异常溢价(不作为可成交退出价),51,0,0
275,AK-47 | Fire Serpent (Factory New),14453.0,13490.0,58,7,0.1207,0.9334,steamdt-live,14399.0,50,14892.83,28,,11,9,4,2,4,10,6,5,-0.013855128828390906,0.014049790485580527,-0.004872317633643153,0.0,0.004872317633643153,0.021241888010213206,0.020476190476190426,-0.020476190476190426,-0.03359173126614989,0.36,2,回撤不明显,,51,0,0
276,FAMAS | Djinn (Factory New),195.99,191.0,126,14,0.1111,0.9745,steamdt-live,290.0,54,200.84,105,,11,12,7,2,10,7,2,0,-0.02115013125959675,-0.008248153020949278,-0.035910414975407146,-0.029223834761503698,0.06408480970345254,0.010205659502087627,0.10232217285760092,-0.10145791307537133,-0.36777419354838703,0.39,5,长期阴跌,,51,0,0
277,★ Moto Gloves | 3rd Commando Company (Field-Tested),236.0,234.0,186,19,0.1022,0.9915,steamdt-live,235.0,207,240.86,140,,11,15,7,5,4,0,4,5,-0.00012652355446840513,-0.00877340981947028,0.017683162367483574,-0.008898823330943495,0.01102600791179198,0.02445616635424397,0.01673640167364021,0.0033730412877333027,-0.08524717789022962,0.39,8,可能加速下跌,,51,0,0
278,Glock-18 | Wraiths (Factory New),31.8,31.3,374,27,0.0722,0.9843,steamdt-live,32.7,152,32.19,157,,7,12,9,2,8,10,0,3,-0.05243902439024384,0.023166023166023342,0.0058264336093223346,-0.030487804878048697,0.051312649164677926,0.06000000000000005,0.051312649164677926,-0.03665555892153882,-0.3872832369942196,0.39,11,长期阴跌,,51,0,0
279,AK-47 | Head Shot (Factory New),524.5,515.0,351,18,0.0513,0.9819,steamdt-live,536.8,198,542.5,121,,3,12,9,2,4,10,6,5,0.002868068833651982,0.0,-0.01040681173131508,0.002868068833651982,0.007568590350047311,0.006717850287907945,0.01962616822429908,-0.004743833017077814,-0.11026293469041559,0.38,7,回撤不明显,,51,0,0
280,M4A4 | Sheet Lightning (Factory New),25.25,24.0,1051,27,0.0257,0.9505,steamdt-live,25.97,531,25.61,633,,3,9,15,2,6,10,6,0,0.0031746031746031633,-0.0011867088607595555,-0.016009371339320566,0.001984126984126977,0.014057008980866814,0.010000000000000009,0.031082118188795027,-0.023210831721470093,-0.3228747653526415,0.31,10,长期阴跌,,51,0,0
281,Five-SeveN | Angry Mob (Factory New),536.6,526.0,242,63,0.2603,0.9802,steamdt-live,534.5,73,530.0,87,,17,12,7,2,6,0,6,0,0.013645224171539905,0.019230769230769162,0.010837438423645374,0.033138401559454245,0.008419083255378879,0.05263157894736836,0.044183949504057685,0.12765957446808507,0.13006396588486147,0.32,16,回撤不明显,,50,0,0
282,M4A4 | Dark Operative (Factory New),39.14,37.6,97,21,0.2165,0.9607,steamdt-live,40.8,74,40.58,90,,17,12,4,2,4,0,6,5,-0.00025536261491310164,-0.00025542784163468113,-0.005334010668021305,-0.0005107252298262033,0.005842011684023318,0.0025614754098362003,0.016582914572864205,-0.016582914572864205,-0.10352725606962887,0.39,2,回撤不明显,,50,0,0
283,Glock-18 | Franklin (Factory New),645.0,614.0,440,37,0.0841,0.9519,steamdt-live,673.2,88,643.56,139,,7,9,9,2,6,13,4,0,-0.00942741201339281,0.002429906542055882,-0.010519083969465659,-0.0070204132014628495,0.023251578436134124,0.013480314960629736,0.04657777777777783,-0.038745332337565386,-0.32475054298215256,0.39,9,长期阴跌,,50,0,0
284,AWP | Ice Coaled (Factory New),173.5,162.0,366,28,0.0765,0.9337,steamdt-live,178.97,245,184.85,147,,7,9,9,2,2,10,6,5,0.03592814371257491,0.0028901734104045396,-0.011834319526627168,0.038922155688622784,0.0051035036412637735,0.04518072289156616,0.0051605504587156625,0.0011540680900172795,-0.05962059620596205,0.39,9,回撤不明显,,50,0,0
285,Galil AR | Firefight (Factory New),53.38,49.0,645,28,0.0434,0.9179,steamdt-live,54.94,117,55.35,203,,3,6,12,2,10,8,4,5,0.0016666666666667052,-0.013126271029765268,-0.06719640697875284,-0.011481481481481426,0.07758769656125786,0.0,0.1593700787401574,-0.1617462311557788,-0.39887387387387385,0.32,6,长期阴跌,,50,0,0
286,Tec-9 | Blue Titanium (Factory New),167.49,161.0,534,21,0.0393,0.9613,steamdt-live,174.5,46,169.63,109,,3,12,12,2,10,7,4,0,-0.045072961857006044,-0.014750132751194744,-0.024780219780219714,-0.059158262437320364,0.08247252747252742,0.0,0.09244565217391298,-0.07740331491712704,-0.33639326021300264,0.14,9,长期阴跌,,50,0,0
287,M4A1-S | Solitude (Factory New),66.08,63.0,5149,43,0.0084,0.9534,steamdt-live,69.47,2658,68.6,2403,,3,9,15,2,6,6,4,5,0.0021002100210021357,-0.010778443113772407,-0.01970588235294124,-0.008700870087008705,0.028235294117647136,0.0,0.04632703131765059,-0.04231884057971014,-0.3298174442190669,0.26,9,长期阴跌,,50,0,0
288,Desert Eagle | Heirloom (Factory New),630.0,612.0,115,24,0.2087,0.9714,steamdt-live,658.0,38,652.62,38,,17,12,7,2,8,1,2,0,-0.012345679012345734,-0.015625,-0.030375579829417854,-0.02777777777777779,0.05730959150082293,0.004784688995215225,0.058295964125560484,-0.03076923076923077,-0.020034843205574915,0.38,9,暂未减速,,49,0,0
289,M4A4 | The Coalition (Factory New),6250.0,6060.0,308,52,0.1688,0.9696,steamdt-live,6500.0,48,6899.99,48,,14,12,9,2,10,2,0,0,-0.0009395552771688243,-0.020376175548589393,-0.03242131036760709,-0.02129658628249298,0.053027433416464875,0.02796052631578938,0.09420289855072461,-0.10580028013488818,-0.2857142857142857,0.31,8,可能加速下跌,,49,0,0
290,AK-47 | Panthera onca (Factory New),1990.0,1870.0,113,16,0.1416,0.9397,steamdt-live,2118.0,34,2110.0,49,,11,9,7,2,10,3,2,5,-0.004150390625,-0.024270654572199013,-0.04699860400186129,-0.0283203125,0.07398790134946487,0.0,0.1072229699416779,-0.10701865388671239,-0.26241660489251295,0.37,4,可能加速下跌,,49,0,0
291,Tec-9 | Blast From the Past (Factory New),39.68,32.3,71,8,0.1127,0.814,steamdt-live,49.0,37,41.8,52,,11,3,4,2,10,8,6,5,-0.00475356517388037,-0.002513826043237799,-0.03407443209279859,-0.007255441581185851,0.04108264862252298,0.0,0.10307414104882462,-0.10307414104882462,-0.4186932317609142,0.39,2,长期阴跌,,49,0,0
292,FAMAS | Pulse (Factory New),140.98,137.0,589,41,0.0696,0.9718,steamdt-live,144.63,242,145.98,163,,7,12,12,2,10,4,2,0,-0.021914254505734476,-0.015983806798352873,-0.048151276886087446,-0.03754778809393777,0.08090488297802989,0.008080085806220882,0.11964531035344073,-0.04743243243243245,-0.39934387116015513,0.27,12,长期阴跌,,49,0,0
293,Galil AR | Stone Cold (Factory New),114.3,111.0,321,21,0.0654,0.9711,steamdt-live,122.0,134,119.0,125,,7,12,9,2,10,4,2,3,-0.008893449632289996,-0.013805004314063951,-0.04926829268292687,-0.02257567983581321,0.07073170731707323,0.004481940416556807,0.09379211924205189,-0.03332205683355882,-0.33542647828362115,0.38,8,长期阴跌,,49,0,0
294,AWP | Elite Build (Factory New),364.48,352.0,363,21,0.0579,0.9658,steamdt-live,380.0,88,385.0,113,,3,12,9,2,10,4,4,5,-0.012032085561497374,-0.013585926928281422,-0.05196451204055763,-0.025454545454545396,0.0760963244613434,0.0,0.11041687005760037,-0.08879999999999999,-0.31230188679245274,0.39,7,长期阴跌,,49,0,0
295,AK-47 | Safari Mesh (Factory New),32.6,31.4,557,28,0.0503,0.9632,steamdt-live,32.0,197,32.52,224,,3,12,12,2,10,10,0,0,-0.012345679012345623,0.0,-0.012195121951219523,-0.012345679012345623,0.024390243902438935,0.032258064516129004,0.10288758059994396,-0.10414333706606937,-0.43602396898131834,0.38,10,长期阴跌,,49,0,0
296,M4A4 | Falak (Factory New),854.5,835.0,74,37,0.5,0.9772,steamdt-live,849.0,54,855.0,105,,20,12,4,2,4,0,6,0,0.023809523809523725,-0.01279069767441865,-0.007092198581560294,0.010714285714285676,0.01279069767441865,0.010714285714285676,0.021878132236546555,-0.016780738630441605,-0.05139664804469268,0.39,7,可能加速下跌,,48,0,0
297,Desert Eagle | Hypnotic (Factory New),990.0,965.0,214,37,0.1729,0.9747,steamdt-live,999.5,75,1015.93,71,,14,12,7,2,4,0,4,5,-0.003542510121457454,0.005586592178770999,0.023834196891191706,0.002024291497975783,0.003231944905911166,0.02590673575129543,0.020703708466461523,0.010204081632652962,-0.16806722689075626,0.39,10,回撤不明显,,48,0,0
298,M4A4 | The Emperor (Factory New),1414.5,1360.0,399,56,0.1404,0.9615,steamdt-live,1429.0,135,1423.2,133,,11,12,9,2,8,1,2,3,-0.01698630136986301,-0.01477146042363442,0.014241055922195267,-0.03150684931506853,0.05418060200668895,0.0028368794326241176,0.05607476635514019,-0.02145328719723183,-0.1779069767441861,0.15,12,可能加速下跌,,48,0,0
299,FAMAS | Waters of Nephthys (Factory New),888.0,1120.0,161,20,0.1242,1.2613,steamdt-live,888.5,61,896.2,55,"溢价求购:买一高于卖一,多为定向收特定图案,买一价不可作退出价",11,0,7,2,2,20,6,0,-0.020665538635081804,0.022829367181920857,-0.009497206703910632,0.0016920473773265332,0.007821229050279377,0.022829367181920857,0.013333333333333308,-0.013333333333333308,-0.2655086848635235,0.39,20,回撤不明显,买一异常溢价(不作为可成交退出价),48,0,0
300,Glock-18 | Steel Disruption (Factory New),256.0,250.0,329,35,0.1064,0.9766,steamdt-live,248.64,68,252.89,70,,11,12,9,2,6,0,3,5,0.008633387888707045,0.00864062309845437,0.018333333333333313,0.017348608837970403,0.0,0.06256410256410261,0.034370266806478034,0.15111111111111097,-0.2729824561403509,0.27,7,回撤不明显,,48,0,0
301,Five-SeveN | Triumvirate (Factory New),65.85,62.0,227,23,0.1013,0.9415,steamdt-live,69.72,183,66.43,228,,11,9,7,2,10,2,2,5,-0.00961680722000302,-0.016283238721242932,-0.03290885677493205,-0.025743453173546538,0.05780512233509805,0.0,0.16317194052611517,-0.16317194052611517,-0.42489082969432324,0.39,11,长期阴跌,,48,0,0
302,Glock-18 | Fade (Factory New),8648.0,8380.0,134,13,0.097,0.969,steamdt-live,8899.0,140,8887.5,76,,7,12,7,2,8,3,4,5,-0.005795454545454493,-0.011544176477311652,-0.02471461819793863,-0.017272727272727217,0.041560456610883256,0.0,0.07010652699626552,-0.044367092104536154,-0.16746089049338142,0.39,3,可能加速下跌,,48,0,0
303,★ Hydra Gloves | Emerald (Field-Tested),194.5,194.0,113,9,0.0796,0.9974,steamdt-live,191.0,103,196.65,347,,7,15,7,5,6,3,2,3,-0.0025841128740503594,-0.01031141509922795,-0.019658509398591484,-0.012868882112770708,0.03227440847139895,0.0052631578947368585,0.04150148040347268,-0.030456852791878153,-0.07729468599033817,0.39,9,可能加速下跌,,48,0,0
304,AWP | Chromatic Aberration (Factory New),414.7,413.0,287,21,0.0732,0.9959,steamdt-live,425.99,188,424.03,156,,7,15,9,2,6,0,4,5,-0.006168446026097341,-0.01002625925041778,-0.012186547925943314,-0.016132858837485164,0.02812280290602298,0.0,0.046666666666666745,-0.046666666666666745,-0.10721205597416583,0.39,11,暂未减速,,48,0,0
305,Tec-9 | Snek-9 (Factory New),25.93,23.1,389,24,0.0617,0.8909,steamdt-live,26.85,115,27.11,128,,7,6,9,2,8,7,4,5,0.0,-0.008033664881407887,-0.026805658972449686,-0.008033664881407887,0.034623976172747595,0.0,0.05880217785843922,-0.05880217785843922,-0.3795166307729122,0.39,2,长期阴跌,,48,0,0
306,M4A4 | Magnesium (Factory New),33.99,33.5,1270,47,0.037,0.9856,steamdt-live,35.96,541,34.83,301,,3,12,15,2,10,0,6,0,-0.0025000000000000577,-0.053467000835421774,-0.011532125205930832,-0.05583333333333329,0.07308426506681209,0.004432624113475114,0.09166221272047037,-0.04415073115860513,-0.20565552699228784,0.32,15,可能加速下跌,,48,0,0
307,AK-47 | Bloodsport (Factory New),999.5,990.0,1590,51,0.0321,0.9905,steamdt-live,1004.5,1129,1003.24,352,,3,15,15,2,4,0,6,3,0.002983590253605062,-0.008924144769459574,-0.005440158259149341,-0.005967180507210346,0.01769041769041768,0.0005005005005005447,0.019136408243375813,-0.016240157480314932,-0.048548310328415,0.39,6,可能加速下跌,,48,0,0
308,Galil AR | Cerberus (Factory New),925.44,892.0,286,28,0.0979,0.9639,steamdt-live,935.0,69,914.5,90,,7,12,9,2,10,0,2,5,-0.01475237091675452,-0.021925133689839615,-0.011458333333333348,-0.03635405690200211,0.07579585649317833,0.0,0.08913435392782798,-0.0229700854700855,-0.2733412793007549,0.39,12,可能加速下跌,,47,0,0
309,Tec-9 | Avalanche (Factory New),60.87,56.0,447,30,0.0671,0.92,steamdt-live,64.84,164,63.0,165,,7,6,9,2,6,11,6,0,-0.030538051381483244,0.014499999999999957,-0.017619047619047645,-0.016480853126514816,0.033809523809523845,0.014669111518586408,0.0397539044013252,-0.033809523809523845,-0.35858798735511066,0.3,8,长期阴跌,,47,0,0
310,M4A1-S | Cyrex (Factory New),1229.5,1190.0,542,32,0.059,0.9679,steamdt-live,1240.0,238,1239.5,131,,3,12,12,2,2,10,6,0,-0.011345218800648316,0.0077868852459015425,-0.0020056935817805988,-0.003646677471636939,0.005645056935817849,0.008613617719442246,0.012449799196787126,-0.012449799196787126,-0.06109201985490642,0.39,5,回撤不明显,,47,0,0
311,P250 | See Ya Later (Factory New),703.0,679.0,280,16,0.0571,0.9659,steamdt-live,700.0,116,706.66,82,,3,12,9,2,0,10,6,5,-0.0014534883720930258,0.018922852983988436,-0.01644031451036454,0.01744186046511631,0.0,0.018922852983988436,0.0,0.033988685209530356,-0.09735654416505479,0.39,3,回撤不明显,,47,0,0
312,FAMAS | Neural Net (Factory New),34.55,31.3,462,24,0.0519,0.9059,steamdt-live,34.04,142,35.29,267,,3,6,9,2,10,8,4,5,-0.0037790697674416895,-0.006711409395973256,-0.04893558197401171,-0.010465116279069764,0.05888858169753941,0.031515151515151496,0.08000000000000007,-0.08000000000000007,-0.43642384105960264,0.39,3,长期阴跌,,47,0,0
313,Desert Eagle | Conspiracy (Factory New),142.65,140.0,1411,58,0.0411,0.9814,steamdt-live,139.5,817,144.0,284,,3,12,15,2,6,0,4,5,0.003487544483985916,-0.014114476203986204,-0.0035460992907800915,-0.010676156583629859,0.025587101296880466,0.007246376811594235,0.03806228373702425,-0.004297994269340966,-0.1146496815286624,0.22,12,可能加速下跌,,47,0,0
314,Glock-18 | Grinder (Factory New),47.5,42.8,838,25,0.0298,0.9011,steamdt-live,49.04,342,48.29,282,,3,6,12,2,10,9,0,5,0.001254967580003985,-0.0077292667641528645,-0.09450757575757562,-0.006483999163354959,0.10037878787878785,0.05672969966629582,0.1200444609114486,-0.06496062992125984,-0.4066208619612742,0.3,8,长期阴跌,,47,0,0
315,M4A1-S | Fatal Glitch (Factory New),580.0,562.0,31,17,0.5484,0.969,steamdt-live,579.9,40,608.38,56,,20,12,4,2,4,0,4,0,-0.0017094017094017033,-0.007020547945205569,-0.0030504950663780006,-0.008717948717948731,0.011741849724773767,0.0,0.025378151260504245,-0.024558452481076576,-0.1344776119402985,0.39,7,可能加速下跌,,46,0,0
316,★ Sport Gloves | Creme Pinstripe (Field-Tested),527.0,729.0,103,31,0.301,1.3833,steamdt-live,511.0,105,548.0,62,"溢价求购:买一高于卖一,多为定向收特定图案,买一价不可作退出价",20,0,7,5,6,2,6,0,0.015399422521655382,-0.03127962085308056,-0.019811320754717032,-0.016361886429258954,0.03584905660377358,0.02200000000000002,0.04485981308411213,-0.02387774594078318,-0.09557522123893802,0.28,11,可能加速下跌,买一异常溢价(不作为可成交退出价),46,0,0
317,MP9 | Music Box (Factory New),42.0,40.2,246,26,0.1057,0.9571,steamdt-live,42.27,74,42.05,97,,11,9,7,2,6,10,1,0,-0.012993503248375893,0.06329113924050622,0.000500000000000167,0.0494752623688155,0.0011890606420926764,0.08024691358024683,0.03824135562170827,0.03626943005181338,-0.4814814814814815,0.39,7,长期阴跌,,46,0,0
318,MP9 | Setting Sun (Factory New),251.9,223.0,91,7,0.0769,0.8853,steamdt-live,260.0,22,259.23,54,,7,6,4,2,8,10,6,3,-0.002016942315449799,0.018189167340339596,-0.016269841269841212,0.01613553852359817,0.0003968253968253954,0.02398373983739832,0.06669136717302693,-0.067037037037037,-0.1280719972308757,0.21,6,回撤不明显,,46,0,0
319,★ Specialist Gloves | Buckshot (Field-Tested),252.49,301.0,291,18,0.0619,1.1921,steamdt-live,252.0,302,253.77,148,"溢价求购:买一高于卖一,多为定向收特定图案,买一价不可作退出价",7,0,9,5,4,10,6,5,0.0,0.01002004008016022,-0.009448943941559484,0.01002004008016022,0.007834954132052485,0.016129032258064502,0.028752023433284424,-0.013196538356110787,-0.06666666666666665,0.39,7,回撤不明显,买一异常溢价(不作为可成交退出价),46,0,0
320,USP-S | Lead Conduit (Factory New),67.9,62.0,491,29,0.0591,0.9131,steamdt-live,69.57,116,69.85,117,,3,6,9,2,10,10,6,0,0.029850746268656803,-0.015942028985507117,-0.05620509930976192,0.013432835820895717,0.043527257360191474,0.028787878787878807,0.09466666666666657,-0.08243243243243237,-0.40281442392260336,0.39,9,长期阴跌,,46,0,0
321,Galil AR | Black Sand (Factory New),78.0,72.0,667,34,0.051,0.9231,steamdt-live,78.99,195,75.35,120,,3,6,12,2,8,10,0,5,0.002677734636497453,0.006142342101749243,-0.06637500000000007,0.008836524300441795,0.05812500000000009,0.046527777777777724,0.07227283920216698,0.005202774813233724,-0.3823770491803279,0.22,6,长期阴跌,,46,0,0
322,M4A1-S | Blood Tiger (Factory New),83.0,81.0,798,31,0.0388,0.9759,steamdt-live,87.0,244,83.4,233,,3,12,12,2,10,4,0,3,-0.011641443538998875,-0.0223792697290931,-0.07435344827586199,-0.033760186263096736,0.10560344827586199,0.03750000000000009,0.16490592614951205,-0.16490592614951205,-0.4154929577464789,0.29,11,长期阴跌,,46,0,0
323,MP9 | Mount Fuji (Factory New),85.59,82.0,1244,39,0.0314,0.9581,steamdt-live,84.0,552,85.2,322,,3,9,15,2,8,0,4,5,-0.00588235294117645,-0.00591715976331364,-0.010477299185098987,-0.0117647058823529,0.04436860068259396,0.0,0.06666666666666665,-0.07182320441988954,-0.2203452756636346,0.39,8,暂未减速,,46,0,0
324,USP-S | Royal Guard (Factory New),29.97,28.5,1060,31,0.0292,0.951,steamdt-live,30.38,643,30.87,771,,3,9,15,2,6,0,6,5,0.010101010101010166,-0.0010000000000000009,-0.00635664101706257,0.009090909090909038,0.018020969855832236,0.019387755102040938,0.04796696315120719,-0.044628626075868705,-0.16980609418282555,0.39,12,可能加速下跌,,46,0,0
325,Desert Eagle | Naga (Factory New),140.0,131.0,294,36,0.1224,0.9357,steamdt-live,154.0,77,144.36,120,,11,9,9,2,10,2,2,0,0.03524475524475523,-0.05430964604161037,-0.03050847457627115,-0.020979020979020935,0.07894736842105265,7.143367383388721e-05,0.10828025477707004,-0.09851899549259502,-0.3832599118942731,0.39,9,长期阴跌,,45,0,0
326,M4A4 | Full Throttle (Factory New),1035.99,990.0,245,27,0.1102,0.9556,steamdt-live,1029.5,141,1079.2,111,,11,9,7,2,10,0,6,0,-0.0023954054392058,-0.007232401157184154,-0.009528437622083108,-0.009610482063319492,0.019047346806544185,0.01981178801386818,0.0872255913749691,-0.08763005370531218,-0.2359358765028945,0.29,4,暂未减速,,45,0,0
327,★ Hydra Gloves | Rattler (Field-Tested),174.48,171.0,111,12,0.1081,0.9801,steamdt-live,173.5,121,172.0,210,,11,12,7,5,4,0,6,0,0.00859648117370626,-0.025512813228024345,0.013298490127758633,-0.017135652472921148,0.025568181818181768,0.0029239766081872176,0.025568181818181768,-0.010386612810155849,-0.07161803713527848,0.39,14,可能加速下跌,,45,0,0
328,AK-47 | B the Monster (Factory New),2073.0,2020.0,531,43,0.081,0.9744,steamdt-live,2126.0,275,2175.0,146,,7,12,12,2,8,0,4,0,0.004245283018867951,-0.026303428839830945,-0.013953488372092981,-0.022169811320754684,0.03581395348837213,0.0,0.0662162162162162,-0.0662162162162162,-0.19322825452422654,0.39,11,可能加速下跌,,45,0,0
329,USP-S | Printstream (Factory New),585.0,571.0,511,41,0.0802,0.9761,steamdt-live,588.0,420,612.0,160,,7,12,12,2,8,0,4,0,-0.0011804384485666342,-0.012324835387472532,-0.01331114808652245,-0.013490725126475533,0.028239202657807327,0.0027425437092905014,0.0549273021001615,-0.04878048780487809,-0.11161731207289294,0.39,11,可能加速下跌,,45,0,0
330,Glock-18 | Wasteland Rebel (Factory New),745.0,737.0,459,35,0.0763,0.9893,steamdt-live,758.88,101,748.47,147,,7,12,9,2,6,0,4,5,-0.0026462765957446788,-0.006679910934520916,-0.008961518186610395,-0.009308510638297851,0.01898817518632634,0.008119079837618504,0.03364723584195928,-0.03364723584195928,-0.07165109034267914,0.39,7,暂未减速,,45,0,0
331,★ Hand Wraps | Desert Shamagh (Field-Tested),231.5,239.0,242,16,0.0661,1.0324,steamdt-live,230.0,200,232.46,185,,7,15,7,5,2,0,4,5,0.0021551724137931494,-0.004301075268817178,0.03111111111111109,-0.0021551724137931494,0.01059919651252239,0.015350877192982448,0.014893617021276562,-0.01279317697228144,-0.06241140496537201,0.17,9,可能加速下跌,,45,0,0
332,Tec-9 | Isaac (Factory New),93.5,85.0,244,16,0.0656,0.9091,steamdt-live,96.44,109,95.29,153,,7,6,7,2,8,6,4,5,-0.0010559662090814381,-0.011627906976744096,-0.0286183198276746,-0.012671594508975703,0.04092727459226586,0.0,0.05460060667340749,-0.05565094434905571,-0.4082278481012658,0.27,6,长期阴跌,,45,0,0
333,Tec-9 | Mummy's Rot (Factory New),56.6,53.0,461,28,0.0607,0.9364,steamdt-live,55.96,85,54.6,102,,7,9,9,2,8,6,4,0,-0.018035714285714266,-0.007092198581560294,-0.01754385964912286,-0.025000000000000022,0.04210526315789476,0.0,0.07987866531850352,-0.03277236492471214,-0.45219223437343237,0.37,10,长期阴跌,,45,0,0
334,Desert Eagle | Printstream (Factory New),442.0,426.0,1487,33,0.0222,0.9638,steamdt-live,456.5,956,460.3,450,,3,12,15,2,8,0,2,3,-0.012087912087912045,-0.016685205784204626,-0.003285870755750264,-0.02857142857142858,0.0449438202247191,0.0,0.05353319057815842,-0.03913043478260869,-0.10524504544626412,0.39,15,可能加速下跌,,45,0,0
335,Desert Eagle | Calligraffiti (Factory New),29.1,26.1,1089,12,0.011,0.8969,steamdt-live,29.64,106,28.56,278,,3,6,15,2,6,8,2,3,0.003472222222222099,-0.0117647058823529,-0.03355704697986572,-0.008333333333333415,0.041610738255033586,0.020000000000000018,0.041610738255033586,-0.009365244536940653,-0.33426573426573425,1.39,3,长期阴跌,,45,0,0
336,AK-47 | AUTOEXEC (Factory New),3950.0,3820.0,26,35,1.3462,0.9671,steamdt-live,4198.5,20,3956.0,29,,20,12,2,2,8,0,0,0,0.0,-0.0015166835187057082,0.014358974358974264,-0.0015166835187057082,0.0015166835187057082,0.025974025974025983,0.07677924506252187,-0.07677924506252187,-0.11036036036036034,0.39,1,价格更新稀疏,,44,0,0
337,★ Driver Gloves | Hand Sweaters (Minimal Wear),1420.0,1950.0,39,26,0.6667,1.3732,steamdt-live,1417.0,41,1447.5,47,"溢价求购:买一高于卖一,多为定向收特定图案,买一价不可作退出价",20,0,4,5,4,0,6,5,0.0,-0.004223864836325197,-0.00664335664335669,-0.004223864836325197,0.01049317943336836,0.0,0.023809523809523836,-0.023809523809523836,-0.09961807765754294,0.13,2,暂未减速,买一异常溢价(不作为可成交退出价),44,0,0
338,★ Sport Gloves | Red Racer (Minimal Wear),1794.5,2490.0,49,20,0.4082,1.3876,steamdt-live,1834.0,59,1865.16,24,"溢价求购:买一高于卖一,多为定向收特定图案,买一价不可作退出价",20,0,4,5,4,0,6,5,0.001949860724234087,-0.0022240756185710753,-0.0025006946373993255,-0.00027855153203337757,0.00828958275766789,0.002513966480446994,0.022603485838779913,-0.013197690404179285,-0.08443877551020407,0.14,3,回撤不明显,买一异常溢价(不作为可成交退出价),44,0,0
339,FAMAS | Roll Cage (Factory New),856.8,817.0,100,17,0.17,0.9535,steamdt-live,875.0,43,873.48,54,,14,9,7,2,6,0,6,0,0.00034985422740518857,-0.0011657729074375789,-0.0026750407071411963,-0.0008163265306122547,0.0034891835310537633,0.0,0.03513513513513522,-0.03513513513513522,-0.10886455115604243,0.38,2,回撤不明显,,44,0,0
340,★ Broken Fang Gloves | Needle Point (Minimal Wear),366.0,375.0,102,15,0.1471,1.0246,steamdt-live,370.0,52,370.0,37,,11,15,7,5,0,0,3,3,0.012676056338028152,0.018080667593880495,0.0,0.030985915492957705,0.004081632653061273,0.0608695652173914,0.004081632653061273,0.03977272727272729,-0.06153846153846154,0.31,8,回撤不明显,,44,0,0
341,USP-S | Para Green (Factory New),220.82,202.0,171,16,0.0936,0.9148,steamdt-live,224.49,74,229.27,84,,7,6,7,2,4,7,6,5,-0.004504707419253129,-0.00076926557762802,-0.018698611970648038,-0.005270507680526171,0.027267521254570326,0.0,0.027267521254570326,0.0045491765990355315,-0.3495729013254787,0.39,3,长期阴跌,,44,0,0
342,AK-47 | Cartel (Factory New),280.0,269.0,890,55,0.0618,0.9607,steamdt-live,276.44,289,276.75,254,,7,12,12,2,10,1,0,0,-0.006968641114982632,-0.031017543859649055,-0.043333333333333335,-0.03777003484320551,0.07946666666666657,0.013431192660550595,0.10772213247172846,-0.10772213247172846,-0.24544386458646406,0.23,12,可能加速下跌,,44,0,0
343,Desert Eagle | Starcade (Factory New),978.0,943.0,585,35,0.0598,0.9642,steamdt-live,1011.5,141,1036.64,168,,3,12,12,2,10,3,2,0,-0.03749999999999998,-0.022977022977022976,-0.03703703703703709,-0.059615384615384626,0.10684931506849316,0.002049180327868827,0.11090909090909096,-0.10192837465564741,-0.30589070262597584,0.39,11,长期阴跌,,44,0,0
344,M4A1-S | Blue Phosphor (Factory New),3200.0,3200.0,540,28,0.0519,1.0,steamdt-live,3350.0,322,3388.0,151,,3,15,12,2,8,0,4,0,0.00015255530129665296,-0.02379499694935938,-0.006517126401940021,-0.023646071700991644,0.03000909366474691,0.0,0.05604719764011801,-0.04477611940298509,-0.14392494361943176,0.38,5,可能加速下跌,,44,0,0
345,Tec-9 | Safety Net (Factory New),71.9,64.0,448,21,0.0469,0.8901,steamdt-live,67.99,117,68.8,204,,3,6,9,2,10,10,4,0,-0.007589025102159863,-0.00014705882352950006,0.054153846153846,-0.007734967892586098,0.011054545454545539,0.04599999999999982,0.09743793973184656,-0.09755773825325198,-0.41134199134199134,0.31,3,长期阴跌,,44,0,0
346,★ Hydra Gloves | Case Hardened (Field-Tested),336.45,328.0,358,14,0.0391,0.9749,steamdt-live,339.0,421,342.88,152,,3,12,9,5,4,0,6,5,0.0014836795252226587,-0.0031111111111111756,0.021212121212121238,-0.0016320474777448135,0.010441176470588287,0.019545454545454533,0.019096209912536466,-0.017664233576642374,-0.04145299145299153,0.39,7,可能加速下跌,,44,0,0
347,AWP | Fever Dream (Factory New),101.5,97.0,1178,30,0.0255,0.9557,steamdt-live,109.0,484,108.82,433,,3,9,15,2,8,2,2,3,0.004807692307692291,-0.028708133971291905,-0.032558139534883734,-0.024038461538461564,0.06880733944954132,0.0,0.07727272727272727,-0.0730593607305936,-0.2564102564102564,0.39,13,可能加速下跌,,44,0,0
348,M4A4 | Tooth Fairy (Factory New),71.2,67.0,1588,30,0.0189,0.941,steamdt-live,74.63,483,75.79,604,,3,9,15,2,10,0,2,3,-0.01057197072377336,-0.024657534246575352,-0.029082774049216886,-0.0349688262401735,0.06303460981708109,0.0028169014084507005,0.12595138718389387,-0.12595138718389387,-0.3120772946859903,0.39,13,长期阴跌,,44,0,0
349,AK-47 | Wild Lotus (Factory New),93999.0,98200.0,109,23,0.211,1.0447,steamdt-live,94500.0,101,95159.99,24,,17,15,7,2,2,0,0,0,1.0638411046981489e-05,-1.0638297872289648e-05,0.0,0.0,1.0638297872289648e-05,1.0638524224004797e-05,0.008438907583413369,-1.0638297872289648e-05,-0.030938144329896944,0.33,0,价格更新稀疏,,43,0,0
350,FAMAS | Eye of Athena (Factory New),167.0,166.0,315,30,0.0952,0.994,steamdt-live,166.87,109,174.41,89,,7,15,9,2,10,0,0,0,-0.01658090337335627,-0.029825581395348855,-0.02833333333333332,-0.04591194968553458,0.07294444444444437,0.0028847887493239632,0.11848917062863185,-0.0037611940298507562,-0.3620201865728705,0.38,7,长期阴跌,,43,0,0
351,P250 | Hive (Factory New),41.52,36.5,175,14,0.08,0.8791,steamdt-live,42.1,88,40.44,143,,7,3,7,2,8,5,6,5,-0.004421518054532059,-0.0022205773501111636,-0.012612175600290931,-0.006632277081798144,0.019160805238903733,0.0,0.05292740046838418,-0.05292740046838418,-0.5231132075471698,0.39,12,长期阴跌,,43,0,0
352,AWP | Safari Mesh (Factory New),37.47,33.8,447,26,0.0582,0.9021,steamdt-live,38.47,135,38.44,191,,3,6,9,2,8,8,2,5,-0.0002653223666754245,-0.005573248407643283,-0.028357824181490132,-0.005837092066861227,0.03402938901778807,0.012702702702702684,0.06301575393848469,-0.06301575393848469,-0.36480759450754374,0.39,3,长期阴跌,,43,0,0
353,FAMAS | Night Borre (Factory New),63.59,58.0,232,13,0.056,0.9121,steamdt-live,64.89,85,63.35,111,,3,6,7,2,4,10,6,5,0.0049097244219196146,-0.0015760441292356209,-0.008635578583765069,0.003325942350332678,0.0053383576699638224,0.056009334889148166,0.02538461538461534,-0.02538461538461534,-0.3563954079040943,0.39,2,长期阴跌,,43,0,0
354,Galil AR | Chromatic Aberration (Factory New),107.5,100.0,632,34,0.0538,0.9302,steamdt-live,109.0,202,112.24,204,,3,9,12,2,10,4,0,3,0.0,-0.022727272727272707,-0.051724137931034475,-0.022727272727272707,0.07327586206896552,0.023809523809523725,0.09282700421940926,-0.09282700421940926,-0.3404907975460123,0.39,7,长期阴跌,,43,0,0
355,AWP | Green Energy (Factory New),177.5,175.0,739,26,0.0352,0.9859,steamdt-live,179.48,349,188.04,510,,3,12,12,2,8,1,2,3,0.002701212789415486,-0.024135466490736057,-0.027293688669633775,-0.02149944873208387,0.05328284175156017,0.0,0.060846560846560815,-0.06578947368421051,-0.2588726513569938,0.35,15,可能加速下跌,,43,0,0
356,FAMAS | Hexane (Factory New),50.28,43.0,314,10,0.0318,0.8552,steamdt-live,48.39,112,48.9,64,,3,3,9,2,10,7,4,5,-0.020000000000000018,-0.012448979591836773,-0.06367041198501866,-0.032200000000000006,0.09382022471910112,0.0,0.1420212765957446,-0.1420212765957446,-0.515130260521042,0.39,5,长期阴跌,,43,0,0
357,★ Driver Gloves | Hand Sweaters (Field-Tested),678.0,952.0,101,44,0.4356,1.4041,steamdt-live,647.0,90,697.97,40,"溢价求购:买一高于卖一,多为定向收特定图案,买一价不可作退出价",20,0,7,5,6,0,4,0,-0.001519756838905817,-0.015220700152207,0.004580152671755711,-0.016717325227963542,0.018209408194233667,0.0,0.04852941176470593,-0.018209408194233667,-0.12330623306233057,0.14,8,可能加速下跌,买一异常溢价(不作为可成交退出价),42,0,0
358,AWP | The End (Factory New),290.0,261.0,58,16,0.2759,0.9,steamdt-live,273.5,78,295.74,119,,17,6,4,2,8,3,2,0,-0.029531461963894445,-0.01971326164874554,-0.010327377878756594,-0.048662562176075674,0.05848738338669146,0.0,0.06013745704467355,-0.04869565217391303,-0.21462209970135537,0.39,9,可能加速下跌,,42,0,0
359,★ Sport Gloves | Violet Beadwork (Field-Tested),1380.0,1600.0,170,39,0.2294,1.1594,steamdt-live,1368.0,174,1430.0,66,"溢价求购:买一高于卖一,多为定向收特定图案,买一价不可作退出价",17,0,7,5,4,0,4,5,0.006934306569343018,-0.008336353751359216,-0.007246376811594235,-0.0014598540145985828,0.022717531075867936,0.0,0.022717531075867936,-0.018644323130008078,-0.08064516129032262,0.14,4,可能加速下跌,买一异常溢价(不作为可成交退出价),42,0,0
360,★ Driver Gloves | Queen Jaguar (Minimal Wear),671.5,800.0,105,24,0.2286,1.1914,steamdt-live,666.87,67,676.9,63,"溢价求购:买一高于卖一,多为定向收特定图案,买一价不可作退出价",17,0,7,5,2,0,6,5,0.0028120300751879324,0.0,0.021505376344086002,0.0028120300751879324,1.4995201535472624e-05,0.026933382611106005,0.013505917159763348,-0.004671641791044734,-0.03352173913043477,0.39,4,回撤不明显,买一异常溢价(不作为可成交退出价),42,0,0
361,★ Broken Fang Gloves | Jade (Field-Tested),415.5,445.0,135,27,0.2,1.071,steamdt-live,425.5,122,416.86,83,"溢价求购:买一高于卖一,多为定向收特定图案,买一价不可作退出价",17,0,7,5,4,0,4,5,-0.003718712753277731,-0.005838158587357034,-0.00881317486945632,-0.009535160905840279,0.028070175438596467,0.0,0.0289333457978872,-0.0289333457978872,-0.02163931338152536,0.39,12,暂未减速,买一异常溢价(不作为可成交退出价),42,0,0
362,AWP | Containment Breach (Factory New),2238.0,2200.0,148,21,0.1419,0.983,steamdt-live,2400.0,62,2361.29,79,,11,12,7,2,10,0,0,0,-0.005106382978723456,-0.042771599657827175,-0.04081632653061229,-0.04765957446808511,0.086530612244898,0.0,0.10444177671068422,-0.10444177671068422,-0.22237665045170252,0.35,10,可能加速下跌,,42,0,0
363,AWP | Gungnir (Factory New),77099.0,73300.0,139,19,0.1367,0.9507,steamdt-live,76800.0,167,77776.0,26,,11,9,7,2,2,0,6,5,-0.0013116883116882638,-0.001287402957125594,-0.007719171638809752,-0.0025974025974025983,0.010296524439747934,0.0,0.012536162005785889,-0.005181347150259086,-0.01285347043701801,0.34,2,暂未减速,,42,0,0
364,AWP | CMYK (Factory New),3469.99,3370.0,261,28,0.1073,0.9712,steamdt-live,3522.04,89,3486.84,74,,11,12,9,2,8,0,0,0,-0.000837772030742534,-0.026923724060572085,-0.008338427340928045,-0.027738940148333335,0.052950327510917106,0.020885554574874954,0.05834735413839898,-0.05449863760217988,-0.2389538326570897,0.35,7,可能加速下跌,,42,0,0
365,FAMAS | Commemoration (Factory New),365.0,349.0,334,33,0.0988,0.9562,steamdt-live,360.0,155,357.91,110,,7,9,9,2,8,0,2,5,-0.0095628415300546,-0.012662068965517137,-0.022696929238985364,-0.02210382513661191,0.044299065420560724,0.003955119214586356,0.051014185337398765,0.022600000000000176,-0.1929875986471251,0.39,11,暂未减速,,42,0,0
366,★ Hand Wraps | Giraffe (Field-Tested),239.76,245.0,334,25,0.0749,1.0219,steamdt-live,243.25,275,239.59,122,,7,15,9,5,4,0,2,0,-0.0008713692946058504,-0.004983595664271756,0.0,-0.005850622406639028,0.019199279515310308,0.019531914893617053,0.019199279515310308,0.0066806722689076725,-0.053751974723538654,0.38,12,可能加速下跌,,42,0,0
367,M4A1-S | Electrum (Factory New),36.79,44.0,535,31,0.0579,1.196,steamdt-live,37.4,467,36.8,197,"溢价求购:买一高于卖一,多为定向收特定图案,买一价不可作退出价",3,0,12,2,4,10,6,5,0.02857142857142847,0.019444444444444597,-0.04371584699453557,0.04857142857142871,0.0048806941431670525,0.04857142857142871,0.018454132120887867,0.04917095483133238,-0.054854493947978256,0.22,11,回撤不明显,买一异常溢价(不作为可成交退出价),42,0,0
368,AK-47 | The Outsiders (Factory New),318.0,306.0,960,45,0.0469,0.9623,steamdt-live,330.0,175,321.77,302,,3,12,15,2,8,0,2,0,-0.009104980424292086,-0.02600385922999171,-0.0134734572891404,-0.03487207502503875,0.05071793187856355,0.0,0.05525846702317294,-0.030487804878048808,-0.3003300330033003,0.39,11,长期阴跌,,42,0,0
369,Desert Eagle | Trigger Discipline (Factory New),33.0,31.2,714,26,0.0364,0.9455,steamdt-live,32.0,444,35.14,371,,3,9,12,2,10,0,6,0,-0.008235294117647118,-0.05100830367734277,-0.05555555555555558,-0.05882352941176472,0.11111111111111116,0.0,0.1578947368421053,-0.15567282321899734,-0.35858889557025453,0.39,11,长期阴跌,,42,0,0
370,Five-SeveN | Kami (Factory New),26.0,25.7,730,23,0.0315,0.9885,steamdt-live,27.99,406,27.56,202,,3,12,12,2,6,0,2,5,0.014744801512287298,-0.03129657228017879,0.0,-0.017013232514177634,0.034533976977348724,0.040000000000000036,0.034533976977348724,0.040000000000000036,-0.31380311427817364,0.3,4,长期阴跌,,42,0,0
371,AK-47 | Searing Rage (Factory New),103.3,100.0,1327,33,0.0249,0.9681,steamdt-live,105.49,408,106.19,427,,3,12,15,2,8,0,2,0,0.001890359168241984,-0.030188679245283012,0.022222222222222143,-0.02835538752362954,0.04014939309056953,0.0,0.063752276867031,-0.03925233644859816,-0.21813203529053848,0.39,13,可能加速下跌,,42,0,0
372,Glock-18 | Green Line (Factory New),31.5,30.5,1446,35,0.0242,0.9683,steamdt-live,33.38,251,31.51,460,,3,12,15,2,10,0,0,0,-0.011834319526627168,-0.05988023952095811,-0.05507408442829198,-0.07100591715976323,0.1221694157114902,0.012903225806451646,0.15112192484455267,-0.15112192484455267,-0.4809917355371901,0.39,14,长期阴跌,,42,0,0
373,Galil AR | Rainbow Spoon (Factory New),151.99,150.0,930,20,0.0215,0.9869,steamdt-live,159.98,404,160.46,646,,3,12,15,2,10,0,0,0,-0.009464319515426811,-0.031785464042295763,-0.003207547169811309,-0.040948955770080175,0.06172839506172845,0.01672240802675584,0.08157099697885195,-0.050059371289294385,-0.1957671957671958,0.14,12,可能加速下跌,,42,0,0
374,AK-47 | Elite Build (Factory New),49.76,47.1,1138,24,0.0211,0.9465,steamdt-live,50.5,749,50.29,405,,3,9,15,2,4,0,4,5,0.00200481154771448,-0.004401760704281665,-0.0010014019627477833,-0.002405773857257487,0.006389776357827448,0.036666666666666625,0.015822784810126667,-0.0048000000000000265,-0.1829228243021347,0.37,6,回撤不明显,,42,0,0
375,★ Specialist Gloves | Blackbook (Minimal Wear),3165.0,4260.0,46,19,0.413,1.346,steamdt-live,3150.0,65,3169.5,39,"溢价求购:买一高于卖一,多为定向收特定图案,买一价不可作退出价",20,0,4,5,6,0,6,0,-0.000315756236185627,-0.005053695514845247,-0.0009463722397475838,-0.005367856015156325,0.006309148264984188,0.0,0.030620095399292224,0.0020677588675044323,-0.09456740442655931,0.39,3,回撤不明显,买一异常溢价(不作为可成交退出价),41,0,0
376,★ Specialist Gloves | Chocolate Chesterfield (Field-Tested),520.0,657.0,115,21,0.1826,1.2635,steamdt-live,515.5,111,545.88,49,"溢价求购:买一高于卖一,多为定向收特定图案,买一价不可作退出价",14,0,7,5,6,3,6,0,-0.002117502117502168,-0.005555769898530016,-0.010514285714285698,-0.007661507661507749,0.018095238095238053,0.004873294346978474,0.03824626865671643,-0.03824626865671643,-0.09242957746478875,0.39,12,暂未减速,买一异常溢价(不作为可成交退出价),41,0,0
377,AK-47 | Crane Flight (Factory New),310.0,300.0,219,38,0.1735,0.9677,steamdt-live,307.0,188,305.9,132,,14,12,7,2,2,0,4,0,-0.0009868421052632304,0.007243990780375409,-0.0006574621959236637,0.006249999999999867,0.0003267973856210249,0.016279069767441756,0.006818181818181945,-0.005203252032520367,-0.09497041420118346,0.39,14,回撤不明显,,41,0,0
378,★ Sport Gloves | Hedge Maze (Field-Tested),23348.0,34000.0,584,64,0.1096,1.4562,steamdt-live,24332.0,394,24187.5,109,"溢价求购:买一高于卖一,多为定向收特定图案,买一价不可作退出价",11,0,12,5,6,0,4,3,0.0013664792581631335,-0.014831849445124279,-0.013848077003208448,-0.013485637601588052,0.027146964456852385,0.0,0.039157990040742385,-0.006489361702127661,-0.1477459390399708,0.39,4,可能加速下跌,买一异常溢价(不作为可成交退出价),41,0,0
379,USP-S | Serum (Factory New),533.5,477.0,173,18,0.104,0.8941,steamdt-live,610.0,53,551.49,64,,11,6,7,2,10,0,2,3,-0.0018348623853210455,-0.01931985294117644,-0.018000324330168183,-0.021119266055045882,0.04392473118279572,0.0,0.08018965517241383,-0.08018965517241383,-0.3173512476007677,0.2,4,长期阴跌,,41,0,0
380,P250 | Dark Filigree (Factory New),44.4,35.4,100,7,0.07,0.7973,steamdt-live,47.87,61,45.9,102,,7,1,7,2,10,9,0,5,-0.0022271714922049712,-0.008928571428571397,-0.1170108161258604,-0.011135857461024523,0.12684365781710916,0.03040148526340203,0.12907022361710474,-0.12907022361710474,-0.37376586741889994,0.39,5,长期阴跌,,41,0,0
381,AK-47 | Baroque Purple (Factory New),335.3,316.0,301,20,0.0664,0.9424,steamdt-live,349.08,103,339.0,139,,7,9,9,2,8,4,2,0,-0.010248901903367469,-0.007988165680473336,-0.021489971346704828,-0.018155197657393818,0.039255014326647575,0.01606060606060611,0.06861111111111107,-0.06861111111111107,-0.3396616578372097,0.39,10,长期阴跌,,41,0,0
382,★ Sport Gloves | Amphibious (Field-Tested),1785.48,2650.0,1095,53,0.0484,1.4842,steamdt-live,1780.0,1015,1806.89,236,"溢价求购:买一高于卖一,多为定向收特定图案,买一价不可作退出价",3,0,15,5,6,3,4,5,-0.0016759156492786031,-0.013329775761820595,-0.020332717190388205,-0.014983351831298508,0.0350114167663369,0.0,0.043106050804330054,-0.043106050804330054,-0.09783989834815754,0.39,7,可能加速下跌,买一异常溢价(不作为可成交退出价),41,0,0
383,Glock-18 | AXIA (Factory New),269.5,256.0,697,31,0.0445,0.9499,steamdt-live,259.0,275,270.0,588,,3,9,12,2,10,0,2,3,-0.012987012987012991,-0.02631578947368418,-0.03203792830974794,-0.038961038961038974,0.0697507362976798,0.0,0.09756097560975607,-0.09598603839441533,-0.28939859525899914,0.16,10,可能加速下跌,,41,0,0
384,Five-SeveN | Heat Treated (Factory New),95.9,91.0,739,19,0.0257,0.9489,steamdt-live,98.46,359,100.99,236,,3,9,12,2,8,2,0,5,-0.003024193548387122,-0.030333670374115274,-0.04413181730583926,-0.03326612903225801,0.07073643410852715,0.0,0.07788461538461533,-0.05049504950495043,-0.26173979984603535,0.32,9,可能加速下跌,,41,0,0
385,M4A1-S | Glitched Paint (Factory New),37.5,33.0,1337,27,0.0202,0.88,steamdt-live,34.2,827,34.94,662,,3,6,15,2,6,0,6,3,0.026470588235294024,-0.02005730659025773,0.017050553395154155,0.00588235294117645,0.04121110176619003,0.027027027027027195,0.04121110176619003,0.047152480097979454,-0.11376004146151852,0.39,15,可能加速下跌,,41,0,0
386,★ Driver Gloves | Brocade Flowers (Minimal Wear),2430.0,3410.0,42,29,0.6905,1.4033,steamdt-live,2498.99,53,2559.77,32,"溢价求购:买一高于卖一,多为定向收特定图案,买一价不可作退出价",20,0,4,5,4,0,4,3,-0.0016333197223356022,-0.006134969325153339,0.014078674948240222,-0.007758268681094305,0.028000000000000025,0.006211180124223503,0.028000000000000025,0.012499999999999956,-0.07586993725042779,0.39,5,可能加速下跌,买一异常溢价(不作为可成交退出价),40,0,0
387,★ Driver Gloves | Seigaiha (Field-Tested),495.0,701.0,56,35,0.625,1.4162,steamdt-live,498.0,70,518.8,45,"溢价求购:买一高于卖一,多为定向收特定图案,买一价不可作退出价",20,0,4,5,0,0,6,5,-0.002042900919305368,0.013306038894575156,-0.0010204081632653184,0.011235955056179803,0.0,0.03125,0.0,0.03017689906347565,-0.05714285714285716,0.39,8,回撤不明显,买一异常溢价(不作为可成交退出价),40,0,0
388,★ Driver Gloves | Plum Quill (Field-Tested),618.5,694.0,46,28,0.6087,1.1221,steamdt-live,610.0,41,618.0,25,"溢价求购:买一高于卖一,多为定向收特定图案,买一价不可作退出价",20,0,4,5,6,1,4,0,-0.006796116504854455,-0.0061909416748126,-0.0072289156626506035,-0.012944983818770184,0.02008032128514059,0.0,0.04657705532979051,-0.02227921141208522,-0.058641975308642014,0.39,7,可能加速下跌,买一异常溢价(不作为可成交退出价),40,0,0
389,★ Sport Gloves | Violet Beadwork (Minimal Wear),3617.5,5000.0,54,20,0.3704,1.3822,steamdt-live,3600.0,70,3707.0,21,"溢价求购:买一高于卖一,多为定向收特定图案,买一价不可作退出价",20,0,4,5,4,0,4,3,-0.00041425020712515526,-0.00538748445917947,-0.0005520287054926465,-0.0057995028997513964,0.006348330113165934,0.0002778549597111102,0.021068775357037994,-0.021068775357037994,-0.09194097616345065,0.39,2,回撤不明显,买一异常溢价(不作为可成交退出价),40,0,0
390,★ Driver Gloves | Dragon Fists (Field-Tested),600.0,772.0,92,32,0.3478,1.2867,steamdt-live,599.98,104,616.0,28,"溢价求购:买一高于卖一,多为定向收特定图案,买一价不可作退出价",20,0,4,5,0,0,6,5,0.005000083613438289,-0.0016639488834903071,-0.004975207161636019,0.0033278148464022106,0.0016639488834903071,0.0033278148464022106,0.0025104324261416844,0.016915254237288124,-0.04309409888357252,0.21,4,回撤不明显,买一异常溢价(不作为可成交退出价),40,0,0
391,USP-S | Target Acquired (Factory New),2219.5,1970.0,148,31,0.2095,0.8876,steamdt-live,2249.5,47,2105.0,41,,17,6,7,2,8,0,0,0,-0.0007425742574257432,0.042853604161505965,-0.06046511627906981,0.04207920792079212,0.020930232558139528,0.05249999999999999,0.05604957869766225,0.039762904420844736,-0.18093385214007784,0.39,1,价格更新稀疏,,40,0,0
392,★ Moto Gloves | Smoke Out (Field-Tested),628.0,870.0,298,43,0.1443,1.3854,steamdt-live,630.0,303,632.96,127,"溢价求购:买一高于卖一,多为定向收特定图案,买一价不可作退出价",11,0,9,5,8,0,4,3,-0.012422360248447228,-0.012578616352201255,-0.025703868439764577,-0.024844720496894457,0.04990998350958409,0.0,0.05973948195837697,-0.05973948195837697,-0.1247386759581881,0.39,12,暂未减速,买一异常溢价(不作为可成交退出价),40,0,0
393,★ Hand Wraps | Duct Tape (Minimal Wear),392.5,481.0,209,28,0.134,1.2255,steamdt-live,409.99,71,404.5,63,"溢价求购:买一高于卖一,多为定向收特定图案,买一价不可作退出价",11,0,7,5,8,0,6,3,0.00510230113781307,-0.003756535864764765,-0.0076204460872426605,0.0013265982958314826,0.006303957062204102,0.0038363171355497716,0.05985772114302146,-0.030864197530864224,-0.12174710791882037,0.39,11,回撤不明显,买一异常溢价(不作为可成交退出价),40,0,0
394,USP-S | Road Rash (Factory New),900.0,854.0,159,16,0.1006,0.9489,steamdt-live,887.5,58,892.32,49,,11,9,7,2,8,3,0,0,-0.014913890690083309,-0.009840235630132144,-0.012062975027144374,-0.02460737012166303,0.03637350705754616,0.044117647058823595,0.06329488004897255,-0.06329488004897255,-0.2004504504504504,0.38,7,可能加速下跌,,40,0,0
395,M4A4 | Dark Blossom (Factory New),284.0,263.0,224,20,0.0893,0.9261,steamdt-live,320.5,88,274.9,123,,7,6,7,2,10,2,6,0,-0.0098314606741573,-0.02517730496453907,-0.05066666666666664,-0.03476123595505631,0.08366666666666678,0.0,0.12172523961661352,-0.11607717041800647,-0.37380410022779054,0.39,8,长期阴跌,,40,0,0
396,Glock-18 | Mirror Mosaic (Factory New),146.09,138.0,367,28,0.0763,0.9446,steamdt-live,149.99,219,154.96,168,,7,9,9,2,4,0,6,3,-0.0034225477445409824,0.0034343018064426634,-6.844626967827949e-05,0.0,0.006122865501054564,0.004054982817869535,0.026066666666666682,-0.026066666666666682,-0.09260869565217389,0.39,6,回撤不明显,,40,0,0
397,Galil AR | Kami (Factory New),27.5,26.0,486,24,0.0494,0.9455,steamdt-live,28.0,194,30.61,101,,3,9,9,2,8,2,4,3,-0.0035842293906809264,-0.010791366906474864,-0.017259598450158564,-0.014336917562723928,0.03100775193798444,0.0,0.051724137931034475,-0.051724137931034475,-0.39105403011514606,0.28,2,长期阴跌,,40,0,0
398,Desert Eagle | Cobalt Disruption (Factory New),544.5,521.0,596,28,0.047,0.9568,steamdt-live,570.0,285,562.95,235,,3,9,12,2,10,2,2,0,0.0,-0.0357142857142857,-0.05004240882103472,-0.0357142857142857,0.08396946564885499,0.0,0.0939293264874661,-0.0954622355483341,-0.2677966101694915,0.22,12,可能加速下跌,,40,0,0
399,M4A1-S | Liquidation (Factory New),58.5,55.0,1213,31,0.0256,0.9402,steamdt-live,59.1,537,60.49,269,,3,9,15,2,2,3,1,5,-0.005059021922428242,-0.0035593220338983045,0.00679117147707986,-0.008600337268128144,0.008600337268128144,0.06890909090909081,0.008600337268128144,-0.0035593220338983045,-0.08455309872313921,0.39,14,回撤不明显,,40,0,0
400,AK-47 | Ice Coaled (Factory New),80.0,79.0,1653,26,0.0157,0.9875,steamdt-live,87.0,1225,86.4,741,,3,12,15,2,8,0,0,0,-0.02134685694067695,-0.03591226801638958,-0.010618436406067633,-0.056492510909305405,0.06542056074766345,0.0,0.07834101382488479,-0.07940161104718069,-0.15164369034994696,0.28,14,可能加速下跌,,40,0,0
401,M4A1-S | Imminent Danger (Factory New),8218.0,8040.0,33,8,0.2424,0.9783,steamdt-live,8487.5,31,8269.46,15,,17,12,4,2,4,0,0,0,0.0,0.0,-0.002427773731488281,0.0,0.002427773731488281,0.0,0.02358462543812745,-0.02358462543812745,-0.13216114895189823,0.11,0,价格更新稀疏,,39,0,0
402,★ Moto Gloves | Blood Pressure (Minimal Wear),1198.0,1620.0,113,27,0.2389,1.3523,steamdt-live,1224.0,86,1219.0,55,"溢价求购:买一高于卖一,多为定向收特定图案,买一价不可作退出价",17,0,7,5,4,0,6,0,0.0,-0.0008340283569641116,0.028301886792452935,-0.0008340283569641116,0.0008340283569641116,0.03498920086393098,0.0180327868852459,-0.026016260162601612,-0.10863095238095233,0.38,4,回撤不明显,买一异常溢价(不作为可成交退出价),39,0,0
403,★ Driver Gloves | Garden (Field-Tested),1079.5,1800.0,176,29,0.1648,1.6674,steamdt-live,1089.99,167,1100.0,121,"溢价求购:买一高于卖一,多为定向收特定图案,买一价不可作退出价",14,0,7,5,6,0,2,5,-0.0013830755232029368,-0.016382986478113537,0.0,-0.017743403093721577,0.026600541027953062,0.0,0.036160714285714324,-0.02616147947677039,-0.1315366049879324,0.39,5,可能加速下跌,买一异常溢价(不作为可成交退出价),39,0,0
404,★ Sport Gloves | Superconductor (Minimal Wear),16200.0,23000.0,188,29,0.1543,1.4198,steamdt-live,16299.5,148,16300.0,34,"溢价求购:买一高于卖一,多为定向收特定图案,买一价不可作退出价",14,0,7,5,8,0,2,3,-0.0030092100063832117,-0.012195121951219523,-0.01429170661553214,-0.015167634274597996,0.03456495828367101,0.006211180124223503,0.05257617404526582,-0.05257617404526582,-0.1428344665202783,0.37,6,可能加速下跌,买一异常溢价(不作为可成交退出价),39,0,0
405,★ Moto Gloves | Finish Line (Minimal Wear),915.0,1350.0,198,27,0.1364,1.4754,steamdt-live,930.99,148,929.3,73,"溢价求购:买一高于卖一,多为定向收特定图案,买一价不可作退出价",11,0,7,5,8,1,4,3,0.0032537960954446277,-0.010810810810810811,-0.008602150537634357,-0.007592190889370909,0.015069967707212029,0.0,0.05082987551867224,-0.05082987551867224,-0.09043013211129558,0.38,10,可能加速下跌,买一异常溢价(不作为可成交退出价),39,0,0
406,★ Moto Gloves | Spearmint (Minimal Wear),16024.65,22000.0,194,26,0.134,1.3729,steamdt-live,16599.5,161,16666.0,46,"溢价求购:买一高于卖一,多为定向收特定图案,买一价不可作退出价",11,0,7,5,10,1,2,3,-0.023737968771695983,-0.02181118742812216,-0.02779316338354576,-0.04503140291377572,0.07157300115874854,0.0,0.09208781869688387,-0.09208781869688387,-0.1864627490798325,0.39,19,可能加速下跌,买一异常溢价(不作为可成交退出价),39,0,0
407,Glock-18 | Blue Fissure (Factory New),215.89,183.0,47,6,0.1277,0.8477,steamdt-live,230.0,29,219.2,42,,11,3,4,2,4,9,6,0,-0.009174732785907636,-0.0004629843974258696,0.0,-0.009633469425203045,0.009633469425203045,0.0,0.015549475604195284,-0.015549475604195284,-0.04852357866901724,0.39,2,回撤不明显,,39,0,0
408,★ Sport Gloves | Omega (Field-Tested),1095.5,1890.0,885,54,0.061,1.7252,steamdt-live,1123.4,737,1110.0,219,"溢价求购:买一高于卖一,多为定向收特定图案,买一价不可作退出价",7,0,12,5,6,2,4,3,-0.011627906976744207,-0.009049773755656076,-0.010619469026548645,-0.020572450805008913,0.030964875795361002,0.0,0.030973451327433676,-0.013068949977467326,-0.09014615825640426,0.02,13,可能加速下跌,买一异常溢价(不作为可成交退出价),39,0,0
409,★ Specialist Gloves | Crimson Web (Field-Tested),729.5,1070.0,575,35,0.0609,1.4668,steamdt-live,720.0,523,724.56,234,"溢价求购:买一高于卖一,多为定向收特定图案,买一价不可作退出价",7,0,12,5,8,0,4,3,0.0039509536784740895,-0.022933912335459272,0.006858710562414272,-0.019073569482288777,0.027027027027026973,0.0,0.0625,-0.03935957304869908,-0.1325301204819277,0.2,9,可能加速下跌,买一异常溢价(不作为可成交退出价),39,0,0
410,Five-SeveN | Buddy (Factory New),20.0,19.9,403,20,0.0496,0.995,steamdt-live,20.44,158,21.2,182,,3,15,9,2,10,0,0,0,-0.028703703703703787,-0.046711153479504275,-0.039145907473309594,-0.07407407407407418,0.11032028469750887,0.0,0.11426040744021249,-0.11855442926399296,-0.4537011745424747,0.37,14,长期阴跌,,39,0,0
411,M4A4 | Temukau (Factory New),579.0,570.0,763,37,0.0485,0.9845,steamdt-live,593.5,680,587.22,377,,3,12,12,2,6,0,4,0,-0.008600337268128255,-0.015138629018540573,-0.01331114808652245,-0.02360876897133224,0.040437520715942976,0.0,0.0420251489080079,-0.03980099502487566,-0.16329479768786126,0.39,15,可能加速下跌,,39,0,0
412,AWP | Crakow! (Factory New),439.5,430.0,843,38,0.0451,0.9784,steamdt-live,463.0,379,452.0,244,,3,12,12,2,10,0,0,0,-0.004301075268817178,-0.050755939524838034,0.0002151000215100396,-0.05483870967741933,0.0658476449583405,0.0,0.10670731707317072,-0.10670731707317072,-0.2486922629833499,0.39,13,可能加速下跌,,39,0,0
413,M4A1-S | Icarus Fell (Factory New),2668.49,2590.0,605,27,0.0446,0.9706,steamdt-live,2780.0,406,2774.4,183,,3,12,12,2,8,0,2,0,3.637170426884495e-05,-0.02946000894711387,-0.023997245286635716,-0.029424708753578055,0.052715842086766385,3.747451732705187e-06,0.06532749562171636,-0.06368771929824568,-0.1515135135135136,0.39,3,可能加速下跌,,39,0,0
414,★ Moto Gloves | POW! (Field-Tested),397.0,660.0,639,27,0.0423,1.6625,steamdt-live,410.0,721,420.0,307,"溢价求购:买一高于卖一,多为定向收特定图案,买一价不可作退出价",3,0,12,5,10,2,4,3,-0.007389162561576401,-0.011166253101737023,-0.024038461538461564,-0.018472906403940836,0.04206730769230771,0.0037783375314861534,0.11644716420557844,-0.11247216035634744,-0.25888041658917615,0.39,17,暂未减速,买一异常溢价(不作为可成交退出价),39,0,0
415,AK-47 | Jaguar (Factory New),2740.0,2220.0,143,6,0.042,0.8102,steamdt-live,2920.89,39,2679.46,35,,3,3,7,2,6,10,3,5,0.060811023622047156,-0.00556697817002294,-0.023076923076923106,0.054905511811023544,0.00556697817002294,0.07178400000000007,0.034428828828828806,-0.034428828828828806,-0.18059327217125376,0.37,7,回撤不明显,,39,0,0
416,Galil AR | Blue Titanium (Factory New),87.8,83.0,927,36,0.0388,0.9453,steamdt-live,89.99,122,85.93,250,,3,9,15,2,10,0,0,0,-0.00679154343301569,-0.05227748979816915,-0.025616394492475103,-0.058713988388651495,0.08282634219233631,0.047926829268292837,0.1283221748833434,-0.12583926754832142,-0.48817678241705875,0.39,11,长期阴跌,,39,0,0
417,AK-47 | Slate (Factory New),85.7,82.0,1881,18,0.0096,0.9568,steamdt-live,88.99,1420,87.95,638,,3,9,15,2,8,0,2,0,-0.010740531373657491,-0.020571428571428574,-0.005061867266591746,-0.031091011871113627,0.03599550056242973,0.001168224299065601,0.05502260447678897,-0.05502260447678897,-0.14300000000000002,0.39,14,可能加速下跌,,39,0,0
418,M4A4 | Tornado (Factory New),729.5,651.0,13,3,0.2308,0.8924,steamdt-live,729.9,20,727.9,11,,8,6,2,2,4,10,6,0,-0.005464480874316946,-0.00013736263736263687,-0.0014596150435839395,-0.005601092896174942,0.007052532500307018,0.0,0.0176788124156545,-0.0176788124156545,-0.1912222222222223,0.39,2,回撤不明显,,38,0,0
419,★ Specialist Gloves | Pillow Punchers (Field-Tested),2423.0,5400.0,197,40,0.203,2.2286,steamdt-live,2420.0,216,2444.0,135,"溢价求购:买一高于卖一,多为定向收特定图案,买一价不可作退出价",17,0,7,5,2,0,4,3,-0.002674897119341546,-0.0014441922838869248,-0.004098360655737654,-0.004115226337448541,0.010224948875255602,0.00980596703525971,0.01224489795918371,0.0033167495854062867,-0.03968253968253965,0.39,8,暂未减速,买一异常溢价(不作为可成交退出价),38,0,0
420,★ Moto Gloves | Blood Pressure (Field-Tested),687.49,910.0,230,41,0.1783,1.3237,steamdt-live,705.5,222,690.32,127,"溢价求购:买一高于卖一,多为定向收特定图案,买一价不可作退出价",14,0,7,5,6,0,6,0,-0.0007412790697673977,-0.0007418289720577675,-0.0028985507246376274,-0.0014825581395349063,0.0043768115942028896,0.002890510948905245,0.03918881118881112,-0.03918881118881112,-0.08255876068376056,0.04,5,回撤不明显,买一异常溢价(不作为可成交退出价),38,0,0
421,★ Broken Fang Gloves | Unhinged (Field-Tested),314.0,383.0,105,17,0.1619,1.2197,steamdt-live,330.0,123,316.25,74,"溢价求购:买一高于卖一,多为定向收特定图案,买一价不可作退出价",14,0,7,5,6,0,6,0,0.0047244094488188,-0.01567398119122254,-0.00470219435736674,-0.011023622047244053,0.018750000000000044,0.0015948963317384823,0.03384615384615386,-0.02783367906127132,-0.08187134502923976,0.31,7,可能加速下跌,买一异常溢价(不作为可成交退出价),38,0,0
422,★ Sport Gloves | Occult (Field-Tested),2999.5,4080.0,288,42,0.1458,1.3602,steamdt-live,2999.0,312,3045.0,95,"溢价求购:买一高于卖一,多为定向收特定图案,买一价不可作退出价",11,0,9,5,6,3,4,0,-0.009673717002787297,-0.006953642384106007,-0.008292682926829276,-0.016560091818330847,0.026298701298701266,0.0063758389261745485,0.04028928925725628,-0.04028928925725628,-0.09107165046719334,0.14,9,可能加速下跌,买一异常溢价(不作为可成交退出价),38,0,0
423,★ Specialist Gloves | Mogul (Minimal Wear),889.98,1300.0,182,21,0.1154,1.4607,steamdt-live,888.0,176,912.66,73,"溢价求购:买一高于卖一,多为定向收特定图案,买一价不可作退出价",11,0,7,5,4,0,6,5,0.007345783814374673,-0.0022359801795526213,-0.007303370786516883,0.005093378607809784,0.007810143130090874,0.009664582148948275,0.01867609680627691,-0.006711409395973145,-0.04257727846122328,0.31,9,回撤不明显,买一异常溢价(不作为可成交退出价),38,0,0
424,MP9 | Hydra (Factory New),268.0,251.0,132,15,0.1136,0.9366,steamdt-live,272.97,68,278.0,73,,11,9,7,2,0,0,6,3,0.0060172997367431424,0.0018691588785046953,-0.007835820895522483,0.00789770590447536,0.0,0.00789770590447536,0.0037174721189591198,0.007556675062972307,-0.0837606837606838,0.19,8,回撤不明显,,38,0,0
425,★ Specialist Gloves | Lt. Commander (Minimal Wear),1018.5,1600.0,217,24,0.1106,1.5709,steamdt-live,1049.0,203,1044.0,91,"溢价求购:买一高于卖一,多为定向收特定图案,买一价不可作退出价",11,0,7,5,8,0,2,5,-0.0033460803059273125,-0.02302158273381294,-0.007872522052546627,-0.026290630975143392,0.03395617945556284,0.007418397626112849,0.05079217148182669,-0.043212775951150806,-0.13796022005924669,0.39,6,可能加速下跌,买一异常溢价(不作为可成交退出价),38,0,0
426,USP-S | Neo-Noir (Factory New),691.38,679.0,481,38,0.079,0.9821,steamdt-live,705.0,209,688.5,141,,7,12,9,2,2,0,6,0,0.0,-0.0007256894049346707,0.000726216412490821,-0.0007256894049346707,0.0007256894049346707,0.005109489051094984,0.005057803468208055,-0.0013054830287205776,-0.03706293706293706,0.39,3,回撤不明显,,38,0,0
427,★ Specialist Gloves | Mogul (Field-Tested),576.5,662.0,353,27,0.0765,1.1483,steamdt-live,578.0,295,581.05,218,"溢价求购:买一高于卖一,多为定向收特定图案,买一价不可作退出价",7,0,9,5,10,2,2,3,-0.008481764206955011,-0.014542343883661268,-0.029629629629629672,-0.022900763358778664,0.051851851851851816,0.010526315789473717,0.08280254777070062,-0.08278794248316057,-0.17478510028653294,0.39,16,可能加速下跌,买一异常溢价(不作为可成交退出价),38,0,0
428,P250 | Apep's Curse (Factory New),629.69,624.0,71,5,0.0704,0.991,steamdt-live,600.0,47,632.84,55,,7,15,4,2,10,0,0,0,-0.0007812499999999556,-0.06176700547302583,0.0,-0.0625,0.0625,0.0,0.1291727140783745,-0.1291727140783745,-0.2766726943942134,0.39,5,可能加速下跌,,38,0,0
429,M4A4 | Hellish (Factory New),657.49,641.0,667,36,0.054,0.9749,steamdt-live,670.0,181,674.5,227,,3,12,12,2,8,1,0,0,-0.019912152269399686,-0.01779205258440386,-0.01726618705035976,-0.037349926793557864,0.06056752586157621,0.019364341085271297,0.060728571428571465,-0.032391464311994134,-0.3038750661725781,0.28,15,长期阴跌,,38,0,0
430,★ Specialist Gloves | Crimson Kimono (Minimal Wear),15999.0,16010.0,369,17,0.0461,1.0007,steamdt-live,15880.0,363,16649.0,77,,3,15,9,5,6,0,0,0,-0.010827276291582422,-0.03164827123605096,0.0007545575274658933,-0.04213288295080975,0.0426814564745599,0.0,0.04337349397590362,-0.04337349397590362,-0.08735632183908049,0.38,5,可能加速下跌,,38,0,0
431,M4A4 | Etch Lord (Factory New),22.23,18.9,836,29,0.0347,0.8502,steamdt-live,19.6,408,20.49,484,,3,3,12,2,8,8,2,0,-0.04077669902912617,-0.0080971659919028,0.11834961997828453,-0.04854368932038833,0.054510371442354044,0.06463878326996197,0.054510371442354044,0.031036296685954756,-0.36342968496265016,0.39,8,长期阴跌,,38,0,0
432,Glock-18 | Trace Lock (Factory New),31.0,30.0,321,9,0.028,0.9677,steamdt-live,30.29,269,32.38,104,,3,12,9,2,10,0,2,0,-0.010604113110539881,-0.016239038648911963,0.011046133853151341,-0.026670951156812395,0.05343750000000003,0.0,0.1014535746069416,-0.1014535746069416,-0.24539113104135524,0.39,13,可能加速下跌,,38,0,0
433,★ Driver Gloves | King Snake (Field-Tested),788.5,1690.0,1638,41,0.025,2.1433,steamdt-live,814.0,1466,809.0,309,"溢价求购:买一高于卖一,多为定向收特定图案,买一价不可作退出价",3,0,15,5,8,0,2,5,-0.004953675108091415,-0.021092750996287934,-0.0128048780487805,-0.02594193946880785,0.048854041013268956,0.0,0.061309523809523814,-0.060190703218116814,-0.11254924029262803,0.39,10,可能加速下跌,买一异常溢价(不作为可成交退出价),38,0,0
434,AK-47 | Midnight Laminate (Factory New),78.0,75.0,1545,35,0.0227,0.9615,steamdt-live,77.64,1021,84.15,693,,3,12,15,2,6,0,0,0,0.013974358974359058,-0.018333544063724894,0.0,-0.004615384615384577,0.04029666254635356,0.0351999999999999,0.04852941176470582,-0.046191646191646285,-0.173074874853552,0.38,17,可能加速下跌,,38,0,0
435,★ Specialist Gloves | Cloud Chaser (Minimal Wear),4849.0,5970.0,46,28,0.6087,1.2312,steamdt-live,4999.0,55,5098.5,17,"溢价求购:买一高于卖一,多为定向收特定图案,买一价不可作退出价",20,0,4,5,6,0,2,0,0.0,-0.019116010923434845,-0.003025108399717702,-0.019116010923434845,0.022083291317938847,0.0,0.030200000000000005,-0.028256513026052144,-0.050866434260413707,0.39,2,可能加速下跌,买一异常溢价(不作为可成交退出价),37,0,0
436,AWP | Queen's Gambit (Factory New),1317.0,2270.0,96,32,0.3333,1.7236,steamdt-live,1288.0,109,1320.0,42,"溢价求购:买一高于卖一,多为定向收特定图案,买一价不可作退出价",20,0,4,2,6,1,4,0,-0.010654490106544956,-0.009230769230769265,-0.010914565299209644,-0.019786910197869156,0.030850263355906682,0.0,0.04378684167545177,-0.04106019431932406,-0.05847953216374269,0.39,4,可能加速下跌,买一异常溢价(不作为可成交退出价),37,0,0
437,★ Specialist Gloves | Lime Polycam (Field-Tested),1515.5,2130.0,124,31,0.25,1.4055,steamdt-live,1544.5,136,1580.0,55,"溢价求购:买一高于卖一,多为定向收特定图案,买一价不可作退出价",17,0,7,5,4,0,4,0,0.0006544502617800152,-0.008829300196206646,-0.0019595035924232507,-0.0081806282722513,0.012381883349625311,0.000660283922086391,0.015589477102955551,-0.018458549222797882,-0.09251497005988019,0.14,6,可能加速下跌,买一异常溢价(不作为可成交退出价),37,0,0
438,★ Specialist Gloves | Sunburst (Field-Tested),1008.0,1470.0,148,30,0.2027,1.4583,steamdt-live,1000.0,190,1036.0,53,"溢价求购:买一高于卖一,多为定向收特定图案,买一价不可作退出价",17,0,7,5,4,2,2,0,-0.004950495049504955,-0.00497512437810943,-0.012707722385141729,-0.00990099009900991,0.022482893450635366,0.020408163265306145,0.022960429897410872,-0.0048761070753308156,-0.08675799086757996,0.39,10,暂未减速,买一异常溢价(不作为可成交退出价),37,0,0
439,Glock-18 | Ifrit Lattice (Factory New),68.9,66.0,61,12,0.1967,0.9579,steamdt-live,68.5,86,70.13,107,,14,9,4,2,8,0,0,0,-0.01388888888888884,-0.035211267605633756,0.008685906416363132,-0.04861111111111116,0.0524277216765805,0.0,0.0524277216765805,-0.04728789986091797,-0.15327564894932022,0.14,6,可能加速下跌,,37,0,0
440,Tec-9 | Whiteout (Factory New),1000.0,940.0,155,14,0.0903,0.94,steamdt-live,1057.96,66,1047.54,97,,7,9,7,2,10,0,2,0,-0.025534773271270295,-0.029126213592232997,-0.012158878504672899,-0.05391725560317506,0.05660377358490565,0.0,0.12625600698995199,-0.12625600698995199,-0.3172663344029494,0.15,4,长期阴跌,,37,0,0
441,AK-47 | Nouveau Rouge (Factory New),389.0,372.0,410,29,0.0707,0.9563,steamdt-live,380.0,266,384.66,143,,7,9,9,2,6,0,4,0,-0.0014770665975640807,-0.013832299587366648,-0.005386736771566314,-0.015288934957242706,0.025391125929725478,0.0,0.035532994923857864,0.041095890410958846,-0.04971491447434229,0.38,12,可能加速下跌,,37,0,0
442,★ Sport Gloves | Amphibious (Minimal Wear),3720.0,6180.0,535,30,0.0561,1.6613,steamdt-live,3777.5,478,3874.5,130,"溢价求购:买一高于卖一,多为定向收特定图案,买一价不可作退出价",3,0,12,5,8,2,2,5,0.00013168290755860568,-0.020408163265306145,-0.026535059607742606,-0.020279167764024275,0.0461538461538461,0.0,0.060843221408735215,-0.06103760392950719,-0.11428571428571432,0.37,6,可能加速下跌,买一异常溢价(不作为可成交退出价),37,0,0
443,Tec-9 | Ossified (Factory New),58.69,53.0,484,23,0.0475,0.903,steamdt-live,61.5,72,59.7,283,,3,6,9,2,8,2,2,5,-0.0015002500416736453,-0.020200333889816346,-0.03241935483870961,-0.021670278379730012,0.05338709677419362,0.0,0.06544585987261142,-0.06693163751987286,-0.5003405414609229,0.3,6,长期阴跌,,37,0,0
444,USP-S | 27 (Factory New),29.8,29.0,508,19,0.0374,0.9732,steamdt-live,29.43,82,30.3,194,,3,12,12,2,0,0,3,5,0.04021739130434776,0.02507836990595602,0.026403867608776554,0.06630434782608696,0.0,0.09445890665674961,0.0,0.08597785977859762,-0.3386516853932584,0.39,3,长期阴跌,,37,0,0
445,Glock-18 | Sacrifice (Factory New),38.0,36.0,429,16,0.0373,0.9474,steamdt-live,37.39,142,38.71,142,,3,9,9,2,10,4,0,0,-0.04525000000000001,-0.02094789211835557,-0.07578558225508325,-0.06525000000000003,0.14045977011494248,0.020190995907230613,0.15996405302179284,-0.1257891045125088,-0.4485250737463127,0.39,11,长期阴跌,,37,0,0
446,Glock-18 | Fully Tuned (Factory New),1020.0,2230.0,54,38,0.7037,2.1863,steamdt-live,1059.99,57,1079.0,20,"溢价求购:买一高于卖一,多为定向收特定图案,买一价不可作退出价",20,0,4,2,8,0,2,0,0.019923570303798543,-0.03975598505031863,0.00528957528957541,-0.020624495909667084,0.051162790697674376,0.0,0.051162790697674376,-0.03680900489149941,-0.07061503416856496,0.39,13,可能加速下跌,买一异常溢价(不作为可成交退出价),36,0,0
447,MP9 | Wild Lily (Factory New),15296.0,13500.0,28,9,0.3214,0.8826,steamdt-live,15600.0,25,16225.46,8,,20,6,2,2,6,0,0,0,0.0,3.268935307776388e-05,0.03347972972972979,3.268935307776388e-05,0.0,0.033513513513513615,0.04396355111038608,-0.04396355111038608,-0.07277301245718792,0.19,0,价格更新稀疏,,36,0,0
448,M4A1-S | Welcome to the Jungle (Factory New),9599.3,12110.0,40,12,0.3,1.2616,steamdt-live,9999.0,43,9889.26,22,"溢价求购:买一高于卖一,多为定向收特定图案,买一价不可作退出价",20,0,4,2,8,0,2,0,-0.005121522516516097,-0.025262217348482663,-0.010010500525026278,-0.03025435885003136,0.03996199809990508,0.0,0.06706511175898933,-0.06706511175898933,-0.07675514522023474,0.39,6,可能加速下跌,买一异常溢价(不作为可成交退出价),36,0,0
449,★ Sport Gloves | Blaze (Field-Tested),716.5,1000.0,99,28,0.2828,1.3957,steamdt-live,715.0,125,725.9,45,"溢价求购:买一高于卖一,多为定向收特定图案,买一价不可作退出价",17,0,4,5,4,0,6,0,0.01480959097320178,-0.006254343293954134,-0.0014084507042253502,0.008462623413258097,0.00694444444444442,0.021574510644377876,0.029033922702952242,-0.015151515151515138,-0.11891558841651262,0.14,11,回撤不明显,买一异常溢价(不作为可成交退出价),36,0,0
450,★ Sport Gloves | Ultra Violent (Minimal Wear),10880.0,12960.0,279,53,0.19,1.1912,steamdt-live,10988.0,298,11499.0,74,"溢价求购:买一高于卖一,多为定向收特定图案,买一价不可作退出价",14,0,9,5,4,0,4,0,9.092148929390476e-05,-0.010864130187735799,-0.00013636363636360116,-0.010774196481338372,0.010909090909090868,0.0,0.028528059288361107,-0.028528059288361107,-0.07404255319148934,0.39,5,可能加速下跌,买一异常溢价(不作为可成交退出价),36,0,0
451,★ Sport Gloves | Arid (Minimal Wear),6654.0,7590.0,179,34,0.1899,1.1407,steamdt-live,7200.0,42,6888.0,35,"溢价求购:买一高于卖一,多为定向收特定图案,买一价不可作退出价",14,0,7,5,8,0,2,0,-0.007352941176470562,-0.014222222222222247,-0.021301093839953933,-0.02147058823529413,0.042314335060449015,0.005474653848652977,0.055902383654937604,-0.055902383654937604,-0.19826495572022407,0.39,12,可能加速下跌,买一异常溢价(不作为可成交退出价),36,0,0
452,Galil AR | Aqua Terrace (Factory New),819.0,744.0,30,5,0.1667,0.9084,steamdt-live,896.4,29,857.0,19,,14,6,4,2,8,0,2,0,-0.0006101281269066394,0.0,-0.0006097560975609762,-0.0006101281269066394,0.0012195121951219523,0.023749999999999938,0.05862068965517242,-0.05862068965517242,-0.11793214862681745,0.22,5,回撤不明显,,36,0,0
453,★ Hand Wraps | Desert Shamagh (Minimal Wear),375.0,394.0,152,24,0.1579,1.0507,steamdt-live,415.0,60,381.0,85,"溢价求购:买一高于卖一,多为定向收特定图案,买一价不可作退出价",14,0,7,5,4,0,6,0,0.0,-0.0013315579227696217,-0.003978779840848823,-0.0013315579227696217,0.0053050397877983935,0.001335113484646211,0.017038007863695914,-0.017038007863695914,-0.1428571428571429,0.3,3,回撤不明显,买一异常溢价(不作为可成交退出价),36,0,0
454,USP-S | Pathfinder (Factory New),172.48,158.0,120,15,0.125,0.916,steamdt-live,180.78,72,177.53,84,,11,6,7,2,10,0,0,0,-0.017821672919885345,-0.03106567046795128,-0.005760052663338566,-0.0483337011697198,0.053815349168906734,0.0,0.08128262490678606,-0.08128262490678606,-0.4344918032786885,0.39,14,长期阴跌,,36,0,0
455,★ Hand Wraps | Duct Tape (Field-Tested),266.5,291.0,156,19,0.1218,1.0919,steamdt-live,273.33,138,267.93,142,"溢价求购:买一高于卖一,多为定向收特定图案,买一价不可作退出价",11,0,7,5,4,0,4,5,-0.0018691588785046953,-0.0018726591760299671,-0.007421150278293154,-0.0037383177570093906,0.011131725417439675,0.02499999999999991,0.022018348623853212,0.019510328997704773,-0.07433136505731153,0.39,7,暂未减速,买一异常溢价(不作为可成交退出价),36,0,0
456,★ Hand Wraps | CAUTION! (Minimal Wear),1114.0,1430.0,242,25,0.1033,1.2837,steamdt-live,1120.0,161,1118.77,77,"溢价求购:买一高于卖一,多为定向收特定图案,买一价不可作退出价",11,0,7,5,4,0,4,5,-0.004373644348042549,-0.005357142857142838,0.004392857142857309,-0.009707356967606606,0.011964629398043436,0.003603603603603567,0.029616724738675937,-0.029616724738675937,-0.13036690085870417,0.39,4,可能加速下跌,买一异常溢价(不作为可成交退出价),36,0,0
457,★ Driver Gloves | Rezan the Red (Field-Tested),354.47,456.0,220,22,0.1,1.2864,steamdt-live,355.0,200,371.33,91,"溢价求购:买一高于卖一,多为定向收特定图案,买一价不可作退出价",11,0,7,5,2,0,6,5,0.0,0.009886039886039866,0.0028571428571428914,0.009886039886039866,0.0028973277074542114,0.04255882352941187,0.01261838440111418,-0.009860335195530645,-0.05067088031280953,0.39,11,回撤不明显,买一异常溢价(不作为可成交退出价),36,0,0
458,Desert Eagle | Mudder (Factory New),36.39,33.3,321,28,0.0872,0.9151,steamdt-live,34.6,73,36.47,140,,7,6,9,2,10,0,2,0,-0.0028232636928289256,-0.020385050962627327,-0.003937007874015741,-0.023150762281197057,0.02699662542182224,0.0,0.08149721263604992,-0.03888888888888886,-0.45640219952867245,0.36,5,长期阴跌,,36,0,0
459,AWP | Dragon Lore (Factory New),74000.0,74260.0,127,9,0.0709,1.0035,steamdt-live,73000.0,154,77730.0,25,,7,15,7,5,2,0,0,0,-1.3513878753479425e-05,-0.013473519196724237,-6.756893720871737e-06,-0.01348685099597291,0.013493516760474833,6.849361982030899e-06,0.013513513513513487,-0.013513513513513487,-0.03309977615597559,0.38,1,价格更新稀疏,,36,0,0
460,★ Driver Gloves | Black Tie (Minimal Wear),1797.5,3320.0,332,23,0.0693,1.847,steamdt-live,1822.0,319,1877.45,72,"溢价求购:买一高于卖一,多为定向收特定图案,买一价不可作退出价",7,0,9,5,4,0,6,5,0.0011185682326622093,0.0041899441340782495,-0.006390664073353758,0.005313199105145383,0.0,0.005594405594405494,0.01722252597047569,-0.002497225305216455,-0.0758354755784062,0.38,2,回撤不明显,买一异常溢价(不作为可成交退出价),36,0,0
461,Tec-9 | Brother (Factory New),18.38,15.3,205,14,0.0683,0.8324,steamdt-live,15.69,190,15.45,1402,,7,3,7,2,10,0,4,3,-0.009493670886076,-0.012779552715655007,-0.018633540372670843,-0.022151898734177333,0.04037267080745355,0.0,0.1271186440677966,-0.1271186440677966,-0.5195895522388059,0.39,6,长期阴跌,,36,0,0
462,Glock-18 | Off World (Factory New),40.18,37.4,711,35,0.0492,0.9308,steamdt-live,38.0,246,41.0,106,,3,9,12,2,10,0,0,0,-0.009808729769494762,-0.05894006934125806,0.019500000000000073,-0.0681706718979892,0.07766990291262144,0.0,0.11069506201731794,0.05879074951239893,-0.18332258757790676,0.34,4,可能加速下跌,,36,0,0
463,★ Sport Gloves | Slingshot (Field-Tested),2054.0,3670.0,1105,52,0.0471,1.7868,steamdt-live,2026.0,912,2097.5,260,"溢价求购:买一高于卖一,多为定向收特定图案,买一价不可作退出价",3,0,15,5,6,0,2,5,0.0004857906242410337,-0.01626608400097107,-0.014364376346660324,-0.01578819528783093,0.02992578405554225,0.0,0.04316614716161338,-0.04316614716161338,-0.11817192600652882,0.39,6,可能加速下跌,买一异常溢价(不作为可成交退出价),36,0,0
464,Desert Eagle | Heat Treated (Factory New),177.0,3370.0,1403,66,0.047,19.0395,steamdt-live,190.0,332,187.33,360,"溢价求购:买一高于卖一,多为定向收特定图案,买一价不可作退出价",3,0,15,2,10,4,2,0,-0.02692182938696075,-0.01666666666666672,-0.015015974440894642,-0.043139798897178006,0.07566974776750746,0.0,0.11817457154244715,-0.06100795755968169,-0.36672629695885506,0.32,9,长期阴跌,买一异常溢价(不作为可成交退出价),36,0,0
465,Desert Eagle | Blaze (Factory New),3790.0,3680.0,497,10,0.0201,0.971,steamdt-live,3958.49,432,3897.89,112,,3,12,9,2,4,0,6,0,0.00013283014150311523,-0.01302083333333337,0.010392105263157925,-0.012889732750964278,0.01660612350804358,0.0,0.022692109334708666,-0.022692109334708666,-0.08661493227936556,0.39,6,可能加速下跌,,36,0,0
466,USP-S | Guardian (Factory New),29.8,27.4,1184,19,0.016,0.9195,steamdt-live,28.0,650,30.23,543,,3,6,15,2,10,0,0,0,-0.003389830508474634,-0.04761904761904756,-0.008069939475453869,-0.05084745762711862,0.058507061197040966,0.0,0.09061383566092884,-0.08765070055392643,-0.34272300469483574,0.31,9,长期阴跌,,36,0,0
467,★ Specialist Gloves | Lime Polycam (Minimal Wear),3409.0,4570.0,34,38,1.1176,1.3406,steamdt-live,3380.0,36,3404.24,20,"溢价求购:买一高于卖一,多为定向收特定图案,买一价不可作退出价",20,0,4,5,4,0,2,0,-0.003097802035698427,0.00029594554601963807,-0.0001474926253687281,-0.00280277327039391,0.002949852507374673,0.024242424242424176,0.022556390977443663,-0.022556390977443663,-0.10344827586206895,0.14,3,回撤不明显,买一异常溢价(不作为可成交退出价),35,0,0
468,★ Driver Gloves | Wave Chaser (Minimal Wear),3089.5,4490.0,41,26,0.6341,1.4533,steamdt-live,3115.0,48,3173.12,19,"溢价求购:买一高于卖一,多为定向收特定图案,买一价不可作退出价",20,0,4,5,0,0,6,0,0.0,0.01628289473684208,0.01333333333333342,0.01628289473684208,0.002904631273196734,0.02983333333333338,0.002904631273196734,0.024709784411276914,-0.04112352576039724,0.34,2,回撤不明显,买一异常溢价(不作为可成交退出价),35,0,0
469,★ Driver Gloves | Wave Chaser (Field-Tested),1013.9,2050.0,76,35,0.4605,2.0219,steamdt-live,970.0,87,1045.99,35,"溢价求购:买一高于卖一,多为定向收特定图案,买一价不可作退出价",20,0,4,5,4,0,2,0,-0.0025188916876573986,-0.02020202020202022,-0.0015090543259557165,-0.02267002518891692,0.024144869215291798,0.0,0.027081243731193583,-0.027081243731193583,-0.07750832144555397,0.14,6,可能加速下跌,买一异常溢价(不作为可成交退出价),35,0,0
470,★ Sport Gloves | Occult (Minimal Wear),5799.0,6600.0,91,30,0.3297,1.1381,steamdt-live,5879.5,97,6028.0,28,"溢价求购:买一高于卖一,多为定向收特定图案,买一价不可作退出价",20,0,4,5,6,0,0,0,-8.584427847879716e-05,-0.004292582417582458,0.000945179584120881,-0.004378058202420765,0.004463519313304687,0.0,0.032855236824549716,-0.032855236824549716,-0.056766428106701405,0.39,1,价格更新稀疏,买一异常溢价(不作为可成交退出价),35,0,0
471,FAMAS | Meltdown (Factory New),445.0,408.0,140,12,0.0857,0.9169,steamdt-live,499.0,49,446.0,81,,7,6,7,2,6,0,2,5,0.0,-0.03260869565217395,0.03002754204079805,-0.03260869565217395,0.03445582364172883,0.038821579475686985,0.03445582364172883,0.03857913039419314,-0.34939618117488813,0.3,13,长期阴跌,,35,0,0
472,FAMAS | Cyanospatter (Factory New),36.4,34.2,265,22,0.083,0.9396,steamdt-live,36.98,54,37.96,94,,7,9,9,2,8,0,0,0,0.0,0.0,-0.0515893694632622,0.0,0.0515893694632622,0.013927576601671321,0.0608875128998968,0.05263157894736836,-0.402593139668472,0.38,0,价格更新稀疏,,35,0,0
473,P250 | Crimson Kimono (Factory New),119.98,113.0,158,10,0.0633,0.9418,steamdt-live,141.25,62,127.54,100,,7,9,7,2,10,0,0,0,-0.007783312577833046,-0.05883275807969879,-0.05166814289932098,-0.06615815691158144,0.1144080307056391,0.0,0.1368345323741007,-0.1368345323741007,-0.41330073349633245,0.21,6,长期阴跌,,35,0,0
474,P250 | Inferno (Factory New),44.79,41.1,355,21,0.0592,0.9176,steamdt-live,43.97,122,44.33,150,,3,6,9,2,8,2,2,3,-0.0011190689346463056,-0.014788259018597483,-0.019745502413339167,-0.01589077887197854,0.03532250987275121,0.0,0.06426899340285175,-0.047237269772480994,-0.30940788440395794,0.39,4,长期阴跌,,35,0,0
475,P250 | Cyber Shell (Factory New),20.45,19.0,301,15,0.0498,0.9291,steamdt-live,19.67,116,20.34,91,,3,6,9,2,8,4,3,0,-0.005499999999999949,-0.011060834590246316,-0.026290165530671872,-0.01649999999999996,0.0423563777994157,0.06324324324324326,0.0765258215962441,-0.0765258215962441,-0.48399790136411325,0.39,9,长期阴跌,,35,0,0
476,M4A1-S | Fade (Factory New),1078.5,1520.0,1821,84,0.0461,1.4094,steamdt-live,1098.0,1485,1100.0,984,"溢价求购:买一高于卖一,多为定向收特定图案,买一价不可作退出价",3,0,15,2,8,0,2,5,0.00227086183310532,-0.01864439166871401,-0.016591928251121102,-0.01641586867305067,0.03962600178094389,0.002789400278939924,0.05807860262008735,-0.05807860262008735,-0.1671814671814672,0.39,12,可能加速下跌,买一异常溢价(不作为可成交退出价),35,0,0
477,★ Sport Gloves | Vice (Field-Tested),2469.49,5130.0,1556,49,0.0315,2.0774,steamdt-live,2490.0,1446,2586.5,307,"溢价求购:买一高于卖一,多为定向收特定图案,买一价不可作退出价",3,0,15,5,8,0,4,0,-0.011079905063291262,-0.012196048784195002,-0.0025646084040245043,-0.02314082278481011,0.029666011787819246,0.0,0.05614584925852317,-0.05589325993042005,-0.10816179126038283,0.01,13,可能加速下跌,买一异常溢价(不作为可成交退出价),35,0,0
478,Desert Eagle | Crimson Web (Factory New),893.49,865.0,95,17,0.1789,0.9681,steamdt-live,906.39,59,897.96,46,,14,12,4,2,2,0,0,0,-0.0005592841163311046,-1.1191941801880212e-05,-0.0033444816053511683,-0.0005704697986577134,0.003913043478260825,0.006182432432432439,0.005575959933222019,-0.005575959933222019,-0.11971428571428566,0.26,1,价格更新稀疏,,34,0,0
479,★ Moto Gloves | Transport (Minimal Wear),337.0,619.0,148,23,0.1554,1.8368,steamdt-live,349.5,113,351.82,53,"溢价求购:买一高于卖一,多为定向收特定图案,买一价不可作退出价",14,0,7,5,2,0,6,0,0.005943536404160454,-0.004431314623338234,-0.007374631268436627,0.0014858841010401136,0.007363770250368162,0.015060240963855387,0.013148262028170654,-0.013148262028170654,-0.049311667795080116,0.3,7,回撤不明显,买一异常溢价(不作为可成交退出价),34,0,0
480,★ Moto Gloves | Smoke Out (Minimal Wear),1113.5,2010.0,160,24,0.15,1.8051,steamdt-live,1122.0,130,1124.8,56,"溢价求购:买一高于卖一,多为定向收特定图案,买一价不可作退出价",14,0,7,5,6,0,2,0,-0.004378970369260937,-0.014601769911504414,-0.0044122807017543675,-0.018916799562984088,0.023245614035087736,0.003153153153153232,0.04215053763440857,-0.0317391304347826,-0.11345541401273884,0.39,6,可能加速下跌,买一异常溢价(不作为可成交退出价),34,0,0
481,Glock-18 | Night (Factory New),214.99,171.0,34,4,0.1176,0.7954,steamdt-live,320.0,26,225.8,26,,8,1,4,2,4,10,0,5,-4.6511627906919983e-05,0.0,-0.022682849220419188,-4.6511627906919983e-05,0.022728305832083295,0.19438888888888894,0.025386463574957996,-0.025386463574957996,-0.15686889681948313,0.39,2,反弹较远,,34,0,0
482,★ Driver Gloves | Queen Jaguar (Field-Tested),294.4,392.0,238,18,0.0756,1.3315,steamdt-live,290.0,201,302.77,79,"溢价求购:买一高于卖一,多为定向收特定图案,买一价不可作退出价",7,0,7,5,4,0,6,5,0.0017271157167531026,0.0,0.0,0.0017271157167531026,0.005145797598627766,0.010452961672473782,0.021922428330522714,-0.021922428330522714,-0.02504622625651365,0.39,5,回撤不明显,买一异常溢价(不作为可成交退出价),34,0,0
483,Galil AR | Vandal (Factory New),61.99,57.0,266,19,0.0714,0.9195,steamdt-live,69.0,66,68.31,53,,7,6,9,2,10,0,0,0,-0.041297935103244754,-0.04630769230769227,-0.002794528607148128,-0.08569321533923302,0.08824827180467709,0.0,0.10535430798094969,-0.03125488357555872,-0.41956928838951313,0.86,3,长期阴跌,,34,0,0
484,P250 | Mint Kimono (Factory New),73.84,65.0,165,11,0.0667,0.8803,steamdt-live,66.27,85,68.65,85,,7,6,7,2,10,2,0,0,-0.0031161893456000955,-0.013545698124441952,-0.020209363186972973,-0.016619676509867953,0.03649316661820301,0.10634390651085135,0.13542074363992185,-0.13542074363992185,-0.4960456273764259,0.39,6,长期阴跌,,34,0,0
485,MP9 | Dart (Factory New),19.55,17.9,109,6,0.055,0.9156,steamdt-live,19.57,102,19.2,120,,3,6,7,2,8,8,0,0,-0.0031104199066873672,-0.0015600624024961762,-0.026249369005552747,-0.004665629860031051,0.030792529025744586,0.05032822757111588,0.06750849927149105,-0.07201546640889323,-0.4666666666666667,0.29,8,长期阴跌,,34,0,0
486,Galil AR | Urban Rubble (Factory New),65.9,51.0,79,4,0.0506,0.7739,steamdt-live,59.0,28,61.0,20,,3,1,4,2,10,8,6,0,-0.013335555925987785,-0.0032100016894744954,-0.0001666666666666483,-0.016502750458409765,0.01666666666666672,0.0,0.21333333333333337,-0.21333333333333337,-0.47217749150116295,0.39,4,长期阴跌,,34,0,0
487,★ Hand Wraps | Cobalt Skulls (Field-Tested),1179.5,1570.0,954,42,0.044,1.3311,steamdt-live,1222.0,722,1210.0,202,"溢价求购:买一高于卖一,多为定向收特定图案,买一价不可作退出价",3,0,15,5,6,0,2,3,-0.006587028747145451,-0.021161825726141115,-0.008995098039215721,-0.027609460918886386,0.03626172500571956,0.0,0.049173720274083066,-0.036749693752552104,-0.09951521166545785,0.39,12,可能加速下跌,买一异常溢价(不作为可成交退出价),34,0,0
488,Tec-9 | Bamboozle (Factory New),35.96,33.2,655,25,0.0382,0.9232,steamdt-live,35.88,205,35.07,198,,3,6,12,2,8,3,0,0,-0.004722222222222294,-0.021211275467485247,-0.042553191489361764,-0.025833333333333375,0.06479999999999997,0.03147058823529414,0.07710526315789468,-0.030947775628626606,-0.3953448275862069,0.3,5,长期阴跌,,34,0,0
489,★ Specialist Gloves | Tiger Strike (Field-Tested),972.99,1470.0,1026,39,0.038,1.5108,steamdt-live,977.0,873,979.0,302,"溢价求购:买一高于卖一,多为定向收特定图案,买一价不可作退出价",3,0,15,5,4,0,4,3,-0.0020408163265306367,-0.006134969325153339,-0.004560737031356399,-0.008163265306122436,0.013197969543147225,0.0020618556701030855,0.02311557788944718,-0.02311557788944718,-0.0898876404494382,0.16,10,暂未减速,买一异常溢价(不作为可成交退出价),34,0,0
490,Five-SeveN | Orange Peel (Factory New),18.99,15.4,506,12,0.0237,0.811,steamdt-live,17.27,106,16.82,133,,3,3,12,2,10,0,4,0,0.0,-0.011750881316098694,-0.006421482778750653,-0.011750881316098694,0.01809690601284286,0.0,0.10816542948038177,-0.10816542948038177,-0.474375,0.37,5,长期阴跌,,34,0,0
491,FAMAS | Faulty Wiring (Factory New),16.0,15.4,453,9,0.0199,0.9625,steamdt-live,16.92,79,16.96,153,,3,12,9,2,8,0,0,0,-0.0029239766081872176,-0.06158357771261003,-0.004656577415599439,-0.06432748538011701,0.07407407407407418,0.019108280254777066,0.07407407407407418,-0.06868451688009314,-0.5229576624925463,0.38,10,长期阴跌,,34,0,0
492,MP9 | Dry Season (Factory New),2300.0,55.0,2,4,2.0,0.0239,steamdt-live,769.5,2,685.0,3,,8,1,2,2,6,3,6,5,-0.002902757619738794,-0.0029112081513827937,-0.008633093525179825,-0.005805515239477477,0.031788435172228624,0.0,0.046890218449979204,0.0,-0.02002861230329045,0.22,3,暂未减速,,33,0,0
493,AK-47 | Consequence of the Jinn (Factory New),3490.0,2810.0,23,24,1.0435,0.8052,steamdt-live,3599.5,26,3565.2,24,,20,3,2,2,4,0,2,0,-0.0005636978579481866,-0.015792442188381273,-0.005326604990187778,-0.01634723788049608,0.021586767591813882,0.0,0.025683975432719164,-0.024458420684835724,-0.08121626958009742,0.3,3,可能加速下跌,,33,0,0
494,★ Driver Gloves | Plum Quill (Minimal Wear),1049.5,1230.0,14,11,0.7857,1.172,steamdt-live,1000.0,18,1124.55,13,"溢价求购:买一高于卖一,多为定向收特定图案,买一价不可作退出价",20,0,2,5,6,0,0,0,0.0,-0.03567984570877536,0.0,-0.03567984570877536,0.03614457831325302,0.0,0.036608863198458574,-0.036608863198458574,-0.08883826879271073,0.39,1,价格更新稀疏,买一异常溢价(不作为可成交退出价),33,0,0
495,★ Sport Gloves | Blaze (Minimal Wear),1499.0,1970.0,27,18,0.6667,1.3142,steamdt-live,1500.0,42,1497.1,19,"溢价求购:买一高于卖一,多为定向收特定图案,买一价不可作退出价",20,0,2,5,0,0,6,0,0.005718129835183383,0.001404682274247504,0.00439189189189193,0.007130844265052172,0.0,0.011554054054053964,0.0019333333333333425,0.0032971893471296365,-0.10015447217998119,0.14,3,回撤不明显,买一异常溢价(不作为可成交退出价),33,0,0
496,★ Driver Gloves | Dragon Fists (Minimal Wear),1249.5,1790.0,38,21,0.5526,1.4326,steamdt-live,1269.5,36,1283.5,35,"溢价求购:买一高于卖一,多为定向收特定图案,买一价不可作退出价",20,0,4,5,2,0,2,0,-0.0007993605115906854,-0.00039999999999995595,0.002002402883460208,-0.0011990407673860837,0.0015980823012384793,0.01585365853658538,0.011862396204033177,-0.011862396204033177,-0.09783393501805049,0.39,3,回撤不明显,买一异常溢价(不作为可成交退出价),33,0,0
497,★ Driver Gloves | Brocade Crane (Field-Tested),1038.5,1700.0,83,32,0.3855,1.637,steamdt-live,1029.0,84,1079.49,36,"溢价求购:买一高于卖一,多为定向收特定图案,买一价不可作退出价",20,0,4,5,4,0,0,0,0.0,-0.00048567265662946557,0.0,-0.00048567265662946557,0.00048567265662946557,0.02951475737868936,0.016252390057361343,-0.01672240802675584,-0.0687782805429864,0.14,0,价格更新稀疏,买一异常溢价(不作为可成交退出价),33,0,0
498,★ Driver Gloves | Brocade Flowers (Field-Tested),832.5,1440.0,88,31,0.3523,1.7297,steamdt-live,798.5,95,849.5,120,"溢价求购:买一高于卖一,多为定向收特定图案,买一价不可作退出价",20,0,4,5,2,0,2,0,-0.0024968789013732895,-0.0006257822277847547,0.0018761726078799779,-0.003121098626716612,0.004984423676012484,0.01719745222929947,0.014197530864197505,-0.014197530864197505,-0.12059471365638763,0.39,6,回撤不明显,买一异常溢价(不作为可成交退出价),33,0,0
499,M4A1-S | Master Piece (Factory New),1844.0,1750.0,78,13,0.1667,0.949,steamdt-live,1880.0,21,1962.0,53,,14,9,4,2,4,0,0,0,-0.0002710761724044053,0.0,-0.0029729729729729426,-0.0002710761724044053,0.00324324324324321,0.0,0.02896261190100058,-0.02896261190100058,-0.26533864541832675,0.39,0,价格更新稀疏,,33,0,0
500,Tec-9 | Toxic (Factory New),165.0,152.0,229,32,0.1397,0.9212,steamdt-live,165.0,82,159.1,116,,11,6,7,2,4,0,3,0,0.018149623727313102,-0.011801242236024856,0.061987911349899116,0.006134193385189501,0.011801242236024856,0.0699394754539342,0.01790123456790127,0.05974821821088394,-0.302162375542787,0.39,7,长期阴跌,,33,0,0
501,★ Hydra Gloves | Case Hardened (Minimal Wear),500.0,533.0,124,17,0.1371,1.066,steamdt-live,507.46,119,517.77,66,"溢价求购:买一高于卖一,多为定向收特定图案,买一价不可作退出价",11,0,7,5,6,0,4,0,-0.0009833421834130052,-0.015689902947024437,-0.0010412573673870273,-0.01665781658701604,0.018607207348669275,0.0,0.03100775193798455,-0.015748031496062964,-0.14893617021276595,0.38,6,可能加速下跌,买一异常溢价(不作为可成交退出价),33,0,0
502,★ Sport Gloves | Hedge Maze (Minimal Wear),43590.0,65300.0,224,29,0.1295,1.4981,steamdt-live,43598.0,185,46000.0,33,"溢价求购:买一高于卖一,多为定向收特定图案,买一价不可作退出价",11,0,7,5,8,0,2,0,-0.004389132729596068,-0.02700892857142856,-0.010957007209425051,-0.0312795155286405,0.04189379286091088,0.0,0.05239130434782613,-0.05235010217835556,-0.0861635220125786,0.29,6,可能加速下跌,买一异常溢价(不作为可成交退出价),33,0,0
503,★ Specialist Gloves | Marble Fade (Field-Tested),833.4,1200.0,389,41,0.1054,1.4399,steamdt-live,836.0,352,833.27,144,"溢价求购:买一高于卖一,多为定向收特定图案,买一价不可作退出价",11,0,9,5,2,0,6,0,0.024515812699190898,-0.0030270399617132737,-0.0051219512195122,0.021414562392743308,0.005050746268656758,0.023170432220039228,0.005050746268656758,-0.004456391875746757,-0.05843069899884745,0.24,14,回撤不明显,买一异常溢价(不作为可成交退出价),33,0,0
504,★ Sport Gloves | Bronze Morph (Field-Tested),426.0,504.0,332,29,0.0873,1.1831,steamdt-live,438.62,243,436.0,185,"溢价求购:买一高于卖一,多为定向收特定图案,买一价不可作退出价",7,0,9,5,8,0,4,0,0.02122931442080378,-0.023102921431547796,0.0,-0.0023640661938534313,0.03188804771736631,0.0011862396204034287,0.05801468782785335,-0.03959945380063723,-0.15005035246727094,0.13,18,可能加速下跌,买一异常溢价(不作为可成交退出价),33,0,0
505,FAMAS | Valence (Factory New),167.0,157.0,244,21,0.0861,0.9401,steamdt-live,170.0,97,167.85,97,,7,9,7,2,2,0,3,3,0.0039025618430164055,0.04708759169853893,0.005506329113924124,0.05117391578019759,0.005064045278522444,0.06038478633564037,0.005064045278522444,0.028008618036319044,-0.2159256303112822,0.35,9,回撤不明显,,33,0,0
506,AK-47 | Case Hardened (Factory New),2719.99,12100.0,504,36,0.0714,4.4485,steamdt-live,2760.79,334,2733.59,211,"溢价求购:买一高于卖一,多为定向收特定图案,买一价不可作退出价",7,0,12,2,4,2,6,0,-0.0030925959614335197,-0.007302919708029321,-0.012574097359439596,-0.010372930689467097,0.02298858832107875,0.0381641221374045,0.024701672355927906,-0.01073286052009459,-0.16023772769373268,0.39,9,暂未减速,买一异常溢价(不作为可成交退出价),33,0,0
507,P250 | Contamination (Factory New),45.68,32.0,73,5,0.0685,0.7005,steamdt-live,36.14,42,37.2,46,,7,1,4,2,6,4,4,5,-0.0030145245272676924,-0.006597031335898951,-0.014848812095032304,-0.009591668950397425,0.024298056155507508,0.0,0.04694092827004226,-0.04694092827004226,-0.4024470899470899,0.39,5,长期阴跌,,33,0,0
508,★ Specialist Gloves | Lt. Commander (Field-Tested),622.5,802.0,519,31,0.0597,1.2884,steamdt-live,640.0,478,638.88,191,"溢价求购:买一高于卖一,多为定向收特定图案,买一价不可作退出价",3,0,12,5,8,0,2,3,-0.0014197823000472454,-0.020537124802527673,-0.017209302325581377,-0.021927748856286455,0.03875968992248058,0.0,0.06060606060606055,-0.06060606060606055,-0.13104414856341973,0.39,13,可能加速下跌,买一异常溢价(不作为可成交退出价),33,0,0
509,M4A1-S | Party Animal (Factory New),137.46,131.0,380,21,0.0553,0.953,steamdt-live,134.0,280,149.88,476,,3,9,9,2,10,0,0,0,0.010752688172043001,-0.05673758865248224,-0.037931034482758585,-0.04659498207885304,0.07958477508650519,0.0,0.10660307650970646,-0.10612272330129713,-0.23563218390804597,0.14,14,可能加速下跌,,33,0,0
510,★ Driver Gloves | Black Tie (Field-Tested),727.89,1080.0,702,32,0.0456,1.4837,steamdt-live,724.0,652,721.5,150,"溢价求购:买一高于卖一,多为定向收特定图案,买一价不可作退出价",3,0,12,5,4,0,6,3,-0.002068965517241339,0.0006910850034553828,0.0,-0.0013793103448276334,0.0013793103448276334,0.005555555555555536,0.028187919463087296,-0.028187919463087296,-0.0915934755332497,0.39,10,回撤不明显,买一异常溢价(不作为可成交退出价),33,0,0
511,★ Sport Gloves | Vice (Minimal Wear),7853.0,19090.0,1013,39,0.0385,2.4309,steamdt-live,8087.0,994,7999.0,205,"溢价求购:买一高于卖一,多为定向收特定图案,买一价不可作退出价",3,0,15,5,6,0,4,0,-0.00018870298150708287,-0.011890531613715005,-0.011932877563704203,-0.012076990816454858,0.023865755127408295,0.0,0.03323895112643116,-0.03323895112643116,-0.10740874609853623,0.38,2,可能加速下跌,买一异常溢价(不作为可成交退出价),33,0,0
512,MP9 | Rose Iron (Factory New),47.89,44.5,504,19,0.0377,0.9292,steamdt-live,49.83,190,49.93,193,,3,6,12,2,6,2,2,0,-0.02012072434607648,-0.01663244353182758,-0.0036086607858861752,-0.036418511066398485,0.041816726690676154,0.0,0.04200840168033615,-0.04200840168033615,-0.30964393830185966,0.3,5,长期阴跌,,33,0,0
513,FAMAS | Decommissioned (Factory New),20.49,18.1,622,18,0.0289,0.8834,steamdt-live,17.89,98,20.55,134,,3,6,12,2,10,0,0,0,-0.05159817351598173,-0.13866153105440537,-0.023193577163247214,-0.18310502283105012,0.20205173951828725,0.0,0.25427261358899533,-0.25427261358899533,-0.5801455057498239,0.39,9,长期阴跌,,33,0,0
514,Five-SeveN | Nightshade (Factory New),88.0,77.0,633,14,0.0221,0.875,steamdt-live,78.77,66,77.0,50,,3,3,12,2,10,1,2,0,-0.01188707280832102,-0.03508771929824561,-0.05333489626069621,-0.04655770183259045,0.09740944789590911,0.0,0.14339748581599732,-0.14339748581599732,-0.44699798908359667,0.39,11,长期阴跌,,33,0,0
515,★ Moto Gloves | 3rd Commando Company (Minimal Wear),580.0,533.0,96,27,0.2812,0.919,steamdt-live,560.0,37,578.28,44,,17,6,4,5,0,0,0,0,0.016064257028112428,0.10671936758893286,0.0010050251256281673,0.12449799196787148,0.0,0.12676056338028174,0.0,0.1816838995568686,0.1594202898550725,0.3,7,回撤不明显,,32,0,0
516,★ Specialist Gloves | Sunburst (Minimal Wear),2095.5,2540.0,66,16,0.2424,1.2121,steamdt-live,2139.49,54,2140.0,21,"溢价求购:买一高于卖一,多为定向收特定图案,买一价不可作退出价",17,0,4,5,6,0,0,0,-0.0011865674842385099,-0.00023854961832059374,-0.0004810669206954943,-0.00142483404733873,0.001905215527506554,0.00023866348448686736,0.04139981701738338,-0.04139981701738338,-0.06658411210790294,0.39,0,价格更新稀疏,买一异常溢价(不作为可成交退出价),32,0,0
517,★ Hydra Gloves | Mangrove (Field-Tested),172.3,162.0,116,11,0.0948,0.9402,steamdt-live,175.95,117,172.7,293,,7,9,7,5,2,0,2,0,-0.0009828293923801468,-0.00462962962962965,0.0038885664538594877,-0.005607908885933988,0.007501442585112539,0.014749262536873253,0.007501442585112539,0.004086398131932123,-0.04603438713255692,0.13,11,回撤不明显,,32,0,0
518,★ Driver Gloves | Rezan the Red (Minimal Wear),774.5,900.0,144,13,0.0903,1.162,steamdt-live,804.0,80,811.5,61,"溢价求购:买一高于卖一,多为定向收特定图案,买一价不可作退出价",7,0,7,5,2,0,6,5,0.0,0.0006459948320414188,-0.007692307692307665,0.0006459948320414188,0.007051282051282026,0.0012928248222365823,0.007051282051282026,-0.007051282051282026,-0.10462427745664737,0.39,4,回撤不明显,买一异常溢价(不作为可成交退出价),32,0,0
519,Glock-18 | Reactor (Factory New),375.75,346.0,212,19,0.0896,0.9208,steamdt-live,419.5,57,399.5,92,,7,6,7,2,10,0,0,0,-0.009194593779832227,-0.04728701825557802,-0.0450074372630872,-0.05604682711149078,0.09853174031956236,0.0,0.12616279069767444,-0.10535714285714282,-0.2883522727272727,0.39,8,可能加速下跌,,32,0,0
520,★ Driver Gloves | Snow Leopard (Field-Tested),1614.9,2480.0,536,43,0.0802,1.5357,steamdt-live,1584.0,479,1649.0,194,"溢价求购:买一高于卖一,多为定向收特定图案,买一价不可作退出价",7,0,12,5,6,0,2,0,-0.0064814814814815325,-0.01584342963653307,-0.0001357840293293444,-0.022222222222222254,0.02523076923076928,0.0025316455696202667,0.04290030211480367,-0.04290030211480367,-0.07629327688458909,0.39,6,可能加速下跌,买一异常溢价(不作为可成交退出价),32,0,0
521,★ Sport Gloves | Ultra Violent (Field-Tested),5610.0,6200.0,564,38,0.0674,1.1052,steamdt-live,5650.0,600,5885.0,169,"溢价求购:买一高于卖一,多为定向收特定图案,买一价不可作退出价",7,0,12,5,4,0,4,0,-0.0019400352733686121,-0.008658773634917849,-0.00874125874125875,-0.010582010582010581,0.019230769230769273,0.005376344086021501,0.02085696832184314,-0.020942408376963373,-0.06499999999999995,0.29,9,可能加速下跌,买一异常溢价(不作为可成交退出价),32,0,0
522,★ Specialist Gloves | Fade (Minimal Wear),2791.33,4630.0,629,34,0.0541,1.6587,steamdt-live,2849.82,630,2821.5,162,"溢价求购:买一高于卖一,多为定向收特定图案,买一价不可作退出价",3,0,12,5,6,0,6,0,-0.015528721752630759,-0.021783850653059877,-0.00463598901098905,-0.03697429705019839,0.04172846117931406,0.0,0.04700238989416183,-0.04716504522956133,-0.15118443059145514,0.38,15,可能加速下跌,买一异常溢价(不作为可成交退出价),32,0,0
523,★ Hand Wraps | Constrictor (Field-Tested),250.49,286.0,452,20,0.0442,1.1418,steamdt-live,255.88,329,255.42,177,"溢价求购:买一高于卖一,多为定向收特定图案,买一价不可作退出价",3,0,9,5,6,0,4,5,0.0019599999999999618,-0.0019960876681703876,-0.005924688854427651,-3.999999999992898e-05,0.005964451866873444,0.02036734693877551,0.04946768060836504,-0.03813005001923808,-0.09920005765350237,0.39,15,回撤不明显,买一异常溢价(不作为可成交退出价),32,0,0
524,MP9 | Hypnotic (Factory New),88.69,84.0,507,22,0.0434,0.9471,steamdt-live,91.57,178,92.0,297,,3,9,12,2,0,0,6,0,-0.001138952164009055,0.011288483466362464,-0.0015919945417329773,0.010136674259681122,0.00011273957158963732,0.0558333333333334,0.0023622047244095112,-0.0023622047244095112,-0.23871244635193134,0.29,12,回撤不明显,,32,0,0
525,Glock-18 | Vogue (Factory New),67.54,64.0,864,34,0.0394,0.9476,steamdt-live,66.77,323,69.9,603,,3,9,12,2,6,0,0,0,-0.0002951158329643766,-0.014464944649446587,0.020940042181379903,-0.014755791648221939,0.03231884057971024,0.07693548387096771,0.03231884057971024,-0.030914368650217794,-0.1953482766931791,0.39,9,可能加速下跌,,32,0,0
526,MP9 | Goo (Factory New),19.01,17.1,488,19,0.0389,0.8995,steamdt-live,18.99,280,18.92,562,,3,6,9,2,10,0,2,0,-0.002085505735140769,-0.011494252873563204,0.054425508521165344,-0.013555787278414888,0.019180922757905505,0.04013194062671799,0.10331753554502365,-0.10331753554502365,-0.53330044400592,0.34,8,长期阴跌,,32,0,0
527,★ Driver Gloves | Seigaiha (Minimal Wear),950.0,1290.0,23,17,0.7391,1.3579,steamdt-live,948.88,34,999.06,14,"溢价求购:买一高于卖一,多为定向收特定图案,买一价不可作退出价",20,0,2,5,2,0,2,0,-0.00023152533097603456,-0.0011789473684210572,0.002341772151898791,-0.001410199743217433,0.0019353752945137082,0.017020364415862854,0.009519832985386278,0.009446808510638283,-0.049218436873747495,0.14,8,回撤不明显,买一异常溢价(不作为可成交退出价),31,0,0
528,★ Specialist Gloves | Big Swell (Field-Tested),1180.0,1710.0,104,27,0.2596,1.4492,steamdt-live,1133.3,129,1205.21,97,"溢价求购:买一高于卖一,多为定向收特定图案,买一价不可作退出价",17,0,7,5,2,0,0,0,-0.00017636684303357075,-0.00044099488445936696,0.014311270125223707,-0.0006172839506173311,0.0058771929824561475,0.013685152057244965,0.0058771929824561475,0.006930253220790661,-0.014521739130434863,0.14,0,价格更新稀疏,买一异常溢价(不作为可成交退出价),31,0,0
529,★ Driver Gloves | Overtake (Field-Tested),259.5,363.0,226,27,0.1195,1.3988,steamdt-live,265.5,207,270.75,157,"溢价求购:买一高于卖一,多为定向收特定图案,买一价不可作退出价",11,0,7,5,2,0,6,0,0.0019267822736031004,-0.0019230769230769162,-0.003762285012285038,0.0,0.005747126436781658,0.0019305019305020377,0.007572280862781167,0.015655577299412915,-0.0814159292035398,0.39,8,回撤不明显,买一异常溢价(不作为可成交退出价),31,0,0
530,★ Sport Gloves | Bronze Morph (Minimal Wear),748.5,1010.0,191,21,0.1099,1.3494,steamdt-live,760.0,116,765.32,92,"溢价求购:买一高于卖一,多为定向收特定图案,买一价不可作退出价",11,0,7,5,6,0,2,0,-0.0016984091999324713,-0.014935064935064912,-0.003475452196382456,-0.016608108283310163,0.021454465702527292,0.012683578104138782,0.035968479918657814,-0.035968479918657814,-0.06358024691358022,0.39,7,可能加速下跌,买一异常溢价(不作为可成交退出价),31,0,0
531,★ Broken Fang Gloves | Yellow-banded (Field-Tested),277.5,308.0,146,15,0.1027,1.1099,steamdt-live,276.0,132,280.99,83,"溢价求购:买一高于卖一,多为定向收特定图案,买一价不可作退出价",11,0,7,5,2,0,6,0,0.021532846715328402,-0.013933547695605508,0.00366300366300365,0.007299270072992803,0.014285714285714235,0.022222222222222143,0.014285714285714235,0.03564727954971847,-0.04494965223710168,0.39,7,可能加速下跌,买一异常溢价(不作为可成交退出价),31,0,0
532,★ Sport Gloves | Scarlet Shamagh (Field-Tested),1055.0,1430.0,426,42,0.0986,1.3555,steamdt-live,1060.0,327,1088.0,131,"溢价求购:买一高于卖一,多为定向收特定图案,买一价不可作退出价",7,0,9,5,4,0,6,0,0.007146260123868542,-0.0018921475875117721,-0.007095553453169368,0.005240590757503494,0.0018921475875117721,0.024271844660194164,0.018604651162790753,-0.01631701631701632,-0.10059676044330779,0.38,5,回撤不明显,买一异常溢价(不作为可成交退出价),31,0,0
533,Desert Eagle | Sunset Storm 弐 (Factory New),2949.0,2640.0,50,4,0.08,0.8952,steamdt-live,3199.49,32,3076.33,44,,7,6,4,2,6,0,6,0,0.0,-0.016836139356559476,-0.011696869851729796,-0.016836139356559476,0.04701890450799806,0.0,0.04701890450799806,-0.03263900278825649,-0.07171614471029297,0.39,3,可能加速下跌,,31,0,0
534,★ Sport Gloves | Big Game (Minimal Wear),1183.5,1510.0,243,16,0.0658,1.2759,steamdt-live,1239.5,194,1276.0,62,"溢价求购:买一高于卖一,多为定向收特定图案,买一价不可作退出价",7,0,7,5,8,2,2,0,-0.0015755866987313683,-0.017026578073089715,-0.02447114023379038,-0.01857533792188415,0.04259191845649812,0.0029661016949151797,0.060117534942820905,-0.060117534942820905,-0.12849779086892488,0.39,6,可能加速下跌,买一异常溢价(不作为可成交退出价),31,0,0
535,MP9 | Ruby Poison Dart (Factory New),31.78,28.7,529,19,0.0359,0.9031,steamdt-live,28.0,230,28.71,277,,3,6,12,2,8,0,0,0,0.0,-0.04697072838665761,-0.017062562730010056,-0.04697072838665761,0.06666666666666665,0.03703703703703698,0.06666666666666665,-0.03314917127071826,-0.2647058823529411,0.39,3,可能加速下跌,,31,0,0
536,AWP | Medusa (Factory New),30999.0,27000.0,9,9,1.0,0.871,steamdt-live,31000.0,22,32123.71,4,,20,3,2,2,0,0,3,0,0.0508135593220338,0.0,0.0,0.0508135593220338,0.0,0.06893103448275872,0.0,0.0508135593220338,0.03330000000000011,1.39,2,回撤不明显,,30,0,0
537,M4A4 | Daybreak (Factory New),4173.5,3880.0,165,22,0.1333,0.9297,steamdt-live,4499.5,45,4287.0,47,,11,6,7,2,4,0,0,0,-0.0005983724269985613,-0.0004789845527481962,-0.0023877745940783512,-0.0010770703685973881,0.003462273161413565,0.03049382716049376,0.01591605753360059,-0.01591605753360059,-0.2121339117499368,0.39,4,回撤不明显,,30,0,0
538,USP-S | Whiteout (Factory New),2605.0,2380.0,151,17,0.1126,0.9136,steamdt-live,2776.0,57,2716.57,43,,11,6,7,2,4,0,0,0,0.0,-0.005725190839694694,0.007692307692307665,-0.005725190839694694,0.012322274881516604,0.042416966786714694,0.022880720180045055,-0.016981132075471694,-0.15911592579561185,0.3,4,可能加速下跌,,30,0,0
539,★ Hand Wraps | Arboreal (Field-Tested),235.5,273.0,359,22,0.0613,1.1592,steamdt-live,240.0,313,237.41,167,"溢价求购:买一高于卖一,多为定向收特定图案,买一价不可作退出价",7,0,9,5,6,0,0,3,-0.005764892639318231,-0.012605042016806678,0.022991452991453,-0.018297267942184003,0.020343505085876235,0.021739130434782705,0.04819765087079797,-0.03806794924273438,-0.09441233140655103,0.11,10,可能加速下跌,买一异常溢价(不作为可成交退出价),30,0,0
540,★ Hand Wraps | Cobalt Skulls (Minimal Wear),2280.0,3550.0,391,22,0.0563,1.557,steamdt-live,2369.0,315,2372.19,87,"溢价求购:买一高于卖一,多为定向收特定图案,买一价不可作退出价",3,0,9,5,4,3,6,0,-0.00500217485863419,-0.003278688524590123,-0.005837837837837867,-0.008264462809917328,0.014054054054054022,4.3861572875947274e-05,0.028960817717206155,-0.023972602739726012,-0.11366816980251904,0.39,7,暂未减速,买一异常溢价(不作为可成交退出价),30,0,0
541,★ Specialist Gloves | Field Agent (Field-Tested),710.0,1060.0,726,33,0.0455,1.493,steamdt-live,715.0,584,712.5,210,"溢价求购:买一高于卖一,多为定向收特定图案,买一价不可作退出价",3,0,12,5,6,0,4,0,-0.0022222222222222365,-0.011692650334075738,-0.013698630136986356,-0.01388888888888884,0.0273972602739726,0.0,0.045698924731182755,-0.04505716207128452,-0.11069916581076678,0.27,12,可能加速下跌,买一异常溢价(不作为可成交退出价),30,0,0
542,P250 | Steel Disruption (Factory New),30.5,27.1,251,9,0.0359,0.8885,steamdt-live,29.69,132,30.35,104,,3,6,9,2,10,0,0,0,-0.0116241524055537,-0.03005553740607636,-0.023644388398486815,-0.041330319664191095,0.06251973476476158,0.0,0.11373134328358203,-0.11899109792284868,-0.46018181818181814,0.21,15,长期阴跌,,30,0,0
543,USP-S | Desert Tactical (Factory New),15.98,13.3,790,20,0.0253,0.8323,steamdt-live,14.89,158,14.84,322,,3,3,12,2,10,0,0,0,0.0,0.0,-0.06666666666666665,0.0,0.06666666666666665,0.06000000000000005,0.17555555555555558,-0.17555555555555558,-0.5475609756097561,0.37,0,价格更新稀疏,,30,0,0
544,Galil AR | Orange DDPAT (Factory New),559.9,409.0,9,2,0.2222,0.7305,steamdt-live,787.9,10,691.5,7,,8,1,2,2,10,0,6,0,0.00017860332202190854,-0.00017857142857147235,0.0,0.0,0.192762399077278,0.0,0.192762399077278,0.0,-0.17782672540381794,0.39,4,暂未减速,,29,0,0
545,M4A4 | Howl (Factory New),45098.9,48260.0,87,17,0.1954,1.0701,steamdt-live,44998.5,102,45699.5,25,"溢价求购:买一高于卖一,多为定向收特定图案,买一价不可作退出价",14,0,4,5,0,0,6,0,0.0,-2.2222469138521994e-05,0.0,-2.2222469138521994e-05,2.2222469138521994e-05,0.004433045609476771,2.2222469138521994e-05,0.00246168240955269,-3.333333333332966e-05,0.36,2,回撤不明显,买一异常溢价(不作为可成交退出价),29,0,0
546,Glock-18 | Pink DDPAT (Factory New),439.0,262.0,18,2,0.1111,0.5968,steamdt-live,512.0,11,448.95,18,,8,1,2,2,10,0,6,0,0.0,0.0022831050228311334,-0.0034129692832765013,0.0022831050228311334,0.0011376564277588708,0.0022831050228311334,0.142578125,-0.1383709519136408,-0.1332675222112537,0.31,2,回撤不明显,,29,0,0
547,★ Specialist Gloves | Marble Fade (Minimal Wear),2212.0,4400.0,228,25,0.1096,1.9892,steamdt-live,2239.0,184,2274.5,59,"溢价求购:买一高于卖一,多为定向收特定图案,买一价不可作退出价",11,0,7,5,6,0,0,0,0.0,-0.0015801354401805412,0.002262443438914019,-0.0015801354401805412,0.0027057497181510737,0.0009051821679113559,0.035542956825119876,-0.035542956825119876,-0.06252649427723611,0.39,1,价格更新稀疏,买一异常溢价(不作为可成交退出价),29,0,0
548,★ Moto Gloves | Turtle (Minimal Wear),709.5,940.0,141,13,0.0922,1.3249,steamdt-live,715.0,129,712.9,70,"溢价求购:买一高于卖一,多为定向收特定图案,买一价不可作退出价",7,0,7,5,6,0,4,0,-0.0072202166064982976,-0.007692307692307665,0.0009728978457261839,-0.014856984171063625,0.02002762430939231,0.0,0.043800539083557966,-0.03271983640081799,-0.12190594059405946,0.39,6,可能加速下跌,买一异常溢价(不作为可成交退出价),29,0,0
549,★ Sport Gloves | Slingshot (Minimal Wear),5049.0,7850.0,352,32,0.0909,1.5548,steamdt-live,5000.0,327,5069.0,79,"溢价求购:买一高于卖一,多为定向收特定图案,买一价不可作退出价",7,0,9,5,6,0,2,0,-0.0028160807923868214,-0.02619534521375011,-0.00866384289564881,-0.028937657797630578,0.0373507893723527,0.0,0.04680202077971596,-0.04680202077971596,-0.171636845593108,0.39,12,可能加速下跌,买一异常溢价(不作为可成交退出价),29,0,0
550,FAMAS | Afterimage (Factory New),239.99,222.0,82,7,0.0854,0.925,steamdt-live,280.0,41,240.8,48,,7,6,4,2,10,0,0,0,-0.006188118811881083,-0.03591371068171778,-0.017301581074188888,-0.0418795911849249,0.0584565891168739,0.0,0.12727735554020148,-0.12727735554020148,-0.30215178831055534,0.39,4,长期阴跌,,29,0,0
551,★ Driver Gloves | Racing Green (Minimal Wear),239.0,331.0,155,13,0.0839,1.3849,steamdt-live,246.26,71,254.9,90,"溢价求购:买一高于卖一,多为定向收特定图案,买一价不可作退出价",7,0,7,5,8,0,2,0,-0.004081632653061273,-0.018442622950819665,0.02083333333333326,-0.022448979591836782,0.03586812125115735,0.006937145259617417,0.06262230919765166,0.006302521008403339,-0.13972701149425282,0.13,13,可能加速下跌,买一异常溢价(不作为可成交退出价),29,0,0
552,★ Specialist Gloves | Field Agent (Minimal Wear),1665.0,2800.0,336,25,0.0744,1.6817,steamdt-live,1726.0,285,1789.38,59,"溢价求购:买一高于卖一,多为定向收特定图案,买一价不可作退出价",7,0,9,5,8,0,0,0,-0.0011560693641619046,-0.03645833333333337,0.0,-0.037572254335260125,0.04502437625466016,0.0,0.05846028568520345,-0.05846028568520345,-0.11824984509794578,0.39,10,可能加速下跌,买一异常溢价(不作为可成交退出价),29,0,0
553,★ Moto Gloves | Transport (Field-Tested),208.0,259.0,260,19,0.0731,1.2452,steamdt-live,208.5,199,211.0,188,"溢价求购:买一高于卖一,多为定向收特定图案,买一价不可作退出价",7,0,9,5,2,0,6,0,0.0,0.005037295359876071,-0.0016441005802707576,0.005037295359876071,0.004748429181255731,0.012195121951219523,0.009546539379474916,-0.0071770334928229484,-0.07138062206310136,0.39,10,回撤不明显,买一异常溢价(不作为可成交退出价),29,0,0
554,Glock-18 | Bunsen Burner (Factory New),28.5,27.0,494,25,0.0506,0.9474,steamdt-live,29.49,190,29.55,165,,3,9,9,2,6,0,0,0,-0.017241379310344862,0.0,-0.020270270270270285,-0.017241379310344862,0.03716216216216217,0.017857142857142794,0.03716216216216217,0.1154598825831703,-0.3112614789753505,0.39,1,价格更新稀疏,,29,0,0
555,Tec-9 | Jambiya (Factory New),34.89,29.3,263,12,0.0456,0.8398,steamdt-live,33.22,108,33.42,95,,3,3,9,2,8,0,4,0,-0.004723944493652099,-0.014535746069415656,-0.014260768335273677,-0.019191024505462062,0.03317811408614668,0.0,0.05356125356125363,-0.05356125356125363,-0.5029922202274089,0.39,8,长期阴跌,,29,0,0
556,P250 | Muertos (Factory New),119.88,110.0,247,18,0.0729,0.9176,steamdt-live,108.48,154,117.0,180,,7,6,7,2,6,0,0,0,0.004516129032257954,-0.0046793283787502915,-0.009313367421475482,-0.00018433179723498228,0.013907826561221692,0.0,0.04338624338624342,-0.056695652173913036,-0.3190207156308852,0.26,1,价格更新稀疏,,28,0,0
557,AK-47 | Fuel Injector (Factory New),2121.89,2930.0,444,30,0.0676,1.3808,steamdt-live,2139.5,206,2132.5,118,"溢价求购:买一高于卖一,多为定向收特定图案,买一价不可作退出价",7,0,9,2,8,0,2,0,-0.006794655479046008,-0.025762167125803592,-0.007737556561085879,-0.03238177755483618,0.0424684115523466,0.0,0.05689586203831287,-0.056937777777777865,-0.14783534136546195,0.38,13,可能加速下跌,买一异常溢价(不作为可成交退出价),28,0,0
558,★ Driver Gloves | Brocade Crane (Minimal Wear),2552.5,2780.0,24,22,0.9167,1.0891,steamdt-live,2499.9,25,2585.55,10,"溢价求购:买一高于卖一,多为定向收特定图案,买一价不可作退出价",20,0,2,5,0,0,0,0,0.0,0.008227465214761143,-0.00020161290322584513,0.008227465214761143,3.999999999992898e-05,0.008227465214761143,3.999999999992898e-05,0.013952545122693172,0.008430818878580215,0.39,1,价格更新稀疏,买一异常溢价(不作为可成交退出价),27,0,0
559,P250 | Red Rock (Factory New),239.0,61.0,9,2,0.2222,0.2552,steamdt-live,240.0,7,228.08,11,,8,1,2,2,8,0,6,0,0.00030582375813725804,-0.0038434661076169885,-0.0003057302585605104,-0.0035388177727291303,0.004147928219010555,0.0002631348127357658,0.06791990192071917,-0.06788180963668311,-0.14432564246858004,0.39,5,回撤不明显,,27,0,0
560,★ Specialist Gloves | Cloud Chaser (Field-Tested),2694.99,3310.0,160,21,0.1313,1.2282,steamdt-live,2665.99,155,2734.99,62,"溢价求购:买一高于卖一,多为定向收特定图案,买一价不可作退出价",11,0,7,5,4,0,0,0,0.0,0.0,-0.012409751471574304,0.0,0.012409751471574304,0.0022556475776225327,0.026829811388251135,-0.023267997801795226,-0.07011161492849671,0.14,0,价格更新稀疏,买一异常溢价(不作为可成交退出价),27,0,0
561,P250 | Mehndi (Factory New),180.56,158.0,41,4,0.0976,0.8751,steamdt-live,182.5,47,180.13,63,,7,3,4,2,2,0,6,3,-0.0001659016756069276,-0.003705752212389446,-0.006428571428571339,-0.003871039097494977,0.010274725274725283,0.0,0.012986301369863007,-0.012986301369863007,-0.09745465477502768,0.39,2,暂未减速,,27,0,0
562,★ Driver Gloves | Snow Leopard (Minimal Wear),3230.0,6000.0,231,21,0.0909,1.8576,steamdt-live,3199.5,229,3252.28,59,"溢价求购:买一高于卖一,多为定向收特定图案,买一价不可作退出价",7,0,7,5,4,0,4,0,0.0,-0.01231709575847384,3.0870009477546034e-06,-0.01231709575847384,0.012469520664218026,0.0,0.015235457063711877,-0.01127935723114959,-0.12820163487738423,0.38,2,可能加速下跌,买一异常溢价(不作为可成交退出价),27,0,0
563,★ Moto Gloves | Turtle (Field-Tested),347.0,502.0,350,30,0.0857,1.4467,steamdt-live,344.5,321,359.0,131,"溢价求购:买一高于卖一,多为定向收特定图案,买一价不可作退出价",7,0,9,5,4,0,2,0,-0.0005390223836136965,-0.022140221402214055,-2.836879432621675e-05,-0.022667309710913797,0.026836158192090398,0.0,0.026836158192090398,-0.01851851851851849,-0.07986111111111105,0.38,10,可能加速下跌,买一异常溢价(不作为可成交退出价),27,0,0
564,★ Specialist Gloves | Tiger Strike (Minimal Wear),1949.5,3200.0,327,28,0.0856,1.6414,steamdt-live,2000.0,250,2032.31,86,"溢价求购:买一高于卖一,多为定向收特定图案,买一价不可作退出价",7,0,9,5,6,0,0,0,0.0,-0.025249999999999995,-0.016957483411157548,-0.025249999999999995,0.04201474201474198,0.010103626943005262,0.04902439024390248,-0.04879238838741151,-0.1643806258036863,0.39,9,可能加速下跌,买一异常溢价(不作为可成交退出价),27,0,0
565,MP9 | Pandora's Box (Factory New),762.5,660.0,42,2,0.0476,0.8656,steamdt-live,789.99,41,780.5,51,,3,3,4,2,4,0,6,5,-0.0019607843137254832,-0.0013097576948264411,-0.00390625,-0.0032679738562091387,0.00716145833333337,0.0,0.016129032258064502,-0.009740259740259716,-0.17118664333307976,0.39,5,回撤不明显,,27,0,0
566,M4A1-S | Printstream (Factory New),2500.0,3670.0,653,30,0.0459,1.468,steamdt-live,2560.0,490,2562.22,182,"溢价求购:买一高于卖一,多为定向收特定图案,买一价不可作退出价",3,0,12,2,8,0,2,0,-0.0038910505836575737,-0.0234375,-0.018892990620311467,-0.027237354085603127,0.045612106219555026,0.0,0.06924795234549519,-0.06942117997394381,-0.11452079636457657,0.39,7,可能加速下跌,买一异常溢价(不作为可成交退出价),27,0,0
567,★ Specialist Gloves | Fade (Field-Tested),1060.0,1870.0,1076,44,0.0409,1.7642,steamdt-live,1072.5,986,1073.0,460,"溢价求购:买一高于卖一,多为定向收特定图案,买一价不可作退出价",3,0,15,5,0,0,4,0,0.0019775873434408897,-0.003759398496240629,-0.0019736842105262387,-0.0017892456916848154,0.003759398496240629,0.010004764173416003,0.003759398496240629,0.03480255771952945,-0.09748829289059169,0.39,5,回撤不明显,买一异常溢价(不作为可成交退出价),27,0,0
568,P250 | Forest Night (Factory New),69.99,47.0,151,5,0.0331,0.6715,steamdt-live,96.0,14,68.39,35,,3,1,7,2,10,0,4,0,-0.0017431725740848503,-0.004802095459837008,-0.005202312138728349,-0.006536897152818133,0.011705202312138785,0.0,0.13375554148195068,-0.13375554148195068,-0.38387387387387384,0.39,4,长期阴跌,,27,0,0
569,M4A4 | Zirka (Factory New),576.4,445.0,9,3,0.3333,0.772,steamdt-live,575.0,9,505.07,24,,8,1,2,2,4,0,6,3,0.0,-0.0035118871460985135,-0.004908216354176931,-0.0035118871460985135,0.008402866398350861,0.0,0.01994760842146115,-0.01994760842146115,-0.13414592333539066,0.28,3,回撤不明显,,26,0,0
570,USP-S | Overgrowth (Factory New),494.5,302.0,18,4,0.2222,0.6107,steamdt-live,567.5,10,493.48,19,,8,1,2,2,2,0,6,5,0.0010334421892439494,0.0189131152956723,0.013235602094240795,0.019966103096192844,0.0,0.04440211640211644,0.006082578046324283,-0.008080402010050225,-0.12812720848056536,0.17,2,回撤不明显,,26,0,0
571,USP-S | Royal Blue (Factory New),565.0,480.0,39,5,0.1282,0.8496,steamdt-live,576.4,35,570.0,29,,11,3,4,2,6,0,0,0,0.027272727272727337,0.0,-0.05982905982905984,0.027272727272727337,0.03418803418803418,0.027272727272727337,0.036493860845838944,-0.012237762237762184,-0.12007475471110418,0.17,1,价格更新稀疏,,26,0,0
572,M4A4 | Eye of Horus (Factory New),3949.49,4200.0,284,33,0.1162,1.0634,steamdt-live,3998.5,144,4148.0,84,"溢价求购:买一高于卖一,多为定向收特定图案,买一价不可作退出价",11,0,9,2,4,0,0,0,2.5319724825667578e-06,-2.5319660716949244e-06,-0.010125592434879205,0.0,0.011391739674593282,0.0,0.01753735705810211,-0.019972803835254793,-0.20994398879775955,0.38,0,价格更新稀疏,买一异常溢价(不作为可成交退出价),26,0,0
573,Five-SeveN | Scumbria (Factory New),29.1,25.7,287,14,0.0488,0.8832,steamdt-live,30.4,61,29.67,111,,3,6,9,2,6,0,0,0,0.0057008718980549045,-0.02967655885295084,0.013251783893985847,-0.024144869215291687,0.03418519747759696,0.03928571428571437,0.03418519747759696,-0.015228426395939021,-0.325295617899374,0.39,18,长期阴跌,,26,0,0
574,Tec-9 | Rust Leaf (Factory New),83.29,80.0,117,5,0.0427,0.9605,steamdt-live,100.0,28,84.1,42,,3,12,7,2,2,0,0,0,0.0,-0.0011991845545028523,-0.0023926306974518807,-0.0011991845545028523,0.0035889460461777656,0.0,0.008452380952380878,-0.008452380952380878,-0.25633928571428566,0.39,1,价格更新稀疏,,26,0,0
575,USP-S | Forest Leaves (Factory New),24.7,23.0,518,19,0.0367,0.9312,steamdt-live,24.0,91,25.02,121,,3,9,12,2,0,0,0,0,0.0,0.0,0.013513513513513598,0.0,0.0,0.018675721561969505,0.0,0.0,-0.39894815927873784,0.37,0,价格更新稀疏,,26,0,0
576,Tec-9 | Flash Out (Factory New),23.7,17.8,846,15,0.0177,0.7511,steamdt-live,20.65,222,20.45,111,,3,1,12,2,8,0,0,0,-0.022272727272727222,-0.05857740585774063,0.04761904761904767,-0.07954545454545459,0.07954545454545459,0.0,0.07954545454545459,0.0708619777895294,-0.4199369808077914,0.39,9,长期阴跌,,26,0,0
577,Desert Eagle | Hand Cannon (Factory New),2648.5,2100.0,19,8,0.4211,0.7929,steamdt-live,2977.5,30,2747.63,18,,20,1,2,2,0,0,0,0,0.0,0.0,0.0,0.0,0.0,0.0,0.0,0.0,-0.0005660377358490676,0.39,0,价格更新稀疏,,25,0,0
578,FAMAS | Spitfire (Factory New),2900.0,760.0,5,2,0.4,0.2621,steamdt-live,2800.0,3,2413.63,4,,8,1,2,2,6,0,6,0,0.0,0.0,-0.0020672860255599446,0.0,0.0020672860255599446,0.0020758688549091797,0.032081744284436775,-0.030137063364180317,-0.11996105941720381,0.37,2,回撤不明显,,25,0,0
579,USP-S | Business Class (Factory New),656.56,476.0,13,3,0.2308,0.725,steamdt-live,684.0,14,603.8,22,,8,1,2,2,6,2,4,0,-0.0160823415889354,-0.013076168682575995,-0.010408377629945731,-0.028948214860083588,0.04128294696729118,0.0,0.04210426119237254,0.018813802412891212,0.01631011092221968,0.39,9,可能加速下跌,,25,0,0
580,MP9 | Stained Glass (Factory New),818.7,760.0,50,5,0.1,0.9283,steamdt-live,839.86,25,828.82,40,,11,6,4,2,2,0,0,0,0.0,0.011365040148239691,-0.011478813041885472,0.011365040148239691,0.00024423006472085174,0.011365040148239691,0.011828605914302903,-0.011828605914302903,-0.0529786003470214,0.39,1,价格更新稀疏,,25,0,0
581,Five-SeveN | Anodized Gunmetal (Factory New),87.84,69.0,122,9,0.0738,0.7855,steamdt-live,82.4,73,83.69,84,,7,1,7,2,8,0,0,0,0.00012517211165352649,0.031289111389236623,-0.0601176470588235,0.03141820002503448,0.030588235294117583,0.03258145363408538,0.06352994658483901,-0.08322207387627933,-0.31333333333333324,0.32,1,价格更新稀疏,,25,0,0
582,★ Hand Wraps | Overprint (Minimal Wear),858.5,1100.0,361,20,0.0554,1.2813,steamdt-live,841.5,302,873.3,96,"溢价求购:买一高于卖一,多为定向收特定图案,买一价不可作退出价",3,0,9,5,6,0,2,0,-0.008092485549133,-0.019230769230769273,-0.009163802978235935,-0.027167630057803427,0.03275862068965518,0.0,0.043206367254121636,-0.037185354691075534,-0.10287846481876328,0.39,8,可能加速下跌,买一异常溢价(不作为可成交退出价),25,0,0
583,AK-47 | Vulcan (Factory New),3443.0,6610.0,893,24,0.0269,1.9198,steamdt-live,3420.0,734,3511.07,179,"溢价求购:买一高于卖一,多为定向收特定图案,买一价不可作退出价",3,0,12,2,8,0,0,0,0.0028940657325424723,-0.02285714285714291,-0.010799319727891166,-0.0200292271984871,0.030612244897959218,0.020895522388059806,0.050000000000000044,-0.0473537604456824,-0.10658307210031348,0.38,9,可能加速下跌,买一异常溢价(不作为可成交退出价),25,0,0
584,Five-SeveN | Fall Hazard (Factory New),2150.0,0.0,5,0,0.0,,steamdt-live,2541.0,7,2089.94,11,缺买一价,3,0,2,2,0,10,3,5,0.0706166211598851,0.0,-0.015135538749501798,0.0706166211598851,0.0,0.07336589474549204,0.0,0.1561832686073401,0.20801590696276429,0.32,5,悠悠盘口不足,,25,0,0
585,Five-SeveN | Jungle (Factory New),345.0,235.0,11,3,0.2727,0.6812,steamdt-live,359.5,5,343.5,4,,8,1,2,2,0,0,6,5,0.004379562043795637,-0.0014534883720930258,-0.007246376811594235,0.0029197080291971655,0.004347826086956497,0.0029197080291971655,0.004347826086956497,-0.004347826086956497,-0.13801756587202008,0.32,2,回撤不明显,,24,0,0
586,Galil AR | Tornado (Factory New),167.99,119.0,34,7,0.2059,0.7084,steamdt-live,165.98,22,145.62,48,,17,1,4,2,0,0,0,0,0.0,0.0,-0.003421845058855788,0.0,0.003421845058855788,0.0,0.003421845058855788,0.004345127250155123,-0.21273720062712864,0.39,0,价格更新稀疏,,24,0,0
587,P250 | Bengal Tiger (Factory New),298.0,84.0,23,2,0.087,0.2819,steamdt-live,269.5,24,286.4,27,,7,1,2,2,8,0,4,0,-0.004405286343612258,-0.006268436578170999,-0.00909421607857408,-0.010646108663729725,0.019643506729719817,0.0,0.06423611111111116,-0.06423611111111116,-0.12641815235008103,0.39,7,暂未减速,,24,0,0
588,P250 | Undertow (Factory New),249.35,224.0,131,5,0.0382,0.8983,steamdt-live,250.07,94,249.9,123,,3,6,7,2,6,0,0,0,-0.0020012007204323057,0.0,-0.0006000000000000449,-0.0020012007204323057,0.0026000000000000467,0.0,0.046863652001070344,-0.048137120171018455,-0.3034721640269281,0.26,1,价格更新稀疏,,24,0,0
589,P250 | Contaminant (Factory New),75.6,53.0,581,9,0.0155,0.7011,steamdt-live,67.89,26,67.79,37,,3,1,12,2,0,0,6,0,0.0,-0.0014729709824715664,0.01328358208955227,-0.0014729709824715664,0.0014729709824715664,0.011791044776119586,0.0014729709824715664,0.08464000000000005,0.40410107705053866,0.35,4,回撤不明显,,24,0,0
590,AK-47 | Black Laminate (Factory New),1298.5,810.0,17,2,0.1176,0.6238,steamdt-live,1299.0,19,1288.8,17,,8,1,2,2,8,0,2,0,-0.019343731759038363,-0.028955041703397355,0.005400626977877465,-0.04773867490265338,0.048118468185679,0.0,0.05651537335285506,-0.05651537335285506,-0.3859933301572177,0.37,9,长期阴跌,,23,0,0
591,★ Driver Gloves | Imperial Plaid (Field-Tested),884.5,1400.0,434,39,0.0899,1.5828,steamdt-live,879.0,343,877.0,157,"溢价求购:买一高于卖一,多为定向收特定图案,买一价不可作退出价",7,0,9,5,0,0,2,0,0.0,0.0,0.002858776443682043,0.0,0.0022753128555176305,0.019767441860465196,0.0022753128555176305,0.005768547083041753,-0.09260217278841176,0.39,7,回撤不明显,买一异常溢价(不作为可成交退出价),23,0,0
592,MP9 | Deadly Poison (Factory New),59.0,54.0,365,12,0.0329,0.9153,steamdt-live,58.65,58,58.54,47,,3,6,9,2,0,0,3,0,0.0023927533754912744,-0.002046035805626567,0.08351851851851855,0.0003418219107844678,0.002046035805626567,0.0838888888888889,0.002046035805626567,0.07060545088714099,0.22217581958655264,0.39,5,回撤不明显,,23,0,0
593,P250 | Iron Clad (Factory New),40.59,35.3,276,6,0.0217,0.8697,steamdt-live,43.78,33,42.1,81,,3,3,9,2,6,0,0,0,-0.004903162539838135,-0.0004927322000493062,0.0,-0.005393478793822015,0.005393478793822015,0.04588811549368388,0.0427088249174139,0.006949615289153721,-0.26236363636363635,0.39,1,价格更新稀疏,,23,0,0
594,Galil AR | CAUTION! (Factory New),372.0,258.0,53,7,0.1321,0.6935,steamdt-live,400.0,34,392.81,28,,11,1,4,2,4,0,0,0,0.0,0.0,0.0,0.0,0.0,0.0013458950201883368,0.022030600977969383,-0.02205631062856539,-0.2811594202898551,1.11,0,价格更新稀疏,,22,0,0
595,Five-SeveN | Case Hardened (Factory New),212.11,281.0,224,17,0.0759,1.3248,steamdt-live,215.0,157,224.54,105,"溢价求购:买一高于卖一,多为定向收特定图案,买一价不可作退出价",7,0,7,2,6,0,0,0,-4.7032264133162194e-05,-0.0023517238135553065,-0.003094523630907675,-0.0023986454707929372,0.0034766267324406464,0.0005188679245282657,0.04883408071748874,-0.04883408071748874,-0.2785374149659864,0.38,1,价格更新稀疏,买一异常溢价(不作为可成交退出价),22,0,0
596,Five-SeveN | Candy Apple (Factory New),480.0,418.0,34,2,0.0588,0.8708,steamdt-live,487.0,39,499.0,43,,3,3,4,2,6,0,4,0,-0.0010256410256410664,-0.014373716632443578,-0.005102040816326481,-0.01538461538461533,0.019407558733401387,0.0,0.03711133400200606,-0.03711133400200606,-0.1428265295189114,0.32,2,可能加速下跌,,22,0,0
597,AWP | Fade (Factory New),3800.0,4300.0,473,22,0.0465,1.1316,steamdt-live,3980.0,344,4024.0,180,"溢价求购:买一高于卖一,多为定向收特定图案,买一价不可作退出价",3,0,9,2,8,0,0,0,0.006202531645569609,-0.043904893697320424,-0.024209486166007932,-0.03797468354430378,0.06610960924059961,0.0,0.06610960924059961,-0.049881235154394354,-0.18773913601094416,0.33,7,可能加速下跌,买一异常溢价(不作为可成交退出价),22,0,0
598,P250 | Facets (Factory New),500.0,0.0,2,0,0.0,,steamdt-live,2499.48,3,244.98,9,缺买一价,3,0,2,2,0,10,0,5,0.12376146788990816,0.0,-0.033773601631061134,0.12376146788990816,0.0,0.1272258776975106,0.0,0.06684666637634451,0.05128095095052143,0.21,4,悠悠盘口不足,,22,0,0
599,AWP | Snake Camo (Factory New),3500.0,670.0,2,2,1.0,0.1914,steamdt-live,2600.0,5,2384.0,20,,8,1,2,2,2,0,6,0,0.0,-0.00417710944026739,0.004068279998322266,-0.00417710944026739,0.0062526052521884035,0.0,0.0062526052521884035,0.0,-0.018978486659094962,0.39,2,回撤不明显,,21,0,0
600,AK-47 | Jet Set (Factory New),5797.5,4110.0,11,2,0.1818,0.7089,steamdt-live,5480.91,8,5827.11,8,,8,1,2,2,8,0,0,0,0.015188250961768235,0.0,0.0,0.015188250961768235,0.0,0.015188250961768235,0.05475639011384159,-0.003273375996333816,-0.21701285714285712,0.23,0,价格更新稀疏,,21,0,0
601,P250 | Whiteout (Factory New),1698.0,1460.0,35,3,0.0857,0.8598,steamdt-live,1998.8,31,1711.84,21,,7,3,4,2,4,0,0,0,0.06257822277847302,0.0,-0.08581235697940504,0.06257822277847302,0.028881898770374614,0.06257822277847302,0.029714285714285693,-0.05561735261401557,-0.13159106019536637,0.22,1,价格更新稀疏,,20,0,0
602,Glock-18 | Synth Leaf (Factory New),2104.19,1720.0,25,2,0.08,0.8174,steamdt-live,2000.0,24,2125.9,20,,7,3,2,2,6,0,0,0,-0.0009485297788427438,-0.0006496102338596765,-0.032085044696786746,-0.001597523838050896,0.03363131191108959,0.0,0.03596047240298861,-0.03596047240298861,-0.2168004699432151,0.39,0,价格更新稀疏,,20,0,0
603,MP9 | Dark Age (Factory New),498.5,336.0,28,5,0.1786,0.674,steamdt-live,510.9,35,502.48,24,,14,1,2,2,0,0,0,0,0.0,0.0,0.0,0.0,0.0,0.0,0.0,0.0,-0.005982053838484491,0.39,0,价格更新稀疏,,19,0,0
604,Tec-9 | Terrace (Factory New),759.5,645.0,18,2,0.1111,0.8492,steamdt-live,713.0,14,697.3,14,,8,3,2,2,4,0,0,0,0.0,0.0,-0.0001433897332950851,0.0,0.0001433897332950851,0.00028690288337385184,0.02638927673834135,-0.02638927673834135,-0.12454488386691787,0.39,0,价格更新稀疏,,19,0,0
605,Five-SeveN | Hyper Beast (Factory New),2642.0,2110.0,41,5,0.122,0.7986,steamdt-live,2838.84,36,2658.62,30,,11,1,4,2,0,0,0,0,-0.00018921475875122162,0.0,0.0036080516521077577,-0.00018921475875122162,0.00018921475875122162,0.004681160136746243,0.0005031532196131394,0.016153846153846185,-0.05558534405719395,0.39,0,价格更新稀疏,,18,0,0
606,Glock-18 | Brass (Factory New),688.0,500.0,67,3,0.0448,0.7267,steamdt-live,704.4,20,688.0,33,,3,1,4,2,6,0,2,0,-0.0014285714285714457,-0.01573676680972813,-0.008989877539463453,-0.017142857142857126,0.030029606654447982,0.0,0.04058011434946318,-0.03654950287074643,-0.23554706163401817,0.39,4,可能加速下跌,,18,0,0
607,AK-47 | First Class (Factory New),1982.93,750.0,8,2,0.25,0.3782,steamdt-live,1399.4,19,1331.88,9,,8,1,2,2,4,0,0,0,0.0,-0.003740051463108185,-0.003726115599010371,-0.003740051463108185,0.01927027723574226,0.0,0.01927027723574226,-0.007452231198020742,-0.10491935483870962,0.37,1,价格更新稀疏,,17,0,0
608,FAMAS | Sundown (Factory New),670.0,535.0,15,2,0.1333,0.7985,steamdt-live,680.0,13,710.73,16,,8,1,2,2,4,0,0,0,0.0,0.0,0.0,0.0,0.0,0.0,0.01613826928442419,-0.01613826928442419,-0.1178406846609612,1.39,0,价格更新稀疏,,17,0,0
609,P250 | Digital Architect (Factory New),233.0,202.0,22,2,0.0909,0.867,steamdt-live,280.0,20,235.88,27,,7,3,2,2,2,0,0,0,-0.0021413276231263545,0.0,0.0,-0.0021413276231263545,0.0021413276231263545,0.0,0.006396588486140775,-0.006396588486140775,-0.24790187217559723,0.2,0,价格更新稀疏,,16,0,0
610,Desert Eagle | Sunset Storm 壱 (Factory New),3080.0,2690.0,53,3,0.0566,0.8734,steamdt-live,3088.0,37,3159.71,42,,3,3,4,2,4,0,0,0,0.0,0.026666666666666616,-0.02677346205876352,0.026666666666666616,0.017073559917025638,0.026666666666666616,0.0299212598425197,-0.0299212598425197,-0.03342225011768396,0.26,1,价格更新稀疏,,16,0,0
611,P250 | Splash (Factory New),336.7,280.0,7,4,0.5714,0.8316,steamdt-live,298.28,13,311.0,10,,8,3,2,2,0,0,0,0,0.0,0.0,0.0,0.0,0.0,0.0,0.0,0.0,-0.08866483348609855,0.21,0,价格更新稀疏,,15,0,0
612,M4A4 | Jungle Tiger (Factory New),600.0,400.0,9,3,0.3333,0.6667,steamdt-live,515.0,11,538.67,7,,8,1,2,2,2,0,0,0,0.0,0.0,-0.008662175168431152,0.0,0.008662175168431152,0.0,0.008662175168431152,-0.008662175168431152,-0.2261457550713749,0.28,0,价格更新稀疏,,15,0,0
613,AK-47 | Red Laminate (Factory New),3000.0,1630.0,7,2,0.2857,0.5433,steamdt-live,3999.99,8,4140.0,1,,8,1,2,2,2,0,0,0,-0.009894454748876291,0.0,-0.0016507467899399275,-0.009894454748876291,0.011528868299401251,0.0,0.01204970048640086,-0.01204970048640086,-0.08256880733944949,0.38,1,价格更新稀疏,,15,0,0
614,M4A1-S | Knight (Factory New),16988.0,14820.0,18,4,0.2222,0.8724,steamdt-live,17799.5,14,17549.76,14,,8,3,2,2,0,0,0,0,0.0,-0.0006177015619025505,0.019094724220623416,-0.0006177015619025505,0.0006177015619025505,0.018465227817745733,0.0006177015619025505,0.032705167173252336,0.045785431768164075,0.22,1,价格更新稀疏,,15,0,0
615,Tec-9 | Cut Out (Factory New),100.0,61.0,21,4,0.1905,0.61,steamdt-live,93.09,25,97.0,27,,8,1,2,2,2,0,0,0,-0.0010730765103551532,0.0,-0.003208899347523775,-0.0010730765103551532,0.004278532463364959,0.0,0.006404098623118748,0.03467822607535842,-0.29706259910896327,0.17,0,价格更新稀疏,,15,0,0
616,FAMAS | Prime Conspiracy (Factory New),520.0,449.0,27,3,0.1111,0.8635,steamdt-live,508.0,22,519.3,21,,8,3,2,2,0,0,0,0,0.0,0.0009852216748769127,0.001974333662388972,0.0009852216748769127,0.0,0.0029615004935834577,0.0,0.0019723865877712132,-0.023076923076923106,1.39,1,价格更新稀疏,,15,0,0
617,AK-47 | Wasteland Rebel (Factory New),2348.32,2000.0,19,2,0.1053,0.8517,steamdt-live,2300.0,18,2333.08,21,,8,3,2,2,0,0,0,0,0.0,0.0,0.0,0.0,0.0,0.0,0.0,0.0003914575268584297,-0.027196210294801904,0.39,0,价格更新稀疏,,15,0,0
618,P250 | Bone Mask (Factory New),440.0,0.0,1,0,0.0,,steamdt-live,0.0,0,188.57,1,缺买一价,3,0,2,2,2,0,6,0,-0.003311903370348812,0.0,-0.0014590020426029637,-0.003311903370348812,0.004766073339169452,0.0005867396831604754,0.013973209983617618,-0.013973209983617618,-0.236474889933587,0.39,2,悠悠盘口不足,,15,0,0
619,Desert Eagle | Pilot (Factory New),1125.5,870.0,42,4,0.0952,0.773,steamdt-live,1148.7,51,1051.9,25,,7,1,4,2,0,0,0,0,9.506607091913644e-05,-9.505703422041378e-05,0.0008848968096140108,0.0,9.505703422041378e-05,0.0010468214693568623,9.505703422041378e-05,0.0,0.0018095238095239274,0.39,0,价格更新稀疏,,14,0,0
620,M4A4 | Modern Hunter (Factory New),4400.0,330.0,1,3,3.0,0.075,steamdt-live,4299.0,4,4025.88,8,,8,1,2,2,0,0,0,0,0.0,0.0,0.0,0.0,0.0,0.0,0.0,0.0,-2.9806259314479888e-05,0.39,0,价格更新稀疏,,13,0,0
621,Five-SeveN | Contractor (Factory New),239.5,36.0,3,3,1.0,0.1503,steamdt-live,229.0,7,0.0,0,,8,1,2,2,0,0,0,0,0.0,0.0,0.0,0.0,0.0,0.0,0.0,0.0,0.0,0.32,0,价格更新稀疏,,13,0,0
622,Galil AR | Winter Forest (Factory New),4900.0,150.0,2,2,1.0,0.0306,steamdt-live,5200.0,1,3520.6,2,,8,1,2,2,0,0,0,0,0.0,0.0,0.0,0.0,0.0,0.0,0.0,0.0,0.30481996923818167,0.22,0,价格更新稀疏,,13,0,0
623,AK-47 | Jungle Spray (Factory New),1100.0,540.0,5,3,0.6,0.4909,steamdt-live,999.0,6,1029.02,15,,8,1,2,2,0,0,0,0,0.0,0.0,0.0,0.0,0.0,0.0,0.0,0.0,0.0,0.39,0,价格更新稀疏,,13,0,0
624,Glock-18 | Groundwater (Factory New),579.0,260.0,4,2,0.5,0.4491,steamdt-live,666.0,7,612.73,2,,8,1,2,2,0,0,0,0,0.0,0.0,0.0,0.0,0.0,0.0,0.0,0.0,-0.24805194805194808,0.3,0,价格更新稀疏,,13,0,0
625,P250 | Gunsmoke (Factory New),133.5,35.0,4,2,0.5,0.2622,steamdt-live,130.0,10,146.48,10,,8,1,2,2,0,0,0,0,0.0,0.0,0.5294117647058822,0.0,0.0,0.5294117647058822,0.0,0.4444444444444444,-0.026071321546298987,0.21,0,价格更新稀疏,,13,0,0
626,Glock-18 | Sand Dune (Factory New),3499.0,560.0,4,2,0.5,0.16,steamdt-live,0.0,0,1849.54,4,,8,1,2,2,0,0,0,0,0.0,0.0,0.0,0.0,0.0,0.0,0.0,0.0,-0.007374092997295079,0.22,0,价格更新稀疏,,13,0,0
627,Tec-9 | Brass (Factory New),450.0,323.0,11,4,0.3636,0.7178,steamdt-live,479.5,9,449.85,32,,8,1,2,2,0,0,0,0,0.0,-0.0003333333333332966,0.0,-0.0003333333333332966,0.0003333333333332966,0.0,0.0003333333333332966,-0.0003333333333332966,-0.16157229656689143,0.23,0,价格更新稀疏,,13,0,0
628,Galil AR | Shattered (Factory New),398.98,73.0,11,4,0.3636,0.183,steamdt-live,399.0,4,506.25,2,,8,1,2,2,0,0,0,0,0.0,-5.0125313283189143e-05,0.0,-5.0125313283189143e-05,5.0125313283189143e-05,0.0,5.0125313283189143e-05,-5.0125313283189143e-05,0.0024623115577890875,0.39,0,价格更新稀疏,,13,0,0
629,AK-47 | Predator (Factory New),666.0,134.0,6,2,0.3333,0.2012,steamdt-live,999.5,7,1034.91,3,,8,1,2,2,0,0,0,0,0.0,0.0,0.0,0.0,0.0,0.0,0.0,0.0,0.0,0.39,0,价格更新稀疏,,13,0,0
630,P250 | Nuclear Threat (Factory New),9988.88,670.0,3,1,0.3333,0.0671,steamdt-live,2300.0,2,11888.0,1,,8,1,2,2,0,0,0,0,0.0,0.0,0.0,0.0,0.0,0.0,0.0,0.0,-0.6957466707410156,0.39,0,价格更新稀疏,,13,0,0
631,M4A4 | Faded Zebra (Factory New),408.0,216.0,11,3,0.2727,0.5294,steamdt-live,488.0,11,407.5,7,,8,1,2,2,0,0,0,0,0.0,-0.001225490196078427,0.0,-0.001225490196078427,0.001225490196078427,0.0,0.001225490196078427,-0.001225490196078427,0.018750000000000044,0.39,1,价格更新稀疏,,13,0,0
632,Galil AR | Hunting Blind (Factory New),39.11,20.1,15,4,0.2667,0.5139,steamdt-live,59.7,21,39.68,19,,8,1,2,2,0,0,0,0,0.0,0.0,0.0,0.0,0.0,0.0,0.003820682628629557,-0.003820682628629557,0.013474993521637613,0.39,0,价格更新稀疏,,13,0,0
633,M4A4 | Radiation Hazard (Factory New),2396.5,1860.0,10,2,0.2,0.7761,steamdt-live,2384.0,7,2341.5,7,,8,1,2,2,0,0,0,0,0.0,0.0,0.0,0.0,0.0,0.0,0.0023434171282488148,-0.0023434171282488148,-0.09436895907545562,0.39,0,价格更新稀疏,,13,0,0
634,Five-SeveN | Crimson Blossom (Factory New),574.1,350.0,15,3,0.2,0.6096,steamdt-live,551.9,28,580.3,14,,8,1,2,2,0,0,0,0,0.00018119224497192832,-0.00018115942028984477,-0.00018115942028984477,0.0,0.00018115942028984477,0.0,0.00018115942028984477,0.013590449954086203,-0.02318584070796459,0.32,0,价格更新稀疏,,13,0,0
635,M4A4 | Desert Storm (Factory New),429.5,335.0,16,3,0.1875,0.78,steamdt-live,400.0,12,432.47,7,,8,1,2,2,0,0,0,0,0.0,0.0,0.0,0.0,0.0,0.0,0.0,0.0012515644555695093,-0.06648929963359707,0.28,0,价格更新稀疏,,13,0,0
636,MP9 | Storm (Factory New),185.59,83.0,17,3,0.1765,0.4472,steamdt-live,237.5,14,190.06,11,,8,1,2,2,0,0,0,0,0.0,0.0,0.0,0.0,0.0,0.0,0.0,0.0,-0.06210834849403679,0.39,0,价格更新稀疏,,13,0,0
637,MP9 | Bulldozer (Factory New),7499.5,1000.0,6,1,0.1667,0.1333,steamdt-live,6799.0,5,7052.84,4,,8,1,2,2,0,0,0,0,0.0,0.0,0.0,0.0,0.0,0.0,0.0,0.0,0.0,0.29,0,价格更新稀疏,,13,0,0
638,MP9 | Green Plaid (Factory New),60.99,41.0,13,2,0.1538,0.6722,steamdt-live,70.0,5,78.37,2,,8,1,2,2,0,0,0,0,0.0,0.0,0.0,0.0,0.0,0.0,0.0,0.0,0.0,0.21,0,价格更新稀疏,,13,0,0
639,Five-SeveN | Nitro (Factory New),419.5,42.0,8,1,0.125,0.1001,steamdt-live,399.0,7,412.15,8,,8,1,2,2,0,0,0,0,0.0,0.0,0.0,0.0,0.0,0.0,0.0,0.0,0.04177545691906004,0.32,0,价格更新稀疏,,13,0,0
640,Five-SeveN | Neon Kimono (Factory New),3579.9,2620.0,37,2,0.0541,0.7319,steamdt-live,3199.9,25,3161.2,26,,3,1,4,2,2,0,0,0,-0.000158137769624922,-3.163255622695704e-05,-0.0017995264404103706,-0.000189765323549973,0.001988950276243129,0.0,0.005348939651374951,-0.005348939651374951,-0.011816192560175076,0.39,0,价格更新稀疏,,12,0,0
641,Tec-9 | Nuclear Threat (Factory New),0.0,500.0,0,1,,,steamdt-live,0.0,0,6165.12,1,缺卖一价,0,0,0,2,10,0,0,0,0.0,0.0006102548787929596,-0.36945413535527405,0.0006102548787929596,0.3690693416650719,0.0006102548787929596,0.3690693416650719,-0.3690693416650719,-0.27646060571919484,0.17,1,悠悠盘口不足,,12,0,0
642,FAMAS | Contrast Spray (Factory New),0.0,268.0,0,2,,,steamdt-live,810.0,2,557.85,6,缺卖一价,0,0,0,2,0,0,0,0,0.00023297908564678949,-0.00048376693184259967,-0.00023292481903536277,-0.00025090055377330334,0.00048376693184259967,0.0,0.00048376693184259967,-0.00048376693184259967,-0.2755100715593709,0.22,0,悠悠盘口不足,,2,0,0
643,P250 | Modern Hunter (Factory New),,,0,0,,,,8000.0,2,2361.23,1,无悠悠数据,0,0,0,2,0,0,0,0,0.00022863626933355974,-0.0004825662364489336,-0.0002285840067389744,-0.0002540402992594615,0.0004825662364489336,0.0,0.0004825662364489336,-0.0004825662364489336,0.17899388341031086,0.37,0,悠悠盘口不足,,2,0,0
