排名,marketHashName,youpin_sell,youpin_buy,youpin_sell_count,youpin_buy_count,挂买/挂卖,买一/卖一,数据来源,buff_sell,buff_sell_count,c5_sell,c5_sell_count,备注,盘口深度分,盘口紧密度分,流动性分,品质分,历史回撤分,回撤深度,V2.5总分,建议资金,实际获批
1,★ Sport Gloves | Creme Pinstripe (Field-Tested),544.5,755.0,106,36,0.3396,1.3866,steamdt-live,546.5,113,550.3,48,"溢价求购:买一高于卖一,多为定向收特定图案,买一价不可作退出价",30,20,7,20,13,0.3407990314769975,90,50000,50000
2,★ Specialist Gloves | Lime Polycam (Minimal Wear),3572.5,4490.0,34,44,1.2941,1.2568,steamdt-live,3525.0,43,3599.0,19,"溢价求购:买一高于卖一,多为定向收特定图案,买一价不可作退出价",30,20,4,20,15,0.27071329412081124,89,50000,50000
3,★ Driver Gloves | Hand Sweaters (Minimal Wear),1512.5,2230.0,36,27,0.75,1.4744,steamdt-live,1529.99,34,1572.08,36,"溢价求购:买一高于卖一,多为定向收特定图案,买一价不可作退出价",30,20,4,20,15,0.2689705171580473,89,50000,50000
4,★ Driver Gloves | Garden (Minimal Wear),2738.5,3990.0,49,25,0.5102,1.457,steamdt-live,2790.0,57,2797.5,41,"溢价求购:买一高于卖一,多为定向收特定图案,买一价不可作退出价",30,20,4,20,15,0.435360824742268,89,50000,50000
5,★ Sport Gloves | Red Racer (Minimal Wear),1894.0,2340.0,49,25,0.5102,1.2355,steamdt-live,1930.0,57,1922.5,35,"溢价求购:买一高于卖一,多为定向收特定图案,买一价不可作退出价",30,20,4,20,15,0.328963684676705,89,50000,50000
6,★ Sport Gloves | Violet Beadwork (Minimal Wear),3733.5,5020.0,53,27,0.5094,1.3446,steamdt-live,3740.0,71,3767.2,33,"溢价求购:买一高于卖一,多为定向收特定图案,买一价不可作退出价",30,20,4,20,15,0.29128701594533024,89,50000,50000
7,★ Sport Gloves | Frosty (Minimal Wear),2447.5,3080.0,43,19,0.4419,1.2584,steamdt-live,2525.0,47,2438.0,25,"溢价求购:买一高于卖一,多为定向收特定图案,买一价不可作退出价",30,20,4,20,15,0.23812500000000003,89,50000,50000
8,★ Sport Gloves | Occult (Minimal Wear),5818.0,6800.0,92,40,0.4348,1.1688,steamdt-live,5944.5,95,6000.0,32,"溢价求购:买一高于卖一,多为定向收特定图案,买一价不可作退出价",30,20,4,20,15,0.31727214038382534,89,50000,50000
9,★ Sport Gloves | Blaze (Field-Tested),707.5,870.0,110,32,0.2909,1.2297,steamdt-live,732.0,122,731.9,64,"溢价求购:买一高于卖一,多为定向收特定图案,买一价不可作退出价",26,20,7,20,15,0.3924431086303134,88,50000,50000
10,★ Specialist Gloves | Big Swell (Field-Tested),1159.48,1650.0,111,31,0.2793,1.4231,steamdt-live,1149.0,126,1159.0,101,"溢价求购:买一高于卖一,多为定向收特定图案,买一价不可作退出价",26,20,7,20,15,0.29074074074074074,88,50000,50000
11,★ Specialist Gloves | Lime Polycam (Field-Tested),1605.0,2070.0,130,32,0.2462,1.2897,steamdt-live,1648.5,143,1644.5,63,"溢价求购:买一高于卖一,多为定向收特定图案,买一价不可作退出价",26,20,7,20,15,0.34207829473252716,88,50000,0
12,★ Sport Gloves | Ultra Violent (Minimal Wear),11428.0,12300.0,284,62,0.2183,1.0763,steamdt-live,11499.0,302,11699.0,69,"溢价求购:买一高于卖一,多为定向收特定图案,买一价不可作退出价",26,20,9,20,13,0.31568862275449106,88,50000,0
13,★ Moto Gloves | Spearmint (Field-Tested),11880.0,14100.0,396,81,0.2045,1.1869,steamdt-live,12199.5,186,12100.0,95,"溢价求购:买一高于卖一,多为定向收特定图案,买一价不可作退出价",26,20,9,20,13,0.35783783783783785,88,50000,0
14,★ Specialist Gloves | Cloud Chaser (Minimal Wear),5167.38,6130.0,36,31,0.8611,1.1863,steamdt-live,5200.0,54,5197.38,19,"溢价求购:买一高于卖一,多为定向收特定图案,买一价不可作退出价",30,20,4,20,13,0.2400911764705882,87,50000,0
15,★ Driver Gloves | Brocade Flowers (Minimal Wear),2493.8,3510.0,38,30,0.7895,1.4075,steamdt-live,2449.0,45,2477.99,42,"溢价求购:买一高于卖一,多为定向收特定图案,买一价不可作退出价",30,20,4,20,13,0.3363143631436314,87,50000,0
16,★ Driver Gloves | Wave Chaser (Minimal Wear),3168.0,4800.0,37,29,0.7838,1.5152,steamdt-live,3045.0,49,3284.5,25,"溢价求购:买一高于卖一,多为定向收特定图案,买一价不可作退出价",30,20,4,20,13,0.2291139240506329,87,50000,0
17,★ Specialist Gloves | Big Swell (Minimal Wear),2400.0,3160.0,39,30,0.7692,1.3167,steamdt-live,2489.5,53,2544.77,28,"溢价求购:买一高于卖一,多为定向收特定图案,买一价不可作退出价",30,20,4,20,13,0.29130370589103793,87,50000,0
18,★ Sport Gloves | Blaze (Minimal Wear),1514.0,1800.0,32,23,0.7188,1.1889,steamdt-live,1539.0,32,1521.54,27,"溢价求购:买一高于卖一,多为定向收特定图案,买一价不可作退出价",30,20,4,20,13,0.2923580275765366,87,50000,0
19,★ Driver Gloves | Dragon Fists (Minimal Wear),1313.0,1820.0,44,23,0.5227,1.3861,steamdt-live,1394.0,40,1370.0,24,"溢价求购:买一高于卖一,多为定向收特定图案,买一价不可作退出价",30,20,4,20,13,0.2844686648501362,87,50000,0
20,★ Specialist Gloves | Chocolate Chesterfield (Minimal Wear),1110.0,1660.0,39,20,0.5128,1.4955,steamdt-live,1118.0,35,1102.5,39,"溢价求购:买一高于卖一,多为定向收特定图案,买一价不可作退出价",30,20,4,20,13,0.3512797881729921,87,50000,0
21,★ Specialist Gloves | Pillow Punchers (Minimal Wear),8448.0,11300.0,84,42,0.5,1.3376,steamdt-live,8288.0,98,8444.5,26,"溢价求购:买一高于卖一,多为定向收特定图案,买一价不可作退出价",30,20,4,20,13,0.270935960591133,87,50000,0
22,★ Driver Gloves | Wave Chaser (Field-Tested),1037.0,2180.0,81,40,0.4938,2.1022,steamdt-live,1031.5,89,1036.0,52,"溢价求购:买一高于卖一,多为定向收特定图案,买一价不可作退出价",30,20,4,20,13,0.17380857028434116,87,50000,0
23,★ Sport Gloves | Creme Pinstripe (Minimal Wear),1079.0,1350.0,44,19,0.4318,1.2512,steamdt-live,1099.0,40,1086.0,31,"溢价求购:买一高于卖一,多为定向收特定图案,买一价不可作退出价",30,20,4,20,13,0.38024124066628373,87,50000,0
24,★ Specialist Gloves | Sunburst (Minimal Wear),2206.0,2670.0,56,23,0.4107,1.2103,steamdt-live,2179.5,50,2199.0,20,"溢价求购:买一高于卖一,多为定向收特定图案,买一价不可作退出价",30,20,4,20,13,0.2991961414790997,87,50000,0
25,★ Driver Gloves | Brocade Crane (Field-Tested),1049.5,1440.0,81,32,0.3951,1.3721,steamdt-live,1064.0,92,1070.7,34,"溢价求购:买一高于卖一,多为定向收特定图案,买一价不可作退出价",30,20,4,20,13,0.24982130092923516,87,50000,0
26,★ Specialist Gloves | Blackbook (Minimal Wear),3237.87,4320.0,50,19,0.38,1.3342,steamdt-live,3248.46,60,3250.92,27,"溢价求购:买一高于卖一,多为定向收特定图案,买一价不可作退出价",30,20,4,20,13,0.24700697674418604,87,50000,0
27,★ Sport Gloves | Hedge Maze (Field-Tested),25000.0,35340.0,589,89,0.1511,1.4136,steamdt-live,26188.0,378,25900.0,117,"溢价求购:买一高于卖一,多为定向收特定图案,买一价不可作退出价",22,20,12,20,13,0.2949380600578668,87,50000,0
28,★ Moto Gloves | Eclipse (Field-Tested),3410.0,3290.0,291,96,0.3299,0.9648,steamdt-live,3658.88,20,3350.0,59,,30,16,9,20,11,0.4005954681438857,86,50000,0
29,★ Hand Wraps | Slaughter (Field-Tested),3300.0,3170.0,273,90,0.3297,0.9606,steamdt-live,3450.0,36,3408.84,76,,30,16,9,20,11,0.31049453534148086,86,50000,0
30,★ Hand Wraps | Spruce DDPAT (Field-Tested),2480.0,2410.0,304,98,0.3224,0.9718,steamdt-live,2556.77,25,2531.56,57,,30,16,9,20,11,0.28530259365994237,86,50000,0
31,★ Driver Gloves | Lunar Weave (Field-Tested),4500.0,4420.0,295,89,0.3017,0.9822,steamdt-live,4633.97,24,4588.32,77,,30,16,9,20,11,0.3308270676691729,86,50000,0
32,★ Specialist Gloves | Blackbook (Field-Tested),1630.0,2360.0,158,46,0.2911,1.4479,steamdt-live,1608.88,173,1620.0,66,"溢价求购:买一高于卖一,多为定向收特定图案,买一价不可作退出价",26,20,7,20,13,0.31971247357293864,86,50000,0
33,★ Driver Gloves | Hand Sweaters (Field-Tested),650.0,860.0,104,30,0.2885,1.3231,steamdt-live,666.39,90,666.66,49,"溢价求购:买一高于卖一,多为定向收特定图案,买一价不可作退出价",26,20,7,20,13,0.33673469387755106,86,50000,0
34,★ Driver Gloves | Queen Jaguar (Minimal Wear),679.0,890.0,119,33,0.2773,1.3108,steamdt-live,674.41,65,678.98,75,"溢价求购:买一高于卖一,多为定向收特定图案,买一价不可作退出价",26,20,7,20,13,0.14631645569620255,86,50000,0
35,★ Sport Gloves | Violet Beadwork (Field-Tested),1313.0,2580.0,169,43,0.2544,1.965,steamdt-live,1299.0,160,1354.6,87,"溢价求购:买一高于卖一,多为定向收特定图案,买一价不可作退出价",26,20,7,20,13,0.3723121526938874,86,50000,0
36,★ Specialist Gloves | Cloud Chaser (Field-Tested),2772.5,3800.0,154,39,0.2532,1.3706,steamdt-live,2758.0,155,2775.0,61,"溢价求购:买一高于卖一,多为定向收特定图案,买一价不可作退出价",26,20,7,20,13,0.2702738457467919,86,50000,0
37,★ Sport Gloves | Frosty (Field-Tested),1117.5,1800.0,186,46,0.2473,1.6107,steamdt-live,1119.5,198,1125.1,100,"溢价求购:买一高于卖一,多为定向收特定图案,买一价不可作退出价",26,20,7,20,13,0.3098548038307074,86,50000,0
38,★ Hand Wraps | Duct Tape (Minimal Wear),412.99,586.0,110,27,0.2455,1.4189,steamdt-live,448.5,62,414.0,69,"溢价求购:买一高于卖一,多为定向收特定图案,买一价不可作退出价",26,20,7,20,13,0.22077358490566035,86,50000,0
39,★ Hand Wraps | Leather (Field-Tested),3887.99,3850.0,310,75,0.2419,0.9902,steamdt-live,4300.0,21,3850.0,59,,26,20,9,20,11,0.3192467509504022,86,50000,0
40,★ Specialist Gloves | Pillow Punchers (Field-Tested),2439.0,5420.0,222,53,0.2387,2.2222,steamdt-live,2448.5,220,2466.16,125,"溢价求购:买一高于卖一,多为定向收特定图案,买一价不可作退出价",26,20,7,20,13,0.2621212121212121,86,50000,0
41,★ Sport Gloves | Superconductor (Minimal Wear),17528.0,30240.0,178,42,0.236,1.7252,steamdt-live,17798.0,146,17600.0,41,"溢价求购:买一高于卖一,多为定向收特定图案,买一价不可作退出价",26,20,7,20,13,0.25539507221750213,86,50000,0
42,★ Moto Gloves | Blood Pressure (Minimal Wear),1238.48,1730.0,119,28,0.2353,1.3969,steamdt-live,1257.57,84,1244.67,81,"溢价求购:买一高于卖一,多为定向收特定图案,买一价不可作退出价",26,20,7,20,13,0.26673771462403784,86,50000,0
43,★ Moto Gloves | Smoke Out (Minimal Wear),1196.9,2010.0,152,35,0.2303,1.6793,steamdt-live,1199.0,129,1184.0,53,"溢价求购:买一高于卖一,多为定向收特定图案,买一价不可作退出价",26,20,7,20,13,0.2325790916692052,86,50000,0
44,★ Moto Gloves | 3rd Commando Company (Minimal Wear),444.88,502.0,130,29,0.2231,1.1284,steamdt-live,435.0,50,447.21,107,"溢价求购:买一高于卖一,多为定向收特定图案,买一价不可作退出价",26,20,7,20,13,0.2972536348949919,86,50000,0
45,★ Broken Fang Gloves | Jade (Field-Tested),427.5,501.0,132,28,0.2121,1.1719,steamdt-live,429.5,123,435.0,103,"溢价求购:买一高于卖一,多为定向收特定图案,买一价不可作退出价",26,20,7,20,13,0.2155963302752294,86,50000,0
46,★ Hand Wraps | CAUTION! (Minimal Wear),1145.5,1490.0,256,40,0.1562,1.3007,steamdt-live,1149.5,176,1169.0,87,"溢价求购:买一高于卖一,多为定向收特定图案,买一价不可作退出价",22,20,9,20,15,0.2602518566354537,86,50000,0
47,★ Driver Gloves | Brocade Crane (Minimal Wear),2489.96,2710.0,20,23,1.15,1.0884,steamdt-live,2500.0,26,2484.96,22,"溢价求购:买一高于卖一,多为定向收特定图案,买一价不可作退出价",30,20,2,20,13,0.21854146356803672,85,50000,0
48,★ Driver Gloves | Seigaiha (Minimal Wear),966.88,1220.0,22,21,0.9545,1.2618,steamdt-live,968.0,34,955.0,30,"溢价求购:买一高于卖一,多为定向收特定图案,买一价不可作退出价",30,20,2,20,13,0.31294964028776984,85,50000,0
49,★ Driver Gloves | Plum Quill (Minimal Wear),1029.0,1240.0,20,17,0.85,1.2051,steamdt-live,1040.5,18,1038.61,31,"溢价求购:买一高于卖一,多为定向收特定图案,买一价不可作退出价",30,20,2,20,13,0.32034346103038314,85,50000,0
50,★ Broken Fang Gloves | Unhinged (Minimal Wear),484.5,651.0,58,22,0.3793,1.3437,steamdt-live,488.0,65,507.15,56,"溢价求购:买一高于卖一,多为定向收特定图案,买一价不可作退出价",30,20,4,20,11,0.1891213389121339,85,50000,0
51,★ Sport Gloves | Ultra Violent (Field-Tested),5706.0,7830.0,538,60,0.1115,1.3722,steamdt-live,5766.0,579,5760.0,165,"溢价求购:买一高于卖一,多为定向收特定图案,买一价不可作退出价",18,20,12,20,15,0.2673343605546995,85,50000,0
52,★ Driver Gloves | Convoy (Field-Tested),3349.0,3250.0,179,102,0.5698,0.9704,steamdt-live,3429.66,20,3300.0,41,,30,16,7,20,11,0.39560439560439564,84,25000,0
53,★ Hand Wraps | Badlands (Field-Tested),2849.5,2740.0,321,141,0.4393,0.9616,steamdt-live,2950.0,22,2898.5,54,,30,16,9,20,9,0.19307794252574118,84,25000,0
54,★ Moto Gloves | Eclipse (Minimal Wear),3399.5,3340.0,145,44,0.3034,0.9825,steamdt-live,3758.88,21,3542.83,39,,30,16,7,20,11,0.44361993869979033,84,25000,0
55,★ Driver Gloves | Convoy (Minimal Wear),3448.46,3330.0,129,39,0.3023,0.9656,steamdt-live,3498.97,32,3461.8,40,,30,16,7,20,11,0.3842035714285714,84,25000,0
56,★ Moto Gloves | Finish Line (Minimal Wear),966.0,1230.0,213,41,0.1925,1.2733,steamdt-live,997.0,162,999.27,69,"溢价求购:买一高于卖一,多为定向收特定图案,买一价不可作退出价",22,20,7,20,15,0.23192519619302054,84,25000,0
57,★ Sport Gloves | Superconductor (Field-Tested),11476.0,14620.0,450,78,0.1733,1.274,steamdt-live,11700.0,273,11700.0,107,"溢价求购:买一高于卖一,多为定向收特定图案,买一价不可作退出价",22,20,9,20,13,0.3422651458703502,84,25000,0
58,★ Specialist Gloves | Lt. Commander (Minimal Wear),1097.0,1750.0,213,33,0.1549,1.5953,steamdt-live,1122.0,186,1100.0,86,"溢价求购:买一高于卖一,多为定向收特定图案,买一价不可作退出价",22,20,7,20,15,0.2376650451702571,84,25000,0
59,★ Sport Gloves | Scarlet Shamagh (Minimal Wear),1947.0,2780.0,191,29,0.1518,1.4278,steamdt-live,1980.0,166,2003.1,64,"溢价求购:买一高于卖一,多为定向收特定图案,买一价不可作退出价",22,20,7,20,15,0.23497053045186644,84,25000,0
60,★ Sport Gloves | Red Racer (Field-Tested),813.5,1330.0,225,34,0.1511,1.6349,steamdt-live,819.0,206,847.5,80,"溢价求购:买一高于卖一,多为定向收特定图案,买一价不可作退出价",22,20,7,20,15,0.4100797679477882,84,25000,0
61,★ Driver Gloves | Brocade Flowers (Field-Tested),817.97,1860.0,98,28,0.2857,2.2739,steamdt-live,815.0,104,823.45,102,"溢价求购:买一高于卖一,多为定向收特定图案,买一价不可作退出价",26,20,4,20,13,0.36328125,83,25000,0
62,★ Broken Fang Gloves | Jade (Minimal Wear),749.3,860.0,71,17,0.2394,1.1477,steamdt-live,736.5,37,765.82,61,"溢价求购:买一高于卖一,多为定向收特定图案,买一价不可作退出价",26,20,4,20,13,0.1895906690140845,83,25000,0
63,★ Broken Fang Gloves | Needle Point (Minimal Wear),372.88,406.0,94,20,0.2128,1.0888,steamdt-live,367.41,59,382.66,49,"溢价求购:买一高于卖一,多为定向收特定图案,买一价不可作退出价",26,20,4,20,13,0.27389328063241103,83,25000,0
64,AWP | Queen's Gambit (Factory New),1329.5,2370.0,104,42,0.4038,1.7826,steamdt-live,1371.25,109,1348.25,51,"溢价求购:买一高于卖一,多为定向收特定图案,买一价不可作退出价",30,20,7,10,15,0.30737171138317265,82,25000,0
65,★ Moto Gloves | Boom! (Field-Tested),3268.0,3150.0,255,75,0.2941,0.9639,steamdt-live,3468.0,35,3449.0,53,,26,16,9,20,11,0.38803034560269734,82,25000,0
66,★ Moto Gloves | Cool Mint (Field-Tested),6680.0,6560.0,311,84,0.2701,0.982,steamdt-live,7044.5,44,6800.0,88,,26,16,9,20,11,0.45753559155621015,82,25000,0
67,★ Sport Gloves | Arid (Field-Tested),6499.5,6320.0,336,78,0.2321,0.9724,steamdt-live,6990.78,48,6772.12,75,,26,16,9,20,11,0.330975440792433,82,25000,0
68,★ Specialist Gloves | Foundation (Field-Tested),5650.0,5450.0,321,69,0.215,0.9646,steamdt-live,5868.9,37,5650.0,69,,26,16,9,20,11,0.3402450518378888,82,25000,0
69,★ Specialist Gloves | Emerald Web (Field-Tested),8498.0,8200.0,363,77,0.2121,0.9649,steamdt-live,8627.5,81,8728.0,89,,26,16,9,20,11,0.38423913043478264,82,25000,0
70,★ Moto Gloves | Transport (Minimal Wear),332.41,503.0,127,25,0.1969,1.5132,steamdt-live,340.0,113,348.0,76,"溢价求购:买一高于卖一,多为定向收特定图案,买一价不可作退出价",22,20,7,20,13,0.30000000000000004,82,25000,0
71,★ Broken Fang Gloves | Yellow-banded (Minimal Wear),442.0,503.0,107,21,0.1963,1.138,steamdt-live,459.0,63,445.29,65,"溢价求购:买一高于卖一,多为定向收特定图案,买一价不可作退出价",22,20,7,20,13,0.2870967741935484,82,25000,0
72,★ Specialist Gloves | Sunburst (Field-Tested),1024.93,1470.0,165,32,0.1939,1.4342,steamdt-live,1025.0,194,1029.86,61,"溢价求购:买一高于卖一,多为定向收特定图案,买一价不可作退出价",22,20,7,20,13,0.3527439216924534,82,25000,0
73,★ Moto Gloves | Spearmint (Minimal Wear),18300.0,26090.0,186,36,0.1935,1.4257,steamdt-live,18300.0,161,18498.0,55,"溢价求购:买一高于卖一,多为定向收特定图案,买一价不可作退出价",22,20,7,20,13,0.2934226529469681,82,25000,0
74,★ Sport Gloves | Pandora's Box (Minimal Wear),34150.0,55380.0,178,34,0.191,1.6217,steamdt-live,34498.0,194,34988.0,48,"溢价求购:买一高于卖一,多为定向收特定图案,买一价不可作退出价",22,20,7,20,13,0.1459937981394418,82,25000,0
75,★ Hand Wraps | Constrictor (Minimal Wear),673.3,668.0,106,20,0.1887,0.9921,steamdt-live,672.5,49,674.53,70,,22,20,7,20,13,0.10273515677118084,82,25000,0
76,★ Driver Gloves | Garden (Field-Tested),1119.5,1870.0,172,32,0.186,1.6704,steamdt-live,1120.0,169,1130.0,148,"溢价求购:买一高于卖一,多为定向收特定图案,买一价不可作退出价",22,20,7,20,13,0.4663965681601525,82,25000,0
77,★ Specialist Gloves | Chocolate Chesterfield (Field-Tested),524.5,558.0,121,22,0.1818,1.0639,steamdt-live,527.0,109,538.0,61,"溢价求购:买一高于卖一,多为定向收特定图案,买一价不可作退出价",22,20,7,20,13,0.3326122916401577,82,25000,0
78,★ Specialist Gloves | Buckshot (Minimal Wear),405.0,519.0,156,28,0.1795,1.2815,steamdt-live,418.5,107,420.0,60,"溢价求购:买一高于卖一,多为定向收特定图案,买一价不可作退出价",22,20,7,20,13,0.32668329177057354,82,25000,0
79,★ Driver Gloves | Overtake (Minimal Wear),518.0,668.0,109,19,0.1743,1.2896,steamdt-live,519.41,78,532.56,52,"溢价求购:买一高于卖一,多为定向收特定图案,买一价不可作退出价",22,20,7,20,13,0.2578796561604585,82,25000,0
80,★ Hand Wraps | Giraffe (Minimal Wear),467.5,531.0,135,23,0.1704,1.1358,steamdt-live,484.0,71,488.94,69,"溢价求购:买一高于卖一,多为定向收特定图案,买一价不可作退出价",22,20,7,20,13,0.3877551020408163,82,25000,0
81,★ Hand Wraps | Arboreal (Minimal Wear),452.5,480.0,130,22,0.1692,1.0608,steamdt-live,461.0,91,474.0,84,"溢价求购:买一高于卖一,多为定向收特定图案,买一价不可作退出价",22,20,7,20,13,0.32790708036894556,82,25000,0
82,★ Sport Gloves | Hedge Maze (Minimal Wear),46458.0,66770.0,215,34,0.1581,1.4372,steamdt-live,46000.0,177,47629.15,49,"溢价求购:买一高于卖一,多为定向收特定图案,买一价不可作退出价",22,20,7,20,13,0.13207547169811318,82,25000,0
83,★ Hand Wraps | Desert Shamagh (Minimal Wear),395.0,462.0,152,24,0.1579,1.1696,steamdt-live,398.0,58,397.5,110,"溢价求购:买一高于卖一,多为定向收特定图案,买一价不可作退出价",22,20,7,20,13,0.33613445378151263,82,25000,0
84,★ Broken Fang Gloves | Unhinged (Field-Tested),302.0,363.0,125,19,0.152,1.202,steamdt-live,319.0,132,313.5,120,"溢价求购:买一高于卖一,多为定向收特定图案,买一价不可作退出价",22,20,7,20,13,0.2552404438964242,82,25000,0
85,★ Specialist Gloves | Tiger Strike (Minimal Wear),2084.0,3530.0,317,42,0.1325,1.6939,steamdt-live,2178.5,241,2119.8,101,"溢价求购:买一高于卖一,多为定向收特定图案,买一价不可作退出价",18,20,9,20,15,0.2706108874496762,82,25000,0
86,★ Sport Gloves | Occult (Field-Tested),3070.0,4310.0,284,35,0.1232,1.4039,steamdt-live,3078.0,320,3100.0,107,"溢价求购:买一高于卖一,多为定向收特定图案,买一价不可作退出价",18,20,9,20,15,0.3468085106382979,82,25000,0
87,★ Moto Gloves | POW! (Minimal Wear),997.8,1660.0,289,32,0.1107,1.6637,steamdt-live,995.0,305,1027.0,72,"溢价求购:买一高于卖一,多为定向收特定图案,买一价不可作退出价",18,20,9,20,15,0.2461550117433139,82,25000,0
88,★ Specialist Gloves | Crimson Web (Minimal Wear),1795.0,3550.0,294,31,0.1054,1.9777,steamdt-live,1835.0,220,1853.56,65,"溢价求购:买一高于卖一,多为定向收特定图案,买一价不可作退出价",18,20,9,20,15,0.22966301781498177,82,25000,0
89,★ Driver Gloves | Dragon Fists (Field-Tested),614.99,667.0,89,16,0.1798,1.0846,steamdt-live,613.0,103,627.91,28,"溢价求购:买一高于卖一,多为定向收特定图案,买一价不可作退出价",22,20,4,20,15,0.27593532397025844,81,25000,0
90,P250 | Kintsugi (Factory New),119.48,247.0,107,36,0.3364,2.0673,steamdt-live,120.14,123,125.99,57,"溢价求购:买一高于卖一,多为定向收特定图案,买一价不可作退出价",30,20,7,10,13,0.3053488372093023,80,25000,0
91,★ Hand Wraps | Badlands (Minimal Wear),2968.0,2880.0,147,44,0.2993,0.9704,steamdt-live,3079.0,16,3030.96,49,,26,16,7,20,11,0.30511627906976746,80,25000,0
92,★ Bloodhound Gloves | Guerrilla (Field-Tested),1179.5,1160.0,221,51,0.2308,0.9835,steamdt-live,1349.96,22,1230.0,69,,26,16,7,20,11,0.36925133689839573,80,25000,0
93,★ Specialist Gloves | Emerald Web (Minimal Wear),9600.0,11530.0,201,38,0.1891,1.201,steamdt-live,10267.5,102,10014.46,67,"溢价求购:买一高于卖一,多为定向收特定图案,买一价不可作退出价",22,20,7,20,11,0.40328194927896566,80,25000,0
94,★ Moto Gloves | Polygon (Minimal Wear),1039.5,1390.0,133,19,0.1429,1.3372,steamdt-live,1074.0,124,1065.1,56,"溢价求购:买一高于卖一,多为定向收特定图案,买一价不可作退出价",18,20,7,20,15,0.2508108108108108,80,25000,0
95,★ Moto Gloves | Smoke Out (Field-Tested),696.49,894.0,303,41,0.1353,1.2836,steamdt-live,696.99,306,684.9,161,"溢价求购:买一高于卖一,多为定向收特定图案,买一价不可作退出价",18,20,9,20,13,0.14386429830372882,80,25000,0
96,★ Sport Gloves | Pandora's Box (Field-Tested),21838.0,27100.0,436,56,0.1284,1.241,steamdt-live,21997.0,356,22100.0,82,"溢价求购:买一高于卖一,多为定向收特定图案,买一价不可作退出价",18,20,9,20,13,0.17385125532922785,80,25000,0
97,★ Sport Gloves | Bronze Morph (Minimal Wear),796.0,940.0,180,23,0.1278,1.1809,steamdt-live,790.0,117,805.0,93,"溢价求购:买一高于卖一,多为定向收特定图案,买一价不可作退出价",18,20,7,20,15,0.20862587763289875,80,25000,0
98,★ Specialist Gloves | Mogul (Minimal Wear),874.5,1280.0,207,26,0.1256,1.4637,steamdt-live,879.0,183,891.8,98,"溢价求购:买一高于卖一,多为定向收特定图案,买一价不可作退出价",18,20,7,20,15,0.21919642857142863,80,25000,0
99,★ Moto Gloves | Blood Pressure (Field-Tested),694.0,990.0,236,29,0.1229,1.4265,steamdt-live,715.0,217,718.99,140,"溢价求购:买一高于卖一,多为定向收特定图案,买一价不可作退出价",18,20,7,20,15,0.22846025569760975,80,25000,0
100,★ Sport Gloves | Big Game (Minimal Wear),1278.99,1680.0,230,28,0.1217,1.3135,steamdt-live,1264.0,188,1274.0,74,"溢价求购:买一高于卖一,多为定向收特定图案,买一价不可作退出价",18,20,7,20,15,0.22954077216594126,80,25000,0
101,★ Moto Gloves | Polygon (Field-Tested),674.5,822.0,310,37,0.1194,1.2187,steamdt-live,690.49,272,685.05,201,"溢价求购:买一高于卖一,多为定向收特定图案,买一价不可作退出价",18,20,9,20,13,0.15149761614230184,80,25000,0
102,★ Driver Gloves | Imperial Plaid (Minimal Wear),1740.0,2930.0,208,24,0.1154,1.6839,steamdt-live,1817.5,169,1820.0,83,"溢价求购:买一高于卖一,多为定向收特定图案,买一价不可作退出价",18,20,7,20,15,0.2716617831728757,80,25000,0
103,★ Specialist Gloves | Marble Fade (Field-Tested),854.4,1310.0,375,42,0.112,1.5332,steamdt-live,845.0,336,844.67,173,"溢价求购:买一高于卖一,多为定向收特定图案,买一价不可作退出价",18,20,9,20,13,0.19523043076600732,80,25000,0
104,★ Driver Gloves | Rezan the Red (Minimal Wear),804.0,850.0,157,16,0.1019,1.0572,steamdt-live,828.5,86,807.26,81,"溢价求购:买一高于卖一,多为定向收特定图案,买一价不可作退出价",18,20,7,20,15,0.21146636832911347,80,25000,0
105,★ Sport Gloves | Slingshot (Minimal Wear),5432.0,8540.0,378,38,0.1005,1.5722,steamdt-live,5535.0,331,5529.5,89,"溢价求购:买一高于卖一,多为定向收特定图案,买一价不可作退出价",18,20,9,20,13,0.1913056423998809,80,25000,0
106,M4A1-S | Welcome to the Jungle (Factory New),10099.5,12170.0,40,23,0.575,1.205,steamdt-live,9900.0,43,10386.0,41,"溢价求购:买一高于卖一,多为定向收特定图案,买一价不可作退出价",30,20,4,10,15,0.23184357541899436,79,25000,0
107,★ Driver Gloves | Plum Quill (Field-Tested),633.79,619.0,57,16,0.2807,0.9767,steamdt-live,616.65,48,631.29,27,,26,16,4,20,13,0.20019455252918295,79,25000,0
108,★ Driver Gloves | Seigaiha (Field-Tested),503.7,690.0,65,12,0.1846,1.3699,steamdt-live,495.0,92,519.97,48,"溢价求购:买一高于卖一,多为定向收特定图案,买一价不可作退出价",22,20,4,20,13,0.265458754396118,79,25000,0
109,★ Driver Gloves | Snow Leopard (Field-Tested),1627.3,2500.0,552,49,0.0888,1.5363,steamdt-live,1695.0,481,1650.54,156,"溢价求购:买一高于卖一,多为定向收特定图案,买一价不可作退出价",12,20,12,20,15,0.21004854368932036,79,25000,0
110,AWP | Printstream (Factory New),1084.3,1070.0,448,152,0.3393,0.9868,steamdt-live,1098.0,341,1120.0,158,,30,16,9,10,13,0.3349203622352567,78,25000,0
111,★ Driver Gloves | Diamondback (Field-Tested),2866.0,2720.0,324,82,0.2531,0.9491,steamdt-live,2957.0,23,2900.0,39,,26,12,9,20,11,0.4169394435351882,78,25000,0
112,★ Specialist Gloves | Forest DDPAT (Field-Tested),1967.0,1890.0,278,55,0.1978,0.9609,steamdt-live,2022.48,33,1976.4,59,,22,16,9,20,11,0.3216071736506294,78,25000,0
113,★ Bloodhound Gloves | Bronzed (Field-Tested),1488.5,1430.0,258,50,0.1938,0.9607,steamdt-live,1600.0,13,1493.08,64,,22,16,9,20,11,0.2512575452716298,78,25000,0
114,★ Specialist Gloves | Marble Fade (Minimal Wear),2290.0,4610.0,213,31,0.1455,2.0131,steamdt-live,2293.5,173,2380.0,54,"溢价求购:买一高于卖一,多为定向收特定图案,买一价不可作退出价",18,20,7,20,13,0.18185066095033942,78,25000,0
115,★ Moto Gloves | Turtle (Minimal Wear),756.0,930.0,152,20,0.1316,1.2302,steamdt-live,750.0,132,756.0,79,"溢价求购:买一高于卖一,多为定向收特定图案,买一价不可作退出价",18,20,7,20,13,0.18478260869565222,78,25000,0
116,★ Hand Wraps | Duct Tape (Field-Tested),268.0,284.0,191,24,0.1257,1.0597,steamdt-live,270.0,173,269.96,233,"溢价求购:买一高于卖一,多为定向收特定图案,买一价不可作退出价",18,20,7,20,13,0.21911421911421913,78,25000,0
117,★ Sport Gloves | Arid (Minimal Wear),7450.0,7400.0,174,20,0.1149,0.9933,steamdt-live,8074.0,41,7950.0,44,,18,20,7,20,13,0.41698947450796264,78,25000,0
118,★ Driver Gloves | Overtake (Field-Tested),264.9,336.0,224,25,0.1116,1.2684,steamdt-live,264.5,200,273.09,201,"溢价求购:买一高于卖一,多为定向收特定图案,买一价不可作退出价",18,20,7,20,13,0.2789575552708339,78,25000,0
119,★ Broken Fang Gloves | Yellow-banded (Field-Tested),279.0,310.0,157,17,0.1083,1.1111,steamdt-live,286.5,120,276.75,122,"溢价求购:买一高于卖一,多为定向收特定图案,买一价不可作退出价",18,20,7,20,13,0.2375823025427698,78,25000,0
120,★ Driver Gloves | Snow Leopard (Minimal Wear),3364.39,6370.0,235,24,0.1021,1.8934,steamdt-live,3429.99,228,3399.0,70,"溢价求购:买一高于卖一,多为定向收特定图案,买一价不可作退出价",18,20,7,20,13,0.1989547619047619,78,25000,0
121,★ Specialist Gloves | Field Agent (Minimal Wear),1803.5,3540.0,349,35,0.1003,1.9629,steamdt-live,1829.0,267,1819.49,59,"溢价求购:买一高于卖一,多为定向收特定图案,买一价不可作退出价",18,20,9,20,11,0.16735918744228995,78,25000,0
122,Glock-18 | Fully Tuned (Factory New),1071.5,2200.0,69,41,0.5942,2.0532,steamdt-live,1089.0,58,1078.3,27,"溢价求购:买一高于卖一,多为定向收特定图案,买一价不可作退出价",30,20,4,10,13,0.2932058047493403,77,25000,0
123,AK-47 | Neon Revolution (Factory New),1657.0,1630.0,554,143,0.2581,0.9837,steamdt-live,1760.0,101,1719.0,130,,26,16,12,10,13,0.2418689876316995,77,25000,0
124,M4A4 | Howl (Factory New),44500.0,50530.0,94,23,0.2447,1.1355,steamdt-live,45000.0,104,45900.0,22,"溢价求购:买一高于卖一,多为定向收特定图案,买一价不可作退出价",26,20,4,18,9,0.03259818041500451,77,25000,0
125,★ Hydra Gloves | Emerald (Minimal Wear),285.4,303.0,87,11,0.1264,1.0617,steamdt-live,285.0,61,294.04,65,"溢价求购:买一高于卖一,多为定向收特定图案,买一价不可作退出价",18,20,4,20,15,0.20723226703755215,77,25000,0
126,★ Specialist Gloves | Lt. Commander (Field-Tested),678.5,861.0,519,39,0.0751,1.269,steamdt-live,675.0,461,679.5,193,"溢价求购:买一高于卖一,多为定向收特定图案,买一价不可作退出价",12,20,12,20,13,0.14656349567592164,77,25000,0
127,★ Sport Gloves | Amphibious (Minimal Wear),3999.0,7750.0,529,36,0.0681,1.938,steamdt-live,4000.0,459,4045.89,123,"溢价求购:买一高于卖一,多为定向收特定图案,买一价不可作退出价",12,20,12,20,13,0.18851461038961037,77,25000,0
128,★ Specialist Gloves | Crimson Web (Field-Tested),797.99,1130.0,555,37,0.0667,1.4161,steamdt-live,788.9,488,825.05,214,"溢价求购:买一高于卖一,多为定向收特定图案,买一价不可作退出价",12,20,12,20,13,0.1924257932446264,77,25000,0
129,★ Driver Gloves | Crimson Weave (Field-Tested),7599.0,7260.0,238,67,0.2815,0.9554,steamdt-live,7804.12,22,7726.73,51,,26,12,7,20,11,0.38717741935483874,76,25000,0
130,AK-47 | Crane Flight (Factory New),320.9,384.0,217,51,0.235,1.1966,steamdt-live,322.5,181,321.0,155,"溢价求购:买一高于卖一,多为定向收特定图案,买一价不可作退出价",26,20,7,10,13,0.45145299145299145,76,25000,0
131,★ Bloodhound Gloves | Snakebite (Field-Tested),1248.5,1190.0,223,52,0.2332,0.9531,steamdt-live,1388.0,19,1262.69,86,,26,12,7,20,11,0.49371451743714523,76,25000,0
132,★ Bloodhound Gloves | Snakebite (Minimal Wear),1309.83,1250.0,151,33,0.2185,0.9543,steamdt-live,1459.46,16,1315.13,58,,26,12,7,20,11,0.5086909227306826,76,25000,0
133,★ Bloodhound Gloves | Guerrilla (Minimal Wear),1250.0,1190.0,125,27,0.216,0.952,steamdt-live,1299.46,20,1265.54,59,,26,12,7,20,11,0.3946731234866828,76,25000,0
134,★ Driver Gloves | Lunar Weave (Minimal Wear),4801.5,4510.0,158,34,0.2152,0.9393,steamdt-live,4989.0,20,4890.0,54,,26,12,7,20,11,0.3580453238852864,76,25000,0
135,★ Bloodhound Gloves | Bronzed (Minimal Wear),1493.39,1420.0,138,28,0.2029,0.9509,steamdt-live,1549.46,19,1502.44,52,,26,12,7,20,11,0.3362711111111111,76,25000,0
136,★ Bloodhound Gloves | Charred (Minimal Wear),1629.5,1570.0,111,22,0.1982,0.9635,steamdt-live,1699.96,18,1655.59,39,,22,16,7,20,11,0.40723899599854496,76,25000,0
137,★ Specialist Gloves | Foundation (Minimal Wear),6100.0,5890.0,177,32,0.1808,0.9656,steamdt-live,6536.58,32,6230.99,46,,22,16,7,20,11,0.3617065883956182,76,25000,0
138,★ Bloodhound Gloves | Charred (Field-Tested),1549.0,1500.0,245,44,0.1796,0.9684,steamdt-live,1567.0,20,1555.0,65,,22,16,7,20,11,0.3674969375255206,76,25000,0
139,AWP | Desert Hydra (Factory New),8990.0,12690.0,284,45,0.1585,1.4116,steamdt-live,9250.0,230,9252.75,64,"溢价求购:买一高于卖一,多为定向收特定图案,买一价不可作退出价",22,20,9,10,15,0.2623589743589744,76,25000,0
140,★ Driver Gloves | Racing Green (Minimal Wear),253.5,410.0,169,18,0.1065,1.6174,steamdt-live,260.91,71,269.78,97,"溢价求购:买一高于卖一,多为定向收特定图案,买一价不可作退出价",18,20,7,20,11,0.38170731707317074,76,25000,0
141,★ Sport Gloves | Bronze Morph (Field-Tested),452.0,505.0,285,28,0.0982,1.1173,steamdt-live,464.0,236,469.49,182,"溢价求购:买一高于卖一,多为定向收特定图案,买一价不可作退出价",12,20,9,20,15,0.35619872379216044,76,25000,0
142,★ Moto Gloves | Finish Line (Field-Tested),485.5,668.0,428,36,0.0841,1.3759,steamdt-live,488.4,446,489.5,236,"溢价求购:买一高于卖一,多为定向收特定图案,买一价不可作退出价",12,20,9,20,15,0.3157152924594785,76,25000,0
143,★ Sport Gloves | Omega (Minimal Wear),2765.5,4810.0,443,37,0.0835,1.7393,steamdt-live,2847.0,384,2837.5,95,"溢价求购:买一高于卖一,多为定向收特定图案,买一价不可作退出价",12,20,9,20,15,0.2071387614678899,76,25000,0
144,★ Sport Gloves | Scarlet Shamagh (Field-Tested),1089.5,1570.0,427,35,0.082,1.441,steamdt-live,1078.5,339,1100.0,161,"溢价求购:买一高于卖一,多为定向收特定图案,买一价不可作退出价",12,20,9,20,15,0.2566295444598059,76,25000,0
145,★ Driver Gloves | Imperial Plaid (Field-Tested),884.5,1250.0,436,33,0.0757,1.4132,steamdt-live,900.0,354,909.94,192,"溢价求购:买一高于卖一,多为定向收特定图案,买一价不可作退出价",12,20,9,20,15,0.25697244623655924,76,25000,0
146,Desert Eagle | Sunset Storm 弐 (Factory New),3098.43,3550.0,53,12,0.2264,1.1457,steamdt-live,3078.49,33,3110.9,41,"溢价求购:买一高于卖一,多为定向收特定图案,买一价不可作退出价",26,20,4,10,15,0.24455160059385783,75,25000,0
147,AK-47 | Leet Museo (Factory New),3749.0,3640.0,567,116,0.2046,0.9709,steamdt-live,3894.3,59,3848.0,66,,26,16,12,10,11,0.20572033898305087,75,25000,0
148,Desert Eagle | Sunset Storm 壱 (Factory New),3078.49,3500.0,50,10,0.2,1.1369,steamdt-live,3187.96,38,3104.77,49,"溢价求购:买一高于卖一,多为定向收特定图案,买一价不可作退出价",26,20,4,10,15,0.24914878048780498,75,25000,0
149,★ Broken Fang Gloves | Needle Point (Field-Tested),269.0,280.0,93,12,0.129,1.0409,steamdt-live,269.5,98,274.19,122,,18,20,4,20,13,0.2202898550724638,75,25000,0
150,★ Sport Gloves | Slingshot (Field-Tested),2077.5,3800.0,1080,59,0.0546,1.8291,steamdt-live,2055.0,878,2116.99,259,"溢价求购:买一高于卖一,多为定向收特定图案,买一价不可作退出价",5,20,15,20,15,0.2523653566229985,75,25000,0
151,★ Sport Gloves | Amphibious (Field-Tested),1798.9,2800.0,1126,59,0.0524,1.5565,steamdt-live,1815.0,1022,1834.22,283,"溢价求购:买一高于卖一,多为定向收特定图案,买一价不可作退出价",5,20,15,20,15,0.2578695017719408,75,25000,0
152,★ Sport Gloves | Omega (Field-Tested),1110.0,1960.0,924,45,0.0487,1.7658,steamdt-live,1117.5,771,1150.0,273,"溢价求购:买一高于卖一,多为定向收特定图案,买一价不可作退出价",5,20,15,20,15,0.2642140468227425,75,25000,0
153,★ Hand Wraps | Cobalt Skulls (Field-Tested),1222.5,1700.0,919,44,0.0479,1.3906,steamdt-live,1230.0,708,1225.4,216,"溢价求购:买一高于卖一,多为定向收特定图案,买一价不可作退出价",5,20,15,20,15,0.22804801010739106,75,25000,0
154,★ Specialist Gloves | Fade (Field-Tested),1086.5,2040.0,1122,38,0.0339,1.8776,steamdt-live,1118.0,991,1112.5,379,"溢价求购:买一高于卖一,多为定向收特定图案,买一价不可作退出价",5,20,15,20,15,0.23914565826330536,75,25000,0
155,AK-47 | Aquamarine Revenge (Factory New),1310.0,1290.0,346,110,0.3179,0.9847,steamdt-live,1380.0,112,1348.0,94,,30,16,9,10,9,0.0816684192078514,74,10000,0
156,AK-47 | The Empress (Factory New),1725.0,1710.0,352,103,0.2926,0.9913,steamdt-live,1799.0,151,1830.0,98,,26,20,9,10,9,0.05403936066108517,74,10000,0
157,AK-47 | Asiimov (Factory New),2319.0,3000.0,245,66,0.2694,1.2937,steamdt-live,2330.0,79,2349.54,71,"溢价求购:买一高于卖一,多为定向收特定图案,买一价不可作退出价",26,20,7,10,11,0.10272780034822981,74,10000,0
158,AK-47 | Aphrodite (Factory New),1879.0,1820.0,358,90,0.2514,0.9686,steamdt-live,1890.0,215,1893.42,200,,26,16,9,10,13,0.49216216216216213,74,10000,0
159,M4A4 | Bullet Rain (Factory New),1553.5,2000.0,294,57,0.1939,1.2874,steamdt-live,1660.82,62,1593.92,140,"溢价求购:买一高于卖一,多为定向收特定图案,买一价不可作退出价",22,20,9,10,13,0.20512820512820518,74,10000,0
160,AWP | Oni Taiji (Factory New),3776.5,5840.0,354,57,0.161,1.5464,steamdt-live,3900.0,100,3810.0,95,"溢价求购:买一高于卖一,多为定向收特定图案,买一价不可作退出价",22,20,9,10,13,0.3133012092008365,74,10000,0
161,Tec-9 | Fuel Injector (Factory New),290.0,288.0,395,61,0.1544,0.9931,steamdt-live,289.99,143,298.75,163,,22,20,9,10,13,0.32085060540059485,74,10000,0
162,★ Hand Wraps | Slaughter (Minimal Wear),3597.0,3500.0,175,26,0.1486,0.973,steamdt-live,3849.46,32,3715.3,64,,18,16,7,20,13,0.38906015133372396,74,10000,0
163,AWP | Dragon Lore (Factory New),74200.0,77120.0,133,19,0.1429,1.0394,steamdt-live,75999.0,155,74567.5,50,,18,20,7,18,11,0.07709720952505328,74,10000,0
164,★ Hydra Gloves | Mangrove (Field-Tested),176.9,173.0,127,14,0.1102,0.978,steamdt-live,175.0,129,179.6,337,,18,16,7,20,13,0.24406047516198703,74,10000,0
165,★ Hydra Gloves | Emerald (Field-Tested),198.78,193.0,119,13,0.1092,0.9709,steamdt-live,198.5,101,201.68,628,,18,16,7,20,13,0.2593283582089553,74,10000,0
166,★ Hand Wraps | Desert Shamagh (Field-Tested),226.5,248.0,263,24,0.0913,1.0949,steamdt-live,238.5,210,232.79,284,"溢价求购:买一高于卖一,多为定向收特定图案,买一价不可作退出价",12,20,9,20,13,0.2614137716918854,74,10000,0
167,★ Hand Wraps | Cobalt Skulls (Minimal Wear),2387.0,3550.0,371,33,0.0889,1.4872,steamdt-live,2415.69,308,2441.1,93,"溢价求购:买一高于卖一,多为定向收特定图案,买一价不可作退出价",12,20,9,20,13,0.18795713556727334,74,10000,0
168,★ Specialist Gloves | Mogul (Field-Tested),664.0,690.0,327,28,0.0856,1.0392,steamdt-live,658.88,262,655.3,209,,12,20,9,20,13,0.10782845473110969,74,10000,0
169,★ Hand Wraps | Arboreal (Field-Tested),235.0,250.0,368,31,0.0842,1.0638,steamdt-live,245.75,353,241.0,246,"溢价求购:买一高于卖一,多为定向收特定图案,买一价不可作退出价",12,20,9,20,13,0.29501409971800563,74,10000,0
170,★ Driver Gloves | Queen Jaguar (Field-Tested),289.5,361.0,252,21,0.0833,1.247,steamdt-live,299.0,198,301.51,91,"溢价求购:买一高于卖一,多为定向收特定图案,买一价不可作退出价",12,20,9,20,13,0.23381770145310432,74,10000,0
171,★ Hand Wraps | Giraffe (Field-Tested),229.5,250.0,349,28,0.0802,1.0893,steamdt-live,239.5,280,241.88,237,"溢价求购:买一高于卖一,多为定向收特定图案,买一价不可作退出价",12,20,9,20,13,0.2805417097714662,74,10000,0
172,★ Moto Gloves | Turtle (Field-Tested),357.29,488.0,360,26,0.0722,1.3658,steamdt-live,349.5,337,362.48,146,"溢价求购:买一高于卖一,多为定向收特定图案,买一价不可作退出价",12,20,9,20,13,0.29322548028311424,74,10000,0
173,★ Hand Wraps | Overprint (Minimal Wear),880.0,1080.0,347,25,0.072,1.2273,steamdt-live,886.0,294,910.07,103,"溢价求购:买一高于卖一,多为定向收特定图案,买一价不可作退出价",12,20,9,20,13,0.18744228993536471,74,10000,0
174,★ Moto Gloves | Transport (Field-Tested),210.41,240.0,268,18,0.0672,1.1406,steamdt-live,206.0,214,213.26,292,"溢价求购:买一高于卖一,多为定向收特定图案,买一价不可作退出价",12,20,9,20,13,0.27843357035272687,74,10000,0
175,★ Sport Gloves | Nocts (Minimal Wear),5379.0,7790.0,400,26,0.065,1.4482,steamdt-live,5400.0,327,5679.9,84,"溢价求购:买一高于卖一,多为定向收特定图案,买一价不可作退出价",12,20,9,20,13,0.1554945054945055,74,10000,0
176,★ Specialist Gloves | Buckshot (Field-Tested),248.5,301.0,329,21,0.0638,1.2113,steamdt-live,254.0,331,260.25,228,"溢价求购:买一高于卖一,多为定向收特定图案,买一价不可作退出价",12,20,9,20,13,0.2930298719772404,74,10000,0
177,AWP | The Prince (Factory New),16700.0,17640.0,75,16,0.2133,1.0563,steamdt-live,16887.0,68,16783.4,34,"溢价求购:买一高于卖一,多为定向收特定图案,买一价不可作退出价",26,20,4,10,13,0.12784625026112384,73,10000,0
178,M4A1-S | Mecha Industries (Factory New),1479.0,1440.0,543,97,0.1786,0.9736,steamdt-live,1548.9,155,1508.9,125,,22,16,12,10,13,0.30000000000000004,73,10000,0
179,AWP | Wildfire (Factory New),1018.0,1000.0,520,83,0.1596,0.9823,steamdt-live,1049.0,144,1038.5,143,,22,16,12,10,13,0.25855790240349596,73,10000,0
180,★ Sport Gloves | Vice (Minimal Wear),8191.5,20520.0,1018,54,0.053,2.505,steamdt-live,8250.0,961,8224.5,204,"溢价求购:买一高于卖一,多为定向收特定图案,买一价不可作退出价",5,20,15,20,13,0.18084999999999996,73,10000,0
181,★ Specialist Gloves | Tiger Strike (Field-Tested),997.0,1500.0,1008,47,0.0466,1.5045,steamdt-live,994.5,847,1005.0,286,"溢价求购:买一高于卖一,多为定向收特定图案,买一价不可作退出价",5,20,15,20,13,0.2512241054613936,73,10000,0
182,★ Sport Gloves | Vice (Field-Tested),2648.4,5300.0,1526,63,0.0413,2.0012,steamdt-live,2650.0,1395,2649.99,291,"溢价求购:买一高于卖一,多为定向收特定图案,买一价不可作退出价",5,20,15,20,13,0.19378995433789947,73,10000,0
183,★ Driver Gloves | King Snake (Field-Tested),848.5,1790.0,1609,37,0.023,2.1096,steamdt-live,848.0,1461,866.1,310,"溢价求购:买一高于卖一,多为定向收特定图案,买一价不可作退出价",5,20,15,20,13,0.19999999999999996,73,10000,0
184,Five-SeveN | Fairy Tale (Factory New),2044.0,2000.0,181,58,0.3204,0.9785,steamdt-live,2086.5,43,2068.88,54,,30,16,7,10,9,0.13755274261603379,72,10000,0
185,Desert Eagle | Code Red (Factory New),1119.5,1090.0,255,67,0.2627,0.9736,steamdt-live,1188.0,60,1165.33,108,,26,16,9,10,11,0.18759071117561688,72,10000,0
186,Desert Eagle | Hypnotic (Factory New),1130.0,1100.0,217,56,0.2581,0.9735,steamdt-live,1169.0,71,1149.93,103,,26,16,7,10,13,0.3704735376044568,72,10000,0
187,AK-47 | The Oligarch (Factory New),1738.0,1680.0,181,38,0.2099,0.9666,steamdt-live,1734.0,170,1780.0,91,,26,16,7,10,13,0.11031298101590559,72,10000,0
188,★ Specialist Gloves | Forest DDPAT (Minimal Wear),2063.44,1940.0,156,31,0.1987,0.9402,steamdt-live,2168.37,23,2089.34,47,,22,12,7,20,11,0.35836313318200197,72,10000,0
189,AK-47 | X-Ray (Factory New),13000.0,14200.0,161,30,0.1863,1.0923,steamdt-live,13455.0,57,13631.87,58,"溢价求购:买一高于卖一,多为定向收特定图案,买一价不可作退出价",22,20,7,10,13,0.2571428571428571,72,10000,0
190,★ Hand Wraps | Spruce DDPAT (Minimal Wear),2659.48,2510.0,188,35,0.1862,0.9438,steamdt-live,2699.37,32,2673.29,53,,22,12,7,20,11,0.36192898272552787,72,10000,0
191,★ Hand Wraps | Leather (Minimal Wear),4167.0,3900.0,188,35,0.1862,0.9359,steamdt-live,4399.0,28,4192.0,35,,22,12,7,20,11,0.3404360055145692,72,10000,0
192,AWP | Corticera (Factory New),974.5,1000.0,170,29,0.1706,1.0262,steamdt-live,993.68,45,989.92,37,,22,20,7,10,13,0.3232638888888889,72,10000,0
193,★ Hydra Gloves | Case Hardened (Minimal Wear),551.5,536.0,118,17,0.1441,0.9719,steamdt-live,589.5,111,554.42,96,,18,16,7,20,11,0.19854545454545458,72,10000,0
194,★ Moto Gloves | Cool Mint (Minimal Wear),7376.91,7150.0,157,22,0.1401,0.9692,steamdt-live,7487.61,35,7413.79,55,,18,16,7,20,11,0.47307857142857146,72,10000,0
195,★ Driver Gloves | Diamondback (Minimal Wear),3029.0,2920.0,186,24,0.129,0.964,steamdt-live,3060.0,23,3068.42,41,,18,16,7,20,11,0.4493636363636364,72,10000,0
196,AK-47 | Fuel Injector (Factory New),2395.0,3020.0,432,46,0.1065,1.261,steamdt-live,2418.0,196,2427.53,129,"溢价求购:买一高于卖一,多为定向收特定图案,买一价不可作退出价",18,20,9,10,15,0.22741686263504068,72,10000,0
197,★ Moto Gloves | 3rd Commando Company (Field-Tested),233.5,257.0,205,20,0.0976,1.1006,steamdt-live,243.3,192,238.47,166,"溢价求购:买一高于卖一,多为定向收特定图案,买一价不可作退出价",12,20,7,20,13,0.24271907634429524,72,10000,0
198,★ Driver Gloves | Rezan the Red (Field-Tested),355.5,456.0,231,22,0.0952,1.2827,steamdt-live,360.0,177,367.87,126,"溢价求购:买一高于卖一,多为定向收特定图案,买一价不可作退出价",12,20,7,20,13,0.24432446220559478,72,10000,0
199,★ Driver Gloves | Black Tie (Minimal Wear),1886.9,3480.0,313,28,0.0895,1.8443,steamdt-live,1900.0,306,1969.5,64,"溢价求购:买一高于卖一,多为定向收特定图案,买一价不可作退出价",12,20,9,20,11,0.1611913758613025,72,10000,0
200,★ Driver Gloves | Racing Green (Field-Tested),177.9,177.0,184,14,0.0761,0.9949,steamdt-live,169.5,146,177.14,351,,12,20,7,20,13,0.2911392405063291,72,10000,0
201,★ Specialist Gloves | Crimson Kimono (Minimal Wear),17350.0,18130.0,347,24,0.0692,1.045,steamdt-live,30888.0,26,17300.0,75,,12,20,9,20,11,0.050000000000000044,72,10000,0
202,★ Moto Gloves | POW! (Field-Tested),452.0,682.0,651,39,0.0599,1.5088,steamdt-live,460.0,673,459.44,299,"溢价求购:买一高于卖一,多为定向收特定图案,买一价不可作退出价",5,20,12,20,15,0.3542857142857143,72,10000,0
203,★ Specialist Gloves | Fade (Minimal Wear),3014.0,5450.0,592,35,0.0591,1.8082,steamdt-live,2999.0,596,3075.0,166,"溢价求购:买一高于卖一,多为定向收特定图案,买一价不可作退出价",5,20,12,20,15,0.22103896103896103,72,10000,0
204,★ Driver Gloves | Black Tie (Field-Tested),765.0,1220.0,706,38,0.0538,1.5948,steamdt-live,749.99,619,765.15,153,"溢价求购:买一高于卖一,多为定向收特定图案,买一价不可作退出价",5,20,12,20,15,0.2012886048988285,72,10000,0
205,AWP | Medusa (Factory New),29500.0,28800.0,11,10,0.9091,0.9763,steamdt-live,28000.0,22,32824.64,11,,30,16,2,10,13,0.10828025477707004,71,10000,0
206,M4A4 | Falak (Factory New),875.88,863.0,76,49,0.6447,0.9853,steamdt-live,882.88,49,876.88,101,,30,16,4,10,11,0.6424979591836735,71,10000,0
207,Desert Eagle | Eastern Enigma (Factory New),413.88,405.0,74,33,0.4459,0.9785,steamdt-live,427.8,61,414.37,135,,30,16,4,10,11,0.6683653846153846,71,10000,0
208,M4A1-S | Imminent Danger (Factory New),8993.3,10170.0,32,9,0.2812,1.1308,steamdt-live,8997.5,30,9367.8,22,"溢价求购:买一高于卖一,多为定向收特定图案,买一价不可作退出价",26,20,4,10,11,0.14349523809523812,71,10000,0
209,M4A1-S | Flashback (Factory New),897.5,881.0,691,106,0.1534,0.9816,steamdt-live,900.0,60,942.55,74,,22,16,12,10,11,0.3491235831200006,71,10000,0
210,Desert Eagle | The Bronze (Factory New),150.0,149.0,585,67,0.1145,0.9933,steamdt-live,160.88,133,157.59,226,,18,20,12,10,11,0.6368038740920097,71,10000,0
211,★ Sport Gloves | Nocts (Field-Tested),3739.0,4300.0,1004,54,0.0538,1.15,steamdt-live,3785.0,813,3777.77,189,"溢价求购:买一高于卖一,多为定向收特定图案,买一价不可作退出价",5,20,15,20,11,0.09247572815533978,71,10000,0
212,Desert Eagle | Heirloom (Factory New),685.41,653.0,117,40,0.3419,0.9527,steamdt-live,687.49,36,684.01,50,,30,12,7,10,11,0.20463953488372089,70,10000,0
213,Tec-9 | Decimator (Factory New),829.5,808.0,192,65,0.3385,0.9741,steamdt-live,849.45,45,868.38,39,,30,16,7,10,7,0.041040462427745616,70,10000,0
214,Desert Eagle | Directive (Factory New),617.99,580.0,119,37,0.3109,0.9385,steamdt-live,653.96,19,615.05,36,,30,12,7,10,11,0.12135714285714294,70,10000,0
215,M4A1-S | Chantico's Fire (Factory New),1776.5,1700.0,247,76,0.3077,0.9569,steamdt-live,1796.0,67,1788.0,76,,30,12,7,10,11,0.12054455445544554,70,10000,0
216,M4A1-S | Hyper Beast (Factory New),1929.0,1870.0,227,66,0.2907,0.9694,steamdt-live,1980.0,50,2000.0,75,,26,16,7,10,11,0.19136449381680987,70,10000,0
217,M4A4 | Red DDPAT (Factory New),789.0,765.0,180,42,0.2333,0.9696,steamdt-live,800.0,27,805.02,65,,26,16,7,10,11,0.41468842729970323,70,10000,0
218,USP-S | Target Acquired (Factory New),2326.44,2240.0,150,35,0.2333,0.9628,steamdt-live,2420.5,50,2337.33,48,,26,16,7,10,11,0.3517012679392504,70,10000,0
219,M4A4 | Royal Paladin (Factory New),1404.0,1330.0,306,68,0.2222,0.9473,steamdt-live,1400.0,78,1426.3,68,,26,12,9,10,13,0.22544951590594742,70,10000,0
220,AK-47 | Wild Lotus (Factory New),95666.0,106390.0,115,22,0.1913,1.1121,steamdt-live,95999.5,112,97800.0,40,"溢价求购:买一高于卖一,多为定向收特定图案,买一价不可作退出价",22,20,7,10,11,0.05176036793275707,70,10000,0
221,USP-S | The Traitor (Factory New),676.99,656.0,292,54,0.1849,0.969,steamdt-live,688.0,75,690.0,125,,22,16,9,10,13,0.24445312499999994,70,10000,0
222,Glock-18 | Neo-Noir (Factory New),1284.99,1250.0,381,65,0.1706,0.9728,steamdt-live,1317.96,83,1291.41,119,,22,16,9,10,13,0.3161309207025014,70,10000,0
223,AK-47 | Frontside Misty (Factory New),790.0,771.0,393,67,0.1705,0.9759,steamdt-live,819.98,94,811.4,163,,22,16,9,10,13,0.27456382001836543,70,10000,0
224,M4A4 | The Emperor (Factory New),1649.95,1600.0,390,65,0.1667,0.9697,steamdt-live,1702.3,129,1670.0,127,,22,16,9,10,13,0.2105502392344497,70,10000,0
225,M4A4 | Cyber Security (Factory New),973.5,942.0,383,60,0.1567,0.9676,steamdt-live,985.0,65,980.0,124,,22,16,9,10,13,0.2588503996954701,70,10000,0
226,Glock-18 | Bullet Queen (Factory New),774.5,754.0,455,71,0.156,0.9735,steamdt-live,819.99,79,805.39,125,,22,16,9,10,13,0.3423959218351742,70,10000,0
227,Glock-18 | Fade (Factory New),9184.91,10140.0,135,20,0.1481,1.104,steamdt-live,9100.0,135,9300.0,74,"溢价求购:买一高于卖一,多为定向收特定图案,买一价不可作退出价",18,20,7,10,15,0.3231936335576959,70,10000,0
228,M4A4 | Eye of Horus (Factory New),4300.0,4950.0,288,42,0.1458,1.1512,steamdt-live,4499.0,129,4473.0,92,"溢价求购:买一高于卖一,多为定向收特定图案,买一价不可作退出价",18,20,9,10,13,0.3607848966850007,70,10000,0
229,AK-47 | Gold Arabesque (Factory New),12898.38,14500.0,214,31,0.1449,1.1242,steamdt-live,13099.0,166,13200.0,66,"溢价求购:买一高于卖一,多为定向收特定图案,买一价不可作退出价",18,20,7,10,15,0.23223928571428576,70,10000,0
230,Desert Eagle | Emerald Jörmungandr (Factory New),2914.4,2930.0,321,44,0.1371,1.0054,steamdt-live,3043.5,104,2986.22,100,,18,20,9,10,13,0.4154247317219938,70,10000,0
231,Desert Eagle | Fennec Fox (Factory New),2480.0,3000.0,423,54,0.1277,1.2097,steamdt-live,2640.0,114,2500.0,78,"溢价求购:买一高于卖一,多为定向收特定图案,买一价不可作退出价",18,20,9,10,13,0.3275488069414316,70,10000,0
232,★ Hydra Gloves | Rattler (Field-Tested),177.5,167.0,116,14,0.1207,0.9408,steamdt-live,174.0,124,175.92,216,,18,12,7,20,13,0.24681845727642626,70,10000,0
233,AK-47 | Case Hardened (Factory New),3029.5,13280.0,472,54,0.1144,4.3836,steamdt-live,3199.96,317,3052.16,178,"溢价求购:买一高于卖一,多为定向收特定图案,买一价不可作退出价",18,20,9,10,13,0.21301467723080925,70,10000,0
234,M4A1-S | Hot Rod (Factory New),8520.0,8530.0,336,36,0.1071,1.0012,steamdt-live,8794.0,178,8947.5,123,,18,20,9,10,13,0.3078797725426482,70,10000,0
235,★ Hydra Gloves | Mangrove (Minimal Wear),219.5,231.0,125,12,0.096,1.0524,steamdt-live,219.49,48,222.87,83,"溢价求购:买一高于卖一,多为定向收特定图案,买一价不可作退出价",12,20,7,20,11,0.19120790036111723,70,10000,0
236,AWP | Sun in Leo (Factory New),510.0,505.0,1146,85,0.0742,0.9902,steamdt-live,548.78,431,517.23,300,,12,20,15,10,13,0.2129629629629629,70,10000,0
237,Glock-18 | Gamma Doppler (Factory New),659.5,2600.0,1664,112,0.0673,3.9424,steamdt-live,674.5,550,683.45,478,"溢价求购:买一高于卖一,多为定向收特定图案,买一价不可作退出价",12,20,15,10,13,0.3907407407407407,70,10000,0
238,★ Hand Wraps | CAUTION! (Field-Tested),772.0,852.0,618,35,0.0566,1.1036,steamdt-live,784.45,526,778.8,245,"溢价求购:买一高于卖一,多为定向收特定图案,买一价不可作退出价",5,20,12,20,13,0.15274725274725276,70,10000,0
239,★ Specialist Gloves | Field Agent (Field-Tested),789.5,1180.0,707,34,0.0481,1.4946,steamdt-live,782.5,598,801.45,168,"溢价求购:买一高于卖一,多为定向收特定图案,买一价不可作退出价",5,20,12,20,13,0.14010989010989006,70,10000,0
240,★ Hand Wraps | Overprint (Field-Tested),668.0,669.0,813,32,0.0394,1.0015,steamdt-live,644.99,747,664.01,261,,5,20,12,20,13,0.1636493506493506,70,10000,0
241,★ Driver Gloves | King Snake (Minimal Wear),2983.0,8110.0,856,31,0.0362,2.7187,steamdt-live,2988.88,850,3050.0,158,"溢价求购:买一高于卖一,多为定向收特定图案,买一价不可作退出价",5,20,12,20,13,0.16908077994428972,70,10000,0
242,★ Specialist Gloves | Crimson Kimono (Field-Tested),10700.0,11120.0,853,29,0.034,1.0393,steamdt-live,10899.5,737,11165.55,174,,5,20,12,20,13,0.1683506917456863,70,10000,0
243,★ Sport Gloves | Big Game (Field-Tested),832.5,940.0,773,24,0.031,1.1291,steamdt-live,834.0,596,850.0,181,"溢价求购:买一高于卖一,多为定向收特定图案,买一价不可作退出价",5,20,12,20,13,0.19768003866602224,70,10000,0
244,AK-47 | Consequence of the Jinn (Factory New),3650.0,3530.0,26,27,1.0385,0.9671,steamdt-live,3699.99,28,3660.9,39,,30,16,2,10,11,0.6349634963496349,69,10000,0
245,M4A1-S | Knight (Factory New),16100.0,15100.0,18,6,0.3333,0.9379,steamdt-live,16200.0,15,16400.0,31,,30,12,2,10,15,0.21078431372549022,69,10000,0
246,Desert Eagle | Crimson Web (Factory New),929.68,901.0,94,24,0.2553,0.9692,steamdt-live,943.39,53,933.61,54,,26,16,4,10,13,0.3031615872397201,69,10000,0
247,M4A1-S | Control Panel (Factory New),1152.5,1130.0,697,136,0.1951,0.9805,steamdt-live,1188.88,70,1197.68,115,,22,16,12,10,9,0.18123667377398722,69,10000,0
248,M4A4 | Desolate Space (Factory New),532.0,521.0,637,85,0.1334,0.9793,steamdt-live,530.0,153,545.24,169,,18,16,12,10,13,0.23332222206118935,69,10000,0
249,AK-47 | B the Monster (Factory New),2350.0,2280.0,511,58,0.1135,0.9702,steamdt-live,2346.5,281,2356.0,157,,18,16,12,10,13,0.41337500000000005,69,10000,0
250,USP-S | Monster Mashup (Factory New),529.49,515.0,566,60,0.106,0.9726,steamdt-live,535.96,135,531.97,165,,18,16,12,10,13,0.38998847926267277,69,10000,0
251,M4A1-S | Vaporwave (Factory New),985.0,975.0,528,55,0.1042,0.9898,steamdt-live,977.0,225,989.5,153,,18,16,12,10,13,0.2991391678622669,69,10000,0
252,AK-47 | Orbit Mk01 (Factory New),639.5,624.0,701,73,0.1041,0.9758,steamdt-live,656.0,146,658.0,156,,18,16,12,10,13,0.3847218750600858,69,10000,0
253,AK-47 | Neon Rider (Factory New),1550.0,1530.0,456,106,0.2325,0.9871,steamdt-live,1620.0,173,1608.28,118,,26,16,9,10,7,0.04896306295250952,68,10000,0
254,M4A1-S | Golden Coil (Factory New),1643.5,1610.0,322,64,0.1988,0.9796,steamdt-live,1669.5,95,1678.0,117,,22,16,9,10,11,0.1894007398273736,68,10000,0
255,M4A1-S | Player Two (Factory New),1037.0,1000.0,462,91,0.197,0.9643,steamdt-live,1083.0,120,1050.0,152,,22,16,9,10,11,0.16403402187120286,68,10000,0
256,★ Moto Gloves | Boom! (Minimal Wear),3399.0,3140.0,156,29,0.1859,0.9238,steamdt-live,3594.5,23,3495.08,51,,22,8,7,20,11,0.4138139173924291,68,10000,0
257,AWP | Containment Breach (Factory New),2729.0,2650.0,156,28,0.1795,0.9711,steamdt-live,2697.0,56,2750.21,90,,22,16,7,10,13,0.3239754355182354,68,10000,0
258,M4A4 | The Coalition (Factory New),7400.0,7180.0,291,52,0.1787,0.9703,steamdt-live,7777.0,38,7965.5,61,,22,16,9,10,11,0.4329501915708812,68,10000,0
259,AWP | Hyper Beast (Factory New),1057.5,1030.0,370,66,0.1784,0.974,steamdt-live,1088.0,82,1079.5,76,,22,16,9,10,11,0.2973421926910299,68,10000,0
260,USP-S | Orange Anolis (Factory New),433.0,422.0,259,44,0.1699,0.9746,steamdt-live,539.99,65,434.52,112,,22,16,9,10,11,0.42800528401585203,68,10000,0
261,Glock-18 | Weasel (Factory New),220.99,216.0,494,78,0.1579,0.9774,steamdt-live,229.48,86,222.9,76,,22,16,9,10,11,0.35953420669577874,68,10000,0
262,Tec-9 | Toxic (Factory New),173.99,171.0,256,40,0.1562,0.9828,steamdt-live,175.0,84,175.47,106,,22,16,9,10,11,0.5014470328662712,68,10000,0
263,USP-S | Kill Confirmed (Factory New),1589.5,1540.0,254,39,0.1535,0.9689,steamdt-live,1550.0,108,1579.5,75,,22,16,9,10,11,0.19477173077322696,68,10000,0
264,Five-SeveN | Fowl Play (Factory New),434.99,426.0,151,23,0.1523,0.9793,steamdt-live,453.99,54,446.94,49,,22,16,7,10,13,0.40412328767123284,68,10000,0
265,USP-S | Caiman (Factory New),478.0,465.0,238,36,0.1513,0.9728,steamdt-live,480.0,47,484.65,93,,22,16,7,10,13,0.36792552628795094,68,10000,0
266,★ Driver Gloves | Crimson Weave (Minimal Wear),8200.0,7740.0,155,22,0.1419,0.9439,steamdt-live,8499.0,19,8449.29,29,,18,12,7,20,11,0.4305555555555556,68,10000,0
267,M4A4 | Poseidon (Factory New),9449.0,9410.0,203,27,0.133,0.9959,steamdt-live,9664.0,111,9765.0,73,,18,20,7,10,13,0.2984551085901933,68,10000,0
268,USP-S | Printstream (Factory New),644.0,631.0,493,50,0.1014,0.9798,steamdt-live,641.8,387,666.65,144,,18,16,9,10,15,0.21181903030898463,68,10000,0
269,M4A1-S | Leaded Glass (Factory New),305.5,305.0,1084,106,0.0978,0.9984,steamdt-live,326.66,178,319.0,194,,12,20,15,10,11,0.3489361702127659,68,10000,0
270,USP-S | Spiral Glitch (Factory New),530.0,501.0,35,20,0.5714,0.9453,steamdt-live,519.5,46,525.82,76,,30,12,4,10,11,0.6753125,67,10000,0
271,MP9 | Wild Lily (Factory New),16666.0,15560.0,29,11,0.3793,0.9336,steamdt-live,15850.0,25,17137.02,14,,30,12,2,10,13,0.11939552197344294,67,10000,0
272,Glock-18 | Ifrit Lattice (Factory New),69.6,68.0,64,14,0.2188,0.977,steamdt-live,71.0,69,69.5,89,,26,16,4,10,11,0.5899705014749262,67,10000,0
273,AWP | BOOM (Factory New),2349.0,2600.0,41,7,0.1707,1.1069,steamdt-live,2649.0,23,2413.69,33,"溢价求购:买一高于卖一,多为定向收特定图案,买一价不可作退出价",22,20,4,10,11,0.18888121546961323,67,10000,0
274,Glock-18 | Water Elemental (Factory New),308.0,301.0,599,82,0.1369,0.9773,steamdt-live,307.5,227,311.91,331,,18,16,12,10,11,0.4278005210271678,67,10000,0
275,Glock-18 | Gold Toof (Factory New),940.5,912.0,545,60,0.1101,0.9697,steamdt-live,960.0,65,943.5,149,,18,16,12,10,11,0.4749930148086058,67,10000,0
276,M4A4 | The Battlestar (Factory New),592.11,587.0,646,55,0.0851,0.9914,steamdt-live,620.0,93,624.5,189,,12,20,12,10,13,0.326290278536319,67,10000,0
277,M4A1-S | Printstream (Factory New),2739.4,3670.0,628,51,0.0812,1.3397,steamdt-live,2740.0,476,2767.5,175,"溢价求购:买一高于卖一,多为定向收特定图案,买一价不可作退出价",12,20,12,10,13,0.14326817826426896,67,10000,0
278,AK-47 | Nightwish (Factory New),785.0,1120.0,653,49,0.075,1.4268,steamdt-live,793.46,204,798.0,149,"溢价求购:买一高于卖一,多为定向收特定图案,买一价不可作退出价",12,20,12,10,13,0.12777777777777777,67,10000,0
279,AWP | Graphite (Factory New),894.0,955.0,574,41,0.0714,1.0682,steamdt-live,900.0,427,895.0,257,"溢价求购:买一高于卖一,多为定向收特定图案,买一价不可作退出价",12,20,12,10,13,0.32502321648332566,67,10000,0
280,★ Hand Wraps | Constrictor (Field-Tested),261.5,271.0,493,22,0.0446,1.0363,steamdt-live,260.0,333,261.47,209,,5,20,9,20,13,0.2737430167597765,67,10000,0
281,★ Hydra Gloves | Case Hardened (Field-Tested),353.5,370.0,383,11,0.0287,1.0467,steamdt-live,354.99,413,353.19,156,,5,20,9,20,13,0.2018305084745763,67,10000,0
282,Tec-9 | Sultan (Factory New),36.0,35.1,156,31,0.1987,0.975,steamdt-live,36.0,142,37.47,108,,22,16,7,10,11,0.39899833055091816,66,10000,0
283,M4A4 | Daybreak (Factory New),4424.5,4350.0,170,27,0.1588,0.9832,steamdt-live,4513.18,48,4442.19,49,,22,16,7,10,11,0.5190760869565217,66,10000,0
284,Five-SeveN | Triumvirate (Factory New),88.0,86.0,199,30,0.1508,0.9773,steamdt-live,86.45,169,87.57,202,,22,16,7,10,11,0.8689118699581488,66,10000,0
285,M4A4 | Global Offensive (Factory New),333.0,325.0,324,46,0.142,0.976,steamdt-live,348.28,80,333.66,129,,18,16,9,10,13,0.4819466248037677,66,10000,0
286,MP9 | Hot Rod (Factory New),1329.0,1320.0,248,34,0.1371,0.9932,steamdt-live,1337.0,120,1336.18,123,,18,20,7,10,11,0.10805369127516784,66,10000,0
287,FAMAS | Waters of Nephthys (Factory New),1062.5,1120.0,168,23,0.1369,1.0541,steamdt-live,1060.0,54,1034.08,52,"溢价求购:买一高于卖一,多为定向收特定图案,买一价不可作退出价",18,20,7,10,11,0.36927111924367184,66,10000,0
288,FAMAS | Styx (Factory New),650.0,631.0,361,45,0.1247,0.9708,steamdt-live,670.0,67,657.12,62,,18,16,9,10,13,0.24467472654001154,66,10000,0
289,AWP | Silk Tiger (Factory New),3299.5,3190.0,320,39,0.1219,0.9668,steamdt-live,3420.0,68,3389.91,74,,18,16,9,10,13,0.33269828942631674,66,10000,0
290,AWP | Gungnir (Factory New),77399.0,91220.0,132,15,0.1136,1.1786,steamdt-live,78000.0,169,78500.0,35,"溢价求购:买一高于卖一,多为定向收特定图案,买一价不可作退出价",18,20,7,10,11,0.08403550295857987,66,10000,0
291,MP9 | Starlight Protector (Factory New),605.9,1000.0,217,24,0.1106,1.6504,steamdt-live,608.0,185,611.0,89,"溢价求购:买一高于卖一,多为定向收特定图案,买一价不可作退出价",18,20,7,10,11,0.16930585831996603,66,10000,0
292,AWP | Chromatic Aberration (Factory New),433.0,426.0,273,29,0.1062,0.9838,steamdt-live,447.5,182,452.41,187,,18,16,9,10,13,0.21129326047358832,66,10000,0
293,AK-47 | Baroque Purple (Factory New),425.0,410.0,296,31,0.1047,0.9647,steamdt-live,410.0,87,433.88,146,,18,16,9,10,13,0.3895993687564204,66,10000,0
294,Galil AR | Sugar Rush (Factory New),953.71,944.0,320,33,0.1031,0.9898,steamdt-live,967.98,70,954.09,91,,18,16,9,10,13,0.45823321233604297,66,10000,0
295,M4A4 | Buzz Kill (Factory New),3150.0,3090.0,993,78,0.0785,0.981,steamdt-live,3300.0,145,3292.99,140,,12,16,15,10,13,0.32677922633041245,66,10000,0
296,AWP | Fade (Factory New),4318.0,4550.0,485,37,0.0763,1.0537,steamdt-live,4316.0,338,4340.0,181,"溢价求购:买一高于卖一,多为定向收特定图案,买一价不可作退出价",12,20,9,10,15,0.30246464646464644,66,10000,0
297,★ Hydra Gloves | Rattler (Minimal Wear),218.4,212.0,126,9,0.0714,0.9707,steamdt-live,220.0,74,219.9,67,,12,16,7,20,11,0.19409594095940952,66,10000,0
298,M4A1-S | Decimator (Factory New),295.0,290.0,1125,72,0.064,0.9831,steamdt-live,297.9,324,300.2,333,,12,16,15,10,13,0.3655913978494624,66,10000,0
299,AK-47 | Head Shot (Factory New),548.5,545.0,395,25,0.0633,0.9936,steamdt-live,555.0,197,564.2,133,,12,20,9,10,15,0.20322486926205696,66,10000,0
300,AWP | Sovereign Flame (Factory New),3000.0,2800.0,21,28,1.3333,0.9333,steamdt-live,3050.0,15,3021.84,44,,30,12,2,10,11,0.6666666666666667,65,10000,0
301,M4A1-S | Fatal Glitch (Factory New),619.4,585.0,28,17,0.6071,0.9445,steamdt-live,605.21,38,623.83,67,,30,12,2,10,11,0.939479,65,10000,0
302,Desert Eagle | Mecha Industries (Factory New),158.0,156.0,892,93,0.1043,0.9873,steamdt-live,162.97,334,164.55,194,,18,16,12,10,9,0.18577686163359963,65,10000,0
303,M4A1-S | Blue Phosphor (Factory New),3560.0,3550.0,526,40,0.076,0.9972,steamdt-live,3560.0,320,3599.5,146,,12,20,12,10,11,0.16598336652219747,65,10000,0
304,M4A1-S | Nightmare (Factory New),1825.0,1750.0,404,75,0.1856,0.9589,steamdt-live,1919.99,52,1899.0,60,,22,12,9,10,11,0.3886097152428811,64,10000,0
305,FAMAS | Bad Trip (Factory New),485.0,461.0,146,24,0.1644,0.9505,steamdt-live,492.0,53,504.0,79,,22,12,7,10,13,0.11009174311926606,64,10000,0
306,USP-S | Serum (Factory New),669.0,640.0,177,27,0.1525,0.9567,steamdt-live,728.99,38,651.0,79,,22,12,7,10,13,0.2676176761767618,64,10000,0
307,M4A4 | Dark Blossom (Factory New),356.0,342.0,237,35,0.1477,0.9607,steamdt-live,350.0,81,362.15,124,,18,16,7,10,13,0.49675768163453105,64,10000,0
308,AK-47 | Hydroponic (Factory New),25553.0,25010.0,224,33,0.1473,0.9788,steamdt-live,25950.0,122,25997.0,61,,18,16,7,10,13,0.2960509097921459,64,10000,0
309,Five-SeveN | Angry Mob (Factory New),466.0,451.0,249,34,0.1365,0.9678,steamdt-live,469.5,87,462.02,122,,18,16,7,10,13,0.28202020202020206,64,10000,0
310,Glock-18 | Royal Legion (Factory New),260.0,254.0,427,57,0.1335,0.9769,steamdt-live,270.0,55,270.0,109,,18,16,9,10,11,0.4408602150537635,64,10000,0
311,USP-S | Whiteout (Factory New),2720.0,2640.0,156,20,0.1282,0.9706,steamdt-live,2888.0,56,2784.28,50,,18,16,7,10,13,0.3610523843081983,64,10000,0
312,M4A1-S | Briefing (Factory New),396.5,382.0,282,35,0.1241,0.9634,steamdt-live,400.0,56,400.13,100,,18,16,9,10,11,0.4477715877437326,64,10000,0
313,Desert Eagle | Naga (Factory New),190.98,186.0,284,35,0.1232,0.9739,steamdt-live,187.67,57,186.33,97,,18,16,9,10,11,0.4802510460251046,64,10000,0
314,M4A1-S | Atomic Alloy (Factory New),1034.0,1000.0,460,56,0.1217,0.9671,steamdt-live,1035.0,95,1035.0,97,,18,16,9,10,11,0.1286467901505065,64,10000,0
315,AWP | CMYK (Factory New),4030.0,3880.0,286,34,0.1189,0.9628,steamdt-live,4130.0,87,4119.96,71,,18,16,9,10,11,0.44030974373220366,64,10000,0
316,Tec-9 | Whiteout (Factory New),1227.06,1180.0,162,19,0.1173,0.9616,steamdt-live,1245.98,70,1226.33,105,,18,16,7,10,13,0.5516160877513712,64,10000,0
317,Galil AR | Vandal (Factory New),76.86,75.0,251,28,0.1116,0.9758,steamdt-live,76.96,85,76.36,80,,18,16,9,10,11,0.6636123348017622,64,10000,0
318,Five-SeveN | Anodized Gunmetal (Factory New),87.99,85.0,135,14,0.1037,0.966,steamdt-live,94.5,63,91.2,89,,18,16,7,10,13,0.534148665819568,64,10000,0
319,M4A1-S | Electrum (Factory New),36.9,46.3,414,39,0.0942,1.2547,steamdt-live,38.0,457,36.82,215,"溢价求购:买一高于卖一,多为定向收特定图案,买一价不可作退出价",12,20,9,10,13,0.4798700381409804,64,10000,0
320,FAMAS | Mecha Industries (Factory New),709.5,693.0,1339,124,0.0926,0.9767,steamdt-live,730.0,167,737.0,185,,12,16,15,10,11,0.5631970260223048,64,10000,0
321,Tec-9 | Bamboo Forest (Factory New),205.5,198.0,1367,104,0.0761,0.9635,steamdt-live,206.0,293,208.98,243,,12,16,15,10,11,0.522093023255814,64,10000,0
322,M4A4 | X-Ray (Factory New),919.49,905.0,1071,81,0.0756,0.9842,steamdt-live,940.0,239,924.59,230,,12,16,15,10,11,0.4248805521146699,64,10000,0
323,AWP | POP AWP (Factory New),234.0,226.0,1294,82,0.0634,0.9658,steamdt-live,250.0,290,242.3,281,,12,16,15,10,11,0.5597283109748067,64,10000,0
324,USP-S | Purple DDPAT (Factory New),180.0,175.0,1105,70,0.0633,0.9722,steamdt-live,187.48,205,186.16,277,,12,16,15,10,11,0.549988749718743,64,10000,0
325,AWP | Black Box (Factory New),164.0,150.0,40,23,0.575,0.9146,steamdt-live,157.0,72,160.0,72,,30,8,4,10,11,0.6074999999999999,63,10000,0
326,M4A4 | Dark Operative (Factory New),41.9,39.3,87,23,0.2644,0.9379,steamdt-live,42.3,80,42.29,101,,26,12,4,10,11,0.67265625,63,10000,0
327,M4A1-S | Basilisk (Factory New),197.0,191.0,552,53,0.096,0.9695,steamdt-live,198.3,176,198.34,165,,12,16,12,10,13,0.5159705159705159,63,10000,0
328,M4A4 | 龍王 (Dragon King) (Factory New),387.0,377.0,765,68,0.0889,0.9742,steamdt-live,400.0,176,394.0,175,,12,16,12,10,13,0.273921200750469,63,10000,0
329,M4A4 | Hellish (Factory New),795.0,780.0,623,48,0.077,0.9811,steamdt-live,810.0,176,800.0,224,,12,16,12,10,13,0.5301418439716312,63,10000,0
330,M4A4 | In Living Color (Factory New),594.5,584.0,852,64,0.0751,0.9823,steamdt-live,605.0,154,610.9,188,,12,16,12,10,13,0.26530612244897955,63,10000,0
331,M4A4 | Neo-Noir (Factory New),681.94,663.0,871,65,0.0746,0.9722,steamdt-live,674.5,246,685.0,201,,12,16,12,10,13,0.23655913978494625,63,10000,0
332,Desert Eagle | Cobalt Disruption (Factory New),637.0,615.0,599,44,0.0735,0.9655,steamdt-live,644.48,272,657.0,211,,12,16,12,10,13,0.44245076586433263,63,10000,0
333,AK-47 | Cartel (Factory New),340.0,334.0,880,64,0.0727,0.9824,steamdt-live,342.0,266,346.85,226,,12,16,12,10,13,0.30326441115596636,63,10000,0
334,Desert Eagle | Starcade (Factory New),1257.99,1230.0,606,44,0.0726,0.9778,steamdt-live,1299.0,135,1264.28,164,,12,16,12,10,13,0.32402471789360554,63,10000,0
335,M4A4 | Desert-Strike (Factory New),508.0,498.0,872,62,0.0711,0.9803,steamdt-live,516.59,118,519.92,198,,12,16,12,10,13,0.3481544379687882,63,10000,0
336,MP9 | Latte Rush (Factory New),344.4,333.0,515,34,0.066,0.9669,steamdt-live,371.5,175,358.0,253,,12,16,12,10,13,0.6114883920312253,63,10000,0
337,Glock-18 | Shinobu (Factory New),119.99,119.0,959,52,0.0542,0.9917,steamdt-live,118.5,400,125.08,219,,5,20,15,10,13,0.40011090386651205,63,10000,0
338,Desert Eagle | Heat Treated (Factory New),234.8,3320.0,1474,73,0.0495,14.1397,steamdt-live,240.0,293,242.58,357,"溢价求购:买一高于卖一,多为定向收特定图案,买一价不可作退出价",5,20,15,10,13,0.5458413926499033,63,10000,0
339,M4A1-S | Fade (Factory New),1164.5,1560.0,1796,85,0.0473,1.3396,steamdt-live,1169.5,1401,1175.0,995,"溢价求购:买一高于卖一,多为定向收特定图案,买一价不可作退出价",5,20,15,10,13,0.442822966507177,63,10000,0
340,AWP | Neo-Noir (Factory New),315.0,312.0,1032,48,0.0465,0.9905,steamdt-live,319.0,625,325.99,296,,5,20,15,10,13,0.21133672166445516,63,10000,0
341,AK-47 | Bloodsport (Factory New),1005.95,1000.0,1605,66,0.0411,0.9941,steamdt-live,1018.0,1098,1010.99,349,,5,20,15,10,13,0.16657000828500412,63,10000,0
342,Desert Eagle | Ocean Drive (Factory New),1694.47,1620.0,229,43,0.1878,0.9561,steamdt-live,1730.33,46,1688.88,50,,22,12,7,10,11,0.36244620611551526,62,10000,0
343,FAMAS | Commemoration (Factory New),403.37,385.0,339,43,0.1268,0.9545,steamdt-live,388.3,174,404.5,114,,18,12,9,10,13,0.3419647850327916,62,10000,0
344,Desert Eagle | Golden Koi (Factory New),1448.0,1390.0,482,59,0.1224,0.9599,steamdt-live,1478.0,158,1470.0,129,,18,12,9,10,13,0.3070112467097392,62,10000,0
345,USP-S | Pathfinder (Factory New),220.79,216.0,139,17,0.1223,0.9783,steamdt-live,218.82,71,222.66,91,,18,16,7,10,11,0.6021636363636363,62,10000,0
346,MP9 | Deadly Poison (Factory New),55.0,54.0,180,22,0.1222,0.9818,steamdt-live,52.91,77,57.76,37,,18,16,7,10,11,0.34052100211890823,62,10000,0
347,Glock-18 | Snack Attack (Factory New),748.5,714.0,359,39,0.1086,0.9539,steamdt-live,765.0,68,755.49,89,,18,12,9,10,13,0.39441747572815533,62,10000,0
348,MP9 | Airlock (Factory New),171.99,160.0,251,27,0.1076,0.9303,steamdt-live,163.09,99,164.98,111,,18,12,9,10,13,0.4069023201687396,62,10000,0
349,Five-SeveN | Case Hardened (Factory New),243.93,383.0,233,22,0.0944,1.5701,steamdt-live,242.3,147,247.0,116,"溢价求购:买一高于卖一,多为定向收特定图案,买一价不可作退出价",12,20,7,10,13,0.4378059815772988,62,10000,0
350,AWP | Chrome Cannon (Factory New),445.5,436.0,387,35,0.0904,0.9787,steamdt-live,448.3,310,453.99,155,,12,16,9,10,15,0.25501672240802675,62,10000,0
351,Glock-18 | Ghost Protocol (Factory New),3535.0,3260.0,7,24,3.4286,0.9222,steamdt-live,3534.5,7,3565.98,14,,30,8,2,10,11,0.6178353884430302,61,10000,0
352,AK-47 | AUTOEXEC (Factory New),4694.0,4310.0,17,32,1.8824,0.9182,steamdt-live,4449.5,15,4545.0,26,,30,8,2,10,11,0.6191660596889478,61,10000,0
353,AWP | The End (Factory New),309.49,282.0,66,14,0.2121,0.9112,steamdt-live,294.98,75,310.71,139,,26,8,4,10,13,0.49398747748520455,61,10000,0
354,FAMAS | Roll Cage (Factory New),894.0,836.0,93,18,0.1935,0.9351,steamdt-live,924.0,45,921.9,65,,22,12,4,10,13,0.2961738308927728,61,10000,0
355,USP-S | Ancient Visions (Factory New),303.86,283.0,64,12,0.1875,0.9313,steamdt-live,308.5,30,305.61,66,,22,12,4,10,13,0.43094181321048,61,10000,0
356,Glock-18 | Ramese's Reach (Factory New),435.0,425.0,557,55,0.0987,0.977,steamdt-live,439.86,100,448.0,189,,12,16,12,10,11,0.40082644628099173,61,10000,0
357,M4A4 | Hellfire (Factory New),2169.0,2110.0,629,61,0.097,0.9728,steamdt-live,2297.5,66,2261.6,92,,12,16,12,10,11,0.37710191548471994,61,10000,0
358,AWP | Atheris (Factory New),210.0,203.0,567,55,0.097,0.9667,steamdt-live,208.98,274,214.89,239,,12,16,12,10,11,0.5504743057497472,61,10000,0
359,Five-SeveN | Retrobution (Factory New),70.9,69.0,517,45,0.087,0.9732,steamdt-live,69.0,129,70.76,91,,12,16,12,10,11,0.6926503340757239,61,10000,0
360,Desert Eagle | Night Heist (Factory New),578.0,565.0,768,61,0.0794,0.9775,steamdt-live,629.5,85,614.88,138,,12,16,12,10,11,0.5223140495867769,61,10000,0
361,USP-S | Black Lotus (Factory New),182.99,177.0,610,43,0.0705,0.9673,steamdt-live,180.0,124,190.4,173,,12,16,12,10,11,0.506578947368421,61,10000,0
362,Desert Eagle | Midnight Storm (Factory New),600.0,581.0,781,51,0.0653,0.9683,steamdt-live,645.0,121,615.05,121,,12,16,12,10,11,0.5669589693623471,61,10000,0
363,USP-S | Lead Conduit (Factory New),87.4,85.0,536,34,0.0634,0.9725,steamdt-live,87.0,100,87.5,111,,12,16,12,10,11,0.5834929145921103,61,10000,0
364,Desert Eagle | Trigger Discipline (Factory New),42.0,40.7,729,45,0.0617,0.969,steamdt-live,43.36,406,42.07,352,,12,16,12,10,11,0.6216216216216216,61,10000,0
365,AWP | Capillary (Factory New),42.7,41.1,745,46,0.0617,0.9625,steamdt-live,43.99,157,43.51,214,,12,16,12,10,11,0.6254385964912281,61,10000,0
366,M4A1-S | Cyrex (Factory New),1249.0,1230.0,537,33,0.0615,0.9848,steamdt-live,1250.0,235,1269.45,140,,12,16,12,10,11,0.11824298088938145,61,10000,0
367,AWP | Fever Dream (Factory New),114.0,113.0,1176,46,0.0391,0.9912,steamdt-live,117.9,463,117.88,477,,5,20,15,10,11,0.5229166666666667,61,10000,0
368,AWP | PAW (Factory New),42.0,42.5,1233,27,0.0219,1.0119,steamdt-live,43.9,1072,44.45,336,,5,20,15,10,11,0.4067567567567568,61,10000,0
369,MP9 | Hydra (Factory New),274.9,259.0,115,17,0.1478,0.9422,steamdt-live,280.57,68,276.0,85,,18,12,7,10,13,0.25700694613367936,60,10000,0
370,AK-47 | Panthera onca (Factory New),2360.0,2250.0,112,16,0.1429,0.9534,steamdt-live,2350.0,33,2409.63,54,,18,12,7,10,13,0.3380281690140845,60,10000,0
371,Galil AR | Cerberus (Factory New),1098.0,1050.0,273,33,0.1209,0.9563,steamdt-live,1122.0,63,1123.5,90,,18,12,9,10,11,0.3385542168674699,60,10000,0
372,FAMAS | Eye of Athena (Factory New),223.0,210.0,308,37,0.1201,0.9417,steamdt-live,253.99,84,225.53,98,,18,12,9,10,11,0.46488133803661846,60,10000,0
373,Glock-18 | Twilight Galaxy (Factory New),3300.0,3140.0,288,33,0.1146,0.9515,steamdt-live,3400.0,69,3356.32,89,,18,12,9,10,11,0.44705093833780163,60,10000,0
374,M4A4 | Full Throttle (Factory New),1220.0,1160.0,241,27,0.112,0.9508,steamdt-live,1300.0,142,1278.5,101,,18,12,7,10,13,0.14295749912188271,60,10000,0
375,Desert Eagle | Kumicho Dragon (Factory New),459.0,440.0,475,53,0.1116,0.9586,steamdt-live,499.4,99,485.6,133,,18,12,9,10,11,0.3442857142857143,60,10000,0
376,USP-S | Cortex (Factory New),185.49,177.0,420,45,0.1071,0.9542,steamdt-live,185.98,149,185.7,212,,18,12,9,10,11,0.422808112324493,60,10000,0
377,AK-47 | Rat Rod (Factory New),532.0,510.0,476,50,0.105,0.9586,steamdt-live,568.0,40,540.42,112,,18,12,9,10,11,0.38139534883720927,60,10000,0
378,M4A4 | Griffin (Factory New),570.14,533.0,478,48,0.1004,0.9349,steamdt-live,604.87,41,579.34,131,,18,12,9,10,11,0.5737047920264986,60,10000,0
379,AWP | Elite Build (Factory New),480.0,471.0,397,39,0.0982,0.9812,steamdt-live,485.79,78,483.36,120,,12,16,9,10,13,0.3920202659911336,60,10000,0
380,AWP | Ice Coaled (Factory New),179.0,176.0,351,32,0.0912,0.9832,steamdt-live,178.0,244,182.66,142,,12,16,9,10,13,0.21585903083700442,60,10000,0
381,M4A1-S | Moss Quartz (Factory New),541.0,527.0,481,43,0.0894,0.9741,steamdt-live,547.0,124,543.02,173,,12,16,9,10,13,0.4275132275132275,60,10000,0
382,Galil AR | Phoenix Blacklight (Factory New),1000.0,982.0,440,38,0.0864,0.982,steamdt-live,1011.82,136,1010.0,125,,12,16,9,10,13,0.35400516795865633,60,10000,0
383,AWP | Electric Hive (Factory New),545.0,531.0,490,40,0.0816,0.9743,steamdt-live,560.0,208,569.97,184,,12,16,9,10,13,0.48931744955849177,60,10000,0
384,USP-S | Neo-Noir (Factory New),699.0,683.0,480,39,0.0813,0.9771,steamdt-live,710.0,200,706.0,153,,12,16,9,10,13,0.13641975308641974,60,10000,0
385,AK-47 | Nouveau Rouge (Factory New),365.49,356.0,435,32,0.0736,0.974,steamdt-live,369.0,307,378.99,177,,12,16,9,10,13,0.4535954552249962,60,10000,0
386,Five-SeveN | Berries And Cherries (Factory New),600.0,587.0,275,20,0.0727,0.9783,steamdt-live,607.5,133,612.56,127,,12,16,9,10,13,0.37823189877615315,60,10000,0
387,FAMAS | Rapid Eye Movement (Factory New),108.49,105.0,346,24,0.0694,0.9678,steamdt-live,106.0,151,108.9,148,,12,16,9,10,13,0.4162162162162162,60,10000,0
388,P250 | See Ya Later (Factory New),709.5,685.0,284,19,0.0669,0.9655,steamdt-live,720.0,104,714.0,88,,12,16,9,10,13,0.19784282467862835,60,10000,0
389,AK-47 | Vulcan (Factory New),3630.0,5570.0,837,43,0.0514,1.5344,steamdt-live,3633.5,696,3639.49,177,"溢价求购:买一高于卖一,多为定向收特定图案,买一价不可作退出价",5,20,12,10,13,0.13571428571428568,60,10000,0
390,AWP | Lightning Strike (Factory New),3000.0,2970.0,588,25,0.0425,0.99,steamdt-live,3049.5,468,3023.97,148,,5,20,12,10,13,0.1428571428571429,60,10000,0
391,Desert Eagle | Blaze (Factory New),4033.89,4010.0,517,18,0.0348,0.9941,steamdt-live,4039.5,433,4112.22,113,,5,20,12,10,13,0.17616869192280205,60,10000,0
392,P250 | Lotus Imprint (Factory New),85.0,78.0,73,18,0.2466,0.9176,steamdt-live,84.38,83,84.89,79,,26,8,4,10,11,0.5781000000000001,59,0,0
393,Five-SeveN | Hyper Beast (Factory New),2649.46,2430.0,38,6,0.1579,0.9172,steamdt-live,2848.96,33,2660.12,48,,22,8,4,10,15,0.21648844306702308,59,0,0
394,M4A4 | Spider Lily (Factory New),430.33,411.0,805,71,0.0882,0.9551,steamdt-live,448.0,161,430.0,147,,12,12,12,10,13,0.37826086956521743,59,0,0
395,Tec-9 | Remote Control (Factory New),195.0,182.0,512,36,0.0703,0.9333,steamdt-live,195.22,74,196.3,116,,12,12,12,10,13,0.38095238095238093,59,0,0
396,USP-S | Orion (Factory New),645.3,618.0,517,35,0.0677,0.9577,steamdt-live,656.9,175,657.1,230,,12,12,12,10,13,0.3786230139624459,59,0,0
397,AK-47 | Point Disarray (Factory New),433.5,425.0,1047,60,0.0573,0.9804,steamdt-live,439.0,330,439.79,264,,5,16,15,10,13,0.32053291536050155,59,0,0
398,AK-47 | The Outsiders (Factory New),387.5,378.0,1029,53,0.0515,0.9755,steamdt-live,398.99,162,399.99,298,,5,16,15,10,13,0.4726802016623518,59,0,0
399,AK-47 | Phantom Disruptor (Factory New),146.5,141.0,1567,59,0.0377,0.9625,steamdt-live,145.0,316,149.99,533,,5,16,15,10,13,0.42414614773629866,59,0,0
400,Desert Eagle | Mulberry (Factory New),82.0,79.0,1043,32,0.0307,0.9634,steamdt-live,79.44,548,84.0,259,,5,16,15,10,13,0.41155555555555556,59,0,0
401,M4A1-S | Liquidation (Factory New),61.0,59.0,1214,33,0.0272,0.9672,steamdt-live,61.45,567,62.63,290,,5,16,15,10,13,0.2719894975534074,59,0,0
402,AK-47 | Searing Rage (Factory New),120.0,117.0,1468,35,0.0238,0.975,steamdt-live,118.0,410,120.0,278,,5,16,15,10,13,0.40379951495553756,59,0,0
403,M4A4 | Tooth Fairy (Factory New),90.19,87.0,1602,37,0.0231,0.9646,steamdt-live,87.39,420,92.07,555,,5,16,15,10,13,0.39583333333333337,59,0,0
404,M4A1-S | Black Lotus (Factory New),75.3,74.0,1509,34,0.0225,0.9827,steamdt-live,74.9,1058,77.06,586,,5,16,15,10,13,0.32516442922785826,59,0,0
405,M4A4 | Polysoup (Factory New),141.99,140.0,1276,26,0.0204,0.986,steamdt-live,141.97,290,148.5,433,,5,16,15,10,13,0.4409622426079767,59,0,0
406,AK-47 | Slate (Factory New),90.99,88.0,2003,19,0.0095,0.9671,steamdt-live,91.0,1378,91.77,745,,5,16,15,10,13,0.32097014925373135,59,0,0
407,M4A1-S | Solitude (Factory New),76.39,74.0,4893,44,0.009,0.9687,steamdt-live,79.98,2571,79.0,2153,,5,16,15,10,13,0.5366180864686871,59,0,0
408,AK-47 | Jet Set (Factory New),5848.91,4280.0,10,5,0.5,0.7318,steamdt-live,5937.91,7,5838.91,14,,30,1,2,10,15,0.2687651847213526,58,0,0
409,USP-S | Road Rash (Factory New),984.91,941.0,166,22,0.1325,0.9554,steamdt-live,999.73,55,984.98,57,,18,12,7,10,11,0.26834708900289994,58,0,0
410,Tec-9 | Isaac (Factory New),117.86,110.0,240,25,0.1042,0.9333,steamdt-live,115.45,108,116.69,162,,18,12,7,10,11,0.586200716845878,58,0,0
411,USP-S | Stainless (Factory New),306.8,281.0,297,30,0.101,0.9159,steamdt-live,298.9,217,303.93,91,,18,8,9,10,13,0.4088796598437655,58,0,0
412,Glock-18 | Franklin (Factory New),769.0,756.0,433,43,0.0993,0.9831,steamdt-live,820.0,85,780.0,152,,12,16,9,10,11,0.4084569881306779,58,0,0
413,Glock-18 | Red Tire (Factory New),76.89,74.0,314,31,0.0987,0.9624,steamdt-live,85.5,69,77.97,110,,12,16,9,10,11,0.5723581757508343,58,0,0
414,Desert Eagle | Light Rail (Factory New),80.0,78.0,438,43,0.0982,0.975,steamdt-live,79.0,162,79.48,199,,12,16,9,10,11,0.5683060109289617,58,0,0
415,AK-47 | Breakthrough (Factory New),59.0,58.0,396,35,0.0884,0.9831,steamdt-live,59.89,382,59.46,259,,12,16,9,10,11,0.46837267976211927,58,0,0
416,USP-S | Blueprint (Factory New),674.5,654.0,195,17,0.0872,0.9696,steamdt-live,669.5,92,667.27,81,,12,16,7,10,13,0.37521535580524346,58,0,0
417,Galil AR | Dusk Ruins (Factory New),265.9,256.0,282,24,0.0851,0.9628,steamdt-live,269.9,49,265.19,99,,12,16,9,10,11,0.4428781512605042,58,0,0
418,Glock-18 | Mirror Mosaic (Factory New),150.0,145.0,360,29,0.0806,0.9667,steamdt-live,149.98,222,156.0,167,,12,16,9,10,11,0.1936559139784947,58,0,0
419,USP-S | Sleeping Potion (Factory New),48.8,47.0,275,22,0.08,0.9631,steamdt-live,48.99,175,52.77,84,,12,16,9,10,11,0.4026927784577724,58,0,0
420,P250 | Muertos (Factory New),126.18,122.0,280,22,0.0786,0.9669,steamdt-live,126.03,130,129.0,152,,12,16,9,10,11,0.6260237388724035,58,0,0
421,Glock-18 | Wasteland Rebel (Factory New),779.0,751.0,458,35,0.0764,0.9641,steamdt-live,797.5,92,782.0,163,,12,16,9,10,11,0.15967547039530472,58,0,0
422,FAMAS | Valence (Factory New),196.99,193.0,265,20,0.0755,0.9797,steamdt-live,194.99,83,196.52,116,,12,16,9,10,11,0.3906562499999999,58,0,0
423,Tec-9 | Phoenix Chalk (Factory New),77.0,74.0,387,29,0.0749,0.961,steamdt-live,85.46,107,76.92,114,,12,16,9,10,11,0.5604571428571428,58,0,0
424,AWP | Safari Mesh (Factory New),42.87,42.4,464,30,0.0647,0.989,steamdt-live,44.95,111,41.92,163,,12,16,9,10,11,0.6223423423423423,58,0,0
425,Glock-18 | Wraiths (Factory New),38.2,37.1,425,26,0.0612,0.9712,steamdt-live,38.0,151,37.08,143,,12,16,9,10,11,0.6693418940609952,58,0,0
426,AK-47 | Inheritance (Factory New),718.0,709.0,838,46,0.0549,0.9875,steamdt-live,710.0,701,727.0,233,,5,16,12,10,15,0.2265795206971678,58,0,0
427,M4A4 | Temukau (Factory New),635.5,629.0,783,38,0.0485,0.9898,steamdt-live,639.5,648,642.8,309,,5,16,12,10,15,0.21990171990171992,58,0,0
428,AK-47 | Fire Serpent (Factory New),14900.0,13620.0,59,10,0.1695,0.9141,steamdt-live,15250.0,50,15100.0,36,,22,8,4,10,13,0.1172985781990521,57,0,0
429,MP9 | Stained Glass (Factory New),816.0,759.0,60,6,0.1,0.9301,steamdt-live,899.46,26,809.0,57,,18,12,4,10,13,0.11779459553771998,57,0,0
430,FAMAS | ZX Spectron (Factory New),164.9,158.0,637,48,0.0754,0.9582,steamdt-live,163.76,132,164.2,160,,12,12,12,10,11,0.6492460589444826,57,0,0
431,Glock-18 | Bunsen Burner (Factory New),30.8,29.5,518,35,0.0676,0.9578,steamdt-live,29.8,201,31.69,192,,12,12,12,10,11,0.7495798319327731,57,0,0
432,Galil AR | Black Sand (Factory New),90.0,86.0,583,37,0.0635,0.9556,steamdt-live,87.4,189,90.29,95,,12,12,12,10,11,0.6115555555555555,57,0,0
433,Galil AR | Amber Fade (Factory New),118.8,112.0,523,32,0.0612,0.9428,steamdt-live,119.0,121,119.39,173,,12,12,12,10,11,0.5755323710161497,57,0,0
434,AWP | Black Nile (Factory New),107.89,104.0,1079,61,0.0565,0.9639,steamdt-live,111.88,243,110.2,359,,5,16,15,10,11,0.5309130434782608,57,0,0
435,USP-S | Cyrex (Factory New),236.0,231.0,3000,168,0.056,0.9788,steamdt-live,237.0,435,235.0,446,,5,16,15,10,11,0.6003401360544218,57,0,0
436,Five-SeveN | Boost Protocol (Factory New),71.5,69.0,1390,76,0.0547,0.965,steamdt-live,71.9,245,72.62,257,,5,16,15,10,11,0.5843023255813953,57,0,0
437,Desert Eagle | Conspiracy (Factory New),152.3,147.0,1387,71,0.0512,0.9652,steamdt-live,150.0,806,153.57,279,,5,16,15,10,11,0.41421607170938834,57,0,0
438,Glock-18 | Vogue (Factory New),76.0,74.0,907,43,0.0474,0.9737,steamdt-live,77.79,293,75.66,599,,5,16,15,10,11,0.4831967213114755,57,0,0
439,MP9 | Mount Fuji (Factory New),94.9,92.0,1237,54,0.0437,0.9694,steamdt-live,96.99,517,97.84,343,,5,16,15,10,11,0.4450292397660819,57,0,0
440,Desert Eagle | Printstream (Factory New),465.0,459.0,1272,52,0.0409,0.9871,steamdt-live,473.0,932,478.29,455,,5,16,15,10,11,0.1750638660232755,57,0,0
441,AWP | Mortis (Factory New),78.98,77.0,1039,42,0.0404,0.9749,steamdt-live,77.77,316,79.87,408,,5,16,15,10,11,0.5769000598444045,57,0,0
442,Glock-18 | Nuclear Garden (Factory New),275.0,271.0,2761,111,0.0402,0.9855,steamdt-live,283.5,248,288.0,291,,5,16,15,10,11,0.5966231884057971,57,0,0
443,AK-47 | Safety Net (Factory New),82.9,80.0,1912,72,0.0377,0.965,steamdt-live,86.0,374,86.0,535,,5,16,15,10,11,0.6379912663755458,57,0,0
444,AWP | Phobos (Factory New),41.0,39.6,1325,46,0.0347,0.9659,steamdt-live,39.89,384,41.59,511,,5,16,15,10,11,0.688824587471651,57,0,0
445,M4A4 | Turbine (Factory New),86.4,85.0,1139,39,0.0342,0.9838,steamdt-live,84.84,210,87.61,279,,5,16,15,10,11,0.5649230769230769,57,0,0
446,MP9 | Sand Scale (Factory New),35.87,35.2,965,33,0.0342,0.9813,steamdt-live,34.2,258,35.8,194,,5,16,15,10,11,0.7007874015748031,57,0,0
447,USP-S | Guardian (Factory New),32.77,31.8,1194,21,0.0176,0.9704,steamdt-live,32.89,650,32.99,500,,5,16,15,10,11,0.6233333333333333,57,0,0
448,AK-47 | Crossfade (Factory New),25.9,25.2,2753,45,0.0163,0.973,steamdt-live,27.4,942,27.41,1040,,5,16,15,10,11,0.49015748031496065,57,0,0
449,AK-47 | Red Laminate (Factory New),3038.99,1570.0,7,6,0.8571,0.5166,steamdt-live,4000.0,8,3293.94,6,,30,1,2,10,13,0.1452514752124926,56,0,0
450,M4A4 | Radiation Hazard (Factory New),2449.5,1930.0,9,5,0.5556,0.7879,steamdt-live,2399.0,7,2347.0,11,,30,1,2,10,13,0.2941353383458647,56,0,0
451,USP-S | Para Green (Factory New),255.96,236.0,186,24,0.129,0.922,steamdt-live,279.69,89,245.42,100,,18,8,7,10,13,0.49385414948028383,56,0,0
452,Glock-18 | Reactor (Factory New),498.0,452.0,213,27,0.1268,0.9076,steamdt-live,558.0,54,501.0,94,,18,8,7,10,13,0.29858167016436854,56,0,0
453,AWP | LongDog (Factory New),3035.0,2890.0,347,32,0.0922,0.9522,steamdt-live,3130.0,134,3049.0,164,,12,12,9,10,13,0.5460324583052876,56,0,0
454,AK-47 | Green Laminate (Factory New),279.9,261.0,330,26,0.0788,0.9325,steamdt-live,274.5,123,282.1,127,,12,12,9,10,13,0.439795918367347,56,0,0
455,Glock-18 | Dragon Tattoo (Factory New),547.0,520.0,362,22,0.0608,0.9506,steamdt-live,547.5,239,568.83,233,,12,12,9,10,13,0.350302281662371,56,0,0
456,AWP | Crakow! (Factory New),509.5,504.0,763,40,0.0524,0.9892,steamdt-live,516.5,361,519.96,259,,5,16,12,10,13,0.43357420789327406,56,0,0
457,AK-47 | Legion of Anubis (Factory New),346.0,342.0,757,38,0.0502,0.9884,steamdt-live,343.0,333,349.5,262,,5,16,12,10,13,0.1630063445583212,56,0,0
458,M4A1-S | Guardian (Factory New),462.54,455.0,659,32,0.0486,0.9837,steamdt-live,469.5,312,465.95,200,,5,16,12,10,13,0.3172841328413284,56,0,0
459,Glock-18 | AXIA (Factory New),312.0,302.0,723,35,0.0484,0.9679,steamdt-live,310.0,249,316.9,581,,5,16,12,10,13,0.5615275813295615,56,0,0
460,Galil AR | Chromatic Aberration (Factory New),124.49,122.0,626,29,0.0463,0.98,steamdt-live,130.0,188,125.67,200,,5,16,12,10,13,0.5354850746268657,56,0,0
461,M4A1-S | Icarus Fell (Factory New),2939.5,2890.0,606,26,0.0429,0.9832,steamdt-live,2999.48,400,2997.0,180,,5,16,12,10,13,0.25582278481012655,56,0,0
462,Tec-9 | Orange Murano (Factory New),94.4,87.0,63,11,0.1746,0.9216,steamdt-live,96.61,23,97.23,23,,22,8,4,10,11,0.27384615384615385,55,0,0
463,P250 | Mehndi (Factory New),199.5,178.0,35,5,0.1429,0.8922,steamdt-live,195.5,41,203.99,70,,18,8,4,10,15,0.33239994536265527,55,0,0
464,Glock-18 | Blue Fissure (Factory New),220.99,201.0,52,6,0.1154,0.9095,steamdt-live,258.5,27,218.0,66,,18,8,4,10,15,0.26487944697352894,55,0,0
465,USP-S | Royal Blue (Factory New),607.5,560.0,48,5,0.1042,0.9218,steamdt-live,635.0,40,633.0,43,,18,8,4,10,15,0.36253934942287513,55,0,0
466,MP9 | Pandora's Box (Factory New),818.0,807.0,43,4,0.093,0.9866,steamdt-live,927.98,41,867.25,52,,12,16,4,10,13,0.2693166592228674,55,0,0
467,AWP | Duality (Factory New),67.0,64.0,1020,25,0.0245,0.9552,steamdt-live,64.85,635,66.88,521,,5,12,15,10,13,0.4893700787401575,55,0,0
468,USP-S | Royal Guard (Factory New),29.8,28.6,1107,27,0.0244,0.9597,steamdt-live,28.86,768,29.5,690,,5,12,15,10,13,0.4978257088189251,55,0,0
469,M4A4 | Sheet Lightning (Factory New),28.79,27.5,1149,28,0.0244,0.9552,steamdt-live,28.35,561,29.42,612,,5,12,15,10,13,0.6097728836889195,55,0,0
470,Galil AR | Rainbow Spoon (Factory New),173.0,164.0,931,22,0.0236,0.948,steamdt-live,173.0,393,171.82,638,,5,12,15,10,13,0.5667506297229219,55,0,0
471,AK-47 | Ice Coaled (Factory New),90.7,86.0,1704,39,0.0229,0.9482,steamdt-live,89.38,1238,91.0,725,,5,12,15,10,13,0.2547319269573919,55,0,0
472,M4A4 | Evil Daimyo (Factory New),56.9,54.0,1785,40,0.0224,0.949,steamdt-live,56.6,924,57.21,708,,5,12,15,10,13,0.4009544008483563,55,0,0
473,AK-47 | Midnight Laminate (Factory New),81.56,76.0,1573,28,0.0178,0.9318,steamdt-live,81.95,1048,85.88,695,,5,12,15,10,13,0.4335717758177652,55,0,0
474,Desert Eagle | Hand Cannon (Factory New),2730.28,2070.0,19,6,0.3158,0.7582,steamdt-live,2978.5,30,2551.89,35,,30,1,2,10,11,0.19827269328524433,54,0,0
475,P250 | Hive (Factory New),55.55,49.0,157,16,0.1019,0.8821,steamdt-live,47.08,92,48.1,137,,18,8,7,10,11,0.8318571428571429,54,0,0
476,USP-S | Blood Tiger (Factory New),105.0,100.0,334,33,0.0988,0.9524,steamdt-live,99.7,67,100.46,147,,12,12,9,10,11,0.5897119341563786,54,0,0
477,Tec-9 | Snek-9 (Factory New),29.9,28.7,395,37,0.0937,0.9599,steamdt-live,30.0,96,28.86,118,,12,12,9,10,11,0.6793333333333333,54,0,0
478,MP9 | Food Chain (Factory New),101.99,96.0,209,19,0.0909,0.9413,steamdt-live,100.96,118,104.0,98,,12,12,7,10,13,0.38061349693251534,54,0,0
479,Tec-9 | Avalanche (Factory New),76.88,73.0,437,39,0.0892,0.9495,steamdt-live,75.0,155,75.77,148,,12,12,9,10,11,0.5297510815725124,54,0,0
480,FAMAS | Meltdown (Factory New),506.84,475.0,147,11,0.0748,0.9372,steamdt-live,520.0,40,509.4,81,,12,12,7,10,13,0.5069649805447471,54,0,0
481,Five-SeveN | Scumbria (Factory New),36.0,34.1,325,24,0.0738,0.9472,steamdt-live,34.88,63,32.16,115,,12,12,9,10,11,0.6345454545454545,54,0,0
482,M4A4 | Urban DDPAT (Factory New),155.0,148.0,476,34,0.0714,0.9548,steamdt-live,160.0,100,152.56,143,,12,12,9,10,11,0.5046753246753246,54,0,0
483,MP9 | Music Box (Factory New),48.9,46.7,267,19,0.0712,0.955,steamdt-live,45.8,100,47.5,105,,12,12,9,10,11,0.6564914122853072,54,0,0
484,Glock-18 | Steel Disruption (Factory New),260.0,243.0,367,26,0.0708,0.9346,steamdt-live,278.3,69,268.88,89,,12,12,9,10,11,0.47998959979199585,54,0,0
485,Glock-18 | Warhawk (Factory New),44.0,42.0,398,28,0.0704,0.9545,steamdt-live,44.89,69,44.85,197,,12,12,9,10,11,0.6615384615384615,54,0,0
486,Galil AR | Stone Cold (Factory New),143.0,136.0,349,24,0.0688,0.951,steamdt-live,145.0,133,139.76,118,,12,12,9,10,11,0.5803003003003003,54,0,0
487,FAMAS | Neural Net (Factory New),46.52,44.8,518,29,0.056,0.963,steamdt-live,46.44,124,46.38,256,,5,16,12,10,11,0.6615328467153285,54,0,0
488,Galil AR | Rocket Pop (Factory New),56.38,55.0,580,32,0.0552,0.9755,steamdt-live,59.0,250,58.37,263,,5,16,12,10,11,0.5482371794871794,54,0,0
489,Glock-18 | Off World (Factory New),38.5,37.5,676,36,0.0533,0.974,steamdt-live,36.47,245,37.74,161,,5,16,12,10,11,0.6828695652173913,54,0,0
490,Glock-18 | Ironwork (Factory New),222.22,216.0,869,42,0.0483,0.972,steamdt-live,221.0,83,228.04,119,,5,16,12,10,11,0.620926243567753,54,0,0
491,USP-S | 27 (Factory New),29.9,29.4,543,21,0.0387,0.9833,steamdt-live,30.01,105,29.99,204,,5,16,12,10,11,0.6582857142857144,54,0,0
492,Tec-9 | Flash Out (Factory New),24.58,24.3,820,31,0.0378,0.9886,steamdt-live,24.0,152,24.32,101,,5,16,12,10,11,0.6799999999999999,54,0,0
493,Five-SeveN | Nightshade (Factory New),102.0,99.0,572,19,0.0332,0.9706,steamdt-live,100.0,55,97.93,40,,5,16,12,10,11,0.7959791666666667,54,0,0
494,USP-S | Desert Tactical (Factory New),19.0,18.4,740,24,0.0324,0.9684,steamdt-live,19.0,142,19.18,301,,5,16,12,10,11,0.6481481481481481,54,0,0
495,MP9 | Ruby Poison Dart (Factory New),29.6,28.5,602,18,0.0299,0.9628,steamdt-live,29.78,262,30.25,256,,5,16,12,10,11,0.40177849636216645,54,0,0
496,M4A4 | Etch Lord (Factory New),20.62,19.9,852,19,0.0223,0.9651,steamdt-live,20.77,369,22.0,403,,5,16,12,10,11,0.6557021205543496,54,0,0
497,P250 | Cartel (Factory New),216.34,198.0,79,11,0.1392,0.9152,steamdt-live,225.66,50,229.49,62,,18,8,4,10,13,0.27884262808760296,53,0,0
498,FAMAS | Afterimage (Factory New),308.79,275.0,80,11,0.1375,0.8906,steamdt-live,287.99,39,284.7,53,,18,8,4,10,13,0.49269422665716334,53,0,0
499,Tec-9 | Blast From the Past (Factory New),45.66,41.5,70,7,0.1,0.9089,steamdt-live,44.99,42,46.0,51,,18,8,4,10,13,0.5360899154464838,53,0,0
500,Galil AR | Firefight (Factory New),73.99,67.0,614,39,0.0635,0.9055,steamdt-live,73.0,107,72.36,196,,12,8,12,10,11,0.5587804878048781,53,0,0
501,M4A1-S | Party Animal (Factory New),157.49,154.0,384,20,0.0521,0.9778,steamdt-live,158.5,258,163.23,497,,5,16,9,10,13,0.5742362800756962,53,0,0
502,Galil AR | Blue Titanium (Factory New),131.0,125.0,992,48,0.0484,0.9542,steamdt-live,130.27,112,132.63,210,,5,12,15,10,11,0.5100044964028776,53,0,0
503,Desert Eagle | Sputnik (Factory New),60.0,57.0,2104,93,0.0442,0.95,steamdt-live,63.5,472,63.64,479,,5,12,15,10,11,0.6625611607896069,53,0,0
504,FAMAS | Survivor Z (Factory New),33.26,31.7,1145,50,0.0437,0.9531,steamdt-live,33.44,202,33.02,306,,5,12,15,10,11,0.6329254727474972,53,0,0
505,AK-47 | Blue Laminate (Factory New),188.81,181.0,1200,50,0.0417,0.9586,steamdt-live,194.99,632,190.0,364,,5,12,15,10,11,0.5735035012423764,53,0,0
506,M4A1-S | Nitro (Factory New),80.4,77.0,1276,53,0.0415,0.9577,steamdt-live,83.6,457,80.76,335,,5,12,15,10,11,0.6320197720719484,53,0,0
507,AWP | Exothermic (Factory New),58.28,56.0,435,17,0.0391,0.9609,steamdt-live,51.9,301,58.15,292,,5,16,9,10,13,0.5099150141643061,53,0,0
508,M4A4 | Magnesium (Factory New),41.2,39.3,1347,51,0.0379,0.9539,steamdt-live,39.9,523,40.66,277,,5,12,15,10,11,0.7333333333333334,53,0,0
509,Glock-18 | Green Line (Factory New),43.54,41.3,1492,52,0.0349,0.9486,steamdt-live,43.79,278,42.21,495,,5,12,15,10,11,0.7634269662921348,53,0,0
510,USP-S | Bleeding Edge (Factory New),30.68,29.3,952,31,0.0326,0.955,steamdt-live,31.64,560,30.9,433,,5,12,15,10,11,0.5089058524173029,53,0,0
511,AWP | Acheron (Factory New),63.0,60.0,2400,78,0.0325,0.9524,steamdt-live,62.49,485,64.9,414,,5,12,15,10,11,0.6906435643564357,53,0,0
512,M4A1-S | Fizzy POP (Factory New),80.48,77.0,2543,67,0.0263,0.9568,steamdt-live,81.99,469,82.49,408,,5,12,15,10,11,0.6230444964871193,53,0,0
513,P250 | Inferno (Factory New),54.0,51.0,1039,25,0.0241,0.9444,steamdt-live,50.98,102,49.73,120,,5,12,15,10,11,0.736711139347734,53,0,0
514,AK-47 | Steel Delta (Factory New),67.4,64.0,1902,45,0.0237,0.9496,steamdt-live,66.04,324,67.22,382,,5,12,15,10,11,0.5655834758584397,53,0,0
515,Desert Eagle | Calligraffiti (Factory New),34.7,33.0,1071,22,0.0205,0.951,steamdt-live,31.23,125,33.87,269,,5,12,15,10,11,0.6564356435643565,53,0,0
516,AK-47 | Elite Build (Factory New),52.68,50.0,1042,20,0.0192,0.9491,steamdt-live,51.0,723,52.26,440,,5,12,15,10,11,0.4821283509341998,53,0,0
517,M4A1-S | Glitched Paint (Factory New),34.36,32.4,1433,24,0.0167,0.943,steamdt-live,33.99,847,35.0,698,,5,12,15,10,11,0.5572489253614692,53,0,0
518,MP9 | Arctic Tri-Tone (Factory New),33.0,31.5,2248,31,0.0138,0.9545,steamdt-live,32.67,849,33.08,1443,,5,12,15,10,11,0.5854060913705583,53,0,0
519,Tec-9 | Cut Out (Factory New),99.09,72.0,25,6,0.24,0.7266,steamdt-live,92.0,26,95.99,34,,26,1,2,10,13,0.42500000000000004,52,0,0
520,P250 | Undertow (Factory New),284.4,265.0,143,12,0.0839,0.9318,steamdt-live,281.69,91,285.56,139,,12,12,7,10,11,0.5040669014084507,52,0,0
521,FAMAS | Djinn (Factory New),247.71,236.0,137,11,0.0803,0.9527,steamdt-live,237.17,42,238.11,128,,12,12,7,10,11,0.5426108421884944,52,0,0
522,MP9 | Dart (Factory New),18.39,17.3,137,10,0.073,0.9407,steamdt-live,18.8,91,19.09,140,,12,12,7,10,11,0.6613259668508287,52,0,0
523,M4A1-S | Blood Tiger (Factory New),119.49,114.0,788,42,0.0533,0.9541,steamdt-live,118.45,224,118.46,206,,5,12,12,10,13,0.3231428571428572,52,0,0
524,Tec-9 | Titanium Bit (Factory New),539.99,528.0,638,23,0.0361,0.9778,steamdt-live,546.28,9,535.39,51,,5,16,12,10,9,0.16993798449612407,52,0,0
525,AWP | Green Energy (Factory New),196.0,187.0,765,27,0.0353,0.9541,steamdt-live,203.0,360,207.79,489,,5,12,12,10,13,0.6171875,52,0,0
526,Galil AR | CAUTION! (Factory New),429.5,404.0,54,5,0.0926,0.9406,steamdt-live,460.0,31,438.46,43,,12,12,4,10,13,0.268313458262351,51,0,0
527,M4A1-S | Master Piece (Factory New),2010.0,1870.0,84,7,0.0833,0.9303,steamdt-live,2183.44,25,2060.0,64,,12,12,4,10,13,0.37177684013127055,51,0,0
528,Glock-18 | Sacrifice (Factory New),49.2,48.2,480,28,0.0583,0.9797,steamdt-live,52.5,102,50.72,145,,5,16,9,10,11,0.7459333849728893,51,0,0
529,MP9 | Rose Iron (Factory New),57.89,56.0,472,27,0.0572,0.9674,steamdt-live,58.56,182,58.98,169,,5,16,9,10,11,0.5990441889458373,51,0,0
530,Tec-9 | Brother (Factory New),17.69,17.5,251,14,0.0558,0.9893,steamdt-live,17.67,215,17.29,494,,5,16,9,10,11,0.7754545454545454,51,0,0
531,Galil AR | Tornado (Factory New),157.37,101.0,32,6,0.1875,0.6418,steamdt-live,169.5,20,166.95,23,,22,1,4,10,13,0.39211217552533995,50,0,0
532,FAMAS | Cyanospatter (Factory New),45.3,40.2,310,30,0.0968,0.8874,steamdt-live,46.0,54,46.58,74,,12,8,9,10,11,0.6902140463653149,50,0,0
533,P250 | Contaminant (Factory New),67.0,64.0,188,18,0.0957,0.9552,steamdt-live,67.89,21,69.09,19,,12,12,7,10,9,0.1973164011021924,50,0,0
534,P250 | Dark Filigree (Factory New),55.8,51.0,103,7,0.068,0.914,steamdt-live,56.56,65,55.0,104,,12,8,7,10,13,0.5833333333333333,50,0,0
535,Galil AR | Kami (Factory New),32.4,29.2,492,33,0.0671,0.9012,steamdt-live,36.66,181,32.79,107,,12,8,9,10,11,0.6667352396626209,50,0,0
536,Five-SeveN | Buddy (Factory New),26.39,23.5,437,28,0.0641,0.8905,steamdt-live,23.0,152,23.3,166,,12,8,9,10,11,0.7383390216154722,50,0,0
537,Tec-9 | Safety Net (Factory New),96.78,88.0,460,29,0.063,0.9093,steamdt-live,94.88,102,96.79,83,,12,8,9,10,11,0.512185089974293,50,0,0
538,AK-47 | Emerald Pinstripe (Factory New),94.9,91.0,830,49,0.059,0.9589,steamdt-live,97.5,215,93.5,289,,5,12,12,10,11,0.5774393275184164,50,0,0
539,FAMAS | Pulse (Factory New),198.0,190.0,605,35,0.0579,0.9596,steamdt-live,196.38,196,193.93,190,,5,12,12,10,11,0.5359194026993395,50,0,0
540,Glock-18 | Grinder (Factory New),62.0,59.0,809,46,0.0569,0.9516,steamdt-live,59.9,331,62.31,240,,5,12,12,10,11,0.6476470588235295,50,0,0
541,Tec-9 | Blue Titanium (Factory New),219.0,208.0,647,35,0.0541,0.9498,steamdt-live,222.0,32,219.59,114,,5,12,12,10,11,0.5049390959957631,50,0,0
542,MP9 | Goo (Factory New),27.18,25.6,529,28,0.0529,0.9419,steamdt-live,24.62,283,24.32,489,,5,12,12,10,11,0.8212546125461255,50,0,0
543,AK-47 | Safari Mesh (Factory New),38.84,37.0,603,31,0.0514,0.9526,steamdt-live,40.74,188,40.68,172,,5,12,12,10,11,0.5139024390243903,50,0,0
544,Tec-9 | Bamboozle (Factory New),46.0,44.0,674,34,0.0504,0.9565,steamdt-live,44.5,188,46.7,166,,5,12,12,10,11,0.6075837742504409,50,0,0
545,Galil AR | Crimson Tsunami (Factory New),39.64,37.7,727,33,0.0454,0.9511,steamdt-live,37.65,289,38.97,263,,5,12,12,10,11,0.6707477044162659,50,0,0
546,Five-SeveN | Copper Galaxy (Factory New),118.98,111.0,698,30,0.043,0.9329,steamdt-live,114.95,132,119.21,158,,5,12,12,10,11,0.5308163265306123,50,0,0
547,Five-SeveN | Orange Peel (Factory New),19.99,19.0,545,20,0.0367,0.9505,steamdt-live,22.54,81,19.9,110,,5,12,12,10,11,0.6890625,50,0,0
548,USP-S | Forest Leaves (Factory New),27.71,26.2,566,20,0.0353,0.9455,steamdt-live,26.99,85,27.5,104,,5,12,12,10,11,0.6534856849403005,50,0,0
549,FAMAS | Decommissioned (Factory New),31.7,29.5,634,22,0.0347,0.9306,steamdt-live,26.0,174,27.41,109,,5,12,12,10,11,0.7636363636363637,50,0,0
550,Galil AR | Aqua Terrace (Factory New),879.7,780.0,32,4,0.125,0.8867,steamdt-live,928.6,22,894.2,41,,12,8,4,10,15,0.3276983393071402,49,0,0
551,FAMAS | Macabre (Factory New),66.04,57.0,70,8,0.1143,0.8631,steamdt-live,73.26,36,69.99,65,,18,4,4,10,13,0.5412933249982634,49,0,0
552,AWP | Pink DDPAT (Factory New),874.9,785.0,41,3,0.0732,0.8972,steamdt-live,999.46,14,884.8,42,,12,8,4,10,15,0.2997943160809611,49,0,0
553,P250 | Wingshot (Factory New),39.98,38.7,247,14,0.0567,0.968,steamdt-live,48.99,127,40.06,132,,5,16,7,10,11,0.7060294117647059,49,0,0
554,M4A1-S | Stratosphere (Factory New),227.98,216.0,390,22,0.0564,0.9475,steamdt-live,220.0,235,231.95,303,,5,12,9,10,13,0.5288284429213964,49,0,0
555,P250 | Vino Primo (Factory New),119.79,112.0,390,20,0.0513,0.935,steamdt-live,124.4,131,125.73,88,,5,12,9,10,13,0.3912800447177194,49,0,0
556,Glock-18 | Trace Lock (Factory New),35.9,35.0,241,12,0.0498,0.9749,steamdt-live,37.76,252,36.9,81,,5,16,7,10,11,0.3974488083249412,49,0,0
557,P250 | Visions (Factory New),49.0,47.0,434,14,0.0323,0.9592,steamdt-live,49.0,321,50.14,260,,5,12,9,10,13,0.5,49,0,0
558,Glock-18 | Night (Factory New),241.94,185.0,30,5,0.1667,0.7647,steamdt-live,220.0,24,216.72,41,,22,1,4,10,11,0.5612955465587044,48,0,0
559,Five-SeveN | Candy Apple (Factory New),537.0,378.0,30,5,0.1667,0.7039,steamdt-live,508.5,39,508.5,57,,22,1,4,10,11,0.20917573872472783,48,0,0
560,P250 | Crimson Kimono (Factory New),152.28,140.0,169,13,0.0769,0.9194,steamdt-live,146.27,61,146.69,104,,12,8,7,10,11,0.6517380952380952,48,0,0
561,P250 | Mint Kimono (Factory New),97.98,90.0,179,13,0.0726,0.9186,steamdt-live,96.6,87,95.45,80,,12,8,7,10,11,0.5306814829383419,48,0,0
562,Tec-9 | Mummy's Rot (Factory New),72.3,69.0,451,26,0.0576,0.9544,steamdt-live,71.99,77,71.9,96,,5,12,9,10,11,0.5867816091954023,47,0,0
563,FAMAS | Faulty Wiring (Factory New),22.89,21.4,462,25,0.0541,0.9349,steamdt-live,23.79,71,22.67,130,,5,12,9,10,11,0.6851388888888889,47,0,0
564,P250 | Steel Disruption (Factory New),34.89,33.2,286,15,0.0524,0.9516,steamdt-live,35.9,106,34.03,108,,5,12,9,10,11,0.7103829787234042,47,0,0
565,P250 | Cyber Shell (Factory New),24.5,23.3,304,13,0.0428,0.951,steamdt-live,24.0,124,24.34,128,,5,12,9,10,11,0.6666666666666667,47,0,0
566,P250 | Epicenter (Factory New),122.98,117.0,183,6,0.0328,0.9514,steamdt-live,129.29,77,128.76,94,,5,12,7,10,13,0.4384218457463811,47,0,0
567,AK-47 | Jaguar (Factory New),2775.5,2610.0,140,4,0.0286,0.9404,steamdt-live,3184.85,40,2891.03,46,,5,12,7,10,13,0.4277319587628866,47,0,0
568,Desert Eagle | Mudder (Factory New),46.7,40.3,367,31,0.0845,0.863,steamdt-live,47.5,55,46.26,116,,12,4,9,10,11,0.7099686520376176,46,0,0
569,Tec-9 | Ossified (Factory New),80.0,72.0,550,29,0.0527,0.9,steamdt-live,92.2,58,85.64,146,,5,8,12,10,11,0.5642701525054465,46,0,0
570,M4A1-S | Boreal Forest (Factory New),73.7,67.0,561,26,0.0463,0.9091,steamdt-live,80.86,109,73.71,106,,5,8,12,10,11,0.5905100566729636,46,0,0
571,Five-SeveN | Heat Treated (Factory New),113.7,105.0,734,29,0.0395,0.9235,steamdt-live,113.6,360,115.02,213,,5,8,12,10,11,0.5811209439528023,46,0,0
572,MP9 | Hypnotic (Factory New),100.0,91.0,523,19,0.0363,0.91,steamdt-live,99.78,197,100.99,213,,5,8,12,10,11,0.4820406038521603,46,0,0
573,Five-SeveN | Kami (Factory New),33.19,29.6,804,25,0.0311,0.8918,steamdt-live,29.18,399,29.07,153,,5,8,12,10,11,0.6031399317406143,46,0,0
574,Tec-9 | Re-Entry (Factory New),47.9,43.9,899,25,0.0278,0.9165,steamdt-live,46.6,199,44.49,237,,5,8,12,10,11,0.5722115384615385,46,0,0
575,P250 | Apep's Curse (Factory New),714.96,616.0,58,5,0.0862,0.8616,steamdt-live,695.0,34,717.84,52,,12,4,4,10,15,0.2684210526315789,45,0,0
576,P250 | Black & Tan (Factory New),58.56,53.0,86,6,0.0698,0.9051,steamdt-live,59.06,54,58.46,64,,12,8,4,10,11,0.3032181168057211,45,0,0
577,USP-S | Jawbreaker (Factory New),107.88,100.0,427,25,0.0585,0.927,steamdt-live,108.69,251,115.55,193,,5,8,9,10,13,0.391196388261851,45,0,0
578,P250 | Forest Night (Factory New),79.99,75.0,158,5,0.0316,0.9376,steamdt-live,105.0,8,79.3,34,,5,12,7,10,11,0.5824468085106382,45,0,0
579,MP9 | Setting Sun (Factory New),260.0,247.0,85,5,0.0588,0.95,steamdt-live,260.0,23,265.86,66,,5,12,4,10,13,0.2827586206896552,44,0,0
580,Five-SeveN | Crimson Blossom (Factory New),576.5,492.0,13,3,0.2308,0.8534,steamdt-live,544.9,26,584.9,17,,12,4,2,10,15,0.25274273176083384,43,0,0
581,Glock-18 | Pink DDPAT (Factory New),480.0,391.0,23,4,0.1739,0.8146,steamdt-live,510.0,15,509.18,34,,12,4,2,10,15,0.2992700729927007,43,0,0
582,Glock-18 | Synth Leaf (Factory New),2208.5,1930.0,22,3,0.1364,0.8739,steamdt-live,2471.38,24,2322.73,31,,12,4,2,10,15,0.2109682029296177,43,0,0
583,Tec-9 | Hades (Factory New),168.0,141.0,38,4,0.1053,0.8393,steamdt-live,149.0,25,158.16,51,,12,4,4,10,13,0.4241990957220697,43,0,0
584,Tec-9 | Jambiya (Factory New),42.42,38.2,270,16,0.0593,0.9005,steamdt-live,41.0,85,39.94,87,,5,8,9,10,11,0.7095061459015202,43,0,0
585,Tec-9 | Cracked Opal (Factory New),55.2,48.2,326,30,0.092,0.8732,steamdt-live,54.99,116,54.59,44,,12,4,9,10,7,0.08304498269896188,42,0,0
586,M4A4 | Tornado (Factory New),755.0,641.0,13,3,0.2308,0.849,steamdt-live,738.0,19,750.0,15,,12,4,2,10,13,0.23124999999999996,41,0,0
587,Tec-9 | Terrace (Factory New),794.1,636.0,15,3,0.2,0.8009,steamdt-live,714.9,14,735.8,28,,12,4,2,10,13,0.2909004344462298,41,0,0
588,Desert Eagle | Night (Factory New),610.0,535.0,25,3,0.12,0.877,steamdt-live,788.0,24,591.64,65,,12,4,2,10,13,0.2854589371980677,41,0,0
589,AK-47 | Wasteland Rebel (Factory New),2351.8,2000.0,20,2,0.1,0.8504,steamdt-live,2086.8,28,2204.55,32,,12,4,2,10,13,0.2125283018867924,41,0,0
590,FAMAS | Night Borre (Factory New),69.4,64.0,243,13,0.0535,0.9222,steamdt-live,69.33,93,69.9,107,,5,8,7,10,11,0.6284565916398714,41,0,0
591,FAMAS | Hexane (Factory New),65.6,57.0,283,13,0.0459,0.8689,steamdt-live,58.1,118,59.23,65,,5,4,9,10,13,0.649767918500211,41,0,0
592,Tec-9 | Rust Leaf (Factory New),85.0,79.0,120,5,0.0417,0.9294,steamdt-live,112.37,27,86.68,40,,5,8,7,10,11,0.5913461538461539,41,0,0
593,Five-SeveN | Fall Hazard (Factory New),1800.0,1000.0,6,2,0.3333,0.5556,steamdt-live,2200.0,9,1711.98,16,,12,1,2,10,15,0.2778366108760131,40,0,0
594,Five-SeveN | Neon Kimono (Factory New),3694.6,2610.0,31,4,0.129,0.7064,steamdt-live,3199.9,26,3199.9,40,,12,1,4,10,13,0.1980200501253132,40,0,0
595,P250 | Whiteout (Factory New),1949.32,1190.0,39,3,0.0769,0.6105,steamdt-live,1961.49,34,1923.68,32,,12,1,4,10,13,0.321697308199519,40,0,0
596,Galil AR | Urban Rubble (Factory New),94.19,74.0,79,6,0.0759,0.7856,steamdt-live,110.0,20,94.86,22,,12,1,4,10,13,0.46106311151799517,40,0,0
597,Tec-9 | Brass (Factory New),450.0,368.0,10,4,0.4,0.8178,steamdt-live,480.0,10,460.23,38,,12,4,2,10,11,0.3562231759656652,39,0,0
598,FAMAS | Sundown (Factory New),698.0,578.0,12,4,0.3333,0.8281,steamdt-live,785.0,10,740.42,17,,12,4,2,10,11,0.1466992665036675,39,0,0
599,USP-S | Business Class (Factory New),555.0,475.0,13,2,0.1538,0.8559,steamdt-live,685.0,13,569.94,31,,12,4,2,10,11,0.20143884892086328,39,0,0
600,Five-SeveN | Hot Shot (Factory New),295.0,242.0,136,8,0.0588,0.8203,steamdt-live,276.55,68,282.8,76,,5,4,7,10,13,0.44689999999999996,39,0,0
601,AWP | Snake Camo (Factory New),3500.0,1420.0,2,2,1.0,0.4057,steamdt-live,2600.0,5,1924.86,23,,12,1,2,10,13,0.3193564356435644,38,0,0
602,P250 | Red Rock (Factory New),248.0,126.0,9,2,0.2222,0.5081,steamdt-live,319.9,10,254.57,12,,12,1,2,10,13,0.3015658443167737,38,0,0
603,M4A4 | Zirka (Factory New),574.88,371.0,10,2,0.2,0.6454,steamdt-live,575.0,8,593.65,23,,12,1,2,10,13,0.1469357471434931,38,0,0
604,Galil AR | Hunting Blind (Factory New),39.38,13.3,20,4,0.2,0.3377,steamdt-live,69.1,19,38.19,14,,12,1,2,10,13,0.47620353860924425,38,0,0
605,USP-S | Overgrowth (Factory New),574.0,390.0,24,4,0.1667,0.6794,steamdt-live,568.9,16,569.56,31,,12,1,2,10,13,0.10830721003134802,38,0,0
606,Desert Eagle | Urban DDPAT (Factory New),147.49,96.0,27,4,0.1481,0.6509,steamdt-live,174.5,16,135.0,42,,12,1,2,10,13,0.2629797455915269,38,0,0
607,P250 | Digital Architect (Factory New),260.0,156.0,25,3,0.12,0.6,steamdt-live,329.4,23,266.2,41,,12,1,2,10,13,0.3196032763719153,38,0,0
608,Desert Eagle | Pilot (Factory New),1132.3,860.0,37,4,0.1081,0.7595,steamdt-live,1348.3,45,1052.0,42,,12,1,4,10,11,0.19657858561173058,38,0,0
609,P250 | Contamination (Factory New),54.9,40.0,70,6,0.0857,0.7286,steamdt-live,40.52,39,41.57,38,,12,1,4,10,11,0.5976760353560433,38,0,0
610,P250 | Bengal Tiger (Factory New),340.0,183.0,25,2,0.08,0.5382,steamdt-live,317.0,21,304.5,25,,12,1,2,10,13,0.13,38,0,0
611,Glock-18 | Brass (Factory New),778.21,690.0,61,3,0.0492,0.8867,steamdt-live,789.9,26,777.37,47,,5,8,4,10,11,0.4704564032697548,38,0,0
612,P250 | Iron Clad (Factory New),44.99,39.1,230,10,0.0435,0.8691,steamdt-live,44.48,25,45.9,68,,5,4,7,10,11,0.5723076923076924,37,0,0
613,Tec-9 | Nuclear Threat (Factory New),4588.88,1100.0,1,1,1.0,0.2397,steamdt-live,0.0,0,4688.0,1,,12,1,2,10,11,0.541066106610661,36,0,0
614,P250 | Bone Mask (Factory New),440.0,10.0,1,1,1.0,0.0227,steamdt-live,0.0,0,218.87,1,,12,1,2,10,11,0.5921666666666667,36,0,0
615,AK-47 | Jungle Spray (Factory New),1188.0,720.0,5,4,0.8,0.6061,steamdt-live,999.0,6,1014.93,16,,12,1,2,10,11,0.11199999999999999,36,0,0
616,P250 | Nuclear Threat (Factory New),12888.88,1040.0,3,2,0.6667,0.0807,steamdt-live,21888.0,1,13168.0,1,,12,1,2,10,11,0.7220552,36,0,0
617,M4A4 | Jungle Tiger (Factory New),666.0,400.0,6,3,0.5,0.6006,steamdt-live,519.5,10,551.53,8,,12,1,2,10,11,0.24491279069767447,36,0,0
618,P250 | Gunsmoke (Factory New),118.0,35.0,5,2,0.4,0.2966,steamdt-live,95.0,11,96.72,12,,12,1,2,10,11,0.5226130653266332,36,0,0
619,P250 | Splash (Factory New),407.9,283.0,8,3,0.375,0.6938,steamdt-live,319.5,14,335.14,16,,12,1,2,10,11,0.16905071521456438,36,0,0
620,Glock-18 | Groundwater (Factory New),579.0,260.0,6,2,0.3333,0.4491,steamdt-live,666.0,7,578.0,3,,12,1,2,10,11,0.25604623325138687,36,0,0
621,Five-SeveN | Jungle (Factory New),387.5,218.0,10,3,0.3,0.5626,steamdt-live,430.0,4,383.5,12,,12,1,2,10,11,0.23223223223223222,36,0,0
622,AK-47 | Black Laminate (Factory New),1778.0,1370.0,13,3,0.2308,0.7705,steamdt-live,1779.0,16,1886.64,16,,12,1,2,10,11,0.22695316066591587,36,0,0
623,Galil AR | Orange DDPAT (Factory New),559.9,396.0,9,2,0.2222,0.7073,steamdt-live,798.6,8,619.0,8,,12,1,2,10,11,0.3626636311895276,36,0,0
624,MP9 | Storm (Factory New),197.99,81.0,23,3,0.1304,0.4091,steamdt-live,212.3,14,205.6,10,,12,1,2,10,11,0.14567421790722757,36,0,0
625,FAMAS | Prime Conspiracy (Factory New),565.5,300.0,24,2,0.0833,0.5305,steamdt-live,507.5,25,517.47,35,,12,1,2,10,11,0.25338001853677194,36,0,0
626,Five-SeveN | Contractor (Factory New),240.0,36.0,3,3,1.0,0.15,steamdt-live,229.0,8,265.35,2,,12,1,2,10,9,0.1518518518518519,34,0,0
627,AK-47 | First Class (Factory New),1983.45,1030.0,9,3,0.3333,0.5193,steamdt-live,1399.9,19,1374.9,18,,12,1,2,10,9,0.07724832214765098,34,0,0
628,FAMAS | Spitfire (Factory New),2300.0,640.0,7,2,0.2857,0.2783,steamdt-live,2800.0,3,2250.0,9,,12,1,2,10,9,0.1964285714285714,34,0,0
629,MP9 | Green Plaid (Factory New),60.99,41.0,12,1,0.0833,0.6722,steamdt-live,70.0,5,74.55,2,,12,1,2,10,9,0.1409859154929577,34,0,0
630,MP9 | Dry Season (Factory New),2600.0,55.0,1,4,4.0,0.0212,steamdt-live,769.5,2,697.0,3,,12,1,2,10,7,0.08301539271148539,32,0,0
631,MP9 | Bulldozer (Factory New),7499.5,4020.0,6,3,0.5,0.536,steamdt-live,6799.0,5,7094.37,6,,12,1,2,10,7,0.028714285714285692,32,0,0
632,M4A4 | Faded Zebra (Factory New),408.0,200.0,13,3,0.2308,0.4902,steamdt-live,520.0,10,423.0,12,,12,1,2,10,7,0.09333333333333338,32,0,0
633,AK-47 | Predator (Factory New),666.0,328.0,6,3,0.5,0.4925,steamdt-live,1001.0,5,721.92,5,,12,1,2,10,6,0.0,31,0,0
634,Five-SeveN | Nitro (Factory New),438.9,162.0,7,1,0.1429,0.3691,steamdt-live,409.5,6,422.45,14,,12,1,2,10,6,0.0012195121951219523,31,0,0
635,M4A4 | Desert Storm (Factory New),488.0,330.0,17,1,0.0588,0.6762,steamdt-live,448.8,12,432.07,13,,5,1,2,10,13,0.14152592886946158,31,0,0
636,P250 | Facets (Factory New),500.0,0.0,2,0,0.0,,steamdt-live,2499.48,3,204.5,13,缺买一价,5,0,2,10,13,0.34223222901254413,30,0,0
637,MP9 | Dark Age (Factory New),530.0,401.0,30,3,0.1,0.7566,steamdt-live,559.1,34,562.0,28,,12,1,4,10,2,0.0,29,0,0
638,Galil AR | Shattered (Factory New),500.0,73.0,10,3,0.3,0.146,steamdt-live,399.0,4,540.0,2,,12,1,2,10,3,0.02564102564102566,28,0,0
639,Glock-18 | Sand Dune (Factory New),3499.0,0.0,4,0,0.0,,steamdt-live,0.0,0,1849.54,2,缺买一价,5,0,2,10,11,0.6595103092783505,28,0,0
640,Galil AR | Winter Forest (Factory New),4900.0,0.0,3,0,0.0,,steamdt-live,5100.0,2,3520.6,2,缺买一价,5,0,2,10,11,0.21764444444444442,28,0,0
641,P250 | Modern Hunter (Factory New),3000.0,0.0,1,0,0.0,,steamdt-live,8000.0,2,2970.0,2,缺买一价,5,0,2,10,11,0.6287499999999999,28,0,0
642,M4A4 | Modern Hunter (Factory New),0.0,1300.0,0,4,,,steamdt-live,4299.5,3,4025.88,9,缺卖一价,0,0,0,10,9,0.06363995813466683,19,0,0
643,FAMAS | Contrast Spray (Factory New),0.0,0.01,0,1,,,steamdt-live,810.0,2,761.84,6,缺卖一价,0,0,0,10,7,0.03527921995694572,17,0,0
