排名,marketHashName,youpin_sell,youpin_buy,youpin_sell_count,youpin_buy_count,挂买/挂卖,买一/卖一,数据来源,buff_sell,buff_sell_count,c5_sell,c5_sell_count,备注,盘口深度分,盘口紧密度分,流动性分,品质分,回撤位置分,跌速减弱分,低点企稳分,下行跌幅收敛分,前12h涨跌,近12h涨跌,前24h涨跌,近24h涨跌,48h回撤,距48h低点,5日回撤,5日涨跌,30日涨跌,K线时效(小时),24h变价次数,信号状态,报价风险,V2.6总分,建议资金,实际获批
1,M4A4 | The Battlestar (Factory New),487.0,458.0,699,48,0.0687,0.9405,steamdt-live,475.0,93,499.99,189,,7,9,12,2,8,20,6,5,-0.008910256410256445,0.024082099044908656,-0.03604531410916578,0.014957264957264904,0.020618556701030966,0.024082099044908656,0.07569566063436461,-0.07569566063436461,-0.2947290274684484,0.36,11,减速明显,,69,10000,10000
2,AK-47 | Jet Set (Factory New),5198.91,3260.0,12,3,0.25,0.6271,steamdt-live,5277.91,10,5527.29,9,,8,1,2,2,10,20,6,5,-0.0190251418085714,0.019394117647058895,-0.051451310092667124,0.0,0.10324967658473483,0.019394117647058895,0.10324967658473483,-0.03704451454089808,-0.2572455175369669,0.4,2,减速明显,,54,0,0
3,Desert Eagle | Sunset Storm 弐 (Factory New),2849.5,2670.0,50,6,0.12,0.937,steamdt-live,3199.89,32,3252.92,43,,11,9,4,2,8,13,6,0,-0.013157894736842146,-0.00017543859649127302,-0.020684977958630002,-0.013331024930747892,0.034067796610169454,0.0,0.07917272580384549,-0.06096556269566655,-0.09251592356687899,0.4,4,减速明显,,53,0,0
4,★ Hand Wraps | Slaughter (Field-Tested),2828.5,2770.0,280,74,0.2643,0.9793,steamdt-live,3000.0,45,2929.71,76,,17,12,9,5,8,10,6,5,0.03356654464588704,-0.012050296891372714,-0.01017334348166321,0.021111760925913936,0.017881944444444464,0.025208865691658033,0.06341059602649002,-0.06650165016501652,-0.22485612496574403,0.36,9,左侧观察,,72,10000,10000
5,M4A4 | Red DDPAT (Factory New),870.0,850.0,181,67,0.3702,0.977,steamdt-live,938.5,25,902.0,48,,20,12,7,2,10,10,6,3,0.04704705882352944,-0.02246092652726439,-0.05450500556173521,0.0235294117647058,0.033333333333333326,0.0235294117647058,0.1030927835051546,-0.08324552160168597,-0.16023166023166024,0.29,11,左侧观察,,70,10000,10000
6,★ Moto Gloves | Cool Mint (Field-Tested),5590.0,5500.0,301,86,0.2857,0.9839,steamdt-live,5750.98,45,5694.32,84,,17,12,9,5,8,10,6,3,0.016457537734133387,8.945343948485451e-05,-0.026725663716814174,0.016548463356973908,0.04923888085721573,0.022311631309436697,0.05045014438593509,-0.05045014438593509,-0.29128367670364497,0.4,11,左侧观察,,70,10000,10000
7,★ Bloodhound Gloves | Charred (Field-Tested),1339.5,1290.0,234,52,0.2222,0.963,steamdt-live,1550.0,24,1420.0,49,,17,12,7,5,8,10,6,5,0.05495472067551854,-0.028848175510588714,-0.02343855036524689,0.024521201737746967,0.03354978354978355,0.039588976243509766,0.058016877637130815,-0.058016877637130815,-0.1957370159111378,0.4,10,左侧观察,,70,10000,10000
8,★ Driver Gloves | Crimson Weave (Field-Tested),6299.0,6090.0,222,67,0.3018,0.9668,steamdt-live,7200.0,21,6600.0,43,,20,12,7,5,8,10,6,0,0.04795934572018412,-0.045461433550538,-0.01908248305942828,0.00031761156106080435,0.045533752557011864,0.0003970459779243374,0.07835247640646714,-0.07882421760748759,-0.25190023752969126,0.4,10,左侧观察,,68,10000,10000
9,Desert Eagle | Mecha Industries (Factory New),154.5,154.0,935,99,0.1059,0.9968,steamdt-live,156.0,385,157.17,177,,11,15,15,2,8,8,6,3,0.00638709677419369,-0.009551894352202162,-0.018738921245885054,-0.003225806451612856,0.021904279564446738,0.030000000000000027,0.057926829268292734,-0.0572370026848914,-0.08030239895231861,0.4,14,左侧观察,,68,10000,10000
10,★ Specialist Gloves | Emerald Web (Field-Tested),7300.0,7120.0,361,67,0.1856,0.9753,steamdt-live,7700.0,84,7394.48,69,,14,12,9,5,6,10,6,5,0.020137528651802405,-0.0059181911523995545,-0.013904109589041092,0.014100159755504604,0.013513513513513487,0.03619588360539394,0.04910772437149924,-0.04910772437149924,-0.2395437262357415,0.39,6,左侧观察,,67,10000,10000
11,★ Moto Gloves | 3rd Commando Company (Minimal Wear),570.0,552.0,113,27,0.2389,0.9684,steamdt-live,573.99,39,554.33,54,,17,12,7,5,8,8,6,3,-0.03215573429482732,-0.007164221875951449,0.012070175438596564,-0.0390895853557065,0.07596266044340716,0.007872727272727253,0.07596266044340716,0.15324442965027996,0.16360544931673648,0.4,12,左侧观察,,66,10000,10000
12,Five-SeveN | Fairy Tale (Factory New),1647.5,1560.0,207,49,0.2367,0.9469,steamdt-live,1712.8,51,1682.99,39,,17,9,7,2,10,10,6,5,0.018575851393188847,0.001519756838905817,-0.038690476190476164,0.020123839009287936,0.039352999142852174,0.03746851385390437,0.0844679077521534,-0.08472222222222225,-0.1831928606841844,0.33,8,左侧观察,,66,10000,10000
13,★ Driver Gloves | Overtake (Minimal Wear),505.0,685.0,105,21,0.2,1.3564,steamdt-live,519.91,70,520.0,42,"溢价求购:买一高于卖一,多为定向收特定图案,买一价不可作退出价",17,0,7,5,8,20,4,5,-0.0077593221011689195,0.010999999999999899,-0.030942307692307658,0.0031553253557181637,0.027884615384615397,0.021212121212121238,0.055140186915887845,0.0002374450908226855,-0.08231065282114591,0.4,7,左侧观察,买一异常溢价(不作为可成交退出价),66,0,0
14,AK-47 | Neon Revolution (Factory New),1499.5,1470.0,559,106,0.1896,0.9803,steamdt-live,1534.0,103,1542.39,136,,14,12,12,2,6,9,6,5,0.018641810918774926,-0.019934640522875857,-0.018300653594771288,-0.0016644474034620549,0.019934640522875857,0.00033355570380244615,0.043686224489795866,-0.04185303514376992,-0.09668674698795177,0.29,11,左侧观察,,66,10000,10000
15,M4A4 | Bullet Rain (Factory New),1329.0,1310.0,302,49,0.1623,0.9857,steamdt-live,1365.0,68,1336.14,138,,14,12,9,2,8,10,6,5,0.0026615969581749166,0.007963594994311762,-0.025666103553540265,0.010646387832699666,0.01492802822538808,0.010646387832699666,0.057112451223838234,-0.060113154172560135,-0.21731448763250882,0.38,7,左侧观察,,66,10000,10000
16,AK-47 | Leet Museo (Factory New),3295.0,3240.0,510,81,0.1588,0.9833,steamdt-live,3250.0,63,3339.0,66,,14,12,12,2,10,10,6,0,0.030555555555555447,-0.026654687032045543,-0.01788420733555618,0.0030864197530864335,0.026654687032045543,0.006347731847035076,0.08308647199887154,-0.08308647199887154,-0.17887822132390097,0.4,16,左侧观察,,66,10000,10000
17,M4A1-S | Mecha Industries (Factory New),1338.0,1290.0,563,69,0.1226,0.9641,steamdt-live,1348.0,171,1384.5,111,,11,12,12,2,8,10,6,5,0.022196969696969715,-0.0080189728007114,-0.021845451581349873,0.014000000000000012,0.022293644996347672,0.02960000000000007,0.06334499650104963,-0.06334499650104963,-0.12517647058823533,0.4,9,左侧观察,,66,10000,10000
18,★ Specialist Gloves | Foundation (Field-Tested),4697.5,4400.0,311,68,0.2186,0.9367,steamdt-live,4887.0,34,4760.0,56,,17,9,9,5,6,10,6,3,0.03333333333333344,0.010215053763440896,-0.03833824849339651,0.043888888888888866,0.019311064718162796,0.051012417496364204,0.039955037809115024,-0.039955037809115024,-0.280517690304794,0.33,14,左侧观察,,65,10000,10000
19,M4A4 | The Coalition (Factory New),6199.5,6090.0,288,42,0.1458,0.9823,steamdt-live,6300.0,43,6407.52,52,,11,12,9,2,10,10,6,5,0.01966496722505462,-0.015873015873015928,-0.011440000000000006,0.0034798090151331174,0.02661119397126932,0.019736842105263053,0.09988385598141691,-0.09988385598141691,-0.29272187999087385,0.15,9,左侧观察,,65,10000,10000
20,M4A4 | Buzz Kill (Factory New),2694.0,2640.0,966,73,0.0756,0.98,steamdt-live,2760.0,153,2737.48,150,,7,12,15,2,8,9,6,5,0.014635050018525275,-0.01624977177286835,-0.018366975813784325,-0.0018525379770285566,0.016501168224299034,0.0014869888475836923,0.06393328700486445,-0.06782006920415229,-0.23574468085106381,0.29,5,左侧观察,,64,10000,10000
21,USP-S | Spiral Glitch (Factory New),459.5,435.0,35,20,0.5714,0.9467,steamdt-live,477.47,50,480.0,62,,20,9,4,2,8,9,6,5,-0.004333694474539573,0.0,-0.03852163586741397,-0.004333694474539573,0.04268838934144459,0.0032751091703056012,0.0695932127887906,-0.0695932127887906,-0.17356115107913672,0.4,5,左侧观察,,63,10000,10000
22,★ Moto Gloves | Eclipse (Minimal Wear),3099.5,2900.0,132,40,0.303,0.9356,steamdt-live,3199.0,20,3200.0,28,,20,9,7,5,6,10,6,0,0.025221094005895894,-0.009744408945686955,-0.01656348045689693,0.01523092040615781,0.0359253499222395,0.02089886530195484,0.04292110545005401,-0.043068848410003135,-0.17346666666666666,0.38,9,左侧观察,,63,10000,10000
23,★ Driver Gloves | Convoy (Minimal Wear),2999.0,2830.0,130,32,0.2462,0.9436,steamdt-live,3100.0,31,3147.06,21,,17,9,7,5,6,10,6,3,0.010693342531907568,0.023549488054607437,-0.01728813559322029,0.034494653328734026,0.0322684737011939,0.056171861243176524,0.0322684737011939,-0.016721311475409784,-0.18494360646827013,0.4,11,左侧观察,,63,10000,10000
24,★ Specialist Gloves | Foundation (Minimal Wear),5444.5,5190.0,177,25,0.1412,0.9533,steamdt-live,5500.0,38,5496.83,47,,11,9,7,5,10,10,6,5,0.019667940014731045,-0.009372270742358135,-0.02856633065933256,0.010111336013610472,0.01865540493043427,0.010302525343432789,0.0827211952529534,-0.04946061220819897,-0.23979491389818586,0.05,4,左侧观察,,63,10000,10000
25,Glock-18 | Neo-Noir (Factory New),1079.0,1050.0,383,49,0.1279,0.9731,steamdt-live,1120.0,82,1093.8,119,,11,12,9,2,8,10,6,5,0.00517924528301883,0.012679612197205037,-0.033719541654891994,0.017924528301886733,0.014602873085598933,0.018885741265344702,0.06830957335658949,-0.06830957335658949,-0.20661764705882357,0.34,7,左侧观察,,63,10000,10000
26,M4A4 | Falak (Factory New),839.5,801.0,76,33,0.4342,0.9541,steamdt-live,842.0,57,842.0,101,,20,9,4,2,6,10,6,5,0.017978473934219252,-0.008269344359125852,-0.020553592461719727,0.009560459383079811,0.012352941176470567,0.011445783132530085,0.03282295878984787,-0.022131624927198557,-0.06618464961067849,0.29,8,左侧观察,,62,10000,10000
27,★ Hand Wraps | Slaughter (Minimal Wear),3266.0,3120.0,182,33,0.1813,0.9553,steamdt-live,3400.0,36,3365.0,64,,14,9,7,5,6,10,6,5,0.04617351014539062,-0.0024434941967013124,-0.022031249999999947,0.04361719124460772,0.029997029997030022,0.04361719124460772,0.030285035629453727,-0.015968665260620685,-0.1601695089588776,0.4,10,左侧观察,,62,10000,10000
28,★ Sport Gloves | Pandora's Box (Minimal Wear),31750.0,30510.0,180,24,0.1333,0.9609,steamdt-live,31497.0,206,32490.0,42,,11,12,7,5,6,10,6,5,-1.5898251192414392e-05,0.0015103578753239422,-0.010975187898990546,0.001494435612082734,0.015718750000000004,0.0031051449863850333,0.045227196944436,-0.045227196944436,-0.11251056635672019,0.3,3,左侧观察,,62,10000,10000
29,★ Moto Gloves | Eclipse (Field-Tested),3020.0,2890.0,297,74,0.2492,0.957,steamdt-live,3020.0,22,3180.47,52,,17,9,9,5,8,7,6,0,0.012824685028126614,-0.016393442622950838,-0.012662295081967145,-0.0037789983329902244,0.05923082712425687,0.027397260273972712,0.07091978940848565,-0.06103286384976525,-0.18918918918918914,0.14,17,左侧观察,,61,10000,10000
30,★ Bloodhound Gloves | Guerrilla (Minimal Wear),1113.0,1080.0,131,22,0.1679,0.9704,steamdt-live,1241.0,22,1167.83,40,,14,12,7,5,8,9,6,0,0.0026905829596413078,-0.004472271914132353,-0.012837538733953102,-0.0017937219730941312,0.014608233731739695,0.007239819004524861,0.07133917396745937,-0.07133917396745937,-0.19312159722776012,0.4,8,左侧观察,,61,10000,10000
31,M4A4 | The Emperor (Factory New),1382.8,1350.0,388,50,0.1289,0.9763,steamdt-live,1400.0,189,1397.44,130,,11,12,9,2,8,8,6,5,-0.0025207057976233127,-0.001588447653429581,-0.018033946251768018,-0.004105149441843703,0.022065063649222116,0.02429629629629626,0.07690253671562086,-0.05931972789115647,-0.2322000677405205,0.4,7,左侧观察,,61,10000,10000
32,★ Hand Wraps | Arboreal (Field-Tested),235.99,243.0,372,32,0.086,1.0297,steamdt-live,234.99,342,240.0,155,,7,15,9,5,4,10,6,5,0.0005220114842525714,0.021695652173913116,-0.021787234042553227,0.02222898903775894,0.01628432685867376,0.024457232539890184,0.02038519259629812,-0.019649561952440497,-0.08278688524590161,0.2,11,左侧观察,,61,10000,10000
33,USP-S | Monster Mashup (Factory New),421.0,407.0,559,46,0.0823,0.9667,steamdt-live,415.0,150,421.39,172,,7,12,12,2,8,8,6,5,0.0,-0.004796163069544335,-0.021126760563380254,-0.004796163069544335,0.0223792697290931,0.0,0.07477593971552154,-0.07229400456028967,-0.2838654012079379,0.4,5,左侧观察,,60,10000,10000
34,Tec-9 | Bamboo Forest (Factory New),184.5,182.0,1349,97,0.0719,0.9864,steamdt-live,195.0,293,189.3,217,,7,12,15,2,8,10,6,0,0.0009294188398667469,0.007756172165173547,-0.02479206653870769,0.008692799737575863,0.02602544475531865,0.030726256983240274,0.06106870229007633,-0.06106870229007633,-0.22013695155972612,0.4,13,左侧观察,,60,10000,10000
35,M4A1-S | Hyper Beast (Factory New),1649.5,1580.0,248,43,0.1734,0.9579,steamdt-live,1690.06,56,1655.43,87,,14,9,7,2,8,8,6,5,-0.0030211480362537513,-0.00030303030303024947,-0.01983428980923785,-0.0033232628398791597,0.023091638090838584,0.0003032140691328067,0.05146635997699822,-0.05146635997699822,-0.1226063829787234,0.4,6,左侧观察,,59,0,0
36,Five-SeveN | Fowl Play (Factory New),403.5,391.0,155,22,0.1419,0.969,steamdt-live,429.5,45,406.46,38,,11,12,7,2,10,8,4,5,-0.0024390243902439046,-0.01344743276283622,-0.06454630495790459,-0.01585365853658538,0.07937666841588908,0.0,0.18484848484848482,-0.15937500000000004,-0.1060152874709206,0.4,7,左侧观察,,59,0,0
37,AWP | Hyper Beast (Factory New),917.5,891.0,356,40,0.1124,0.9711,steamdt-live,940.0,91,936.12,80,,11,12,9,2,6,10,6,3,0.008169934640522847,-0.00864397622906532,-0.013963480128893702,-0.0005446623093682268,0.013970983342289078,0.0,0.04724818276220144,-0.03926701570680624,-0.11778846153846156,0.39,12,左侧观察,,59,0,0
38,M4A4 | Cyber Security (Factory New),759.5,732.0,411,39,0.0949,0.9638,steamdt-live,799.5,71,765.59,114,,7,12,9,2,10,10,6,3,-0.00355682964378623,0.011587639850825893,-0.02362286351090437,0.007989594946116618,0.01582200567570724,0.02496626180836703,0.09464775300989392,-0.09041916167664665,-0.2568493150684932,0.34,7,左侧观察,,59,0,0
39,M4A4 | Hellfire (Factory New),1769.99,1700.0,614,47,0.0765,0.9605,steamdt-live,1780.0,87,1806.0,98,,7,12,12,2,10,10,6,0,0.01540216771249292,-0.005623595505617973,-0.02067039106145252,0.009691956645750066,0.048392473118279544,0.01142863673506711,0.08789730799356887,-0.08789730799356887,-0.2884433706266155,0.4,9,左侧观察,,59,0,0
40,USP-S | Printstream (Factory New),560.0,545.0,534,35,0.0655,0.9732,steamdt-live,576.0,414,573.99,171,,7,12,12,2,10,10,6,0,-0.032006920415224904,0.0008936550491509543,-0.015332197614991494,-0.03114186851211076,0.04599659284497448,0.0008936550491509543,0.09017059301380992,-0.07590759075907594,-0.15087187263078095,0.4,14,左侧观察,,59,0,0
41,★ Hydra Gloves | Mangrove (Field-Tested),166.41,161.0,115,15,0.1304,0.9675,steamdt-live,168.0,121,167.11,271,,11,12,7,5,6,10,2,5,-0.0217455359773705,0.0024698795180722044,-0.015147997678467862,-0.019329365313218272,0.03412850426606295,0.04006249999999989,0.03975764570109641,-0.03306217315514237,-0.0762697751873439,0.32,11,左侧观察,,58,0,0
42,Glock-18 | Royal Legion (Factory New),238.99,230.0,391,42,0.1074,0.9624,steamdt-live,241.51,58,244.89,88,,11,12,9,2,8,10,6,0,0.0021339805012761115,-0.0021294363256784132,-0.012438016528925622,0.0,0.01646158278118437,0.004201857220891725,0.060943025540274975,-0.024530612244897942,-0.21642622950819668,0.36,16,左侧观察,,58,0,0
43,Tec-9 | Cracked Opal (Factory New),46.99,46.1,431,32,0.0742,0.9811,steamdt-live,46.19,141,47.47,53,,7,12,9,2,10,10,3,5,0.07627906976744181,-0.0019446845289542436,-0.088016967126193,0.07418604651162775,0.027374184038745142,0.07418604651162775,0.0925343811394892,-0.06686868686868697,-0.07397754611066565,0.35,15,左侧观察,,58,0,0
44,MP9 | Hot Rod (Factory New),1241.0,1210.0,262,28,0.1069,0.975,steamdt-live,1293.96,120,1246.55,126,,11,12,9,2,8,4,6,5,-0.003201280512204918,-0.0036130068245684432,-0.011659178636967638,-0.006802721088435382,0.030468750000000044,0.002536635806957177,0.07041198501872659,-0.04537727213286258,-0.11448224683183017,0.29,9,左侧观察,,57,0,0
45,AK-47 | Point Disarray (Factory New),346.4,337.0,1058,38,0.0359,0.9729,steamdt-live,349.91,341,356.93,265,,3,12,15,2,10,6,4,5,-0.00011413896418877023,-0.01144373733626336,-0.026473692982943553,-0.011556570124126142,0.037724318017667735,0.0,0.08842105263157896,-0.0762666666666667,-0.24031755778762232,0.39,5,左侧观察,,57,0,0
46,USP-S | Target Acquired (Factory New),1999.0,1900.0,154,25,0.1623,0.9505,steamdt-live,2248.0,52,2032.53,45,,14,9,7,2,10,7,4,3,0.004950495049504955,-0.01551724137931032,-0.040380047505938266,-0.010643564356435653,0.050593824228028494,0.0,0.10380764039300616,-0.05839949115409071,-0.23134319747383636,0.1,6,左侧观察,,56,0,0
47,★ Driver Gloves | Crimson Weave (Minimal Wear),6985.0,6330.0,149,20,0.1342,0.9062,steamdt-live,7100.0,24,7440.42,21,,11,6,7,5,6,10,6,5,0.02933823529411761,-0.002071576541181508,-0.0419836573682727,0.02720588235294108,0.015919977458438983,0.027281417751305215,0.030667541864476622,-0.0019175756813680778,-0.22813415105806956,0.4,4,左侧观察,,56,0,0
48,AWP | Wildfire (Factory New),897.99,889.0,494,49,0.0992,0.99,steamdt-live,897.0,168,905.99,168,,7,12,9,2,6,18,2,0,-0.008310249307479256,0.0022346368715084886,-0.028127759471043068,-0.006094182825484795,0.034050526587840024,0.03103448275862064,0.04217832354511475,-0.03548387096774197,-0.1145113524185587,0.4,12,左侧观察,,56,0,0
49,FAMAS | Commemoration (Factory New),345.17,341.0,332,31,0.0934,0.9879,steamdt-live,339.05,163,354.45,115,,7,12,9,2,10,9,2,5,0.0235294117647058,-0.0257183908045977,-0.050040512978123064,-0.002794117647058836,0.05269481154480182,0.0,0.10102081399973473,-0.10102081399973473,-0.2334215107734744,0.39,12,左侧观察,,56,0,0
50,M4A4 | Global Offensive (Factory New),269.37,261.0,324,27,0.0833,0.9689,steamdt-live,266.75,103,266.84,131,,7,12,9,2,8,7,6,5,-0.004486149014916396,0.001727440009012593,-0.009296296296296247,-0.002766458559198548,0.012037037037037068,0.018129770992366456,0.07375256085280746,-0.07375256085280746,-0.29784153724664386,0.4,4,左侧观察,,56,0,0
51,AWP | Fever Dream (Factory New),99.6,94.0,1192,32,0.0268,0.9438,steamdt-live,104.34,493,102.58,474,,3,9,15,2,10,8,4,5,0.0010021044192805029,-0.003904294724196622,-0.01684729064039403,-0.002906102815913525,0.02450980392156865,0.005050505050504972,0.09545454545454546,-0.07870370370370372,-0.28928571428571426,0.21,11,左侧观察,,56,0,0
52,★ Hand Wraps | Leather (Minimal Wear),3600.0,3400.0,183,30,0.1639,0.9444,steamdt-live,3855.5,29,3818.86,27,,14,9,7,5,4,10,6,0,0.05050505050505061,-0.01098901098901095,-0.009858551221603062,0.03896103896103886,0.01098901098901095,0.045447945404385015,0.017735334242837686,-0.017735334242837686,-0.22397068333692605,0.22,6,左侧观察,,55,0,0
53,★ Moto Gloves | Smoke Out (Minimal Wear),1069.5,2000.0,151,24,0.1589,1.87,steamdt-live,1078.5,133,1091.69,60,"溢价求购:买一高于卖一,多为定向收特定图案,买一价不可作退出价",14,0,7,5,8,10,6,5,0.007009345794392496,-0.007424593967517379,-0.039066008082622394,-0.00046728971962617383,0.03951504265828465,0.000467726847521055,0.06999999999999995,-0.06999999999999995,-0.13708245925447804,0.34,2,左侧观察,买一异常溢价(不作为可成交退出价),55,0,0
54,AWP | Green Energy (Factory New),168.99,162.0,736,22,0.0299,0.9586,steamdt-live,168.74,370,177.08,526,,3,9,12,2,10,10,6,3,0.018012048192771246,-0.0028995798567963416,-0.06478873239436622,0.015060240963855387,0.045704253270657524,0.015060240963855387,0.10133333333333339,-0.0795870432075162,-0.2979166666666667,0.26,14,左侧观察,,55,0,0
55,★ Hand Wraps | Desert Shamagh (Minimal Wear),371.0,396.0,146,30,0.2055,1.0674,steamdt-live,390.0,68,377.1,80,"溢价求购:买一高于卖一,多为定向收特定图案,买一价不可作退出价",17,0,7,5,4,17,4,0,-0.021532258064516085,0.01925877084535288,-0.008000000000000007,-0.0026881720430107503,0.010666666666666713,0.024861878453038777,0.022397891963109373,-0.02110817941952503,-0.14736164736164736,0.31,11,左侧观察,买一异常溢价(不作为可成交退出价),54,0,0
56,Glock-18 | Steel Disruption (Factory New),251.0,243.0,305,37,0.1213,0.9681,steamdt-live,261.5,78,256.69,67,,11,12,9,2,4,10,6,0,-0.010083435485784276,0.0026364144763122432,0.017092985842985797,-0.0074736051247576984,0.01953125,0.0161943319838056,0.0252048623247505,0.0,-0.27456647398843925,0.4,9,左侧观察,,54,0,0
57,★ Sport Gloves | Hedge Maze (Minimal Wear),41979.5,40750.0,215,24,0.1116,0.9707,steamdt-live,41500.0,182,43944.5,34,,11,12,7,5,10,7,2,0,-0.00011905045358218125,-0.01176358527408683,-0.03649919706354665,-0.011881235267506396,0.04575764543573235,0.012195121951219523,0.09121765884529898,-0.09122760916217754,-0.11983032873806998,0.3,7,左侧观察,,54,0,0
58,USP-S | The Traitor (Factory New),589.49,571.0,296,27,0.0912,0.9686,steamdt-live,628.0,93,612.5,125,,7,12,9,2,8,12,4,0,-0.010067170304360218,-0.0025212359132288364,-0.024494264518448383,-0.012563024506273113,0.03594616252637095,0.007692439186994582,0.06206841686555287,-0.04613268608414234,-0.24278741168914575,0.39,12,左侧观察,,54,0,0
59,Glock-18 | Vogue (Factory New),66.5,65.0,871,32,0.0367,0.9774,steamdt-live,64.39,339,67.2,714,,3,12,12,2,8,11,6,0,-0.006307692307692236,-0.003096454559529338,-0.025048747562621876,-0.009384615384615325,0.03564475063651329,0.009247648902821481,0.0668115942028985,-0.054339844323689324,-0.21427699816961565,0.29,10,左侧观察,,54,0,0
60,Glock-18 | Ifrit Lattice (Factory New),68.0,65.0,68,12,0.1765,0.9559,steamdt-live,68.96,100,68.0,110,,14,9,4,2,8,10,6,0,-0.01449275362318836,0.0,0.007299270072992803,-0.01449275362318836,0.01449275362318836,0.010251077105927653,0.05934430764974419,-0.04895104895104896,-0.18318318318318316,1.4,8,左侧观察,,53,0,0
61,★ Specialist Gloves | Emerald Web (Minimal Wear),8649.5,11050.0,198,33,0.1667,1.2775,steamdt-live,8788.0,103,8888.0,54,"溢价求购:买一高于卖一,多为定向收特定图案,买一价不可作退出价",14,0,7,5,6,10,6,5,0.04144578313253011,0.0006362795002314847,-0.04465930018416209,0.042108433734939776,0.011429224527115811,0.042108433734939776,0.03883764862762529,-0.038730829073127415,-0.24652641665577768,0.34,6,左侧观察,买一异常溢价(不作为可成交退出价),53,0,0
62,M4A4 | Poseidon (Factory New),8200.0,8300.0,205,28,0.1366,1.0122,steamdt-live,8399.0,110,8200.0,73,,11,15,7,2,8,4,6,0,-0.00616842976240306,-0.007700005929597409,-0.021715420572293143,-0.013820938746253786,0.03301886792452835,0.004109501814744343,0.0744920993227991,-0.06807591771792254,-0.2300107986290436,0.37,12,左侧观察,,53,0,0
63,Desert Eagle | Emerald Jörmungandr (Factory New),2758.99,2640.0,301,41,0.1362,0.9569,steamdt-live,2749.0,107,2772.28,119,,11,9,9,2,6,10,6,0,0.006538461538461604,0.050439434466946986,-0.008768585589020161,0.05730769230769228,0.012571839080459779,0.05751105981919591,0.03187180841697479,-0.03187180841697479,-0.1950219619326501,0.4,7,左侧观察,,53,0,0
64,Desert Eagle | Fennec Fox (Factory New),2260.0,2410.0,429,51,0.1189,1.0664,steamdt-live,2299.0,125,2288.0,89,"溢价求购:买一高于卖一,多为定向收特定图案,买一价不可作退出价",11,0,9,2,10,10,6,5,0.0063151868615489715,-0.001777777777777767,-0.03208658008658005,0.004526182084906072,0.023053501522401043,0.007174887892376747,0.08326530612244898,-0.0704604242110709,-0.2222695462777321,0.24,10,左侧观察,买一异常溢价(不作为可成交退出价),53,0,0
65,★ Specialist Gloves | Chocolate Chesterfield (Minimal Wear),1068.0,1370.0,43,18,0.4186,1.2828,steamdt-live,1076.0,45,1099.5,27,"溢价求购:买一高于卖一,多为定向收特定图案,买一价不可作退出价",20,0,4,5,2,10,6,5,0.02239161505478804,-0.004659832246039164,-0.02824074074074079,0.01762744163887575,0.011111111111111072,0.01908396946564883,0.011111111111111072,-0.010653080129689685,-0.101010101010101,0.4,4,左侧观察,买一异常溢价(不作为可成交退出价),52,0,0
66,★ Hand Wraps | Spruce DDPAT (Minimal Wear),2300.0,2210.0,179,34,0.1899,0.9609,steamdt-live,2364.84,30,2339.63,42,,14,12,7,5,6,4,4,0,-0.022651006711409405,-0.012875536480686733,0.05402776549650712,-0.03523489932885904,0.03604358759430004,0.016889203289415455,0.03604358759430004,-0.035028466660233404,-0.2115186835790196,0.4,11,左侧观察,,52,0,0
67,★ Sport Gloves | Superconductor (Minimal Wear),15200.0,26200.0,190,29,0.1526,1.7237,steamdt-live,15399.5,150,15912.03,35,"溢价求购:买一高于卖一,多为定向收特定图案,买一价不可作退出价",14,0,7,5,10,7,4,5,0.005714285714285783,-0.018595041322314043,-0.04643962848297212,-0.012987012987012991,0.06172839506172845,0.0,0.09792284866468848,-0.08790879087908787,-0.18498659517426275,0.38,11,左侧观察,买一异常溢价(不作为可成交退出价),52,0,0
68,P250 | Inferno (Factory New),44.69,42.8,347,26,0.0749,0.9577,steamdt-live,43.17,127,45.12,136,,7,9,9,2,8,6,6,5,-0.0013821700069107656,-0.0041522491349480495,-0.01273595633386404,-0.005528680027643285,0.018194223334091375,0.0,0.07618232398887215,-0.07618232398887215,-0.2792988313856427,0.4,5,左侧观察,,52,0,0
69,AK-47 | Breakthrough (Factory New),48.0,45.1,411,30,0.073,0.9396,steamdt-live,48.0,388,50.91,336,,7,9,9,2,6,10,6,3,0.03388733002374278,0.0020876826722338038,-0.030550324335635093,0.036045758687675455,0.020408163265306145,0.048034934497816595,0.03147699757869249,-0.025776334483458507,-0.2390615091946734,0.39,8,左侧观察,,52,0,0
70,Desert Eagle | Kumicho Dragon (Factory New),390.0,372.0,499,29,0.0581,0.9538,steamdt-live,390.0,131,408.48,149,,3,9,9,2,8,10,6,5,0.029947780678851288,-0.011331660202296812,-0.040100250626566414,0.018276762402088753,0.021329987452948562,0.018276762402088753,0.06698564593301437,-0.025000000000000022,-0.25344563552833077,0.36,5,左侧观察,,52,0,0
71,AWP | Crakow! (Factory New),419.0,403.0,786,32,0.0407,0.9618,steamdt-live,418.0,385,427.0,253,,3,12,12,2,10,6,4,3,-0.002358490566037763,-0.009456264775413725,-0.033067274800456126,-0.011792452830188704,0.04555808656036442,0.0023923444976077235,0.112250519089792,-0.10851063829787233,-0.2616740088105727,0.16,13,左侧观察,,52,0,0
72,AWP | Sovereign Flame (Factory New),2709.48,2410.0,19,28,1.4737,0.8895,steamdt-live,2748.0,24,2736.08,49,,20,6,2,2,8,7,6,0,-0.011129396567767125,-0.0036900505167916098,-0.0034581818181819157,-0.014778379049002144,0.018185454545454616,0.0,0.06864780958951366,-0.06864780958951366,-0.12309516076648275,0.4,5,左侧观察,,51,0,0
73,★ Sport Gloves | Scarlet Shamagh (Minimal Wear),1899.0,2770.0,184,30,0.163,1.4587,steamdt-live,1920.0,166,1949.13,63,"溢价求购:买一高于卖一,多为定向收特定图案,买一价不可作退出价",14,0,7,5,4,10,6,5,-0.00026483050847458944,0.006092715231788004,-0.01614912011005787,0.005826271186440746,0.021134020618556737,0.006359300476947549,0.02689240986328323,-0.021134020618556737,-0.08855291576673863,0.33,3,左侧观察,买一异常溢价(不作为可成交退出价),51,0,0
74,AK-47 | Fuel Injector (Factory New),2025.5,2900.0,435,49,0.1126,1.4317,steamdt-live,2048.5,201,2098.0,117,"溢价求购:买一高于卖一,多为定向收特定图案,买一价不可作退出价",11,0,9,2,10,10,4,5,0.00241975308641984,-0.0021675944627814747,-0.04476626255955474,0.00024691358024697685,0.044530402377470635,0.012750000000000039,0.08658399098083425,-0.08658399098083425,-0.18768798877080406,0.4,8,左侧观察,买一异常溢价(不作为可成交退出价),51,0,0
75,Tec-9 | Orange Murano (Factory New),79.77,75.0,95,8,0.0842,0.9402,steamdt-live,90.0,22,84.8,28,,7,9,4,2,10,10,6,3,-0.04637577491654743,-0.0027503437929741192,-0.05380710659898491,-0.04899856938483549,0.10016920473773272,0.0,0.1328405261441461,-0.1328405261441461,-0.2253083422356026,0.4,4,左侧观察,,51,0,0
76,Glock-18 | Twilight Galaxy (Factory New),2766.49,2570.0,276,23,0.0833,0.929,steamdt-live,2808.99,76,2768.0,95,,7,6,9,2,8,10,4,5,-0.0036496350364964014,0.012996336996337066,-0.04529616724738672,0.009299270072992805,0.018985455835402565,0.02425185185185197,0.060957555178268286,-0.060957555178268286,-0.22470423324922906,0.12,7,左侧观察,,51,0,0
77,AK-47 | Ice Coaled (Factory New),79.7,76.0,1686,29,0.0172,0.9536,steamdt-live,79.9,1277,81.79,822,,3,9,15,2,8,7,4,3,-0.010880316518298683,-0.00374999999999992,0.010999999999999899,-0.014589515331354996,0.028048780487804792,0.007585335018963413,0.07861271676300574,-0.079676674364896,-0.14850427350427342,0.39,12,左侧观察,,51,0,0
78,★ Broken Fang Gloves | Needle Point (Minimal Wear),357.4,368.0,110,15,0.1364,1.0297,steamdt-live,374.0,54,377.67,29,,11,15,7,5,4,6,2,0,0.01388888888888884,-0.020575342465753432,-0.016366567392551712,-0.0069722222222221575,0.023224678269898047,0.0002518186905429154,0.027238095238095172,0.007297830374753511,-0.07145454545454544,0.15,8,左侧观察,,50,0,0
79,M4A4 | In Living Color (Factory New),502.0,491.0,856,40,0.0467,0.9781,steamdt-live,507.0,181,524.0,229,,3,12,12,2,10,4,4,3,0.003960396039603964,-0.009861932938856066,-0.01075437324923112,-0.005940594059405946,0.017612524461839585,0.0009970089730808596,0.08627593738623951,-0.08727272727272728,-0.22411128284389492,0.39,14,左侧观察,,50,0,0
80,★ Specialist Gloves | Pillow Punchers (Field-Tested),2369.5,4900.0,218,29,0.133,2.0679,steamdt-live,2340.0,234,2399.38,138,"溢价求购:买一高于卖一,多为定向收特定图案,买一价不可作退出价",11,0,7,5,6,9,6,5,-0.00042553191489358433,-0.003831417624521105,-0.02892561983471076,-0.004255319148936176,0.03305785123966942,0.0,0.04489795918367345,-0.04255319148936165,-0.08379013312451056,0.4,2,左侧观察,买一异常溢价(不作为可成交退出价),49,0,0
81,★ Hydra Gloves | Rattler (Minimal Wear),209.0,193.0,121,12,0.0992,0.9234,steamdt-live,205.0,64,230.6,52,,7,6,7,5,8,10,6,0,-0.01437569113899706,0.0,-0.009571428571428564,-0.01437569113899706,0.03068703011962748,0.02499999999999991,0.0582073781412229,-0.05781781413732889,-0.09090909090909094,0.32,11,左侧观察,,49,0,0
82,Galil AR | Rocket Pop (Factory New),51.87,49.0,567,22,0.0388,0.9447,steamdt-live,49.8,260,54.93,228,,3,9,12,2,8,9,6,0,-0.052491946181542626,-0.0040000000000000036,0.0148076923076923,-0.05628197839681648,0.05842314237095869,0.0,0.07777777777777783,-0.07520891364902516,-0.2728865527814279,0.27,10,左侧观察,,49,0,0
83,P250 | Contaminant (Factory New),73.5,60.0,578,10,0.0173,0.8163,steamdt-live,66.77,27,65.53,40,,3,3,12,2,6,20,0,3,-0.03230769230769237,0.04181240063593017,-0.04115651275999421,0.008153846153846178,0.03333825047942185,0.09216666666666673,0.034762115186330766,-0.005614567526555425,0.39991454817346717,0.36,4,左侧观察,,49,0,0
84,★ Specialist Gloves | Pillow Punchers (Minimal Wear),7880.0,11000.0,94,32,0.3404,1.3959,steamdt-live,7850.0,103,7888.0,34,"溢价求购:买一高于卖一,多为定向收特定图案,买一价不可作退出价",20,0,4,5,8,7,4,0,-0.012499999999999956,-0.006329113924050667,-0.024330751875114354,-0.018750000000000044,0.04262455027745593,0.012903225806451646,0.06990521327014221,-0.06990521327014221,-0.09759742499137836,0.4,13,左侧观察,买一异常溢价(不作为可成交退出价),48,0,0
85,★ Hydra Gloves | Emerald (Minimal Wear),270.99,303.0,84,14,0.1667,1.1181,steamdt-live,270.0,64,289.8,54,"溢价求购:买一高于卖一,多为定向收特定图案,买一价不可作退出价",14,0,4,5,8,8,4,5,-0.0018416884599801175,-0.0036532713384258564,-0.025135552443534825,-0.005488231610740746,0.03048583432080154,0.005586592178770999,0.0625,-0.058216191705326326,-0.09395973154362414,0.4,10,左侧观察,买一异常溢价(不作为可成交退出价),48,0,0
86,Galil AR | Black Sand (Factory New),80.0,77.0,866,38,0.0439,0.9625,steamdt-live,83.98,181,86.99,92,,3,12,12,2,8,10,0,0,0.09777898158179843,-0.013076733283987174,-0.02003981420039802,0.08342361863488623,0.053254437869822535,0.1492601637695734,0.053254437869822535,-0.014899642901120447,-0.2792792792792793,0.4,16,左侧观察,,47,0,0
87,Glock-18 | Trace Lock (Factory New),30.0,27.0,321,14,0.0436,0.9,steamdt-live,29.67,252,30.84,122,,3,6,9,2,8,10,4,5,0.000678656260604038,0.006103763987792554,-0.023848956608148453,0.0067865626060401585,0.010670223407802437,0.012973711164219859,0.07281249999999995,-0.03606237816764135,-0.23923076923076914,0.15,8,左侧观察,,47,0,0
88,AK-47 | Searing Rage (Factory New),99.0,95.0,1339,30,0.0224,0.9596,steamdt-live,102.0,394,103.6,429,,3,9,15,2,10,6,2,0,-0.0234375,-0.010000000000000009,-0.00871248789932233,-0.033203125,0.05714285714285716,0.0,0.09836065573770492,-0.07390084190832558,-0.25,0.4,11,左侧观察,,47,0,0
89,★ Driver Gloves | Snow Leopard (Minimal Wear),3206.66,5100.0,229,23,0.1004,1.5904,steamdt-live,3209.0,239,3252.0,56,"溢价求购:买一高于卖一,多为定向收特定图案,买一价不可作退出价",11,0,7,5,2,10,6,5,-0.011331240188383052,0.018339679444633328,-0.00453195811845597,0.006800627943485127,0.010290123456790146,0.018339679444633328,0.01287979067261813,-0.01287979067261813,-0.11562370721751847,0.39,6,左侧观察,买一异常溢价(不作为可成交退出价),46,0,0
90,★ Hydra Gloves | Mangrove (Minimal Wear),207.0,231.0,142,10,0.0704,1.1159,steamdt-live,204.5,51,222.0,49,"溢价求购:买一高于卖一,多为定向收特定图案,买一价不可作退出价",7,0,7,5,6,10,6,5,0.0,0.0,-0.02619047619047621,0.0,0.02619047619047621,0.005210381439245015,0.045685752951607594,-0.04439252336448596,-0.08460161145926592,0.4,5,左侧观察,买一异常溢价(不作为可成交退出价),46,0,0
91,FAMAS | Macabre (Factory New),54.79,45.0,75,5,0.0667,0.8213,steamdt-live,64.09,40,54.69,63,,7,3,4,2,10,9,6,5,-0.0036370249136207233,-0.001825150574922496,-0.06192425793244616,-0.0054555373704310295,0.06656426011264727,0.0,0.1173337637185281,-0.1176185866408519,-0.2820950380677344,0.23,2,左侧观察,,46,0,0
92,★ Driver Gloves | King Snake (Field-Tested),769.5,1460.0,1642,35,0.0213,1.8973,steamdt-live,787.0,1502,792.0,322,"溢价求购:买一高于卖一,多为定向收特定图案,买一价不可作退出价",3,0,15,5,8,9,6,0,-0.011553273427471145,-0.0006493506493506773,-0.011421319796954266,-0.012195121951219523,0.02409638554216864,0.0032594524119948787,0.07623049219687872,-0.07623049219687872,-0.1339335959482274,0.4,13,左侧观察,买一异常溢价(不作为可成交退出价),46,0,0
93,AWP | Queen's Gambit (Factory New),1188.0,2220.0,97,26,0.268,1.8687,steamdt-live,1216.0,118,1220.0,55,"溢价求购:买一高于卖一,多为定向收特定图案,买一价不可作退出价",17,0,4,2,10,8,4,0,-0.05845429580227535,-0.010000000000000009,-0.012015503875968947,-0.06786975284425267,0.08580223162754907,0.0,0.11343283582089547,-0.11343283582089547,-0.1277468997569733,0.36,9,左侧观察,买一异常溢价(不作为可成交退出价),45,0,0
94,★ Sport Gloves | Frosty (Minimal Wear),2178.5,3150.0,54,14,0.2593,1.4459,steamdt-live,2189.5,64,2220.0,25,"溢价求购:买一高于卖一,多为定向收特定图案,买一价不可作退出价",17,0,4,5,6,7,6,0,-0.01441766163550351,-0.004114285714285737,-0.004708520179372178,-0.018472628970488847,0.02287508409957395,0.0,0.04806641905178066,-0.031777777777777794,-0.12860000000000005,0.15,5,左侧观察,买一异常溢价(不作为可成交退出价),45,0,0
95,★ Specialist Gloves | Tiger Strike (Minimal Wear),1834.0,2820.0,314,33,0.1051,1.5376,steamdt-live,1827.0,262,1839.5,86,"溢价求购:买一高于卖一,多为定向收特定图案,买一价不可作退出价",11,0,9,5,10,8,2,0,-0.031068983675618722,-0.00706521739130439,-0.02839600920951646,-0.03791469194312791,0.06738131699846861,0.015846538782318564,0.10681984844781223,-0.10725629122892744,-0.19515418502202642,0.19,10,左侧观察,买一异常溢价(不作为可成交退出价),45,0,0
96,★ Moto Gloves | Blood Pressure (Field-Tested),655.98,840.0,229,23,0.1004,1.2805,steamdt-live,685.0,228,667.5,138,"溢价求购:买一高于卖一,多为定向收特定图案,买一价不可作退出价",11,0,7,5,8,8,6,0,-0.020833023539383433,-0.0037966225246021112,-0.020365056011187654,-0.024550550937560423,0.04441563360379919,0.0,0.05600805871348391,-0.05600805871348391,-0.11492795077985851,0.31,16,左侧观察,买一异常溢价(不作为可成交退出价),45,0,0
97,AWP | Lightning Strike (Factory New),2894.5,2800.0,603,18,0.0299,0.9674,steamdt-live,2879.0,496,2929.0,163,,3,12,12,2,6,6,4,0,-0.01500682128240105,-0.006232686980609414,0.018763029881862403,-0.02114597544338337,0.021476377348712328,0.007017543859649145,0.03691275167785235,-0.03367003367003363,-0.06757634827810266,0.23,6,左侧观察,,45,0,0
98,M4A4 | Eye of Horus (Factory New),3869.99,4350.0,280,31,0.1107,1.124,steamdt-live,3918.5,143,3998.0,85,"溢价求购:买一高于卖一,多为定向收特定图案,买一价不可作退出价",11,0,9,2,6,10,6,0,-0.00012987012987009106,0.005322769190803989,-0.02519059422862191,0.005192207792207748,0.020129181236058336,0.018418421052631473,0.03129161451814777,-0.031049073610415645,-0.20979973374061756,0.29,11,左侧观察,买一异常溢价(不作为可成交退出价),44,0,0
99,M4A4 | Daybreak (Factory New),3999.49,3610.0,172,15,0.0872,0.9026,steamdt-live,4198.9,48,4157.7,54,,7,6,7,2,6,10,6,0,0.03980000000000006,-0.03839921138680513,-0.04157182221157307,-0.00012750000000005812,0.04169402180424109,0.028442636440311864,0.04501193887297039,-0.04512594007401227,-0.23071936910944413,0.39,6,左侧观察,,44,0,0
100,AK-47 | Gold Arabesque (Factory New),10750.0,12730.0,227,29,0.1278,1.1842,steamdt-live,11170.0,183,10875.0,62,"溢价求购:买一高于卖一,多为定向收特定图案,买一价不可作退出价",11,0,7,2,10,11,2,0,-0.022624434389140302,-0.00462962962962965,-0.043000043303165425,-0.02714932126696834,0.06898194258000256,0.019924098671726842,0.09503252831916809,-0.09282700421940926,-0.19475655430711614,0.4,13,左侧观察,买一异常溢价(不作为可成交退出价),43,0,0
101,★ Driver Gloves | Brocade Crane (Minimal Wear),2449.0,2930.0,22,21,0.9545,1.1964,steamdt-live,2480.0,22,2488.0,11,"溢价求购:买一高于卖一,多为定向收特定图案,买一价不可作退出价",20,0,2,5,4,5,6,0,-0.006868686868686913,-0.003661513425549212,-0.009960398415936655,-0.010505050505050462,0.020360814432577312,0.0,0.020399999999999974,-0.010105092966855245,-0.026242544731610362,0.4,2,左侧观察,买一异常溢价(不作为可成交退出价),42,0,0
102,MP9 | Dark Age (Factory New),497.9,386.0,33,5,0.1515,0.7753,steamdt-live,478.5,35,502.38,28,,14,1,4,2,6,9,6,0,-0.03811434302908723,-0.002085505735140769,0.0,-0.04012036108324979,0.04012036108324979,0.0,0.04012036108324979,-0.04012036108324979,-0.043936941797038886,0.22,3,左侧观察,,42,0,0
103,★ Moto Gloves | Finish Line (Minimal Wear),890.0,1200.0,199,22,0.1106,1.3483,steamdt-live,900.0,148,898.3,76,"溢价求购:买一高于卖一,多为定向收特定图案,买一价不可作退出价",11,0,7,5,8,5,6,0,-0.013758943313153527,-0.006696428571428603,-0.0071038251366120075,-0.02036323610346724,0.026790595954073293,0.0022522522522523403,0.06118143459915615,-0.06118143459915615,-0.130859375,0.39,14,左侧观察,买一异常溢价(不作为可成交退出价),42,0,0
104,★ Driver Gloves | Black Tie (Field-Tested),714.5,980.0,704,22,0.0312,1.3716,steamdt-live,727.0,665,727.5,163,"溢价求购:买一高于卖一,多为定向收特定图案,买一价不可作退出价",3,0,12,5,6,10,6,0,0.014084507042253502,-0.007638888888888862,-0.01933701657458564,0.006338028169014187,0.017031697116442923,0.013475177304964614,0.038358008075370154,-0.036269709599536015,-0.08607170723595847,0.4,13,左侧观察,买一异常溢价(不作为可成交退出价),42,0,0
105,★ Sport Gloves | Blaze (Field-Tested),689.5,842.0,107,30,0.2804,1.2212,steamdt-live,699.0,118,734.52,37,"溢价求购:买一高于卖一,多为定向收特定图案,买一价不可作退出价",17,0,7,5,6,4,2,0,-0.0014306151645206988,-0.012177650429799458,-0.02237762237762242,-0.013590844062947083,0.03566433566433569,0.013970588235294068,0.04699378023496892,-0.04699378023496892,-0.1461300309597523,0.4,13,左侧观察,买一异常溢价(不作为可成交退出价),41,0,0
106,★ Moto Gloves | POW! (Minimal Wear),889.5,1500.0,325,27,0.0831,1.6863,steamdt-live,898.0,311,906.53,75,"溢价求购:买一高于卖一,多为定向收特定图案,买一价不可作退出价",7,0,9,5,10,6,4,0,-0.027027027027026973,-0.011666666666666714,-0.041947177628171906,-0.03837837837837843,0.07776049766718507,0.0006975069750696505,0.09649568308786183,-0.09234693877551026,-0.1640037593984962,0.4,11,左侧观察,买一异常溢价(不作为可成交退出价),41,0,0
107,AK-47 | Legion of Anubis (Factory New),330.0,317.0,799,31,0.0388,0.9606,steamdt-live,336.94,333,337.1,275,,3,12,12,2,6,4,2,0,-0.008108674186888432,-0.004524886877828038,-0.010861844441813706,-0.012596870231291635,0.02187444424684326,0.01382488479262678,0.03790087463556846,-0.032229684154960636,-0.07042253521126762,0.38,9,左侧观察,,41,0,0
108,Desert Eagle | Blaze (Factory New),3747.0,3620.0,515,12,0.0233,0.9661,steamdt-live,3750.0,445,3945.0,119,,3,12,12,2,6,4,2,0,-0.00974321017571489,-0.005984838409362925,0.0017124010554088187,-0.015669737046587695,0.026822916666666696,0.010000000000000009,0.030609597924773024,-0.03035806953814224,-0.09679758308157105,0.19,12,左侧观察,,41,0,0
109,FAMAS | Waters of Nephthys (Factory New),860.0,1120.0,168,21,0.125,1.3023,steamdt-live,880.0,58,870.0,58,"溢价求购:买一高于卖一,多为定向收特定图案,买一价不可作退出价",11,0,7,2,6,8,6,0,0.0,-0.005780346820809301,-0.025900900900900914,-0.005780346820809301,0.03153153153153154,0.0005817335660267542,0.03910614525139666,-0.02604756511891282,-0.2710814269852436,0.4,9,左侧观察,买一异常溢价(不作为可成交退出价),40,0,0
110,★ Hand Wraps | Duct Tape (Minimal Wear),385.0,483.0,210,24,0.1143,1.2545,steamdt-live,399.47,74,398.98,58,"溢价求购:买一高于卖一,多为定向收特定图案,买一价不可作退出价",11,0,7,5,6,4,4,3,-0.001290322580645209,-0.00519379844961243,-0.011227353916815508,-0.006477419354838698,0.019133757961783404,0.0012743823146943445,0.04461870610715446,-0.043431808582006126,-0.12799546998867495,0.4,8,左侧观察,买一异常溢价(不作为可成交退出价),40,0,0
111,★ Specialist Gloves | Buckshot (Field-Tested),246.0,291.0,303,23,0.0759,1.1829,steamdt-live,243.99,306,248.8,146,"溢价求购:买一高于卖一,多为定向收特定图案,买一价不可作退出价",7,0,9,5,6,13,0,0,-0.008130081300813052,-4.0983606557354335e-05,-0.011968832837978893,-0.00817073170731708,0.04317647058823526,0.04269230769230781,0.04317647058823526,-0.04129666011787814,-0.10429515418502189,0.4,11,左侧观察,买一异常溢价(不作为可成交退出价),40,0,0
112,AK-47 | Nouveau Rouge (Factory New),360.0,331.0,419,26,0.0621,0.9194,steamdt-live,367.5,275,376.32,151,,7,6,9,2,10,4,2,0,-0.02144772117962468,-0.013698630136986356,-0.018421052631578894,-0.034852546916890104,0.059831291948499676,0.008403361344537785,0.08471473609274893,-0.07692307692307687,-0.08490086426029486,0.39,13,左侧观察,,40,0,0
113,AWP | Duality (Factory New),59.5,55.0,990,22,0.0222,0.9244,steamdt-live,57.0,629,60.15,554,,3,6,15,2,6,8,0,0,-0.029938116741930032,-0.0055172413793103114,0.10722222222222211,-0.03529018230473324,0.03529018230473324,0.06814814814814807,0.03529018230473324,-0.022372881355932184,-0.225459916744998,0.4,13,左侧观察,,40,0,0
114,★ Driver Gloves | King Snake (Minimal Wear),2700.0,4850.0,878,27,0.0308,1.7963,steamdt-live,2756.0,915,2797.81,164,"溢价求购:买一高于卖一,多为定向收特定图案,买一价不可作退出价",3,0,12,5,8,4,4,3,0.0,-0.01098901098901095,-0.016924738926899496,-0.01098901098901095,0.02877697841726623,0.00018521948508976038,0.05479394508002744,-0.052631578947368474,-0.11576589410805338,0.4,6,左侧观察,买一异常溢价(不作为可成交退出价),39,0,0
115,AK-47 | Case Hardened (Factory New),2674.5,12110.0,509,30,0.0589,4.5279,steamdt-live,2700.0,336,2739.5,207,"溢价求购:买一高于卖一,多为定向收特定图案,买一价不可作退出价",3,0,12,2,6,9,6,0,0.0029850746268655914,-0.005022321428571397,-0.014702259934779138,-0.0020522388059701635,0.016724326192375627,0.044726562499999956,0.04088219472834853,-0.040290227430941905,-0.17056650819199315,0.4,8,左侧观察,买一异常溢价(不作为可成交退出价),38,0,0
116,Tec-9 | Rust Leaf (Factory New),79.79,68.0,116,5,0.0431,0.8522,steamdt-live,90.0,29,84.0,41,,3,3,7,2,6,10,6,0,-0.03955277710988225,-0.0012517211165351538,-0.0013206867571137204,-0.04075498918009135,0.04202185136270864,0.0,0.04660054964750859,-0.04660054964750859,-0.2577674418604651,0.14,3,左侧观察,,37,0,0
117,MP9 | Food Chain (Factory New),89.79,76.0,227,8,0.0352,0.8464,steamdt-live,88.89,135,91.92,117,,3,3,7,2,10,7,2,3,0.0,-0.01333333333333342,-0.04143146234955797,-0.01333333333333342,0.05421237618489727,0.006004304973377117,0.09295199182839642,-0.09285933190315665,-0.18904109589041096,0.18,10,左侧观察,,37,0,0
118,Five-SeveN | Jungle (Factory New),345.0,235.0,11,4,0.3636,0.6812,steamdt-live,359.5,4,338.42,4,,8,1,2,2,4,8,6,5,0.000353982300884903,-0.0020641660769048498,-0.00877192982456143,-0.0017109144542772903,0.01478893740902465,0.004213649851632084,0.019072463768115888,-0.019072463768115888,-0.14862893081760997,0.4,12,左侧观察,,36,0,0
119,M4A1-S | Fade (Factory New),1000.0,1540.0,1860,79,0.0425,1.54,steamdt-live,1003.5,1487,1024.0,1015,"溢价求购:买一高于卖一,多为定向收特定图案,买一价不可作退出价",3,0,15,2,10,4,2,0,-0.028625954198473247,-0.018172888015717037,-0.029629629629629672,-0.046278625954198516,0.08554437328453801,0.004522613065326642,0.1139184397163121,-0.11352549889135255,-0.22429181218471095,0.22,16,左侧观察,买一异常溢价(不作为可成交退出价),36,0,0
120,AK-47 | First Class (Factory New),1982.87,870.0,8,2,0.25,0.4388,steamdt-live,1399.3,19,1311.88,8,,8,1,2,2,6,10,6,0,-0.011304714819727502,0.0,-0.003754091960236683,-0.011304714819727502,0.01501636784094662,0.0,0.03399727550532006,-0.022356693594062116,-0.06293616382974154,0.4,3,左侧观察,,35,0,0
121,MP9 | Starlight Protector (Factory New),560.0,963.0,209,17,0.0813,1.7196,steamdt-live,582.8,199,579.87,72,"溢价求购:买一高于卖一,多为定向收特定图案,买一价不可作退出价",7,0,7,2,8,5,6,0,-0.00017727353306151716,-0.007092198581560294,-0.013293685499387808,-0.007268214855522093,0.02046527899247863,0.007194244604316502,0.0516511430990686,-0.05084745762711862,-0.09311740890688258,0.4,10,左侧观察,买一异常溢价(不作为可成交退出价),35,0,0
122,★ Specialist Gloves | Marble Fade (Field-Tested),811.89,1260.0,388,31,0.0799,1.5519,steamdt-live,819.0,354,827.0,144,"溢价求购:买一高于卖一,多为定向收特定图案,买一价不可作退出价",7,0,9,5,6,4,4,0,-0.006284319707138497,-0.005341683551298604,-0.016525255919449866,-0.011592434411226371,0.027926122385301233,0.006211180124223503,0.032835820895522394,-0.015795868772782495,-0.06520484708597807,0.04,11,左侧观察,买一异常溢价(不作为可成交退出价),35,0,0
123,Desert Eagle | Midnight Storm (Factory New),464.0,451.0,746,65,0.0871,0.972,steamdt-live,472.98,144,468.0,127,,7,12,12,2,8,20,6,5,-0.01207464324917673,0.03111111111111109,-0.028536085992151516,0.01866081229418226,0.025210084033613467,0.04269662921348316,0.07731466751511296,-0.07731466751511296,-0.3918741808650066,0.4,18,长期阴跌,,72,0,0
124,AK-47 | Asiimov (Factory New),1897.49,1830.0,247,82,0.332,0.9644,steamdt-live,1920.0,78,1920.0,87,,20,12,7,2,8,10,6,5,0.026688453159041448,0.00662599469496028,-0.03930176703591104,0.03349128540305002,0.007126748329504773,0.03972054794520541,0.06962524944961734,-0.029689857073457615,-0.1856266094420601,0.4,7,回撤不明显,,70,0,0
125,M4A4 | X-Ray (Factory New),727.5,717.0,961,67,0.0697,0.9856,steamdt-live,730.0,267,732.88,239,,7,12,15,2,10,10,6,5,-0.00026228965060248743,0.005233360950013699,-0.014435374149659896,0.004969698642996123,0.005478142076502768,0.013913649025069752,0.10840171463563997,-0.10894736842105257,-0.3056843109203624,0.14,8,长期阴跌,,67,0,0
126,Galil AR | Cerberus (Factory New),876.54,851.0,276,30,0.1087,0.9709,steamdt-live,912.98,72,897.0,91,,11,12,9,2,10,10,6,5,0.004950838635049193,0.008932065655286703,-0.05467468562055766,0.01392712550607289,0.04150902132312739,0.01923255813953495,0.12694349545314199,-0.0963505154639176,-0.32108528452702756,0.39,8,长期阴跌,,65,0,0
127,★ Bloodhound Gloves | Snakebite (Minimal Wear),1139.5,1090.0,143,22,0.1538,0.9566,steamdt-live,1399.0,14,1147.2,39,,14,9,7,5,8,10,6,5,-0.0008928571428571397,0.018319928507596117,-0.020979020979020935,0.01741071428571428,0.00828532140432714,0.018319928507596117,0.06979591836734689,-0.06979591836734689,-0.21413793103448275,0.17,7,回撤不明显,,64,0,0
128,M4A1-S | Guardian (Factory New),343.0,331.0,678,47,0.0693,0.965,steamdt-live,344.84,312,353.14,218,,7,12,12,2,10,10,6,5,-2.9940119760429873e-05,0.026976855594478932,-0.01764705882352946,0.026946107784431073,0.004354136429608135,0.039393939393939315,0.13383838383838387,-0.1360201511335013,-0.349146110056926,0.39,10,长期阴跌,,64,0,0
129,M4A4 | Etch Lord (Factory New),19.62,19.2,820,28,0.0341,0.9786,steamdt-live,19.59,406,19.8,463,,3,12,12,2,8,20,2,5,-0.010582010582010581,0.04759358288770055,-0.030769230769230882,0.0365079365079366,0.003053435114503733,0.05891891891891898,0.05499276410998555,0.06583242655059851,-0.3404040404040404,0.4,8,长期阴跌,,64,0,0
130,Tec-9 | Whiteout (Factory New),994.0,961.0,142,21,0.1479,0.9668,steamdt-live,1030.0,68,1019.0,96,,11,12,7,2,10,10,6,5,0.0035353535353535026,0.0005032712632109249,-0.010000000000000009,0.004040404040404066,0.006000000000000005,0.014285714285714235,0.09389243391066548,-0.09347925216598263,-0.3295878381568387,0.16,5,长期阴跌,,63,0,0
131,M4A1-S | Flashback (Factory New),673.5,662.0,672,89,0.1324,0.9829,steamdt-live,729.34,66,701.0,81,,11,12,12,2,10,10,6,0,0.036104477611940355,-0.02980452037626591,-0.020467836257309968,0.0052238805970148405,0.041963015647226154,0.020454545454545503,0.09899665551839465,-0.08863328822733418,-0.3508433734939759,0.4,21,长期阴跌,,63,0,0
132,Five-SeveN | Scumbria (Factory New),28.49,25.7,306,20,0.0654,0.9021,steamdt-live,30.29,65,29.4,132,,7,6,9,2,8,20,6,5,-0.007481296758104716,0.022613065326633208,-0.035063595737366726,0.014962593516209433,0.020625644551392264,0.022613065326633208,0.054430799867241975,-0.04203093476798925,-0.3514682449351241,0.4,5,长期阴跌,,63,0,0
133,Tec-9 | Blue Titanium (Factory New),166.0,161.0,537,25,0.0466,0.9699,steamdt-live,157.4,42,157.68,108,,3,12,12,2,10,17,4,3,-0.02999121596185217,0.018111254851228997,-0.045571591113240384,-0.01242313966620645,0.05742858853823585,0.018177113655475807,0.14456521739130435,-0.14456521739130435,-0.3441666666666666,0.4,7,长期阴跌,,63,0,0
134,AK-47 | Blue Laminate (Factory New),139.0,135.0,1237,57,0.0461,0.9712,steamdt-live,138.84,684,146.0,430,,3,12,15,2,10,10,6,5,0.001777777777777878,0.02661934338952965,-0.021739130434782594,0.028444444444444494,7.202016564633595e-05,0.04390977443609034,0.09732787204993176,-0.09550488599348528,-0.39368531376916027,0.38,9,长期阴跌,,63,0,0
135,Desert Eagle | Sputnik (Factory New),42.5,41.2,2213,63,0.0285,0.9694,steamdt-live,42.0,509,43.16,596,,3,12,15,2,10,10,6,5,0.022820081671871106,-0.013621418506341021,-0.05321810325221732,0.008887821282728803,0.03203503111315975,0.02564102564102555,0.11634756995581741,-0.10941475826972002,-0.4545454545454546,0.35,7,长期阴跌,,63,0,0
136,FAMAS | Styx (Factory New),756.0,746.0,369,60,0.1626,0.9868,steamdt-live,755.0,73,760.0,44,,14,12,9,2,4,10,6,5,0.0044745762711864145,0.01916846652267834,-0.02896642527978932,0.023728813559322104,0.005924950625411429,0.028610354223433276,0.02075226977950717,-0.02075226977950717,0.02791014295439065,0.4,12,回撤不明显,,62,0,0
137,Glock-18 | Off World (Factory New),40.27,38.8,735,47,0.0639,0.9635,steamdt-live,40.4,240,40.32,128,,7,12,12,2,8,10,6,5,-0.012435233160621895,0.05640083945435492,0.015789473684210575,0.04326424870466328,0.0002482621648460803,0.05973684210526331,0.05202448210922772,-0.04119047619047611,-0.12265795206971664,0.25,8,回撤不明显,,62,0,0
138,Desert Eagle | Starcade (Factory New),936.0,931.0,586,32,0.0546,0.9947,steamdt-live,989.5,139,943.58,170,,3,15,12,2,10,9,6,5,0.004449175093134583,-0.008138351983723258,-0.03936605316973418,-0.0037253858435337683,0.042944785276073594,0.0,0.14909090909090905,-0.14909090909090905,-0.3406128918633322,0.37,11,长期阴跌,,62,0,0
139,Tec-9 | Remote Control (Factory New),153.49,140.0,571,26,0.0455,0.9121,steamdt-live,148.0,76,144.5,119,,3,6,12,2,8,20,6,5,-0.007017543859649145,0.021201413427561766,-0.017241379310344862,0.01403508771929829,0.0034482758620689724,0.021201413427561766,0.07371794871794868,-0.07371794871794868,-0.3817388327913743,0.4,9,长期阴跌,,62,0,0
140,USP-S | Guardian (Factory New),28.8,28.2,1179,26,0.0221,0.9792,steamdt-live,27.9,646,29.79,548,,3,12,15,2,8,20,2,0,-0.036363636363636376,0.05283018867924527,-0.017857142857142905,0.014545454545454417,0.03759917212832009,0.05283018867924527,0.06501340482573725,-0.049079754601227044,-0.3498019109764623,0.4,8,长期阴跌,,62,0,0
141,Desert Eagle | Ocean Drive (Factory New),1379.99,1350.0,226,39,0.1726,0.9783,steamdt-live,1547.8,55,1388.0,73,,14,12,7,2,10,10,6,0,-0.00540540540540535,-7.246376811598232e-06,0.031230490233968622,-0.005412612612612611,0.009794494991533065,0.0375864661654135,0.08603275735318472,-0.07692976588628764,-0.24796185286103545,0.4,11,回撤不明显,,61,0,0
142,AWP | Atheris (Factory New),174.0,170.0,543,58,0.1068,0.977,steamdt-live,170.0,303,175.67,331,,11,12,12,2,6,10,3,5,0.07499999999999996,-0.011627906976744207,-0.03817252780282532,0.0625,0.04246930269235094,0.0625,0.04246930269235094,-0.017341040462427793,-0.37037037037037035,0.36,13,长期阴跌,,61,0,0
143,USP-S | Cortex (Factory New),154.49,151.0,430,36,0.0837,0.9774,steamdt-live,152.4,173,155.59,284,,7,12,9,2,10,10,6,5,0.0121212121212122,0.013972055888223478,-0.030045721750489807,0.02626262626262621,0.013592233009708687,0.043835616438356206,0.10035419126328216,-0.10035419126328216,-0.3072412382381018,0.4,12,长期阴跌,,61,0,0
144,M4A1-S | Moss Quartz (Factory New),424.23,408.0,476,37,0.0777,0.9617,steamdt-live,447.1,117,416.35,189,,7,12,9,2,10,10,6,5,0.00969767498242291,-0.000288136000192063,-0.02401684728597786,0.009406744732950223,0.017718114471759527,0.011417466294182166,0.12149473550946344,-0.12242058891722696,-0.3322373696872494,0.36,7,长期阴跌,,61,0,0
145,Five-SeveN | Buddy (Factory New),21.33,20.3,431,21,0.0487,0.9517,steamdt-live,20.88,132,20.39,193,,3,9,9,2,10,20,3,5,-0.007894736842105177,0.08169761273209541,-0.050000000000000044,0.07315789473684209,0.0,0.08920940170940184,0.09538598047914815,-0.07360290776919587,-0.405539358600583,0.4,12,长期阴跌,,61,0,0
146,Glock-18 | Bunsen Burner (Factory New),27.89,26.7,475,52,0.1095,0.9573,steamdt-live,28.67,199,27.95,163,,11,9,9,2,8,10,6,5,0.026686434395848835,0.006859205776173383,-0.053333333333333344,0.033728687916975586,0.034614053305642045,0.033728687916975586,0.05777027027027026,-0.02788428023701639,-0.31220715166461155,0.3,9,长期阴跌,,60,0,0
147,Desert Eagle | Mudder (Factory New),35.8,32.8,318,30,0.0943,0.9162,steamdt-live,32.97,61,32.65,133,,7,6,9,2,10,20,3,3,-0.03784477228992944,0.08833333333333337,-0.09884393063583818,0.04714560615779351,0.0563583815028903,0.08833333333333337,0.0828651685393259,-0.06660949113779302,-0.5198529411764706,0.4,11,长期阴跌,,60,0,0
148,M4A4 | Hellish (Factory New),633.13,620.0,649,38,0.0586,0.9793,steamdt-live,634.0,180,635.04,231,,3,12,12,2,10,10,6,5,0.013016894609815033,0.005622706840960001,-0.043110084680523464,0.018712791633145542,0.025204003079291715,0.019533011272141687,0.09537349259873118,-0.09413094488639606,-0.3286002120890774,0.4,12,长期阴跌,,60,0,0
149,M4A4 | Desert-Strike (Factory New),408.0,398.0,867,42,0.0484,0.9755,steamdt-live,415.0,145,420.0,189,,3,12,12,2,10,10,6,5,0.0024691358024691024,0.0049261083743843415,-0.032258064516129004,0.007407407407407307,0.02392344497607657,0.012406947890818865,0.08724832214765099,-0.08826815642458097,-0.30964467005076146,0.31,13,长期阴跌,,60,0,0
150,Tec-9 | Titanium Bit (Factory New),480.0,468.0,616,13,0.0211,0.975,steamdt-live,475.2,13,473.2,31,,3,12,12,2,10,10,6,5,0.01586787564766845,0.00563170757624043,-0.023176363904763964,0.021588946459412783,0.002108814846056517,0.02180954437486493,0.10866657876396235,-0.09950712668176376,-0.09933573155179964,0.4,4,回撤不明显,,60,0,0
151,Five-SeveN | Angry Mob (Factory New),546.36,532.0,255,57,0.2235,0.9737,steamdt-live,545.0,73,558.88,84,,17,12,9,2,0,10,6,3,0.0009433962264151496,0.027332704995287394,-0.008419083255378879,0.028301886792452935,0.001410850724664181,0.034155597722960174,0.001410850724664181,0.02443609022556381,0.1898264381617727,0.33,11,回撤不明显,,59,0,0
152,★ Sport Gloves | Arid (Field-Tested),5380.0,5300.0,337,64,0.1899,0.9851,steamdt-live,5600.0,55,5399.51,70,,14,12,9,5,8,0,6,5,0.007673195924254417,-0.006368109218244378,-0.00023257977486279557,0.001256222956311337,0.012844036697247652,0.01509625489859423,0.055974732409194594,-0.055974732409194594,-0.26180021953896815,0.4,5,可能加速下跌,,59,0,0
153,Desert Eagle | The Bronze (Factory New),119.9,118.0,584,47,0.0805,0.9842,steamdt-live,125.0,155,122.73,202,,7,12,12,2,10,10,6,0,0.06621848739495784,-0.05501261034047911,-0.05555555555555558,0.007563025210084007,0.05813040062843666,0.007563025210084007,0.13178855901520625,-0.13178855901520625,-0.40643564356435635,0.4,13,长期阴跌,,59,0,0
154,Galil AR | Dusk Ruins (Factory New),204.0,196.0,278,22,0.0791,0.9608,steamdt-live,209.5,60,199.0,85,,7,12,9,2,10,10,6,3,0.023711340206185483,0.002014098690835908,-0.02020202020202022,0.025773195876288568,0.0050000000000000044,0.032157676348547604,0.1283780824317814,-0.1271929824561403,-0.42485549132947975,0.3,7,长期阴跌,,59,0,0
155,AK-47 | Safari Mesh (Factory New),31.93,31.9,582,31,0.0533,0.9991,steamdt-live,33.4,184,32.8,221,,3,15,12,2,6,10,6,5,0.010476190476190528,0.003141690229343519,-0.015625,0.013650793650793691,0.008385093167701974,0.016555237185609695,0.032424242424242466,-0.032424242424242466,-0.38454124903623754,0.4,9,长期阴跌,,59,0,0
156,Glock-18 | Grinder (Factory New),46.8,44.0,800,30,0.0375,0.9402,steamdt-live,46.0,355,45.66,275,,3,9,12,2,10,20,3,0,-0.015320639089516197,0.014892198266281298,-0.03810526315789475,-0.0006565988181221893,0.03873684210526318,0.0630966239813735,0.15413115968877367,-0.14654205607476645,-0.46383278534523253,0.4,16,长期阴跌,,59,0,0
157,★ Driver Gloves | Convoy (Field-Tested),2899.5,2810.0,193,76,0.3938,0.9691,steamdt-live,3001.84,18,2972.27,30,,20,12,7,5,6,0,3,5,0.03441693315913552,-0.018200287818505023,0.0052781690140843995,0.015590247251303868,0.01977687626774849,0.07388888888888889,0.03985615227195971,-0.03742410108125871,-0.19892250310816406,0.17,7,可能加速下跌,,58,0,0
158,★ Hand Wraps | Spruce DDPAT (Field-Tested),2209.0,2130.0,304,79,0.2599,0.9642,steamdt-live,2243.13,30,2221.03,65,,17,12,9,5,6,0,6,3,0.0183486238532109,-0.009009009009009028,0.006463527239150446,0.00917431192660545,0.016979445933869575,0.024208566108007368,0.04347826086956519,-0.0393013100436681,-0.15384615384615385,0.4,11,可能加速下跌,,58,0,0
159,AK-47 | Aphrodite (Factory New),1655.0,1620.0,377,53,0.1406,0.9789,steamdt-live,1669.0,220,1666.2,203,,11,12,9,2,8,10,6,0,-0.011453627585208626,0.009762050030506453,-0.005106510651065155,-0.0018033884402197664,0.006900690069006954,0.01007018614586519,0.06417868249929315,-0.029040774420651227,-0.12548151357749393,0.4,5,回撤不明显,,58,0,0
160,Desert Eagle | Trigger Discipline (Factory New),32.69,32.5,745,37,0.0497,0.9942,steamdt-live,32.3,451,33.5,380,,3,15,12,2,10,10,6,0,-0.03585417294365767,0.009374999999999911,0.03718749999999993,-0.026815305815004575,0.029738660258335936,0.015723270440251458,0.15000000000000002,-0.11239351470184122,-0.33919803600654674,0.4,12,长期阴跌,,58,0,0
161,M4A4 | Neo-Noir (Factory New),567.5,555.0,898,44,0.049,0.978,steamdt-live,581.0,261,575.29,212,,3,12,12,2,8,10,6,5,0.02333931777378817,-0.004385964912280715,-0.01763668430335097,0.018850987432674993,0.004385964912280715,0.020683453237410054,0.0689089417555373,-0.04829783665939957,-0.1984463276836158,0.4,11,回撤不明显,,58,0,0
162,Galil AR | Blue Titanium (Factory New),83.89,81.0,912,30,0.0329,0.9656,steamdt-live,86.0,127,85.99,238,,3,12,15,2,10,10,6,0,-0.0034877927254608476,0.04862499999999992,-0.06575119283137443,0.04496761335326349,0.023285597857724993,0.04862499999999992,0.1469391905633517,-0.14702592780884594,-0.5036094674556213,0.29,13,长期阴跌,,58,0,0
163,AWP | Acheron (Factory New),42.4,41.0,2460,75,0.0305,0.967,steamdt-live,44.83,569,44.3,563,,3,12,15,2,10,10,6,0,0.00915221579961445,0.01193317422434359,-0.05399863294600127,0.021194605009633882,0.045260076559333395,0.030627126883811417,0.09537017281843396,-0.09012875536480691,-0.4853744386454667,0.4,14,长期阴跌,,58,0,0
164,★ Driver Gloves | Lunar Weave (Field-Tested),3799.5,3690.0,293,65,0.2218,0.9712,steamdt-live,3957.46,18,3888.0,72,,17,12,9,5,8,0,6,0,0.013157894736842035,-0.013116883116883082,0.009028146574614926,-0.0001315789473683715,0.021881838074398252,0.017814090543798455,0.05541702611121191,-0.054850746268656714,-0.28311320754716984,0.4,11,可能加速下跌,,57,0,0
165,AWP | Containment Breach (Factory New),2199.0,2200.0,142,26,0.1831,1.0005,steamdt-live,2252.29,61,2150.0,87,,14,15,7,2,10,0,4,5,0.00886565128438277,-0.03109508787742221,-0.017202859696157313,-0.022505114798817893,0.08948074992906419,0.0,0.13515687851971037,-0.13515687851971037,-0.2997883080931444,0.4,7,可能加速下跌,,57,0,0
166,★ Bloodhound Gloves | Snakebite (Field-Tested),1114.5,1070.0,230,42,0.1826,0.9601,steamdt-live,1250.0,18,1096.27,68,,14,12,7,5,8,0,6,5,0.0016283885542169863,0.03020307669175737,0.0022641509433962703,0.031880647590361244,0.00045588409602748126,0.04119099629594447,0.07370511195606255,-0.03835964912280698,-0.1857043111388419,0.17,3,回撤不明显,,57,0,0
167,MP9 | Latte Rush (Factory New),279.5,270.0,532,36,0.0677,0.966,steamdt-live,294.49,186,284.8,251,,7,12,12,2,10,7,2,5,-0.0035087719298245723,-0.015845070422535246,-0.0640394088669951,-0.019298245614035037,0.08059210526315785,0.04372829455916949,0.10560000000000003,-0.08660130718954251,-0.33373063170441,0.27,7,长期阴跌,,57,0,0
168,AK-47 | Cartel (Factory New),278.5,266.0,863,51,0.0591,0.9551,steamdt-live,277.0,278,285.0,246,,3,9,12,2,10,10,6,5,0.007631325479736217,0.018382352941176405,-0.024501300954033023,0.026153960139290167,0.0,0.031887945164654985,0.09771986970684043,-0.09771986970684043,-0.25737265415549593,0.39,6,回撤不明显,,57,0,0
169,M4A1-S | Basilisk (Factory New),151.5,144.0,540,31,0.0574,0.9505,steamdt-live,149.97,193,154.8,204,,3,9,12,2,10,10,6,5,0.017631041524846847,-0.003277811224831173,-0.04293439312007297,0.014295439074200056,0.029252720046908598,0.02124742974640159,0.08868501529051986,-0.08868501529051986,-0.3165137614678899,0.4,6,长期阴跌,,57,0,0
170,★ Hand Wraps | Badlands (Field-Tested),2480.0,2400.0,317,86,0.2713,0.9677,steamdt-live,2788.0,25,2513.03,57,,17,12,9,5,8,0,2,3,0.0018039687312085828,-0.019607843137254943,0.022336065573770547,-0.01783924634195233,0.04430150142184541,0.004098360655737654,0.0573297422085417,-0.043768100103819374,-0.1777143816076523,0.06,5,可能加速下跌,,56,0,0
171,Tec-9 | Toxic (Factory New),152.0,150.0,228,27,0.1184,0.9868,steamdt-live,155.0,85,153.44,97,,11,12,7,2,8,10,6,0,-0.03864458404721116,0.0033003300330032292,-0.009490886235072216,-0.03547179389555177,0.04282115869017644,0.0033003300330032292,0.06172839506172845,-0.04570567553992966,-0.33981931897150797,0.31,6,长期阴跌,,56,0,0
172,Desert Eagle | Naga (Factory New),137.44,130.0,287,32,0.1115,0.9459,steamdt-live,148.99,87,139.03,124,,11,9,9,2,10,6,4,5,0.0,-0.004057971014492789,-0.010752688172043001,-0.004057971014492789,0.014767025089605701,0.010588235294117565,0.12458598726114656,-0.12190135445949402,-0.4249372384937239,0.4,3,长期阴跌,,56,0,0
173,Desert Eagle | Night Heist (Factory New),432.5,419.0,781,59,0.0755,0.9688,steamdt-live,450.0,145,439.04,165,,7,12,12,2,10,4,6,3,0.011441647597254079,-0.021493212669683293,-0.017977528089887618,-0.010297482837528626,0.03863252422868324,0.004645760743321681,0.11554192229038851,-0.11554192229038851,-0.41554054054054057,0.3,16,长期阴跌,,56,0,0
174,AK-47 | Rat Rod (Factory New),429.5,408.0,490,37,0.0755,0.9499,steamdt-live,424.17,48,430.65,121,,7,9,9,2,8,10,6,5,-0.001218637992831506,0.014785042704370976,-0.015062367615909622,0.013548387096774306,0.0017180513061896274,0.016000383242712468,0.06863842961596733,-0.06863842961596733,-0.26867241379310347,0.39,6,回撤不明显,,56,0,0
175,P250 | Steel Disruption (Factory New),26.5,25.1,248,11,0.0444,0.9472,steamdt-live,25.92,115,26.32,89,,3,9,7,2,10,20,0,5,-0.04122448979591842,0.10344827586206917,-0.1663831235113985,0.05795918367346942,0.1180673698536917,0.10391822827938668,0.20879120879120872,-0.20879120879120872,-0.5142428785607196,0.4,8,长期阴跌,,56,0,0
176,Five-SeveN | Boost Protocol (Factory New),54.19,52.0,1299,50,0.0385,0.9596,steamdt-live,56.06,294,56.91,280,,3,9,15,2,10,8,4,5,-0.009090909090909038,-0.0056880733944955075,-0.02585901523202272,-0.014727272727272811,0.04426807760141105,0.0018487705675724886,0.11886178861788621,-0.08152542372881355,-0.34003166483984903,0.38,13,长期阴跌,,56,0,0
177,Five-SeveN | Kami (Factory New),24.86,24.9,747,24,0.0321,1.0016,steamdt-live,26.89,415,26.67,224,,3,15,12,2,8,9,4,3,0.02760000000000007,-0.03230829116387701,-0.05660377358490565,-0.005600000000000049,0.06188679245283024,0.0,0.07686594875603414,-0.03941267387944358,-0.31590533847000557,0.4,6,长期阴跌,,56,0,0
178,MP9 | Music Box (Factory New),41.4,39.3,248,28,0.1129,0.9493,steamdt-live,42.48,72,41.35,91,,11,9,7,2,8,10,3,5,0.03589743589743577,0.023514851485148647,-0.0714285714285714,0.060256410256410264,0.016646848989298357,0.0629820051413883,0.053125715594229406,-0.053125715594229406,-0.4558494538755099,0.4,7,长期阴跌,,55,0,0
179,P250 | Hive (Factory New),37.42,36.0,189,18,0.0952,0.9621,steamdt-live,41.03,88,38.43,151,,7,12,7,2,10,8,4,5,-0.005542359461599422,-0.006900212314224996,-0.06305637982195844,-0.012404328318817548,0.07467853610286834,0.0,0.11221826809015412,-0.11327014218009479,-0.5597647058823529,0.27,5,长期阴跌,,55,0,0
180,FAMAS | Cyanospatter (Factory New),35.0,34.0,273,23,0.0842,0.9714,steamdt-live,39.99,56,36.41,102,,7,12,9,2,10,10,0,5,0.13658379076525673,-0.005681818181818232,-0.1491758241758242,0.13012592831772696,0.038461538461538436,0.13012592831772696,0.0970072239422084,-0.0970072239422084,-0.3854258121158911,0.4,7,长期阴跌,,55,0,0
181,Glock-18 | Red Tire (Factory New),58.9,52.0,302,24,0.0795,0.8829,steamdt-live,56.77,76,56.68,130,,7,6,9,2,10,10,6,5,0.013928571428571512,-0.0017611835153222843,-0.03448275862068961,0.012142857142857233,0.04563057753830613,0.03054545454545443,0.1302746662574804,-0.13014119091467158,-0.5801481481481481,0.12,4,长期阴跌,,55,0,0
182,M4A4 | Tooth Fairy (Factory New),70.89,66.0,1584,26,0.0164,0.931,steamdt-live,70.0,497,71.28,622,,3,9,15,2,10,10,6,0,-0.014084507042253502,0.0,-0.002808988764045006,-0.014084507042253502,0.028991538354834256,0.0,0.08376963350785349,-0.0813648293963255,-0.306930693069307,0.29,16,长期阴跌,,55,0,0
183,AWP | Printstream (Factory New),949.4,925.0,471,139,0.2951,0.9743,steamdt-live,956.47,372,965.99,181,,17,12,9,2,8,0,6,0,-0.007684426229508157,-0.019721218378936478,-0.012145748987854255,-0.027254098360655732,0.03809523809523807,0.0037001797230151734,0.06720377284338763,-0.06683703558089249,-0.14651468023517156,0.36,15,可能加速下跌,,54,0,0
184,★ Hand Wraps | Badlands (Minimal Wear),2549.5,2480.0,145,40,0.2759,0.9727,steamdt-live,2767.5,22,2658.49,41,,17,12,7,5,6,0,2,5,-0.007449856733524385,-0.018668206312548064,-0.002336457503535172,-0.02597898758357209,0.03428030303030305,0.012107979356887677,0.03610586011342154,-0.03610586011342154,-0.17210586134112682,0.22,6,可能加速下跌,,54,0,0
185,AK-47 | Aquamarine Revenge (Factory New),1183.5,1170.0,371,76,0.2049,0.9886,steamdt-live,1196.5,121,1193.99,94,,17,12,9,2,8,0,6,0,0.0037878787878788955,-0.007547169811320753,0.0,-0.0037878787878787845,0.009623430962343082,0.0,0.05054151624548742,-0.05054151624548742,-0.00546218487394956,0.4,6,回撤不明显,,54,0,0
186,★ Driver Gloves | Diamondback (Field-Tested),2411.0,2300.0,304,56,0.1842,0.954,steamdt-live,2688.0,18,2501.95,38,,14,9,9,5,8,0,6,3,0.03744680851063831,-0.011074651353568554,-0.004237288135593209,0.025957446808510642,0.026841574167507543,0.0484888019134595,0.07482732156561778,-0.0794196258113784,-0.26683675486317426,0.4,10,可能加速下跌,,54,0,0
187,★ Hand Wraps | Constrictor (Minimal Wear),628.0,650.0,119,19,0.1597,1.035,steamdt-live,659.99,50,650.0,68,,14,15,7,5,6,3,4,0,-0.012649935268518653,-0.008688783570300118,-0.004472119132284624,-0.021228806289092406,0.02404504168221977,0.0,0.044901065449010624,-0.044901065449010624,-0.08780345980520421,0.17,10,可能加速下跌,,54,0,0
188,★ Driver Gloves | Black Tie (Minimal Wear),1789.5,3420.0,334,22,0.0659,1.9111,steamdt-live,1799.0,321,1821.68,73,"溢价求购:买一高于卖一,多为定向收特定图案,买一价不可作退出价",7,0,9,5,2,20,6,5,-0.005087620124364034,0.016761363636363713,-0.01585535465924892,0.011588468061051405,0.004450625869262814,0.016761363636363713,0.00869160586974227,-0.00869160586974227,-0.07228840710442008,0.39,2,回撤不明显,买一异常溢价(不作为可成交退出价),54,0,0
189,AWP | Elite Build (Factory New),357.59,354.0,368,24,0.0652,0.99,steamdt-live,371.49,88,365.56,119,,7,12,9,2,10,10,4,0,-0.0015578923941468314,0.0030649205906938537,-0.012418264739820994,0.001502253380070151,0.008264462809917328,0.016949152542372836,0.09433962264150941,-0.09319899244332497,-0.3148338472079478,0.22,10,长期阴跌,,54,0,0
190,Tec-9 | Avalanche (Factory New),60.8,57.0,476,31,0.0651,0.9375,steamdt-live,64.89,163,62.51,167,,7,9,9,2,6,10,6,5,0.02000339040515331,0.010470334053515051,-0.016833333333333256,0.030683166638413306,0.003278688524590234,0.030683166638413306,0.03614457831325302,-0.031847133757961776,-0.346236559139785,0.31,8,长期阴跌,,54,0,0
191,Glock-18 | AXIA (Factory New),258.0,251.0,712,43,0.0604,0.9729,steamdt-live,243.0,278,267.0,613,,7,12,12,2,8,10,0,3,-0.0019268580416831327,0.014341436507623762,-0.018146718146718088,0.012386944553676615,0.00598455598455605,0.059465020576131566,0.07531786509589833,-0.0672101449275363,-0.2696246702034101,0.12,10,回撤不明显,,54,0,0
192,★ Specialist Gloves | Lt. Commander (Field-Tested),582.0,571.0,530,26,0.0491,0.9811,steamdt-live,599.91,494,600.0,176,,3,12,12,5,10,3,4,5,-0.009235936188077276,-0.013559322033898313,-0.03796445880452337,-0.02267002518891692,0.05977382875605819,0.0,0.10115830115830116,-0.10185185185185186,-0.17970401691331928,0.39,11,暂未减速,,54,0,0
193,Five-SeveN | Nightshade (Factory New),85.87,78.0,653,11,0.0168,0.9083,steamdt-live,79.67,60,76.13,50,,3,6,12,2,10,10,6,5,0.05610195317911071,-0.0014428121720880815,-0.06246753246753245,0.05457819642609785,0.011298701298701364,0.05457819642609785,0.13488636363636364,-0.10171091445427738,-0.4725282339084045,0.4,4,长期阴跌,,54,0,0
194,Desert Eagle | Code Red (Factory New),1069.5,1060.0,262,56,0.2137,0.9911,steamdt-live,1108.8,64,1069.5,106,,17,15,9,2,4,0,6,0,0.010119957606850472,-0.00835654596100277,0.015515467845169217,0.0016788437549826174,0.017479300827966893,0.030987547060526976,0.017479300827966893,-0.007895959126799856,-0.031283730464675474,0.4,11,可能加速下跌,,53,0,0
195,Glock-18 | Ironwork (Factory New),245.0,240.0,627,72,0.1148,0.9796,steamdt-live,249.5,63,248.0,39,,11,12,12,2,10,0,6,0,0.0468494939601698,-0.044908779042569735,0.047000512732866095,-0.00016323865491341127,0.12811387900355875,0.056034482758620774,0.12811387900355875,0.03725656223539375,-0.15042652056314587,0.4,17,可能加速下跌,,53,0,0
196,FAMAS | Meltdown (Factory New),444.69,406.0,141,15,0.1064,0.913,steamdt-live,445.0,52,446.91,86,,11,6,7,2,6,10,6,5,0.011363636363636465,-0.0006966292134831242,-0.011235955056179803,0.010659090909090896,0.0006966292134831242,0.01834295136026376,0.03512844992188857,0.059795042897998085,-0.2979982950778266,0.4,6,回撤不明显,,53,0,0
197,USP-S | Purple DDPAT (Factory New),143.5,142.0,967,75,0.0776,0.9895,steamdt-live,145.0,173,150.99,269,,7,12,15,2,8,0,6,3,-0.0006996921354603947,0.0047612379218597844,-0.007500000000000062,0.0040582143856704445,0.012659969726159348,0.01773049645390068,0.06135531135531136,-0.05280528052805278,-0.3970588235294118,0.36,12,长期阴跌,,53,0,0
198,M4A1-S | Nitro (Factory New),60.0,57.0,1291,48,0.0372,0.95,steamdt-live,60.0,431,60.44,350,,3,9,15,2,6,10,3,5,0.058436944937833246,0.0068803490518543065,-0.02595155709342556,0.06571936056838368,0.0,0.0714285714285714,0.04610492845786962,-0.05660377358490565,-0.4140625,0.3,12,长期阴跌,,53,0,0
199,AK-47 | Phantom Disruptor (Factory New),118.43,117.0,1550,46,0.0297,0.9879,steamdt-live,116.5,336,123.6,593,,3,12,15,2,10,7,4,0,0.008085106382978768,-0.016462642465175148,-0.024329486008469736,-0.008510638297872353,0.036473409974361104,0.0,0.10177332305319964,-0.10177332305319964,-0.31859390536351406,0.4,15,长期阴跌,,53,0,0
200,★ Hand Wraps | Leather (Field-Tested),3440.0,3270.0,289,75,0.2595,0.9506,steamdt-live,3509.5,28,3579.0,56,,17,9,9,5,6,0,3,3,0.018918918918918948,0.013852048334807021,0.03128222756961163,0.033033033033033066,0.019943019943019946,0.065513599236795,0.04608993929915339,-0.03897192345299627,-0.2352156514006225,0.19,9,可能加速下跌,,52,0,0
201,Tec-9 | Decimator (Factory New),617.0,600.0,221,41,0.1855,0.9724,steamdt-live,640.0,56,634.18,54,,14,12,7,2,10,3,4,0,-0.017857142857142905,-0.011613936724068852,-0.016860015467904055,-0.029263687853996245,0.04489164086687303,0.003252032520325132,0.1309859154929578,-0.13037350246652568,-0.12233285917496439,0.35,17,可能加速下跌,,52,0,0
202,AK-47 | Neon Rider (Factory New),1325.0,1290.0,481,78,0.1622,0.9736,steamdt-live,1339.03,193,1387.97,106,,14,12,9,2,8,0,4,3,0.005216095380029762,-0.018161601186063803,-0.005727071340194012,-0.013040238450074515,0.024668630338733455,0.0,0.0776462395543176,-0.051013828186573074,-0.1399294800615588,0.24,9,可能加速下跌,,52,0,0
203,AK-47 | Panthera onca (Factory New),1899.0,1860.0,115,13,0.113,0.9795,steamdt-live,1950.0,32,2004.82,48,,11,12,7,2,10,3,2,5,0.0,-0.01886304909560721,-0.02739381754209602,-0.01886304909560721,0.04574013571249058,0.0,0.11697674418604653,-0.11697674418604653,-0.3096363636363636,0.19,2,长期阴跌,,52,0,0
204,★ Hand Wraps | Giraffe (Minimal Wear),384.5,391.0,224,23,0.1027,1.0169,steamdt-live,404.99,115,407.94,70,,11,15,7,5,10,0,4,0,-0.003821656050955413,-0.01662404092071612,-0.005069708491761693,-0.020382165605095537,0.025348542458808576,0.0,0.10372960372960371,-0.10892236384704523,-0.2184959349593496,0.37,13,可能加速下跌,,52,0,0
205,USP-S | Pathfinder (Factory New),168.99,163.0,119,12,0.1008,0.9646,steamdt-live,175.0,68,172.7,86,,11,12,7,2,10,6,4,0,-5.88235294116668e-05,-0.0058826989822931,-0.01437847866419284,-0.0059411764705882275,0.020234230055658498,5.9178601018006205e-05,0.08207495926127095,-0.08207495926127095,-0.41485457063711906,0.14,3,长期阴跌,,52,0,0
206,Tec-9 | Ossified (Factory New),58.17,55.0,469,26,0.0554,0.9455,steamdt-live,59.8,72,59.02,266,,3,9,9,2,8,10,6,5,0.0,0.003276992066229889,-0.01058020477815702,0.003276992066229889,0.007168458781362075,0.00674974039460019,0.07343102899012421,-0.07343102899012421,-0.48973684210526314,0.31,7,长期阴跌,,52,0,0
207,FAMAS | Rapid Eye Movement (Factory New),85.0,80.0,363,14,0.0386,0.9412,steamdt-live,86.0,181,87.9,164,,3,9,9,2,8,10,6,5,0.027804878048780513,0.008542952064546805,-0.0337025689370728,0.03658536585365857,0.007009345794392496,0.03658536585365857,0.05450500556173532,-0.04386951631046121,-0.2501102779003087,0.4,7,回撤不明显,,52,0,0
208,M4A4 | Turbine (Factory New),64.78,62.0,1146,44,0.0384,0.9571,steamdt-live,66.37,219,65.29,311,,3,9,15,2,10,4,6,3,-0.0015267175572518665,-0.009480122324159068,-0.0174017401740173,-0.010992366412213683,0.02820282028202814,0.013771517996870042,0.08502824858757052,-0.08606094808126408,-0.4050877031867022,0.29,6,长期阴跌,,52,0,0
209,AWP | Phobos (Factory New),32.99,31.6,1278,47,0.0368,0.9579,steamdt-live,31.89,417,32.97,539,,3,9,15,2,10,10,3,0,0.035666666666666735,0.0263920180238173,-0.029126213592232997,0.06299999999999994,0.009627329192546608,0.07013422818791937,0.08362068965517233,-0.08362068965517233,-0.21876531112199904,0.36,15,回撤不明显,,52,0,0
210,Five-SeveN | Heat Treated (Factory New),95.5,89.0,756,20,0.0265,0.9319,steamdt-live,96.77,363,99.5,243,,3,9,12,2,10,10,6,0,-0.002125398512220933,0.017039403620873195,-0.009473684210526412,0.014877789585547418,0.013123902035754864,0.01812366737739879,0.08173076923076927,-0.08173076923076927,-0.3029197080291971,0.33,6,长期阴跌,,52,0,0
211,AK-47 | Safety Net (Factory New),63.8,60.0,2099,49,0.0233,0.9404,steamdt-live,65.2,431,62.93,562,,3,9,15,2,8,10,0,5,0.016803953871499022,0.01960466623460788,-0.028799999999999937,0.03673805601317959,0.003325942350332567,0.10403508771929815,0.07983623336745138,-0.04651515151515151,-0.4173148148148148,0.35,14,长期阴跌,,52,0,0
212,Galil AR | Rainbow Spoon (Factory New),140.0,135.0,919,20,0.0218,0.9643,steamdt-live,140.0,407,148.88,673,,3,12,15,2,10,3,2,5,-0.00694444444444442,-0.020979020979020935,-0.04950495049504955,-0.02777777777777779,0.07894736842105265,0.0,0.13580246913580252,-0.13580246913580252,-0.2592592592592593,0.4,10,可能加速下跌,,52,0,0
213,AWP | Black Box (Factory New),144.0,128.0,54,20,0.3704,0.8889,steamdt-live,147.98,72,145.77,67,,20,6,4,2,10,0,4,5,-0.004982935153583501,-0.012142416135007328,-0.01671253104235193,-0.017064846416382284,0.04956768530130018,0.0,0.08280254777070062,-0.08280254777070062,-0.1307497283592901,0.35,5,可能加速下跌,,51,0,0
214,P250 | Kintsugi (Factory New),117.9,218.0,113,24,0.2124,1.849,steamdt-live,121.0,117,123.6,49,"溢价求购:买一高于卖一,多为定向收特定图案,买一价不可作退出价",17,0,7,2,4,10,6,5,0.0330147697654215,-0.008410428931875491,-0.009466437177280573,0.024326672458731657,0.008410428931875491,0.03421052631578947,0.01749999999999996,-0.01749999999999996,-0.025619834710743805,0.2,8,回撤不明显,买一异常溢价(不作为可成交退出价),51,0,0
215,★ Broken Fang Gloves | Jade (Field-Tested),427.5,436.0,132,20,0.1515,1.0199,steamdt-live,434.5,108,418.76,86,,14,15,7,5,4,0,6,0,0.002430864762088092,0.005426170468187275,-2.4067388688320257e-05,0.007870225516859675,0.019848328808164117,0.011497584541062755,0.020444444444444487,-0.013289349670122519,-0.01699530516431924,0.24,8,暂未减速,,51,0,0
216,★ Broken Fang Gloves | Needle Point (Field-Tested),269.5,259.0,88,12,0.1364,0.961,steamdt-live,269.99,100,280.87,84,,11,12,4,5,0,10,6,3,0.03076923076923066,0.005597014925373234,-0.016641452344931862,0.03653846153846163,0.0018518518518518823,0.03653846153846163,0.0018518518518518823,0.009779309828019,-0.017570720326625766,0.4,12,回撤不明显,,51,0,0
217,Tec-9 | Blast From the Past (Factory New),38.56,32.1,72,9,0.125,0.8325,steamdt-live,39.9,41,40.38,56,,11,3,4,2,10,10,6,5,0.0028519574799066305,-0.0031023784901756946,-0.027973790322580627,-0.00025926886180960285,0.011282051282051175,0.0,0.08517200474495845,-0.03358395989974927,-0.42258161126085647,0.13,2,长期阴跌,,51,0,0
218,★ Bloodhound Gloves | Charred (Minimal Wear),1386.0,1340.0,122,15,0.123,0.9668,steamdt-live,1498.0,18,1463.93,23,,11,12,7,5,8,3,0,5,-0.014436619718309895,-0.009646302250803873,0.0,-0.023943661971830954,0.03616133518776077,0.10880000000000001,0.07011070110701112,-0.07042253521126762,-0.23825226710634795,0.39,7,可能加速下跌,,51,0,0
219,M4A1-S | Control Panel (Factory New),889.5,862.0,757,85,0.1123,0.9691,steamdt-live,925.0,75,929.28,129,,11,12,12,2,10,0,4,0,0.04208888888888884,-0.051584424446624255,0.040462427745664664,-0.011666666666666714,0.051584424446624255,0.03566313877536764,0.08769230769230774,-0.08769230769230774,-0.2423339011925043,0.4,16,可能加速下跌,,51,0,0
220,Glock-18 | Reactor (Factory New),353.55,340.0,217,20,0.0922,0.9617,steamdt-live,399.07,61,357.09,104,,7,12,7,2,10,9,4,0,-0.029016025816332114,-0.0042247570764680775,-0.02685296074517629,-0.033118197232401725,0.059081836327345316,0.0,0.17779069767441857,-0.1768143612191203,-0.31349514563106795,0.4,5,长期阴跌,,51,0,0
221,★ Moto Gloves | 3rd Commando Company (Field-Tested),224.5,231.0,192,17,0.0885,1.029,steamdt-live,228.49,204,232.8,138,,7,15,7,5,8,2,2,5,-0.004236362842293784,-0.015350877192982448,-0.02565957446808509,-0.0195222081495392,0.044680851063829796,0.008988764044943753,0.060669456066945626,-0.040516283443029266,-0.1055776892430279,0.4,4,可能加速下跌,,51,0,0
222,Tec-9 | Safety Net (Factory New),69.0,65.0,442,21,0.0475,0.942,steamdt-live,65.38,124,69.46,173,,3,9,9,2,8,9,6,5,-0.00030455306837207097,-0.004112718964204287,-0.03412266509780837,-0.004416019491396472,0.03838799823503458,0.0,0.05039941902686995,-0.05039941902686995,-0.4437164979154259,0.4,4,长期阴跌,,51,0,0
223,FAMAS | Survivor Z (Factory New),17.6,17.5,989,35,0.0354,0.9943,steamdt-live,17.8,274,17.58,402,,3,15,15,2,10,1,0,5,-0.022801302931596212,-0.023333333333333428,-0.06828528072837625,-0.045602605863192314,0.11077389984825503,0.034117647058823364,0.2594776748104465,-0.2594776748104465,-0.5492307692307693,0.4,14,长期阴跌,,51,0,0
224,AWP | Capillary (Factory New),32.84,31.3,797,27,0.0339,0.9531,steamdt-live,36.34,193,35.7,208,,3,9,12,2,10,6,6,3,-0.003640776699029069,0.0003045066991473888,-0.009019843656043247,-0.003337378640776656,0.012623985572587926,0.0003045066991473888,0.09479195370625515,-0.08749999999999991,-0.37689681335356595,0.4,3,长期阴跌,,51,0,0
225,★ Driver Gloves | Seigaiha (Field-Tested),495.0,612.0,59,32,0.5424,1.2364,steamdt-live,494.5,69,490.9,43,"溢价求购:买一高于卖一,多为定向收特定图案,买一价不可作退出价",20,0,4,5,2,10,6,3,0.006147540983606481,-0.00020366598778009948,-0.014141414141414121,0.005942622950819709,0.008282828282828336,0.005963236951576745,0.008282828282828336,0.0038854805725971886,-0.06562868780692077,0.4,15,回撤不明显,买一异常溢价(不作为可成交退出价),50,0,0
226,★ Moto Gloves | Boom! (Field-Tested),2846.0,2730.0,236,62,0.2627,0.9592,steamdt-live,2950.0,33,2965.0,48,,17,9,7,5,6,0,6,0,0.02546337952132438,-0.0011406510485215682,0.014606536425050276,0.024293683642252928,0.040134907251264784,0.05018450184501844,0.040134907251264784,-0.03460627811208883,-0.19376770538243626,0.19,11,可能加速下跌,,50,0,0
227,AK-47 | The Empress (Factory New),1590.0,1570.0,344,81,0.2355,0.9874,steamdt-live,1600.0,172,1669.5,100,,17,12,9,2,6,0,4,0,0.016073982984917246,-0.018221673355974022,-0.004011747797287857,-0.002440585238537518,0.02454601226993869,0.0,0.03636969696969694,-0.03636969696969694,-0.017311495673671184,0.26,16,可能加速下跌,,50,0,0
228,AWP | CMYK (Factory New),3232.5,3150.0,261,32,0.1226,0.9745,steamdt-live,3372.0,86,3300.0,75,,11,12,9,2,10,3,0,3,-0.0018031360720531797,-0.02518094089264178,-0.04265141974472553,-0.026938672301843103,0.06844111942685704,0.01650943396226423,0.12279511533242882,-0.1119505494505495,-0.2816666666666666,0.32,9,可能加速下跌,,50,0,0
229,FAMAS | Djinn (Factory New),194.02,186.0,128,13,0.1016,0.9587,steamdt-live,229.72,58,196.3,83,,11,9,7,2,10,0,6,5,0.0007697439318521404,-0.005127679212388436,-0.005714577274350763,-0.004361882280494611,0.010051533241491883,0.00978453211200181,0.08910798122065722,-0.08855169821957065,-0.3561425632176278,0.4,4,长期阴跌,,50,0,0
230,USP-S | Stainless (Factory New),234.5,227.0,332,24,0.0723,0.968,steamdt-live,245.66,237,248.75,83,,7,12,9,2,10,3,2,5,-0.004166666666666652,-0.01882845188284521,-0.03614457831325302,-0.022916666666666696,0.05823293172690758,0.0,0.09459459459459463,-0.09459459459459463,-0.31130690161527164,0.4,4,长期阴跌,,50,0,0
231,Glock-18 | Warhawk (Factory New),35.29,35.0,386,27,0.0699,0.9918,steamdt-live,36.95,86,36.32,200,,7,15,9,2,10,5,2,0,-0.01980742778541955,-0.009542520348021388,-0.014638113309839995,-0.02916093535075659,0.0433721875847114,0.00828571428571423,0.12192087583976108,-0.04103260869565217,-0.39155172413793105,0.4,14,长期阴跌,,50,0,0
232,USP-S | Cyrex (Factory New),193.0,192.0,2529,168,0.0664,0.9948,steamdt-live,195.98,412,195.88,467,,7,15,15,2,8,0,3,0,0.08815527885319674,-0.06485888744651191,0.027634408602150495,0.017578738097729474,0.07283821145962432,0.09750592483918297,0.07283821145962432,-0.002564102564102555,-0.3725806451612903,0.16,23,长期阴跌,,50,0,0
233,FAMAS | Pulse (Factory New),143.8,133.0,583,38,0.0652,0.9249,steamdt-live,144.63,247,145.5,168,,7,6,12,2,10,10,3,0,0.05934065934065935,-0.0055325034578145305,-0.03177755710029784,0.05347985347985351,0.005738781718868768,0.08120300751879705,0.10203571874609707,-0.10124999999999995,-0.37314734088927637,0.28,15,长期阴跌,,50,0,0
234,USP-S | Lead Conduit (Factory New),64.5,60.0,489,28,0.0573,0.9302,steamdt-live,68.6,120,66.04,125,,3,9,9,2,10,8,4,5,-0.0015384615384614886,-0.006163328197226536,-0.042709867452135564,-0.007692307692307665,0.050073637702503726,0.0,0.12101390024529834,-0.12101390024529834,-0.4265137369965324,0.4,10,长期阴跌,,50,0,0
235,AWP | Black Nile (Factory New),79.28,76.0,987,34,0.0344,0.9586,steamdt-live,79.8,268,80.89,431,,3,9,15,2,8,10,3,0,-0.015065198126345103,0.019023136246786754,0.06656764785309188,0.0036713508038992426,0.015155279503105579,0.06587792417316485,0.06729411764705884,-0.08166338468666745,-0.4950318471337579,0.32,16,长期阴跌,,50,0,0
236,MP9 | Mount Fuji (Factory New),79.0,76.0,1266,39,0.0308,0.962,steamdt-live,79.8,551,83.98,476,,3,12,15,2,10,3,2,3,0.016109045848822667,-0.03658536585365857,-0.038140643623361226,-0.02106567534076831,0.059523809523809534,0.0,0.1183035714285714,-0.11534154535274355,-0.24761904761904763,0.11,12,可能加速下跌,,50,0,0
237,★ Specialist Gloves | Crimson Kimono (Field-Tested),9889.0,9930.0,923,19,0.0206,1.0041,steamdt-live,9999.0,818,10343.99,185,,3,15,15,5,8,0,4,0,0.0,-0.011099999999999999,0.0,-0.011099999999999999,0.011099999999999999,0.0,0.05359364532491151,-0.030490196078431397,-0.11229802513464993,0.4,2,可能加速下跌,,50,0,0
238,★ Specialist Gloves | Forest DDPAT (Field-Tested),1637.5,1570.0,277,55,0.1986,0.9588,steamdt-live,1700.0,33,1663.59,55,,14,9,9,5,6,0,6,0,0.04064251695034282,0.002981595092024447,0.010541935483870946,0.04374529157143403,0.02574401392083714,0.05816181229773454,0.037751618599176084,-0.037751618599176084,-0.24988873543810708,0.4,16,可能加速下跌,,49,0,0
239,★ Bloodhound Gloves | Guerrilla (Field-Tested),1033.0,1000.0,208,40,0.1923,0.9681,steamdt-live,1140.34,25,1050.0,66,,14,12,7,5,4,0,4,3,-0.0014333492594361674,-0.011483253588516762,-0.012735849056603743,-0.012900143334925951,0.02455146364494809,0.0,0.025471698113207597,-0.02351873558437645,-0.22213269678235525,0.31,5,可能加速下跌,,49,0,0
240,★ Bloodhound Gloves | Bronzed (Minimal Wear),1259.5,1200.0,139,23,0.1655,0.9528,steamdt-live,1545.39,18,1326.61,36,,14,9,7,5,10,0,4,0,0.004332414336352786,-0.012156862745098085,-0.003532182103610726,-0.007877116975187115,0.015246286161063383,0.0003971405877680745,0.08599419448476053,-0.0863257163583605,-0.2480597014925373,0.17,5,可能加速下跌,,49,0,0
241,★ Driver Gloves | Lunar Weave (Minimal Wear),4007.5,3790.0,142,22,0.1549,0.9457,steamdt-live,4966.0,18,4281.7,41,,14,9,7,5,6,0,3,5,0.0,0.00250156347717323,-0.005597014925373123,0.00250156347717323,0.0014949545284663746,0.06866666666666665,0.036195286195286225,-0.036195286195286225,-0.28309481216457966,0.27,2,回撤不明显,,49,0,0
242,M4A1-S | Player Two (Factory New),929.5,922.0,455,59,0.1297,0.9919,steamdt-live,950.0,139,942.16,155,,11,15,9,2,8,0,4,0,-0.008412197686645584,-0.014316012725344662,-0.009375000000000022,-0.022607781282860118,0.031770833333333304,0.0,0.05873417721518992,-0.061111111111111116,-0.11222540592168095,0.39,17,可能加速下跌,,49,0,0
243,FAMAS | Afterimage (Factory New),227.5,210.0,77,9,0.1169,0.9231,steamdt-live,278.64,39,241.32,44,,11,6,4,2,10,7,4,5,-0.004347826086956497,-0.0065502183406113135,-0.04162673444726872,-0.010869565217391353,0.08428594429238445,0.0,0.12496634485941771,-0.12496634485941771,-0.3268633310648875,0.4,3,长期阴跌,,49,0,0
244,USP-S | Serum (Factory New),515.0,476.0,166,17,0.1024,0.9243,steamdt-live,608.33,49,529.88,57,,11,6,7,2,8,8,4,3,-0.006737044145873283,-0.004811687182361024,-0.02249573162723506,-0.01151631477927062,0.033734849337686224,0.004878048780487809,0.07953529937444148,-0.07372434756020796,-0.3488101560326733,0.21,8,长期阴跌,,49,0,0
245,FAMAS | Eye of Athena (Factory New),166.0,150.0,316,24,0.0759,0.9036,steamdt-live,192.5,89,171.15,84,,7,6,9,2,10,10,0,5,0.01606748343040776,0.09376029518350126,-0.10492569511025884,0.11133427060320011,0.005273250239693161,0.12405200433369434,0.1230850501848918,-0.10666236142503494,-0.34132211729227846,0.4,13,长期阴跌,,49,0,0
246,AK-47 | Green Laminate (Factory New),218.0,202.0,369,26,0.0705,0.9266,steamdt-live,230.99,126,220.99,137,,7,6,9,2,8,10,4,3,0.01382488479262678,-0.009090909090909038,-0.0091324200913242,0.004608294930875667,0.018018018018018056,0.03809523809523818,0.06837606837606836,-0.04661943496894949,-0.34297769740807715,0.38,7,长期阴跌,,49,0,0
247,Glock-18 | Gamma Doppler (Factory New),554.46,2090.0,1643,84,0.0511,3.7694,steamdt-live,562.0,631,564.69,508,"溢价求购:买一高于卖一,多为定向收特定图案,买一价不可作退出价",3,0,15,2,8,10,6,5,0.006363636363636349,0.0017344173441735666,-0.015219337511190645,0.008109090909091066,0.007215885691776003,0.009945355191256944,0.0665656565656565,-0.06811879191246906,-0.26512922465208744,0.39,11,回撤不明显,买一异常溢价(不作为可成交退出价),49,0,0
248,M4A1-S | Blood Tiger (Factory New),81.55,76.0,777,25,0.0322,0.9319,steamdt-live,82.38,250,83.1,235,,3,9,12,2,10,4,4,5,-0.010722891566265047,-0.006820119352088705,0.0,-0.01746987951807233,0.04115226337448563,0.0024585125998770607,0.15052083333333333,-0.15052083333333333,-0.44898648648648654,0.3,12,长期阴跌,,49,0,0
249,AK-47 | Consequence of the Jinn (Factory New),3479.48,3300.0,25,25,1.0,0.9484,steamdt-live,3578.38,24,3499.99,24,,20,9,2,2,4,0,6,5,-0.0004602130128802395,-0.004944563125398593,0.0024011461318051985,-0.00540250058598557,0.01875916525662713,0.0,0.028620882188721386,-0.028620882188721386,-0.10782564102564107,0.38,2,可能加速下跌,,48,0,0
250,★ Bloodhound Gloves | Bronzed (Field-Tested),1275.66,1210.0,240,59,0.2458,0.9485,steamdt-live,1399.0,15,1295.4,58,,17,9,7,5,4,0,6,0,0.012404961984793905,0.008426877470355754,0.02418032786885238,0.02093637454981989,0.0183455175067333,0.05600993377483454,0.0183455175067333,0.008426877470355754,-0.2123124421117628,0.17,7,暂未减速,,48,0,0
251,Desert Eagle | Hypnotic (Factory New),980.0,967.0,216,42,0.1944,0.9867,steamdt-live,998.5,78,988.12,77,,14,12,7,2,2,0,6,5,-0.0001011807796991171,-0.008328020804873382,-0.0016868686868686256,-0.008428358948934123,0.010101010101010055,0.010309278350515427,0.013300309098780771,-0.008077086580700055,-0.14782608695652177,0.31,4,可能加速下跌,,48,0,0
252,AK-47 | Frontside Misty (Factory New),697.5,681.0,393,45,0.1145,0.9763,steamdt-live,697.12,96,721.19,185,,11,12,9,2,8,0,6,0,0.0014347202295552641,-0.001260744985673301,0.016034985422740622,0.00017216642754669387,0.02500699300699305,0.016951130561633887,0.0705066666666666,-0.0705066666666666,-0.17471291582810466,0.4,9,可能加速下跌,,48,0,0
253,Glock-18 | Ramese's Reach (Factory New),390.0,373.0,525,57,0.1086,0.9564,steamdt-live,409.55,91,396.14,150,,11,9,12,2,8,0,6,0,0.002617801047120505,0.018276762402088753,0.0052631578947368585,0.020942408376963373,0.03703703703703709,0.041388518024032095,0.059311609059552794,-0.025000000000000022,-0.23529411764705888,0.33,10,暂未减速,,48,0,0
254,M4A4 | Dark Blossom (Factory New),279.49,268.0,230,23,0.1,0.9589,steamdt-live,310.4,84,286.83,123,,11,9,7,2,10,0,6,3,0.033102946526009536,-0.015880281690140774,0.0,0.016696980720261934,0.015880281690140774,0.035531678399407296,0.08363934426229502,-0.08363934426229502,-0.32653012048192764,0.29,4,长期阴跌,,48,0,0
255,FAMAS | Mecha Industries (Factory New),681.0,671.0,1344,131,0.0975,0.9853,steamdt-live,689.5,170,687.88,170,,7,12,15,2,6,0,6,0,0.03078055964653892,-0.0270038576939563,0.00592592592592589,0.002945508100147265,0.04621848739495793,0.0349544072948329,0.04621848739495793,-0.020143884892086295,-0.2126257370794311,0.34,19,可能加速下跌,,48,0,0
256,M4A4 | 龍王 (Dragon King) (Factory New),304.5,302.0,801,49,0.0612,0.9918,steamdt-live,308.0,201,315.5,198,,7,15,12,2,10,0,2,0,-0.002513602087244382,-0.028708133971291905,0.022413793103448487,-0.031149575233065052,0.03268845897264849,0.00995024875621886,0.09104477611940298,-0.08832335329341312,-0.23394299227653526,0.12,13,可能加速下跌,,48,0,0
257,★ Hydra Gloves | Emerald (Field-Tested),187.8,185.0,115,7,0.0609,0.9851,steamdt-live,189.96,101,197.3,308,,7,12,7,5,8,0,4,5,0.004761904761904745,-0.011058451816745585,-0.007874015748031482,-0.006349206349206327,0.011578947368421022,0.004278074866310266,0.05756009434435694,-0.052950075642965166,-0.09628988017900963,0.4,10,可能加速下跌,,48,0,0
258,AWP | POP AWP (Factory New),168.0,164.0,1278,74,0.0579,0.9762,steamdt-live,172.5,323,171.28,290,,3,12,15,2,10,0,6,0,0.026889060366830808,-0.028901734104046284,-0.001718416686418589,-0.002789814210245156,0.07079646017699126,0.02009836662821063,0.10543130990415339,-0.09433962264150941,-0.4536585365853658,0.32,15,长期阴跌,,48,0,0
259,AK-47 | Orbit Mk01 (Factory New),529.0,510.0,844,48,0.0569,0.9641,steamdt-live,547.0,159,542.85,135,,3,12,12,2,10,0,4,5,0.034615384615384714,-0.016728624535315983,0.0,0.017307692307692246,0.020370370370370372,0.017307692307692246,0.10262934690415604,-0.08528150504910781,-0.26220362622036264,0.39,10,可能加速下跌,,48,0,0
260,AK-47 | Emerald Pinstripe (Factory New),67.0,65.0,795,43,0.0541,0.9701,steamdt-live,67.83,236,67.51,270,,3,12,12,2,8,0,6,5,0.004484304932735439,-0.0029761904761904656,-0.0029806259314454353,0.001494768310911665,0.004457652303120341,0.0029940119760478723,0.07279269305286473,-0.04367684841564379,-0.4017857142857143,0.38,4,长期阴跌,,48,0,0
261,AK-47 | Steel Delta (Factory New),44.7,43.2,1786,48,0.0269,0.9664,steamdt-live,43.9,661,47.68,431,,3,12,15,2,10,0,6,0,-0.019521824961614365,-0.020134228187919545,-0.008697542944118286,-0.03926299627111218,0.047826086956521796,0.0,0.1576923076923078,-0.1576923076923078,-0.5254090367320403,0.4,13,长期阴跌,,48,0,0
262,USP-S | Orange Anolis (Factory New),469.5,461.0,269,48,0.1784,0.9819,steamdt-live,498.5,47,494.99,53,,14,12,9,2,8,0,2,0,-0.006263048016701411,-0.013655462184873901,0.019365822515428954,-0.019832985386221247,0.039641629847815385,0.027352297592997843,0.0794117647058824,-0.05722891566265065,-0.1877162629757786,0.4,20,可能加速下跌,,47,0,0
263,★ Moto Gloves | Boom! (Minimal Wear),3096.0,2840.0,155,27,0.1742,0.9173,steamdt-live,3249.5,25,3060.0,33,,14,6,7,5,2,10,3,0,0.012762237762237838,0.05644743656136719,-0.013623038454905978,0.06993006993007,0.0,0.06993006993007,0.01067565033527107,-0.01067565033527107,-0.16164383561643836,0.4,6,回撤不明显,,47,0,0
264,★ Hand Wraps | Arboreal (Minimal Wear),383.5,405.0,129,22,0.1705,1.0561,steamdt-live,400.0,84,407.71,91,"溢价求购:买一高于卖一,多为定向收特定图案,买一价不可作退出价",14,0,7,5,10,2,4,5,0.007712082262210762,-0.02168367346938771,-0.017676767676767624,-0.014138817480719768,0.03884711779448624,0.0,0.08363201911589013,-0.08363201911589013,-0.23130887953497692,0.4,12,可能加速下跌,买一异常溢价(不作为可成交退出价),47,0,0
265,M4A4 | Royal Paladin (Factory New),1219.49,1180.0,306,48,0.1569,0.9676,steamdt-live,1222.0,84,1234.67,57,,14,12,9,2,8,0,2,0,-0.0028066168606100117,-0.016540322580645195,0.012201872201872188,-0.019300517093020497,0.019300517093020497,0.0,0.05830888030888026,-0.046528537920250135,-0.15897241379310345,0.4,4,可能加速下跌,,47,0,0
266,Glock-18 | Water Elemental (Factory New),280.0,273.0,652,77,0.1181,0.975,steamdt-live,285.5,243,282.0,283,,11,12,12,2,4,0,6,0,0.0033333333333334103,0.02223358037311507,0.003676470588235281,0.02564102564102555,0.020979020979020935,0.04868913857677892,0.020979020979020935,-0.014049790485580527,-0.26854754440961337,0.4,13,暂未减速,,47,0,0
267,★ Moto Gloves | Spearmint (Minimal Wear),15300.0,14900.0,194,20,0.1031,0.9739,steamdt-live,15899.0,163,15799.0,48,,11,12,7,5,10,0,2,0,-6.369832473407389e-05,-0.019142565931965838,-0.01838918033401904,-0.01920504490731889,0.037241060207214405,0.003094462540716547,0.1109988452655889,-0.1109988452655889,-0.22144410173433782,0.4,8,可能加速下跌,,47,0,0
268,Galil AR | Stone Cold (Factory New),119.5,115.0,321,25,0.0779,0.9623,steamdt-live,121.99,136,119.89,126,,7,12,9,2,6,0,6,5,0.03021645021645014,0.004286074460038591,0.01493848857644986,0.03463203463203457,0.004166666666666652,0.05008787346221433,0.042851421706047166,-0.042851421706047166,-0.2801204819277109,0.4,4,回撤不明显,,47,0,0
269,Galil AR | Chromatic Aberration (Factory New),103.0,97.0,647,39,0.0603,0.9417,steamdt-live,108.0,190,108.6,215,,7,9,12,2,10,0,2,5,-0.0055929471987865575,-0.018112488083889433,-0.018697674418604704,-0.0236041330931841,0.04620798222057598,0.030000000000000027,0.12340425531914889,-0.11206896551724133,-0.37386018237082064,0.27,5,长期阴跌,,47,0,0
270,M4A1-S | Boreal Forest (Factory New),49.3,47.2,582,34,0.0584,0.9574,steamdt-live,54.28,113,49.57,113,,3,9,12,2,8,10,3,0,-0.014778325123152691,0.027083333333333348,0.07978723404255317,0.011904761904761862,0.0,0.0955555555555554,0.06770045385779133,-0.06770045385779133,-0.5009111156104475,0.28,3,长期阴跌,,47,0,0
271,P250 | Cyber Shell (Factory New),19.88,19.1,313,18,0.0575,0.9608,steamdt-live,20.64,112,20.34,88,,3,12,9,2,6,10,0,5,0.05631578947368432,-0.009466865969108174,-0.034062023385866835,0.04631578947368409,0.009466865969108174,0.11061452513966485,0.036821705426356655,-0.036821705426356655,-0.4290637564618036,0.4,8,长期阴跌,,47,0,0
272,Tec-9 | Mummy's Rot (Factory New),54.0,51.0,476,27,0.0567,0.9444,steamdt-live,55.19,89,54.0,114,,3,9,9,2,10,10,4,0,0.009074074074074012,-0.008992475683611723,-0.010989010989011061,0.0,0.020141535111595,0.0,0.08998988877654202,-0.06070620977561314,-0.44518647898900643,0.38,4,长期阴跌,,47,0,0
273,Galil AR | Crimson Tsunami (Factory New),39.9,39.1,715,35,0.049,0.9799,steamdt-live,39.0,277,39.8,249,,3,12,12,2,8,1,4,5,-0.007769423558897093,-0.014902753220510268,-0.02682926829268295,-0.022556390977443552,0.04878048780487809,0.0,0.06876790830945567,-0.020838563896560358,-0.24666795441375322,0.4,6,可能加速下跌,,47,0,0
274,FAMAS | Night Borre (Factory New),59.1,54.0,240,10,0.0417,0.9137,steamdt-live,64.35,81,62.66,101,,3,6,7,2,8,10,6,5,0.024137931034482696,-0.005050505050504972,-0.08445146014206795,0.018965517241379404,0.06899810964083164,0.018965517241379404,0.07656249999999998,-0.07656249999999998,-0.39034454301629873,0.4,4,长期阴跌,,47,0,0
275,P250 | Forest Night (Factory New),68.8,47.0,155,4,0.0258,0.6831,steamdt-live,90.0,14,67.19,35,,3,1,7,2,8,15,6,5,-0.0059180352123096025,0.0,-0.011697616610615524,-0.0059180352123096025,0.017546424915923398,0.0,0.06809986130374479,-0.06809986130374479,-0.40890296472244214,0.2,3,长期阴跌,,47,0,0
276,M4A1-S | Solitude (Factory New),65.0,63.0,5027,38,0.0076,0.9692,steamdt-live,68.0,2867,67.75,2353,,3,12,15,2,6,0,4,5,-0.00845155448234236,-0.010654490106544956,0.004243710215216856,-0.019015997585270172,0.025048747562621876,0.0,0.04998538439052913,-0.04998538439052913,-0.34804413239719156,0.4,5,长期阴跌,,47,0,0
277,★ Hydra Gloves | Rattler (Field-Tested),165.0,165.0,107,16,0.1495,1.0,steamdt-live,169.91,127,168.93,226,,11,15,7,5,8,0,0,0,0.0,-0.03294117647058825,-0.011627906976744207,-0.03294117647058825,0.057879656160458426,0.0024390243902439046,0.06590909090909092,-0.06324786324786325,-0.11135135135135132,0.14,13,可能加速下跌,,46,0,0
278,M4A1-S | Nightmare (Factory New),1539.0,1500.0,406,58,0.1429,0.9747,steamdt-live,1613.07,62,1571.41,58,,11,12,9,2,6,0,6,0,0.003974331889722071,0.01200731222957252,-0.003119529306464197,0.016029365163198417,0.02062478920205424,0.026684456304202797,0.048661078555003345,-0.048661078555003345,-0.0357142857142857,0.4,7,暂未减速,,46,0,0
279,M4A1-S | Golden Coil (Factory New),1435.0,1410.0,333,45,0.1351,0.9826,steamdt-live,1468.88,98,1439.5,127,,11,12,9,2,6,0,6,0,-0.0003466324655967412,-0.004819861992440777,-0.007943603851444214,-0.005164823737391244,0.013067400275103114,0.0,0.04935409075852937,-0.04173622704507518,-0.14557904138136346,0.4,7,暂未减速,,46,0,0
280,AWP | LongDog (Factory New),2429.24,2350.0,357,42,0.1176,0.9674,steamdt-live,2497.0,131,2457.0,169,,11,12,9,2,8,0,4,0,-0.008299595141700422,-0.00827107572974084,-0.004060369263770847,-0.016502024291498052,0.020495389243045725,0.0,0.06567692307692319,-0.06567692307692319,-0.30771159874608156,0.36,12,长期阴跌,,46,0,0
281,M4A4 | Full Throttle (Factory New),1000.0,930.0,247,29,0.1174,0.93,steamdt-live,1020.0,143,1056.5,111,,11,9,7,2,10,0,2,5,0.00048804294777937685,-0.024390243902439046,-0.0004878048780487809,-0.023914104441190798,0.024390243902439046,0.0002000400080015563,0.08214777420835251,-0.08214777420835251,-0.24954785258118017,0.4,3,可能加速下跌,,46,0,0
282,Five-SeveN | Triumvirate (Factory New),65.12,61.0,223,22,0.0987,0.9367,steamdt-live,68.78,183,65.02,221,,7,9,7,2,10,0,6,5,-0.0022967386311438798,-0.0021485573971762317,-0.007295941632467051,-0.004440361353544753,0.010199421525346364,0.0,0.12572273766303632,-0.12584027964506583,-0.4273383829487406,0.33,4,长期阴跌,,46,0,0
283,★ Broken Fang Gloves | Yellow-banded (Field-Tested),276.5,270.0,145,13,0.0897,0.9765,steamdt-live,275.0,126,290.0,72,,7,12,7,5,4,0,6,5,0.0017889087656528524,0.0021865889212828726,-0.0075724637681158224,0.003979409295023828,0.0072202166064981865,0.00585223116313105,0.017857142857142905,0.00891514106468061,-0.04513888888888884,0.4,5,回撤不明显,,46,0,0
284,Glock-18 | Snack Attack (Factory New),608.48,584.0,368,33,0.0897,0.9598,steamdt-live,618.12,74,607.2,93,,7,9,9,2,8,0,6,5,0.003355704697986628,0.015384615384615552,-0.0055396115597677875,0.01879194630872494,0.0,0.032653061224489965,0.0729770992366412,-0.07226890756302518,-0.26754243115115983,0.4,10,回撤不明显,,46,0,0
285,USP-S | Black Lotus (Factory New),133.0,124.0,538,47,0.0874,0.9323,steamdt-live,130.0,133,135.52,172,,7,9,12,2,10,0,6,0,0.04248995983935733,0.001617998304954238,-0.0040000000000000036,0.04417670682730934,0.022262334536702788,0.05691056910569103,0.09090909090909094,-0.09090909090909094,-0.43355119825708066,0.4,11,长期阴跌,,46,0,0
286,M4A1-S | Leaded Glass (Factory New),248.49,239.0,1054,72,0.0683,0.9618,steamdt-live,220.0,209,248.79,218,,7,12,15,2,10,0,0,0,-0.0020202836478241393,0.0040892343819587396,0.02480331262939961,0.0020606893207806287,0.0,0.1272727272727272,0.09818181818181815,-0.10430511412886445,-0.256349515727608,0.23,10,回撤不明显,,46,0,0
287,USP-S | Blood Tiger (Factory New),76.0,75.0,427,27,0.0632,0.9868,steamdt-live,83.08,105,80.24,119,,7,12,9,2,10,0,6,0,0.07177289769683992,-0.016741629185407336,-0.0055925432756323,0.053829673272629774,0.017968555028699762,0.053829673272629774,0.11353908537959001,-0.09415285451197042,-0.40333586050037906,0.14,8,长期阴跌,,46,0,0
288,M4A4 | Spider Lily (Factory New),364.5,361.0,865,45,0.052,0.9904,steamdt-live,363.0,186,368.55,144,,3,15,12,2,8,0,6,0,0.018027777777777754,-0.009522770061938912,0.0013908205841446364,0.008333333333333304,0.014925373134328401,0.022535211267605604,0.0559167750325098,-0.05714285714285716,-0.23979057591623032,0.31,11,可能加速下跌,,46,0,0
289,M4A1-S | Icarus Fell (Factory New),2634.5,2530.0,623,23,0.0369,0.9603,steamdt-live,2600.0,408,2646.48,186,,3,12,12,2,10,0,4,3,0.014583333333333393,-0.029307448198618635,-0.010676449977327973,-0.015151515151515138,0.02966971449897371,0.0,0.08127208480565373,-0.07106363214119837,-0.16129032258064513,0.39,5,可能加速下跌,,46,0,0
290,M4A4 | Polysoup (Factory New),114.5,109.0,1296,33,0.0255,0.952,steamdt-live,119.98,313,118.18,450,,3,9,15,2,10,0,2,5,-0.012605042016806678,-0.025531914893617058,-0.040322580645161255,-0.037815126050420145,0.07884151246983107,0.0,0.12927756653992395,-0.11773770997071964,-0.36033519553072624,0.4,9,长期阴跌,,46,0,0
291,AWP | PAW (Factory New),41.6,40.5,1276,23,0.018,0.9736,steamdt-live,41.1,1037,43.0,310,,3,12,15,2,8,0,6,0,-0.0023380874444705046,-0.036794000468713395,-0.005348837209302237,-0.03904606032265612,0.0592813000686655,0.004889975550122383,0.07013574660633481,-0.0625,-0.08666666666666667,0.4,10,可能加速下跌,,46,0,0
292,M4A1-S | Chantico's Fire (Factory New),1559.0,1520.0,258,47,0.1822,0.975,steamdt-live,1507.32,74,1587.23,81,,14,12,9,2,8,0,0,0,-0.005102040816326481,-0.033769230769230774,0.00512820512820511,-0.03869897959183677,0.0390054191903092,0.0,0.07809174311926614,-0.07809174311926614,-0.15212879056345874,0.4,7,可能加速下跌,,45,0,0
293,Desert Eagle | Light Rail (Factory New),83.0,78.0,396,44,0.1111,0.9398,steamdt-live,81.86,159,82.65,124,,11,9,9,2,10,0,4,0,0.005939393939393911,-0.013857091215809025,0.03125,-0.008000000000000007,0.013975903614457774,0.011619283065512853,0.09066666666666667,0.02300000000000013,-0.052558462607084855,0.2,9,可能加速下跌,,45,0,0
294,Galil AR | Sugar Rush (Factory New),764.5,728.0,325,35,0.1077,0.9523,steamdt-live,789.99,68,784.0,82,,11,9,9,2,8,0,6,0,0.0,0.019333333333333425,0.0,0.019333333333333425,0.0006405312487745007,0.020149452895649844,0.0567550894509562,-0.0567550894509562,-0.3001647748077628,0.4,7,长期阴跌,,45,0,0
295,AK-47 | B the Monster (Factory New),1918.5,1850.0,538,45,0.0836,0.9643,steamdt-live,1999.0,279,2039.5,155,,7,12,12,2,10,0,2,0,-0.0024826216484608032,-0.0450472872075659,-0.028461167390255615,-0.04741807348560079,0.07452966714905929,0.0,0.1118055555555556,-0.09824160638492896,-0.2553852124975742,0.4,9,可能加速下跌,,45,0,0
296,Glock-18 | Shinobu (Factory New),106.98,102.0,968,49,0.0506,0.9534,steamdt-live,103.9,350,106.58,227,,3,9,15,2,10,0,6,0,-0.0009661835748792091,0.0,0.014705882352941124,-0.0009661835748792091,0.009578544061302652,0.013725490196078383,0.08898678414096917,-0.05999999999999994,-0.24745269286754001,0.4,14,回撤不明显,,45,0,0
297,★ Hand Wraps | Overprint (Field-Tested),580.0,595.0,841,28,0.0333,1.0259,steamdt-live,569.0,804,579.63,276,,3,15,12,5,10,0,0,0,-0.010913663034367138,-0.035576874184308216,-0.031372803741353095,-0.04610226320201172,0.07328990228013033,0.02522522522522519,0.11024237685691951,-0.1060487038491752,-0.18349189949344924,0.4,14,可能加速下跌,,45,0,0
298,M4A4 | Magnesium (Factory New),34.89,33.6,1279,41,0.0321,0.963,steamdt-live,34.86,551,35.57,309,,3,12,15,2,8,0,2,3,0.0014037057832678723,-0.023829548640314058,0.022681596325007103,-0.02245929253228518,0.024103139013452846,0.02441894674904388,0.06948156066274724,-0.05019094380796496,-0.17857985373908947,0.2,9,可能加速下跌,,45,0,0
299,★ Driver Gloves | Plum Quill (Minimal Wear),1010.0,1220.0,16,12,0.75,1.2079,steamdt-live,997.5,16,1030.0,17,"溢价求购:买一高于卖一,多为定向收特定图案,买一价不可作退出价",20,0,2,5,6,0,6,5,-0.0005010020040080443,0.0,-0.0020000000000000018,-0.0005010020040080443,0.0024999999999999467,0.007575757575757569,0.03855421686746985,-0.03855421686746985,-0.10135135135135132,0.4,3,回撤不明显,买一异常溢价(不作为可成交退出价),44,0,0
300,★ Sport Gloves | Creme Pinstripe (Minimal Wear),1000.0,1290.0,44,23,0.5227,1.29,steamdt-live,1020.0,44,1048.99,38,"溢价求购:买一高于卖一,多为定向收特定图案,买一价不可作退出价",20,0,4,5,6,0,4,5,-0.00588235294117645,-0.013806706114398382,0.0,-0.019607843137254943,0.025341130604288553,0.0,0.04351984696317557,-0.03707270101107363,-0.13043478260869568,0.4,2,可能加速下跌,买一异常溢价(不作为可成交退出价),44,0,0
301,Desert Eagle | Eastern Enigma (Factory New),385.0,357.0,73,31,0.4247,0.9273,steamdt-live,363.99,60,375.18,128,,20,6,4,2,10,0,2,0,-0.01058047493403691,-0.02933411557641541,0.000316722972973027,-0.03960422163588384,0.04056618693658065,0.0,0.09229426433915211,-0.08659974905897116,-0.19737596471885333,1.4,5,可能加速下跌,,44,0,0
302,★ Moto Gloves | Spearmint (Field-Tested),10245.0,12880.0,434,65,0.1498,1.2572,steamdt-live,10175.0,201,10330.38,95,"溢价求购:买一高于卖一,多为定向收特定图案,买一价不可作退出价",11,0,9,5,10,2,2,5,-0.00952380952380949,-0.02163461538461542,-0.0452375539895431,-0.030952380952380953,0.07478972493748581,0.0,0.08234126984126988,-0.07491590144558591,-0.25183823529411764,0.4,13,可能加速下跌,买一异常溢价(不作为可成交退出价),44,0,0
303,★ Driver Gloves | Diamondback (Minimal Wear),2498.0,2390.0,187,24,0.1283,0.9568,steamdt-live,2830.0,23,2534.0,31,,11,9,7,5,10,0,2,0,-0.0025727290718384754,-0.0087301587301587,-0.004334975369458149,-0.0112804274688304,0.015566502463054133,0.01959183673469389,0.08397506417308398,-0.08397506417308398,-0.27140148753099025,0.35,4,可能加速下跌,,44,0,0
304,★ Hydra Gloves | Case Hardened (Minimal Wear),515.0,534.0,129,16,0.124,1.0369,steamdt-live,517.0,119,526.56,66,,11,15,7,5,0,0,6,0,0.0,0.0,0.03400000000000003,0.0,0.0,0.03400000000000003,0.0,0.009785347370065756,-0.10398613518197575,0.07,10,回撤不明显,,44,0,0
305,Glock-18 | Franklin (Factory New),628.0,612.0,441,38,0.0862,0.9745,steamdt-live,659.5,87,642.36,143,,7,12,9,2,8,2,4,0,-0.014857178379386493,-0.011421359835936284,-0.00015538566722594904,-0.02610884903490518,0.0323347745521928,0.0,0.06780316553611809,-0.07161481481481491,-0.33686772486772487,0.23,11,长期阴跌,,44,0,0
306,M4A4 | Urban DDPAT (Factory New),123.99,111.0,460,39,0.0848,0.8952,steamdt-live,121.68,112,119.77,144,,7,6,9,2,10,10,0,0,-0.026016260162601612,-0.00025041736227049416,-0.02225755166931631,-0.026260162601626003,0.04793322734499206,0.061790780141844026,0.08222222222222231,-0.08920152091254752,-0.33272048582093716,0.37,8,长期阴跌,,44,0,0
307,AWP | Safari Mesh (Factory New),35.55,33.4,449,31,0.069,0.9395,steamdt-live,35.98,122,36.69,179,,7,9,9,2,10,5,2,0,-0.010479867622724681,-0.00919732441471588,-0.03229250066720046,-0.019580805295090986,0.05124099279423544,0.01571428571428557,0.0882277507053092,-0.07373632100052119,-0.3759873617693523,0.39,12,长期阴跌,,44,0,0
308,M4A1-S | Vaporwave (Factory New),863.0,835.0,575,29,0.0504,0.9676,steamdt-live,853.5,253,879.9,161,,3,12,12,2,8,0,2,5,-0.0022988505747126853,-0.016705069124423932,-0.013605442176870763,-0.018965517241379293,0.05846662989520135,0.0,0.074295010845987,-0.07567848556390655,-0.18810167040827974,0.39,10,可能加速下跌,,44,0,0
309,MP9 | Sand Scale (Factory New),31.9,29.1,837,36,0.043,0.9122,steamdt-live,30.0,207,30.68,171,,3,6,12,2,6,10,0,5,0.058930520189159674,0.030573686018550372,-0.013988522238163603,0.09130592942888338,0.026290165530671872,0.11940298507462677,0.038461538461538436,-0.038461538461538436,-0.34109378431803206,0.4,12,长期阴跌,,44,0,0
310,FAMAS | Faulty Wiring (Factory New),15.77,15.1,486,12,0.0247,0.9575,steamdt-live,15.66,81,16.07,143,,3,9,9,2,10,7,4,0,-0.016874999999999973,-0.004450095359186279,0.0,-0.02124999999999999,0.03867403314917117,0.0,0.09375,-0.07719505008839123,-0.4975938402309914,0.4,12,长期阴跌,,44,0,0
311,MP9 | Ruby Poison Dart (Factory New),28.48,27.7,587,14,0.0239,0.9726,steamdt-live,28.25,254,28.76,270,,3,12,12,2,8,0,2,5,0.0013903371567605127,-0.01943769524470662,0.02750000000000008,-0.018074383037886665,0.04204815191590361,0.04629629629629628,0.05833333333333335,-0.048501178848097015,-0.2652795838751626,0.3,10,可能加速下跌,,44,0,0
312,AK-47 | Crossfade (Factory New),22.7,21.2,2911,28,0.0096,0.9339,steamdt-live,24.85,1211,24.11,880,,3,9,15,2,10,0,0,5,0.024369388627618616,-0.05258764607679467,-0.008898305084745761,-0.02949978623343319,0.09018036072144286,0.0,0.14757791963950428,-0.14757791963950428,-0.28840125391849525,0.39,9,可能加速下跌,,44,0,0
313,M4A1-S | Fatal Glitch (Factory New),574.0,545.0,33,15,0.4545,0.9495,steamdt-live,578.57,38,587.5,59,,20,9,4,2,4,0,4,0,0.0008620689655172153,-0.011197243755383335,0.00017244352474565794,-0.010344827586206917,0.011197243755383335,0.0,0.023809523809523836,-0.023809523809523836,-0.13684210526315788,0.4,3,可能加速下跌,,43,0,0
314,FAMAS | Bad Trip (Factory New),507.88,475.0,113,28,0.2478,0.9353,steamdt-live,490.25,51,508.0,61,,17,9,7,2,4,0,4,0,0.0015687220948472635,-0.015562248995983907,0.004484848484848536,-0.01401793974498211,0.028977182696878434,0.0005102040816327147,0.028977182696878434,-0.012588116817724093,-0.03492194728242681,0.16,6,可能加速下跌,,43,0,0
315,Glock-18 | Weasel (Factory New),279.88,271.0,437,101,0.2311,0.9683,steamdt-live,280.0,79,284.0,40,,17,12,9,2,0,0,3,0,0.01869472741520206,0.021538461538461506,-0.007444444444444365,0.04063584462106795,0.0035729598399314444,0.07261538461538453,0.0035729598399314444,0.07261538461538453,0.28569452768429304,0.12,20,回撤不明显,,43,0,0
316,★ Specialist Gloves | Forest DDPAT (Minimal Wear),1750.0,1630.0,146,25,0.1712,0.9314,steamdt-live,1994.9,21,1728.0,31,,14,9,7,5,2,0,6,0,-0.0005952380952380931,0.029184038117927358,0.018181818181818077,0.02857142857142847,0.007444168734491385,0.04949893713938658,0.007444168734491385,0.0008572156708293033,-0.24607329842931935,0.4,6,回撤不明显,,43,0,0
317,AK-47 | The Oligarch (Factory New),1498.0,1430.0,199,30,0.1508,0.9546,steamdt-live,1539.0,179,1552.5,101,,14,9,7,2,8,1,2,0,-0.016174861973216714,-0.014473684210526305,-0.008032102728731894,-0.03041443633939378,0.038202247191011285,0.0057066129573681845,0.07758620689655171,-0.07312304322538332,-0.1488636363636363,0.39,8,可能加速下跌,,43,0,0
318,M4A1-S | Atomic Alloy (Factory New),1135.0,1110.0,537,48,0.0894,0.978,steamdt-live,1170.0,79,1135.16,66,,7,12,12,2,4,0,6,0,0.0004474272930647949,0.015205724508050134,0.021480804387568497,0.015659955257270708,0.02491408934707906,0.05581395348837215,0.02491408934707906,0.09188159578254718,0.10301263362487845,0.34,11,可能加速下跌,,43,0,0
319,★ Driver Gloves | Racing Green (Field-Tested),176.97,177.0,179,15,0.0838,1.0002,steamdt-live,179.9,108,175.77,108,,7,15,7,5,2,0,2,5,0.005511363636363731,-0.006780810306831642,0.01739984970229491,-0.0013068181818181035,0.00957908378880934,0.09856250000000011,0.00957908378880934,-0.0013068181818181035,-0.07083575619812854,0.4,11,回撤不明显,,43,0,0
320,Glock-18 | Wasteland Rebel (Factory New),743.0,729.0,457,32,0.07,0.9812,steamdt-live,763.5,98,747.43,143,,7,12,9,2,4,0,4,5,0.00016034849071977497,-0.00733476733156091,0.004523489932885871,-0.007175594959712428,0.007348029392117539,0.0,0.026850032743942376,-0.027486910994764413,-0.061276058117498367,0.33,4,回撤不明显,,43,0,0
321,FAMAS | Neural Net (Factory New),32.44,32.2,495,31,0.0626,0.9926,steamdt-live,31.67,150,32.67,288,,7,15,9,2,10,0,0,0,-0.017009847806624845,-0.03855494839101381,-0.015280634734058274,-0.05490898239331532,0.0663325471698113,0.0,0.1346994535519126,-0.12994505494505482,-0.4808196721311475,0.31,17,长期阴跌,,43,0,0
322,Glock-18 | Nuclear Garden (Factory New),242.0,236.0,2294,109,0.0475,0.9752,steamdt-live,245.0,251,248.0,245,,3,12,15,2,8,0,3,0,0.03333333333333344,-0.032258064516129004,0.030087128202927138,0.0,0.06611152184909919,0.06666666666666665,0.06611152184909919,-0.027000729749452668,-0.30835734870317,0.4,19,长期阴跌,,43,0,0
323,MP9 | Goo (Factory New),18.26,16.7,495,23,0.0465,0.9146,steamdt-live,18.03,278,18.58,511,,3,6,9,2,8,9,6,0,-0.02321814254859611,-0.0033167495854061757,-0.02114164904862592,-0.026457883369330415,0.04451510333863273,0.0022234574763759785,0.06531881804043538,-0.05205047318611977,-0.6234335839598997,0.34,9,长期阴跌,,43,0,0
324,P250 | Iron Clad (Factory New),37.88,35.0,286,6,0.021,0.924,steamdt-live,43.58,32,39.84,82,,3,6,9,2,10,9,4,0,-0.04690243290694751,-0.0031578947368420263,-0.017254128666502444,-0.04991221469776763,0.06630515158984462,0.0023815824292141574,0.1061821613968853,-0.05747698432445869,-0.31127272727272726,0.32,4,长期阴跌,,43,0,0
325,★ Specialist Gloves | Blackbook (Minimal Wear),3164.0,4050.0,49,15,0.3061,1.28,steamdt-live,3130.0,60,3148.51,36,"溢价求购:买一高于卖一,多为定向收特定图案,买一价不可作退出价",20,0,4,5,2,0,6,5,-0.0012722646310432406,-0.0031847133757961776,-0.0019047619047618536,-0.004452926208651453,0.006036817920552884,0.0032051282051281937,0.014173228346456734,-0.014173228346456734,-0.08479532163742687,0.15,2,回撤不明显,买一异常溢价(不作为可成交退出价),42,0,0
326,★ Specialist Gloves | Lime Polycam (Field-Tested),1508.0,2130.0,123,33,0.2683,1.4125,steamdt-live,1498.0,144,1522.0,50,"溢价求购:买一高于卖一,多为定向收特定图案,买一价不可作退出价",17,0,7,5,4,0,4,5,-0.0009917355371901193,-0.008603573792190566,-0.0016501650165016146,-0.009586776859504154,0.014473684210526305,0.005369127516778427,0.02378624959270126,-0.020594965675057253,-0.07410841213919284,0.15,5,可能加速下跌,买一异常溢价(不作为可成交退出价),42,0,0
327,P250 | Lotus Imprint (Factory New),77.0,70.0,78,18,0.2308,0.9091,steamdt-live,77.9,92,79.59,85,,17,6,4,2,6,0,4,3,0.0,-0.012820512820512775,-0.008894536213468918,-0.012820512820512775,0.025316455696202556,0.0,0.04820766378244756,-0.04820766378244756,-0.12400455062571114,0.4,2,可能加速下跌,,42,0,0
328,Desert Eagle | Directive (Factory New),588.0,558.0,108,20,0.1852,0.949,steamdt-live,706.5,18,599.0,28,,14,9,7,2,10,0,0,0,-0.009128630705394158,-0.015075376884422065,0.004166666666666652,-0.0240663900414938,0.028099173553719048,0.01906412478336228,0.11982636030237248,-0.11982636030237248,0.24843414934499664,0.23,8,可能加速下跌,,42,0,0
329,Desert Eagle | Heirloom (Factory New),605.0,570.0,110,17,0.1545,0.9421,steamdt-live,579.72,42,586.81,47,,14,9,7,2,10,0,0,0,-0.032539682539682535,-0.05205906480721911,-0.015625,-0.08290476190476193,0.09723437499999998,0.0,0.135721765145849,-0.11790839694656496,-0.1152067381316999,0.23,9,可能加速下跌,,42,0,0
330,AK-47 | Crane Flight (Factory New),299.0,280.0,242,34,0.1405,0.9365,steamdt-live,304.8,199,300.0,141,,11,9,7,2,4,0,4,5,-0.008223684210526327,-0.008291873963515717,-0.006211180124223503,-0.016447368421052655,0.025201317119290634,0.0,0.025201317119290634,-0.01967213114754096,-0.11011904761904767,0.4,12,可能加速下跌,,42,0,0
331,USP-S | Whiteout (Factory New),2579.9,2410.0,149,19,0.1275,0.9341,steamdt-live,2643.04,55,2617.0,43,,11,9,7,2,4,0,4,5,0.0,-0.007539911521446396,-0.0053568012244117336,-0.007539911521446396,0.012856322938588072,0.0,0.026269107378750656,-0.026269107378750656,-0.14003333333333334,0.31,3,可能加速下跌,,42,0,0
332,USP-S | Caiman (Factory New),399.4,391.0,240,26,0.1083,0.979,steamdt-live,452.58,52,404.42,85,,11,12,7,2,10,0,0,0,0.0,-0.030558994150343577,-0.0023488957768306173,-0.030558994150343577,0.03283611003487019,0.0,0.10606772756776128,-0.1059676769485608,-0.24919166854650732,0.4,5,可能加速下跌,,42,0,0
333,Glock-18 | Wraiths (Factory New),34.9,33.4,377,37,0.0981,0.957,steamdt-live,33.0,145,33.22,160,,7,9,9,2,4,0,6,5,0.0031250000000000444,0.028037383177569986,0.0062893081761006275,0.03125,0.0,0.044634377967711414,0.015513126491646823,0.03125,-0.38086303939962474,0.4,7,长期阴跌,,42,0,0
334,M4A4 | Griffin (Factory New),424.5,410.0,470,42,0.0894,0.9658,steamdt-live,490.0,40,431.96,122,,7,12,9,2,6,0,6,0,0.027827494054478263,0.01259481894947756,0.007086419753086437,0.040772795253389615,0.01727011760348174,0.04814814814814805,0.03208153772487854,-0.03208153772487854,-0.3918338108882522,0.4,7,长期阴跌,,42,0,0
335,M4A1-S | Hot Rod (Factory New),7819.49,7500.0,330,28,0.0848,0.9591,steamdt-live,7850.0,177,7999.0,126,,7,9,9,2,6,0,4,5,-0.0034062953384217387,-0.010128489144882624,-0.00794743429286604,-0.013500283857944884,0.021340425531914953,0.010270025839793195,0.04987970838396116,-0.049821981894404344,-0.1678737895072896,0.26,9,可能加速下跌,,42,0,0
336,MP9 | Dart (Factory New),19.66,18.1,103,7,0.068,0.9207,steamdt-live,20.08,108,19.61,124,,7,6,7,2,2,10,3,5,0.03862660944205998,0.012913223140495811,-0.029166666666666563,0.05203862660944192,0.005578093306288001,0.06229685807150598,0.014572864321607981,-0.014572864321607981,-0.4161952962191129,0.4,7,长期阴跌,,42,0,0
337,Five-SeveN | Berries And Cherries (Factory New),489.5,478.0,278,18,0.0647,0.9765,steamdt-live,515.91,135,514.26,147,,7,12,9,2,10,0,2,0,-0.009910802775024763,-0.020020020020020013,-0.0146484375,-0.02973240832507429,0.043010752688172005,0.0,0.11332101583161247,-0.10999999999999999,-0.31777003484320554,0.4,5,长期阴跌,,42,0,0
338,★ Sport Gloves | Nocts (Minimal Wear),4886.0,7100.0,409,26,0.0636,1.4531,steamdt-live,4899.5,352,5098.99,65,"溢价求购:买一高于卖一,多为定向收特定图案,买一价不可作退出价",7,0,9,5,10,2,4,5,-0.009801960392078368,-0.012828282828282855,-0.03307356493919711,-0.02250450090018008,0.05574879227053142,0.0001023331968890151,0.09484115958136519,-0.09484115958136519,-0.13513274336283188,0.4,6,暂未减速,买一异常溢价(不作为可成交退出价),42,0,0
339,USP-S | Orion (Factory New),520.0,488.0,520,26,0.05,0.9385,steamdt-live,520.0,189,517.4,249,,3,9,12,2,10,0,6,0,-0.0016900522737098855,0.018503937007873894,-0.002235294117647002,0.016782612113351414,0.004980865016634972,0.024554455445544576,0.08343666961913199,-0.08343666961913199,-0.2848652384243262,0.4,10,回撤不明显,,42,0,0
340,AK-47 | Wild Lotus (Factory New),93887.0,87960.0,111,5,0.045,0.9369,steamdt-live,94444.0,101,96299.5,23,,3,9,7,2,2,10,6,3,-0.018949209294389924,0.020510869565217416,-0.002361727252417567,0.001172995510626329,0.0011915020372557095,0.02175474490684315,0.009536770368494873,-0.009536770368494873,-0.031893173850278456,0.34,4,回撤不明显,,42,0,0
341,AK-47 | Inheritance (Factory New),639.0,634.0,852,36,0.0423,0.9922,steamdt-live,629.0,729,644.88,239,,3,15,12,2,8,0,2,0,-0.0031152647975077885,-0.017187500000000022,0.0031250000000000444,-0.02024922118380057,0.024806201550387597,0.006399999999999961,0.05697151424287861,-0.05626406601650413,-0.19047619047619047,0.4,13,可能加速下跌,,42,0,0
342,Desert Eagle | Conspiracy (Factory New),138.3,136.0,1422,52,0.0366,0.9834,steamdt-live,138.0,858,140.9,317,,3,12,15,2,6,0,4,0,0.00400087291772766,-0.0038400231850456157,-0.0038405797101449535,0.0001454862879173291,0.025722789115646183,0.018444444444444485,0.04851211072664352,-0.041747978812377906,-0.14068749999999997,0.23,10,可能加速下跌,,42,0,0
343,M4A1-S | Decimator (Factory New),230.49,225.0,1167,41,0.0351,0.9762,steamdt-live,241.0,345,255.79,404,,3,12,15,2,10,0,0,0,-0.004098360655737654,-0.05148148148148146,-0.010141987829614618,-0.05536885245901635,0.06494929006085193,0.0,0.14213934792317995,-0.14213934792317995,-0.24921824104234525,0.4,12,可能加速下跌,,42,0,0
344,Desert Eagle | Mulberry (Factory New),73.89,69.0,1087,32,0.0294,0.9338,steamdt-live,71.28,588,75.04,284,,3,9,15,2,10,0,0,3,-0.019659239842726106,-0.04839572192513353,0.0173333333333332,-0.06710353866317154,0.0834406386814317,0.0,0.11024999999999996,-0.10913642052565709,-0.19113636363636355,0.4,19,可能加速下跌,,42,0,0
345,AWP | Mortis (Factory New),61.5,57.0,1019,29,0.0285,0.9268,steamdt-live,62.95,349,66.8,375,,3,6,15,2,10,0,6,0,0.01631321370309946,-0.01284109149277679,-0.0035760728218466875,0.0032626427406199365,0.016000000000000014,0.010682004930156141,0.10921205098493636,-0.1021897810218978,-0.3075104154937507,0.36,12,长期阴跌,,42,0,0
346,Desert Eagle | Printstream (Factory New),408.5,402.0,1399,38,0.0272,0.9841,steamdt-live,410.0,974,416.8,473,,3,12,15,2,10,0,0,0,-0.003500583430571802,-0.04332552693208436,-0.026136363636363624,-0.046674445740956805,0.07474518686296716,0.001225490196078427,0.12485539226187925,-0.12485539226187925,-0.1611909650924025,0.4,19,可能加速下跌,,42,0,0
347,★ Specialist Gloves | Big Swell (Minimal Wear),2346.0,2900.0,45,27,0.6,1.2361,steamdt-live,2385.0,59,2349.5,33,"溢价求购:买一高于卖一,多为定向收特定图案,买一价不可作退出价",20,0,4,5,6,0,6,0,0.0,-0.001489678655033022,-0.00021276595744679216,-0.001489678655033022,0.0017021276595744483,0.0004264392324093702,0.03753846153846152,-0.03753846153846152,-0.05934242181234961,0.4,4,回撤不明显,买一异常溢价(不作为可成交退出价),41,0,0
348,★ Driver Gloves | Brocade Flowers (Minimal Wear),2410.5,3410.0,43,21,0.4884,1.4146,steamdt-live,2479.0,57,2432.79,34,"溢价求购:买一高于卖一,多为定向收特定图案,买一价不可作退出价",20,0,4,5,6,0,6,0,-0.0018618121638395158,-0.000829015544041467,-0.004530477759472795,-0.0026892842366570413,0.00720757825370677,0.00020746887966804906,0.035800000000000054,-0.0018633540372671176,-0.1220146494796921,0.4,2,回撤不明显,买一异常溢价(不作为可成交退出价),41,0,0
349,★ Driver Gloves | Plum Quill (Field-Tested),613.0,684.0,48,19,0.3958,1.1158,steamdt-live,599.0,48,617.5,24,"溢价求购:买一高于卖一,多为定向收特定图案,买一价不可作退出价",20,0,4,5,8,0,4,0,-0.0016460905349794386,-0.012366034624896938,-0.004098360655737654,-0.013991769547325061,0.0180327868852459,0.0,0.05817610062893086,-0.06039215686274513,-0.08269525267993871,0.15,6,可能加速下跌,买一异常溢价(不作为可成交退出价),41,0,0
350,Glock-18 | Gold Toof (Factory New),798.0,765.0,495,56,0.1131,0.9586,steamdt-live,829.0,106,792.8,152,,11,9,9,2,2,0,3,5,-0.00028674030886033375,0.07763330419580416,0.0032465753424657517,0.07732430328932094,0.0050441361916772065,0.08230452674897126,0.007547169811320753,-0.007547169811320753,-0.2694444444444445,0.16,6,回撤不明显,,41,0,0
351,AWP | Oni Taiji (Factory New),3189.4,5540.0,369,41,0.1111,1.737,steamdt-live,3250.0,101,3200.0,89,"溢价求购:买一高于卖一,多为定向收特定图案,买一价不可作退出价",11,0,9,2,8,0,6,5,0.003144654088050425,-0.00018808777429468737,-0.0025094102885822034,0.0029559748427672172,0.018646153846153868,0.028838709677419416,0.06125091979396613,-0.06125091979396613,-0.20265,0.4,11,暂未减速,买一异常溢价(不作为可成交退出价),41,0,0
352,AWP | Corticera (Factory New),800.0,766.0,181,20,0.1105,0.9575,steamdt-live,837.99,49,803.81,53,,11,9,7,2,10,0,2,0,-0.012183075403358612,-0.012345679012345734,-0.012060240963855384,-0.0243783460773912,0.03614457831325302,0.0037641154328733606,0.0892324506477834,-0.061792679637382886,-0.1749004723694796,0.4,6,可能加速下跌,,41,0,0
353,Five-SeveN | Retrobution (Factory New),69.7,68.0,437,42,0.0961,0.9756,steamdt-live,69.36,122,69.86,83,,7,12,9,2,2,0,6,3,-0.0014492753623187582,0.004354136429608024,0.014855125753787446,0.0028985507246377384,0.0023068050749711633,0.03810381038103827,0.011428571428571344,0.003917017263890932,-0.19478706074005114,0.23,4,回撤不明显,,41,0,0
354,Desert Eagle | Golden Koi (Factory New),1203.99,1140.0,492,38,0.0772,0.9469,steamdt-live,1225.0,175,1231.08,152,,7,9,9,2,8,0,6,0,-0.0012355848434926209,-0.007018556701030909,-0.003284072249589487,-0.008245469522240478,0.020748271655144368,0.0,0.07027799227799225,-0.07027799227799225,-0.19492477432296895,0.3,9,可能加速下跌,,41,0,0
355,AWP | Electric Hive (Factory New),421.0,385.0,485,32,0.066,0.9145,steamdt-live,423.0,228,444.9,195,,7,6,9,2,10,0,2,5,-0.00023310023310030292,-0.0184192119375145,-0.002093510118632236,-0.018648018648018683,0.0377142857142857,0.0,0.09674097277349858,-0.09676035185582499,-0.3280127693535515,0.4,10,长期阴跌,,41,0,0
356,Glock-18 | Sacrifice (Factory New),40.18,38.5,419,22,0.0525,0.9582,steamdt-live,41.55,130,40.07,134,,3,9,9,2,10,0,3,5,0.04544232320516284,0.03060699588477367,-0.00534902380315605,0.07744017208927145,0.002737680438028911,0.07918125504982498,0.09975286452482579,-0.09711581793600721,-0.3839175891758918,0.4,5,长期阴跌,,41,0,0
357,FAMAS | Decommissioned (Factory New),19.5,18.6,619,17,0.0275,0.9538,steamdt-live,20.99,96,19.14,118,,3,9,12,2,10,0,0,5,0.005777310924369727,0.018276762402088753,0.0642817216321967,0.024159663865546355,0.0,0.12651646447140386,0.1547464239271782,-0.1547464239271782,-0.5306859205776173,0.4,6,长期阴跌,,41,0,0
358,M4A1-S | Glitched Paint (Factory New),32.8,30.1,1307,24,0.0184,0.9177,steamdt-live,31.9,772,33.92,644,,3,6,15,2,10,0,0,5,0.003030303030303161,-0.036858006042296165,-0.03480549868382565,-0.033939393939393936,0.07594202898550728,0.0,0.10625175217269422,-0.034524530587522806,-0.18590398365679262,0.16,12,可能加速下跌,,41,0,0
359,M4A4 | Evil Daimyo (Factory New),47.77,44.4,1858,31,0.0167,0.9295,steamdt-live,46.1,1018,49.58,797,,3,6,15,2,10,3,2,0,-0.03589743589743588,-0.021276595744680882,-0.0008198401311744208,-0.05641025641025643,0.05911229290243403,0.002178649237472907,0.09413154785348565,-0.07999999999999996,-0.2686804451510334,0.23,16,可能加速下跌,,41,0,0
360,★ Driver Gloves | Hand Sweaters (Field-Tested),663.5,730.0,104,37,0.3558,1.1002,steamdt-live,650.0,90,680.0,38,"溢价求购:买一高于卖一,多为定向收特定图案,买一价不可作退出价",20,0,7,5,2,0,6,0,-1.5151515151523576e-05,-0.012106244034000513,0.0,-0.012121212121212088,0.012121212121212088,0.020535937891309697,0.012121212121212088,-0.01062215477996964,-0.08169014084507042,0.14,8,可能加速下跌,买一异常溢价(不作为可成交退出价),40,0,0
361,★ Sport Gloves | Arid (Minimal Wear),6619.5,7770.0,170,30,0.1765,1.1738,steamdt-live,6800.0,36,6699.0,34,"溢价求购:买一高于卖一,多为定向收特定图案,买一价不可作退出价",14,0,7,5,8,0,6,0,0.0,7.554011179933262e-05,-0.004661654135338367,7.554011179933262e-05,0.004586466165413583,0.039820923656927354,0.0501506672406371,-0.0501506672406371,-0.20965912482836846,0.4,6,回撤不明显,买一异常溢价(不作为可成交退出价),40,0,0
362,FAMAS | Roll Cage (Factory New),839.99,820.0,98,15,0.1531,0.9762,steamdt-live,875.0,44,867.35,48,,14,12,4,2,6,0,2,0,0.0,-0.015782628563394185,-0.0038865546218486147,-0.015782628563394185,0.01959640051821332,1.1904903629789132e-05,0.03337169159953968,-0.03337169159953968,-0.12489972809384409,0.2,2,可能加速下跌,,40,0,0
363,★ Sport Gloves | Superconductor (Field-Tested),9990.0,11580.0,478,61,0.1276,1.1592,steamdt-live,10100.0,301,10399.25,105,"溢价求购:买一高于卖一,多为定向收特定图案,买一价不可作退出价",11,0,9,5,8,0,2,5,-0.004853179077405789,-0.015763546798029604,-0.009757281553398056,-0.020540222559929378,0.04852612029144243,0.0062449637389201396,0.07487150993193503,-0.07491434392073337,-0.20588235294117652,0.39,4,可能加速下跌,买一异常溢价(不作为可成交退出价),40,0,0
364,★ Moto Gloves | Cool Mint (Minimal Wear),6189.5,5900.0,154,18,0.1169,0.9532,steamdt-live,6421.22,37,6188.86,34,,11,9,7,5,8,0,0,0,0.014567213114754063,0.0,-0.03929443263249077,0.014567213114754063,0.025222869743266707,0.014567213114754063,0.07328117396024414,-0.06229393939393946,-0.2718131544887634,0.4,1,价格更新稀疏,,40,0,0
365,AWP | Silk Tiger (Factory New),2869.0,2730.0,319,36,0.1129,0.9516,steamdt-live,2907.77,75,2887.0,75,,11,9,9,2,6,0,0,3,0.0031152755807393184,-0.010003485174206905,-0.003109040717736433,-0.006919373206553114,0.01000690131124915,0.02464285714285719,0.04968532626697586,-0.04968532626697586,-0.21397260273972607,0.4,7,可能加速下跌,,40,0,0
366,P250 | Wingshot (Factory New),38.39,35.8,178,15,0.0843,0.9325,steamdt-live,38.4,112,39.5,118,,7,9,7,2,6,0,6,3,0.0,-0.0025980774227072345,-0.0002597402597401821,-0.0025980774227072345,0.005182689816014552,0.0023498694516972396,0.030555555555555558,-0.028838856564634474,-0.31446428571428575,0.21,4,长期阴跌,,40,0,0
367,USP-S | Road Rash (Factory New),899.4,850.0,155,13,0.0839,0.9451,steamdt-live,868.5,60,886.48,48,,7,9,7,2,8,0,4,3,0.008522727272727293,-0.021408450704225368,-0.008450704225352101,-0.013068181818181812,0.021408450704225368,0.0,0.07606382978723403,-0.07606382978723403,-0.24148471615720524,0.4,5,可能加速下跌,,40,0,0
368,Glock-18 | Bullet Queen (Factory New),678.5,652.0,463,37,0.0799,0.9609,steamdt-live,685.7,95,690.0,134,,7,12,9,2,6,0,4,0,0.001477104874446189,0.0007374631268437515,-0.004411764705882337,0.0022156573116691725,0.010211524434719177,0.021083838733464644,0.045562604622374714,-0.045562604622374714,-0.18253012048192774,0.32,9,暂未减速,,40,0,0
369,Tec-9 | Snek-9 (Factory New),24.97,22.4,392,27,0.0689,0.8971,steamdt-live,26.39,113,26.38,129,,7,6,9,2,8,1,4,3,-0.009047993705743496,-0.008733624454148603,-0.019668337832626226,-0.017702596380802627,0.03702275356729656,0.0,0.07415647015202076,-0.05273141122913505,-0.3437582128777924,0.4,4,长期阴跌,,40,0,0
370,AWP | Chrome Cannon (Factory New),395.5,389.0,384,24,0.0625,0.9836,steamdt-live,409.99,332,420.04,151,,7,12,9,2,10,0,0,0,-0.004830917874396157,-0.04126213592233008,-0.025882352941176467,-0.04589371980676327,0.07058823529411762,0.0,0.0908881677368869,-0.0908881677368869,-0.1270718232044199,0.4,13,可能加速下跌,,40,0,0
371,Tec-9 | Phoenix Chalk (Factory New),56.3,50.0,389,21,0.054,0.8881,steamdt-live,59.9,97,56.34,114,,3,6,9,2,10,10,0,0,0.036181818181818315,-0.012107387260923086,-0.061433447098976135,0.023636363636363678,0.03924914675767921,0.062464615965276415,0.08678021086780219,-0.07279314888010546,-0.5308333333333334,0.4,10,长期阴跌,,40,0,0
372,AWP | Sun in Leo (Factory New),413.5,395.0,1088,54,0.0496,0.9553,steamdt-live,419.48,467,423.5,332,,3,9,15,2,8,0,3,0,0.008645751700078419,0.03636682623624643,0.002712294043092589,0.045326996486083404,0.015429306157436096,0.0740259740259741,0.061911567866784645,-0.04942528735632179,-0.2895189003436426,0.33,18,暂未减速,,40,0,0
373,AK-47 | Bloodsport (Factory New),945.0,920.0,1617,51,0.0315,0.9735,steamdt-live,960.0,1169,969.5,358,,3,12,15,2,8,0,0,0,-0.0035335689045936647,-0.04255319148936165,-0.009499999999999953,-0.04593639575971731,0.05547226386806592,0.006389776357827559,0.07125307125307123,-0.06342913776015857,-0.08993730679224576,0.4,15,可能加速下跌,,40,0,0
374,USP-S | Desert Tactical (Factory New),15.67,14.1,1020,26,0.0255,0.8998,steamdt-live,15.36,149,14.62,296,,3,6,15,2,10,0,4,0,-0.00203252032520318,-0.007467752885268242,-0.005390835579514808,-0.009485094850948506,0.01482479784366586,0.00758097863542373,0.10306748466257676,-0.10306748466257676,-0.5283870967741936,0.4,6,长期阴跌,,40,0,0
375,★ Sport Gloves | Red Racer (Minimal Wear),1700.0,2340.0,48,21,0.4375,1.3765,steamdt-live,1779.0,64,1800.0,28,"溢价求购:买一高于卖一,多为定向收特定图案,买一价不可作退出价",20,0,4,5,8,0,2,0,-0.020168067226890796,-0.028016009148084664,-0.007230255839822064,-0.04761904761904767,0.05450500556173521,0.0,0.06593406593406592,-0.06077348066298338,-0.12076545125420224,0.15,7,可能加速下跌,买一异常溢价(不作为可成交退出价),39,0,0
376,★ Driver Gloves | Wave Chaser (Field-Tested),1010.98,1840.0,78,28,0.359,1.82,steamdt-live,960.0,83,1032.48,62,"溢价求购:买一高于卖一,多为定向收特定图案,买一价不可作退出价",20,0,4,5,6,0,4,0,0.000515729757607053,-0.010309278350515427,-0.0005154639175257714,-0.00979886539453323,0.010309278350515427,0.0,0.035175879396984966,-0.035175879396984966,-0.05882352941176472,0.4,3,可能加速下跌,买一异常溢价(不作为可成交退出价),39,0,0
377,★ Sport Gloves | Occult (Minimal Wear),5459.5,6620.0,88,29,0.3295,1.2126,steamdt-live,5600.0,103,5798.0,33,"溢价求购:买一高于卖一,多为定向收特定图案,买一价不可作退出价",20,0,4,5,8,0,2,0,-0.018901098901098923,-0.02159498207885302,-0.016003460207612452,-0.04008791208791207,0.05854457665114676,0.0,0.06347028047002312,-0.05846339570578596,-0.10492663333060082,0.4,7,可能加速下跌,买一异常溢价(不作为可成交退出价),39,0,0
378,★ Driver Gloves | Brocade Crane (Field-Tested),1046.5,1340.0,83,23,0.2771,1.2805,steamdt-live,1022.5,86,1035.92,44,"溢价求购:买一高于卖一,多为定向收特定图案,买一价不可作退出价",17,0,4,5,2,0,6,5,-0.0009760858955587537,-0.0009770395701026446,-0.004373177842565634,-0.0019521717911176184,0.0024390243902439046,0.012376237623762387,0.006799417192812074,-0.006799417192812074,-0.08664582402858423,0.15,5,回撤不明显,买一异常溢价(不作为可成交退出价),39,0,0
379,★ Moto Gloves | Blood Pressure (Minimal Wear),1180.0,1720.0,119,28,0.2353,1.4576,steamdt-live,1215.0,86,1200.0,49,"溢价求购:买一高于卖一,多为定向收特定图案,买一价不可作退出价",17,0,7,5,4,0,6,0,0.0,-0.008328360968476667,-0.0067363395048331,-0.008328360968476667,0.015025041736227096,0.0,0.015846538782318564,0.00340136054421758,-0.11940298507462688,0.4,5,可能加速下跌,买一异常溢价(不作为可成交退出价),39,0,0
380,Tec-9 | Sultan (Factory New),34.99,32.1,154,25,0.1623,0.9174,steamdt-live,34.0,131,36.48,89,,14,6,7,2,8,0,2,0,-0.003142857142857114,-0.025508741759816544,0.0,-0.02857142857142858,0.05027932960893844,0.002949852507374784,0.07002188183807445,-0.02857142857142858,-0.12483912483912485,0.15,7,可能加速下跌,,39,0,0
381,FAMAS | Valence (Factory New),184.0,171.0,246,27,0.1098,0.9293,steamdt-live,183.49,97,180.64,96,,11,6,7,2,0,10,3,0,-0.02628307583022549,0.09119095385737741,0.011556886227545027,0.0625110992718878,0.0,0.09132364564966267,0.0,0.09451795841209831,-0.18003654636820465,0.4,11,回撤不明显,,39,0,0
382,AWP | Chromatic Aberration (Factory New),421.5,403.0,285,21,0.0737,0.9561,steamdt-live,415.46,181,421.34,161,,7,9,9,2,6,0,6,0,-0.002421307506053294,0.008398058252427232,-0.002897151134717446,0.00595641646489109,0.0,0.008398058252427232,0.03381395348837213,-0.03246390312063341,-0.1065376344086022,0.4,5,回撤不明显,,39,0,0
383,FAMAS | ZX Spectron (Factory New),129.99,122.0,619,35,0.0565,0.9385,steamdt-live,131.0,142,128.48,166,,3,9,12,2,10,0,3,0,0.03211956072991495,0.027839999999999865,0.00924999999999998,0.060853769300635685,0.0075699057623977994,0.07514644351464428,0.08548651149548026,-0.06898550724637686,-0.32732984293193723,0.3,11,长期阴跌,,39,0,0
384,M4A4 | Desolate Space (Factory New),400.0,392.0,633,35,0.0553,0.98,steamdt-live,414.0,193,418.89,182,,3,12,12,2,10,0,0,0,-0.009380116959064266,-0.05546766157406313,-0.011332099907493065,-0.06432748538011701,0.07385968974299606,0.0,0.14893617021276595,-0.14893617021276595,-0.2792792792792793,0.4,14,可能加速下跌,,39,0,0
385,Desert Eagle | Cobalt Disruption (Factory New),520.0,507.0,602,29,0.0482,0.975,steamdt-live,542.0,290,530.7,235,,3,12,12,2,10,0,0,0,-0.0055371395766588005,-0.03165735567970207,-0.008282828282828225,-0.037019204059334454,0.044995408631772316,0.0019267822736031004,0.12605042016806722,-0.10483732139783086,-0.31080185553346584,0.4,11,长期阴跌,,39,0,0
386,Galil AR | Firefight (Factory New),50.7,49.0,604,29,0.048,0.9665,steamdt-live,50.0,123,53.37,167,,3,12,12,2,10,0,0,0,-0.007693787266782048,-0.12773793370808306,-0.026222138977336606,-0.13444893248701673,0.15714553287132427,0.0,0.24242424242424243,-0.24242424242424243,-0.4825802000689893,0.4,9,长期阴跌,,39,0,0
387,Tec-9 | Brother (Factory New),14.2,14.1,254,12,0.0472,0.993,steamdt-live,14.6,211,14.25,1235,,3,15,9,2,10,0,0,0,-0.010067114093959773,-0.03728813559322042,-0.03246753246753242,-0.046979865771812124,0.07792207792207795,0.0,0.1572700296735906,-0.1572700296735906,-0.5160190865712339,0.4,12,长期阴跌,,39,0,0
388,P250 | See Ya Later (Factory New),686.0,674.0,281,13,0.0463,0.9825,steamdt-live,696.0,119,696.97,77,,3,12,9,2,4,0,4,5,-0.002888086642599319,-0.00651701665459814,0.026686434395848835,-0.009386281588447676,0.020000000000000018,0.017049666419570064,0.020000000000000018,0.0063225219674631905,-0.150990099009901,0.4,7,可能加速下跌,,39,0,0
389,Tec-9 | Bamboozle (Factory New),35.32,34.0,675,31,0.0459,0.9626,steamdt-live,35.0,203,34.52,196,,3,12,12,2,10,0,0,0,0.0002942041776992088,-0.11764705882352944,-0.030795551753635575,-0.11738746690203006,0.14456800684345594,0.0,0.21052631578947367,-0.18411748708186026,-0.4718309859154929,0.4,5,长期阴跌,,39,0,0
390,M4A1-S | Cyrex (Factory New),1200.0,1160.0,545,24,0.044,0.9667,steamdt-live,1215.0,238,1219.9,121,,3,12,12,2,6,0,4,0,-0.0004105124015796324,-0.014365621072862989,-0.009361529076860498,-0.014770236208835885,0.02399349328995526,0.0,0.031085991118288248,-0.031085991118288248,-0.09090220380457426,0.4,6,可能加速下跌,,39,0,0
391,AK-47 | The Outsiders (Factory New),310.5,291.0,995,40,0.0402,0.9372,steamdt-live,300.0,176,318.89,301,,3,9,15,2,10,0,0,0,-0.0003759869657852244,-0.0597103811434303,0.002072213500784903,-0.06006391778418352,0.0654517133956386,0.0,0.10876411170528821,-0.10650781831720024,-0.3243468468468468,0.16,5,长期阴跌,,39,0,0
392,M4A4 | Temukau (Factory New),540.0,531.0,741,27,0.0364,0.9833,steamdt-live,539.5,712,554.28,328,,3,12,12,2,10,0,0,0,-0.009556907037358786,-0.05350877192982462,-0.004325259515570945,-0.0625543006081668,0.0714285714285714,0.0,0.10664017221394262,-0.10589990056347365,-0.21010248901903372,0.39,13,可能加速下跌,,39,0,0
393,Tec-9 | Re-Entry (Factory New),38.2,37.6,830,30,0.0361,0.9843,steamdt-live,36.8,196,37.67,244,,3,12,12,2,10,0,0,0,-0.0036793692509855536,-0.029279873384331245,-0.01143154065991181,-0.03285151116951379,0.0439075084437518,0.016013252346769757,0.11750599520383709,-0.11474621121000728,-0.2591101268371251,0.4,10,可能加速下跌,,39,0,0
394,USP-S | Royal Guard (Factory New),29.3,27.1,1060,27,0.0255,0.9249,steamdt-live,29.55,662,29.57,792,,3,6,15,2,8,0,2,3,-0.010999999999999899,-0.012470508931580748,-0.005634736493205228,-0.023333333333333317,0.032044928972580045,0.010344827586207028,0.057271557271557194,-0.03934426229508192,-0.17464788732394365,0.4,11,可能加速下跌,,39,0,0
395,M4A1-S | Liquidation (Factory New),56.79,52.0,1234,26,0.0211,0.9157,steamdt-live,54.0,572,57.61,265,,3,6,15,2,10,0,0,3,0.013859649122806905,-0.06558228067139638,-0.030447354992345632,-0.052631578947368474,0.08163265306122447,0.0,0.08937605396290049,-0.07849829351535842,-0.15914045468701332,0.34,9,可能加速下跌,,39,0,0
396,M4A1-S | Black Lotus (Factory New),67.0,64.0,1517,30,0.0198,0.9552,steamdt-live,65.79,1114,70.99,511,,3,9,15,2,10,0,0,0,-0.015942028985507117,-0.042709867452135564,-0.014285714285714235,-0.05797101449275366,0.07010014306151657,0.0,0.08963585434173682,-0.08950833450063034,-0.22619047619047616,0.17,13,可能加速下跌,,39,0,0
397,MP9 | Arctic Tri-Tone (Factory New),28.55,27.1,2290,32,0.014,0.9492,steamdt-live,29.49,895,30.04,1350,,3,9,15,2,10,0,0,0,-0.003395585738539819,-0.027257240204429323,-0.016694490818030094,-0.03056027164685904,0.05369572422936697,0.019642857142857073,0.09365079365079365,-0.09365079365079365,-0.26074572760227854,0.4,11,可能加速下跌,,39,0,0
398,AK-47 | AUTOEXEC (Factory New),3838.5,3500.0,22,31,1.4091,0.9118,steamdt-live,3927.49,20,3910.0,23,,20,6,2,2,8,0,0,0,0.0024804177545691974,-0.0002604505795025247,-0.030134211192706983,0.0022193211488250597,0.015643031157840714,0.012796833773087046,0.063780487804878,-0.06830489015536745,-0.19274447949526818,0.39,1,价格更新稀疏,,38,0,0
399,★ Driver Gloves | Garden (Minimal Wear),2438.0,3430.0,53,11,0.2075,1.4069,steamdt-live,2469.5,61,2450.0,47,"溢价求购:买一高于卖一,多为定向收特定图案,买一价不可作退出价",17,0,4,5,10,0,2,0,-0.008600000000000052,-0.016340528545491173,-0.015360378101614836,-0.024800000000000044,0.024800000000000044,0.0,0.09619683483534691,-0.09619683483534691,-0.18174190300385973,0.3,3,可能加速下跌,买一异常溢价(不作为可成交退出价),38,0,0
400,★ Sport Gloves | Ultra Violent (Minimal Wear),10775.9,12320.0,282,47,0.1667,1.1433,steamdt-live,10099.5,316,10863.74,82,"溢价求购:买一高于卖一,多为定向收特定图案,买一价不可作退出价",14,0,9,5,10,0,0,0,-0.008341443069651011,-0.056077386793775386,-0.008272438990762465,-0.06395106353399138,0.07169447125327455,0.0,0.09417462666487286,-0.09417462666487286,-0.15696994991652757,0.15,7,可能加速下跌,买一异常溢价(不作为可成交退出价),38,0,0
401,Desert Eagle | Crimson Web (Factory New),877.0,852.0,97,16,0.1649,0.9715,steamdt-live,906.39,52,933.48,47,,14,12,4,2,4,0,2,0,0.005197551975519854,-0.01846670397313932,-0.005159542915981197,-0.013365133651336514,0.01846670397313932,0.0,0.022296544035674493,-0.022296544035674493,-0.10510204081632657,0.27,3,可能加速下跌,,38,0,0
402,AWP | Desert Hydra (Factory New),7999.0,10010.0,290,30,0.1034,1.2514,steamdt-live,8088.38,211,8200.0,59,"溢价求购:买一高于卖一,多为定向收特定图案,买一价不可作退出价",11,0,9,2,10,1,2,3,-0.012195121951219523,-0.012469135802469111,-0.028946857340451326,-0.02451219512195124,0.053372781065088803,0.0,0.08890027905917197,-0.08884838819911156,-0.19038461538461537,0.4,10,暂未减速,买一异常溢价(不作为可成交退出价),38,0,0
403,Tec-9 | Fuel Injector (Factory New),233.0,213.0,407,38,0.0934,0.9142,steamdt-live,232.44,148,236.5,189,,7,6,9,2,10,0,4,0,0.00424628450106157,-0.017167019027484187,-0.012578616352201255,-0.012993630573248427,0.025408805031446602,0.0,0.08847058823529408,-0.08271507498026842,-0.19431542461005202,0.34,11,可能加速下跌,,38,0,0
404,USP-S | Sleeping Potion (Factory New),46.74,45.2,247,20,0.081,0.9671,steamdt-live,42.74,204,47.72,139,,7,12,7,2,10,0,0,0,-0.012752858399296407,-0.04810690423162578,-0.027789653698161665,-0.0602462620932277,0.08636169303120989,0.0,0.14176706827309227,-0.0708695652173913,-0.10958333333333325,0.4,14,可能加速下跌,,38,0,0
405,P250 | Black & Tan (Factory New),63.0,56.0,76,6,0.0789,0.8889,steamdt-live,65.5,47,62.0,56,,7,6,4,2,8,0,6,5,0.0,0.0,0.001615508885298933,0.0,0.0,0.006493506493506551,0.06060606060606055,-0.05401281660054935,-0.15068493150684936,0.4,2,回撤不明显,,38,0,0
406,Galil AR | Amber Fade (Factory New),130.0,123.0,541,41,0.0758,0.9462,steamdt-live,137.0,135,135.88,87,,7,9,12,2,8,0,0,0,0.06093697899299766,0.021450459652706977,-8.335417187632643e-05,0.08369456485495164,0.044117647058823484,0.11616725336996647,0.06468091229584871,-0.06468091229584871,-0.29729729729729726,0.34,18,可能加速下跌,,38,0,0
407,Five-SeveN | Anodized Gunmetal (Factory New),76.0,74.0,144,8,0.0556,0.9737,steamdt-live,76.53,76,79.15,82,,3,12,7,2,10,1,0,3,-0.00518987341772148,-0.03295584679984731,-0.04126213592233019,-0.03797468354430378,0.07766990291262144,0.0,0.10588235294117643,-0.10588235294117643,-0.3385552654482159,0.4,8,长期阴跌,,38,0,0
408,AK-47 | Baroque Purple (Factory New),323.0,312.0,309,16,0.0518,0.9659,steamdt-live,339.81,103,334.49,153,,3,12,9,2,10,0,2,0,-0.007575757575757569,-0.013740458015267132,-0.015806740232627514,-0.021212121212121238,0.036683566954965774,0.010954616588419341,0.08472655143100027,-0.0644189549299039,-0.3494461228600202,0.4,9,长期阴跌,,38,0,0
409,★ Specialist Gloves | Tiger Strike (Field-Tested),896.0,1250.0,1088,39,0.0358,1.3951,steamdt-live,895.0,941,924.8,317,"溢价求购:买一高于卖一,多为定向收特定图案,买一价不可作退出价",3,0,15,5,10,0,2,3,-0.027997886951928175,-0.02717391304347827,-0.026234567901234573,-0.05441098784997356,0.07921810699588472,0.0,0.09412955465587047,-0.09412955465587047,-0.14065425496164152,0.4,17,可能加速下跌,买一异常溢价(不作为可成交退出价),38,0,0
410,★ Specialist Gloves | Lime Polycam (Minimal Wear),3198.0,4570.0,34,32,0.9412,1.429,steamdt-live,3200.0,38,3332.9,25,"溢价求购:买一高于卖一,多为定向收特定图案,买一价不可作退出价",20,0,4,5,8,0,0,0,-0.00031250000000004885,-0.0003125976867771607,-0.053254437869822535,-0.0006249999999999867,0.05913503971756395,0.0,0.07304347826086954,-0.07438494934876994,-0.15753202721819604,0.15,0,价格更新稀疏,买一异常溢价(不作为可成交退出价),37,0,0
411,★ Driver Gloves | Hand Sweaters (Minimal Wear),1405.0,1970.0,39,25,0.641,1.4021,steamdt-live,1411.0,43,1449.0,39,"溢价求购:买一高于卖一,多为定向收特定图案,买一价不可作退出价",20,0,4,5,4,0,4,0,0.0024822695035460196,-0.00601344181110719,-0.004588775150017654,-0.0035460992907800915,0.008468595624558928,0.0,0.02430555555555558,-0.02430555555555558,-0.12160050015629886,0.24,5,回撤不明显,买一异常溢价(不作为可成交退出价),37,0,0
412,★ Specialist Gloves | Cloud Chaser (Minimal Wear),4849.0,5980.0,48,24,0.5,1.2332,steamdt-live,4897.5,59,4877.5,26,"溢价求购:买一高于卖一,多为定向收特定图案,买一价不可作退出价",20,0,4,5,4,0,4,0,-0.0008184980560671518,-0.006962932623387208,0.007836667354093718,-0.007775731532637664,0.010408163265306136,0.0,0.028061735818801337,-0.028061735818801337,-0.07988614800759009,0.15,2,可能加速下跌,买一异常溢价(不作为可成交退出价),37,0,0
413,★ Sport Gloves | Blaze (Minimal Wear),1449.5,1530.0,33,16,0.4848,1.0555,steamdt-live,1420.0,44,1487.5,26,"溢价求购:买一高于卖一,多为定向收特定图案,买一价不可作退出价",20,0,4,5,8,0,0,0,-0.0006671114076051143,-0.05206942590120156,0.0012691202992451966,-0.05270180120080048,0.05270180120080048,0.0,0.05270180120080048,-0.05270180120080048,-0.1393939393939394,0.4,4,可能加速下跌,买一异常溢价(不作为可成交退出价),37,0,0
414,★ Specialist Gloves | Chocolate Chesterfield (Field-Tested),508.0,611.0,118,28,0.2373,1.2028,steamdt-live,490.0,111,524.0,53,"溢价求购:买一高于卖一,多为定向收特定图案,买一价不可作退出价",17,0,7,5,8,0,0,0,-0.006889763779527547,-0.030723488602576787,-0.013592233009708687,-0.03740157480314965,0.059615384615384626,0.0,0.07909604519774016,-0.07909604519774016,-0.12444046553267685,0.4,10,可能加速下跌,买一异常溢价(不作为可成交退出价),37,0,0
415,★ Driver Gloves | Brocade Flowers (Field-Tested),802.49,1330.0,103,23,0.2233,1.6573,steamdt-live,798.0,100,851.29,114,"溢价求购:买一高于卖一,多为定向收特定图案,买一价不可作退出价",17,0,7,5,2,0,6,0,0.0006257822277846437,-0.0018761726078799779,0.0006261740763933155,-0.0012515644555695093,0.0024999999999999467,0.002512562814070307,0.0062266500622665255,0.0006269592476488839,-0.13962264150943393,0.4,6,回撤不明显,买一异常溢价(不作为可成交退出价),37,0,0
416,★ Driver Gloves | Dragon Fists (Field-Tested),597.49,742.0,100,22,0.22,1.2419,steamdt-live,597.99,102,603.88,26,"溢价求购:买一高于卖一,多为定向收特定图案,买一价不可作退出价",17,0,7,5,2,0,6,0,-0.0017181557349702503,-0.0016041440387668526,-0.0008333611120370232,-0.003319543604457187,0.004150138337944642,0.012694915254237271,0.005823724188422474,-0.004183333333333317,-0.05160317460317454,0.22,8,回撤不明显,买一异常溢价(不作为可成交退出价),37,0,0
417,★ Sport Gloves | Creme Pinstripe (Field-Tested),507.5,720.0,108,20,0.1852,1.4187,steamdt-live,518.99,118,530.0,52,"溢价求购:买一高于卖一,多为定向收特定图案,买一价不可作退出价",14,0,7,5,8,0,0,3,-0.0028846153846153744,-0.03567984570877536,0.017612524461839474,-0.038461538461538436,0.049429657794676785,0.0,0.06367041198501877,-0.05660377358490565,-0.1079393398751115,0.15,9,可能加速下跌,买一异常溢价(不作为可成交退出价),37,0,0
418,MP9 | Hydra (Factory New),260.5,245.0,128,15,0.1172,0.9405,steamdt-live,269.11,72,274.3,75,,11,9,7,2,6,0,2,0,-0.003721944434001312,-0.016981132075471694,-0.007499999999999951,-0.02063987367946163,0.027985074626865725,0.0,0.03159851301115246,-0.0261682242990654,-0.09955063947459386,0.4,6,可能加速下跌,,37,0,0
419,★ Driver Gloves | Snow Leopard (Field-Tested),1530.0,2280.0,548,47,0.0858,1.4902,steamdt-live,1520.0,487,1616.0,221,"溢价求购:买一高于卖一,多为定向收特定图案,买一价不可作退出价",7,0,12,5,8,0,2,3,-0.007327174259318281,-0.024390243902439046,-0.009466708740927698,-0.03153870659445679,0.04100946372239744,0.0,0.07682963862739145,-0.07682963862739145,-0.09891751538361215,0.39,9,可能加速下跌,买一异常溢价(不作为可成交退出价),37,0,0
420,P250 | Muertos (Factory New),115.0,108.0,245,16,0.0653,0.9391,steamdt-live,119.97,134,120.74,172,,7,9,7,2,4,0,3,5,0.05068542568542567,-0.01716738197424894,0.022123893805309658,0.03264790764790759,0.01716738197424894,0.08530805687203791,0.01716738197424894,0.040909090909091006,-0.24121935056328703,0.08,5,可能加速下跌,,37,0,0
421,Galil AR | Phoenix Blacklight (Factory New),785.0,749.0,460,30,0.0652,0.9541,steamdt-live,830.0,150,832.22,131,,7,9,9,2,10,0,0,0,-0.004227053140096637,-0.04790782292298368,-0.006598680263947165,-0.05193236714975846,0.05818836232753455,0.0,0.14348063284233492,-0.12777777777777777,-0.3319035217620726,0.4,11,长期阴跌,,37,0,0
422,M4A1-S | Printstream (Factory New),2400.0,3650.0,659,38,0.0577,1.5208,steamdt-live,2420.0,496,2479.94,188,"溢价求购:买一高于卖一,多为定向收特定图案,买一价不可作退出价",3,0,12,2,10,3,4,3,0.00613934426229501,-0.022395294462684068,-0.02400000000000002,-0.016393442622950838,0.04761904761904767,0.0,0.08689349754031928,-0.08689349754031928,-0.15833771699105736,0.4,11,可能加速下跌,买一异常溢价(不作为可成交退出价),37,0,0
423,MP9 | Airlock (Factory New),140.0,131.0,266,15,0.0564,0.9357,steamdt-live,138.34,112,141.81,103,,3,9,9,2,10,0,4,0,-0.0035486160397445454,-0.014672364672364657,-0.010533707865168496,-0.018168914123491864,0.038637943015983334,0.0,0.08384105960264898,-0.08384105960264898,-0.20549046634504942,0.4,10,可能加速下跌,,37,0,0
424,MP9 | Rose Iron (Factory New),46.99,43.4,511,21,0.0411,0.9236,steamdt-live,47.61,188,47.52,197,,3,6,12,2,8,0,6,0,0.001680672268907557,-0.014471476510067083,-0.006055543954896603,-0.012815126050420123,0.018793067446230882,0.0023464163822526363,0.05982392957182858,-0.0507070707070707,-0.3241766144110456,0.4,8,长期阴跌,,37,0,0
425,AWP | Neo-Noir (Factory New),307.4,294.0,1063,33,0.031,0.9564,steamdt-live,307.0,649,317.0,265,,3,9,15,2,6,0,2,0,-0.008288265224487334,-0.01581155211358498,0.00803225806451624,-0.023968767000544067,0.02552797213968505,0.016666666666666607,0.031746031746031744,-0.031746031746031744,-0.058612920151856596,0.2,16,可能加速下跌,,37,0,0
426,AK-47 | Elite Build (Factory New),48.18,43.5,1105,24,0.0217,0.9029,steamdt-live,43.9,759,48.78,422,,3,6,15,2,10,1,0,0,-0.06224489795918364,-0.044613710554951114,-0.016064257028112428,-0.10408163265306125,0.122,0.0,0.12723658051689857,-0.12112112112112117,-0.2559322033898306,0.38,12,可能加速下跌,,37,0,0
427,Glock-18 | Fully Tuned (Factory New),1028.0,2110.0,60,33,0.55,2.0525,steamdt-live,962.69,58,1040.83,23,"溢价求购:买一高于卖一,多为定向收特定图案,买一价不可作退出价",20,0,4,2,10,0,0,0,0.004555310218615105,-0.04684158415841577,-0.014294117647058902,-0.042499651886773626,0.07752970486776534,0.0,0.10447441860465112,-0.07610437720131669,-0.08315238095238087,0.4,4,可能加速下跌,买一异常溢价(不作为可成交退出价),36,0,0
428,★ Broken Fang Gloves | Jade (Minimal Wear),664.0,720.0,78,21,0.2692,1.0843,steamdt-live,706.0,40,693.0,66,"溢价求购:买一高于卖一,多为定向收特定图案,买一价不可作退出价",17,0,4,5,8,0,2,0,-0.010074463425317481,-0.020648967551622377,-0.000145985401459936,-0.030515403708570532,0.03065693430656935,0.0,0.07623817473567052,-0.07623817473567052,-0.14870703470557312,0.34,11,可能加速下跌,买一异常溢价(不作为可成交退出价),36,0,0
429,USP-S | Ancient Visions (Factory New),246.0,216.0,62,15,0.2419,0.878,steamdt-live,240.0,32,244.91,63,,17,3,4,2,10,0,0,0,0.0,-0.020408163265306145,-0.017248295226634625,-0.020408163265306145,0.03730445246690739,0.0,0.09433962264150941,-0.05508090869719284,-0.2941176470588235,0.27,1,价格更新稀疏,,36,0,0
430,★ Specialist Gloves | Sunburst (Minimal Wear),1988.5,2540.0,66,15,0.2273,1.2773,steamdt-live,2000.0,55,2032.6,22,"溢价求购:买一高于卖一,多为定向收特定图案,买一价不可作退出价",17,0,4,5,8,0,2,0,-0.01726618705035976,-0.029526598340653964,-0.005010737294201872,-0.04628297362110312,0.05106179909329511,0.0,0.07315913603609481,-0.07315913603609481,-0.1240088105726872,0.4,5,可能加速下跌,买一异常溢价(不作为可成交退出价),36,0,0
431,Five-SeveN | Candy Apple (Factory New),450.0,367.0,33,7,0.2121,0.8156,steamdt-live,456.9,41,470.75,45,,17,3,4,2,10,0,0,0,0.0,0.0,-0.0625,0.0,0.0625,0.0,0.08814589665653494,-0.08814589665653494,-0.21602787456445993,0.4,0,价格更新稀疏,,36,0,0
432,★ Specialist Gloves | Cloud Chaser (Field-Tested),2500.0,3320.0,150,26,0.1733,1.328,steamdt-live,2589.49,167,2663.0,54,"溢价求购:买一高于卖一,多为定向收特定图案,买一价不可作退出价",14,0,7,5,10,0,0,0,-0.01526717557251911,-0.03100775193798455,-0.01725062734668914,-0.04580152671755722,0.06226204899493237,0.0,0.08088235294117652,-0.08424908424908428,-0.13194444444444442,0.15,4,可能加速下跌,买一异常溢价(不作为可成交退出价),36,0,0
433,★ Specialist Gloves | Blackbook (Field-Tested),1455.0,2160.0,169,27,0.1598,1.4845,steamdt-live,1450.0,186,1582.09,58,"溢价求购:买一高于卖一,多为定向收特定图案,买一价不可作退出价",14,0,7,5,10,0,0,0,0.00033355570380244615,-0.03301100366788934,-0.02026143790849677,-0.03268845897264838,0.05228758169934644,0.0,0.08517350157728709,-0.06451612903225812,-0.13406987160346373,0.15,6,可能加速下跌,买一异常溢价(不作为可成交退出价),36,0,0
434,★ Sport Gloves | Frosty (Field-Tested),997.0,1400.0,211,32,0.1517,1.4042,steamdt-live,1000.0,208,1009.48,99,"溢价求购:买一高于卖一,多为定向收特定图案,买一价不可作退出价",14,0,7,5,10,0,0,0,-0.02163461538461542,-0.020147420147420103,-0.028037383177570097,-0.04134615384615381,0.0682242990654206,0.0,0.09157175398633255,-0.07470997679814384,-0.1691666666666667,0.4,11,可能加速下跌,买一异常溢价(不作为可成交退出价),36,0,0
435,★ Sport Gloves | Hedge Maze (Field-Tested),23168.88,26320.0,584,65,0.1113,1.136,steamdt-live,23665.5,420,23700.0,114,"溢价求购:买一高于卖一,多为定向收特定图案,买一价不可作退出价",11,0,12,5,6,0,2,0,0.0,-0.010600706713780883,0.0,-0.010600706713780883,0.010643081996702164,0.008755649686674305,0.048129223669029164,-0.048129223669029164,-0.15073529411764708,0.15,6,可能加速下跌,买一异常溢价(不作为可成交退出价),36,0,0
436,Five-SeveN | Hot Shot (Factory New),203.99,188.0,144,16,0.1111,0.9216,steamdt-live,247.6,73,214.18,69,,11,6,7,2,10,0,0,0,0.0,0.0,-0.05116517047304525,0.0,0.05116517047304525,0.0,0.150431052434301,-0.1482672233820459,-0.4171714285714285,0.33,0,价格更新稀疏,,36,0,0
437,★ Specialist Gloves | Marble Fade (Minimal Wear),2178.0,3880.0,232,24,0.1034,1.7815,steamdt-live,2159.5,197,2219.48,65,"溢价求购:买一高于卖一,多为定向收特定图案,买一价不可作退出价",11,0,7,5,4,0,4,5,-0.003656307129798919,-0.009403669724770691,-0.010626271761247974,-0.01302559414990856,0.023513452407867952,0.0044186046511627275,0.027033115566569066,-0.027033115566569066,-0.07297703369821851,0.4,5,可能加速下跌,买一异常溢价(不作为可成交退出价),36,0,0
438,★ Moto Gloves | Smoke Out (Field-Tested),607.8,762.0,302,30,0.0993,1.2537,steamdt-live,624.0,320,614.8,118,"溢价求购:买一高于卖一,多为定向收特定图案,买一价不可作退出价",7,0,9,5,10,3,2,0,-0.010509296685529468,-0.006862745098039302,-0.015127388535031816,-0.017299919159256327,0.03216560509554145,0.0129999999999999,0.0873873873873875,-0.0873873873873875,-0.1505597249591213,0.4,14,暂未减速,买一异常溢价(不作为可成交退出价),36,0,0
439,Glock-18 | Fade (Factory New),8389.0,9010.0,142,13,0.0915,1.074,steamdt-live,8749.5,146,8782.5,74,"溢价求购:买一高于卖一,多为定向收特定图案,买一价不可作退出价",7,0,7,2,8,3,4,5,-0.004661565626839392,-0.007852969699836732,-0.017691951896392277,-0.01247792819305471,0.04098313803943987,0.0,0.07293623604818211,-0.05953969125906666,-0.18156097560975615,0.4,5,暂未减速,买一异常溢价(不作为可成交退出价),36,0,0
440,★ Specialist Gloves | Field Agent (Minimal Wear),1590.0,2910.0,336,30,0.0893,1.8302,steamdt-live,1580.0,278,1695.02,58,"溢价求购:买一高于卖一,多为定向收特定图案,买一价不可作退出价",7,0,9,5,10,0,2,3,-0.012301614163779506,-0.015576323987538943,-0.0237368579152899,-0.027686324223533676,0.0637037037037037,0.0,0.0943534658175752,-0.09461294703485734,-0.16798314902580302,0.39,7,暂未减速,买一异常溢价(不作为可成交退出价),36,0,0
441,P250 | Crimson Kimono (Factory New),123.39,111.0,126,11,0.0873,0.8996,steamdt-live,130.5,61,125.89,105,,7,6,7,2,10,0,4,0,0.0,-0.012405954858331958,0.04134022337056176,-0.012405954858331958,0.01853324848870508,0.028421403567261194,0.10359607700690154,-0.10359607700690154,-0.36703601108033235,0.4,3,长期阴跌,,36,0,0
442,★ Hand Wraps | CAUTION! (Field-Tested),744.5,791.0,636,41,0.0645,1.0625,steamdt-live,749.0,546,749.3,231,"溢价求购:买一高于卖一,多为定向收特定图案,买一价不可作退出价",7,0,12,5,8,0,4,0,-0.01187335092348285,-0.012016021361815787,-0.0035493624293414516,-0.0237467018469657,0.02976268519732539,0.0,0.05128205128205132,-0.0326797385620915,-0.08741120757695342,0.19,10,可能加速下跌,买一异常溢价(不作为可成交退出价),36,0,0
443,M4A1-S | Electrum (Factory New),36.49,44.0,573,35,0.0611,1.2058,steamdt-live,35.9,485,36.58,206,"溢价求购:买一高于卖一,多为定向收特定图案,买一价不可作退出价",7,0,12,2,6,0,6,3,-0.004918032786885185,-0.014277869302581125,-0.0027247956403270157,-0.019125683060109422,0.029204975662520227,0.055882352941176494,0.03727540895682491,-0.03727540895682491,-0.07115135834411379,0.28,11,可能加速下跌,买一异常溢价(不作为可成交退出价),36,0,0
444,Five-SeveN | Copper Galaxy (Factory New),91.9,86.0,624,29,0.0465,0.9358,steamdt-live,91.0,124,94.2,166,,3,9,12,2,10,0,0,0,0.005319148936170137,-0.03703703703703709,-0.02083333333333337,-0.03191489361702127,0.05208333333333337,0.0,0.1787003610108303,-0.1708428246013668,-0.44305037027969885,0.4,10,长期阴跌,,36,0,0
445,Desert Eagle | Heat Treated (Factory New),181.3,1830.0,1587,71,0.0447,10.0938,steamdt-live,190.0,323,182.65,369,"溢价求购:买一高于卖一,多为定向收特定图案,买一价不可作退出价",3,0,15,2,10,0,6,0,0.005278071003944618,0.0019896098154084108,0.016892655367231724,0.007278182121228882,0.008476893628657223,0.027195467422096442,0.09675169390195293,-0.09109139218930162,-0.3513184729328419,0.33,7,长期阴跌,买一异常溢价(不作为可成交退出价),36,0,0
446,AK-47 | Midnight Laminate (Factory New),77.85,72.0,1569,31,0.0198,0.9249,steamdt-live,73.59,1080,80.0,741,,3,6,15,2,10,0,0,0,-0.008753861997940371,-0.04428571428571426,-0.00025740025740017547,-0.05265190525231722,0.07700990844098832,0.0,0.09035846724351049,-0.07317380352644842,-0.19432888110356905,0.39,14,可能加速下跌,,36,0,0
447,Desert Eagle | Calligraffiti (Factory New),25.99,24.0,1176,17,0.0145,0.9234,steamdt-live,24.98,117,25.79,283,,3,6,15,2,10,0,0,0,-0.011524163568773171,-0.0605490786009778,-0.058123249299719904,-0.07137546468401479,0.1253501400560224,0.0,0.161744966442953,-0.09623733719247463,-0.3907317073170732,0.44,9,长期阴跌,,36,0,0
448,AK-47 | Slate (Factory New),88.0,85.0,1846,18,0.0098,0.9659,steamdt-live,88.5,1438,89.6,642,,3,12,15,2,4,0,0,0,0.0,0.0,0.02695763799743256,0.0,0.009009009009009028,0.03529411764705892,0.027624309392265234,-0.018952062430323324,-0.1137965760322256,0.4,12,回撤不明显,,36,0,0
449,★ Driver Gloves | Seigaiha (Minimal Wear),938.6,1290.0,28,18,0.6429,1.3744,steamdt-live,954.9,33,953.11,18,"溢价求购:买一高于卖一,多为定向收特定图案,买一价不可作退出价",20,0,2,5,2,0,6,0,-0.0033644385196469617,-0.0036093418259023347,-0.003899333951606132,-0.006961636936879678,0.010833825141219111,0.0,0.012748232918209368,-0.00991561181434597,-0.06883996865048259,0.15,6,暂未减速,买一异常溢价(不作为可成交退出价),35,0,0
450,★ Driver Gloves | Wave Chaser (Minimal Wear),3100.0,4600.0,36,19,0.5278,1.4839,steamdt-live,3090.0,50,3300.0,15,"溢价求购:买一高于卖一,多为定向收特定图案,买一价不可作退出价",20,0,4,5,2,0,4,0,0.0,-0.003225806451612856,0.0033986081890273745,-0.003225806451612856,0.008025682182985605,0.0032467532467532756,0.008025682182985605,0.016280217069560843,-0.033922151008285106,0.35,3,回撤不明显,买一异常溢价(不作为可成交退出价),35,0,0
451,★ Sport Gloves | Violet Beadwork (Minimal Wear),3580.0,4410.0,52,16,0.3077,1.2318,steamdt-live,3566.0,59,3688.0,20,"溢价求购:买一高于卖一,多为定向收特定图案,买一价不可作退出价",20,0,4,5,4,0,2,0,-0.0011129660545353692,-0.006685236768802283,-0.0016666666666667052,-0.007790762381747363,0.009444444444444478,0.018857142857142906,0.02006045616927732,-0.014917127071823244,-0.10850000000000004,0.15,9,回撤不明显,买一异常溢价(不作为可成交退出价),35,0,0
452,★ Driver Gloves | Queen Jaguar (Minimal Wear),664.99,830.0,109,22,0.2018,1.2481,steamdt-live,659.48,73,679.76,64,"溢价求购:买一高于卖一,多为定向收特定图案,买一价不可作退出价",17,0,7,5,2,0,4,0,-0.001575275673242782,-0.009045830202854988,-0.0004798536446384283,-0.010606856199834924,0.011081620105867662,0.0,0.011096449136276387,0.014584615384615418,-0.04423188405797096,0.4,5,可能加速下跌,买一异常溢价(不作为可成交退出价),35,0,0
453,AK-47 | X-Ray (Factory New),10850.0,12620.0,163,27,0.1656,1.1631,steamdt-live,11399.0,66,11499.5,48,"溢价求购:买一高于卖一,多为定向收特定图案,买一价不可作退出价",14,0,7,2,10,0,2,0,-0.0031093694803293603,-0.0599476169888693,-0.002935756114364474,-0.0628705871785149,0.06562177058215635,0.0,0.11003568059713731,-0.11003568059713731,-0.2542955326460481,0.4,12,可能加速下跌,买一异常溢价(不作为可成交退出价),35,0,0
454,★ Sport Gloves | Pandora's Box (Field-Tested),18887.0,23600.0,470,59,0.1255,1.2495,steamdt-live,19200.0,398,19699.0,90,"溢价求购:买一高于卖一,多为定向收特定图案,买一价不可作退出价",11,0,9,5,10,0,0,0,-0.017426306973022943,-0.03882951653944022,-0.024415825162203086,-0.055579168437632775,0.07863798234060193,0.0,0.1254398962770884,-0.12547634151197629,-0.1752221664228477,0.39,10,可能加速下跌,买一异常溢价(不作为可成交退出价),35,0,0
455,★ Moto Gloves | Turtle (Minimal Wear),689.5,880.0,153,18,0.1176,1.2763,steamdt-live,709.5,131,697.24,68,"溢价求购:买一高于卖一,多为定向收特定图案,买一价不可作退出价",11,0,7,5,8,0,4,0,-0.0028571428571428914,-0.012177650429799458,-0.013389711064129672,-0.015000000000000013,0.028188865398167673,0.0,0.05522060838585907,-0.04236111111111107,-0.13204934541792546,0.4,5,可能加速下跌,买一异常溢价(不作为可成交退出价),35,0,0
456,P250 | Mint Kimono (Factory New),70.58,67.0,170,15,0.0882,0.9493,steamdt-live,61.8,84,67.72,73,,7,9,7,2,10,0,0,0,-0.001214697843911261,-0.06050471267862578,-0.006186811528595126,-0.061645915578499855,0.0674513354459031,0.0,0.15063221550302375,-0.15063221550302375,-0.5147232037691402,0.4,4,长期阴跌,,35,0,0
457,Galil AR | Urban Rubble (Factory New),74.78,52.0,75,6,0.08,0.6954,steamdt-live,56.5,25,61.11,18,,7,1,4,2,10,7,4,0,-0.01730103806228378,-0.005281690140845008,-0.02033898305084747,-0.02249134948096876,0.0423728813559322,0.0017730496453900457,0.11135577225542626,-0.11135577225542626,-0.5145213954287677,0.4,9,长期阴跌,,35,0,0
458,Tec-9 | Isaac (Factory New),88.0,83.0,239,18,0.0753,0.9432,steamdt-live,93.87,109,93.38,141,,7,9,7,2,10,0,0,0,-0.020454300785875845,-0.03286075392900312,-0.006524064171122945,-0.05264291096996443,0.05882352941176472,0.0,0.10204081632653061,-0.10204081632653061,-0.42028985507246386,0.4,5,长期阴跌,,35,0,0
459,★ Sport Gloves | Omega (Minimal Wear),2566.99,3380.0,451,27,0.0599,1.3167,steamdt-live,2579.5,393,2588.87,97,"溢价求购:买一高于卖一,多为定向收特定图案,买一价不可作退出价",3,0,9,5,10,3,2,3,-0.019056603773584868,-0.012506251202154317,-0.016697588126159513,-0.03132452830188692,0.04873448211969622,0.0,0.08612268147673474,-0.08612268147673474,-0.1434801468134802,0.4,13,可能加速下跌,买一异常溢价(不作为可成交退出价),35,0,0
460,P250 | Visions (Factory New),47.49,43.8,433,25,0.0577,0.9223,steamdt-live,45.88,382,50.25,261,,3,6,9,2,8,0,2,5,-0.004711929749411037,-0.01291155584247905,-0.006172839506172867,-0.017562647247804652,0.025700934579439227,0.019333333333333202,0.06768292682926835,-0.06768292682926835,-0.19086258599400252,0.4,5,可能加速下跌,,35,0,0
461,Glock-18 | Dragon Tattoo (Factory New),485.0,454.0,361,17,0.0471,0.9361,steamdt-live,484.48,256,493.5,210,,3,9,9,2,8,0,4,0,-0.0037888818724409745,-0.009344647786524884,-0.007259858442871581,-0.0130981238923632,0.02519114688128765,0.0017782556552665696,0.0581648522550543,-0.053749999999999964,-0.2158995274163268,0.4,11,可能加速下跌,,35,0,0
462,★ Hand Wraps | Cobalt Skulls (Field-Tested),1119.5,1560.0,984,40,0.0407,1.3935,steamdt-live,1130.0,756,1146.0,207,"溢价求购:买一高于卖一,多为定向收特定图案,买一价不可作退出价",3,0,15,5,10,0,2,0,-0.0030133448127421802,-0.033246977547495726,-0.015677966101694918,-0.03616013775290572,0.06435436690346841,0.0,0.09020723283218202,-0.09094600081201787,-0.1420798528622883,0.4,12,可能加速下跌,买一异常溢价(不作为可成交退出价),35,0,0
463,Glock-18 | Green Line (Factory New),36.35,32.7,1333,53,0.0398,0.8996,steamdt-live,35.3,217,35.94,404,,3,6,15,2,4,0,0,5,0.034385745545483015,0.06678754910849172,0.018789808917197393,0.10346983432322587,0.0,0.12027927642018388,0.016713091922005652,0.030356100408639897,-0.4306451612903226,0.24,11,长期阴跌,,35,0,0
464,★ Sport Gloves | Nocts (Field-Tested),3433.0,4080.0,1100,38,0.0345,1.1885,steamdt-live,3388.0,915,3498.22,173,"溢价求购:买一高于卖一,多为定向收特定图案,买一价不可作退出价",3,0,15,5,10,0,2,0,-0.02107794596123924,-0.020809248554913284,-0.028449697636063753,-0.04144857829961801,0.06871907641561292,0.0,0.09022556390977443,-0.08432432432432435,-0.11874105865522178,0.4,12,可能加速下跌,买一异常溢价(不作为可成交退出价),35,0,0
465,MP9 | Wild Lily (Factory New),15296.0,13820.0,28,9,0.3214,0.9035,steamdt-live,15600.0,25,16908.08,8,,20,6,2,2,0,0,4,0,0.0,0.0,0.0,0.0,0.0,0.006381998815711665,0.0,0.0006541933795629618,-0.06731707317073166,0.4,2,回撤不明显,,34,0,0
466,★ Broken Fang Gloves | Unhinged (Minimal Wear),463.0,500.0,67,19,0.2836,1.0799,steamdt-live,479.48,65,477.84,62,"溢价求购:买一高于卖一,多为定向收特定图案,买一价不可作退出价",17,0,4,5,4,0,4,0,-0.011578947368421022,-0.013844515441959526,0.0042283298097252064,-0.025263157894736876,0.027310924369747913,0.0,0.027310924369747913,0.0021645021645022577,-0.13247142589469751,0.4,16,可能加速下跌,买一异常溢价(不作为可成交退出价),34,0,0
467,★ Specialist Gloves | Sunburst (Field-Tested),989.5,1240.0,159,29,0.1824,1.2532,steamdt-live,960.0,207,971.66,73,"溢价求购:买一高于卖一,多为定向收特定图案,买一价不可作退出价",14,0,7,5,8,0,0,0,-0.002604349968325481,-0.03369291259199514,-0.005500055000549953,-0.03620951442447884,0.04152,0.0,0.06352711284807033,-0.058467583497053055,-0.11620101429230056,0.15,12,可能加速下跌,买一异常溢价(不作为可成交退出价),34,0,0
468,P250 | Whiteout (Factory New),1660.0,1080.0,30,5,0.1667,0.6506,steamdt-live,1998.8,31,1731.84,22,,14,1,4,2,8,1,4,0,0.012166262316775978,-0.0223792697290931,-0.012020023557126058,-0.010485279478299137,0.0223792697290931,0.0,0.05088622069754145,-0.05088622069754145,-0.1376757764814055,0.4,2,可能加速下跌,,34,0,0
469,★ Specialist Gloves | Buckshot (Minimal Wear),393.0,493.0,159,26,0.1635,1.2545,steamdt-live,409.82,105,400.0,50,"溢价求购:买一高于卖一,多为定向收特定图案,买一价不可作退出价",14,0,7,5,4,0,4,0,0.01675257731958757,-0.006362484157160897,-0.0012870012870013214,0.010283505154639272,0.02002499999999996,0.010283505154639272,0.02002499999999996,-0.014852978135209804,-0.13320655418702876,0.13,10,可能加速下跌,买一异常溢价(不作为可成交退出价),34,0,0
470,★ Hand Wraps | Duct Tape (Field-Tested),254.0,287.0,177,25,0.1412,1.1299,steamdt-live,263.0,163,267.24,127,"溢价求购:买一高于卖一,多为定向收特定图案,买一价不可作退出价",11,0,7,5,8,1,2,0,-0.020793950850661602,-0.019305019305019266,-0.007504690431519689,-0.03969754253308133,0.046904315196998114,0.0,0.06788990825688068,-0.06788990825688068,-0.08960573476702505,0.4,14,可能加速下跌,买一异常溢价(不作为可成交退出价),34,0,0
471,MP9 | Stained Glass (Factory New),815.0,761.0,48,6,0.125,0.9337,steamdt-live,839.0,22,840.0,38,,11,9,4,2,2,0,6,0,0.0,-0.004032750824880749,-0.0004885794552340617,-0.004032750824880749,0.004762486262058885,0.0,0.0060975609756097615,-0.0060975609756097615,-0.051222351571594826,0.4,2,回撤不明显,,34,0,0
472,★ Sport Gloves | Bronze Morph (Minimal Wear),782.0,1010.0,185,23,0.1243,1.2916,steamdt-live,774.5,116,794.28,86,"溢价求购:买一高于卖一,多为定向收特定图案,买一价不可作退出价",11,0,7,5,0,0,6,5,-0.0019893899204244114,0.0292358803986712,-0.00527704485488123,0.027188328912466808,0.0012894906511927706,0.043800539083557855,0.004498714652956259,-0.005776636713735517,-0.05491153142159855,0.31,8,回撤不明显,买一异常溢价(不作为可成交退出价),34,0,0
473,USP-S | Para Green (Factory New),206.97,190.0,193,16,0.0829,0.918,steamdt-live,223.87,71,217.31,86,,7,6,7,2,10,0,2,0,-0.00930275826782645,-0.028264237757641197,-0.022728305832083295,-0.03730406065398395,0.05918450838674494,0.0,0.0882780494251354,-0.08196939454424479,-0.38730017761989344,0.22,5,长期阴跌,,34,0,0
474,Galil AR | Vandal (Factory New),65.8,60.0,261,20,0.0766,0.9119,steamdt-live,58.79,69,61.9,57,,7,6,9,2,10,0,0,0,0.06129032258064515,-0.10653495440729477,0.00016131634134541883,-0.05177419354838708,0.10789074355083472,0.0,0.1515370183287632,-0.1503107385460326,-0.41792079207920796,0.13,6,长期阴跌,,34,0,0
475,★ Moto Gloves | Polygon (Field-Tested),598.0,714.0,320,24,0.075,1.194,steamdt-live,599.0,275,614.0,177,"溢价求购:买一高于卖一,多为定向收特定图案,买一价不可作退出价",7,0,9,5,10,1,2,0,-0.020866773675762396,-0.01967213114754096,-0.010325655281969826,-0.0401284109149278,0.05003971405877683,0.0,0.10142749812171303,-0.08952496954932998,-0.16713091922005574,0.4,15,可能加速下跌,买一异常溢价(不作为可成交退出价),34,0,0
476,★ Sport Gloves | Ultra Violent (Field-Tested),5245.0,7100.0,576,36,0.0625,1.3537,steamdt-live,5099.5,615,5337.75,159,"溢价求购:买一高于卖一,多为定向收特定图案,买一价不可作退出价",7,0,12,5,10,0,0,0,-0.01768459434822245,-0.05354491462509281,-0.022281639928698804,-0.07028258887876027,0.08937499999999998,0.0,0.10847902097902096,-0.09743362831858404,-0.1626436781609195,0.3,11,可能加速下跌,买一异常溢价(不作为可成交退出价),34,0,0
477,★ Sport Gloves | Bronze Morph (Field-Tested),415.49,504.0,350,21,0.06,1.213,steamdt-live,421.0,242,432.0,170,"溢价求购:买一高于卖一,多为定向收特定图案,买一价不可作退出价",7,0,9,5,8,0,2,3,-0.005896226415094352,-0.015444839857651216,0.004739336492890933,-0.02124999999999999,0.028126463700234194,0.0,0.05036613272311208,-0.03602787456445988,-0.1504810644831115,0.4,11,可能加速下跌,买一异常溢价(不作为可成交退出价),34,0,0
478,Galil AR | Kami (Factory New),27.3,26.0,512,30,0.0586,0.9524,steamdt-live,28.85,197,30.06,110,,3,9,12,2,8,0,0,0,-0.0036496350364962904,0.0,-0.0036363636363636598,-0.0036496350364962904,0.0072727272727272085,0.0,0.051754081278221564,-0.048448936911815954,-0.34844868735083523,0.4,1,价格更新稀疏,,34,0,0
479,M4A1-S | Blue Phosphor (Factory New),3195.5,3060.0,521,25,0.048,0.9576,steamdt-live,3198.5,333,3250.0,167,,3,9,12,2,6,0,2,0,-0.0026332094175960385,-0.009473520733033092,0.008750000000000036,-0.012081784386617112,0.026110856619331213,0.012541673281473154,0.03348992271556295,-0.03305033353547604,-0.14732620320855616,0.19,11,可能加速下跌,,34,0,0
480,★ Hydra Gloves | Case Hardened (Field-Tested),334.91,317.0,362,12,0.0331,0.9465,steamdt-live,338.9,424,335.0,164,,3,9,9,5,4,0,4,0,-0.003552713384847639,-0.007635855839795536,0.003923316986179204,-0.011161441217396373,0.011161441217396373,0.0,0.01764705882352946,-0.01764705882352946,-0.06573426573426577,0.4,4,可能加速下跌,,34,0,0
481,USP-S | Bleeding Edge (Factory New),31.0,29.0,833,25,0.03,0.9355,steamdt-live,32.37,458,31.63,367,,3,9,12,2,6,0,2,0,-0.00972091564753852,-0.018366054464851067,0.04283845650752127,-0.027908435246158714,0.03094717099093458,0.03333333333333344,0.03094717099093458,0.00032268473701191347,-0.14553472987872107,0.34,13,可能加速下跌,,34,0,0
482,M4A4 | Sheet Lightning (Factory New),24.23,21.7,1152,24,0.0208,0.8956,steamdt-live,25.17,539,24.72,646,,3,6,15,2,6,0,2,0,0.0,-0.019694533762057764,-0.014653465346534666,-0.019694533762057764,0.03405940594059409,0.006603384234420195,0.047637641546270926,-0.028286852589641476,-0.30314285714285716,0.15,8,长期阴跌,,34,0,0
483,★ Sport Gloves | Violet Beadwork (Field-Tested),1379.5,2360.0,180,37,0.2056,1.7108,steamdt-live,1359.5,170,1421.99,83,"溢价求购:买一高于卖一,多为定向收特定图案,买一价不可作退出价",17,0,7,5,4,0,0,0,-0.001102189781021945,-0.006569284393747821,0.0014619883040936088,-0.007664233576642365,0.007664233576642365,0.013040238450074515,0.028789827118159694,-0.022153492052075063,-0.07201365187713316,0.4,1,价格更新稀疏,买一异常溢价(不作为可成交退出价),33,0,0
484,M4A4 | Dark Operative (Factory New),39.0,37.0,98,19,0.1939,0.9487,steamdt-live,38.9,88,40.58,93,,14,9,4,2,2,0,2,0,0.0,-0.005877843087145562,-0.000255493101686155,-0.005877843087145562,0.006131834440470163,0.023684210526315752,0.011938023876047699,-0.011938023876047699,-0.15434782608695652,0.4,7,回撤不明显,,33,0,0
485,M4A1-S | Master Piece (Factory New),1840.0,1770.0,75,11,0.1467,0.962,steamdt-live,1888.0,21,1989.0,58,,11,12,4,2,4,0,0,0,0.0,-0.00540540540540535,0.016483516483516425,-0.00540540540540535,0.00540540540540535,0.01098901098901095,0.02645502645502651,-0.021276595744680882,-0.24836601307189543,0.4,1,价格更新稀疏,,33,0,0
486,AWP | BOOM (Factory New),2098.0,1920.0,42,6,0.1429,0.9152,steamdt-live,2400.0,25,2230.53,23,,11,6,4,2,8,0,2,0,-0.01782449725776969,-0.023731968357375566,0.0,-0.0411334552102377,0.0411334552102377,0.0,0.06755555555555559,-0.06755555555555559,-0.1429633533090683,0.36,2,可能加速下跌,,33,0,0
487,★ Driver Gloves | Garden (Field-Tested),1045.0,1720.0,179,25,0.1397,1.6459,steamdt-live,1030.0,175,1095.0,119,"溢价求购:买一高于卖一,多为定向收特定图案,买一价不可作退出价",11,0,7,5,10,0,0,0,-0.013621418506341021,-0.030476190476190435,-0.013895321908290903,-0.043682480037576354,0.05697081982399255,0.0,0.08205590622182146,-0.06605504587155964,-0.17168429617575265,0.4,8,可能加速下跌,买一异常溢价(不作为可成交退出价),33,0,0
488,★ Broken Fang Gloves | Unhinged (Field-Tested),318.0,350.0,105,14,0.1333,1.1006,steamdt-live,322.0,132,332.46,89,"溢价求购:买一高于卖一,多为定向收特定图案,买一价不可作退出价",11,0,7,5,4,0,6,0,0.0037700282752120007,-0.0053208137715179404,0.013694267515923508,-0.0015708451146716484,0.029618320610687032,0.030145867098865464,0.029618320610687032,-0.0221237576540817,-0.057281006199756734,0.4,15,可能加速下跌,买一异常溢价(不作为可成交退出价),33,0,0
489,★ Specialist Gloves | Mogul (Minimal Wear),869.0,1310.0,193,25,0.1295,1.5075,steamdt-live,870.0,180,922.34,70,"溢价求购:买一高于卖一,多为定向收特定图案,买一价不可作退出价",11,0,7,5,6,0,4,0,-0.005119453924914641,-0.0062893081761006275,-0.0028247626178402596,-0.011376564277588153,0.020293122886133053,0.0046242774566473965,0.03765227021040973,-0.021396396396396344,-0.06307277628032348,0.32,11,可能加速下跌,买一异常溢价(不作为可成交退出价),33,0,0
490,M4A1-S | Briefing (Factory New),354.0,326.0,307,38,0.1238,0.9209,steamdt-live,366.26,55,348.82,56,,11,6,9,2,0,0,0,5,-0.0003386616093198347,0.1992682431059014,-0.003677835138509389,0.1988620969926851,0.0,0.21232876712328763,0.0,0.07272727272727275,-0.28710957166159856,0.4,11,反弹较远,,33,0,0
491,★ Specialist Gloves | Lt. Commander (Minimal Wear),967.49,1610.0,221,27,0.1222,1.6641,steamdt-live,998.0,211,994.0,85,"溢价求购:买一高于卖一,多为定向收特定图案,买一价不可作退出价",11,0,7,5,10,0,0,0,-0.004008016032064132,-0.03420523138832998,-0.020127638684339755,-0.038076152304609256,0.05743740795287189,0.0,0.09004739336492895,-0.08562720259072298,-0.1724137931034483,0.02,12,可能加速下跌,买一异常溢价(不作为可成交退出价),33,0,0
492,★ Driver Gloves | Racing Green (Minimal Wear),234.0,334.0,169,16,0.0947,1.4274,steamdt-live,244.5,71,251.9,80,"溢价求购:买一高于卖一,多为定向收特定图案,买一价不可作退出价",7,0,7,5,8,0,6,0,0.0,-0.012658227848101222,-0.008368200836820106,-0.012658227848101222,0.03703703703703709,0.0,0.06024096385542166,-0.05835010060362178,-0.13967425272987977,0.4,9,可能加速下跌,买一异常溢价(不作为可成交退出价),33,0,0
493,USP-S | Blueprint (Factory New),572.92,550.0,220,15,0.0682,0.96,steamdt-live,571.3,95,575.76,74,,7,9,7,2,8,0,0,0,-0.0008862475237201295,-0.006348378119836684,-0.007827586206896497,-0.007228999409168435,0.015000000000000124,0.14259999999999984,0.05175275527818357,-0.05175275527818357,-0.19532944589988455,0.4,6,可能加速下跌,,33,0,0
494,★ Driver Gloves | Imperial Plaid (Field-Tested),876.0,1130.0,432,28,0.0648,1.29,steamdt-live,880.0,336,893.73,133,"溢价求购:买一高于卖一,多为定向收特定图案,买一价不可作退出价",7,0,9,5,0,10,2,0,-0.005681818181818232,0.0011428571428571122,0.003420752565564511,-0.004545454545454519,0.004545454545454519,0.018604651162790642,0.004545454545454519,0.0017152658662091813,-0.08797501301405519,0.4,6,回撤不明显,买一异常溢价(不作为可成交退出价),33,0,0
495,★ Sport Gloves | Amphibious (Minimal Wear),3609.0,4720.0,534,29,0.0543,1.3078,steamdt-live,3540.0,482,3627.42,133,"溢价求购:买一高于卖一,多为定向收特定图案,买一价不可作退出价",3,0,12,5,10,0,0,3,-0.000956676233428988,-0.03146374829001364,-0.012550607287449389,-0.03239032390323904,0.04453441295546556,0.0,0.09774436090225569,-0.09636247606892145,-0.15874524714828897,0.4,5,可能加速下跌,买一异常溢价(不作为可成交退出价),33,0,0
496,★ Sport Gloves | Omega (Field-Tested),1025.0,1710.0,951,44,0.0463,1.6683,steamdt-live,1030.0,783,1062.0,229,"溢价求购:买一高于卖一,多为定向收特定图案,买一价不可作退出价",3,0,15,5,10,0,0,0,-0.019925857275254866,-0.03167848699763598,-0.014611872146118698,-0.050973123262279874,0.06441297396071266,0.0,0.09380530973451329,-0.06909090909090909,-0.13586497890295357,0.04,8,可能加速下跌,买一异常溢价(不作为可成交退出价),33,0,0
497,M4A1-S | Stratosphere (Factory New),184.0,175.0,401,18,0.0449,0.9511,steamdt-live,188.5,265,188.0,364,,3,9,9,2,10,0,0,0,-0.01041666666666663,-0.03157894736842104,-0.020408163265306145,-0.04166666666666663,0.05882352941176472,0.022222222222222143,0.09577866234212984,-0.06361323155216281,-0.30853062758361527,0.31,12,长期阴跌,,33,0,0
498,★ Sport Gloves | Amphibious (Field-Tested),1649.4,2400.0,1141,49,0.0429,1.4551,steamdt-live,1658.99,1062,1692.22,268,"溢价求购:买一高于卖一,多为定向收特定图案,买一价不可作退出价",3,0,15,5,10,0,0,0,-0.01893830703012911,-0.035156478502486044,-0.018027715005438205,-0.05342898134863694,0.07337078651685391,0.0,0.10577392247221462,-0.10577392247221462,-0.1497499871127378,0.4,12,可能加速下跌,买一异常溢价(不作为可成交退出价),33,0,0
499,MP9 | Hypnotic (Factory New),94.4,87.0,492,20,0.0407,0.9216,steamdt-live,90.5,175,97.97,258,,3,6,9,2,2,0,6,5,-0.0011001100110011874,-0.0033039647577092213,0.024918254594655576,-0.004400440044004417,0.010604569804307462,0.019258925554679562,0.010604569804307462,0.03039963565979731,-0.23305084745762716,0.23,3,可能加速下跌,,33,0,0
500,★ Sport Gloves | Vice (Minimal Wear),7359.99,17620.0,1040,41,0.0394,2.394,steamdt-live,7399.5,1020,7699.0,209,"溢价求购:买一高于卖一,多为定向收特定图案,买一价不可作退出价",3,0,15,5,10,0,0,0,-0.007843137254901933,-0.03030434782608693,-0.02584999363300644,-0.03790980392156862,0.06277982936457405,0.0,0.0902360939431397,-0.0902360939431397,-0.15197718631178714,0.4,9,可能加速下跌,买一异常溢价(不作为可成交退出价),33,0,0
501,AWP | Exothermic (Factory New),45.4,40.7,417,16,0.0384,0.8965,steamdt-live,43.84,298,47.44,441,,3,6,9,2,10,3,0,0,-0.00022222222222212373,-0.025561235830184437,-0.04010238907849839,-0.025777777777777677,0.06484641638225253,0.019534883720930374,0.13971742543171106,-0.11914808117339759,-0.2693333333333333,0.36,13,可能加速下跌,,33,0,0
502,★ Sport Gloves | Vice (Field-Tested),2392.0,4920.0,1592,50,0.0314,2.0569,steamdt-live,2395.5,1476,2420.0,304,"溢价求购:买一高于卖一,多为定向收特定图案,买一价不可作退出价",3,0,15,5,8,0,2,0,-0.00020408163265306367,-0.023474178403755874,-0.007695423248278654,-0.023673469387755053,0.03451059535822398,0.0,0.0728682170542636,-0.07910744259821056,-0.1316028317298965,0.0,11,可能加速下跌,买一异常溢价(不作为可成交退出价),33,0,0
503,★ Specialist Gloves | Fade (Field-Tested),1007.0,1660.0,1117,35,0.0313,1.6485,steamdt-live,1015.0,1042,1055.97,483,"溢价求购:买一高于卖一,多为定向收特定图案,买一价不可作退出价",3,0,15,5,8,0,2,0,-0.01586538461538467,-0.01660967269174407,-0.00952380952380949,-0.03221153846153846,0.05047169811320751,0.0014925373134329067,0.05404135338345861,-0.01178203240058906,-0.13918442749136195,0.03,9,可能加速下跌,买一异常溢价(不作为可成交退出价),33,0,0
504,Five-SeveN | Orange Peel (Factory New),18.37,16.3,527,15,0.0285,0.8873,steamdt-live,16.5,111,16.71,134,,3,6,12,2,6,0,4,0,0.005980861244019309,-0.019024970273483932,-0.005945303210463826,-0.013157894736842035,0.019024970273483932,0.0,0.03790087463556846,-0.0166865315852206,-0.47998739363378506,0.38,3,长期阴跌,,33,0,0
505,Tec-9 | Flash Out (Factory New),21.36,18.9,882,20,0.0227,0.8848,steamdt-live,18.7,234,20.09,112,,3,6,12,2,10,0,0,0,-0.005319148936170248,0.0,-0.07160493827160486,-0.005319148936170248,0.07654320987654328,0.0,0.15000000000000002,-0.06030150753768837,-0.41065237945162314,0.4,1,价格更新稀疏,,33,0,0
506,AWP | Medusa (Factory New),30699.0,27060.0,9,11,1.2222,0.8815,steamdt-live,30598.5,21,31414.49,6,,20,6,2,2,2,0,0,0,0.0,-1.6340403281134286e-05,-0.012903642052969455,-1.6340403281134286e-05,0.003273722271083801,0.0,0.012919771605535701,0.03723728813559313,0.019949999999999912,0.16,0,价格更新稀疏,,32,0,0
507,P250 | Gunsmoke (Factory New),133.5,35.0,4,3,0.75,0.2622,steamdt-live,130.0,9,127.5,12,,8,1,2,2,4,10,0,5,0.011473189387299909,0.004332414336352786,-0.03453846153846152,0.015855310333837913,0.019230769230769273,0.41666666666666674,0.019230769230769273,0.41666666666666674,0.2142857142857142,0.22,13,反弹较远,,32,0,0
508,M4A1-S | Imminent Danger (Factory New),8188.0,9080.0,30,11,0.3667,1.1089,steamdt-live,8000.0,30,8269.46,14,"溢价求购:买一高于卖一,多为定向收特定图案,买一价不可作退出价",20,0,4,2,6,0,0,0,0.0,0.0,-0.026527135556096426,0.0,0.02853673345476626,0.0,0.031183772328186476,-0.031183772328186476,-0.1551824277944981,0.12,0,价格更新稀疏,买一异常溢价(不作为可成交退出价),32,0,0
509,Desert Eagle | Urban DDPAT (Factory New),134.65,102.0,27,7,0.2593,0.7575,steamdt-live,117.5,15,122.52,34,,17,1,2,2,10,0,0,0,0.0,0.0,0.0,0.0,0.0,0.0,0.18685121107266434,-0.18685121107266434,-0.12943617100096316,0.23,0,价格更新稀疏,,32,0,0
510,AWP | The End (Factory New),288.49,251.0,55,13,0.2364,0.87,steamdt-live,278.49,79,287.88,121,,17,3,4,2,6,0,0,0,0.014509090909091027,-0.0017921789311444725,0.005484460694698434,0.012690909090909086,0.0036135957066188995,0.031444444444444386,0.04298969072164949,-0.03968965517241374,-0.21103178650348464,0.36,6,回撤不明显,,32,0,0
511,Galil AR | Orange DDPAT (Factory New),559.9,57.0,9,2,0.2222,0.1018,steamdt-live,787.9,10,686.0,9,,8,1,2,2,10,0,6,3,0.0,0.0,0.0,0.0,0.19031091829356472,0.0,0.192762399077278,0.0,-0.17576917414986015,0.23,3,暂未减速,,32,0,0
512,AWP | Pink DDPAT (Factory New),780.0,680.0,34,5,0.1471,0.8718,steamdt-live,849.5,16,779.5,33,,11,3,4,2,8,0,4,0,0.0,-0.01266624445851805,-0.0006329113924050667,-0.01266624445851805,0.013291139240506289,0.0,0.06136358162945843,-0.06136358162945843,-0.18310242920919706,0.35,3,可能加速下跌,,32,0,0
513,MP9 | Pandora's Box (Factory New),734.5,673.0,49,5,0.102,0.9163,steamdt-live,758.99,44,759.5,55,,11,6,4,2,6,0,0,3,-0.0013815789473683449,-0.032215560972396085,-0.003278688524590123,-0.03355263157894739,0.03670867814659862,0.006164383561643838,0.04486345903771127,-0.04486345903771127,-0.19196919691969194,0.23,9,可能加速下跌,,32,0,0
514,★ Hand Wraps | Giraffe (Field-Tested),235.0,261.0,347,30,0.0865,1.1106,steamdt-live,238.99,284,241.48,112,"溢价求购:买一高于卖一,多为定向收特定图案,买一价不可作退出价",7,0,9,5,6,0,0,5,-0.0021008403361344463,-0.010526315789473717,-0.01039501039501034,-0.012605042016806678,0.024896265560165998,0.026200873362445476,0.03798919272965451,-0.01673640167364021,-0.06927007010178621,0.4,12,可能加速下跌,买一异常溢价(不作为可成交退出价),32,0,0
515,P250 | Contamination (Factory New),43.3,32.5,75,5,0.0667,0.7506,steamdt-live,35.3,38,35.91,43,,7,1,4,2,8,3,4,3,-0.0030864197530864335,-0.006473402758232605,-0.013835085777531786,-0.00953984287317633,0.023242944106253605,0.0,0.05564472980203328,-0.05564472980203328,-0.4374501992031873,0.4,7,长期阴跌,,32,0,0
516,Tec-9 | Jambiya (Factory New),33.89,30.7,267,16,0.0599,0.9059,steamdt-live,31.59,117,32.47,98,,3,6,9,2,10,0,2,0,-0.005546995377503805,-0.02138208862720803,-0.023178807947019764,-0.026810477657935428,0.049367850692354054,0.0,0.09278942832519399,-0.054207846660676906,-0.4791357413821541,0.4,9,长期阴跌,,32,0,0
517,AK-47 | Head Shot (Factory New),521.5,504.0,349,19,0.0544,0.9664,steamdt-live,530.0,203,528.39,113,,3,12,9,2,4,0,2,0,-0.000936329588014928,-0.022492970946579205,0.018131899559572062,-0.023408239700374533,0.025233644859813054,0.0,0.025233644859813054,-0.016037735849056656,-0.12491190388294127,0.4,6,可能加速下跌,,32,0,0
518,USP-S | Neo-Noir (Factory New),680.5,670.0,473,25,0.0529,0.9846,steamdt-live,694.5,222,689.0,140,,3,12,9,2,2,0,4,0,0.003640350877192944,-0.00872554589287533,-0.006535947712418277,-0.00511695906432752,0.011619462599854802,0.0,0.012336719883889735,-0.012336719883889735,-0.07288828337874664,0.34,15,可能加速下跌,,32,0,0
519,★ Specialist Gloves | Crimson Web (Field-Tested),714.5,980.0,591,28,0.0474,1.3716,steamdt-live,715.0,526,724.46,224,"溢价求购:买一高于卖一,多为定向收特定图案,买一价不可作退出价",3,0,12,5,6,2,4,0,-0.009492364836978906,-0.007638888888888862,0.009583333333333277,-0.017058742605585375,0.01840912213216095,0.0077574047954867,0.040295500335795875,-0.034459459459459496,-0.14098849441552352,0.4,7,可能加速下跌,买一异常溢价(不作为可成交退出价),32,0,0
520,AK-47 | Vulcan (Factory New),3300.0,6600.0,914,28,0.0306,2.0,steamdt-live,3343.5,763,3300.0,182,"溢价求购:买一高于卖一,多为定向收特定图案,买一价不可作退出价",3,0,15,2,10,0,2,0,-0.014298220017508023,-0.023090586145648295,0.0020467836257309635,-0.03705865188211266,0.04125508425334112,0.0,0.08307863295359819,-0.08307863295359819,-0.13555992141453832,0.4,8,可能加速下跌,买一异常溢价(不作为可成交退出价),32,0,0
521,M4A1-S | Fizzy POP (Factory New),61.58,56.0,2307,53,0.023,0.9094,steamdt-live,59.9,451,61.25,482,,3,6,15,2,6,0,0,0,0.08070796460176988,-0.018997707173272205,-0.007029876977152849,0.060176991150442394,0.02522375915378361,0.14971209213051817,0.04693715194908521,-0.04526617787695253,-0.4322274881516588,0.4,16,长期阴跌,,32,0,0
522,★ Driver Gloves | Dragon Fists (Minimal Wear),1249.5,1780.0,31,20,0.6452,1.4246,steamdt-live,1238.88,35,1325.98,29,"溢价求购:买一高于卖一,多为定向收特定图案,买一价不可作退出价",20,0,4,5,2,0,0,0,-0.0003998400639744215,-0.008895999999999904,0.004417670682731023,-0.009292283086765218,0.009292283086765218,0.0,0.010083899320814882,-0.00770524629555458,-0.10193548387096762,0.32,1,价格更新稀疏,买一异常溢价(不作为可成交退出价),31,0,0
523,M4A1-S | Welcome to the Jungle (Factory New),9499.5,10010.0,37,9,0.2432,1.0537,steamdt-live,10290.0,43,10000.0,21,"溢价求购:买一高于卖一,多为定向收特定图案,买一价不可作退出价",17,0,4,2,8,0,0,0,0.0,0.0,-0.01045844227544035,0.0,0.01045844227544035,0.010585106382978715,0.06863081523604098,-0.06863081523604098,-0.09095693779904301,0.4,0,价格更新稀疏,买一异常溢价(不作为可成交退出价),31,0,0
524,Galil AR | CAUTION! (Factory New),371.0,312.0,52,9,0.1731,0.841,steamdt-live,399.3,34,387.76,35,,14,3,4,2,2,0,6,0,0.0,-0.0026881720430107503,0.0,-0.0026881720430107503,0.0026881720430107503,0.0,0.009345794392523366,-0.009345794392523366,-0.2678691242057071,1.12,2,回撤不明显,,31,0,0
525,USP-S | Royal Blue (Factory New),549.99,482.0,35,6,0.1714,0.8764,steamdt-live,559.5,37,578.9,29,,14,3,4,2,8,0,0,0,0.0,-0.02570416297608502,-0.0008849557522123686,-0.02570416297608502,0.026566371681415957,0.0,0.06193075217465449,-0.06193075217465449,-0.1434511758293101,0.4,1,价格更新稀疏,,31,0,0
526,★ Moto Gloves | Polygon (Minimal Wear),1019.0,1370.0,128,18,0.1406,1.3445,steamdt-live,1004.5,137,1058.51,59,"溢价求购:买一高于卖一,多为定向收特定图案,买一价不可作退出价",11,0,7,5,6,0,2,0,0.0015718636408292852,-0.014713094654242309,-0.005927908044181085,-0.013164357991944153,0.018534983927227966,0.0044999999999999485,0.03816691562296515,-0.0372450544395031,-0.11839564683166581,0.32,8,可能加速下跌,买一异常溢价(不作为可成交退出价),31,0,0
527,P250 | Mehndi (Factory New),175.99,161.0,40,5,0.125,0.9148,steamdt-live,180.5,50,179.54,63,,11,6,4,2,6,0,2,0,-0.007265668330560193,-0.016760712888988172,0.0009437628379505014,-0.023904603438713257,0.023904603438713257,0.0,0.035671232876712256,-0.035671232876712256,-0.09030290499328031,0.22,2,可能加速下跌,,31,0,0
528,★ Hand Wraps | CAUTION! (Minimal Wear),1056.5,1380.0,250,31,0.124,1.3062,steamdt-live,1049.5,168,1090.0,88,"溢价求购:买一高于卖一,多为定向收特定图案,买一价不可作退出价",11,0,7,5,8,0,0,0,-0.010899281555690754,-0.036262959255824234,-0.008117117117117156,-0.04676700060854322,0.05874439461883407,0.0,0.06917960088691799,-0.0666963094708759,-0.17686274509803923,0.4,10,可能加速下跌,买一异常溢价(不作为可成交退出价),31,0,0
529,★ Moto Gloves | Transport (Minimal Wear),328.0,513.0,159,19,0.1195,1.564,steamdt-live,319.0,116,350.0,50,"溢价求购:买一高于卖一,多为定向收特定图案,买一价不可作退出价",11,0,7,5,8,0,0,0,-0.006268656716417964,-0.04175428056473407,-0.005934718100890191,-0.047761194029850795,0.056213017751479244,0.0,0.06038291605301915,-0.047761194029850795,-0.061764705882352944,0.31,7,可能加速下跌,买一异常溢价(不作为可成交退出价),31,0,0
530,★ Driver Gloves | Rezan the Red (Minimal Wear),763.99,890.0,142,15,0.1056,1.1649,steamdt-live,778.91,81,769.5,70,"溢价求购:买一高于卖一,多为定向收特定图案,买一价不可作退出价",11,0,7,5,6,0,2,0,-0.0012820512820512775,-0.019268292682926846,0.007101355713363455,-0.020525641025641028,0.03175971104492736,0.0,0.03175971104492736,0.005249999999999977,-0.11060535506402791,0.4,12,可能加速下跌,买一异常溢价(不作为可成交退出价),31,0,0
531,M4A4 | Howl (Factory New),44600.0,41620.0,85,8,0.0941,0.9332,steamdt-live,44949.5,103,44994.5,26,,7,9,4,5,2,0,4,0,-0.0010334137099552443,-0.007786429365962189,-3.3334814880658925e-05,-0.008811796473058964,0.00887787642084914,0.002269713926155603,0.00887787642084914,-0.00887787642084914,-0.019747903777047604,0.37,6,回撤不明显,,31,0,0
532,★ Sport Gloves | Slingshot (Minimal Wear),4775.0,7700.0,369,29,0.0786,1.6126,steamdt-live,4800.0,337,4937.0,83,"溢价求购:买一高于卖一,多为定向收特定图案,买一价不可作退出价",7,0,9,5,10,0,0,0,-0.0009027986758952666,-0.04618473895582331,-0.0030999999999999917,-0.047045842110542635,0.05378486055776888,0.0,0.09143075745983165,-0.08653846153846156,-0.19627749576988152,0.04,13,可能加速下跌,买一异常溢价(不作为可成交退出价),31,0,0
533,★ Specialist Gloves | Mogul (Field-Tested),531.5,595.0,364,26,0.0714,1.1195,steamdt-live,559.98,312,550.0,219,"溢价求购:买一高于卖一,多为定向收特定图案,买一价不可作退出价",7,0,9,5,10,0,0,0,-0.014209591474245165,-0.042342342342342354,-0.012280701754386003,-0.055950266429840134,0.07484769364664923,0.004725897920604849,0.13153594771241828,-0.1286885245901639,-0.23580158159597409,0.4,20,可能加速下跌,买一异常溢价(不作为可成交退出价),31,0,0
534,AWP | Fade (Factory New),3778.0,4300.0,474,29,0.0612,1.1382,steamdt-live,3800.0,346,3787.06,190,"溢价求购:买一高于卖一,多为定向收特定图案,买一价不可作退出价",7,0,9,2,8,0,2,3,-0.0001532666580075226,-0.018293490884432217,0.013026315789473664,-0.01844395376022856,0.0311538461538462,0.0025205624834172546,0.07139346276726466,-0.06657608695652173,-0.18355661192739847,0.4,4,可能加速下跌,买一异常溢价(不作为可成交退出价),31,0,0
535,★ Moto Gloves | Turtle (Field-Tested),324.0,350.0,350,21,0.06,1.0802,steamdt-live,339.0,309,349.0,125,"溢价求购:买一高于卖一,多为定向收特定图案,买一价不可作退出价",7,0,9,5,10,0,0,0,-0.011541876294761666,-0.026946107784431184,-0.020579710144927654,-0.038176975436519656,0.06340057636887608,0.009316770186335477,0.08192090395480223,-0.07801418439716312,-0.12114656571119531,0.14,15,可能加速下跌,买一异常溢价(不作为可成交退出价),31,0,0
536,★ Sport Gloves | Slingshot (Field-Tested),1949.5,3480.0,1138,45,0.0395,1.7851,steamdt-live,1940.0,944,1996.7,273,"溢价求购:买一高于卖一,多为定向收特定图案,买一价不可作退出价",3,0,15,5,8,0,0,0,-0.010262828535669621,-0.018715225088517973,-0.017703466928940204,-0.028785982478097605,0.045979837718219785,0.021052631578947434,0.07619047619047614,-0.050880626223091974,-0.14893617021276595,0.19,13,可能加速下跌,买一异常溢价(不作为可成交退出价),31,0,0
537,P250 | Epicenter (Factory New),111.24,105.0,206,6,0.0291,0.9439,steamdt-live,110.03,73,105.0,108,,3,9,7,2,10,0,0,0,0.0044682752457552155,-0.06583629893238441,-0.017559262510974505,-0.06166219839142095,0.07813871817383677,0.0,0.0947495473747737,-0.09404659188956,-0.2739593417231365,0.4,4,可能加速下跌,,31,0,0
538,Tec-9 | Cut Out (Factory New),100.0,61.0,21,5,0.2381,0.61,steamdt-live,88.0,25,95.14,30,,17,1,2,2,8,0,0,0,-0.002153084293250118,-0.05059877009386127,-0.002148458481039839,-0.05264291096996443,0.054678268342464365,0.0,0.06073220194257656,-0.009789580285810784,-0.3354979989428377,0.18,3,长期阴跌,,30,0,0
539,P250 | Digital Architect (Factory New),233.0,196.0,22,5,0.2273,0.8412,steamdt-live,280.0,20,234.16,25,,17,3,2,2,0,0,6,0,0.0,0.0,0.0,0.0,0.0,0.0021505376344086446,0.004273504273504258,-0.004273504273504258,-0.2433345240801481,0.2,2,回撤不明显,,30,0,0
540,AK-47 | Black Laminate (Factory New),1298.5,850.0,16,2,0.125,0.6546,steamdt-live,1489.0,18,1297.86,18,,8,1,2,2,6,0,6,5,-0.0009428963281591374,0.012316020186105225,-0.004283054003724418,0.011361511127735202,0.0004928763958413906,0.014555517338419532,0.04142693600206815,-0.0337911781127862,-0.2789666666666667,0.4,2,回撤不明显,,30,0,0
541,USP-S | Kill Confirmed (Factory New),1348.5,1510.0,276,22,0.0797,1.1198,steamdt-live,1368.0,126,1415.0,70,"溢价求购:买一高于卖一,多为定向收特定图案,买一价不可作退出价",7,0,9,2,10,0,2,0,-0.0003603941270172717,-0.027666616193298466,-0.021600846262341378,-0.02801703943432532,0.049012693935119866,0.0,0.10039426547208452,-0.09738955823293172,-0.17774390243902438,0.4,8,可能加速下跌,买一异常溢价(不作为可成交退出价),30,0,0
542,★ Hand Wraps | Constrictor (Field-Tested),246.99,290.0,478,33,0.069,1.1741,steamdt-live,252.41,328,249.9,154,"溢价求购:买一高于卖一,多为定向收特定图案,买一价不可作退出价",7,0,9,5,6,1,2,0,-0.013806706114398382,-0.01203999999999994,0.014040561622464809,-0.02568047337278101,0.03330724070450097,0.0,0.03330724070450097,-0.028134099315337946,-0.11495323753896869,0.4,14,可能加速下跌,买一异常溢价(不作为可成交退出价),30,0,0
543,★ Moto Gloves | Finish Line (Field-Tested),418.0,583.0,471,26,0.0552,1.3947,steamdt-live,445.5,462,449.45,205,"溢价求购:买一高于卖一,多为定向收特定图案,买一价不可作退出价",3,0,9,5,8,3,2,0,0.009433962264151052,-0.02336448598130836,-0.020785219399538146,-0.014150943396226467,0.035755478662053086,0.0072289156626506035,0.07419712070874862,-0.0752212389380531,-0.21502347417840373,0.36,15,可能加速下跌,买一异常溢价(不作为可成交退出价),30,0,0
544,★ Moto Gloves | POW! (Field-Tested),397.0,615.0,671,33,0.0492,1.5491,steamdt-live,404.5,768,422.2,306,"溢价求购:买一高于卖一,多为定向收特定图案,买一价不可作退出价",3,0,12,5,8,0,2,0,-0.022703892437618167,-0.028151774785801664,0.058202531645569655,-0.05021651235675495,0.05021651235675495,0.006337135614702172,0.068075117370892,-0.068075117370892,-0.25793005476737885,0.21,20,可能加速下跌,买一异常溢价(不作为可成交退出价),30,0,0
545,M4A1-S | Party Animal (Factory New),138.0,126.0,373,18,0.0483,0.913,steamdt-live,133.5,282,148.0,484,,3,6,9,2,10,0,0,0,-0.0035381616001155525,-0.03260869565217395,0.033507462686567235,-0.03603148241750309,0.03603148241750309,0.0,0.09183673469387754,-0.08561643835616439,-0.21700879765395897,0.31,6,可能加速下跌,,30,0,0
546,★ Specialist Gloves | Field Agent (Field-Tested),724.5,990.0,724,30,0.0414,1.3665,steamdt-live,738.0,599,722.5,197,"溢价求购:买一高于卖一,多为定向收特定图案,买一价不可作退出价",3,0,12,5,4,0,6,0,0.0036389083275016887,0.007530330497838467,0.0028070175438597023,0.011196641007697794,0.0,0.01403508771929829,0.016993428482020123,-0.016980053879017132,-0.10581683168316836,0.4,13,回撤不明显,买一异常溢价(不作为可成交退出价),30,0,0
547,★ Specialist Gloves | Fade (Minimal Wear),2600.0,4750.0,634,23,0.0363,1.8269,steamdt-live,2679.0,631,2748.7,156,"溢价求购:买一高于卖一,多为定向收特定图案,买一价不可作退出价",3,0,12,5,10,0,0,0,-0.015162454873646203,-0.04692082111436946,-0.005028735632183867,-0.06137184115523464,0.06592419615591882,0.0,0.10943654735399899,-0.10943654735399899,-0.19204474829086393,0.36,12,可能加速下跌,买一异常溢价(不作为可成交退出价),30,0,0
548,★ Sport Gloves | Big Game (Field-Tested),749.5,900.0,831,27,0.0325,1.2008,steamdt-live,769.0,642,768.3,191,"溢价求购:买一高于卖一,多为定向收特定图案,买一价不可作退出价",3,0,12,5,10,0,0,0,-0.01608679386457157,-0.05069708491761726,-0.007549504950495112,-0.06596832522758445,0.07416563658838071,0.0,0.09867629362214203,-0.09757948890950496,-0.1522258316449535,0.4,17,可能加速下跌,买一异常溢价(不作为可成交退出价),30,0,0
549,FAMAS | Hexane (Factory New),46.99,41.6,340,10,0.0294,0.8853,steamdt-live,43.9,103,44.62,62,,3,6,9,2,10,0,0,0,-0.04009187721862606,-0.04502936697846427,-0.0103327133705311,-0.08331593234495727,0.09278776606736938,0.0,0.18401486988847582,-0.18401486988847582,-0.5475626095022158,0.4,6,长期阴跌,,30,0,0
550,★ Hand Wraps | Desert Shamagh (Field-Tested),228.49,246.0,243,27,0.1111,1.0766,steamdt-live,225.0,207,230.0,167,"溢价求购:买一高于卖一,多为定向收特定图案,买一价不可作退出价",11,0,7,5,4,0,2,0,0.002126643808862516,-0.010437418796015563,-0.006853448275862095,-0.008332971659216093,0.01893516530699868,0.015511111111111253,0.02346354389264027,-0.02137228028096616,-0.06917342241414426,0.19,11,可能加速下跌,买一异常溢价(不作为可成交退出价),29,0,0
551,★ Driver Gloves | Overtake (Field-Tested),263.0,333.0,222,24,0.1081,1.2662,steamdt-live,254.5,210,269.8,132,"溢价求购:买一高于卖一,多为定向收特定图案,买一价不可作退出价",11,0,7,5,6,0,0,0,0.0,-0.03955015472865886,0.023088803088803234,-0.03955015472865886,0.03955015472865886,0.0,0.03955015472865886,-0.003913894324853229,-0.07454545454545458,0.4,6,可能加速下跌,买一异常溢价(不作为可成交退出价),29,0,0
552,★ Specialist Gloves | Crimson Web (Minimal Wear),1700.0,3170.0,297,28,0.0943,1.8647,steamdt-live,1650.0,219,1722.01,54,"溢价求购:买一高于卖一,多为定向收特定图案,买一价不可作退出价",7,0,9,5,8,0,0,0,-0.005753739930955071,-0.04513888888888884,0.02962085308056861,-0.05063291139240511,0.051724137931034475,0.0018214936247722413,0.06700593723494486,-0.06674208144796379,-0.13815617654740142,0.2,10,可能加速下跌,买一异常溢价(不作为可成交退出价),29,0,0
553,★ Broken Fang Gloves | Yellow-banded (Minimal Wear),383.0,490.0,150,14,0.0933,1.2794,steamdt-live,407.88,64,429.99,52,"溢价求购:买一高于卖一,多为定向收特定图案,买一价不可作退出价",7,0,7,5,10,0,0,0,-0.02450980392156865,-0.03768844221105527,-0.018994950709305014,-0.06127450980392157,0.08043217286914761,0.0,0.09776207302709072,-0.09456264775413714,-0.18855932203389836,0.33,12,可能加速下跌,买一异常溢价(不作为可成交退出价),29,0,0
554,★ Sport Gloves | Red Racer (Field-Tested),740.0,1140.0,249,23,0.0924,1.5405,steamdt-live,755.0,217,780.0,86,"溢价求购:买一高于卖一,多为定向收特定图案,买一价不可作退出价",7,0,7,5,10,0,0,0,-0.008860759493670933,-0.054916985951468655,-0.011635180783185262,-0.06329113924050633,0.07361041562343507,0.0,0.08424908424908428,-0.08017402113113736,-0.16619718309859155,0.15,8,可能加速下跌,买一异常溢价(不作为可成交退出价),29,0,0
555,★ Driver Gloves | Imperial Plaid (Minimal Wear),1699.0,2110.0,208,18,0.0865,1.2419,steamdt-live,1734.91,170,1720.02,48,"溢价求购:买一高于卖一,多为定向收特定图案,买一价不可作退出价",7,0,7,5,6,0,4,0,-0.004384643899726592,-0.011582921735285745,0.006107226107226138,-0.015916778647884766,0.029142857142857137,0.0,0.04416315049226438,-0.04416315049226438,-0.09047109207708781,0.32,12,可能加速下跌,买一异常溢价(不作为可成交退出价),29,0,0
556,★ Sport Gloves | Occult (Field-Tested),2940.0,3910.0,295,25,0.0847,1.3299,steamdt-live,2940.0,339,2994.78,98,"溢价求购:买一高于卖一,多为定向收特定图案,买一价不可作退出价",7,0,9,5,8,0,0,0,-0.0028225136974929788,-0.03429903429903425,0.004168056018672983,-0.037024738502407395,0.038907668853980226,0.0,0.06285344966876716,-0.06300484652665594,-0.12081249052599663,0.15,10,可能加速下跌,买一异常溢价(不作为可成交退出价),29,0,0
557,★ Moto Gloves | Transport (Field-Tested),201.9,228.0,273,22,0.0806,1.1293,steamdt-live,207.0,214,214.68,179,"溢价求购:买一高于卖一,多为定向收特定图案,买一价不可作退出价",7,0,9,5,6,0,2,0,0.006812652068126646,-0.024166263895601725,-0.0024271844660194164,-0.017518248175182438,0.026987951807228905,0.014572864321608092,0.03160823061058082,-0.031190019193858,-0.08704499208681893,0.4,11,可能加速下跌,买一异常溢价(不作为可成交退出价),29,0,0
558,P250 | Undertow (Factory New),249.34,212.0,128,10,0.0781,0.8502,steamdt-live,246.28,95,245.0,126,,7,3,7,2,6,0,4,0,-0.003543671727137321,-0.00990099009900991,-0.004090635652696961,-0.013409575967462728,0.01744535793061963,0.0,0.031620553359683834,-0.031620553359683834,-0.30691108659368016,0.27,3,长期阴跌,,29,0,0
559,★ Driver Gloves | Queen Jaguar (Field-Tested),292.2,324.0,254,19,0.0748,1.1088,steamdt-live,289.0,208,298.19,72,"溢价求购:买一高于卖一,多为定向收特定图案,买一价不可作退出价",7,0,9,5,2,0,6,0,-0.0017271157167529916,0.0,-0.0017241379310344307,-0.0017271157167529916,0.0034482758620689724,0.005987190197716652,0.010273972602739767,-0.010273972602739767,-0.04620462046204621,0.39,5,回撤不明显,买一异常溢价(不作为可成交退出价),29,0,0
560,★ Sport Gloves | Scarlet Shamagh (Field-Tested),1000.0,1400.0,427,30,0.0703,1.4,steamdt-live,999.5,357,1012.0,135,"溢价求购:买一高于卖一,多为定向收特定图案,买一价不可作退出价",7,0,9,5,8,0,0,0,0.003824091778202643,-0.04809523809523808,-0.008530805687203769,-0.04445506692160617,0.05707547169811322,0.014720812182741128,0.061061531235321764,-0.061061531235321764,-0.13761863675582398,0.39,10,可能加速下跌,买一异常溢价(不作为可成交退出价),29,0,0
561,★ Sport Gloves | Big Game (Minimal Wear),1181.0,1480.0,244,16,0.0656,1.2532,steamdt-live,1180.0,202,1238.0,62,"溢价求购:买一高于卖一,多为定向收特定图案,买一价不可作退出价",7,0,7,5,8,0,2,0,0.005522514868309347,-0.0029573299535277098,-0.0025423728813559476,0.002548853016142827,0.0033783783783783994,0.026086956521739202,0.05486583900680819,-0.05447960320194878,-0.11907428144830157,0.4,7,回撤不明显,买一异常溢价(不作为可成交退出价),29,0,0
562,MP9 | Setting Sun (Factory New),235.9,218.0,97,6,0.0619,0.9241,steamdt-live,254.0,24,247.0,56,,7,6,4,2,8,0,2,0,0.0,-0.03517382413087933,-0.02589641434262946,-0.03517382413087933,0.06015936254980081,0.0,0.07453903491565317,-0.07453903491565317,-0.20304054054054055,0.22,3,可能加速下跌,,29,0,0
563,★ Specialist Gloves | Crimson Kimono (Minimal Wear),15000.0,20680.0,365,14,0.0384,1.3787,steamdt-live,15500.0,359,15912.0,77,"溢价求购:买一高于卖一,多为定向收特定图案,买一价不可作退出价",3,0,9,5,10,0,2,0,-0.017043278437380294,-0.02591077342684589,-0.013476070528967266,-0.0425124473381846,0.06241210113448137,0.0,0.09635832404590494,-0.09635832404590494,-0.12023460410557185,0.4,7,可能加速下跌,买一异常溢价(不作为可成交退出价),29,0,0
564,AK-47 | Nightwish (Factory New),699.0,930.0,893,26,0.0291,1.3305,steamdt-live,719.66,221,725.0,131,"溢价求购:买一高于卖一,多为定向收特定图案,买一价不可作退出价",3,0,12,2,6,0,6,0,0.035612535612535634,-0.038514442916093516,0.0331125827814569,-0.004273504273504258,0.039835164835164805,0.02945508100147265,0.039835164835164805,-0.015492957746478853,-0.13167701863354042,0.4,14,可能加速下跌,买一异常溢价(不作为可成交退出价),29,0,0
565,P250 | Facets (Factory New),500.0,0.0,2,0,0.0,,steamdt-live,2499.48,3,239.48,10,缺买一价,3,0,2,2,4,9,6,3,-0.008265145879824742,-0.0020835069589132393,-0.012245897624295843,-0.010331432349780956,0.022450812311209045,0.0,0.022450812311209045,0.03688950467613439,-0.019448880153953296,0.22,5,悠悠盘口不足,,29,0,0
566,P250 | Red Rock (Factory New),239.0,135.0,9,2,0.2222,0.5649,steamdt-live,240.0,7,226.78,10,,8,1,2,2,4,0,6,5,-0.0002639218791238296,-0.0021999296022526815,-0.0029821945443382347,-0.0024632708718219654,0.0066143939725786804,0.0,0.015284411636995232,-0.015284411636995232,-0.20119760479041915,0.22,2,回撤不明显,,28,0,0
567,Desert Eagle | Night (Factory New),641.4,471.0,21,3,0.1429,0.7343,steamdt-live,665.0,27,527.17,49,,8,1,2,2,0,10,0,5,0.12266009852216753,0.005723334032851968,-0.01164267569856059,0.12908545727136422,0.00032237266279833143,0.130295883361921,0.00032237266279833143,0.0705480982068516,-0.18646604938271616,0.23,4,回撤不明显,,28,0,0
568,USP-S | Jawbreaker (Factory New),97.97,91.0,414,22,0.0531,0.9289,steamdt-live,97.9,233,103.0,199,,3,6,9,2,2,0,6,0,0.0,0.0,0.009278350515463885,0.0,0.0010204081632652073,0.009278350515463885,0.005081300813008172,-0.005081300813008172,-0.17453625632377734,0.37,5,回撤不明显,,28,0,0
569,MP9 | Deadly Poison (Factory New),59.78,55.0,253,13,0.0514,0.92,steamdt-live,55.0,55,59.93,42,,3,6,9,2,8,0,0,0,0.01137931034482742,-0.062393453801568355,-0.008377500427423579,-0.051724137931034475,0.062393453801568355,0.10000000000000009,0.062393453801568355,0.04127224536160545,0.19565217391304346,0.4,7,可能加速下跌,,28,0,0
570,USP-S | Forest Leaves (Factory New),27.8,25.6,541,22,0.0407,0.9209,steamdt-live,28.97,58,27.13,102,,3,6,12,2,0,0,0,5,0.016042780748663166,0.018045112781954753,0.09083333333333332,0.03437738731856377,0.0018429782528566196,0.1283333333333332,0.0018429782528566196,0.13781512605042012,-0.28718083706238495,0.4,7,回撤不明显,,28,0,0
571,AWP | Dragon Lore (Factory New),71900.0,69010.0,129,4,0.031,0.9598,steamdt-live,71888.0,153,75999.0,25,,3,9,7,5,4,0,0,0,-0.013719679508286675,-6.955263743613216e-06,-0.0015342465753425127,-0.0137265393480408,0.015239726027397316,0.0,0.02853416938066733,-0.02853416938066733,-0.03893074151565179,0.21,0,价格更新稀疏,,28,0,0
572,Glock-18 | Ghost Protocol (Factory New),3287.0,2800.0,6,19,3.1667,0.8518,steamdt-live,3400.0,9,3332.2,9,,20,3,2,2,0,0,0,0,0.00015211439002138505,-0.0001520912547529063,-0.0006050489663999015,0.0,0.0006050489663999015,0.0,0.003939393939393909,0.02734802312861384,-0.0677795456027952,0.4,0,价格更新稀疏,,27,0,0
573,★ Specialist Gloves | Big Swell (Field-Tested),1140.0,1490.0,111,15,0.1351,1.307,steamdt-live,1120.0,135,1165.63,99,"溢价求购:买一高于卖一,多为定向收特定图案,买一价不可作退出价",11,0,7,5,4,0,0,0,-0.008410801239486454,0.0,-0.0033530397952880042,-0.008410801239486454,0.011735639283508292,0.0,0.01754385964912286,0.0008936550491509543,-0.06627761567319712,0.15,1,价格更新稀疏,买一异常溢价(不作为可成交退出价),27,0,0
574,Glock-18 | Blue Fissure (Factory New),215.88,190.0,45,5,0.1111,0.8801,steamdt-live,230.0,28,225.33,33,,11,6,4,2,4,0,0,0,0.0,0.004139727429182782,-0.004168789661401551,0.004139727429182782,4.631988512660001e-05,0.004139727429182782,0.015595075239398182,-0.015595075239398182,-0.043509082853345094,0.23,1,价格更新稀疏,,27,0,0
575,P250 | Apep's Curse (Factory New),570.0,626.0,69,7,0.1014,1.0982,steamdt-live,549.0,47,582.69,58,"溢价求购:买一高于卖一,多为定向收特定图案,买一价不可作退出价",11,0,4,2,10,0,0,0,-0.03317219536589433,-0.05344827586206902,-0.00016666666666675933,-0.08484747457909647,0.08499999999999996,0.0,0.14218750000000002,-0.14218750000000002,-0.3377563329312424,0.32,4,长期阴跌,买一异常溢价(不作为可成交退出价),27,0,0
576,Desert Eagle | Sunset Storm 壱 (Factory New),3014.9,2740.0,53,5,0.0943,0.9088,steamdt-live,2900.0,40,2951.2,43,,7,6,4,2,8,0,0,0,-0.00035842293906807043,-0.054727989830177015,-0.0035714285714285587,-0.0550667970022809,0.058441558441558406,0.0,0.07451731290888786,-0.07525510204081631,-0.07643312101910826,0.27,3,可能加速下跌,,27,0,0
577,P250 | Dark Filigree (Factory New),51.55,35.0,101,8,0.0792,0.679,steamdt-live,41.84,60,43.81,101,,7,1,7,2,10,0,0,0,0.0,-0.025844004656577435,-0.0326576576576576,-0.025844004656577435,0.05765765765765751,0.0,0.17912497547577,-0.17912497547577,-0.39256678281068513,0.35,1,价格更新稀疏,,27,0,0
578,★ Driver Gloves | Rezan the Red (Field-Tested),353.49,410.0,219,16,0.0731,1.1599,steamdt-live,370.0,205,365.5,91,"溢价求购:买一高于卖一,多为定向收特定图案,买一价不可作退出价",7,0,7,5,2,0,6,0,-0.001412469278793238,0.0,-0.001354134341411184,-0.001412469278793238,0.004225471140032133,0.00423295454545447,0.005654008438818581,-0.008443197755960696,-0.0328590971272229,0.39,8,回撤不明显,买一异常溢价(不作为可成交退出价),27,0,0
579,AK-47 | Hydroponic (Factory New),24188.0,23200.0,210,15,0.0714,0.9592,steamdt-live,24949.99,118,24391.5,80,,7,9,7,2,2,0,0,0,-2.062068254460314e-05,-0.002433290716377323,-2.0620257340842052e-05,-0.0024538612228064416,0.0024744308808973825,0.0,0.012734693877550995,-0.012250898399215893,-0.08724528301886791,0.4,1,价格更新稀疏,,27,0,0
580,★ Hand Wraps | Cobalt Skulls (Minimal Wear),2120.0,3470.0,400,22,0.055,1.6368,steamdt-live,2198.5,327,2231.89,98,"溢价求购:买一高于卖一,多为定向收特定图案,买一价不可作退出价",3,0,9,5,10,0,0,0,-0.0306234853491959,-0.03681818181818186,-0.007651945780498437,-0.06631416611588459,0.07345867949278528,0.004265402843601995,0.09752981260647364,-0.09386358776993797,-0.1690196078431373,0.4,11,可能加速下跌,买一异常溢价(不作为可成交退出价),27,0,0
581,USP-S | 27 (Factory New),29.2,26.6,442,23,0.052,0.911,steamdt-live,29.8,84,29.07,205,,3,6,9,2,2,0,0,5,-0.0023907103825137055,-0.004792879150975704,-0.0050968399592252744,-0.0071721311475410054,0.012232415902140636,0.2163179916317992,0.012232415902140636,0.06483516483516483,-0.33554285714285714,0.4,4,长期阴跌,,27,0,0
582,★ Hand Wraps | Overprint (Minimal Wear),828.0,1030.0,378,17,0.045,1.244,steamdt-live,819.5,310,855.0,107,"溢价求购:买一高于卖一,多为定向收特定图案,买一价不可作退出价",3,0,9,5,8,0,2,0,0.0,-0.017974835230677,-0.008318478906714222,-0.017974835230677,0.02614379084967322,0.0,0.06128293241695304,-0.05423028540433239,-0.12306046013911187,0.2,7,可能加速下跌,买一异常溢价(不作为可成交退出价),27,0,0
583,P250 | Vino Primo (Factory New),91.0,78.0,424,9,0.0212,0.8571,steamdt-live,85.99,132,91.37,822,,3,3,9,2,10,0,0,0,-0.009584664536741228,-0.07537634408602156,-0.006349206349206327,-0.08423855165069238,0.09005291005291016,0.0,0.2178460978715664,-0.21398537477148094,-0.35297215951843497,0.34,3,长期阴跌,,27,0,0
584,Galil AR | Tornado (Factory New),167.99,121.0,34,9,0.2647,0.7203,steamdt-live,157.76,23,145.12,48,,17,1,4,2,2,0,0,0,-0.003433594286499142,0.0,0.0,-0.003433594286499142,0.003433594286499142,0.0,0.006843690117711465,0.0008966135595558367,-0.0929433089568098,0.14,1,价格更新稀疏,,26,0,0
585,Galil AR | Aqua Terrace (Factory New),819.5,744.0,29,3,0.1034,0.9079,steamdt-live,887.3,29,843.6,21,,8,6,2,2,8,0,0,0,0.0,0.0006105006105006083,0.0,0.0006105006105006083,0.0,0.0006105006105006083,0.05631045601105478,-0.05631045601105478,-0.11815344883245449,0.4,1,价格更新稀疏,,26,0,0
586,Five-SeveN | Case Hardened (Factory New),205.0,289.0,229,18,0.0786,1.4098,steamdt-live,207.9,164,216.79,103,"溢价求购:买一高于卖一,多为定向收特定图案,买一价不可作退出价",7,0,7,2,8,0,2,0,-0.004867108841914325,-0.017022296811316284,-0.011974918674272916,-0.021806556281910527,0.03352034321814157,0.0,0.06818181818181823,-0.053117782909930744,-0.30153321976149916,0.4,7,长期阴跌,买一异常溢价(不作为可成交退出价),26,0,0
587,AWP | Gungnir (Factory New),76200.0,70560.0,142,6,0.0423,0.926,steamdt-live,73999.0,171,76887.5,25,,3,6,7,2,6,0,2,0,-0.003947368421052588,-0.022470277410832185,-0.01041666666666663,-0.026328947368421063,0.03647135416666669,0.0,0.04855030536804883,-0.04146373056994823,-0.04269755949262288,0.35,2,可能加速下跌,,26,0,0
588,Desert Eagle | Hand Cannon (Factory New),2649.0,2070.0,20,9,0.45,0.7814,steamdt-live,2977.5,31,2753.75,18,,20,1,2,2,0,0,0,0,0.0,0.0,0.00018878610534267537,0.0,0.0,0.00018878610534267537,0.0,0.00018878610534267537,0.03476562499999991,0.23,0,价格更新稀疏,,25,0,0
589,USP-S | Overgrowth (Factory New),450.0,381.0,19,3,0.1579,0.8467,steamdt-live,567.5,10,455.4,16,,8,3,2,2,10,0,0,0,-0.002057613168724326,-0.07216494845360821,-0.015197568389057725,-0.07407407407407407,0.08629441624365486,0.008968609865470878,0.08814589665653494,-0.06832298136645965,-0.2049469964664311,0.18,14,可能加速下跌,,25,0,0
590,AWP | Ice Coaled (Factory New),165.0,132.0,384,23,0.0599,0.8,steamdt-live,162.0,260,173.0,147,,3,3,9,2,8,0,0,0,-0.00887573964497046,-0.032835820895522394,-0.025936599423631135,-0.041420118343195256,0.06896551724137934,0.0,0.07104765181489758,-0.060270317303787846,-0.12385073012439163,0.39,9,可能加速下跌,,25,0,0
591,Glock-18 | Mirror Mosaic (Factory New),137.99,121.0,364,21,0.0577,0.8769,steamdt-live,144.89,226,142.0,173,,3,3,9,2,8,0,0,0,-0.003529411764705781,-0.041669560386137894,-0.010883701827640535,-0.04505190311418683,0.055445273461564804,0.0,0.061292517006802605,-0.04505190311418683,-0.1418532338308458,0.4,9,可能加速下跌,,25,0,0
592,AWP | Graphite (Factory New),791.47,860.0,595,25,0.042,1.0866,steamdt-live,804.0,432,812.97,345,"溢价求购:买一高于卖一,多为定向收特定图案,买一价不可作退出价",3,0,12,2,6,0,2,0,-0.0012696576952569982,-0.0037886416272278067,0.003165275290675673,-0.005053489044488324,0.01066250000000002,0.01470512820512826,0.03420378279438674,-0.004315008177129154,-0.13594034869376304,0.4,10,可能加速下跌,买一异常溢价(不作为可成交退出价),25,0,0
593,Galil AR | Hunting Blind (Factory New),38.99,22.1,17,5,0.2941,0.5668,steamdt-live,59.15,22,39.09,20,,17,1,2,2,2,0,0,0,0.0,-0.003068268984914302,0.0,-0.003068268984914302,0.003068268984914302,0.0,0.005610813567967332,-0.005610813567967332,0.014836022904737067,0.4,1,价格更新稀疏,,24,0,0
594,Five-SeveN | Crimson Blossom (Factory New),529.91,481.0,16,2,0.125,0.9077,steamdt-live,536.8,29,575.7,20,,8,6,2,2,6,0,0,0,0.0,-0.03984417466932422,0.0,-0.03984417466932422,0.03984417466932422,0.0,0.04001811594202909,-0.04001811594202909,-0.06210619469026557,0.4,2,可能加速下跌,,24,0,0
595,P250 | Bengal Tiger (Factory New),278.2,140.0,22,2,0.0909,0.5032,steamdt-live,263.9,23,280.4,26,,7,1,2,2,8,0,4,0,-0.0022471910112360494,-0.009384384384384381,-0.00927643784786647,-0.011610486891385885,0.020779220779220897,0.0,0.06584070796460184,-0.06584070796460184,-0.13475409836065577,0.4,4,可能加速下跌,,24,0,0
596,M4A4 | Tornado (Factory New),720.5,601.0,13,3,0.2308,0.8341,steamdt-live,720.9,20,724.5,11,,8,3,2,2,4,0,4,0,-0.002752924982794225,-0.00552104899930983,-0.0019233411182854043,-0.008258774948382674,0.010166231625223232,0.0,0.017763417992447406,-0.017763417992447406,-0.09937499999999999,0.4,3,可能加速下跌,,23,0,0
597,M4A4 | Zirka (Factory New),550.0,445.0,10,2,0.2,0.8091,steamdt-live,575.0,9,504.07,24,,8,3,2,2,2,0,6,0,0.0,0.0009929106181860714,-0.00296988536242504,0.0009929106181860714,0.0019799235749500266,0.002984658853492972,0.010366152940021633,-0.010366152940021633,-0.1338705797450085,0.29,5,回撤不明显,,23,0,0
598,Five-SeveN | Hyper Beast (Factory New),2630.0,2230.0,41,8,0.1951,0.8479,steamdt-live,2830.0,36,2741.4,36,,14,3,4,2,0,0,0,0,0.0,-0.004542013626040897,0.0,-0.004542013626040897,0.004542013626040897,0.0,0.004730368968779541,-0.0030326004548900665,-0.059027256008987505,0.33,1,价格更新稀疏,,23,0,0
599,Tec-9 | Hades (Factory New),162.27,131.0,37,4,0.1081,0.8073,steamdt-live,177.0,25,161.79,33,,8,3,4,2,6,0,0,0,-0.006692043222003896,0.0,-0.012848484848484887,-0.006692043222003896,0.016414371694328023,0.0,0.03976497121490896,-0.03690695874754457,-0.09055649241146724,0.18,1,价格更新稀疏,,23,0,0
600,AK-47 | Fire Serpent (Factory New),14451.0,12730.0,63,5,0.0794,0.8809,steamdt-live,14396.5,55,14898.4,30,,7,6,4,2,2,0,0,0,0.0,-0.00010418113626897707,-6.944926731022871e-05,-0.00010418113626897707,0.0001736231682756273,0.0,0.005732242135432886,-0.005732242135432886,-0.02857624831309047,0.4,0,价格更新稀疏,,21,0,0
601,M4A1-S | Knight (Factory New),16880.0,14870.0,17,4,0.2353,0.8809,steamdt-live,17799.5,13,17556.24,15,,8,6,2,2,2,0,0,0,0.0,0.0,0.0,0.0,0.0,0.0,0.006971203341471277,0.02676399026763998,0.04200746936633837,0.22,0,价格更新稀疏,,20,0,0
602,P250 | Cartel (Factory New),215.84,182.0,69,8,0.1159,0.8432,steamdt-live,195.99,46,211.88,56,,11,3,4,2,0,0,0,0,0.03228524780112707,-5.102040816318265e-05,0.0,0.03223258018644337,5.102040816318265e-05,0.0326676853364245,5.102040816318265e-05,0.02030298297672961,-0.19012396694214873,0.22,1,价格更新稀疏,,20,0,0
603,Glock-18 | Brass (Factory New),699.0,594.0,65,4,0.0615,0.8498,steamdt-live,720.0,22,718.7,31,,7,3,4,2,4,0,0,0,0.0,0.015988372093023173,0.0,0.015988372093023173,0.0,0.015988372093023173,0.016074997888572917,-0.016074997888572917,-0.22529591701024065,0.23,1,价格更新稀疏,,20,0,0
604,MP9 | Dry Season (Factory New),2300.0,55.0,2,4,2.0,0.0239,steamdt-live,769.5,2,695.0,3,,8,1,2,2,6,0,0,0,0.0014841199168893482,0.0,-0.016350364963503727,0.0014841199168893482,0.014890510948905145,0.0014841199168893482,0.046205600079153086,-0.031850789096126375,-0.03462088698140209,0.23,1,价格更新稀疏,,19,0,0
605,M4A4 | Faded Zebra (Factory New),407.5,222.0,11,4,0.3636,0.5448,steamdt-live,488.0,11,414.31,10,,8,1,2,2,0,0,6,0,0.0012269938650306678,-0.001225490196078427,-0.001225490196078427,0.0,0.001225490196078427,0.0005156031329027755,0.001225490196078427,-0.001225490196078427,0.018750000000000044,0.4,2,回撤不明显,,19,0,0
606,Glock-18 | Synth Leaf (Factory New),2098.99,1650.0,24,3,0.125,0.7861,steamdt-live,1997.5,20,2085.09,20,,8,1,2,2,6,0,0,0,-0.0002551786250375443,-0.0002952819943045082,-0.0006500325016252084,-0.0005503852696887579,0.001200060003000214,0.0,0.03664371009124756,-0.03664371009124756,-0.2103182447123938,0.4,0,价格更新稀疏,,19,0,0
607,Glock-18 | Night (Factory New),213.99,171.0,34,4,0.1176,0.7991,steamdt-live,319.5,27,224.45,26,,8,1,4,2,4,0,0,0,0.0,-0.004651379133913225,0.0,-0.004651379133913225,0.004651379133913225,0.0,0.02987578202919572,-0.023278104888401985,-0.027318181818181797,0.23,1,价格更新稀疏,,19,0,0
608,AWP | The Prince (Factory New),16300.0,17230.0,70,7,0.1,1.0571,steamdt-live,16657.5,73,17000.0,21,"溢价求购:买一高于卖一,多为定向收特定图案,买一价不可作退出价",11,0,4,2,2,0,0,0,0.0,6.13497308954436e-07,-0.006097564693637092,6.13497308954436e-07,0.006096954937167776,3.067578760074241e-05,0.01071162608055487,-0.01071162608055487,-0.0218364510546164,0.34,0,价格更新稀疏,买一异常溢价(不作为可成交退出价),19,0,0
609,AK-47 | Jaguar (Factory New),2650.0,2200.0,148,4,0.027,0.8302,steamdt-live,2849.14,40,2639.5,37,,3,3,7,2,4,0,0,0,-0.003962264150943362,0.0,-0.01099475267404626,-0.003962264150943362,0.020397408014964036,0.0,0.02240740740740743,-0.003962264150943362,-0.10525423728813554,0.38,1,价格更新稀疏,,19,0,0
610,Desert Eagle | Pilot (Factory New),1124.3,880.0,42,5,0.119,0.7827,steamdt-live,1146.1,53,1051.9,25,,11,1,4,2,0,0,0,0,0.0,0.0,0.0,0.0,0.0,0.0,9.505703422041378e-05,0.0,0.005160057333970514,0.27,0,价格更新稀疏,,18,0,0
611,MP9 | Green Plaid (Factory New),77.99,43.0,12,4,0.3333,0.5514,steamdt-live,70.0,5,77.56,6,,8,1,2,2,4,0,0,0,0.0,-0.025857142857142912,0.1477291359239219,-0.025857142857142912,0.025857142857142912,0.11805213969503181,0.025857142857142912,0.11805213969503181,0.11805213969503181,0.22,1,价格更新稀疏,,17,0,0
612,FAMAS | Sundown (Factory New),670.0,540.0,14,4,0.2857,0.806,steamdt-live,680.0,12,710.73,17,,8,3,2,2,2,0,0,0,0.0,0.0,0.0,0.0,0.014705882352941124,0.0,0.014705882352941124,0.0,-0.10666666666666669,0.14,0,价格更新稀疏,,17,0,0
613,USP-S | Business Class (Factory New),656.56,482.0,13,3,0.2308,0.7341,steamdt-live,679.0,15,636.66,24,,8,1,2,2,0,0,3,0,0.016942696257038703,0.036854876797550506,0.0,0.054421994037760824,0.0,0.07580263602568449,0.0,0.04756890168654859,0.1184582681868489,0.18,9,回撤不明显,,16,0,0
614,P250 | Bone Mask (Factory New),440.0,0.01,1,1,1.0,0.0,steamdt-live,0.0,0,188.57,1,,8,1,2,2,2,0,0,0,-0.006427110721589191,0.0,0.003616106333072855,-0.006427110721589191,0.006813978389954234,9.801999607916834e-05,0.0075868106215348785,-0.006813978389954234,-0.04206177823678536,0.4,1,价格更新稀疏,,15,0,0
615,P250 | Splash (Factory New),338.0,280.0,6,4,0.6667,0.8284,steamdt-live,298.28,12,317.12,11,,8,3,2,2,0,0,0,0,0.0,0.0,0.0,0.0,0.0,0.0,0.0,0.0,-0.0867115737905696,0.4,0,价格更新稀疏,,15,0,0
616,M4A4 | Jungle Tiger (Factory New),600.0,402.0,8,4,0.5,0.67,steamdt-live,514.5,11,547.02,7,,8,1,2,2,2,0,0,0,0.0,-0.000970873786407811,0.0,-0.000970873786407811,0.000970873786407811,0.0,0.009624639076034613,-0.009624639076034613,-0.22689706987227654,0.4,1,价格更新稀疏,,15,0,0
617,Glock-18 | Pink DDPAT (Factory New),438.5,374.0,18,4,0.2222,0.8529,steamdt-live,512.0,12,442.98,21,,8,3,2,2,0,0,0,0,0.0,-0.001138952164009166,0.0,-0.001138952164009166,0.001138952164009166,0.0,0.003409090909090917,-0.003409090909090917,-0.09400826446280997,0.4,1,价格更新稀疏,,15,0,0
618,FAMAS | Prime Conspiracy (Factory New),526.5,439.0,24,4,0.1667,0.8338,steamdt-live,570.0,21,519.3,25,,8,3,2,2,0,0,0,0,0.0,0.0,0.02224409448818898,0.0,0.0,0.02224409448818898,0.0,0.02426035502958568,-0.08814749780509223,1.13,0,价格更新稀疏,,15,0,0
619,AK-47 | Wasteland Rebel (Factory New),2346.46,2000.0,18,2,0.1111,0.8523,steamdt-live,2300.0,27,2358.4,22,,8,3,2,2,0,0,0,0,0.0,0.0,0.0,0.0,0.0,0.0,0.0,0.0,-0.03681058670798609,0.4,0,价格更新稀疏,,15,0,0
620,Tec-9 | Terrace (Factory New),758.5,636.0,18,2,0.1111,0.8385,steamdt-live,713.0,14,709.48,13,,8,3,2,2,0,0,0,0,0.0,0.017467374157464688,0.0,0.017467374157464688,0.0,0.017467374157464688,0.0,0.01630138948574711,-0.09343214924610277,0.18,1,价格更新稀疏,,15,0,0
621,Five-SeveN | Neon Kimono (Factory New),3579.9,2210.0,37,4,0.1081,0.6173,steamdt-live,3199.9,24,3161.2,29,,8,1,4,2,0,0,0,0,0.0,0.0,0.0,0.0,0.0,0.0,0.003593267351698959,-0.003593267351698959,-0.008250980392156881,0.4,0,价格更新稀疏,,15,0,0
622,M4A4 | Modern Hunter (Factory New),4400.0,520.0,1,4,4.0,0.1182,steamdt-live,4299.0,4,4025.88,8,,8,1,2,2,0,0,0,0,0.0,0.0,0.0,0.0,0.0,0.0,0.0,0.0,-2.9806259314479888e-05,0.22,0,价格更新稀疏,,13,0,0
623,Five-SeveN | Contractor (Factory New),239.5,36.0,3,4,1.3333,0.1503,steamdt-live,229.0,8,0.0,0,,8,1,2,2,0,0,0,0,0.0,0.0,0.0,0.0,0.0,0.0,0.0,0.0,0.0,0.33,0,价格更新稀疏,,13,0,0
624,AWP | Snake Camo (Factory New),3500.0,800.0,2,2,1.0,0.2286,steamdt-live,2600.0,4,2394.0,20,,8,1,2,2,0,0,0,0,0.0,0.0,0.004194630872483174,0.0,0.002084201750729431,0.006305170239596425,0.002084201750729431,-0.002084201750729431,-0.001593113744985053,0.35,0,价格更新稀疏,,13,0,0
625,Galil AR | Winter Forest (Factory New),4900.0,150.0,2,2,1.0,0.0306,steamdt-live,5200.0,1,3520.6,2,,8,1,2,2,0,0,0,0,0.0,0.0,0.0,0.0,0.0,0.0,0.0,0.0,0.30481996923818167,0.4,0,价格更新稀疏,,13,0,0
626,AK-47 | Jungle Spray (Factory New),1087.5,540.0,5,4,0.8,0.4966,steamdt-live,999.0,6,1029.02,16,,8,1,2,2,0,0,0,0,0.0,0.0,0.0,0.0,0.0,0.0,0.0,0.0,0.0,0.4,0,价格更新稀疏,,13,0,0
627,AK-47 | Red Laminate (Factory New),3099.0,1400.0,6,4,0.6667,0.4518,steamdt-live,3999.99,8,4140.0,1,,8,1,2,2,0,0,0,0,0.0214238628872776,0.0,0.011333333333333417,0.0214238628872776,0.0,0.03299999999999992,0.0,0.020754350310771885,-0.05229357798165135,0.4,1,价格更新稀疏,,13,0,0
628,Glock-18 | Groundwater (Factory New),579.0,260.0,5,3,0.6,0.4491,steamdt-live,666.0,7,999.0,1,,8,1,2,2,0,0,0,0,0.0,0.0,0.0,0.0,0.0,0.0,0.0,0.0,-0.03338898163606008,0.4,0,价格更新稀疏,,13,0,0
629,Five-SeveN | Fall Hazard (Factory New),2149.0,780.0,6,3,0.5,0.363,steamdt-live,2541.0,7,2150.81,11,,8,1,2,2,0,0,0,0,0.028392042762732883,0.0,-0.0001291903116835691,0.028392042762732883,0.0,0.028524935388149597,0.0,0.07253725682001932,0.2516089202616205,0.33,1,价格更新稀疏,,13,0,0
630,FAMAS | Spitfire (Factory New),2888.88,620.0,6,3,0.5,0.2146,steamdt-live,2800.0,3,2756.26,2,,8,1,2,2,0,0,0,0,0.0018140523753202853,-0.001810767548148351,0.14195630647613755,0.0,0.001810767548148351,0.14195630647613755,0.001810767548148351,0.1349032170400597,0.014210859422145727,0.38,4,回撤不明显,,13,0,0
631,Glock-18 | Sand Dune (Factory New),3499.0,560.0,4,2,0.5,0.16,steamdt-live,0.0,0,1849.54,4,,8,1,2,2,0,0,0,0,0.0,0.0,0.0,0.0,0.0,0.0,0.0,0.0,-0.007374092997295079,0.23,0,价格更新稀疏,,13,0,0
632,Galil AR | Shattered (Factory New),500.0,120.0,9,4,0.4444,0.24,steamdt-live,399.0,4,3000.0,2,,8,1,2,2,0,0,0,0,-2.5065797718992755e-05,0.00015039855617393627,-7.519173893433262e-05,0.00012532898859518582,0.0,0.00017546938059309625,0.0,0.0,0.0,0.4,0,价格更新稀疏,,13,0,0
633,Five-SeveN | Nitro (Factory New),419.5,89.0,8,3,0.375,0.2122,steamdt-live,409.5,6,423.0,10,,8,1,2,2,0,0,0,0,0.0,0.0,0.026315789473684292,0.0,0.0,0.026315789473684292,0.0,0.026315789473684292,0.07621550591327209,0.33,0,价格更新稀疏,,13,0,0
634,Tec-9 | Brass (Factory New),450.0,309.0,11,4,0.3636,0.6867,steamdt-live,479.5,9,448.35,34,,8,1,2,2,0,0,0,0,0.0,-0.0011139578923916593,-0.0022229632099588503,-0.0011139578923916593,0.0033344448149382755,0.0,0.003666666666666596,-0.003666666666666596,-0.10240240240240239,0.4,1,价格更新稀疏,,13,0,0
635,MP9 | Bulldozer (Factory New),7499.5,1900.0,6,2,0.3333,0.2534,steamdt-live,6799.0,5,7052.84,3,,8,1,2,2,0,0,0,0,0.0,0.0,0.0,0.0,0.0,0.0,0.0,0.0,0.0,0.4,0,价格更新稀疏,,13,0,0
636,AK-47 | Predator (Factory New),666.0,134.0,6,2,0.3333,0.2012,steamdt-live,999.5,7,700.14,8,,8,1,2,2,0,0,0,0,0.0,0.0,0.0,0.0,0.0,0.0,0.0,0.0,0.0,0.39,0,价格更新稀疏,,13,0,0
637,P250 | Nuclear Threat (Factory New),9988.88,270.0,3,1,0.3333,0.027,steamdt-live,2300.0,2,11888.0,1,,8,1,2,2,0,0,0,0,0.0,0.0,0.0,0.0,0.0,0.0,0.0,0.0,-0.668999024266689,0.4,0,价格更新稀疏,,13,0,0
638,MP9 | Storm (Factory New),185.59,88.0,16,4,0.25,0.4742,steamdt-live,199.7,18,190.73,12,,8,1,2,2,0,0,0,0,0.0,0.0,0.0,0.0,0.0,0.0,0.0,0.0,-0.012766636523219299,0.4,0,价格更新稀疏,,13,0,0
639,M4A4 | Radiation Hazard (Factory New),2388.5,1850.0,10,2,0.2,0.7745,steamdt-live,2384.0,7,2427.0,8,,8,1,2,2,0,0,0,0,0.0,0.018150758061072025,0.0,0.018150758061072025,0.0,0.018150758061072025,0.0,0.018150758061072025,-0.07893567617480135,0.29,1,价格更新稀疏,,13,0,0
640,M4A4 | Desert Storm (Factory New),429.5,335.0,16,3,0.1875,0.78,steamdt-live,400.0,13,402.71,10,,8,1,2,2,0,0,0,0,0.0,0.0,0.0,0.0,0.0,0.0,0.0,0.0,-0.10873440285204994,0.29,0,价格更新稀疏,,13,0,0
641,FAMAS | Contrast Spray (Factory New),0.0,268.0,0,2,,,steamdt-live,810.0,2,497.55,6,缺卖一价,0,0,0,2,10,0,0,0,-0.03992903098621836,-0.07123256986055893,0.00025096352065956395,-0.10831735335758708,0.10852504837669319,0.0,0.10852504837669319,-0.10852504837669319,-0.35382277691918074,0.4,13,悠悠盘口不足,,12,0,0
642,P250 | Modern Hunter (Factory New),,,0,0,,,,8000.0,2,1942.75,1,无悠悠数据,0,0,0,2,10,0,0,0,-0.08858808635676574,-0.09748676019697111,0.00025410485213206435,-0.17743868102276616,0.17762670538484648,0.0,0.17762670538484648,-0.17743868102276616,-0.03071381173570953,0.4,12,悠悠盘口不足,,12,0,0
643,Tec-9 | Nuclear Threat (Factory New),0.0,500.0,0,1,,,steamdt-live,0.0,0,6162.74,1,缺卖一价,0,0,0,2,10,0,0,0,0.0,0.0,-0.00038604276964604445,0.0,0.00038604276964604445,0.0,0.36931290788387006,-0.36931290788387006,-0.276739922870911,0.4,0,悠悠盘口不足,,12,0,0
